SET FOREIGN_KEY_CHECKS = 0;
SET SQL_MODE = "NO_AUTO_VALUE_ON_ZERO";
SET time_zone = "+00:00";

--
-- Table structure for table `access_logs`
--

CREATE TABLE `access_logs`
(
    `log_id`                bigint(20) UNSIGNED NOT NULL,
    `log_section`           varchar(100) DEFAULT NULL,
    `log_action`            varchar(100) DEFAULT NULL,
    `log_description`       varchar(255) DEFAULT NULL,
    `log_company_id`        bigint(20)   DEFAULT NULL,
    `log_created_by`        bigint(20)   DEFAULT NULL,
    `log_created_on`        datetime            NOT NULL,
    `log_action_applied_to` bigint(20)   DEFAULT NULL,
    `log_ip`                varchar(39)  DEFAULT NULL
) ENGINE = InnoDB
  DEFAULT CHARSET = utf8 COMMENT ='Used to save specific log actions, e.g. login success/fail, user profile update, etc.';

-- --------------------------------------------------------

--
-- Table structure for table `acl_modules`
--

CREATE TABLE `acl_modules`
(
    `module_id`   varchar(50)  NOT NULL,
    `module_name` varchar(100) NOT NULL
) ENGINE = InnoDB
  DEFAULT CHARSET = utf8 COMMENT ='List of all modules, used to identify access rights of the logged in/not logged in users';

--
-- Dumping data for table `acl_modules`
--

INSERT INTO `acl_modules` (`module_id`, `module_name`)
VALUES ('applicants', 'Applicants'),
       ('calendar', 'Calendar'),
       ('clients', 'Clients'),
       ('crm', 'CRM Admin'),
       ('default', 'Staff Tabs'),
       ('documents', 'Files & Folders'),
       ('forms', 'Forms'),
       ('help', 'Help'),
       ('links', 'Links'),
       ('mail', 'Mail'),
       ('news', 'Announcements'),
       ('notes', 'Notes'),
       ('profile', 'User Profile'),
       ('prospects', 'Prospects'),
       ('qnr', 'Questionnaires'),
       ('rss', 'Immigration News'),
       ('signup', 'Signup'),
       ('superadmin', 'Make the user an Admin, show admin tab, and give access to all offices to the user.'),
       ('system', 'System'),
       ('tasks', 'Tasks'),
       ('templates', 'Templates'),
       ('trust-account', 'Client Account'),
       ('websites', 'Company Websites');

-- --------------------------------------------------------

--
-- Table structure for table `acl_roles`
--

CREATE TABLE `acl_roles`
(
    `role_id`           int(11)     NOT NULL,
    `company_id`        bigint(20)  NOT NULL DEFAULT '0',
    `division_group_id` int(11) UNSIGNED     DEFAULT NULL,
    `role_name`         varchar(50) NOT NULL,
    `role_type`         varchar(50) NOT NULL,
    `role_parent_id`    varchar(50) NOT NULL,
    `role_child_id`     varchar(50)          DEFAULT NULL,
    `role_visible`      tinyint(1)  NOT NULL DEFAULT '0',
    `role_status`       int(1)      NOT NULL DEFAULT '1',
    `role_regTime`      int(11)     NOT NULL DEFAULT '0'
) ENGINE = InnoDB
  DEFAULT CHARSET = utf8 COMMENT ='List of all roles that are used during users/clients login. If role''s company is 0 - this means that this role will be created for all new companies (except of superadmin roles).';

--
-- Dumping data for table `acl_roles`
--

INSERT INTO `acl_roles` (`role_id`, `company_id`, `division_group_id`, `role_name`, `role_type`, `role_parent_id`,
                         `role_child_id`, `role_visible`, `role_status`, `role_regTime`)
VALUES (4816, 0, 1, 'NTNP Admin', 'admin', 'company_0_admin', 'guest', 1, 1, 1401902139),
       (4818, 0, 1, 'CRM Admin role', 'crmuser', 'company_0_crmuser', 'guest', 1, 1, 1401902139),
       (4822, 0, 1, 'Employer Client', 'employer_client', 'company_0_employer_client', 'guest', 1, 1, 1401902139),
       (4817, 0, 1, 'Individual Client', 'individual_client', 'company_0_individual_client', 'guest', 1, 1, 1401902139),
       (4930, 0, 1, 'BNP- ITI NTNP Program Staff', 'user', 'company_0_role', 'guest', 1, 1, 1553613856),
       (4931, 0, 1, 'EDS- ECE NTNP Program Staff', 'user', 'company_0_role_1', 'guest', 1, 1, 1553613996),
       (4943, 0, 1, 'NTNP Superadmin', 'superadmin', 'company_0_role_2', 'guest', 0, 1, 1566934993),
       (4932, 2, 3, 'NTNP Admin', 'admin', 'company_2_admin', 'guest', 1, 1, 1553621176),
       (4933, 2, 3, 'CRM Admin role', 'crmuser', 'company_2_crmuser', 'guest', 1, 1, 1553621176),
       (4934, 2, 3, 'Employer Client', 'employer_client', 'company_2_employer_client', 'guest', 1, 1, 1553621176),
       (4935, 2, 3, 'Individual Client', 'individual_client', 'company_2_individual_client', 'guest', 1, 1, 1553621176),
       (4938, 2, NULL, 'Agent Admin', 'admin', 'company_2_role', 'guest', 1, 1, 1553621176),
       (4939, 2, NULL, 'Agent Support Staff', 'user', 'company_2_role_1', 'guest', 1, 1, 1553621176),
       (4940, 2, NULL, 'Agent Subagent', 'user', 'company_2_role_2', 'guest', 1, 1, 1553621176),
       (4941, 2, 3, 'NTNP API', 'admin', 'company_2_role_3', 'guest', 1, 1, 1554854856),
       (4942, 2, 3, 'User Admin', 'admin', 'company_2_role_4', 'guest', 1, 1, 1559868928),
       (4936, 2, 3, 'BNP- ITI NTNP Program Staff', 'user', 'company_2_user', 'guest', 1, 1, 1553621176),
       (4937, 2, 3, 'EDS- ECE NTNP Program Staff', 'user', 'company_2_user_1', 'guest', 1, 1, 1553621176),
       (1, 0, 1, 'Default Guest Role', 'guest', 'guest', NULL, 0, 1, 1246366684),
       (4796, 0, 1, 'Site Admin', 'superadmin', 'siteadmin', 'guest', 0, 1, 1378459176),
       (5, 0, 1, 'Default Superadmin Role', 'superadmin', 'superadmin', 'guest', 0, 1, 1246366684),
       (4808, 0, 1, 'Support Admin', 'superadmin', 'supportadmin', 'guest', 0, 1, 1394194654),
       (4915, 0, 1, 'Support-CA', 'superadmin', 'supportadmin_ca', 'guest', 0, 1, 1394194654);

-- --------------------------------------------------------

--
-- Table structure for table `acl_role_access`
--

CREATE TABLE `acl_role_access`
(
    `role_id` varchar(50) NOT NULL,
    `rule_id` int(11)     NOT NULL
) ENGINE = InnoDB
  DEFAULT CHARSET = utf8 COMMENT ='Each role''s access rights are described here.';

--
-- Dumping data for table `acl_role_access`
--

INSERT INTO `acl_role_access` (`role_id`, `rule_id`)
VALUES ('guest', 1),
       ('guest', 2),
       ('company_0_admin', 4),
       ('company_0_role_2', 4),
       ('company_2_admin', 4),
       ('company_2_role', 4),
       ('company_2_role_3', 4),
       ('company_2_role_4', 4),
       ('siteadmin', 4),
       ('superadmin', 4),
       ('supportadmin', 4),
       ('supportadmin_ca', 4),
       ('company_2_role', 5),
       ('company_0_admin', 6),
       ('company_0_crmuser', 6),
       ('company_0_employer_client', 6),
       ('company_0_individual_client', 6),
       ('company_0_role', 6),
       ('company_0_role_1', 6),
       ('company_2_admin', 6),
       ('company_2_crmuser', 6),
       ('company_2_employer_client', 6),
       ('company_2_individual_client', 6),
       ('company_2_role', 6),
       ('company_2_role_3', 6),
       ('company_2_role_4', 6),
       ('company_2_user', 6),
       ('company_2_user_1', 6),
       ('siteadmin', 6),
       ('supportadmin', 6),
       ('supportadmin_ca', 6),
       ('company_0_admin', 7),
       ('company_0_crmuser', 7),
       ('company_0_role', 7),
       ('company_0_role_1', 7),
       ('company_2_admin', 7),
       ('company_2_crmuser', 7),
       ('company_2_role', 7),
       ('company_2_role_3', 7),
       ('company_2_role_4', 7),
       ('company_2_user', 7),
       ('company_2_user_1', 7),
       ('company_0_admin', 10),
       ('company_0_employer_client', 10),
       ('company_0_individual_client', 10),
       ('company_0_role', 10),
       ('company_0_role_1', 10),
       ('company_2_admin', 10),
       ('company_2_employer_client', 10),
       ('company_2_individual_client', 10),
       ('company_2_role', 10),
       ('company_2_role_3', 10),
       ('company_2_user', 10),
       ('company_2_user_1', 10),
       ('siteadmin', 10),
       ('supportadmin', 10),
       ('supportadmin_ca', 10),
       ('company_0_admin', 11),
       ('company_0_role', 11),
       ('company_0_role_1', 11),
       ('company_2_admin', 11),
       ('company_2_role', 11),
       ('company_2_role_3', 11),
       ('company_2_user', 11),
       ('company_2_user_1', 11),
       ('company_2_admin', 12),
       ('company_2_role', 12),
       ('company_0_role_1', 13),
       ('company_2_role', 13),
       ('company_2_role', 20),
       ('company_2_role', 21),
       ('company_0_admin', 25),
       ('company_0_employer_client', 25),
       ('company_0_role', 25),
       ('company_0_role_1', 25),
       ('company_2_admin', 25),
       ('company_2_employer_client', 25),
       ('company_2_role', 25),
       ('company_2_role_3', 25),
       ('company_2_user', 25),
       ('company_2_user_1', 25),
       ('siteadmin', 25),
       ('supportadmin', 25),
       ('company_0_admin', 30),
       ('company_0_employer_client', 30),
       ('company_0_individual_client', 30),
       ('company_0_role', 30),
       ('company_0_role_1', 30),
       ('company_2_admin', 30),
       ('company_2_employer_client', 30),
       ('company_2_individual_client', 30),
       ('company_2_role', 30),
       ('company_2_role_3', 30),
       ('company_2_user', 30),
       ('company_2_user_1', 30),
       ('siteadmin', 30),
       ('supportadmin', 30),
       ('supportadmin_ca', 30),
       ('company_0_admin', 31),
       ('company_0_role', 31),
       ('company_0_role_1', 31),
       ('company_2_admin', 31),
       ('company_2_role', 31),
       ('company_2_role_3', 31),
       ('company_2_user', 31),
       ('company_2_user_1', 31),
       ('siteadmin', 31),
       ('supportadmin', 31),
       ('supportadmin_ca', 31),
       ('company_0_admin', 32),
       ('company_0_role', 32),
       ('company_0_role_1', 32),
       ('company_2_admin', 32),
       ('company_2_role', 32),
       ('company_2_role_3', 32),
       ('company_2_user', 32),
       ('company_2_user_1', 32),
       ('siteadmin', 32),
       ('supportadmin', 32),
       ('supportadmin_ca', 32),
       ('company_2_role', 33),
       ('siteadmin', 33),
       ('supportadmin', 33),
       ('company_0_admin', 60),
       ('company_0_employer_client', 60),
       ('company_0_individual_client', 60),
       ('company_0_role', 60),
       ('company_0_role_1', 60),
       ('company_2_admin', 60),
       ('company_2_employer_client', 60),
       ('company_2_individual_client', 60),
       ('company_2_role', 60),
       ('company_2_role_3', 60),
       ('company_2_user', 60),
       ('company_2_user_1', 60),
       ('siteadmin', 60),
       ('supportadmin', 60),
       ('supportadmin_ca', 60),
       ('company_0_admin', 61),
       ('company_2_admin', 61),
       ('company_2_role', 61),
       ('siteadmin', 61),
       ('superadmin', 61),
       ('supportadmin', 61),
       ('company_2_role', 70),
       ('company_2_role', 80),
       ('siteadmin', 80),
       ('superadmin', 80),
       ('supportadmin', 80),
       ('company_2_role', 81),
       ('siteadmin', 81),
       ('superadmin', 81),
       ('supportadmin', 81),
       ('company_2_role', 82),
       ('siteadmin', 82),
       ('superadmin', 82),
       ('supportadmin', 82),
       ('company_2_role', 83),
       ('siteadmin', 83),
       ('superadmin', 83),
       ('supportadmin', 83),
       ('company_2_role', 84),
       ('siteadmin', 84),
       ('superadmin', 84),
       ('supportadmin', 84),
       ('company_2_role', 85),
       ('siteadmin', 85),
       ('superadmin', 85),
       ('supportadmin', 85),
       ('company_0_admin', 90),
       ('company_0_role', 90),
       ('company_0_role_1', 90),
       ('company_2_admin', 90),
       ('company_2_role', 90),
       ('company_2_role_3', 90),
       ('company_2_user', 90),
       ('company_2_user_1', 90),
       ('siteadmin', 90),
       ('supportadmin', 90),
       ('supportadmin_ca', 90),
       ('company_0_admin', 91),
       ('company_0_role', 91),
       ('company_0_role_1', 91),
       ('company_2_admin', 91),
       ('company_2_role', 91),
       ('company_2_role_3', 91),
       ('company_2_user', 91),
       ('company_2_user_1', 91),
       ('siteadmin', 91),
       ('supportadmin', 91),
       ('supportadmin_ca', 91),
       ('company_0_admin', 92),
       ('company_0_role', 92),
       ('company_0_role_1', 92),
       ('company_2_admin', 92),
       ('company_2_role', 92),
       ('company_2_role_3', 92),
       ('company_2_user', 92),
       ('company_2_user_1', 92),
       ('siteadmin', 92),
       ('supportadmin', 92),
       ('supportadmin_ca', 92),
       ('company_0_admin', 95),
       ('company_0_role', 95),
       ('company_0_role_1', 95),
       ('company_2_admin', 95),
       ('company_2_role', 95),
       ('company_2_role_3', 95),
       ('company_2_user', 95),
       ('company_2_user_1', 95),
       ('company_0_admin', 96),
       ('company_0_role', 96),
       ('company_0_role_1', 96),
       ('company_2_admin', 96),
       ('company_2_role', 96),
       ('company_2_role_3', 96),
       ('company_2_user', 96),
       ('company_2_user_1', 96),
       ('company_0_admin', 97),
       ('company_0_role', 97),
       ('company_0_role_1', 97),
       ('company_2_admin', 97),
       ('company_2_role', 97),
       ('company_2_role_3', 97),
       ('company_2_user', 97),
       ('company_2_user_1', 97),
       ('company_0_admin', 98),
       ('company_0_role', 98),
       ('company_0_role_1', 98),
       ('company_2_admin', 98),
       ('company_2_role', 98),
       ('company_2_role_3', 98),
       ('company_2_user', 98),
       ('company_2_user_1', 98),
       ('company_0_admin', 99),
       ('company_0_role', 99),
       ('company_0_role_1', 99),
       ('company_2_admin', 99),
       ('company_2_role', 99),
       ('company_2_role_3', 99),
       ('company_2_user', 99),
       ('company_2_user_1', 99),
       ('company_0_admin', 100),
       ('company_0_role', 100),
       ('company_0_role_1', 100),
       ('company_0_role_2', 100),
       ('company_2_admin', 100),
       ('company_2_role', 100),
       ('company_2_role_3', 100),
       ('company_2_role_4', 100),
       ('company_2_user', 100),
       ('company_2_user_1', 100),
       ('siteadmin', 100),
       ('superadmin', 100),
       ('supportadmin', 100),
       ('supportadmin_ca', 100),
       ('company_2_role', 101),
       ('siteadmin', 101),
       ('supportadmin', 101),
       ('supportadmin_ca', 101),
       ('company_2_role', 102),
       ('siteadmin', 102),
       ('supportadmin', 102),
       ('supportadmin_ca', 102),
       ('company_2_role', 103),
       ('siteadmin', 103),
       ('supportadmin', 103),
       ('supportadmin_ca', 103),
       ('company_2_role', 104),
       ('siteadmin', 104),
       ('supportadmin', 104),
       ('supportadmin_ca', 104),
       ('company_2_role', 105),
       ('siteadmin', 105),
       ('supportadmin', 105),
       ('company_0_admin', 106),
       ('company_0_role', 106),
       ('company_0_role_1', 106),
       ('company_0_role_2', 106),
       ('company_2_admin', 106),
       ('company_2_role', 106),
       ('company_2_role_3', 106),
       ('company_2_user', 106),
       ('company_2_user_1', 106),
       ('siteadmin', 106),
       ('superadmin', 106),
       ('supportadmin', 106),
       ('supportadmin_ca', 106),
       ('company_2_role', 110),
       ('siteadmin', 110),
       ('supportadmin', 110),
       ('supportadmin_ca', 110),
       ('company_0_admin', 130),
       ('company_0_crmuser', 130),
       ('company_0_role', 130),
       ('company_0_role_1', 130),
       ('company_2_admin', 130),
       ('company_2_crmuser', 130),
       ('company_2_role', 130),
       ('company_2_role_3', 130),
       ('company_2_role_4', 130),
       ('company_2_user', 130),
       ('company_2_user_1', 130),
       ('company_0_admin', 140),
       ('company_0_employer_client', 140),
       ('company_0_individual_client', 140),
       ('company_0_role', 140),
       ('company_0_role_1', 140),
       ('company_2_admin', 140),
       ('company_2_employer_client', 140),
       ('company_2_individual_client', 140),
       ('company_2_role', 140),
       ('company_2_role_3', 140),
       ('company_2_user', 140),
       ('company_2_user_1', 140),
       ('company_2_role', 141),
       ('company_2_role', 142),
       ('company_2_role', 143),
       ('company_0_employer_client', 144),
       ('company_0_individual_client', 144),
       ('company_2_employer_client', 144),
       ('company_2_individual_client', 144),
       ('company_2_role', 144),
       ('company_2_role', 150),
       ('siteadmin', 150),
       ('supportadmin', 150),
       ('supportadmin_ca', 150),
       ('company_2_admin', 160),
       ('company_2_role', 160),
       ('company_2_user', 160),
       ('company_2_user_1', 160),
       ('siteadmin', 160),
       ('supportadmin', 160),
       ('supportadmin_ca', 160),
       ('company_0_admin', 170),
       ('company_0_crmuser', 170),
       ('company_0_role', 170),
       ('company_0_role_1', 170),
       ('company_2_admin', 170),
       ('company_2_crmuser', 170),
       ('company_2_role', 170),
       ('company_2_role_3', 170),
       ('company_2_role_4', 170),
       ('company_2_user', 170),
       ('company_2_user_1', 170),
       ('company_0_admin', 175),
       ('company_0_role', 175),
       ('company_0_role_1', 175),
       ('company_2_admin', 175),
       ('company_2_role', 175),
       ('company_2_role_3', 175),
       ('company_2_role_4', 175),
       ('company_2_user', 175),
       ('company_2_user_1', 175),
       ('company_0_admin', 180),
       ('company_0_crmuser', 180),
       ('company_0_role', 180),
       ('company_0_role_1', 180),
       ('company_2_admin', 180),
       ('company_2_crmuser', 180),
       ('company_2_role', 180),
       ('company_2_role_3', 180),
       ('company_2_user', 180),
       ('company_2_user_1', 180),
       ('siteadmin', 180),
       ('supportadmin', 180),
       ('supportadmin_ca', 180),
       ('company_0_admin', 181),
       ('company_0_crmuser', 181),
       ('company_0_role', 181),
       ('company_0_role_1', 181),
       ('company_2_admin', 181),
       ('company_2_crmuser', 181),
       ('company_2_role', 181),
       ('company_2_role_3', 181),
       ('company_2_user', 181),
       ('company_2_user_1', 181),
       ('siteadmin', 181),
       ('supportadmin', 181),
       ('supportadmin_ca', 181),
       ('company_0_admin', 190),
       ('company_0_crmuser', 190),
       ('company_0_employer_client', 190),
       ('company_0_individual_client', 190),
       ('company_0_role', 190),
       ('company_0_role_1', 190),
       ('company_2_admin', 190),
       ('company_2_crmuser', 190),
       ('company_2_employer_client', 190),
       ('company_2_individual_client', 190),
       ('company_2_role', 190),
       ('company_2_role_3', 190),
       ('company_2_role_4', 190),
       ('company_2_user', 190),
       ('company_2_user_1', 190),
       ('company_2_role', 191),
       ('company_2_role', 192),
       ('guest', 192),
       ('company_2_role', 200),
       ('company_2_role', 201),
       ('company_0_admin', 210),
       ('company_0_role', 210),
       ('company_0_role_1', 210),
       ('company_0_role_2', 210),
       ('company_2_admin', 210),
       ('company_2_role', 210),
       ('company_2_role_3', 210),
       ('company_2_user', 210),
       ('company_2_user_1', 210),
       ('siteadmin', 210),
       ('superadmin', 210),
       ('supportadmin', 210),
       ('supportadmin_ca', 210),
       ('company_0_employer_client', 220),
       ('company_0_individual_client', 220),
       ('company_2_role', 220),
       ('company_2_role', 300),
       ('guest', 300),
       ('company_2_role', 400),
       ('company_2_role', 401),
       ('company_2_role', 402),
       ('company_2_role', 403),
       ('company_0_admin', 500),
       ('company_0_role', 500),
       ('company_0_role_1', 500),
       ('company_0_role_2', 500),
       ('company_2_admin', 500),
       ('company_2_role', 500),
       ('company_2_role_3', 500),
       ('company_2_role_4', 500),
       ('company_2_user', 500),
       ('company_2_user_1', 500),
       ('siteadmin', 500),
       ('superadmin', 500),
       ('supportadmin', 500),
       ('supportadmin_ca', 500),
       ('company_0_admin', 1000),
       ('company_0_role_2', 1000),
       ('company_2_admin', 1000),
       ('company_2_role', 1000),
       ('company_2_role_3', 1000),
       ('company_2_role_4', 1000),
       ('siteadmin', 1000),
       ('superadmin', 1000),
       ('supportadmin', 1000),
       ('company_2_role', 1005),
       ('superadmin', 1005),
       ('company_0_admin', 1010),
       ('company_2_admin', 1010),
       ('company_2_role', 1010),
       ('company_2_role_3', 1010),
       ('siteadmin', 1010),
       ('superadmin', 1010),
       ('supportadmin', 1010),
       ('supportadmin_ca', 1010),
       ('company_0_admin', 1011),
       ('company_2_admin', 1011),
       ('company_2_role', 1011),
       ('company_2_role_3', 1011),
       ('siteadmin', 1011),
       ('superadmin', 1011),
       ('supportadmin', 1011),
       ('company_0_admin', 1012),
       ('company_2_admin', 1012),
       ('company_2_role', 1012),
       ('company_2_role_3', 1012),
       ('siteadmin', 1012),
       ('superadmin', 1012),
       ('supportadmin', 1012),
       ('supportadmin_ca', 1012),
       ('company_0_admin', 1013),
       ('company_2_admin', 1013),
       ('company_2_role', 1013),
       ('company_2_role_3', 1013),
       ('siteadmin', 1013),
       ('superadmin', 1013),
       ('supportadmin', 1013),
       ('company_0_admin', 1014),
       ('company_2_admin', 1014),
       ('company_2_role', 1014),
       ('company_2_role_3', 1014),
       ('siteadmin', 1014),
       ('superadmin', 1014),
       ('supportadmin', 1014),
       ('superadmin', 1020),
       ('superadmin', 1021),
       ('superadmin', 1022),
       ('superadmin', 1023),
       ('company_0_admin', 1030),
       ('company_2_admin', 1030),
       ('company_2_role', 1030),
       ('company_2_role_3', 1030),
       ('company_2_role_4', 1030),
       ('superadmin', 1030),
       ('supportadmin_ca', 1030),
       ('company_0_admin', 1031),
       ('company_2_admin', 1031),
       ('company_2_role', 1031),
       ('company_2_role_3', 1031),
       ('company_2_role_4', 1031),
       ('superadmin', 1031),
       ('company_0_admin', 1032),
       ('company_2_admin', 1032),
       ('company_2_role', 1032),
       ('company_2_role_3', 1032),
       ('company_2_role_4', 1032),
       ('superadmin', 1032),
       ('supportadmin_ca', 1032),
       ('company_0_admin', 1033),
       ('company_2_role', 1033),
       ('superadmin', 1033),
       ('company_0_admin', 1034),
       ('company_2_admin', 1034),
       ('company_2_role', 1034),
       ('company_2_role_3', 1034),
       ('company_2_role_4', 1034),
       ('siteadmin', 1034),
       ('superadmin', 1034),
       ('supportadmin', 1034),
       ('company_2_admin', 1035),
       ('company_2_role', 1035),
       ('company_2_role_3', 1035),
       ('company_2_role_4', 1035),
       ('superadmin', 1035),
       ('supportadmin_ca', 1035),
       ('company_0_admin', 1040),
       ('company_0_role_2', 1040),
       ('company_2_admin', 1040),
       ('company_2_role', 1040),
       ('company_2_role_3', 1040),
       ('siteadmin', 1040),
       ('superadmin', 1040),
       ('supportadmin', 1040),
       ('supportadmin_ca', 1040),
       ('superadmin', 1041),
       ('company_0_admin', 1042),
       ('company_0_role_2', 1042),
       ('company_2_admin', 1042),
       ('company_2_role', 1042),
       ('company_2_role_3', 1042),
       ('superadmin', 1042),
       ('supportadmin_ca', 1042),
       ('superadmin', 1043),
       ('company_2_role', 1044),
       ('superadmin', 1044),
       ('superadmin', 1046),
       ('company_0_role_2', 1047),
       ('siteadmin', 1047),
       ('superadmin', 1047),
       ('supportadmin', 1047),
       ('supportadmin_ca', 1047),
       ('siteadmin', 1048),
       ('superadmin', 1048),
       ('supportadmin', 1048),
       ('company_2_admin', 1049),
       ('company_2_role', 1049),
       ('company_2_role_3', 1049),
       ('superadmin', 1049),
       ('company_0_admin', 1050),
       ('company_0_role_2', 1050),
       ('company_2_admin', 1050),
       ('company_2_role', 1050),
       ('company_2_role_3', 1050),
       ('company_2_role_4', 1050),
       ('superadmin', 1050),
       ('company_0_admin', 1051),
       ('company_0_role_2', 1051),
       ('company_2_admin', 1051),
       ('company_2_role', 1051),
       ('company_2_role_3', 1051),
       ('company_2_role_4', 1051),
       ('superadmin', 1051),
       ('company_0_admin', 1052),
       ('company_0_role_2', 1052),
       ('company_2_admin', 1052),
       ('company_2_role', 1052),
       ('company_2_role_3', 1052),
       ('company_2_role_4', 1052),
       ('superadmin', 1052),
       ('company_0_admin', 1053),
       ('company_0_role_2', 1053),
       ('company_2_admin', 1053),
       ('company_2_role', 1053),
       ('company_2_role_3', 1053),
       ('company_2_role_4', 1053),
       ('superadmin', 1053),
       ('company_0_admin', 1054),
       ('company_0_role_2', 1054),
       ('company_2_admin', 1054),
       ('company_2_role', 1054),
       ('company_2_role_3', 1054),
       ('company_2_role_4', 1054),
       ('superadmin', 1054),
       ('superadmin', 1060),
       ('siteadmin', 1061),
       ('superadmin', 1061),
       ('supportadmin', 1061),
       ('siteadmin', 1070),
       ('superadmin', 1070),
       ('supportadmin', 1070),
       ('siteadmin', 1080),
       ('superadmin', 1080),
       ('supportadmin', 1080),
       ('siteadmin', 1090),
       ('superadmin', 1090),
       ('supportadmin', 1090),
       ('company_0_role_2', 1100),
       ('superadmin', 1100),
       ('supportadmin_ca', 1100),
       ('company_0_admin', 1120),
       ('company_2_admin', 1120),
       ('company_2_role', 1120),
       ('company_2_role_3', 1120),
       ('company_2_role_4', 1120),
       ('siteadmin', 1120),
       ('superadmin', 1120),
       ('supportadmin', 1120),
       ('superadmin', 1130),
       ('siteadmin', 1140),
       ('superadmin', 1140),
       ('supportadmin', 1140),
       ('superadmin', 1150),
       ('company_2_role', 1160),
       ('superadmin', 1170),
       ('superadmin', 1180),
       ('company_2_role', 1190),
       ('siteadmin', 1190),
       ('superadmin', 1190),
       ('supportadmin', 1190),
       ('superadmin', 1200),
       ('superadmin', 1210),
       ('superadmin', 1220),
       ('superadmin', 1230),
       ('supportadmin_ca', 1230),
       ('superadmin', 1240),
       ('superadmin', 1250),
       ('superadmin', 1260),
       ('superadmin', 1270),
       ('superadmin', 1280),
       ('company_0_admin', 1290),
       ('company_2_role', 1290),
       ('superadmin', 1290),
       ('superadmin', 1300),
       ('company_2_role', 1310),
       ('superadmin', 1310),
       ('company_2_role', 1311),
       ('superadmin', 1311),
       ('superadmin', 1320),
       ('superadmin', 1330),
       ('superadmin', 1350),
       ('company_0_role_2', 1360),
       ('siteadmin', 1360),
       ('superadmin', 1360),
       ('supportadmin', 1360),
       ('supportadmin_ca', 1360),
       ('company_2_role', 1370),
       ('superadmin', 1370),
       ('superadmin', 1380),
       ('siteadmin', 1390),
       ('superadmin', 1390),
       ('supportadmin', 1390),
       ('company_2_role', 1400),
       ('superadmin', 1400),
       ('company_0_admin', 1410),
       ('company_2_admin', 1410),
       ('company_2_role', 1410),
       ('company_2_role_3', 1410),
       ('superadmin', 1410),
       ('company_0_admin', 1411),
       ('company_2_admin', 1411),
       ('company_2_role', 1411),
       ('company_2_role_3', 1411),
       ('superadmin', 1411),
       ('company_0_role_2', 1420),
       ('superadmin', 1420),
       ('supportadmin_ca', 1420),
       ('superadmin', 1421),
       ('superadmin', 1430),
       ('supportadmin_ca', 1430),
       ('siteadmin', 1440),
       ('superadmin', 1440),
       ('supportadmin', 1440),
       ('supportadmin_ca', 1440),
       ('siteadmin', 1441),
       ('supportadmin', 1441),
       ('supportadmin_ca', 1441),
       ('siteadmin', 1442),
       ('supportadmin', 1442),
       ('supportadmin_ca', 1442),
       ('company_0_role_2', 1450),
       ('siteadmin', 1450),
       ('superadmin', 1450),
       ('supportadmin', 1450),
       ('supportadmin_ca', 1450),
       ('company_2_role', 2204),
       ('superadmin', 2204),
       ('company_0_admin', 2210),
       ('company_2_role', 2210),
       ('company_2_role_3', 2210),
       ('siteadmin', 2210),
       ('superadmin', 2210),
       ('supportadmin', 2210),
       ('supportadmin_ca', 2210),
       ('superadmin', 2211),
       ('superadmin', 2212),
       ('superadmin', 2213),
       ('superadmin', 2214),
       ('company_2_admin', 2215),
       ('company_2_role', 2215),
       ('company_2_role_3', 2215),
       ('company_0_admin', 2216),
       ('company_0_role', 2216),
       ('company_0_role_1', 2216),
       ('company_0_role_2', 2216),
       ('company_2_admin', 2216),
       ('company_2_role', 2216),
       ('company_2_role_3', 2216),
       ('company_2_user', 2216),
       ('company_2_user_1', 2216),
       ('siteadmin', 2216),
       ('superadmin', 2216),
       ('supportadmin', 2216),
       ('supportadmin_ca', 2216),
       ('company_2_role', 2217),
       ('company_2_role', 2218),
       ('company_2_role', 2219),
       ('company_2_role', 2220),
       ('company_2_role', 2221),
       ('company_2_role', 2222),
       ('company_2_role', 2223),
       ('company_2_role', 2224),
       ('company_2_role', 2225),
       ('company_2_role', 2226),
       ('company_0_admin', 2227),
       ('company_2_role', 2227),
       ('siteadmin', 2227),
       ('superadmin', 2227),
       ('supportadmin', 2227),
       ('supportadmin_ca', 2227),
       ('company_0_admin', 2228),
       ('company_0_role_2', 2228),
       ('company_2_admin', 2228),
       ('company_2_role', 2228),
       ('company_2_role_3', 2228),
       ('siteadmin', 2228),
       ('superadmin', 2228),
       ('supportadmin', 2228),
       ('supportadmin_ca', 2228),
       ('company_0_admin', 2229),
       ('company_0_role_2', 2229),
       ('company_2_admin', 2229),
       ('company_2_role', 2229),
       ('company_2_role_3', 2229),
       ('siteadmin', 2229),
       ('superadmin', 2229),
       ('supportadmin', 2229),
       ('supportadmin_ca', 2229),
       ('company_0_admin', 2230),
       ('company_0_role', 2230),
       ('company_0_role_1', 2230),
       ('company_2_admin', 2230),
       ('company_2_role', 2230),
       ('company_2_role_3', 2230),
       ('company_2_user', 2230),
       ('company_2_user_1', 2230),
       ('company_2_role', 2231),
       ('company_2_role', 2232),
       ('superadmin', 2232),
       ('company_0_role_2', 2233),
       ('siteadmin', 2233),
       ('superadmin', 2233),
       ('supportadmin', 2233),
       ('supportadmin_ca', 2233),
       ('superadmin', 2234),
       ('supportadmin_ca', 2234),
       ('company_2_role', 2235),
       ('company_2_role', 2236),
       ('company_2_role', 2237),
       ('company_2_role', 2238),
       ('company_2_role', 2239),
       ('company_2_role', 2240),
       ('company_2_role', 2241),
       ('company_2_role', 2242),
       ('superadmin', 2242),
       ('supportadmin_ca', 2242),
       ('company_2_role', 2243),
       ('superadmin', 2243),
       ('supportadmin_ca', 2243),
       ('company_2_role', 2244),
       ('superadmin', 2244),
       ('supportadmin_ca', 2244),
       ('company_2_role', 2245),
       ('superadmin', 2245),
       ('supportadmin_ca', 2245),
       ('company_2_role', 2246),
       ('superadmin', 2246),
       ('supportadmin_ca', 2246),
       ('company_2_role', 2247),
       ('superadmin', 2247),
       ('supportadmin_ca', 2247),
       ('company_2_role', 2248),
       ('superadmin', 2248),
       ('supportadmin_ca', 2248),
       ('company_2_role', 2249),
       ('superadmin', 2249),
       ('supportadmin_ca', 2249),
       ('company_2_role', 2250),
       ('superadmin', 2250),
       ('supportadmin_ca', 2250),
       ('company_2_role', 2251),
       ('superadmin', 2251),
       ('supportadmin_ca', 2251),
       ('company_2_role', 2252),
       ('superadmin', 2252),
       ('supportadmin_ca', 2252),
       ('company_2_role', 2253),
       ('superadmin', 2253),
       ('supportadmin_ca', 2253),
       ('company_2_role', 2254),
       ('superadmin', 2254),
       ('supportadmin_ca', 2254),
       ('company_2_role', 2255),
       ('superadmin', 2255),
       ('supportadmin_ca', 2255),
       ('company_2_role', 2256),
       ('company_2_role', 2257),
       ('company_2_role', 2258),
       ('company_0_employer_client', 2259),
       ('company_0_individual_client', 2259),
       ('company_2_employer_client', 2259),
       ('company_2_individual_client', 2259),
       ('company_2_role', 2259),
       ('siteadmin', 2259),
       ('supportadmin', 2259),
       ('supportadmin_ca', 2259),
       ('company_0_employer_client', 2260),
       ('company_0_individual_client', 2260),
       ('company_2_employer_client', 2260),
       ('company_2_individual_client', 2260),
       ('company_2_role', 2260),
       ('siteadmin', 2260),
       ('supportadmin', 2260),
       ('supportadmin_ca', 2260),
       ('company_0_employer_client', 2261),
       ('company_0_individual_client', 2261),
       ('company_2_employer_client', 2261),
       ('company_2_individual_client', 2261),
       ('company_2_role', 2261),
       ('siteadmin', 2261),
       ('supportadmin', 2261),
       ('supportadmin_ca', 2261),
       ('company_0_employer_client', 2262),
       ('company_0_individual_client', 2262),
       ('company_2_employer_client', 2262),
       ('company_2_individual_client', 2262),
       ('company_2_role', 2262),
       ('siteadmin', 2262),
       ('supportadmin', 2262),
       ('supportadmin_ca', 2262),
       ('company_0_employer_client', 2263),
       ('company_0_individual_client', 2263),
       ('company_2_employer_client', 2263),
       ('company_2_individual_client', 2263),
       ('company_2_role', 2263),
       ('siteadmin', 2263),
       ('supportadmin', 2263),
       ('supportadmin_ca', 2263),
       ('company_0_employer_client', 2264),
       ('company_0_individual_client', 2264),
       ('company_2_employer_client', 2264),
       ('company_2_individual_client', 2264),
       ('company_2_role', 2264),
       ('siteadmin', 2264),
       ('supportadmin', 2264),
       ('supportadmin_ca', 2264),
       ('company_2_role', 2265),
       ('company_2_role', 2266),
       ('company_2_role', 2267),
       ('company_2_role', 2268),
       ('company_2_role', 2269),
       ('company_2_role', 2270),
       ('siteadmin', 2271),
       ('superadmin', 2271),
       ('supportadmin', 2271),
       ('company_2_role', 2272),
       ('superadmin', 2272),
       ('company_2_role', 2273),
       ('company_2_role', 2274),
       ('company_2_role', 2275),
       ('company_2_role', 2276),
       ('company_2_role', 2277),
       ('company_2_role', 2278),
       ('company_2_role', 2279),
       ('company_2_role', 2280),
       ('company_2_role', 2281),
       ('company_2_role', 2282),
       ('company_2_role', 2283),
       ('company_2_role', 2284),
       ('company_2_role', 2285),
       ('company_2_role', 2286),
       ('company_2_role', 2287),
       ('company_2_role', 2288),
       ('company_2_role', 2289),
       ('company_2_role', 2290),
       ('company_2_role', 2291),
       ('company_2_role', 2292),
       ('company_2_role', 2293),
       ('company_2_role', 2294),
       ('company_0_admin', 2295),
       ('company_0_employer_client', 2295),
       ('company_0_role', 2295),
       ('company_0_role_1', 2295),
       ('company_2_admin', 2295),
       ('company_2_employer_client', 2295),
       ('company_2_role', 2295),
       ('company_2_role_3', 2295),
       ('company_2_user', 2295),
       ('company_2_user_1', 2295),
       ('siteadmin', 2295),
       ('supportadmin', 2295),
       ('company_0_admin', 2296),
       ('company_0_role', 2296),
       ('company_0_role_1', 2296),
       ('company_0_role_2', 2296),
       ('company_2_admin', 2296),
       ('company_2_role', 2296),
       ('company_2_role_3', 2296),
       ('company_2_user', 2296),
       ('company_2_user_1', 2296),
       ('siteadmin', 2296),
       ('superadmin', 2296),
       ('supportadmin', 2296),
       ('supportadmin_ca', 2296),
       ('company_2_role', 2297);

-- --------------------------------------------------------

--
-- Table structure for table `acl_rules`
--

CREATE TABLE `acl_rules`
(
    `rule_id`          int(11)        NOT NULL,
    `rule_parent_id`   int(11)                 DEFAULT NULL,
    `module_id`        varchar(50)    NOT NULL,
    `rule_description` varchar(100)   NOT NULL,
    `rule_check_id`    varchar(100)   NOT NULL,
    `superadmin_only`  tinyint(1)     NOT NULL DEFAULT '0',
    `crm_only`         enum ('Y','N') NOT NULL DEFAULT 'N',
    `rule_visible`     tinyint(1)     NOT NULL DEFAULT '0',
    `rule_order`       int(11)        NOT NULL DEFAULT '0'
) ENGINE = InnoDB
  DEFAULT CHARSET = utf8 COMMENT ='Access rights to all parts of the web site are described here. Each access right can be dynamic, so real access will be checked by rule_check_id option (if enabled for specific role).';

--
-- Dumping data for table `acl_rules`
--

INSERT INTO `acl_rules` (`rule_id`, `rule_parent_id`, `module_id`, `rule_description`, `rule_check_id`,
                         `superadmin_only`, `crm_only`, `rule_visible`, `rule_order`)
VALUES (1, NULL, 'default', 'Default access rights in default module', 'access-to-default', 0, 'N', 0, 0),
       (2, NULL, 'superadmin', 'Default access rights in superadmin module', 'access-to-superadmin', 0, 'N', 0, 0),
       (3, NULL, '', 'Default full access to whole web site', 'whole-web-site', 0, 'N', 0, 0),
       (4, NULL, 'superadmin', 'Admin Tab', 'admin-view', 0, 'N', 1, 0),
       (5, NULL, 'default', 'Staff Tabs', 'staff-tabs-view', 0, 'Y', 1, 0),
       (6, 5, 'default', 'Home page', 'index-view', 0, 'Y', 1, 2),
       (7, 6, 'notes', 'Notes on Homepage', 'user-notes-view', 0, 'Y', 1, 0),
       (10, 5, 'clients', 'Clients', 'clients-view', 0, 'N', 1, 4),
       (11, 10, 'clients', 'Change/Save Profile', 'clients-profile-edit', 0, 'N', 1, 6),
       (12, 10, 'clients', 'Delete client', 'clients-profile-delete', 0, 'N', 1, 2),
       (13, 10, 'clients', 'New Client', 'clients-profile-new', 0, 'N', 1, 4),
       (20, 10, 'clients', 'Employer Client Login', 'clients-employer-client-login', 0, 'N', 1, 6),
       (21, 10, 'clients', 'Individual Client Login', 'clients-individual-client-login', 0, 'N', 1, 6),
       (25, 10, 'tasks', 'Tasks', 'clients-tasks-view', 0, 'N', 1, 7),
       (30, 10, 'notes', 'Notes and Activities', 'clients-notes-view', 0, 'N', 1, 8),
       (31, 30, 'notes', 'Add Notes', 'clients-notes-add', 0, 'N', 1, 0),
       (32, 30, 'notes', 'Edit Notes', 'clients-notes-edit', 0, 'N', 1, 0),
       (33, 30, 'notes', 'Delete Notes', 'clients-notes-delete', 0, 'N', 1, 0),
       (60, 10, 'clients', 'Client Documents', 'client-documents-view', 0, 'N', 1, 12),
       (61, 4, 'superadmin', 'Client Documents Settings', 'client-documents-settings-view', 0, 'N', 1, 10),
       (70, 10, 'clients', 'Accounting', 'clients-accounting-view', 0, 'N', 1, 14),
       (80, 10, 'clients', 'Time Tracker', 'clients-time-tracker', 0, 'N', 1, 15),
       (81, 80, 'clients', 'Popup Time Tracker Dialog', 'clients-time-tracker-popup-dialog', 0, 'N', 1, 16),
       (82, 80, 'clients', 'Show Time Log', 'clients-time-tracker-show', 0, 'N', 1, 17),
       (83, 82, 'clients', 'Time Log Add', 'clients-time-tracker-add', 0, 'N', 1, 18),
       (84, 82, 'clients', 'Time Log Edit', 'clients-time-tracker-edit', 0, 'N', 1, 19),
       (85, 82, 'clients', 'Time Log Delete', 'clients-time-tracker-delete', 0, 'N', 1, 20),
       (90, 10, 'clients', 'Advanced search', 'clients-advanced-search-run', 0, 'N', 1, 21),
       (91, 90, 'clients', 'Export', 'clients-advanced-search-export', 0, 'N', 1, 0),
       (92, 90, 'clients', 'Print', 'clients-advanced-search-print', 0, 'N', 1, 0),
       (95, 10, 'applicants', 'Office/Queue', 'clients-queue-run', 0, 'N', 1, 22),
       (96, 95, 'applicants', 'Export', 'clients-queue-export', 0, 'N', 1, 0),
       (97, 95, 'applicants', 'Print', 'clients-queue-print', 0, 'N', 1, 0),
       (98, 95, 'applicants', 'Push to Office/Queue', 'clients-queue-push-to-queue', 0, 'N', 1, 0),
       (99, 95, 'applicants', 'Change File Status', 'clients-queue-change-file-status', 0, 'N', 1, 0),
       (100, 5, 'documents', 'My Documents', 'my-documents-view', 0, 'Y', 1, 10),
       (101, 110, 'trust-account', 'Client Account History', 'trust-account-history-view', 0, 'N', 1, 0),
       (102, 110, 'trust-account', 'Client Account Import', 'trust-account-import-view', 0, 'N', 1, 0),
       (103, 110, 'trust-account', 'Client Account Assign', 'trust-account-assign-view', 0, 'N', 1, 0),
       (104, 110, 'trust-account', 'Client Account Edit', 'trust-account-edit-view', 0, 'N', 1, 0),
       (105, 110, 'superadmin', 'Client Account Settings', 'trust-account-settings-view', 0, 'N', 1, 0),
       (106, 100, 'documents', 'New Letter on Letterhead', 'new-letter-on-letterhead', 0, 'N', 1, 0),
       (110, 5, 'trust-account', 'Client Account', 'trust-account-view', 0, 'N', 1, 14),
       (130, 6, 'links', 'My Bookmarks', 'links-view', 0, 'Y', 1, 0),
       (140, 10, 'forms', 'Forms', 'forms-view', 0, 'N', 1, 10),
       (141, 140, 'forms', 'Enable Assign Forms', 'forms-assign', 0, 'N', 1, 0),
       (142, 140, 'forms', 'Can Finalize a Form', 'forms-finalize', 0, 'N', 1, 0),
       (143, 140, 'forms', 'Can Lock and Unlock Forms', 'forms-lock-unlock', 0, 'N', 1, 0),
       (144, 140, 'forms', 'Can Complete a Form', 'forms-complete', 0, 'N', 1, 0),
       (150, 5, 'calendar', 'Calendar', 'calendar-view', 0, 'Y', 1, 8),
       (160, 5, 'mail', 'Mail', 'mail-view', 0, 'Y', 1, 6),
       (170, 6, 'news', 'Announcements', 'news-view', 0, 'Y', 1, 0),
       (175, 6, 'rss', 'Immigration News', 'rss-view', 0, 'N', 1, 0),
       (180, 5, 'templates', 'Templates', 'templates-view', 0, 'Y', 1, 12),
       (181, 180, 'templates', 'Manage templates', 'templates-manage', 0, 'N', 1, 0),
       (190, 5, 'help', 'Help', 'help-view', 0, 'Y', 1, 18),
       (191, 5, 'help', 'F.A.Q.', 'faq-view', 0, 'N', 1, 19),
       (192, 5, 'help', 'F.A.Q.', 'faq-public-view', 0, 'N', 0, 20),
       (200, 5, 'prospects', 'Prospects', 'prospects-view', 0, 'N', 1, 20),
       (201, 200, 'tasks', 'Tasks', 'prospects-tasks-view', 0, 'N', 1, 21),
       (210, 5, 'tasks', 'My Tasks', 'tasks-view', 0, 'N', 1, 11),
       (220, 10, 'applicants', 'ABN/ACN Check', 'abn-check', 0, 'N', 1, 0),
       (300, 3, 'websites', 'Company Websites', 'websites-view', 0, 'N', 1, 0),
       (400, 5, 'applicants', 'Contacts', 'contacts-view', 0, 'N', 1, 30),
       (401, 400, 'applicants', 'Change/Save Profile', 'contacts-profile-edit', 0, 'N', 1, 31),
       (402, 400, 'applicants', 'Delete Contact', 'contacts-profile-delete', 0, 'N', 1, 32),
       (403, 400, 'applicants', 'New Contact', 'contacts-profile-new', 0, 'N', 1, 33),
       (500, 5, 'profile', 'User Profile', 'user-profile-view', 0, 'N', 1, 34),
       (1000, 4, 'superadmin', 'Change My Password Page', 'admin-mypassword', 0, 'N', 1, 0),
       (1005, 4, 'superadmin', 'PUA Planning', 'pua-planning', 0, 'N', 1, 0),
       (1010, 4, 'superadmin', 'Manage Roles', 'admin-roles-view', 0, 'N', 1, 0),
       (1011, 1010, 'superadmin', 'Add New Roles', 'admin-roles-add', 0, 'N', 1, 0),
       (1012, 1010, 'superadmin', 'View Roles Details', 'admin-roles-view-details', 0, 'N', 1, 0),
       (1013, 1010, 'superadmin', 'Delete Roles', 'admin-roles-delete', 0, 'N', 1, 0),
       (1014, 1012, 'superadmin', 'Edit Roles ', 'admin-roles-edit', 0, 'N', 1, 0),
       (1020, 4, 'superadmin', 'Manage Super Admin Users', 'manage-admin-user-view', 1, 'N', 1, 0),
       (1021, 1020, 'superadmin', 'Add New Super Admin User', 'manage-admin-user-add', 1, 'N', 1, 0),
       (1022, 1020, 'superadmin', 'Edit Super Admin User', 'manage-admin-user-edit', 1, 'N', 1, 0),
       (1023, 1020, 'superadmin', 'Delete Super Admin User', 'manage-admin-user-delete', 1, 'N', 1, 0),
       (1030, 4, 'superadmin', 'Manage Users', 'manage-members', 0, 'N', 1, 0),
       (1031, 1030, 'superadmin', 'Add Users', 'manage-members-add', 0, 'N', 1, 0),
       (1032, 1030, 'superadmin', 'View Users Details', 'manage-members-view-details', 0, 'N', 1, 0),
       (1033, 1030, 'superadmin', 'Delete Users', 'manage-members-delete', 0, 'N', 1, 0),
       (1034, 1032, 'superadmin', 'Edit Users', 'manage-members-edit', 0, 'N', 1, 0),
       (1035, 1032, 'superadmin', 'Change Users Password', 'manage-members-change-password', 0, 'N', 1, 0),
       (1040, 4, 'superadmin', 'Manage Companies', 'manage-company', 0, 'N', 1, 0),
       (1041, 1040, 'superadmin', 'Add Company', 'manage-company-add', 1, 'N', 1, 0),
       (1042, 1040, 'superadmin', 'Edit Company', 'manage-company-edit', 0, 'N', 1, 1),
       (1043, 1040, 'superadmin', 'Delete Company', 'manage-company-delete', 1, 'N', 1, 2),
       (1044, 1040, 'superadmin', 'Login as User/Admin', 'manage-company-as-admin', 0, 'N', 1, 3),
       (1046, 1040, 'superadmin', 'Change Company Status', 'manage-company-change-status', 1, 'N', 1, 4),
       (1047, 1040, 'superadmin', 'View Companies List', 'manage-company-view-companies', 1, 'N', 1, 5),
       (1048, 1040, 'superadmin', 'Manage Company Email', 'manage-company-email', 1, 'N', 1, 0),
       (1049, 1042, 'superadmin', 'Edit Company Extra Details', 'edit-company-extra-details', 0, 'N', 1, 0),
       (1050, 4, 'superadmin', 'Manage Cases fields/groups/layouts', 'manage-groups-view', 0, 'N', 1, 0),
       (1051, 4, 'superadmin', 'Manage Individuals fields/groups/layouts', 'manage-individuals-fields', 0, 'N', 1, 0),
       (1052, 4, 'superadmin', 'Manage Employers fields/groups/layouts', 'manage-employers-fields', 0, 'N', 1, 0),
       (1053, 4, 'superadmin', 'Manage Contacts fields/groups/layouts', 'manage-contacts-fields', 0, 'N', 1, 0),
       (1054, 4, 'superadmin', 'Manage Internals fields/groups/layouts', 'manage-internals-fields', 0, 'N', 1, 0),
       (1060, 4, 'superadmin', 'Manage forms', 'manage-forms-view', 1, 'N', 1, 0),
       (1061, 1060, 'superadmin', 'Manage Landing Pages', 'manage-forms-view-landing-pages', 1, 'N', 1, 0),
       (1070, 4, 'superadmin', 'Announcements', 'manage-news-view', 1, 'N', 1, 0),
       (1080, 4, 'superadmin', 'Shared Templates', 'shared-templates-view', 1, 'N', 1, 0),
       (1090, 4, 'superadmin', 'Default Searches', 'default-searches-view', 1, 'N', 1, 0),
       (1100, 4, 'superadmin', 'Manage Templates', 'manage-templates', 1, 'N', 1, 0),
       (1120, 4, 'superadmin', 'Automatic Tasks', 'automatic-reminders', 0, 'N', 1, 0),
       (1130, 4, 'system', 'System', 'system', 1, 'N', 1, 0),
       (1140, 4, 'superadmin', 'Manage Help', 'manage-faq-view', 1, 'N', 1, 0),
       (1150, 4, 'superadmin', 'Manage Prospects', 'manage-prospects', 1, 'N', 1, 0),
       (1160, 5, 'signup', 'Signup', 'signup', 0, 'N', 0, 0),
       (1170, 4, 'superadmin', 'Mail Server Settings', 'smtp-view', 1, 'N', 1, 0),
       (1180, 4, 'superadmin', 'Last Logged In Info', 'last-logged-in-view', 1, 'N', 1, 0),
       (1190, 4, 'superadmin', 'Manage Company Prospects', 'manage-company-prospects', 0, 'N', 1, 0),
       (1200, 4, 'superadmin', 'Manage GST/HST', 'manage-hst', 1, 'N', 1, 0),
       (1210, 4, 'superadmin', 'Manage CMI', 'manage-cmi', 1, 'N', 1, 0),
       (1220, 4, 'superadmin', 'Trial users pricing', 'manage-trial-users-pricing', 1, 'N', 1, 0),
       (1230, 4, 'superadmin', 'Manage PT Invoices', 'manage-invoices', 1, 'N', 1, 0),
       (1240, 4, 'superadmin', 'Manage pricing', 'manage-pricing', 1, 'N', 1, 0),
       (1250, 4, 'superadmin', 'Bad debts log', 'manage-bad-debts-log', 1, 'N', 1, 0),
       (1260, 4, 'superadmin', 'Automated billing log', 'automated-billing-log', 1, 'N', 1, 0),
       (1270, 4, 'superadmin', 'Manage PT Error codes', 'manage-pt-error-codes', 1, 'N', 1, 0),
       (1280, 4, 'superadmin', 'Accounts', 'manage-accounts-view', 1, 'N', 1, 0),
       (1290, 4, 'superadmin', 'Customize Forms', 'forms-default', 0, 'N', 1, 0),
       (1300, 4, 'superadmin', 'Statistics', 'statistics', 1, 'N', 1, 0),
       (1310, 4, 'superadmin', 'Import Clients', 'import-clients-view', 0, 'N', 1, 0),
       (1311, 4, 'superadmin', 'Import Client Notes', 'import-client-notes-view', 0, 'N', 1, 0),
       (1320, 4, 'superadmin', 'Prospects Matching', 'prospects-matching', 1, 'N', 1, 0),
       (1330, 4, 'superadmin', 'Manage RSS feed', 'manage-rss-feed', 1, 'N', 1, 0),
       (1350, 1040, 'superadmin', 'Advanced Search', 'manage-advanced-search', 1, 'N', 1, 0),
       (1360, 1040, 'superadmin', 'Quick Search', 'run-companies-search', 1, 'N', 1, 0),
       (1370, 1040, 'superadmin', 'Export clients, prospects, etc.', 'allow-export', 0, 'N', 1, 0),
       (1380, 4, 'superadmin', 'Manage system variables', 'system-variables', 1, 'N', 1, 0),
       (1390, 4, 'superadmin', 'View Superadmin Tab', 'admin-tab-view', 1, 'N', 1, 0),
       (1400, 4, 'superadmin', 'Company Website', 'company-website', 0, 'N', 1, 0),
       (1410, 4, 'superadmin', 'Access Logs', 'access-logs-view', 0, 'N', 1, 0),
       (1411, 1410, 'superadmin', 'Delete Access Logs', 'access-logs-delete', 0, 'N', 1, 0),
       (1420, 1040, 'superadmin', 'Manage Company Packages', 'manage-company-packages', 1, 'N', 1, 4),
       (1421, 1420, 'superadmin', 'Manage Company Packages Extra Details', 'manage-company-packages-extra-details', 1,
        'N', 1, 0),
       (1430, 1040, 'superadmin', 'Send Mass Email', 'mass-email', 1, 'N', 1, 0),
       (1440, 1040, 'superadmin', 'Manage Company Tickets', 'manage-company-tickets', 1, 'N', 1, 0),
       (1441, 1440, 'superadmin', 'Add Company Tickets', 'manage-company-tickets-add', 1, 'N', 1, 0),
       (1442, 1440, 'superadmin', 'Manage Company Tickets Status', 'manage-company-tickets-status', 1, 'N', 1, 0),
       (1450, 4, 'superadmin', 'Manage Zoho settings', 'zoho-settings', 1, 'N', 1, 0),
       (2000, NULL, 'crm', 'CRM Manage', 'crm-manage', 1, 'Y', 1, 0),
       (2001, 2000, 'crm', 'Manage Users', 'crm-admin', 1, 'Y', 1, 0),
       (2002, 2001, 'crm', 'Define CRM users', 'crm-manage-users', 1, 'Y', 1, 0),
       (2003, 2001, 'crm', 'Define CRM roles', 'crm-manage-roles', 1, 'Y', 1, 0),
       (2010, 2000, 'crm', 'Settings', 'crm-settings', 1, 'Y', 1, 1),
       (2011, 2010, 'crm', 'Change own password', 'crm-manage-own-password', 1, 'Y', 1, 0),
       (2100, 5, 'crm', 'Companies', 'crm-companies-view', 1, 'Y', 1, 3),
       (2101, 2100, 'crm', 'New company', 'crm-companies-add', 1, 'Y', 1, 0),
       (2102, 2100, 'crm', 'Edit company', 'crm-companies-edit', 1, 'Y', 1, 0),
       (2103, 2100, 'crm', 'Delete company', 'crm-companies-delete', 1, 'Y', 1, 0),
       (2200, 5, 'crm', 'Prospects', 'crm-prospects-view', 1, 'Y', 1, 4),
       (2201, 2200, 'crm', 'New prospect', 'crm-prospect-add', 1, 'Y', 1, 0),
       (2202, 2200, 'crm', 'Edit prospect', 'crm-prospect-edit', 1, 'Y', 1, 0),
       (2203, 2200, 'crm', 'Delete prospect', 'crm-prospect-delete', 1, 'Y', 1, 0),
       (2204, 4, 'superadmin', 'Contacts', 'manage-company-contacts-types', 0, 'N', 1, 0),
       (2210, 4, 'superadmin', 'Letterheads', 'manage-letterheads', 0, 'N', 1, 0),
       (2211, 4, 'superadmin', 'Manage Super Admin Roles', 'manage-superadmin-roles', 1, 'N', 1, 0),
       (2212, 2211, 'superadmin', 'Add Super Admin Role', 'manage-superadmin-roles-add', 1, 'N', 1, 0),
       (2213, 2211, 'superadmin', 'Edit Super Admin Role', 'manage-superadmin-roles-edit', 1, 'N', 1, 0),
       (2214, 2211, 'superadmin', 'delete Super Admin Role', 'manage-superadmin-roles-delete', 1, 'N', 1, 0),
       (2215, 25, 'tasks', 'Delete Tasks', 'clients-tasks-delete', 0, 'N', 1, 1),
       (2216, 210, 'tasks', 'Delete Tasks', 'tasks-delete', 0, 'N', 1, 1),
       (2217, 201, 'tasks', 'Delete Tasks', 'prospects-tasks-delete', 0, 'N', 1, 1),
       (2218, 70, 'clients', 'General: Change Currency or Client Account', 'clients-accounting-change-currency', 0, 'N',
        1, 0),
       (2219, 70, 'clients', 'General: Email Case Accounting', 'clients-accounting-email-accounting', 0, 'N', 1, 1),
       (2220, 70, 'clients', 'General: Generate Reports', 'clients-accounting-reports', 0, 'N', 1, 2),
       (2221, 70, 'clients', 'General: Print', 'clients-accounting-print', 0, 'N', 1, 3),
       (2222, 70, 'clients', 'Financial Transactions: Add Fees Due', 'clients-accounting-ft-add-fees-due', 0, 'N', 1,
        4),
       (2223, 70, 'clients', 'Financial Transactions: Add Fees Received', 'clients-accounting-ft-add-fees-received', 0,
        'N', 1, 5),
       (2224, 70, 'clients', 'Financial Transactions: Generate Invoice', 'clients-accounting-ft-generate-invoice', 0,
        'N', 1, 6),
       (2225, 70, 'clients', 'Financial Transactions: Generate Receipt', 'clients-accounting-ft-generate-receipt', 0,
        'N', 1, 7),
       (2226, 70, 'clients', 'Financial Transactions: Error Correction', 'clients-accounting-ft-error-correction', 0,
        'N', 1, 8),
       (2227, 1040, 'superadmin', 'Define Authorised Agents', 'define-authorised-agents', 0, 'N', 1, 4),
       (2228, 1040, 'superadmin', 'Define %office_label%', 'manage-offices', 0, 'N', 1, 5),
       (2229, 1040, 'superadmin', 'Define Case Reference Number Settings', 'manage-case-reference-number-settings', 0,
        'N', 1, 6),
       (2230, 95, 'applicants', 'Change Assigned Staff', 'clients-queue-change-assigned-staff', 0, 'N', 1, 0),
       (2231, 95, 'applicants', 'Change Visa Subclass', 'clients-queue-change-visa-subclass', 0, 'N', 1, 1),
       (2232, 4, 'superadmin', 'BC PNP Import', 'import-bcpnp', 0, 'N', 1, 0),
       (2233, 4, 'superadmin', 'Manage Default Mail Servers', 'manage-default-mail-servers', 1, 'N', 1, 0),
       (2234, 1042, 'superadmin', 'Delete Company Invoices', 'delete-company-invoices', 1, 'N', 1, 1),
       (2235, 10, 'applicants', 'Generate CON', 'generate-con', 0, 'N', 1, 23),
       (2236, 10, 'documents', 'Client Documents Checklist', 'client-documents-checklist-view', 0, 'N', 1, 13),
       (2237, 2236, 'documents', 'Upload Documents', 'client-documents-checklist-upload', 0, 'N', 1, 0),
       (2238, 2236, 'documents', 'Delete Documents', 'client-documents-checklist-delete', 0, 'N', 1, 1),
       (2239, 2236, 'documents', 'Download Documents', 'client-documents-checklist-download', 0, 'N', 1, 2),
       (2240, 2236, 'documents', 'Set Tags', 'client-documents-checklist-change-tags', 0, 'N', 1, 3),
       (2241, 2236, 'documents', 'Reassign File', 'client-documents-checklist-reassign', 0, 'N', 1, 4),
       (2242, 1032, 'superadmin', 'Business Hours', 'manage-members-business-hours', 0, 'N', 1, 0),
       (2243, 2242, 'superadmin', 'View Workdays', 'manage-members-business-hours-workdays-view', 0, 'N', 1, 0),
       (2244, 2242, 'superadmin', 'Update Workdays', 'manage-members-business-hours-workdays-update', 0, 'N', 1, 1),
       (2245, 2242, 'superadmin', 'View Holidays', 'manage-members-business-hours-holidays-view', 0, 'N', 1, 2),
       (2246, 2242, 'superadmin', 'Add Holidays', 'manage-members-business-hours-holidays-add', 0, 'N', 1, 3),
       (2247, 2242, 'superadmin', 'Edit Holidays', 'manage-members-business-hours-holidays-edit', 0, 'N', 1, 4),
       (2248, 2242, 'superadmin', 'Delete Holidays', 'manage-members-business-hours-holidays-delete', 0, 'N', 1, 5),
       (2249, 1042, 'superadmin', 'Business Hours', 'manage-company-business-hours', 0, 'N', 1, 0),
       (2250, 2249, 'superadmin', 'View Workdays', 'manage-company-business-hours-workdays-view', 0, 'N', 1, 0),
       (2251, 2249, 'superadmin', 'Update Workdays', 'manage-company-business-hours-workdays-update', 0, 'N', 1, 1),
       (2252, 2249, 'superadmin', 'View Holidays', 'manage-company-business-hours-holidays-view', 0, 'N', 1, 2),
       (2253, 2249, 'superadmin', 'Add Holidays', 'manage-company-business-hours-holidays-add', 0, 'N', 1, 3),
       (2254, 2249, 'superadmin', 'Edit Holidays', 'manage-company-business-hours-holidays-edit', 0, 'N', 1, 4),
       (2255, 2249, 'superadmin', 'Delete Holidays', 'manage-company-business-hours-holidays-delete', 0, 'N', 1, 5),
       (2256, 400, 'clients', 'Advanced search', 'contacts-advanced-search-run', 0, 'N', 1, 0),
       (2257, 2256, 'applicants', 'Export', 'contacts-advanced-search-export', 0, 'N', 1, 0),
       (2258, 2256, 'applicants', 'Print', 'contacts-advanced-search-print', 0, 'N', 1, 1),
       (2259, 10, 'applicants', 'Analytics', 'applicants-analytics-view', 0, 'N', 1, 21),
       (2260, 2259, 'applicants', 'Add', 'applicants-analytics-add', 0, 'N', 1, 0),
       (2261, 2259, 'applicants', 'Edit', 'applicants-analytics-edit', 0, 'N', 1, 1),
       (2262, 2259, 'applicants', 'Delete', 'applicants-analytics-delete', 0, 'N', 1, 2),
       (2263, 2259, 'applicants', 'Export', 'applicants-analytics-export', 0, 'N', 1, 3),
       (2264, 2259, 'applicants', 'Print', 'applicants-analytics-print', 0, 'N', 1, 4),
       (2265, 400, 'applicants', 'Analytics', 'contacts-analytics-view', 0, 'N', 1, 21),
       (2266, 2265, 'applicants', 'Add', 'contacts-analytics-add', 0, 'N', 1, 0),
       (2267, 2265, 'applicants', 'Edit', 'contacts-analytics-edit', 0, 'N', 1, 1),
       (2268, 2265, 'applicants', 'Delete', 'contacts-analytics-delete', 0, 'N', 1, 2),
       (2269, 2265, 'applicants', 'Export', 'contacts-analytics-export', 0, 'N', 1, 3),
       (2270, 2265, 'applicants', 'Print', 'contacts-analytics-print', 0, 'N', 1, 4),
       (2271, 4, 'superadmin', 'Default Analytics', 'manage-default-analytics', 1, 'N', 1, 0),
       (2272, 4, 'superadmin', 'Marketplace Profiles', 'manage-marketplace', 0, 'N', 1, 0),
       (2273, 200, 'prospects', 'New Prospect', 'prospects-add', 0, 'N', 1, 0),
       (2274, 200, 'prospects', 'Change/Save Profile', 'prospects-edit', 0, 'N', 1, 1),
       (2275, 200, 'prospects', 'Delete Prospect', 'prospects-delete', 0, 'N', 1, 2),
       (2276, 200, 'prospects', 'Convert to Client', 'prospects-convert-to-client', 0, 'N', 1, 3),
       (2277, 200, 'prospects', 'Advanced search', 'prospects-advanced-search-run', 0, 'N', 1, 4),
       (2278, 2277, 'prospects', 'Export', 'prospects-advanced-search-export', 0, 'N', 1, 0),
       (2279, 2277, 'prospects', 'Print', 'prospects-advanced-search-print', 0, 'N', 1, 1),
       (2280, 200, 'prospects', 'Prospect Notes', 'prospects-notes-view', 0, 'N', 1, 5),
       (2281, 2280, 'prospects', 'Add Notes', 'prospects-notes-add', 0, 'N', 1, 0),
       (2282, 2280, 'prospects', 'Edit Notes', 'prospects-notes-edit', 0, 'N', 1, 1),
       (2283, 2280, 'prospects', 'Delete Notes', 'prospects-notes-delete', 0, 'N', 1, 2),
       (2284, 200, 'prospects', 'Prospect Documents', 'prospects-documents', 0, 'N', 1, 6),
       (2285, 5, 'prospects', 'Marketplace', 'marketplace-view', 0, 'N', 1, 25),
       (2286, 2285, 'prospects', 'Convert to Client', 'marketplace-convert-to-client', 0, 'N', 1, 0),
       (2287, 2285, 'prospects', 'Advanced search', 'marketplace-advanced-search-run', 0, 'N', 1, 1),
       (2288, 2287, 'prospects', 'Export', 'marketplace-advanced-search-export', 0, 'N', 1, 0),
       (2289, 2287, 'prospects', 'Print', 'marketplace-advanced-search-print', 0, 'N', 1, 1),
       (2290, 2285, 'prospects', 'Prospect Notes', 'marketplace-notes-view', 0, 'N', 1, 2),
       (2291, 2290, 'prospects', 'Add Notes', 'marketplace-notes-add', 0, 'N', 1, 0),
       (2292, 2290, 'prospects', 'Edit Notes', 'marketplace-notes-edit', 0, 'N', 1, 1),
       (2293, 2290, 'prospects', 'Delete Notes', 'marketplace-notes-delete', 0, 'N', 1, 2),
       (2294, 2285, 'prospects', 'Prospect Documents', 'marketplace-documents', 0, 'N', 1, 3),
       (2295, 25, 'tasks', 'Add Tasks', 'clients-tasks-add', 0, 'N', 1, 0),
       (2296, 210, 'tasks', 'Add Tasks', 'tasks-add', 0, 'N', 1, 0),
       (2297, 201, 'tasks', 'Add Tasks', 'prospects-tasks-add', 0, 'N', 1, 0),
       (2298, 4, 'superadmin', 'PDF Version Checker', 'url-checker', 1, 'N', 1, 1);

-- --------------------------------------------------------

--
-- Table structure for table `acl_rule_details`
--

CREATE TABLE `acl_rule_details`
(
    `rule_id`            int(11)     NOT NULL,
    `module_id`          varchar(50) NOT NULL,
    `resource_id`        varchar(50) NOT NULL DEFAULT '',
    `resource_privilege` varchar(50) NOT NULL DEFAULT '',
    `rule_allow`         tinyint(1)  NOT NULL DEFAULT '1'
) ENGINE = InnoDB
  DEFAULT CHARSET = utf8 COMMENT ='Each access rule can enable access to specific modules/sections of the web site. This is the place.';

--
-- Dumping data for table `acl_rule_details`
--

INSERT INTO `acl_rule_details` (`rule_id`, `module_id`, `resource_id`, `resource_privilege`, `rule_allow`)
VALUES (1, 'api', 'gv', '', 1),
       (1, 'api', 'index', 'add-company', 1),
       (1, 'api', 'index', 'add-prospect', 1),
       (1, 'api', 'index', 'add-recurring-invoice', 1),
       (1, 'api', 'index', 'check-username', 1),
       (1, 'api', 'index', 'get-clients-list', 1),
       (1, 'api', 'index', 'get-prices', 1),
       (1, 'api', 'index', 'receive-eml-file', 1),
       (1, 'api', 'index', 'register-agent', 1),
       (1, 'api', 'index', 'run-recurring-payments', 1),
       (1, 'api', 'index', 'save-smtp-settings', 1),
       (1, 'api', 'index', 'send-support-request', 1),
       (1, 'api', 'marketplace', '', 1),
       (1, 'api', 'remote', '', 1),
       (1, 'cmi-signup', 'index', '', 1),
       (1, 'companywizard', 'index', '', 1),
       (1, 'default', 'auth', '', 1),
       (1, 'default', 'error', '', 1),
       (1, 'default', 'index', 'cron', 1),
       (1, 'default', 'index', 'privacy', 1),
       (1, 'default', 'index', 'terms', 1),
       (1, 'documents', 'index', 'get-file', 1),
       (1, 'documents', 'index', 'get-image', 1),
       (1, 'documents', 'index', 'get-pdf', 1),
       (1, 'documents', 'index', 'open-pdf', 1),
       (1, 'documents', 'index', 'save-file', 1),
       (1, 'forms', 'sync', '', 1),
       (1, 'freetrial', 'index', '', 1),
       (1, 'prospects', 'index', 'get-file', 1),
       (1, 'prospects', 'index', 'save-file', 1),
       (1, 'qnr', 'index', 'index', 1),
       (1, 'qnr', 'index', 'save', 1),
       (1, 'qnr', 'index', 'search', 1),
       (1, 'signup', 'index', '', 1),
       (1, 'specialoffer', 'index', '', 1),
       (1, 'templates', 'index', 'get-file', 1),
       (1, 'templates', 'index', 'save-letter-template-file', 1),
       (1, 'wizard', 'index', '', 1),
       (2, 'superadmin', 'auth', '', 1),
       (2, 'superadmin', 'error', '', 1),
       (3, 'applicants', 'search', '', 1),
       (3, 'calendar', '', '', 1),
       (3, 'clients', '', '', 1),
       (3, 'crm', '', '', 1),
       (3, 'default', '', '', 1),
       (3, 'documents', '', '', 1),
       (3, 'forms', '', '', 1),
       (3, 'help', '', '', 1),
       (3, 'links', '', '', 1),
       (3, 'mail', '', '', 1),
       (3, 'news', '', '', 1),
       (3, 'notes', '', '', 1),
       (3, 'prospects', '', '', 1),
       (3, 'qnr', '', '', 1),
       (3, 'signup', '', '', 1),
       (3, 'superadmin', '', '', 1),
       (3, 'system', '', '', 1),
       (3, 'tasks', '', '', 1),
       (3, 'templates', '', '', 1),
       (3, 'trust-account', '', '', 1),
       (3, 'websites', '', '', 1),
       (4, 'superadmin', 'index', '', 1),
       (6, 'clients', 'index', 'get-client-company-logo', 1),
       (6, 'default', 'admin', '', 1),
       (6, 'default', 'index', '', 1),
       (6, 'default', 'trial', '', 1),
       (6, 'homepage', 'index', '', 1),
       (7, 'notes', 'index', 'add', 1),
       (7, 'notes', 'index', 'delete', 1),
       (7, 'notes', 'index', 'edit', 1),
       (7, 'notes', 'index', 'get-note', 1),
       (7, 'notes', 'index', 'get-notes-list', 1),
       (10, 'applicants', 'index', '', 1),
       (10, 'applicants', 'profile', 'change-my-password', 1),
       (10, 'applicants', 'profile', 'check-employer-case', 1),
       (10, 'applicants', 'profile', 'get-login-info', 1),
       (10, 'applicants', 'profile', 'get-profile-image', 1),
       (10, 'applicants', 'profile', 'index', 1),
       (10, 'applicants', 'profile', 'load', 1),
       (10, 'applicants', 'profile', 'load-employer-cases-list', 1),
       (10, 'applicants', 'profile', 'load-short-info', 1),
       (10, 'applicants', 'profile', 'view-image', 1),
       (10, 'applicants', 'search', '', 1),
       (10, 'clients', 'index', 'get-sub-tab', 1),
       (11, 'applicants', 'profile', 'delete-file', 1),
       (11, 'applicants', 'profile', 'download-file', 1),
       (11, 'applicants', 'profile', 'generate-case-number', 1),
       (11, 'applicants', 'profile', 'generate-ks-key', 1),
       (11, 'applicants', 'profile', 'get-reference-field-view', 1),
       (11, 'applicants', 'profile', 'get-vevo-country-suggestions', 1),
       (11, 'applicants', 'profile', 'get-vevo-info', 1),
       (11, 'applicants', 'profile', 'link-case-to-employer', 1),
       (11, 'applicants', 'profile', 'save', 1),
       (11, 'applicants', 'profile', 'update-login-info', 1),
       (11, 'applicants', 'profile', 'update-vevo-info', 1),
       (11, 'applicants', 'profile', 'upgrade-subscription-plan', 1),
       (12, 'applicants', 'profile', 'delete', 1),
       (13, 'applicants', 'profile', 'get-vevo-country-suggestions', 1),
       (13, 'applicants', 'profile', 'get-vevo-info', 1),
       (13, 'applicants', 'profile', 'save', 1),
       (13, 'applicants', 'profile', 'update-login-info', 1),
       (13, 'applicants', 'profile', 'update-vevo-info', 1),
       (20, 'applicants', 'index', 'index', 1),
       (21, 'applicants', 'index', 'index', 1),
       (25, 'tasks', 'index', '', 1),
       (30, 'notes', 'index', 'get-note', 1),
       (30, 'notes', 'index', 'get-notes', 1),
       (30, 'notes', 'index', 'get-notes-list', 1),
       (31, 'notes', 'index', 'add', 1),
       (31, 'notes', 'index', 'download-attachment', 1),
       (31, 'notes', 'index', 'upload-attachments', 1),
       (32, 'notes', 'index', 'download-attachment', 1),
       (32, 'notes', 'index', 'edit', 1),
       (32, 'notes', 'index', 'upload-attachments', 1),
       (33, 'notes', 'index', 'delete', 1),
       (60, 'documents', 'index', '', 1),
       (61, 'superadmin', 'client-documents', '', 1),
       (70, 'clients', 'accounting', '', 1),
       (70, 'default', 'tran-page', 'process-payment', 1),
       (70, 'templates', 'index', 'show-pdf', 1),
       (70, 'templates', 'index', 'view-pdf', 1),
       (80, 'clients', 'time-tracker', 'index', 1),
       (80, 'clients', 'time-tracker', 'print', 1),
       (81, 'clients', 'time-tracker', 'create', 1),
       (82, 'clients', 'time-tracker', 'get-list', 1),
       (82, 'clients', 'time-tracker', 'mark-billed', 1),
       (83, 'clients', 'time-tracker', 'add', 1),
       (84, 'clients', 'time-tracker', 'edit', 1),
       (85, 'clients', 'time-tracker', 'delete', 1),
       (90, 'applicants', 'search', 'run-search', 1),
       (91, 'applicants', 'search', 'export-to-excel', 1),
       (92, 'applicants', 'search', 'print', 1),
       (95, 'applicants', 'queue', 'load-queues-with-count', 1),
       (95, 'applicants', 'queue', 'load-settings', 1),
       (95, 'applicants', 'queue', 'run', 1),
       (95, 'applicants', 'queue', 'run-and-get-main-info', 1),
       (95, 'applicants', 'queue', 'save-settings', 1),
       (96, 'applicants', 'queue', 'export-to-excel', 1),
       (97, 'applicants', 'queue', 'print', 1),
       (98, 'applicants', 'queue', 'pull-from-queue', 1),
       (98, 'applicants', 'queue', 'push-to-queue', 1),
       (99, 'applicants', 'queue', 'change-file-status', 1),
       (100, 'documents', 'index', '', 1),
       (101, 'trust-account', 'history', '', 1),
       (102, 'trust-account', 'import', '', 1),
       (103, 'trust-account', 'assign', '', 1),
       (104, 'trust-account', 'edit', '', 1),
       (105, 'superadmin', 'trust-account-settings', '', 1),
       (105, 'superadmin', 'trust-account-settings', 'settings', 1),
       (106, 'documents', 'index', 'get-letterheads-list', 1),
       (110, 'clients', 'accounting', '', 1),
       (110, 'default', 'deposit-types', '', 1),
       (110, 'default', 'destination-account', '', 1),
       (110, 'default', 'withdrawal-types', '', 1),
       (110, 'trust-account', 'index', '', 1),
       (130, 'links', 'index', '', 1),
       (140, 'forms', 'angular-forms', 'load', 1),
       (140, 'forms', 'angular-forms', 'save', 1),
       (140, 'forms', 'forms-folders', 'files', 1),
       (140, 'forms', 'forms-folders', 'list', 1),
       (140, 'forms', 'index', 'delete', 1),
       (140, 'forms', 'index', 'download-revision', 1),
       (140, 'forms', 'index', 'edit-alias', 1),
       (140, 'forms', 'index', 'email', 1),
       (140, 'forms', 'index', 'get-family-members', 1),
       (140, 'forms', 'index', 'list', 1),
       (140, 'forms', 'index', 'load-settings', 1),
       (140, 'forms', 'index', 'open-assigned-pdf', 1),
       (140, 'forms', 'index', 'open-assigned-xfdf', 1),
       (140, 'forms', 'index', 'open-embed-pdf', 1),
       (140, 'forms', 'index', 'open-pdf-and-xfdf', 1),
       (140, 'forms', 'index', 'open-pdf-print', 1),
       (140, 'forms', 'index', 'open-version-pdf', 1),
       (140, 'forms', 'index', 'open-xdp', 1),
       (140, 'forms', 'index', 'open-xod', 1),
       (140, 'forms', 'index', 'print', 1),
       (140, 'forms', 'index', 'search', 1),
       (140, 'forms', 'index', 'stop-immi-submission', 1),
       (140, 'forms', 'index', 'submit-immi', 1),
       (140, 'forms', 'index', 'upload-revision', 1),
       (140, 'forms', 'sync', 'save-xod', 1),
       (140, 'templates', 'index', 'show-pdf', 1),
       (140, 'templates', 'index', 'view-pdf', 1),
       (141, 'forms', 'index', 'assign', 1),
       (142, 'forms', 'index', 'finalize', 1),
       (143, 'forms', 'index', 'lock-and-unlock', 1),
       (144, 'forms', 'index', 'complete', 1),
       (150, 'calendar', 'index', '', 1),
       (160, 'mail', 'index', '', 1),
       (160, 'mail', 'settings', '', 1),
       (170, 'news', 'index', '', 1),
       (175, 'rss', 'index', '', 1),
       (180, 'templates', 'index', 'get-email-template', 1),
       (180, 'templates', 'index', 'get-message', 1),
       (180, 'templates', 'index', 'get-templates-list', 1),
       (180, 'templates', 'index', 'show-pdf', 1),
       (180, 'templates', 'index', 'view-pdf', 1),
       (181, 'templates', 'index', '', 1),
       (190, 'help', 'index', '', 1),
       (192, 'help', 'public', '', 1),
       (200, 'prospects', 'index', 'export-to-pdf', 1),
       (200, 'prospects', 'index', 'get-all-prospects-list', 1),
       (200, 'prospects', 'index', 'get-done-tasks-list', 1),
       (200, 'prospects', 'index', 'get-prospect-title', 1),
       (200, 'prospects', 'index', 'get-prospects-list', 1),
       (200, 'prospects', 'index', 'get-prospects-page', 1),
       (200, 'prospects', 'index', 'get-prospects-unread-counts', 1),
       (200, 'prospects', 'index', 'index', 1),
       (200, 'prospects', 'index', 'mark', 1),
       (200, 'superadmin', 'manage-company-prospects', 'get-templates-list', 1),
       (201, 'tasks', 'index', '', 1),
       (210, 'tasks', 'index', '', 1),
       (220, 'applicants', 'index', 'open-link', 1),
       (300, 'websites', 'index', '', 1),
       (400, 'applicants', 'index', '', 1),
       (400, 'applicants', 'profile', 'check-employer-case', 1),
       (400, 'applicants', 'profile', 'get-login-info', 1),
       (400, 'applicants', 'profile', 'index', 1),
       (400, 'applicants', 'profile', 'load', 1),
       (400, 'applicants', 'profile', 'load-employer-cases-list', 1),
       (400, 'applicants', 'profile', 'load-short-info', 1),
       (400, 'applicants', 'profile', 'view-image', 1),
       (400, 'applicants', 'search', '', 1),
       (401, 'applicants', 'profile', 'delete-image', 1),
       (401, 'applicants', 'profile', 'get-vevo-country-suggestions', 1),
       (401, 'applicants', 'profile', 'get-vevo-info', 1),
       (401, 'applicants', 'profile', 'save', 1),
       (401, 'applicants', 'profile', 'update-login-info', 1),
       (401, 'applicants', 'profile', 'update-vevo-info', 1),
       (402, 'applicants', 'profile', 'delete', 1),
       (403, 'applicants', 'profile', 'get-vevo-country-suggestions', 1),
       (403, 'applicants', 'profile', 'get-vevo-info', 1),
       (403, 'applicants', 'profile', 'save', 1),
       (403, 'applicants', 'profile', 'update-login-info', 1),
       (403, 'applicants', 'profile', 'update-vevo-info', 1),
       (500, 'profile', 'index', '', 1),
       (1000, 'superadmin', 'change-my-password', '', 1),
       (1005, 'superadmin', 'manage-members-pua', 'delete', 1),
       (1005, 'superadmin', 'manage-members-pua', 'delete-designation-form', 1),
       (1005, 'superadmin', 'manage-members-pua', 'download-designation-form', 1),
       (1005, 'superadmin', 'manage-members-pua', 'export', 1),
       (1005, 'superadmin', 'manage-members-pua', 'get-designation-form', 1),
       (1005, 'superadmin', 'manage-members-pua', 'index', 1),
       (1005, 'superadmin', 'manage-members-pua', 'list', 1),
       (1005, 'superadmin', 'manage-members-pua', 'manage', 1),
       (1005, 'superadmin', 'manage-members-pua', 'upload-designation-form', 1),
       (1010, 'superadmin', 'roles', 'index', 1),
       (1011, 'superadmin', 'roles', 'add', 1),
       (1011, 'superadmin', 'roles', 'check-role', 1),
       (1012, 'superadmin', 'roles', 'check-role', 1),
       (1012, 'superadmin', 'roles', 'edit', 1),
       (1013, 'superadmin', 'roles', 'delete', 1),
       (1014, 'superadmin', 'roles', 'edit-extra-details', 1),
       (1020, 'superadmin', 'manage-admin-users', 'index', 1),
       (1021, 'superadmin', 'manage-admin-users', 'add', 1),
       (1021, 'superadmin', 'manage-admin-users', 'check-username', 1),
       (1022, 'superadmin', 'manage-admin-users', 'check-username', 1),
       (1022, 'superadmin', 'manage-admin-users', 'edit', 1),
       (1023, 'superadmin', 'manage-admin-users', 'delete', 1),
       (1030, 'superadmin', 'manage-members', 'delete-email-account', 1),
       (1030, 'superadmin', 'manage-members', 'get-email-accounts', 1),
       (1030, 'superadmin', 'manage-members', 'index', 1),
       (1030, 'superadmin', 'manage-members', 'list', 1),
       (1030, 'superadmin', 'manage-members', 'save-email-account', 1),
       (1030, 'superadmin', 'manage-members', 'set-email-account-by-default', 1),
       (1030, 'superadmin', 'manage-members', 'test-mail-settings', 1),
       (1031, 'superadmin', 'manage-members', 'add', 1),
       (1031, 'superadmin', 'manage-members', 'check-is-user-exists', 1),
       (1032, 'superadmin', 'manage-members', 'change-vevo-credentials', 1),
       (1032, 'superadmin', 'manage-members', 'check-vevo-account', 1),
       (1032, 'superadmin', 'manage-members', 'edit', 1),
       (1033, 'superadmin', 'manage-members', 'delete', 1),
       (1034, 'superadmin', 'manage-members', 'change-status', 1),
       (1034, 'superadmin', 'manage-members', 'edit-extra-details', 1),
       (1035, 'superadmin', 'manage-members', 'change-password', 1),
       (1040, 'superadmin', 'manage-company', 'check-cc-info', 1),
       (1040, 'superadmin', 'manage-company', 'get-company-details', 1),
       (1040, 'superadmin', 'manage-company', 'get-company-logo', 1),
       (1040, 'superadmin', 'manage-company', 'get-invoice', 1),
       (1040, 'superadmin', 'manage-company', 'index', 1),
       (1040, 'superadmin', 'manage-company', 'show-invoice-pdf', 1),
       (1040, 'superadmin', 'manage-company', 'update-packages-cc', 1),
       (1040, 'superadmin', 'manage-own-company', 'category', 1),
       (1040, 'superadmin', 'manage-own-company', 'file', 1),
       (1040, 'superadmin', 'manage-own-company', 'index', 1),
       (1040, 'superadmin', 'manage-own-company', 'visa', 1),
       (1041, 'superadmin', 'manage-company', 'add', 1),
       (1042, 'superadmin', 'manage-company', 'edit', 1),
       (1042, 'superadmin', 'manage-company', 'remove-company-logo', 1),
       (1042, 'superadmin', 'manage-company', 'update-default-company-admin', 1),
       (1043, 'superadmin', 'manage-company', 'delete', 1),
       (1044, 'superadmin', 'manage-company-as-admin', 'index', 1),
       (1046, 'superadmin', 'manage-company', 'get-failed-invoices', 1),
       (1046, 'superadmin', 'manage-company', 'update-status', 1),
       (1047, 'superadmin', 'manage-company', 'get-companies', 1),
       (1048, 'superadmin', 'manage-company', 'email', 1),
       (1049, 'superadmin', 'manage-company', 'index', 1),
       (1050, 'superadmin', 'conditional-fields', '', 1),
       (1050, 'superadmin', 'manage-company', 'options-delete', 1),
       (1050, 'superadmin', 'manage-company', 'options-get', 1),
       (1050, 'superadmin', 'manage-company', 'options-manage', 1),
       (1050, 'superadmin', 'manage-fields-groups', '', 1),
       (1051, 'superadmin', 'manage-applicant-fields-groups', 'add-block', 1),
       (1051, 'superadmin', 'manage-applicant-fields-groups', 'add-group', 1),
       (1051, 'superadmin', 'manage-applicant-fields-groups', 'delete-field', 1),
       (1051, 'superadmin', 'manage-applicant-fields-groups', 'delete-group', 1),
       (1051, 'superadmin', 'manage-applicant-fields-groups', 'edit-block', 1),
       (1051, 'superadmin', 'manage-applicant-fields-groups', 'edit-field', 1),
       (1051, 'superadmin', 'manage-applicant-fields-groups', 'edit-group', 1),
       (1051, 'superadmin', 'manage-applicant-fields-groups', 'get-contact-fields', 1),
       (1051, 'superadmin', 'manage-applicant-fields-groups', 'get-field-info', 1),
       (1051, 'superadmin', 'manage-applicant-fields-groups', 'index', 1),
       (1051, 'superadmin', 'manage-applicant-fields-groups', 'individuals', 1),
       (1051, 'superadmin', 'manage-applicant-fields-groups', 'remove-block', 1),
       (1051, 'superadmin', 'manage-applicant-fields-groups', 'save-order', 1),
       (1051, 'superadmin', 'manage-applicant-fields-groups', 'toggle-contact-fields', 1),
       (1052, 'superadmin', 'manage-applicant-fields-groups', 'add-block', 1),
       (1052, 'superadmin', 'manage-applicant-fields-groups', 'add-group', 1),
       (1052, 'superadmin', 'manage-applicant-fields-groups', 'delete-field', 1),
       (1052, 'superadmin', 'manage-applicant-fields-groups', 'delete-group', 1),
       (1052, 'superadmin', 'manage-applicant-fields-groups', 'edit-block', 1),
       (1052, 'superadmin', 'manage-applicant-fields-groups', 'edit-field', 1),
       (1052, 'superadmin', 'manage-applicant-fields-groups', 'edit-group', 1),
       (1052, 'superadmin', 'manage-applicant-fields-groups', 'employers', 1),
       (1052, 'superadmin', 'manage-applicant-fields-groups', 'get-contact-fields', 1),
       (1052, 'superadmin', 'manage-applicant-fields-groups', 'get-field-info', 1),
       (1052, 'superadmin', 'manage-applicant-fields-groups', 'index', 1),
       (1052, 'superadmin', 'manage-applicant-fields-groups', 'remove-block', 1),
       (1052, 'superadmin', 'manage-applicant-fields-groups', 'save-order', 1),
       (1052, 'superadmin', 'manage-applicant-fields-groups', 'toggle-contact-fields', 1),
       (1053, 'superadmin', 'manage-applicant-fields-groups', 'add-applicant-type', 1),
       (1053, 'superadmin', 'manage-applicant-fields-groups', 'add-block', 1),
       (1053, 'superadmin', 'manage-applicant-fields-groups', 'add-group', 1),
       (1053, 'superadmin', 'manage-applicant-fields-groups', 'applicant-types', 1),
       (1053, 'superadmin', 'manage-applicant-fields-groups', 'contacts', 1),
       (1053, 'superadmin', 'manage-applicant-fields-groups', 'delete-applicant-type', 1),
       (1053, 'superadmin', 'manage-applicant-fields-groups', 'delete-field', 1),
       (1053, 'superadmin', 'manage-applicant-fields-groups', 'delete-group', 1),
       (1053, 'superadmin', 'manage-applicant-fields-groups', 'edit-block', 1),
       (1053, 'superadmin', 'manage-applicant-fields-groups', 'edit-field', 1),
       (1053, 'superadmin', 'manage-applicant-fields-groups', 'edit-group', 1),
       (1053, 'superadmin', 'manage-applicant-fields-groups', 'get-applicant-types', 1),
       (1053, 'superadmin', 'manage-applicant-fields-groups', 'get-contact-fields', 1),
       (1053, 'superadmin', 'manage-applicant-fields-groups', 'get-field-info', 1),
       (1053, 'superadmin', 'manage-applicant-fields-groups', 'index', 1),
       (1053, 'superadmin', 'manage-applicant-fields-groups', 'remove-block', 1),
       (1053, 'superadmin', 'manage-applicant-fields-groups', 'save-order', 1),
       (1053, 'superadmin', 'manage-applicant-fields-groups', 'toggle-contact-fields', 1),
       (1053, 'superadmin', 'manage-applicant-fields-groups', 'update-applicant-type', 1),
       (1054, 'superadmin', 'manage-applicant-fields-groups', 'add-block', 1),
       (1054, 'superadmin', 'manage-applicant-fields-groups', 'add-group', 1),
       (1054, 'superadmin', 'manage-applicant-fields-groups', 'delete-field', 1),
       (1054, 'superadmin', 'manage-applicant-fields-groups', 'delete-group', 1),
       (1054, 'superadmin', 'manage-applicant-fields-groups', 'edit-block', 1),
       (1054, 'superadmin', 'manage-applicant-fields-groups', 'edit-field', 1),
       (1054, 'superadmin', 'manage-applicant-fields-groups', 'edit-group', 1),
       (1054, 'superadmin', 'manage-applicant-fields-groups', 'get-contact-fields', 1),
       (1054, 'superadmin', 'manage-applicant-fields-groups', 'get-field-info', 1),
       (1054, 'superadmin', 'manage-applicant-fields-groups', 'index', 1),
       (1054, 'superadmin', 'manage-applicant-fields-groups', 'internals', 1),
       (1054, 'superadmin', 'manage-applicant-fields-groups', 'remove-block', 1),
       (1054, 'superadmin', 'manage-applicant-fields-groups', 'save-order', 1),
       (1054, 'superadmin', 'manage-applicant-fields-groups', 'toggle-contact-fields', 1),
       (1060, 'forms', 'forms-folders', '', 1),
       (1060, 'forms', 'index', 'open-version-pdf', 1),
       (1060, 'forms', 'index', 'open-xod', 1),
       (1060, 'forms', 'index', 'search', 1),
       (1060, 'superadmin', 'forms', '', 1),
       (1060, 'superadmin', 'forms-maps', '', 1),
       (1061, 'superadmin', 'landing-pages', 'manage-landing-pages', 1),
       (1070, 'superadmin', 'news', '', 1),
       (1080, 'superadmin', 'shared-templates', '', 1),
       (1090, 'applicants', 'search', 'load-search', 1),
       (1090, 'applicants', 'search', 'save-search', 1),
       (1090, 'superadmin', 'default-searches', '', 1),
       (1090, 'templates', 'index', 'get-email-template', 1),
       (1100, 'superadmin', 'manage-templates', '', 1),
       (1120, 'superadmin', 'automatic-reminder-actions', '', 1),
       (1120, 'superadmin', 'automatic-reminder-conditions', '', 1),
       (1120, 'superadmin', 'automatic-reminder-triggers', '', 1),
       (1120, 'superadmin', 'automatic-reminders', '', 1),
       (1130, 'system', 'import', '', 1),
       (1130, 'system', 'index', '', 1),
       (1140, 'superadmin', 'manage-faq', '', 1),
       (1150, 'superadmin', 'manage-prospects', '', 1),
       (1170, 'superadmin', 'smtp', '', 1),
       (1180, 'superadmin', 'last-logged-in', '', 1),
       (1190, 'superadmin', 'manage-company-prospects', '', 1),
       (1200, 'superadmin', 'manage-hst', '', 1),
       (1210, 'superadmin', 'manage-cmi', '', 1),
       (1220, 'superadmin', 'manage-trial-pricing', '', 1),
       (1230, 'superadmin', 'manage-company', 'generate-invoice-template', 1),
       (1230, 'superadmin', 'manage-company', 'run-charge', 1),
       (1230, 'superadmin', 'manage-invoices', '', 1),
       (1240, 'superadmin', 'manage-pricing', '', 1),
       (1250, 'superadmin', 'manage-bad-debts-log', '', 1),
       (1260, 'superadmin', 'automated-billing-log', '', 1),
       (1270, 'superadmin', 'manage-pt-error-codes', '', 1),
       (1280, 'superadmin', 'accounts', '', 1),
       (1290, 'superadmin', 'forms-default', '', 1),
       (1300, 'superadmin', 'statistics', '', 1),
       (1310, 'superadmin', 'import-clients', '', 1),
       (1311, 'superadmin', 'import-client-notes', '', 1),
       (1320, 'superadmin', 'prospects-matching', '', 1),
       (1330, 'superadmin', 'manage-rss-feed', '', 1),
       (1350, 'superadmin', 'advanced-search', '', 1),
       (1360, 'superadmin', 'manage-company', 'company-search', 1),
       (1370, 'superadmin', 'manage-company', 'export', 1),
       (1370, 'superadmin', 'manage-company', 'export-emails', 1),
       (1370, 'superadmin', 'manage-company', 'get-export-email-accounts', 1),
       (1370, 'superadmin', 'manage-company', 'get-export-email-accounts-folders', 1),
       (1370, 'superadmin', 'manage-company', 'get-export-email-users', 1),
       (1380, 'superadmin', 'system-variables', '', 1),
       (1390, 'superadmin', 'index', 'index', 1),
       (1400, 'superadmin', 'company-website', '', 1),
       (1410, 'superadmin', 'access-logs', 'index', 1),
       (1410, 'superadmin', 'access-logs', 'list', 1),
       (1411, 'superadmin', 'access-logs', 'delete', 1),
       (1420, 'superadmin', 'manage-company', 'generate-invoice-template', 1),
       (1420, 'superadmin', 'manage-company', 'run-charge', 1),
       (1420, 'superadmin', 'manage-company', 'save-packages', 1),
       (1420, 'superadmin', 'manage-company-packages', 'index', 1),
       (1420, 'superadmin', 'manage-templates', 'create-invoice', 1),
       (1421, 'superadmin', 'manage-company-packages', 'edit-extra-details', 1),
       (1430, 'superadmin', 'manage-company', 'mass-email', 1),
       (1440, 'superadmin', 'tickets', 'get-ticket', 1),
       (1440, 'superadmin', 'tickets', 'get-tickets', 1),
       (1441, 'superadmin', 'tickets', 'add', 1),
       (1442, 'superadmin', 'tickets', 'change-status', 1),
       (1450, 'superadmin', 'zoho', '', 1),
       (2000, 'crm', 'index', '', 1),
       (2001, 'crm', 'admin', 'index', 1),
       (2002, 'crm', 'define-users', '', 1),
       (2003, 'crm', 'define-roles', '', 1),
       (2010, 'crm', 'settings', 'index', 1),
       (2011, 'crm', 'settings', 'update-pass', 1),
       (2100, 'crm', 'companies', 'index', 1),
       (2101, 'crm', 'companies', 'add', 1),
       (2102, 'crm', 'companies', 'edit', 1),
       (2103, 'crm', 'companies', 'delete', 1),
       (2200, 'crm', 'prospects', 'index', 1),
       (2201, 'crm', 'prospects', 'add', 1),
       (2202, 'crm', 'prospects', 'edit', 1),
       (2203, 'crm', 'prospects', 'delete', 1),
       (2204, 'superadmin', 'manage-company-contacts-types', '', 1),
       (2210, 'superadmin', 'letterheads', '', 1),
       (2211, 'superadmin', 'roles', 'index', 1),
       (2212, 'superadmin', 'roles', 'add', 1),
       (2213, 'superadmin', 'roles', 'edit', 1),
       (2214, 'superadmin', 'roles', 'delete', 1),
       (2215, 'tasks', 'index', 'delete', 1),
       (2216, 'tasks', 'index', 'delete', 1),
       (2217, 'tasks', 'index', 'delete', 1),
       (2218, 'clients', 'accounting', 'index', 1),
       (2219, 'clients', 'accounting', 'index', 1),
       (2219, 'mail', 'index', 'send', 1),
       (2220, 'clients', 'accounting', 'index', 1),
       (2221, 'clients', 'accounting', 'index', 1),
       (2222, 'clients', 'accounting', 'index', 1),
       (2223, 'clients', 'accounting', 'index', 1),
       (2224, 'clients', 'accounting', 'index', 1),
       (2225, 'clients', 'accounting', 'index', 1),
       (2226, 'clients', 'accounting', 'index', 1),
       (2227, 'superadmin', 'manage-divisions-groups', '', 1),
       (2228, 'superadmin', 'manage-offices', '', 1),
       (2229, 'superadmin', 'manage-company', 'case-number-settings', 1),
       (2229, 'superadmin', 'manage-company', 'case-number-settings-reset-counter', 1),
       (2229, 'superadmin', 'manage-company', 'case-number-settings-save', 1),
       (2230, 'applicants', 'queue', 'change-assigned-staff', 1),
       (2231, 'applicants', 'queue', 'change-visa-subclass', 1),
       (2232, 'superadmin', 'import-bcpnp', '', 1),
       (2233, 'superadmin', 'manage-default-mail-servers', '', 1),
       (2234, 'superadmin', 'manage-company', 'delete-invoice', 1),
       (2235, 'applicants', 'profile', 'export-con', 1),
       (2235, 'applicants', 'profile', 'generate-con', 1),
       (2236, 'documents', 'checklist', 'get-family-members', 1),
       (2236, 'documents', 'checklist', 'get-list', 1),
       (2237, 'documents', 'checklist', 'upload', 1),
       (2238, 'documents', 'checklist', 'delete', 1),
       (2239, 'documents', 'checklist', 'download', 1),
       (2240, 'documents', 'checklist', 'get-all-tags', 1),
       (2240, 'documents', 'checklist', 'set-tags', 1),
       (2241, 'documents', 'checklist', 'reassign', 1),
       (2242, 'superadmin', 'manage-business-hours', 'index', 1),
       (2243, 'superadmin', 'manage-business-hours', 'load-workdays-data', 1),
       (2244, 'superadmin', 'manage-business-hours', 'save-workdays-data', 1),
       (2245, 'superadmin', 'manage-business-hours', 'holidays-view', 1),
       (2246, 'superadmin', 'manage-business-hours', 'holidays-add', 1),
       (2247, 'superadmin', 'manage-business-hours', 'holidays-edit', 1),
       (2248, 'superadmin', 'manage-business-hours', 'holidays-delete', 1),
       (2249, 'superadmin', 'manage-business-hours', 'index', 1),
       (2250, 'superadmin', 'manage-business-hours', 'load-workdays-data', 1),
       (2251, 'superadmin', 'manage-business-hours', 'save-workdays-data', 1),
       (2252, 'superadmin', 'manage-business-hours', 'holidays-view', 1),
       (2253, 'superadmin', 'manage-business-hours', 'holidays-add', 1),
       (2254, 'superadmin', 'manage-business-hours', 'holidays-edit', 1),
       (2255, 'superadmin', 'manage-business-hours', 'holidays-delete', 1),
       (2256, 'applicants', 'search', 'run-search', 1),
       (2257, 'applicants', 'search', 'export-to-excel', 1),
       (2258, 'applicants', 'search', 'print', 1),
       (2259, 'applicants', 'analytics', 'get-analytics-data', 1),
       (2259, 'applicants', 'analytics', 'load-list', 1),
       (2260, 'applicants', 'analytics', 'add', 1),
       (2261, 'applicants', 'analytics', 'edit', 1),
       (2262, 'applicants', 'analytics', 'delete', 1),
       (2263, 'applicants', 'analytics', 'export', 1),
       (2264, 'applicants', 'analytics', 'print', 1),
       (2265, 'applicants', 'analytics', 'get-analytics-data', 1),
       (2265, 'applicants', 'analytics', 'load-list', 1),
       (2266, 'applicants', 'analytics', 'add', 1),
       (2267, 'applicants', 'analytics', 'edit', 1),
       (2268, 'applicants', 'analytics', 'delete', 1),
       (2269, 'applicants', 'analytics', 'export', 1),
       (2270, 'applicants', 'analytics', 'print', 1),
       (2271, 'superadmin', 'manage-default-analytics', '', 1),
       (2272, 'superadmin', 'marketplace', '', 1),
       (2273, 'prospects', 'index', 'save', 1),
       (2274, 'prospects', 'index', 'delete-resume', 1),
       (2274, 'prospects', 'index', 'download-resume', 1),
       (2274, 'prospects', 'index', 'save', 1),
       (2274, 'prospects', 'index', 'save-assessment', 1),
       (2274, 'prospects', 'index', 'save-business', 1),
       (2274, 'prospects', 'index', 'save-occupations', 1),
       (2275, 'prospects', 'index', 'delete-prospect', 1),
       (2276, 'prospects', 'index', 'convert-to-client', 1),
       (2277, 'prospects', 'index', 'get-adv-search-fields', 1),
       (2278, 'prospects', 'index', 'export-to-excel', 1),
       (2279, 'prospects', 'index', 'index', 1),
       (2280, 'prospects', 'index', 'get-note', 1),
       (2280, 'prospects', 'index', 'get-notes', 1),
       (2281, 'prospects', 'index', 'download-attachment', 1),
       (2281, 'prospects', 'index', 'notes-add', 1),
       (2281, 'prospects', 'index', 'upload-attachments', 1),
       (2282, 'prospects', 'index', 'download-attachment', 1),
       (2282, 'prospects', 'index', 'notes-edit', 1),
       (2282, 'prospects', 'index', 'upload-attachments', 1),
       (2283, 'prospects', 'index', 'notes-delete', 1),
       (2284, 'prospects', 'index', 'add-folder', 1),
       (2284, 'prospects', 'index', 'copy-files', 1),
       (2284, 'prospects', 'index', 'create-letter', 1),
       (2284, 'prospects', 'index', 'delete', 1),
       (2284, 'prospects', 'index', 'download-email', 1),
       (2284, 'prospects', 'index', 'drag-and-drop', 1),
       (2284, 'prospects', 'index', 'files-upload', 1),
       (2284, 'prospects', 'index', 'get-documents-tree', 1),
       (2284, 'prospects', 'index', 'get-image', 1),
       (2284, 'prospects', 'index', 'get-pdf', 1),
       (2284, 'prospects', 'index', 'move-files', 1),
       (2284, 'prospects', 'index', 'new-file', 1),
       (2284, 'prospects', 'index', 'open-pdf', 1),
       (2284, 'prospects', 'index', 'preview', 1),
       (2284, 'prospects', 'index', 'rename-file', 1),
       (2284, 'prospects', 'index', 'rename-folder', 1),
       (2284, 'prospects', 'index', 'save-file', 1),
       (2284, 'prospects', 'index', 'save-to-inbox', 1),
       (2285, 'prospects', 'index', 'download-resume', 1),
       (2285, 'prospects', 'index', 'export-to-pdf', 1),
       (2285, 'prospects', 'index', 'get-all-prospects-list', 1),
       (2285, 'prospects', 'index', 'get-done-tasks-list', 1),
       (2285, 'prospects', 'index', 'get-prospect-title', 1),
       (2285, 'prospects', 'index', 'get-prospects-list', 1),
       (2285, 'prospects', 'index', 'get-prospects-page', 1),
       (2285, 'prospects', 'index', 'get-prospects-unread-counts', 1),
       (2285, 'prospects', 'index', 'index', 1),
       (2285, 'prospects', 'index', 'mark', 1),
       (2285, 'superadmin', 'manage-company-prospects', 'get-templates-list', 1),
       (2286, 'prospects', 'index', 'convert-to-client', 1),
       (2287, 'prospects', 'index', 'get-adv-search-fields', 1),
       (2288, 'prospects', 'index', 'export-to-excel', 1),
       (2289, 'prospects', 'index', 'index', 1),
       (2290, 'prospects', 'index', 'get-note', 1),
       (2290, 'prospects', 'index', 'get-notes', 1),
       (2291, 'prospects', 'index', 'notes-add', 1),
       (2292, 'prospects', 'index', 'notes-edit', 1),
       (2293, 'prospects', 'index', 'notes-delete', 1),
       (2294, 'prospects', 'index', 'add-folder', 1),
       (2294, 'prospects', 'index', 'copy-files', 1),
       (2294, 'prospects', 'index', 'create-letter', 1),
       (2294, 'prospects', 'index', 'delete', 1),
       (2294, 'prospects', 'index', 'download-email', 1),
       (2294, 'prospects', 'index', 'drag-and-drop', 1),
       (2294, 'prospects', 'index', 'files-upload', 1),
       (2294, 'prospects', 'index', 'get-documents-tree', 1),
       (2294, 'prospects', 'index', 'get-image', 1),
       (2294, 'prospects', 'index', 'get-pdf', 1),
       (2294, 'prospects', 'index', 'move-files', 1),
       (2294, 'prospects', 'index', 'new-file', 1),
       (2294, 'prospects', 'index', 'open-pdf', 1),
       (2294, 'prospects', 'index', 'preview', 1),
       (2294, 'prospects', 'index', 'rename-file', 1),
       (2294, 'prospects', 'index', 'rename-folder', 1),
       (2294, 'prospects', 'index', 'save-file', 1),
       (2294, 'prospects', 'index', 'save-to-inbox', 1),
       (2295, 'tasks', 'index', 'add', 1),
       (2296, 'tasks', 'index', 'add', 1),
       (2297, 'tasks', 'index', 'add', 1),
       (2298, 'superadmin', 'url-checker', '', 1);

-- --------------------------------------------------------

--
-- Table structure for table `admin_navigation`
--

CREATE TABLE `admin_navigation`
(
    `navigation_id` int(11)      NOT NULL,
    `section_id`    int(11)               DEFAULT '0',
    `resource_id`   varchar(100) NOT NULL DEFAULT '',
    `action`        varchar(255)          DEFAULT NULL,
    `rule_check_id` varchar(100) NOT NULL DEFAULT '',
    `title`         varchar(100) NOT NULL DEFAULT '',
    `order_id`      int(11)      NOT NULL DEFAULT '0',
    `status`        int(1)       NOT NULL DEFAULT '1'
) ENGINE = InnoDB
  DEFAULT CHARSET = utf8;

--
-- Dumping data for table `admin_navigation`
--

INSERT INTO `admin_navigation` (`navigation_id`, `section_id`, `resource_id`, `action`, `rule_check_id`, `title`,
                                `order_id`, `status`)
VALUES (2, 1, '#', NULL, '', 'Manage Sub Offices', 2, 0),
       (3, 1, '#', NULL, '', 'Manage Company Templates', 3, 0),
       (4, 1, 'news', NULL, '', 'Announcements', 4, 1),
       (5, 1, 'manage-admin-users', NULL, '', 'Manage Super Admin Users', 6, 1),
       (6, 1, 'manage-members', NULL, '', 'Manage All Company Users', 7, 1),
       (7, 1, 'forms', NULL, '', 'Manage Forms', 8, 1),
       (8, 1, 'change-my-password', NULL, '', 'Change My Password', 9, 1),
       (9, 2, 'roles', NULL, '', 'Default Roles', 1, 1),
       (10, 2, 'manage-fields-groups', 'templates', '', 'Default Cases Fields/Groups', 2, 1),
       (11, 2, 'client-documents', NULL, 'client-documents-settings-view', 'Default Client\'s Document Folders', 5, 1),
       (12, 2, 'automatic-reminders', NULL, '', 'Default Automatic Tasks', 6, 1),
       (13, 2, 'trust-account-settings', NULL, '', 'Default Trust A/C Settings', 7, 1),
       (14, 2, 'shared-templates', NULL, '', 'Default Shared Templates', 8, 1),
       (15, 2, 'default-searches', NULL, '', 'Default Searches', 9, 1),
       (16, 3, 'roles', NULL, '', 'Roles', 1, 1),
       (17, 3, 'manage-members', NULL, '', 'Users', 2, 1),
       (18, 3, 'change-my-password', NULL, '', 'Change My Password', 3, 1),
       (19, 4, 'manage-own-company', NULL, '', 'Company Details', 1, 1),
       (20, 4, 'manage-own-company', 'file', '', 'File Statuses', 2, 1),
       (21, 4, 'manage-own-company', 'category', '', 'Categories', 3, 1),
       (22, 4, 'manage-own-company', 'visa', '', 'Visa Posts', 4, 1),
       (23, 4, 'manage-own-company', 'office', '', 'Offices', 5, 1),
       (24, 4, 'automatic-reminders', NULL, '', 'Automatic Tasks', 6, 1),
       (25, 4, 'client-documents', NULL, 'client-documents-settings-view', 'Clients\' Default Folders', 7, 1),
       (26, 4, 'trust-account-settings', NULL, '', 'Trust Accounts', 8, 1),
       (27, 4, 'trust-account-settings', 'settings', '', 'Trust Account Settings', 9, 1),
       (28, 4, 'manage-fields-groups', 'templates', '', 'Manage Cases Fields/Grouping', 10, 2),
       (29, 1, 'manage-faq', NULL, '', 'Manage Help', 5, 1),
       (30, 1, 'manage-prospects', NULL, '', 'Manage Prospects', 10, 1),
       (31, 1, 'manage-templates', NULL, '', 'Manage Templates', 11, 1),
       (33, 1, 'smtp', '', '', 'Mail Server Settings', 12, 1),
       (34, 1, 'last-logged-in', NULL, '', 'Last Logged In Info', 13, 1),
       (35, 4, 'manage-company-prospects', NULL, '', 'Prospects Manager', 14, 1),
       (36, 2, 'manage-company-prospects', NULL, '', 'Default Prospects', 10, 1),
       (38, 1, 'manage-hst', NULL, '', 'Manage GST/HST', 14, 1),
       (39, 1, 'manage-cmi', NULL, '', 'Manage CMI', 15, 1),
       (40, 1, 'manage-trial-pricing', NULL, '', 'Trial users pricing', 16, 1),
       (42, 1, 'manage-pricing', NULL, '', 'Manage pricing', 18, 1),
       (46, 1, 'accounts', NULL, '', 'Accounts', 19, 1),
       (47, 4, 'forms-default', NULL, 'forms-default', 'Customize Forms', 15, 1),
       (48, 1, 'statistics', NULL, '', 'Statistics', 20, 1),
       (49, 4, 'company-website', NULL, '', 'Web-builder', 16, 1),
       (50, 1, 'prospects-matching', NULL, '', 'Prospects Matching', 21, 1),
       (51, 4, 'import-clients', NULL, '', 'Import Clients', 17, 2),
       (52, 1, 'manage-rss-feed', NULL, '', 'Manage news black list', 15, 1),
       (55, 4, 'manage-company-contacts-types', NULL, '', 'Contacts', 5, 1),
       (56, 2, 'manage-applicant-fields-groups', 'individuals', '', 'Default Individuals Fields/Groups', 3, 1),
       (57, 2, 'manage-applicant-fields-groups', 'employers', '', 'Default Employers Fields/Groups', 4, 1),
       (58, 4, 'manage-applicant-fields-groups', 'individuals', 'manage-individuals-fields',
        'Manage Individuals Fields/Grouping', 12, 2),
       (59, 4, 'manage-applicant-fields-groups', 'employers', 'manage-employers-fields',
        'Manage Employers Fields/Grouping', 13, 2),
       (60, 4, 'manage-applicant-fields-groups', 'applicant-types', 'manage-contacts-fields',
        'Manage Contacts Fields/Grouping', 11, 2);

-- --------------------------------------------------------

--
-- Table structure for table `admin_navigation_sections`
--

CREATE TABLE `admin_navigation_sections`
(
    `section_id`         int(11)      NOT NULL,
    `section_name`       varchar(100) NOT NULL DEFAULT '',
    `section_order_id`   int(11)      NOT NULL DEFAULT '0',
    `section_status`     int(1)       NOT NULL DEFAULT '1',
    `section_superadmin` int(1)       NOT NULL DEFAULT '0'
) ENGINE = InnoDB
  DEFAULT CHARSET = utf8;

--
-- Dumping data for table `admin_navigation_sections`
--

INSERT INTO `admin_navigation_sections` (`section_id`, `section_name`, `section_order_id`, `section_status`,
                                         `section_superadmin`)
VALUES (1, 'Super Admin Functions', 0, 1, 1),
       (2, 'New Company Defaults', 1, 1, 1),
       (3, 'Manage Users', 0, 1, 0),
       (4, 'Company Preferences', 1, 1, 0);

-- --------------------------------------------------------

--
-- Table structure for table `analytics`
--

CREATE TABLE `analytics`
(
    `analytics_id`     int(11)                        NOT NULL,
    `analytics_type`   enum ('applicants','contacts') NOT NULL DEFAULT 'applicants',
    `company_id`       bigint(20)                              DEFAULT NULL,
    `analytics_name`   char(255)                               DEFAULT NULL,
    `analytics_params` text
) ENGINE = InnoDB
  DEFAULT CHARSET = utf8 COMMENT ='Contains saved analytics params about client and case fields data.';

-- --------------------------------------------------------

--
-- Table structure for table `applicant_form_blocks`
--

CREATE TABLE `applicant_form_blocks`
(
    `applicant_block_id` int(11) UNSIGNED NOT NULL,
    `member_type_id`     int(2) UNSIGNED  NOT NULL,
    `company_id`         bigint(20)       NOT NULL,
    `applicant_type_id`  int(11) UNSIGNED          DEFAULT NULL,
    `contact_block`      enum ('Y','N')   NOT NULL DEFAULT 'N' COMMENT 'Identifies if this block is related to the current client or to related internal contact',
    `repeatable`         enum ('Y','N')   NOT NULL DEFAULT 'N' COMMENT 'Identifies if several internal contacts can be related to the current user (so several contact blocks can be created).',
    `order`              int(11) UNSIGNED          DEFAULT NULL
) ENGINE = InnoDB
  DEFAULT CHARSET = utf8 COMMENT ='Client''s profile is created from blocks. Each block is related to the current client or to related clients (internal contacts).';

--
-- Dumping data for table `applicant_form_blocks`
--

INSERT INTO `applicant_form_blocks` (`applicant_block_id`, `member_type_id`, `company_id`, `applicant_type_id`,
                                     `contact_block`, `repeatable`, `order`)
VALUES (1410, 9, 0, NULL, 'N', 'N', 0),
       (1411, 8, 0, NULL, 'Y', 'N', 0),
       (1412, 7, 0, NULL, 'Y', 'N', 0),
       (1413, 10, 0, 19, 'Y', 'N', 0),
       (1414, 10, 0, 20, 'Y', 'N', 1),
       (1415, 10, 0, 23, 'Y', 'N', 2),
       (1416, 10, 0, 24, 'Y', 'N', 3),
       (1417, 10, 0, 25, 'Y', 'N', 4),
       (1418, 10, 0, 26, 'Y', 'N', 5),
       (1419, 9, 2, NULL, 'N', 'N', 0),
       (1420, 8, 2, NULL, 'Y', 'N', 0),
       (1421, 7, 2, NULL, 'Y', 'N', 0),
       (1422, 10, 2, 35, 'Y', 'N', 0),
       (1423, 10, 2, 36, 'Y', 'N', 1),
       (1424, 10, 2, 37, 'Y', 'N', 2),
       (1425, 10, 2, 38, 'Y', 'N', 3),
       (1426, 10, 2, 39, 'Y', 'N', 4),
       (1427, 10, 2, 40, 'Y', 'N', 5);

-- --------------------------------------------------------

--
-- Table structure for table `applicant_form_data`
--

CREATE TABLE `applicant_form_data`
(
    `applicant_id`       bigint(20)          NOT NULL,
    `applicant_field_id` int(11) UNSIGNED    NOT NULL,
    `value`              text,
    `row`                tinyint(2) UNSIGNED NOT NULL COMMENT 'If client has several internal contacts - each row is related to specific internal contact.',
    `row_id`             varchar(32) DEFAULT NULL COMMENT 'Is used to identify repeatable internal contacts.'
) ENGINE = InnoDB
  DEFAULT CHARSET = utf8 COMMENT ='Client''s saved data is saved here. Each field''s value is saved in the value column. Format is different, based on the field''s type.';

-- --------------------------------------------------------

--
-- Table structure for table `applicant_form_default`
--

CREATE TABLE `applicant_form_default`
(
    `applicant_form_default_id` int(11) UNSIGNED NOT NULL,
    `applicant_field_id`        int(11) UNSIGNED    DEFAULT NULL,
    `value`                     text,
    `order`                     tinyint(3) UNSIGNED DEFAULT NULL
) ENGINE = InnoDB
  DEFAULT CHARSET = utf8 COMMENT ='Each company can have own list of fields. Radios,checkboxes, other field types have own list of options that are saved here.';

--
-- Dumping data for table `applicant_form_default`
--

INSERT INTO `applicant_form_default` (`applicant_form_default_id`, `applicant_field_id`, `value`, `order`)
VALUES (840, 6788, 'Mr.', 0),
       (841, 6788, 'Ms.', 1),
       (842, 6788, 'Mrs.', 2),
       (843, 6788, 'Miss', 3),
       (844, 6788, 'Dr.', 4),
       (845, 6791, 'Male', 0),
       (846, 6791, 'Female', 1),
       (847, 6791, 'X', 2),
       (848, 6836, 'Public', 0),
       (849, 6836, 'Private', 1),
       (850, 6837, 'English', 0),
       (851, 6837, 'French', 1),
       (852, 6837, 'Both', 2),
       (853, 6869, 'Mr.', 0),
       (854, 6869, 'Ms.', 1),
       (855, 6869, 'Mrs.', 2),
       (856, 6869, 'Miss', 3),
       (857, 6869, 'Dr.', 4),
       (858, 6872, 'Male', 0),
       (859, 6872, 'Female', 1),
       (860, 6872, 'X', 2),
       (861, 6917, 'Public', 0),
       (862, 6917, 'Private', 1),
       (863, 6918, 'English', 0),
       (864, 6918, 'French', 1),
       (865, 6918, 'Both', 2),
       (867, 6950, '', 0),
       (869, 6951, '', 0);

-- --------------------------------------------------------

--
-- Table structure for table `applicant_form_fields`
--

CREATE TABLE `applicant_form_fields`
(
    `applicant_field_id`        int(11) UNSIGNED                                                                                                                                                                                                                                                                                                                                                       NOT NULL,
    `member_type_id`            int(2) UNSIGNED                                                                                                                                                                                                                                                                                                                                                        NOT NULL,
    `company_id`                bigint(20)                                                                                                                                                                                                                                                                                                                                                             NOT NULL,
    `applicant_field_unique_id` varchar(100)                                                                                                                                                                                                                                                                                                                                                                    DEFAULT NULL,
    `type`                      enum ('text','password','number','email','phone','memo','combo','country','agents','office','office_multi','assigned_to','radio','checkbox','date','date_repeatable','photo','file','office_change_date_time','multiple_text_fields','html_editor','kskeydid','case_internal_id','applicant_internal_id','multiple_combo','reference','authorized_agents','hyperlink') NOT NULL DEFAULT 'text',
    `label`                     char(255)                                                                                                                                                                                                                                                                                                                                                                       DEFAULT NULL,
    `maxlength`                 int(6) UNSIGNED                                                                                                                                                                                                                                                                                                                                                                 DEFAULT NULL,
    `encrypted`                 enum ('Y','N')                                                                                                                                                                                                                                                                                                                                                         NOT NULL DEFAULT 'N',
    `required`                  enum ('Y','N')                                                                                                                                                                                                                                                                                                                                                         NOT NULL DEFAULT 'N',
    `required_for_submission`   enum ('Y','N')                                                                                                                                                                                                                                                                                                                                                         NOT NULL DEFAULT 'N',
    `disabled`                  enum ('Y','N')                                                                                                                                                                                                                                                                                                                                                         NOT NULL DEFAULT 'N',
    `blocked`                   enum ('Y','N')                                                                                                                                                                                                                                                                                                                                                         NOT NULL DEFAULT 'N',
    `multiple_values`           enum ('Y','N')                                                                                                                                                                                                                                                                                                                                                         NOT NULL DEFAULT 'N',
    `skip_access_requirements`  enum ('Y','N')                                                                                                                                                                                                                                                                                                                                                         NOT NULL DEFAULT 'N',
    `custom_height`             int(11) UNSIGNED                                                                                                                                                                                                                                                                                                                                                       NOT NULL DEFAULT '0'
) ENGINE = InnoDB
  DEFAULT CHARSET = utf8 COMMENT ='Contains fields that are used/showed in the client''s profile. Each field''s unique id (saved in applicant_field_unique_id) must be unique for specific client type (described in applicant_form_order table).';

--
-- Dumping data for table `applicant_form_fields`
--

INSERT INTO `applicant_form_fields` (`applicant_field_id`, `member_type_id`, `company_id`, `applicant_field_unique_id`,
                                     `type`, `label`, `maxlength`, `encrypted`, `required`, `required_for_submission`,
                                     `disabled`, `blocked`, `multiple_values`, `skip_access_requirements`,
                                     `custom_height`)
VALUES (6788, 9, 0, 'title', 'combo', 'Salutation', NULL, 'N', 'N', 'N', 'N', 'N', 'N', 'N', 0),
       (6789, 9, 0, 'first_name', 'text', 'First Name', NULL, 'N', 'Y', 'N', 'N', 'N', 'N', 'N', 0),
       (6790, 9, 0, 'last_name', 'text', 'Last Name', NULL, 'N', 'Y', 'N', 'N', 'N', 'N', 'N', 0),
       (6791, 9, 0, 'gender', 'combo', 'Gender', NULL, 'N', 'N', 'N', 'N', 'N', 'N', 'N', 0),
       (6792, 9, 0, 'DOB', 'date_repeatable', 'Date of Birth', NULL, 'N', 'N', 'N', 'N', 'N', 'N', 'N', 0),
       (6793, 8, 0, 'office', 'office_multi', 'Queue', NULL, 'N', 'Y', 'N', 'N', 'N', 'N', 'N', 0),
       (6794, 9, 0, 'city_of_birth', 'text', 'City of Birth', NULL, 'N', 'N', 'N', 'N', 'N', 'N', 'N', 0),
       (6795, 9, 0, 'country_of_birth', 'country', 'Country of Birth', NULL, 'N', 'N', 'N', 'N', 'N', 'N', 'N', 0),
       (6796, 9, 0, 'country_of_citizenship', 'country', 'Country of Citizenship', NULL, 'N', 'N', 'N', 'N', 'N', 'N',
        'N', 0),
       (6797, 9, 0, 'passport_number', 'text', 'Passport Number', 20, 'N', 'N', 'N', 'N', 'N', 'N', 'N', 0),
       (6798, 9, 0, 'passport_issue_date', 'date', 'Passport Issue Date', NULL, 'N', 'N', 'N', 'N', 'N', 'N', 'N', 0),
       (6799, 9, 0, 'passport_expiry_date', 'date', 'Passport Expiry Date', NULL, 'N', 'N', 'N', 'N', 'N', 'N', 'N', 0),
       (6800, 9, 0, 'phone', 'phone', 'Phone', NULL, 'N', 'N', 'N', 'N', 'N', 'N', 'N', 0),
       (6801, 9, 0, 'mobile_phone', 'phone', 'Mobile Phone', NULL, 'N', 'N', 'N', 'N', 'N', 'N', 'N', 0),
       (6802, 9, 0, 'email', 'email', 'Email', NULL, 'N', 'N', 'N', 'N', 'N', 'N', 'N', 0),
       (6803, 9, 0, 'secondary_email', 'email', 'Secondary Email', NULL, 'N', 'N', 'N', 'N', 'N', 'N', 'N', 0),
       (6804, 9, 0, 'address_line_1', 'text', 'Address Line 1', NULL, 'N', 'N', 'N', 'N', 'N', 'N', 'N', 0),
       (6805, 9, 0, 'address_line_2', 'text', 'Address Line 2', NULL, 'N', 'N', 'N', 'N', 'N', 'N', 'N', 0),
       (6806, 9, 0, 'city', 'text', 'City', NULL, 'N', 'N', 'N', 'N', 'N', 'N', 'N', 0),
       (6807, 9, 0, 'state', 'text', 'Province/State', NULL, 'N', 'N', 'N', 'N', 'N', 'N', 'N', 0),
       (6808, 9, 0, 'country', 'country', 'Country', NULL, 'N', 'N', 'N', 'N', 'N', 'N', 'N', 0),
       (6809, 9, 0, 'zip_code', 'text', 'Postal/Zip code', 16, 'N', 'N', 'N', 'N', 'N', 'N', 'N', 0),
       (6810, 9, 0, 'applicant_mailing_address_line', 'text', 'Applicant Mailing Address', NULL, 'N', 'N', 'N', 'N',
        'N', 'N', 'N', 0),
       (6811, 9, 0, 'applicant_mailing_town', 'text', 'Applicant Mailing City/Town', NULL, 'N', 'N', 'N', 'N', 'N', 'N',
        'N', 0),
       (6812, 9, 0, 'applicant_mailing_province', 'text', 'Applicant Mailing Province/Territory', NULL, 'N', 'N', 'N',
        'N', 'N', 'N', 'N', 0),
       (6813, 9, 0, 'applicant_mailing_country', 'country', 'Applicant Mailing Country', NULL, 'N', 'N', 'N', 'N', 'N',
        'N', 'N', 0),
       (6814, 9, 0, 'applicant_mailing_postal', 'text', 'Applicant Mailing Postal/ZIP code', NULL, 'N', 'N', 'N', 'N',
        'N', 'N', 'N', 0),
       (6815, 9, 0, 'applicant_representative_family_name', 'text', 'Representative\'s Family Name(s)', NULL, 'N', 'N',
        'N', 'N', 'N', 'N', 'N', 0),
       (6816, 9, 0, 'applicant_representative_given_name', 'text', 'Representative\'s Given Name(s)', NULL, 'N', 'N',
        'N', 'N', 'N', 'N', 'N', 0),
       (6817, 9, 0, 'applicant_representative_name_of_firm', 'text', 'Representative\'s Firm/Organization', NULL, 'N',
        'N', 'N', 'N', 'N', 'N', 'N', 0),
       (6818, 9, 0, 'applicant_representative_email_address', 'email', 'Representative\'s Email', NULL, 'N', 'N', 'N',
        'N', 'N', 'N', 'N', 0),
       (6819, 9, 0, 'applicant_representative_primary_phone', 'phone', 'Representative\'s Primary Phone', NULL, 'N',
        'N', 'N', 'N', 'N', 'N', 'N', 0),
       (6820, 9, 0, 'applicant_representative_secondary_phone', 'phone', 'Representative\'s Secondary Phone', NULL, 'N',
        'N', 'N', 'N', 'N', 'N', 'N', 0),
       (6821, 9, 0, 'applicant_representative_address_line', 'text', 'Representative\'s Address Line', NULL, 'N', 'N',
        'N', 'N', 'N', 'N', 'N', 0),
       (6822, 9, 0, 'applicant_representative_city', 'text', 'Representative\'s City/Town', NULL, 'N', 'N', 'N', 'N',
        'N', 'N', 'N', 0),
       (6823, 9, 0, 'applicant_representative_state', 'text', 'Representative\'s Province/State', NULL, 'N', 'N', 'N',
        'N', 'N', 'N', 'N', 0),
       (6824, 9, 0, 'applicant_representative_postal', 'text', 'Representative\'s Postal/Zip Code', NULL, 'N', 'N', 'N',
        'N', 'N', 'N', 'N', 0),
       (6825, 9, 0, 'applicant_representative_country', 'country', 'Representative\'s Country', NULL, 'N', 'N', 'N',
        'N', 'N', 'N', 'N', 0),
       (6826, 9, 0, 'ee_profile_number', 'text', 'Profile Number', NULL, 'N', 'N', 'N', 'N', 'N', 'N', 'N', 0),
       (6827, 9, 0, 'ee_expiry_date', 'date', 'Profile Submission Expiry Date', NULL, 'N', 'N', 'N', 'N', 'N', 'N', 'N',
        0),
       (6828, 9, 0, 'entity_name', 'text', 'Registered Company Name', NULL, 'N', 'Y', 'N', 'N', 'N', 'N', 'N', 0),
       (6829, 9, 0, 'employer_operating_as', 'text', 'Employer Operating as', NULL, 'N', 'N', 'N', 'N', 'N', 'N', 'N',
        0),
       (6830, 9, 0, 'employer_company_website', 'text', 'Employer Company Website', NULL, 'N', 'N', 'N', 'N', 'N', 'N',
        'N', 0),
       (6831, 9, 0, 'employer_company_owners', 'text', 'Employer Company Owner(s)', NULL, 'N', 'N', 'N', 'N', 'N', 'N',
        'N', 0),
       (6832, 9, 0, 'type_of_company', 'text', 'Type of Company (Industry/Sector)', NULL, 'N', 'N', 'N', 'N', 'N', 'N',
        'N', 0),
       (6833, 9, 0, 'employer_date_company_established', 'date', 'Employer Date Company Established', NULL, 'N', 'N',
        'N', 'N', 'N', 'N', 'N', 0),
       (6834, 9, 0, 'employer_number_of_employees', 'number', 'Employer Number of Employees', NULL, 'N', 'N', 'N', 'N',
        'N', 'N', 'N', 0),
       (6835, 9, 0, 'employer_number_of_foreign_workers', 'number', 'Number of Foreign Workers or Nominees?', NULL, 'N',
        'N', 'N', 'N', 'N', 'N', 'N', 0),
       (6836, 9, 0, 'employer_company_type', 'combo', 'Employer Company type', NULL, 'N', 'N', 'N', 'N', 'N', 'N', 'N',
        0),
       (6837, 9, 0, 'employer_primary_language_of_business', 'combo', 'Employer Primary Language of Business', NULL,
        'N', 'N', 'N', 'N', 'N', 'N', 'N', 0),
       (6838, 7, 0, 'office', 'office_multi', 'Queue', NULL, 'N', 'Y', 'N', 'N', 'N', 'N', 'N', 0),
       (6839, 9, 0, 'employer_address_line', 'text', 'Address line (Number and Street)', NULL, 'N', 'N', 'N', 'N', 'N',
        'N', 'N', 0),
       (6840, 9, 0, 'employer_town', 'text', 'City/Town', NULL, 'N', 'N', 'N', 'N', 'N', 'N', 'N', 0),
       (6841, 9, 0, 'employer_province', 'text', 'Province/Territory', NULL, 'N', 'N', 'N', 'N', 'N', 'N', 'N', 0),
       (6842, 9, 0, 'employer_country', 'country', 'Country', NULL, 'N', 'N', 'N', 'N', 'N', 'N', 'N', 0),
       (6843, 9, 0, 'employer_postal', 'text', 'Postal/ZIP code', NULL, 'N', 'N', 'N', 'N', 'N', 'N', 'N', 0),
       (6844, 9, 0, 'employer_mailing_address_line', 'text', 'Employer Mailing Address', NULL, 'N', 'N', 'N', 'N', 'N',
        'N', 'N', 0),
       (6845, 9, 0, 'employer_mailing_town', 'text', 'Employer Mailing City/Town', NULL, 'N', 'N', 'N', 'N', 'N', 'N',
        'N', 0),
       (6846, 9, 0, 'employer_mailing_province', 'text', 'Employer Mailing Province/Territory', NULL, 'N', 'N', 'N',
        'N', 'N', 'N', 'N', 0),
       (6847, 9, 0, 'employer_mailing_country', 'country', 'Employer Mailing Country', NULL, 'N', 'N', 'N', 'N', 'N',
        'N', 'N', 0),
       (6848, 9, 0, 'employer_mailing_postal', 'text', 'Employer Mailing Postal/ZIP code', NULL, 'N', 'N', 'N', 'N',
        'N', 'N', 'N', 0),
       (6849, 9, 0, 'employer_representative_family_name', 'text', 'Representative\'s Family Name(s)', NULL, 'N', 'N',
        'N', 'N', 'N', 'N', 'N', 0),
       (6850, 9, 0, 'employer_representative_given_name', 'text', 'Representative\'s Given Name(s)', NULL, 'N', 'N',
        'N', 'N', 'N', 'N', 'N', 0),
       (6851, 9, 0, 'employer_representative_name_of_firm', 'text', 'Representative\'s Firm/Organization', NULL, 'N',
        'N', 'N', 'N', 'N', 'N', 'N', 0),
       (6852, 9, 0, 'employer_representative_email_address', 'email', 'Representative\'s Email', NULL, 'N', 'N', 'N',
        'N', 'N', 'N', 'N', 0),
       (6853, 9, 0, 'employer_representative_primary_phone', 'phone', 'Representative\'s Primary Phone', NULL, 'N', 'N',
        'N', 'N', 'N', 'N', 'N', 0),
       (6854, 9, 0, 'employer_representative_secondary_phone', 'phone', 'Representative\'s Secondary Phone', NULL, 'N',
        'N', 'N', 'N', 'N', 'N', 'N', 0),
       (6855, 9, 0, 'employer_representative_address_line', 'text', 'Representative\'s Address Line', NULL, 'N', 'N',
        'N', 'N', 'N', 'N', 'N', 0),
       (6856, 9, 0, 'employer_representative_city', 'text', 'Representative\'s City/Town', NULL, 'N', 'N', 'N', 'N',
        'N', 'N', 'N', 0),
       (6857, 9, 0, 'employer_representative_state', 'text', 'Representative\'s Province/State', NULL, 'N', 'N', 'N',
        'N', 'N', 'N', 'N', 0),
       (6858, 9, 0, 'employer_representative_postal', 'text', 'Representative\'s Postal/Zip Code', NULL, 'N', 'N', 'N',
        'N', 'N', 'N', 'N', 0),
       (6859, 9, 0, 'employer_representative_country', 'country', 'Representative\'s Country', NULL, 'N', 'N', 'N', 'N',
        'N', 'N', 'N', 0),
       (6860, 9, 0, 'employer_contact_title', 'text', 'Employer Contact Title', NULL, 'N', 'N', 'N', 'N', 'N', 'N', 'N',
        0),
       (6861, 9, 0, 'employer_contact', 'text', 'Employer Contact (with Signing Authority)', NULL, 'N', 'N', 'N', 'N',
        'N', 'N', 'N', 0),
       (6862, 9, 0, 'employer_contact_email', 'email', 'Employer Contact Email', NULL, 'N', 'N', 'N', 'N', 'N', 'N',
        'N', 0),
       (6863, 9, 0, 'employer_contact_phone', 'text', 'Employer Contact Phone', NULL, 'N', 'N', 'N', 'N', 'N', 'N', 'N',
        0),
       (6864, 9, 0, 'employer_contact_fax', 'text', 'Employer Contact Fax', NULL, 'N', 'N', 'N', 'N', 'N', 'N', 'N', 0),
       (6865, 9, 0, 'position', 'text', 'Position', NULL, 'N', 'N', 'N', 'N', 'N', 'N', 'N', 0),
       (6866, 9, 0, 'department', 'text', 'Department', NULL, 'N', 'N', 'N', 'N', 'N', 'N', 'N', 0),
       (6867, 9, 0, 'notes', 'memo', 'Notes', NULL, 'N', 'N', 'N', 'N', 'N', 'N', 'N', 0),
       (6868, 10, 0, 'office', 'office_multi', 'Queue', NULL, 'N', 'Y', 'N', 'N', 'N', 'N', 'N', 0),
       (6869, 9, 2, 'title', 'combo', 'Salutation', NULL, 'N', 'N', 'N', 'N', 'N', 'N', 'N', 0),
       (6870, 9, 2, 'first_name', 'text', 'First Name', NULL, 'N', 'Y', 'N', 'N', 'N', 'N', 'N', 0),
       (6871, 9, 2, 'last_name', 'text', 'Last Name', NULL, 'N', 'Y', 'N', 'N', 'N', 'N', 'N', 0),
       (6872, 9, 2, 'gender', 'combo', 'Gender', NULL, 'N', 'N', 'N', 'N', 'N', 'N', 'N', 0),
       (6873, 9, 2, 'DOB', 'date_repeatable', 'Date of Birth', NULL, 'N', 'N', 'N', 'N', 'N', 'N', 'N', 0),
       (6874, 8, 2, 'office', 'office_multi', 'Queue', NULL, 'N', 'Y', 'N', 'N', 'N', 'N', 'N', 0),
       (6875, 9, 2, 'city_of_birth', 'text', 'City of Birth', NULL, 'N', 'N', 'N', 'N', 'N', 'N', 'N', 0),
       (6876, 9, 2, 'country_of_birth', 'country', 'Country of Birth', NULL, 'N', 'N', 'N', 'N', 'N', 'N', 'N', 0),
       (6877, 9, 2, 'country_of_citizenship', 'country', 'Country of Citizenship', NULL, 'N', 'N', 'N', 'N', 'N', 'N',
        'N', 0),
       (6878, 9, 2, 'passport_number', 'text', 'Passport Number', 20, 'N', 'N', 'N', 'N', 'N', 'N', 'N', 0),
       (6879, 9, 2, 'passport_issue_date', 'date', 'Passport Issue Date', NULL, 'N', 'N', 'N', 'N', 'N', 'N', 'N', 0),
       (6880, 9, 2, 'passport_expiry_date', 'date', 'Passport Expiry Date', NULL, 'N', 'N', 'N', 'N', 'N', 'N', 'N', 0),
       (6881, 9, 2, 'phone', 'phone', 'Phone', NULL, 'N', 'N', 'N', 'N', 'N', 'N', 'N', 0),
       (6882, 9, 2, 'mobile_phone', 'phone', 'Mobile Phone', NULL, 'N', 'N', 'N', 'N', 'N', 'N', 'N', 0),
       (6883, 9, 2, 'email', 'email', 'Email', NULL, 'N', 'N', 'N', 'N', 'N', 'N', 'N', 0),
       (6884, 9, 2, 'secondary_email', 'email', 'Secondary Email', NULL, 'N', 'N', 'N', 'N', 'N', 'N', 'N', 0),
       (6885, 9, 2, 'address_line_1', 'text', 'Address Line 1', NULL, 'N', 'N', 'N', 'N', 'N', 'N', 'N', 0),
       (6886, 9, 2, 'address_line_2', 'text', 'Address Line 2', NULL, 'N', 'N', 'N', 'N', 'N', 'N', 'N', 0),
       (6887, 9, 2, 'city', 'text', 'City', NULL, 'N', 'N', 'N', 'N', 'N', 'N', 'N', 0),
       (6888, 9, 2, 'state', 'text', 'Province/Territory/State', 0, 'N', 'N', 'N', 'N', 'N', 'N', 'N', 0),
       (6889, 9, 2, 'country', 'country', 'Country', NULL, 'N', 'N', 'N', 'N', 'N', 'N', 'N', 0),
       (6890, 9, 2, 'zip_code', 'text', 'Postal/Zip code', 16, 'N', 'N', 'N', 'N', 'N', 'N', 'N', 0),
       (6891, 9, 2, 'applicant_mailing_address_line', 'text', 'Applicant Mailing Address', NULL, 'N', 'N', 'N', 'N',
        'N', 'N', 'N', 0),
       (6892, 9, 2, 'applicant_mailing_town', 'text', 'Applicant Mailing City/Town', NULL, 'N', 'N', 'N', 'N', 'N', 'N',
        'N', 0),
       (6893, 9, 2, 'applicant_mailing_province', 'text', 'Applicant Mailing Province/Territory', NULL, 'N', 'N', 'N',
        'N', 'N', 'N', 'N', 0),
       (6894, 9, 2, 'applicant_mailing_country', 'country', 'Applicant Mailing Country', NULL, 'N', 'N', 'N', 'N', 'N',
        'N', 'N', 0),
       (6895, 9, 2, 'applicant_mailing_postal', 'text', 'Applicant Mailing Postal/ZIP code', NULL, 'N', 'N', 'N', 'N',
        'N', 'N', 'N', 0),
       (6896, 9, 2, 'applicant_representative_family_name', 'text', 'Representative\'s Family Name(s)', NULL, 'N', 'N',
        'N', 'N', 'N', 'N', 'N', 0),
       (6897, 9, 2, 'applicant_representative_given_name', 'text', 'Representative\'s Given Name(s)', NULL, 'N', 'N',
        'N', 'N', 'N', 'N', 'N', 0),
       (6898, 9, 2, 'applicant_representative_name_of_firm', 'text', 'Representative\'s Firm/Organization', NULL, 'N',
        'N', 'N', 'N', 'N', 'N', 'N', 0),
       (6899, 9, 2, 'applicant_representative_email_address', 'email', 'Representative\'s Email', NULL, 'N', 'N', 'N',
        'N', 'N', 'N', 'N', 0),
       (6900, 9, 2, 'applicant_representative_primary_phone', 'phone', 'Representative\'s Primary Phone', NULL, 'N',
        'N', 'N', 'N', 'N', 'N', 'N', 0),
       (6901, 9, 2, 'applicant_representative_secondary_phone', 'phone', 'Representative\'s Secondary Phone', NULL, 'N',
        'N', 'N', 'N', 'N', 'N', 'N', 0),
       (6902, 9, 2, 'applicant_representative_address_line', 'text', 'Representative\'s Address Line', NULL, 'N', 'N',
        'N', 'N', 'N', 'N', 'N', 0),
       (6903, 9, 2, 'applicant_representative_city', 'text', 'Representative\'s City/Town', NULL, 'N', 'N', 'N', 'N',
        'N', 'N', 'N', 0),
       (6904, 9, 2, 'applicant_representative_state', 'text', 'Representative\'s Province/State', NULL, 'N', 'N', 'N',
        'N', 'N', 'N', 'N', 0),
       (6905, 9, 2, 'applicant_representative_postal', 'text', 'Representative\'s Postal/Zip Code', NULL, 'N', 'N', 'N',
        'N', 'N', 'N', 'N', 0),
       (6906, 9, 2, 'applicant_representative_country', 'country', 'Representative\'s Country', NULL, 'N', 'N', 'N',
        'N', 'N', 'N', 'N', 0),
       (6907, 9, 2, 'ee_profile_number', 'text', 'Profile Number', NULL, 'N', 'N', 'N', 'N', 'N', 'N', 'N', 0),
       (6908, 9, 2, 'ee_expiry_date', 'date', 'Profile Submission Expiry Date', NULL, 'N', 'N', 'N', 'N', 'N', 'N', 'N',
        0),
       (6909, 9, 2, 'entity_name', 'text', 'Company Operating as', 0, 'N', 'Y', 'N', 'N', 'N', 'N', 'N', 0),
       (6910, 9, 2, 'employer_operating_as', 'text', 'Employer Operating as (OLD field will be removed)', 0, 'N', 'N',
        'N', 'N', 'N', 'N', 'N', 0),
       (6911, 9, 2, 'employer_company_website', 'text', 'Employer Company Website', NULL, 'N', 'N', 'N', 'N', 'N', 'N',
        'N', 0),
       (6912, 9, 2, 'employer_company_owners', 'text', 'Employer Company Owner(s)', NULL, 'N', 'N', 'N', 'N', 'N', 'N',
        'N', 0),
       (6913, 9, 2, 'type_of_company', 'text', 'Type of Company (Industry/Sector)', NULL, 'N', 'N', 'N', 'N', 'N', 'N',
        'N', 0),
       (6914, 9, 2, 'employer_date_company_established', 'date', 'Employer Date Company Established', NULL, 'N', 'N',
        'N', 'N', 'N', 'N', 'N', 0),
       (6915, 9, 2, 'employer_number_of_employees', 'number', 'Employer Number of Employees', NULL, 'N', 'N', 'N', 'N',
        'N', 'N', 'N', 0),
       (6916, 9, 2, 'employer_number_of_foreign_workers', 'number', 'Number of Foreign Workers or Nominees?', NULL, 'N',
        'N', 'N', 'N', 'N', 'N', 'N', 0),
       (6917, 9, 2, 'employer_company_type', 'combo', 'Employer Company type', NULL, 'N', 'N', 'N', 'N', 'N', 'N', 'N',
        0),
       (6918, 9, 2, 'employer_primary_language_of_business', 'combo', 'Employer Primary Language of Business', NULL,
        'N', 'N', 'N', 'N', 'N', 'N', 'N', 0),
       (6919, 7, 2, 'office', 'office_multi', 'Queue', NULL, 'N', 'Y', 'N', 'N', 'N', 'N', 'N', 0),
       (6920, 9, 2, 'employer_address_line', 'text', 'Address line (Number and Street)', NULL, 'N', 'N', 'N', 'N', 'N',
        'N', 'N', 0),
       (6921, 9, 2, 'employer_town', 'text', 'City/Town', NULL, 'N', 'N', 'N', 'N', 'N', 'N', 'N', 0),
       (6922, 9, 2, 'employer_province', 'text', 'Province/Territory', NULL, 'N', 'N', 'N', 'N', 'N', 'N', 'N', 0),
       (6923, 9, 2, 'employer_country', 'country', 'Country', NULL, 'N', 'N', 'N', 'N', 'N', 'N', 'N', 0),
       (6924, 9, 2, 'employer_postal', 'text', 'Postal/ZIP code', NULL, 'N', 'N', 'N', 'N', 'N', 'N', 'N', 0),
       (6925, 9, 2, 'employer_mailing_address_line', 'text', 'Employer Mailing Address', NULL, 'N', 'N', 'N', 'N', 'N',
        'N', 'N', 0),
       (6926, 9, 2, 'employer_mailing_town', 'text', 'Employer Mailing City/Town', NULL, 'N', 'N', 'N', 'N', 'N', 'N',
        'N', 0),
       (6927, 9, 2, 'employer_mailing_province', 'text', 'Employer Mailing Province/Territory', NULL, 'N', 'N', 'N',
        'N', 'N', 'N', 'N', 0),
       (6928, 9, 2, 'employer_mailing_country', 'country', 'Employer Mailing Country', NULL, 'N', 'N', 'N', 'N', 'N',
        'N', 'N', 0),
       (6929, 9, 2, 'employer_mailing_postal', 'text', 'Employer Mailing Postal/ZIP code', NULL, 'N', 'N', 'N', 'N',
        'N', 'N', 'N', 0),
       (6930, 9, 2, 'employer_representative_family_name', 'text', 'Representative\'s Family Name(s)', NULL, 'N', 'N',
        'N', 'N', 'N', 'N', 'N', 0),
       (6931, 9, 2, 'employer_representative_given_name', 'text', 'Representative\'s Given Name(s)', NULL, 'N', 'N',
        'N', 'N', 'N', 'N', 'N', 0),
       (6932, 9, 2, 'employer_representative_name_of_firm', 'text', 'Representative\'s Firm/Organization', NULL, 'N',
        'N', 'N', 'N', 'N', 'N', 'N', 0),
       (6933, 9, 2, 'employer_representative_email_address', 'email', 'Representative\'s Email', NULL, 'N', 'N', 'N',
        'N', 'N', 'N', 'N', 0),
       (6934, 9, 2, 'employer_representative_primary_phone', 'phone', 'Representative\'s Primary Phone', NULL, 'N', 'N',
        'N', 'N', 'N', 'N', 'N', 0),
       (6935, 9, 2, 'employer_representative_secondary_phone', 'phone', 'Representative\'s Secondary Phone', NULL, 'N',
        'N', 'N', 'N', 'N', 'N', 'N', 0),
       (6936, 9, 2, 'employer_representative_address_line', 'text', 'Representative\'s Address Line', NULL, 'N', 'N',
        'N', 'N', 'N', 'N', 'N', 0),
       (6937, 9, 2, 'employer_representative_city', 'text', 'Representative\'s City/Town', NULL, 'N', 'N', 'N', 'N',
        'N', 'N', 'N', 0),
       (6938, 9, 2, 'employer_representative_state', 'text', 'Representative\'s Province/Territory/State', 0, 'N', 'N',
        'N', 'N', 'N', 'N', 'N', 0),
       (6939, 9, 2, 'employer_representative_postal', 'text', 'Representative\'s Postal/Zip Code', NULL, 'N', 'N', 'N',
        'N', 'N', 'N', 'N', 0),
       (6940, 9, 2, 'employer_representative_country', 'country', 'Representative\'s Country', NULL, 'N', 'N', 'N', 'N',
        'N', 'N', 'N', 0),
       (6941, 9, 2, 'employer_contact_title', 'text', 'Employer Contact Title', NULL, 'N', 'N', 'N', 'N', 'N', 'N', 'N',
        0),
       (6942, 9, 2, 'employer_contact', 'text', 'Employer Contact (with Signing Authority)', NULL, 'N', 'N', 'N', 'N',
        'N', 'N', 'N', 0),
       (6943, 9, 2, 'employer_contact_email', 'email', 'Employer Contact Email', NULL, 'N', 'N', 'N', 'N', 'N', 'N',
        'N', 0),
       (6944, 9, 2, 'employer_contact_phone', 'text', 'Employer Contact Phone', NULL, 'N', 'N', 'N', 'N', 'N', 'N', 'N',
        0),
       (6945, 9, 2, 'employer_contact_fax', 'text', 'Employer Contact Fax', NULL, 'N', 'N', 'N', 'N', 'N', 'N', 'N', 0),
       (6946, 9, 2, 'position', 'text', 'Position', NULL, 'N', 'N', 'N', 'N', 'N', 'N', 'N', 0),
       (6947, 9, 2, 'department', 'text', 'Department', NULL, 'N', 'N', 'N', 'N', 'N', 'N', 'N', 0),
       (6948, 9, 2, 'notes', 'memo', 'Notes', NULL, 'N', 'N', 'N', 'N', 'N', 'N', 'N', 0),
       (6949, 10, 2, 'office', 'office_multi', 'Queue', NULL, 'N', 'Y', 'N', 'N', 'N', 'N', 'N', 0),
       (6950, 9, 2, 'registered_company_name', 'text', 'Registered Company Name', 0, 'N', 'N', 'N', 'N', 'N', 'N', 'N',
        0),
       (6951, 9, 2, 'how_did_you_learn_about_us', 'text', 'How did you learn about the NTNP?', 0, 'N', 'N', 'N', 'N',
        'N', 'N', 'N', 0);

-- --------------------------------------------------------

--
-- Table structure for table `applicant_form_fields_access`
--

CREATE TABLE `applicant_form_fields_access`
(
    `role_id`            int(11)          NOT NULL,
    `applicant_group_id` int(11) UNSIGNED NOT NULL,
    `applicant_field_id` int(11) UNSIGNED NOT NULL,
    `status`             enum ('R','F')   NOT NULL DEFAULT 'R' COMMENT 'R=read only, F=full access'
) ENGINE = InnoDB
  DEFAULT CHARSET = utf8 COMMENT ='Identifies if specific role has access to specific client''s field. If there is no record here - role has not access to the field. Because the same field can be placed in different groups - group id is used here too.';

--
-- Dumping data for table `applicant_form_fields_access`
--

INSERT INTO `applicant_form_fields_access` (`role_id`, `applicant_group_id`, `applicant_field_id`, `status`)
VALUES (5, 3418, 6788, 'F'),
       (5, 3419, 6788, 'F'),
       (5, 3419, 6789, 'F'),
       (5, 3419, 6790, 'F'),
       (5, 3419, 6791, 'F'),
       (5, 3419, 6792, 'F'),
       (5, 3419, 6793, 'F'),
       (5, 3419, 6794, 'F'),
       (5, 3419, 6795, 'F'),
       (5, 3419, 6796, 'F'),
       (5, 3419, 6797, 'F'),
       (5, 3419, 6798, 'F'),
       (5, 3419, 6799, 'F'),
       (5, 3419, 6800, 'F'),
       (5, 3419, 6801, 'F'),
       (5, 3419, 6802, 'F'),
       (5, 3419, 6803, 'F'),
       (5, 3420, 6804, 'F'),
       (5, 3420, 6805, 'F'),
       (5, 3420, 6806, 'F'),
       (5, 3420, 6807, 'F'),
       (5, 3420, 6808, 'F'),
       (5, 3420, 6809, 'F'),
       (5, 3421, 6810, 'F'),
       (5, 3421, 6811, 'F'),
       (5, 3421, 6812, 'F'),
       (5, 3421, 6813, 'F'),
       (5, 3421, 6814, 'F'),
       (5, 3422, 6815, 'F'),
       (5, 3422, 6816, 'F'),
       (5, 3422, 6817, 'F'),
       (5, 3422, 6818, 'F'),
       (5, 3422, 6819, 'F'),
       (5, 3422, 6820, 'F'),
       (5, 3422, 6821, 'F'),
       (5, 3422, 6822, 'F'),
       (5, 3422, 6823, 'F'),
       (5, 3422, 6824, 'F'),
       (5, 3422, 6825, 'F'),
       (5, 3423, 6826, 'F'),
       (5, 3423, 6827, 'F'),
       (5, 3424, 6828, 'F'),
       (5, 3424, 6829, 'F'),
       (5, 3424, 6830, 'F'),
       (5, 3424, 6831, 'F'),
       (5, 3424, 6832, 'F'),
       (5, 3424, 6833, 'F'),
       (5, 3424, 6834, 'F'),
       (5, 3424, 6835, 'F'),
       (5, 3424, 6836, 'F'),
       (5, 3424, 6837, 'F'),
       (5, 3424, 6838, 'F'),
       (5, 3425, 6802, 'F'),
       (5, 3425, 6839, 'F'),
       (5, 3425, 6840, 'F'),
       (5, 3425, 6841, 'F'),
       (5, 3425, 6842, 'F'),
       (5, 3425, 6843, 'F'),
       (5, 3426, 6844, 'F'),
       (5, 3426, 6845, 'F'),
       (5, 3426, 6846, 'F'),
       (5, 3426, 6847, 'F'),
       (5, 3426, 6848, 'F'),
       (5, 3427, 6849, 'F'),
       (5, 3427, 6850, 'F'),
       (5, 3427, 6851, 'F'),
       (5, 3427, 6852, 'F'),
       (5, 3427, 6853, 'F'),
       (5, 3427, 6854, 'F'),
       (5, 3427, 6855, 'F'),
       (5, 3427, 6856, 'F'),
       (5, 3427, 6857, 'F'),
       (5, 3427, 6858, 'F'),
       (5, 3427, 6859, 'F'),
       (5, 3428, 6860, 'F'),
       (5, 3428, 6861, 'F'),
       (5, 3428, 6862, 'F'),
       (5, 3428, 6863, 'F'),
       (5, 3428, 6864, 'F'),
       (5, 3429, 6788, 'F'),
       (5, 3429, 6789, 'F'),
       (5, 3429, 6790, 'F'),
       (5, 3429, 6865, 'F'),
       (5, 3429, 6866, 'F'),
       (5, 3429, 6868, 'F'),
       (5, 3430, 6800, 'F'),
       (5, 3430, 6801, 'F'),
       (5, 3430, 6802, 'F'),
       (5, 3430, 6803, 'F'),
       (5, 3430, 6804, 'F'),
       (5, 3430, 6805, 'F'),
       (5, 3430, 6806, 'F'),
       (5, 3430, 6807, 'F'),
       (5, 3430, 6808, 'F'),
       (5, 3430, 6809, 'F'),
       (5, 3431, 6867, 'F'),
       (5, 3432, 6788, 'F'),
       (5, 3432, 6789, 'F'),
       (5, 3432, 6790, 'F'),
       (5, 3432, 6865, 'F'),
       (5, 3432, 6866, 'F'),
       (5, 3432, 6868, 'F'),
       (5, 3433, 6800, 'F'),
       (5, 3433, 6801, 'F'),
       (5, 3433, 6802, 'F'),
       (5, 3433, 6803, 'F'),
       (5, 3433, 6804, 'F'),
       (5, 3433, 6805, 'F'),
       (5, 3433, 6806, 'F'),
       (5, 3433, 6807, 'F'),
       (5, 3433, 6808, 'F'),
       (5, 3433, 6809, 'F'),
       (5, 3434, 6867, 'F'),
       (5, 3435, 6788, 'F'),
       (5, 3435, 6789, 'F'),
       (5, 3435, 6790, 'F'),
       (5, 3435, 6865, 'F'),
       (5, 3435, 6866, 'F'),
       (5, 3435, 6868, 'F'),
       (5, 3436, 6800, 'F'),
       (5, 3436, 6801, 'F'),
       (5, 3436, 6802, 'F'),
       (5, 3436, 6803, 'F'),
       (5, 3436, 6804, 'F'),
       (5, 3436, 6805, 'F'),
       (5, 3436, 6806, 'F'),
       (5, 3436, 6807, 'F'),
       (5, 3436, 6808, 'F'),
       (5, 3436, 6809, 'F'),
       (5, 3437, 6867, 'F'),
       (5, 3438, 6788, 'F'),
       (5, 3438, 6789, 'F'),
       (5, 3438, 6790, 'F'),
       (5, 3438, 6865, 'F'),
       (5, 3438, 6866, 'F'),
       (5, 3438, 6868, 'F'),
       (5, 3439, 6800, 'F'),
       (5, 3439, 6801, 'F'),
       (5, 3439, 6802, 'F'),
       (5, 3439, 6803, 'F'),
       (5, 3439, 6804, 'F'),
       (5, 3439, 6805, 'F'),
       (5, 3439, 6806, 'F'),
       (5, 3439, 6807, 'F'),
       (5, 3439, 6808, 'F'),
       (5, 3439, 6809, 'F'),
       (5, 3440, 6867, 'F'),
       (5, 3441, 6788, 'F'),
       (5, 3441, 6789, 'F'),
       (5, 3441, 6790, 'F'),
       (5, 3441, 6865, 'F'),
       (5, 3441, 6866, 'F'),
       (5, 3441, 6868, 'F'),
       (5, 3442, 6800, 'F'),
       (5, 3442, 6801, 'F'),
       (5, 3442, 6802, 'F'),
       (5, 3442, 6803, 'F'),
       (5, 3442, 6804, 'F'),
       (5, 3442, 6805, 'F'),
       (5, 3442, 6806, 'F'),
       (5, 3442, 6807, 'F'),
       (5, 3442, 6808, 'F'),
       (5, 3442, 6809, 'F'),
       (5, 3443, 6867, 'F'),
       (5, 3444, 6788, 'F'),
       (5, 3444, 6789, 'F'),
       (5, 3444, 6790, 'F'),
       (5, 3444, 6865, 'F'),
       (5, 3444, 6866, 'F'),
       (5, 3444, 6868, 'F'),
       (5, 3445, 6800, 'F'),
       (5, 3445, 6801, 'F'),
       (5, 3445, 6802, 'F'),
       (5, 3445, 6803, 'F'),
       (5, 3445, 6804, 'F'),
       (5, 3445, 6805, 'F'),
       (5, 3445, 6806, 'F'),
       (5, 3445, 6807, 'F'),
       (5, 3445, 6808, 'F'),
       (5, 3445, 6809, 'F'),
       (5, 3446, 6867, 'F'),
       (4932, 3448, 6869, 'F'),
       (4932, 3448, 6870, 'F'),
       (4932, 3448, 6871, 'F'),
       (4932, 3448, 6872, 'F'),
       (4932, 3448, 6873, 'F'),
       (4932, 3448, 6874, 'F'),
       (4932, 3448, 6875, 'F'),
       (4932, 3448, 6876, 'F'),
       (4932, 3448, 6877, 'F'),
       (4932, 3448, 6878, 'F'),
       (4932, 3448, 6879, 'F'),
       (4932, 3448, 6880, 'F'),
       (4932, 3448, 6881, 'F'),
       (4932, 3448, 6882, 'F'),
       (4932, 3448, 6883, 'F'),
       (4932, 3448, 6884, 'F'),
       (4932, 3448, 6951, 'R'),
       (4932, 3449, 6885, 'F'),
       (4932, 3449, 6886, 'F'),
       (4932, 3449, 6887, 'F'),
       (4932, 3449, 6888, 'F'),
       (4932, 3449, 6889, 'F'),
       (4932, 3449, 6890, 'F'),
       (4932, 3450, 6891, 'F'),
       (4932, 3450, 6892, 'F'),
       (4932, 3450, 6893, 'F'),
       (4932, 3450, 6894, 'F'),
       (4932, 3450, 6895, 'F'),
       (4932, 3451, 6896, 'F'),
       (4932, 3451, 6897, 'F'),
       (4932, 3451, 6898, 'F'),
       (4932, 3451, 6899, 'F'),
       (4932, 3451, 6900, 'F'),
       (4932, 3451, 6901, 'F'),
       (4932, 3451, 6902, 'F'),
       (4932, 3451, 6903, 'F'),
       (4932, 3451, 6904, 'F'),
       (4932, 3451, 6905, 'F'),
       (4932, 3451, 6906, 'F'),
       (4932, 3452, 6907, 'F'),
       (4932, 3452, 6908, 'F'),
       (4932, 3453, 6909, 'F'),
       (4932, 3453, 6911, 'F'),
       (4932, 3453, 6912, 'F'),
       (4932, 3453, 6913, 'F'),
       (4932, 3453, 6914, 'F'),
       (4932, 3453, 6915, 'F'),
       (4932, 3453, 6916, 'F'),
       (4932, 3453, 6917, 'F'),
       (4932, 3453, 6918, 'F'),
       (4932, 3453, 6919, 'F'),
       (4932, 3453, 6950, 'F'),
       (4932, 3453, 6951, 'R'),
       (4932, 3454, 6883, 'F'),
       (4932, 3454, 6920, 'F'),
       (4932, 3454, 6921, 'F'),
       (4932, 3454, 6922, 'F'),
       (4932, 3454, 6923, 'F'),
       (4932, 3454, 6924, 'F'),
       (4932, 3455, 6925, 'F'),
       (4932, 3455, 6926, 'F'),
       (4932, 3455, 6927, 'F'),
       (4932, 3455, 6928, 'F'),
       (4932, 3455, 6929, 'F'),
       (4932, 3456, 6930, 'F'),
       (4932, 3456, 6931, 'F'),
       (4932, 3456, 6932, 'F'),
       (4932, 3456, 6933, 'F'),
       (4932, 3456, 6934, 'F'),
       (4932, 3456, 6935, 'F'),
       (4932, 3456, 6936, 'F'),
       (4932, 3456, 6937, 'F'),
       (4932, 3456, 6938, 'F'),
       (4932, 3456, 6939, 'F'),
       (4932, 3456, 6940, 'F'),
       (4932, 3457, 6941, 'F'),
       (4932, 3457, 6942, 'F'),
       (4932, 3457, 6943, 'F'),
       (4932, 3457, 6944, 'F'),
       (4932, 3457, 6945, 'F'),
       (4932, 3458, 6869, 'F'),
       (4932, 3458, 6870, 'F'),
       (4932, 3458, 6871, 'F'),
       (4932, 3458, 6946, 'F'),
       (4932, 3458, 6947, 'F'),
       (4932, 3458, 6949, 'F'),
       (4932, 3459, 6881, 'F'),
       (4932, 3459, 6882, 'F'),
       (4932, 3459, 6883, 'F'),
       (4932, 3459, 6884, 'F'),
       (4932, 3459, 6885, 'F'),
       (4932, 3459, 6886, 'F'),
       (4932, 3459, 6887, 'F'),
       (4932, 3459, 6888, 'F'),
       (4932, 3459, 6889, 'F'),
       (4932, 3459, 6890, 'F'),
       (4932, 3460, 6948, 'F'),
       (4932, 3461, 6869, 'F'),
       (4932, 3461, 6870, 'F'),
       (4932, 3461, 6871, 'F'),
       (4932, 3461, 6946, 'F'),
       (4932, 3461, 6947, 'F'),
       (4932, 3461, 6949, 'F'),
       (4932, 3462, 6881, 'F'),
       (4932, 3462, 6882, 'F'),
       (4932, 3462, 6883, 'F'),
       (4932, 3462, 6884, 'F'),
       (4932, 3462, 6885, 'F'),
       (4932, 3462, 6886, 'F'),
       (4932, 3462, 6887, 'F'),
       (4932, 3462, 6888, 'F'),
       (4932, 3462, 6889, 'F'),
       (4932, 3462, 6890, 'F'),
       (4932, 3463, 6948, 'F'),
       (4932, 3464, 6869, 'F'),
       (4932, 3464, 6870, 'F'),
       (4932, 3464, 6871, 'F'),
       (4932, 3464, 6946, 'F'),
       (4932, 3464, 6947, 'F'),
       (4932, 3464, 6949, 'F'),
       (4932, 3465, 6881, 'F'),
       (4932, 3465, 6882, 'F'),
       (4932, 3465, 6883, 'F'),
       (4932, 3465, 6884, 'F'),
       (4932, 3465, 6885, 'F'),
       (4932, 3465, 6886, 'F'),
       (4932, 3465, 6887, 'F'),
       (4932, 3465, 6888, 'F'),
       (4932, 3465, 6889, 'F'),
       (4932, 3465, 6890, 'F'),
       (4932, 3466, 6948, 'F'),
       (4932, 3467, 6869, 'F'),
       (4932, 3467, 6870, 'F'),
       (4932, 3467, 6871, 'F'),
       (4932, 3467, 6946, 'F'),
       (4932, 3467, 6947, 'F'),
       (4932, 3467, 6949, 'F'),
       (4932, 3468, 6881, 'F'),
       (4932, 3468, 6882, 'F'),
       (4932, 3468, 6883, 'F'),
       (4932, 3468, 6884, 'F'),
       (4932, 3468, 6885, 'F'),
       (4932, 3468, 6886, 'F'),
       (4932, 3468, 6887, 'F'),
       (4932, 3468, 6888, 'F'),
       (4932, 3468, 6889, 'F'),
       (4932, 3468, 6890, 'F'),
       (4932, 3469, 6948, 'F'),
       (4932, 3470, 6869, 'F'),
       (4932, 3470, 6870, 'F'),
       (4932, 3470, 6871, 'F'),
       (4932, 3470, 6946, 'F'),
       (4932, 3470, 6947, 'F'),
       (4932, 3470, 6949, 'F'),
       (4932, 3471, 6881, 'F'),
       (4932, 3471, 6882, 'F'),
       (4932, 3471, 6883, 'F'),
       (4932, 3471, 6884, 'F'),
       (4932, 3471, 6885, 'F'),
       (4932, 3471, 6886, 'F'),
       (4932, 3471, 6887, 'F'),
       (4932, 3471, 6888, 'F'),
       (4932, 3471, 6889, 'F'),
       (4932, 3471, 6890, 'F'),
       (4932, 3472, 6948, 'F'),
       (4932, 3473, 6869, 'F'),
       (4932, 3473, 6870, 'F'),
       (4932, 3473, 6871, 'F'),
       (4932, 3473, 6946, 'F'),
       (4932, 3473, 6947, 'F'),
       (4932, 3473, 6949, 'F'),
       (4932, 3474, 6881, 'F'),
       (4932, 3474, 6882, 'F'),
       (4932, 3474, 6883, 'F'),
       (4932, 3474, 6884, 'F'),
       (4932, 3474, 6885, 'F'),
       (4932, 3474, 6886, 'F'),
       (4932, 3474, 6887, 'F'),
       (4932, 3474, 6888, 'F'),
       (4932, 3474, 6889, 'F'),
       (4932, 3474, 6890, 'F'),
       (4932, 3475, 6948, 'F'),
       (4936, 3448, 6869, 'F'),
       (4936, 3448, 6870, 'F'),
       (4936, 3448, 6871, 'F'),
       (4936, 3448, 6872, 'F'),
       (4936, 3448, 6873, 'F'),
       (4936, 3448, 6874, 'F'),
       (4936, 3448, 6875, 'F'),
       (4936, 3448, 6876, 'F'),
       (4936, 3448, 6877, 'F'),
       (4936, 3448, 6878, 'F'),
       (4936, 3448, 6879, 'F'),
       (4936, 3448, 6880, 'F'),
       (4936, 3448, 6881, 'F'),
       (4936, 3448, 6882, 'F'),
       (4936, 3448, 6883, 'F'),
       (4936, 3448, 6884, 'F'),
       (4936, 3448, 6951, 'R'),
       (4936, 3449, 6885, 'F'),
       (4936, 3449, 6886, 'F'),
       (4936, 3449, 6887, 'F'),
       (4936, 3449, 6888, 'F'),
       (4936, 3449, 6889, 'F'),
       (4936, 3449, 6890, 'F'),
       (4936, 3450, 6891, 'F'),
       (4936, 3450, 6892, 'F'),
       (4936, 3450, 6893, 'F'),
       (4936, 3450, 6894, 'F'),
       (4936, 3450, 6895, 'F'),
       (4936, 3451, 6896, 'F'),
       (4936, 3451, 6897, 'F'),
       (4936, 3451, 6898, 'F'),
       (4936, 3451, 6899, 'F'),
       (4936, 3451, 6900, 'F'),
       (4936, 3451, 6901, 'F'),
       (4936, 3451, 6902, 'F'),
       (4936, 3451, 6903, 'F'),
       (4936, 3451, 6904, 'F'),
       (4936, 3451, 6905, 'F'),
       (4936, 3451, 6906, 'F'),
       (4937, 3448, 6869, 'F'),
       (4937, 3448, 6870, 'F'),
       (4937, 3448, 6871, 'F'),
       (4937, 3448, 6872, 'F'),
       (4937, 3448, 6873, 'F'),
       (4937, 3448, 6874, 'F'),
       (4937, 3448, 6875, 'F'),
       (4937, 3448, 6876, 'F'),
       (4937, 3448, 6877, 'F'),
       (4937, 3448, 6878, 'F'),
       (4937, 3448, 6879, 'F'),
       (4937, 3448, 6880, 'F'),
       (4937, 3448, 6881, 'F'),
       (4937, 3448, 6882, 'F'),
       (4937, 3448, 6883, 'F'),
       (4937, 3448, 6884, 'F'),
       (4937, 3449, 6885, 'F'),
       (4937, 3449, 6886, 'F'),
       (4937, 3449, 6887, 'F'),
       (4937, 3449, 6888, 'F'),
       (4937, 3449, 6889, 'F'),
       (4937, 3449, 6890, 'F'),
       (4937, 3450, 6891, 'F'),
       (4937, 3450, 6892, 'F'),
       (4937, 3450, 6893, 'F'),
       (4937, 3450, 6894, 'F'),
       (4937, 3450, 6895, 'F'),
       (4937, 3451, 6896, 'F'),
       (4937, 3451, 6897, 'F'),
       (4937, 3451, 6898, 'F'),
       (4937, 3451, 6899, 'F'),
       (4937, 3451, 6900, 'F'),
       (4937, 3451, 6901, 'F'),
       (4937, 3451, 6902, 'F'),
       (4937, 3451, 6903, 'F'),
       (4937, 3451, 6904, 'F'),
       (4937, 3451, 6905, 'F'),
       (4937, 3451, 6906, 'F'),
       (4937, 3452, 6907, 'F'),
       (4937, 3452, 6908, 'F'),
       (4937, 3453, 6909, 'F'),
       (4937, 3453, 6911, 'F'),
       (4937, 3453, 6912, 'F'),
       (4937, 3453, 6913, 'F'),
       (4937, 3453, 6914, 'F'),
       (4937, 3453, 6915, 'F'),
       (4937, 3453, 6916, 'F'),
       (4937, 3453, 6917, 'F'),
       (4937, 3453, 6918, 'F'),
       (4937, 3453, 6919, 'F'),
       (4937, 3453, 6950, 'F'),
       (4937, 3453, 6951, 'R'),
       (4937, 3454, 6883, 'F'),
       (4937, 3454, 6920, 'F'),
       (4937, 3454, 6921, 'F'),
       (4937, 3454, 6922, 'F'),
       (4937, 3454, 6923, 'F'),
       (4937, 3454, 6924, 'F'),
       (4937, 3455, 6925, 'F'),
       (4937, 3455, 6926, 'F'),
       (4937, 3455, 6927, 'F'),
       (4937, 3455, 6928, 'F'),
       (4937, 3455, 6929, 'F'),
       (4937, 3456, 6930, 'F'),
       (4937, 3456, 6931, 'F'),
       (4937, 3456, 6932, 'F'),
       (4937, 3456, 6933, 'F'),
       (4937, 3456, 6934, 'F'),
       (4937, 3456, 6935, 'F'),
       (4937, 3456, 6936, 'F'),
       (4937, 3456, 6937, 'F'),
       (4937, 3456, 6938, 'F'),
       (4937, 3456, 6939, 'F'),
       (4937, 3456, 6940, 'F'),
       (4937, 3457, 6941, 'F'),
       (4937, 3457, 6942, 'F'),
       (4937, 3457, 6943, 'F'),
       (4937, 3457, 6944, 'F'),
       (4937, 3457, 6945, 'F'),
       (4941, 3448, 6869, 'F'),
       (4941, 3448, 6870, 'F'),
       (4941, 3448, 6871, 'F'),
       (4941, 3448, 6872, 'F'),
       (4941, 3448, 6873, 'F'),
       (4941, 3448, 6874, 'F'),
       (4941, 3448, 6875, 'F'),
       (4941, 3448, 6876, 'F'),
       (4941, 3448, 6877, 'F'),
       (4941, 3448, 6878, 'F'),
       (4941, 3448, 6879, 'F'),
       (4941, 3448, 6880, 'F'),
       (4941, 3448, 6881, 'F'),
       (4941, 3448, 6882, 'F'),
       (4941, 3448, 6883, 'F'),
       (4941, 3448, 6884, 'F'),
       (4941, 3448, 6951, 'F'),
       (4941, 3449, 6885, 'F'),
       (4941, 3449, 6886, 'F'),
       (4941, 3449, 6887, 'F'),
       (4941, 3449, 6888, 'F'),
       (4941, 3449, 6889, 'F'),
       (4941, 3449, 6890, 'F'),
       (4941, 3450, 6891, 'F'),
       (4941, 3450, 6892, 'F'),
       (4941, 3450, 6893, 'F'),
       (4941, 3450, 6894, 'F'),
       (4941, 3450, 6895, 'F'),
       (4941, 3451, 6896, 'F'),
       (4941, 3451, 6897, 'F'),
       (4941, 3451, 6898, 'F'),
       (4941, 3451, 6899, 'F'),
       (4941, 3451, 6900, 'F'),
       (4941, 3451, 6901, 'F'),
       (4941, 3451, 6902, 'F'),
       (4941, 3451, 6903, 'F'),
       (4941, 3451, 6904, 'F'),
       (4941, 3451, 6905, 'F'),
       (4941, 3451, 6906, 'F'),
       (4941, 3452, 6907, 'F'),
       (4941, 3452, 6908, 'F'),
       (4941, 3453, 6909, 'F'),
       (4941, 3453, 6911, 'F'),
       (4941, 3453, 6912, 'F'),
       (4941, 3453, 6913, 'F'),
       (4941, 3453, 6914, 'F'),
       (4941, 3453, 6915, 'F'),
       (4941, 3453, 6916, 'F'),
       (4941, 3453, 6917, 'F'),
       (4941, 3453, 6918, 'F'),
       (4941, 3453, 6919, 'F'),
       (4941, 3453, 6950, 'F'),
       (4941, 3453, 6951, 'F'),
       (4941, 3454, 6883, 'F'),
       (4941, 3454, 6920, 'F'),
       (4941, 3454, 6921, 'F'),
       (4941, 3454, 6922, 'F'),
       (4941, 3454, 6923, 'F'),
       (4941, 3454, 6924, 'F'),
       (4941, 3455, 6925, 'F'),
       (4941, 3455, 6926, 'F'),
       (4941, 3455, 6927, 'F'),
       (4941, 3455, 6928, 'F'),
       (4941, 3455, 6929, 'F'),
       (4941, 3456, 6930, 'F'),
       (4941, 3456, 6931, 'F'),
       (4941, 3456, 6932, 'F'),
       (4941, 3456, 6933, 'F'),
       (4941, 3456, 6934, 'F'),
       (4941, 3456, 6935, 'F'),
       (4941, 3456, 6936, 'F'),
       (4941, 3456, 6937, 'F'),
       (4941, 3456, 6938, 'F'),
       (4941, 3456, 6939, 'F'),
       (4941, 3456, 6940, 'F'),
       (4941, 3457, 6941, 'F'),
       (4941, 3457, 6942, 'F'),
       (4941, 3457, 6943, 'F'),
       (4941, 3457, 6944, 'F'),
       (4941, 3457, 6945, 'F'),
       (4941, 3458, 6869, 'F'),
       (4941, 3458, 6870, 'F'),
       (4941, 3458, 6871, 'F'),
       (4941, 3458, 6946, 'F'),
       (4941, 3458, 6947, 'F'),
       (4941, 3458, 6949, 'F'),
       (4941, 3459, 6881, 'F'),
       (4941, 3459, 6882, 'F'),
       (4941, 3459, 6883, 'F'),
       (4941, 3459, 6884, 'F'),
       (4941, 3459, 6885, 'F'),
       (4941, 3459, 6886, 'F'),
       (4941, 3459, 6887, 'F'),
       (4941, 3459, 6888, 'F'),
       (4941, 3459, 6889, 'F'),
       (4941, 3459, 6890, 'F'),
       (4941, 3460, 6948, 'F'),
       (4942, 3458, 6869, 'F'),
       (4942, 3458, 6870, 'F'),
       (4942, 3458, 6871, 'F'),
       (4942, 3458, 6946, 'F'),
       (4942, 3458, 6947, 'F'),
       (4942, 3458, 6949, 'F'),
       (4942, 3459, 6881, 'F'),
       (4942, 3459, 6882, 'F'),
       (4942, 3459, 6883, 'F'),
       (4942, 3459, 6884, 'F'),
       (4942, 3459, 6885, 'F'),
       (4942, 3459, 6886, 'F'),
       (4942, 3459, 6887, 'F'),
       (4942, 3459, 6888, 'F'),
       (4942, 3459, 6889, 'F'),
       (4942, 3459, 6890, 'F'),
       (4942, 3460, 6948, 'F'),
       (4942, 3461, 6869, 'F'),
       (4942, 3461, 6870, 'F'),
       (4942, 3461, 6871, 'F'),
       (4942, 3461, 6946, 'F'),
       (4942, 3461, 6947, 'F'),
       (4942, 3461, 6949, 'F'),
       (4942, 3462, 6881, 'F'),
       (4942, 3462, 6882, 'F'),
       (4942, 3462, 6883, 'F'),
       (4942, 3462, 6884, 'F'),
       (4942, 3462, 6885, 'F'),
       (4942, 3462, 6886, 'F'),
       (4942, 3462, 6887, 'F'),
       (4942, 3462, 6888, 'F'),
       (4942, 3462, 6889, 'F'),
       (4942, 3462, 6890, 'F'),
       (4942, 3463, 6948, 'F'),
       (4942, 3464, 6869, 'F'),
       (4942, 3464, 6870, 'F'),
       (4942, 3464, 6871, 'F'),
       (4942, 3464, 6946, 'F'),
       (4942, 3464, 6947, 'F'),
       (4942, 3464, 6949, 'F'),
       (4942, 3465, 6881, 'F'),
       (4942, 3465, 6882, 'F'),
       (4942, 3465, 6883, 'F'),
       (4942, 3465, 6884, 'F'),
       (4942, 3465, 6885, 'F'),
       (4942, 3465, 6886, 'F'),
       (4942, 3465, 6887, 'F'),
       (4942, 3465, 6888, 'F'),
       (4942, 3465, 6889, 'F'),
       (4942, 3465, 6890, 'F'),
       (4942, 3466, 6948, 'F'),
       (4942, 3467, 6869, 'F'),
       (4942, 3467, 6870, 'F'),
       (4942, 3467, 6871, 'F'),
       (4942, 3467, 6946, 'F'),
       (4942, 3467, 6947, 'F'),
       (4942, 3467, 6949, 'F'),
       (4942, 3468, 6881, 'F'),
       (4942, 3468, 6882, 'F'),
       (4942, 3468, 6883, 'F'),
       (4942, 3468, 6884, 'F'),
       (4942, 3468, 6885, 'F'),
       (4942, 3468, 6886, 'F'),
       (4942, 3468, 6887, 'F'),
       (4942, 3468, 6888, 'F'),
       (4942, 3468, 6889, 'F'),
       (4942, 3468, 6890, 'F'),
       (4942, 3469, 6948, 'F'),
       (4942, 3470, 6869, 'F'),
       (4942, 3470, 6870, 'F'),
       (4942, 3470, 6871, 'F'),
       (4942, 3470, 6946, 'F'),
       (4942, 3470, 6947, 'F'),
       (4942, 3470, 6949, 'F'),
       (4942, 3471, 6881, 'F'),
       (4942, 3471, 6882, 'F'),
       (4942, 3471, 6883, 'F'),
       (4942, 3471, 6884, 'F'),
       (4942, 3471, 6885, 'F'),
       (4942, 3471, 6886, 'F'),
       (4942, 3471, 6887, 'F'),
       (4942, 3471, 6888, 'F'),
       (4942, 3471, 6889, 'F'),
       (4942, 3471, 6890, 'F'),
       (4942, 3472, 6948, 'F'),
       (4942, 3473, 6869, 'F'),
       (4942, 3473, 6870, 'F'),
       (4942, 3473, 6871, 'F'),
       (4942, 3473, 6946, 'F'),
       (4942, 3473, 6947, 'F'),
       (4942, 3473, 6949, 'F'),
       (4942, 3474, 6881, 'F'),
       (4942, 3474, 6882, 'F'),
       (4942, 3474, 6883, 'F'),
       (4942, 3474, 6884, 'F'),
       (4942, 3474, 6885, 'F'),
       (4942, 3474, 6886, 'F'),
       (4942, 3474, 6887, 'F'),
       (4942, 3474, 6888, 'F'),
       (4942, 3474, 6889, 'F'),
       (4942, 3474, 6890, 'F'),
       (4942, 3475, 6948, 'F');

-- --------------------------------------------------------

--
-- Table structure for table `applicant_form_fields_access_default`
--

CREATE TABLE `applicant_form_fields_access_default`
(
    `applicant_field_id` int(11) UNSIGNED NOT NULL,
    `role_id`            int(11)                   DEFAULT NULL,
    `access`             enum ('R','F')   NOT NULL DEFAULT 'R' COMMENT 'R=read only, F=full access',
    `updated_on`         datetime                  DEFAULT NULL
) ENGINE = InnoDB
  DEFAULT CHARSET = utf8 COMMENT ='Default access for applicant fields and created/future role';

--
-- Dumping data for table `applicant_form_fields_access_default`
--

INSERT INTO `applicant_form_fields_access_default` (`applicant_field_id`, `role_id`, `access`, `updated_on`)
VALUES (6869, 4932, 'F', '2019-03-26 10:26:16'),
       (6870, 4932, 'F', '2019-03-26 10:26:16'),
       (6871, 4932, 'F', '2019-03-26 10:26:16'),
       (6872, 4932, 'F', '2019-03-26 10:26:16'),
       (6873, 4932, 'F', '2019-03-26 10:26:16'),
       (6874, 4932, 'F', '2019-03-26 10:26:16'),
       (6875, 4932, 'F', '2019-03-26 10:26:16'),
       (6876, 4932, 'F', '2019-03-26 10:26:16'),
       (6877, 4932, 'F', '2019-03-26 10:26:16'),
       (6878, 4932, 'F', '2019-03-26 10:26:16'),
       (6879, 4932, 'F', '2019-03-26 10:26:16'),
       (6880, 4932, 'F', '2019-03-26 10:26:16'),
       (6881, 4932, 'F', '2019-03-26 10:26:16'),
       (6882, 4932, 'F', '2019-03-26 10:26:16'),
       (6883, 4932, 'F', '2019-03-26 10:26:16'),
       (6884, 4932, 'F', '2019-03-26 10:26:16'),
       (6951, 4932, 'R', '2019-03-26 10:26:16'),
       (6885, 4932, 'F', '2019-03-26 10:26:16'),
       (6886, 4932, 'F', '2019-03-26 10:26:16'),
       (6887, 4932, 'F', '2019-03-26 10:26:16'),
       (6888, 4932, 'F', '2019-03-26 10:26:16'),
       (6889, 4932, 'F', '2019-03-26 10:26:16'),
       (6890, 4932, 'F', '2019-03-26 10:26:16'),
       (6891, 4932, 'F', '2019-03-26 10:26:16'),
       (6892, 4932, 'F', '2019-03-26 10:26:16'),
       (6893, 4932, 'F', '2019-03-26 10:26:16'),
       (6894, 4932, 'F', '2019-03-26 10:26:16'),
       (6895, 4932, 'F', '2019-03-26 10:26:16'),
       (6896, 4932, 'F', '2019-03-26 10:26:16'),
       (6897, 4932, 'F', '2019-03-26 10:26:16'),
       (6898, 4932, 'F', '2019-03-26 10:26:16'),
       (6899, 4932, 'F', '2019-03-26 10:26:16'),
       (6900, 4932, 'F', '2019-03-26 10:26:16'),
       (6901, 4932, 'F', '2019-03-26 10:26:16'),
       (6902, 4932, 'F', '2019-03-26 10:26:16'),
       (6903, 4932, 'F', '2019-03-26 10:26:16'),
       (6904, 4932, 'F', '2019-03-26 10:26:16'),
       (6905, 4932, 'F', '2019-03-26 10:26:16'),
       (6906, 4932, 'F', '2019-03-26 10:26:16'),
       (6907, 4932, 'F', '2019-03-26 10:26:16'),
       (6908, 4932, 'F', '2019-03-26 10:26:16'),
       (6909, 4932, 'F', '2019-03-26 10:26:16'),
       (6911, 4932, 'F', '2019-03-26 10:26:16'),
       (6912, 4932, 'F', '2019-03-26 10:26:16'),
       (6913, 4932, 'F', '2019-03-26 10:26:16'),
       (6914, 4932, 'F', '2019-03-26 10:26:16'),
       (6915, 4932, 'F', '2019-03-26 10:26:16'),
       (6916, 4932, 'F', '2019-03-26 10:26:16'),
       (6917, 4932, 'F', '2019-03-26 10:26:16'),
       (6918, 4932, 'F', '2019-03-26 10:26:16'),
       (6919, 4932, 'F', '2019-03-26 10:26:16'),
       (6950, 4932, 'F', '2019-03-26 10:26:16'),
       (6920, 4932, 'F', '2019-03-26 10:26:16'),
       (6921, 4932, 'F', '2019-03-26 10:26:16'),
       (6922, 4932, 'F', '2019-03-26 10:26:16'),
       (6923, 4932, 'F', '2019-03-26 10:26:16'),
       (6924, 4932, 'F', '2019-03-26 10:26:16'),
       (6925, 4932, 'F', '2019-03-26 10:26:16'),
       (6926, 4932, 'F', '2019-03-26 10:26:16'),
       (6927, 4932, 'F', '2019-03-26 10:26:16'),
       (6928, 4932, 'F', '2019-03-26 10:26:16'),
       (6929, 4932, 'F', '2019-03-26 10:26:16'),
       (6930, 4932, 'F', '2019-03-26 10:26:16'),
       (6931, 4932, 'F', '2019-03-26 10:26:16'),
       (6932, 4932, 'F', '2019-03-26 10:26:16'),
       (6933, 4932, 'F', '2019-03-26 10:26:16'),
       (6934, 4932, 'F', '2019-03-26 10:26:16'),
       (6935, 4932, 'F', '2019-03-26 10:26:16'),
       (6936, 4932, 'F', '2019-03-26 10:26:16'),
       (6937, 4932, 'F', '2019-03-26 10:26:16'),
       (6938, 4932, 'F', '2019-03-26 10:26:16'),
       (6939, 4932, 'F', '2019-03-26 10:26:16'),
       (6940, 4932, 'F', '2019-03-26 10:26:16'),
       (6941, 4932, 'F', '2019-03-26 10:26:16'),
       (6942, 4932, 'F', '2019-03-26 10:26:16'),
       (6943, 4932, 'F', '2019-03-26 10:26:16'),
       (6944, 4932, 'F', '2019-03-26 10:26:16'),
       (6945, 4932, 'F', '2019-03-26 10:26:16'),
       (6946, 4932, 'F', '2019-03-26 10:26:16'),
       (6947, 4932, 'F', '2019-03-26 10:26:16'),
       (6949, 4932, 'F', '2019-03-26 10:26:16'),
       (6948, 4932, 'F', '2019-03-26 10:26:16'),
       (6869, 4941, 'F', '2019-04-09 17:07:36'),
       (6870, 4941, 'F', '2019-04-09 17:07:36'),
       (6871, 4941, 'F', '2019-04-09 17:07:36'),
       (6872, 4941, 'F', '2019-04-09 17:07:36'),
       (6873, 4941, 'F', '2019-04-09 17:07:36'),
       (6874, 4941, 'F', '2019-04-09 17:07:36'),
       (6875, 4941, 'F', '2019-04-09 17:07:36'),
       (6876, 4941, 'F', '2019-04-09 17:07:36'),
       (6877, 4941, 'F', '2019-04-09 17:07:36'),
       (6878, 4941, 'F', '2019-04-09 17:07:36'),
       (6879, 4941, 'F', '2019-04-09 17:07:36'),
       (6880, 4941, 'F', '2019-04-09 17:07:36'),
       (6881, 4941, 'F', '2019-04-09 17:07:36'),
       (6882, 4941, 'F', '2019-04-09 17:07:36'),
       (6883, 4941, 'F', '2019-04-09 17:07:36'),
       (6884, 4941, 'F', '2019-04-09 17:07:36'),
       (6951, 4941, 'F', '2019-04-09 17:07:36'),
       (6885, 4941, 'F', '2019-04-09 17:07:36'),
       (6886, 4941, 'F', '2019-04-09 17:07:36'),
       (6887, 4941, 'F', '2019-04-09 17:07:36'),
       (6888, 4941, 'F', '2019-04-09 17:07:36'),
       (6889, 4941, 'F', '2019-04-09 17:07:36'),
       (6890, 4941, 'F', '2019-04-09 17:07:36'),
       (6891, 4941, 'F', '2019-04-09 17:07:36'),
       (6892, 4941, 'F', '2019-04-09 17:07:36'),
       (6893, 4941, 'F', '2019-04-09 17:07:36'),
       (6894, 4941, 'F', '2019-04-09 17:07:36'),
       (6895, 4941, 'F', '2019-04-09 17:07:36'),
       (6896, 4941, 'F', '2019-04-09 17:07:36'),
       (6897, 4941, 'F', '2019-04-09 17:07:36'),
       (6898, 4941, 'F', '2019-04-09 17:07:36'),
       (6899, 4941, 'F', '2019-04-09 17:07:36'),
       (6900, 4941, 'F', '2019-04-09 17:07:36'),
       (6901, 4941, 'F', '2019-04-09 17:07:36'),
       (6902, 4941, 'F', '2019-04-09 17:07:36'),
       (6903, 4941, 'F', '2019-04-09 17:07:36'),
       (6904, 4941, 'F', '2019-04-09 17:07:36'),
       (6905, 4941, 'F', '2019-04-09 17:07:36'),
       (6906, 4941, 'F', '2019-04-09 17:07:36'),
       (6907, 4941, 'F', '2019-04-09 17:07:36'),
       (6908, 4941, 'F', '2019-04-09 17:07:36'),
       (6909, 4941, 'F', '2019-04-09 17:07:36'),
       (6911, 4941, 'F', '2019-04-09 17:07:36'),
       (6912, 4941, 'F', '2019-04-09 17:07:36'),
       (6913, 4941, 'F', '2019-04-09 17:07:36'),
       (6914, 4941, 'F', '2019-04-09 17:07:36'),
       (6915, 4941, 'F', '2019-04-09 17:07:36'),
       (6916, 4941, 'F', '2019-04-09 17:07:36'),
       (6917, 4941, 'F', '2019-04-09 17:07:36'),
       (6918, 4941, 'F', '2019-04-09 17:07:36'),
       (6919, 4941, 'F', '2019-04-09 17:07:36'),
       (6950, 4941, 'F', '2019-04-09 17:07:36'),
       (6920, 4941, 'F', '2019-04-09 17:07:36'),
       (6921, 4941, 'F', '2019-04-09 17:07:36'),
       (6922, 4941, 'F', '2019-04-09 17:07:36'),
       (6923, 4941, 'F', '2019-04-09 17:07:36'),
       (6924, 4941, 'F', '2019-04-09 17:07:36'),
       (6925, 4941, 'F', '2019-04-09 17:07:36'),
       (6926, 4941, 'F', '2019-04-09 17:07:36'),
       (6927, 4941, 'F', '2019-04-09 17:07:36'),
       (6928, 4941, 'F', '2019-04-09 17:07:36'),
       (6929, 4941, 'F', '2019-04-09 17:07:36'),
       (6930, 4941, 'F', '2019-04-09 17:07:36'),
       (6931, 4941, 'F', '2019-04-09 17:07:36'),
       (6932, 4941, 'F', '2019-04-09 17:07:36'),
       (6933, 4941, 'F', '2019-04-09 17:07:36'),
       (6934, 4941, 'F', '2019-04-09 17:07:36'),
       (6935, 4941, 'F', '2019-04-09 17:07:36'),
       (6936, 4941, 'F', '2019-04-09 17:07:36'),
       (6937, 4941, 'F', '2019-04-09 17:07:36'),
       (6938, 4941, 'F', '2019-04-09 17:07:36'),
       (6939, 4941, 'F', '2019-04-09 17:07:36'),
       (6940, 4941, 'F', '2019-04-09 17:07:36'),
       (6941, 4941, 'F', '2019-04-09 17:07:36'),
       (6942, 4941, 'F', '2019-04-09 17:07:36'),
       (6943, 4941, 'F', '2019-04-09 17:07:36'),
       (6944, 4941, 'F', '2019-04-09 17:07:36'),
       (6945, 4941, 'F', '2019-04-09 17:07:36'),
       (6946, 4941, 'F', '2019-04-09 17:07:36'),
       (6947, 4941, 'F', '2019-04-09 17:07:36'),
       (6949, 4941, 'F', '2019-04-09 17:07:36'),
       (6948, 4941, 'F', '2019-04-09 17:07:36'),
       (6869, 4942, 'F', '2019-06-06 17:55:28'),
       (6870, 4942, 'F', '2019-06-06 17:55:28'),
       (6871, 4942, 'F', '2019-06-06 17:55:28'),
       (6946, 4942, 'F', '2019-06-06 17:55:28'),
       (6947, 4942, 'F', '2019-06-06 17:55:28'),
       (6949, 4942, 'F', '2019-06-06 17:55:28'),
       (6881, 4942, 'F', '2019-06-06 17:55:28'),
       (6882, 4942, 'F', '2019-06-06 17:55:28'),
       (6883, 4942, 'F', '2019-06-06 17:55:28'),
       (6884, 4942, 'F', '2019-06-06 17:55:28'),
       (6885, 4942, 'F', '2019-06-06 17:55:28'),
       (6886, 4942, 'F', '2019-06-06 17:55:28'),
       (6887, 4942, 'F', '2019-06-06 17:55:28'),
       (6888, 4942, 'F', '2019-06-06 17:55:28'),
       (6889, 4942, 'F', '2019-06-06 17:55:28'),
       (6890, 4942, 'F', '2019-06-06 17:55:28'),
       (6948, 4942, 'F', '2019-06-06 17:55:28'),
       (6869, 4936, 'F', '2019-03-26 10:26:16'),
       (6870, 4936, 'F', '2019-03-26 10:26:16'),
       (6871, 4936, 'F', '2019-03-26 10:26:16'),
       (6872, 4936, 'F', '2019-03-26 10:26:16'),
       (6873, 4936, 'F', '2019-03-26 10:26:16'),
       (6874, 4936, 'F', '2019-03-26 10:26:16'),
       (6875, 4936, 'F', '2019-03-26 10:26:16'),
       (6876, 4936, 'F', '2019-03-26 10:26:16'),
       (6877, 4936, 'F', '2019-03-26 10:26:16'),
       (6878, 4936, 'F', '2019-03-26 10:26:16'),
       (6879, 4936, 'F', '2019-03-26 10:26:16'),
       (6880, 4936, 'F', '2019-03-26 10:26:16'),
       (6881, 4936, 'F', '2019-03-26 10:26:16'),
       (6882, 4936, 'F', '2019-03-26 10:26:16'),
       (6883, 4936, 'F', '2019-03-26 10:26:16'),
       (6884, 4936, 'F', '2019-03-26 10:26:16'),
       (6951, 4936, 'R', '2019-03-26 10:26:16'),
       (6885, 4936, 'F', '2019-03-26 10:26:16'),
       (6886, 4936, 'F', '2019-03-26 10:26:16'),
       (6887, 4936, 'F', '2019-03-26 10:26:16'),
       (6888, 4936, 'F', '2019-03-26 10:26:16'),
       (6889, 4936, 'F', '2019-03-26 10:26:16'),
       (6890, 4936, 'F', '2019-03-26 10:26:16'),
       (6891, 4936, 'F', '2019-03-26 10:26:16'),
       (6892, 4936, 'F', '2019-03-26 10:26:16'),
       (6893, 4936, 'F', '2019-03-26 10:26:16'),
       (6894, 4936, 'F', '2019-03-26 10:26:16'),
       (6895, 4936, 'F', '2019-03-26 10:26:16'),
       (6896, 4936, 'F', '2019-03-26 10:26:16'),
       (6897, 4936, 'F', '2019-03-26 10:26:16'),
       (6898, 4936, 'F', '2019-03-26 10:26:16'),
       (6899, 4936, 'F', '2019-03-26 10:26:16'),
       (6900, 4936, 'F', '2019-03-26 10:26:16'),
       (6901, 4936, 'F', '2019-03-26 10:26:16'),
       (6902, 4936, 'F', '2019-03-26 10:26:16'),
       (6903, 4936, 'F', '2019-03-26 10:26:16'),
       (6904, 4936, 'F', '2019-03-26 10:26:16'),
       (6905, 4936, 'F', '2019-03-26 10:26:16'),
       (6906, 4936, 'F', '2019-03-26 10:26:16'),
       (6869, 4937, 'F', '2019-03-26 10:26:16'),
       (6870, 4937, 'F', '2019-03-26 10:26:16'),
       (6871, 4937, 'F', '2019-03-26 10:26:16'),
       (6872, 4937, 'F', '2019-03-26 10:26:16'),
       (6873, 4937, 'F', '2019-03-26 10:26:16'),
       (6874, 4937, 'F', '2019-03-26 10:26:16'),
       (6875, 4937, 'F', '2019-03-26 10:26:16'),
       (6876, 4937, 'F', '2019-03-26 10:26:16'),
       (6877, 4937, 'F', '2019-03-26 10:26:16'),
       (6878, 4937, 'F', '2019-03-26 10:26:16'),
       (6879, 4937, 'F', '2019-03-26 10:26:16'),
       (6880, 4937, 'F', '2019-03-26 10:26:16'),
       (6881, 4937, 'F', '2019-03-26 10:26:16'),
       (6882, 4937, 'F', '2019-03-26 10:26:16'),
       (6883, 4937, 'F', '2019-03-26 10:26:16'),
       (6884, 4937, 'F', '2019-03-26 10:26:16'),
       (6885, 4937, 'F', '2019-03-26 10:26:16'),
       (6886, 4937, 'F', '2019-03-26 10:26:16'),
       (6887, 4937, 'F', '2019-03-26 10:26:16'),
       (6888, 4937, 'F', '2019-03-26 10:26:16'),
       (6889, 4937, 'F', '2019-03-26 10:26:16'),
       (6890, 4937, 'F', '2019-03-26 10:26:16'),
       (6891, 4937, 'F', '2019-03-26 10:26:16'),
       (6892, 4937, 'F', '2019-03-26 10:26:16'),
       (6893, 4937, 'F', '2019-03-26 10:26:16'),
       (6894, 4937, 'F', '2019-03-26 10:26:16'),
       (6895, 4937, 'F', '2019-03-26 10:26:16'),
       (6896, 4937, 'F', '2019-03-26 10:26:16'),
       (6897, 4937, 'F', '2019-03-26 10:26:16'),
       (6898, 4937, 'F', '2019-03-26 10:26:16'),
       (6899, 4937, 'F', '2019-03-26 10:26:16'),
       (6900, 4937, 'F', '2019-03-26 10:26:16'),
       (6901, 4937, 'F', '2019-03-26 10:26:16'),
       (6902, 4937, 'F', '2019-03-26 10:26:16'),
       (6903, 4937, 'F', '2019-03-26 10:26:16'),
       (6904, 4937, 'F', '2019-03-26 10:26:16'),
       (6905, 4937, 'F', '2019-03-26 10:26:16'),
       (6906, 4937, 'F', '2019-03-26 10:26:16'),
       (6907, 4937, 'F', '2019-03-26 10:26:16'),
       (6908, 4937, 'F', '2019-03-26 10:26:16'),
       (6909, 4937, 'F', '2019-03-26 10:26:16'),
       (6911, 4937, 'F', '2019-03-26 10:26:16'),
       (6912, 4937, 'F', '2019-03-26 10:26:16'),
       (6913, 4937, 'F', '2019-03-26 10:26:16'),
       (6914, 4937, 'F', '2019-03-26 10:26:16'),
       (6915, 4937, 'F', '2019-03-26 10:26:16'),
       (6916, 4937, 'F', '2019-03-26 10:26:16'),
       (6917, 4937, 'F', '2019-03-26 10:26:16'),
       (6918, 4937, 'F', '2019-03-26 10:26:16'),
       (6919, 4937, 'F', '2019-03-26 10:26:16'),
       (6950, 4937, 'F', '2019-03-26 10:26:16'),
       (6951, 4937, 'R', '2019-03-26 10:26:16'),
       (6920, 4937, 'F', '2019-03-26 10:26:16'),
       (6921, 4937, 'F', '2019-03-26 10:26:16'),
       (6922, 4937, 'F', '2019-03-26 10:26:16'),
       (6923, 4937, 'F', '2019-03-26 10:26:16'),
       (6924, 4937, 'F', '2019-03-26 10:26:16'),
       (6925, 4937, 'F', '2019-03-26 10:26:16'),
       (6926, 4937, 'F', '2019-03-26 10:26:16'),
       (6927, 4937, 'F', '2019-03-26 10:26:16'),
       (6928, 4937, 'F', '2019-03-26 10:26:16'),
       (6929, 4937, 'F', '2019-03-26 10:26:16'),
       (6930, 4937, 'F', '2019-03-26 10:26:16'),
       (6931, 4937, 'F', '2019-03-26 10:26:16'),
       (6932, 4937, 'F', '2019-03-26 10:26:16'),
       (6933, 4937, 'F', '2019-03-26 10:26:16'),
       (6934, 4937, 'F', '2019-03-26 10:26:16'),
       (6935, 4937, 'F', '2019-03-26 10:26:16'),
       (6936, 4937, 'F', '2019-03-26 10:26:16'),
       (6937, 4937, 'F', '2019-03-26 10:26:16'),
       (6938, 4937, 'F', '2019-03-26 10:26:16'),
       (6939, 4937, 'F', '2019-03-26 10:26:16'),
       (6940, 4937, 'F', '2019-03-26 10:26:16'),
       (6941, 4937, 'F', '2019-03-26 10:26:16'),
       (6942, 4937, 'F', '2019-03-26 10:26:16'),
       (6943, 4937, 'F', '2019-03-26 10:26:16'),
       (6944, 4937, 'F', '2019-03-26 10:26:16'),
       (6945, 4937, 'F', '2019-03-26 10:26:16'),
       (6788, 5, 'F', '2009-06-30 05:58:04'),
       (6789, 5, 'F', '2009-06-30 05:58:04'),
       (6790, 5, 'F', '2009-06-30 05:58:04'),
       (6791, 5, 'F', '2009-06-30 05:58:04'),
       (6792, 5, 'F', '2009-06-30 05:58:04'),
       (6793, 5, 'F', '2009-06-30 05:58:04'),
       (6794, 5, 'F', '2009-06-30 05:58:04'),
       (6795, 5, 'F', '2009-06-30 05:58:04'),
       (6796, 5, 'F', '2009-06-30 05:58:04'),
       (6797, 5, 'F', '2009-06-30 05:58:04'),
       (6798, 5, 'F', '2009-06-30 05:58:04'),
       (6799, 5, 'F', '2009-06-30 05:58:04'),
       (6800, 5, 'F', '2009-06-30 05:58:04'),
       (6801, 5, 'F', '2009-06-30 05:58:04'),
       (6802, 5, 'F', '2009-06-30 05:58:04'),
       (6803, 5, 'F', '2009-06-30 05:58:04'),
       (6804, 5, 'F', '2009-06-30 05:58:04'),
       (6805, 5, 'F', '2009-06-30 05:58:04'),
       (6806, 5, 'F', '2009-06-30 05:58:04'),
       (6807, 5, 'F', '2009-06-30 05:58:04'),
       (6808, 5, 'F', '2009-06-30 05:58:04'),
       (6809, 5, 'F', '2009-06-30 05:58:04'),
       (6810, 5, 'F', '2009-06-30 05:58:04'),
       (6811, 5, 'F', '2009-06-30 05:58:04'),
       (6812, 5, 'F', '2009-06-30 05:58:04'),
       (6813, 5, 'F', '2009-06-30 05:58:04'),
       (6814, 5, 'F', '2009-06-30 05:58:04'),
       (6815, 5, 'F', '2009-06-30 05:58:04'),
       (6816, 5, 'F', '2009-06-30 05:58:04'),
       (6817, 5, 'F', '2009-06-30 05:58:04'),
       (6818, 5, 'F', '2009-06-30 05:58:04'),
       (6819, 5, 'F', '2009-06-30 05:58:04'),
       (6820, 5, 'F', '2009-06-30 05:58:04'),
       (6821, 5, 'F', '2009-06-30 05:58:04'),
       (6822, 5, 'F', '2009-06-30 05:58:04'),
       (6823, 5, 'F', '2009-06-30 05:58:04'),
       (6824, 5, 'F', '2009-06-30 05:58:04'),
       (6825, 5, 'F', '2009-06-30 05:58:04'),
       (6826, 5, 'F', '2009-06-30 05:58:04'),
       (6827, 5, 'F', '2009-06-30 05:58:04'),
       (6828, 5, 'F', '2009-06-30 05:58:04'),
       (6829, 5, 'F', '2009-06-30 05:58:04'),
       (6830, 5, 'F', '2009-06-30 05:58:04'),
       (6831, 5, 'F', '2009-06-30 05:58:04'),
       (6832, 5, 'F', '2009-06-30 05:58:04'),
       (6833, 5, 'F', '2009-06-30 05:58:04'),
       (6834, 5, 'F', '2009-06-30 05:58:04'),
       (6835, 5, 'F', '2009-06-30 05:58:04'),
       (6836, 5, 'F', '2009-06-30 05:58:04'),
       (6837, 5, 'F', '2009-06-30 05:58:04'),
       (6838, 5, 'F', '2009-06-30 05:58:04'),
       (6839, 5, 'F', '2009-06-30 05:58:04'),
       (6840, 5, 'F', '2009-06-30 05:58:04'),
       (6841, 5, 'F', '2009-06-30 05:58:04'),
       (6842, 5, 'F', '2009-06-30 05:58:04'),
       (6843, 5, 'F', '2009-06-30 05:58:04'),
       (6844, 5, 'F', '2009-06-30 05:58:04'),
       (6845, 5, 'F', '2009-06-30 05:58:04'),
       (6846, 5, 'F', '2009-06-30 05:58:04'),
       (6847, 5, 'F', '2009-06-30 05:58:04'),
       (6848, 5, 'F', '2009-06-30 05:58:04'),
       (6849, 5, 'F', '2009-06-30 05:58:04'),
       (6850, 5, 'F', '2009-06-30 05:58:04'),
       (6851, 5, 'F', '2009-06-30 05:58:04'),
       (6852, 5, 'F', '2009-06-30 05:58:04'),
       (6853, 5, 'F', '2009-06-30 05:58:04'),
       (6854, 5, 'F', '2009-06-30 05:58:04'),
       (6855, 5, 'F', '2009-06-30 05:58:04'),
       (6856, 5, 'F', '2009-06-30 05:58:04'),
       (6857, 5, 'F', '2009-06-30 05:58:04'),
       (6858, 5, 'F', '2009-06-30 05:58:04'),
       (6859, 5, 'F', '2009-06-30 05:58:04'),
       (6860, 5, 'F', '2009-06-30 05:58:04'),
       (6861, 5, 'F', '2009-06-30 05:58:04'),
       (6862, 5, 'F', '2009-06-30 05:58:04'),
       (6863, 5, 'F', '2009-06-30 05:58:04'),
       (6864, 5, 'F', '2009-06-30 05:58:04'),
       (6865, 5, 'F', '2009-06-30 05:58:04'),
       (6866, 5, 'F', '2009-06-30 05:58:04'),
       (6868, 5, 'F', '2009-06-30 05:58:04'),
       (6867, 5, 'F', '2009-06-30 05:58:04');

-- --------------------------------------------------------

--
-- Table structure for table `applicant_form_groups`
--

CREATE TABLE `applicant_form_groups`
(
    `applicant_group_id` int(11) UNSIGNED NOT NULL,
    `applicant_block_id` int(11) UNSIGNED NOT NULL,
    `company_id`         bigint(20)       NOT NULL,
    `title`              varchar(255)              DEFAULT NULL,
    `cols_count`         int(1) UNSIGNED  NOT NULL DEFAULT '3',
    `collapsed`          enum ('Y','N')   NOT NULL DEFAULT 'N',
    `order`              int(11) UNSIGNED          DEFAULT NULL
) ENGINE = InnoDB
  DEFAULT CHARSET = utf8 COMMENT ='List of fields groups related to specific blocks are described here.';

--
-- Dumping data for table `applicant_form_groups`
--

INSERT INTO `applicant_form_groups` (`applicant_group_id`, `applicant_block_id`, `company_id`, `title`, `cols_count`,
                                     `collapsed`, `order`)
VALUES (3418, 1410, 0, 'Main Group', 3, 'Y', 0),
       (3419, 1411, 0, 'Foreign National Applicant Personal Info', 3, 'Y', 0),
       (3420, 1411, 0, 'Applicant Residential Address', 3, 'Y', 1),
       (3421, 1411, 0, 'Applicant Mailing Address', 3, 'Y', 2),
       (3422, 1411, 0, 'Applicant Representative', 3, 'Y', 3),
       (3423, 1411, 0, 'Express Entry Information', 3, 'Y', 4),
       (3424, 1412, 0, 'Employer Company Information', 3, 'Y', 0),
       (3425, 1412, 0, 'Employer Business Address', 3, 'Y', 1),
       (3426, 1412, 0, 'Employer Mailing Address', 3, 'Y', 2),
       (3427, 1412, 0, 'Employer Representative', 3, 'Y', 3),
       (3428, 1412, 0, 'Contact Information of Employer\'s Authorized Signing Officer', 3, 'Y', 4),
       (3429, 1413, 0, 'Contact Information', 4, 'Y', 0),
       (3430, 1413, 0, 'Address & Contact Details', 4, 'Y', 1),
       (3431, 1413, 0, 'Notes & Comments', 4, 'Y', 2),
       (3432, 1414, 0, 'Contact Information', 4, 'Y', 0),
       (3433, 1414, 0, 'Address & Contact Details', 4, 'Y', 1),
       (3434, 1414, 0, 'Notes & Comments', 4, 'Y', 2),
       (3435, 1415, 0, 'Contact Information', 4, 'Y', 0),
       (3436, 1415, 0, 'Address & Contact Details', 4, 'Y', 1),
       (3437, 1415, 0, 'Notes & Comments', 4, 'Y', 2),
       (3438, 1416, 0, 'Contact Information', 4, 'Y', 0),
       (3439, 1416, 0, 'Address & Contact Details', 4, 'Y', 1),
       (3440, 1416, 0, 'Notes & Comments', 4, 'Y', 2),
       (3441, 1417, 0, 'Contact Information', 4, 'Y', 0),
       (3442, 1417, 0, 'Address & Contact Details', 4, 'Y', 1),
       (3443, 1417, 0, 'Notes & Comments', 4, 'Y', 2),
       (3444, 1418, 0, 'Contact Information', 4, 'Y', 0),
       (3445, 1418, 0, 'Address & Contact Details', 4, 'Y', 1),
       (3446, 1418, 0, 'Notes & Comments', 4, 'Y', 2),
       (3447, 1419, 2, 'Main Group', 3, 'Y', 0),
       (3448, 1420, 2, 'Foreign National Applicant Personal Info', 3, 'Y', 0),
       (3449, 1420, 2, 'Applicant Residential Address', 3, 'Y', 1),
       (3450, 1420, 2, 'Applicant Mailing Address', 3, 'Y', 2),
       (3451, 1420, 2, 'Applicant Representative', 3, 'Y', 3),
       (3452, 1420, 2, 'Express Entry Information', 3, 'Y', 4),
       (3453, 1421, 2, 'Employer Company Information', 3, 'Y', 0),
       (3454, 1421, 2, 'Employer Business Address', 3, 'Y', 1),
       (3455, 1421, 2, 'Employer Mailing Address', 3, 'Y', 2),
       (3456, 1421, 2, 'Employer Representative', 3, 'Y', 3),
       (3457, 1421, 2, 'Contact Information of Employer\'s Authorized Signing Officer', 3, 'Y', 4),
       (3458, 1422, 2, 'Contact Information', 4, 'Y', 0),
       (3459, 1422, 2, 'Address & Contact Details', 4, 'Y', 1),
       (3460, 1422, 2, 'Notes & Comments', 4, 'Y', 2),
       (3461, 1423, 2, 'Contact Information', 4, 'Y', 0),
       (3462, 1423, 2, 'Address & Contact Details', 4, 'Y', 1),
       (3463, 1423, 2, 'Notes & Comments', 4, 'Y', 2),
       (3464, 1424, 2, 'Contact Information', 4, 'Y', 0),
       (3465, 1424, 2, 'Address & Contact Details', 4, 'Y', 1),
       (3466, 1424, 2, 'Notes & Comments', 4, 'Y', 2),
       (3467, 1425, 2, 'Contact Information', 4, 'Y', 0),
       (3468, 1425, 2, 'Address & Contact Details', 4, 'Y', 1),
       (3469, 1425, 2, 'Notes & Comments', 4, 'Y', 2),
       (3470, 1426, 2, 'Contact Information', 4, 'Y', 0),
       (3471, 1426, 2, 'Address & Contact Details', 4, 'Y', 1),
       (3472, 1426, 2, 'Notes & Comments', 4, 'Y', 2),
       (3473, 1427, 2, 'Contact Information', 4, 'Y', 0),
       (3474, 1427, 2, 'Address & Contact Details', 4, 'Y', 1),
       (3475, 1427, 2, 'Notes & Comments', 4, 'Y', 2);

-- --------------------------------------------------------

--
-- Table structure for table `applicant_form_order`
--

CREATE TABLE `applicant_form_order`
(
    `applicant_group_id` int(11) UNSIGNED NOT NULL,
    `applicant_field_id` int(11) UNSIGNED NOT NULL,
    `use_full_row`       enum ('Y','N')   NOT NULL DEFAULT 'N' COMMENT 'Used to identify if field must use all available space (columns)  in the table.',
    `field_order`        tinyint(3) UNSIGNED       DEFAULT '1'
) ENGINE = InnoDB
  DEFAULT CHARSET = utf8 COMMENT ='Each field can be placed in specific group and can be showed in the Client''s profile. If field is placed in the group that is "unassigned" - field is not showed in the Client''s profile.';

--
-- Dumping data for table `applicant_form_order`
--

INSERT INTO `applicant_form_order` (`applicant_group_id`, `applicant_field_id`, `use_full_row`, `field_order`)
VALUES (3418, 6788, 'N', 1),
       (3418, 6789, 'N', 2),
       (3418, 6790, 'N', 3),
       (3418, 6791, 'N', 4),
       (3418, 6792, 'N', 5),
       (3418, 6794, 'N', 6),
       (3418, 6795, 'N', 7),
       (3418, 6796, 'N', 8),
       (3418, 6797, 'N', 9),
       (3418, 6798, 'N', 10),
       (3418, 6799, 'N', 11),
       (3418, 6800, 'N', 12),
       (3418, 6801, 'N', 13),
       (3418, 6802, 'N', 14),
       (3418, 6803, 'N', 15),
       (3418, 6804, 'N', 16),
       (3418, 6805, 'N', 17),
       (3418, 6806, 'N', 18),
       (3418, 6807, 'N', 19),
       (3418, 6808, 'N', 20),
       (3418, 6809, 'N', 21),
       (3418, 6810, 'N', 22),
       (3418, 6811, 'N', 23),
       (3418, 6812, 'N', 24),
       (3418, 6813, 'N', 25),
       (3418, 6814, 'N', 26),
       (3418, 6815, 'N', 27),
       (3418, 6816, 'N', 28),
       (3418, 6817, 'N', 29),
       (3418, 6818, 'N', 30),
       (3418, 6819, 'N', 31),
       (3418, 6820, 'N', 32),
       (3418, 6821, 'N', 33),
       (3418, 6822, 'N', 34),
       (3418, 6823, 'N', 35),
       (3418, 6824, 'N', 36),
       (3418, 6825, 'N', 37),
       (3418, 6826, 'N', 38),
       (3418, 6827, 'N', 39),
       (3418, 6828, 'N', 40),
       (3418, 6829, 'N', 41),
       (3418, 6830, 'N', 42),
       (3418, 6831, 'N', 43),
       (3418, 6832, 'N', 44),
       (3418, 6833, 'N', 45),
       (3418, 6834, 'N', 46),
       (3418, 6835, 'N', 47),
       (3418, 6836, 'N', 48),
       (3418, 6837, 'N', 49),
       (3418, 6839, 'N', 50),
       (3418, 6840, 'N', 51),
       (3418, 6841, 'N', 52),
       (3418, 6842, 'N', 53),
       (3418, 6843, 'N', 54),
       (3418, 6844, 'N', 55),
       (3418, 6845, 'N', 56),
       (3418, 6846, 'N', 57),
       (3418, 6847, 'N', 58),
       (3418, 6848, 'N', 59),
       (3418, 6849, 'N', 60),
       (3418, 6850, 'N', 61),
       (3418, 6851, 'N', 62),
       (3418, 6852, 'N', 63),
       (3418, 6853, 'N', 64),
       (3418, 6854, 'N', 65),
       (3418, 6855, 'N', 66),
       (3418, 6856, 'N', 67),
       (3418, 6857, 'N', 68),
       (3418, 6858, 'N', 69),
       (3418, 6859, 'N', 70),
       (3418, 6860, 'N', 71),
       (3418, 6861, 'N', 72),
       (3418, 6862, 'N', 73),
       (3418, 6863, 'N', 74),
       (3418, 6864, 'N', 75),
       (3418, 6865, 'N', 76),
       (3418, 6866, 'N', 77),
       (3418, 6867, 'Y', 78),
       (3419, 6788, 'N', 1),
       (3419, 6789, 'N', 2),
       (3419, 6790, 'N', 3),
       (3419, 6791, 'N', 4),
       (3419, 6792, 'N', 5),
       (3419, 6793, 'N', 6),
       (3419, 6794, 'N', 7),
       (3419, 6795, 'N', 8),
       (3419, 6796, 'N', 9),
       (3419, 6797, 'N', 10),
       (3419, 6798, 'N', 11),
       (3419, 6799, 'N', 12),
       (3419, 6800, 'N', 13),
       (3419, 6801, 'N', 14),
       (3419, 6802, 'N', 15),
       (3419, 6803, 'N', 16),
       (3420, 6804, 'N', 1),
       (3420, 6805, 'N', 2),
       (3420, 6806, 'N', 3),
       (3420, 6807, 'N', 4),
       (3420, 6808, 'N', 5),
       (3420, 6809, 'N', 6),
       (3421, 6810, 'N', 1),
       (3421, 6811, 'N', 2),
       (3421, 6812, 'N', 3),
       (3421, 6813, 'N', 4),
       (3421, 6814, 'N', 5),
       (3422, 6815, 'N', 1),
       (3422, 6816, 'N', 2),
       (3422, 6817, 'N', 3),
       (3422, 6818, 'N', 4),
       (3422, 6819, 'N', 5),
       (3422, 6820, 'N', 6),
       (3422, 6821, 'N', 7),
       (3422, 6822, 'N', 8),
       (3422, 6823, 'N', 9),
       (3422, 6824, 'N', 10),
       (3422, 6825, 'N', 11),
       (3423, 6826, 'N', 1),
       (3423, 6827, 'N', 2),
       (3424, 6828, 'N', 1),
       (3424, 6829, 'N', 2),
       (3424, 6830, 'N', 3),
       (3424, 6831, 'N', 4),
       (3424, 6832, 'N', 5),
       (3424, 6833, 'N', 6),
       (3424, 6834, 'N', 7),
       (3424, 6835, 'N', 8),
       (3424, 6836, 'N', 9),
       (3424, 6837, 'N', 10),
       (3424, 6838, 'N', 11),
       (3425, 6802, 'N', 2),
       (3425, 6839, 'N', 1),
       (3425, 6840, 'N', 3),
       (3425, 6841, 'N', 4),
       (3425, 6842, 'N', 5),
       (3425, 6843, 'N', 6),
       (3426, 6844, 'N', 1),
       (3426, 6845, 'N', 2),
       (3426, 6846, 'N', 3),
       (3426, 6847, 'N', 4),
       (3426, 6848, 'N', 5),
       (3427, 6849, 'N', 1),
       (3427, 6850, 'N', 2),
       (3427, 6851, 'N', 3),
       (3427, 6852, 'N', 4),
       (3427, 6853, 'N', 5),
       (3427, 6854, 'N', 6),
       (3427, 6855, 'N', 7),
       (3427, 6856, 'N', 8),
       (3427, 6857, 'N', 9),
       (3427, 6858, 'N', 10),
       (3427, 6859, 'N', 11),
       (3428, 6860, 'N', 1),
       (3428, 6861, 'N', 2),
       (3428, 6862, 'N', 3),
       (3428, 6863, 'N', 4),
       (3428, 6864, 'N', 5),
       (3429, 6788, 'N', 1),
       (3429, 6789, 'N', 3),
       (3429, 6790, 'N', 2),
       (3429, 6865, 'N', 4),
       (3429, 6866, 'N', 5),
       (3429, 6868, 'N', 6),
       (3430, 6800, 'N', 7),
       (3430, 6801, 'N', 8),
       (3430, 6802, 'N', 9),
       (3430, 6803, 'N', 10),
       (3430, 6804, 'N', 1),
       (3430, 6805, 'N', 2),
       (3430, 6806, 'N', 3),
       (3430, 6807, 'N', 4),
       (3430, 6808, 'N', 5),
       (3430, 6809, 'N', 6),
       (3431, 6867, 'Y', 1),
       (3432, 6788, 'N', 1),
       (3432, 6789, 'N', 3),
       (3432, 6790, 'N', 2),
       (3432, 6865, 'N', 4),
       (3432, 6866, 'N', 5),
       (3432, 6868, 'N', 6),
       (3433, 6800, 'N', 7),
       (3433, 6801, 'N', 8),
       (3433, 6802, 'N', 9),
       (3433, 6803, 'N', 10),
       (3433, 6804, 'N', 1),
       (3433, 6805, 'N', 2),
       (3433, 6806, 'N', 3),
       (3433, 6807, 'N', 4),
       (3433, 6808, 'N', 5),
       (3433, 6809, 'N', 6),
       (3434, 6867, 'Y', 1),
       (3435, 6788, 'N', 1),
       (3435, 6789, 'N', 3),
       (3435, 6790, 'N', 2),
       (3435, 6865, 'N', 4),
       (3435, 6866, 'N', 5),
       (3435, 6868, 'N', 6),
       (3436, 6800, 'N', 7),
       (3436, 6801, 'N', 8),
       (3436, 6802, 'N', 9),
       (3436, 6803, 'N', 10),
       (3436, 6804, 'N', 1),
       (3436, 6805, 'N', 2),
       (3436, 6806, 'N', 3),
       (3436, 6807, 'N', 4),
       (3436, 6808, 'N', 5),
       (3436, 6809, 'N', 6),
       (3437, 6867, 'Y', 1),
       (3438, 6788, 'N', 1),
       (3438, 6789, 'N', 3),
       (3438, 6790, 'N', 2),
       (3438, 6865, 'N', 4),
       (3438, 6866, 'N', 5),
       (3438, 6868, 'N', 6),
       (3439, 6800, 'N', 7),
       (3439, 6801, 'N', 8),
       (3439, 6802, 'N', 9),
       (3439, 6803, 'N', 10),
       (3439, 6804, 'N', 1),
       (3439, 6805, 'N', 2),
       (3439, 6806, 'N', 3),
       (3439, 6807, 'N', 4),
       (3439, 6808, 'N', 5),
       (3439, 6809, 'N', 6),
       (3440, 6867, 'Y', 1),
       (3441, 6788, 'N', 1),
       (3441, 6789, 'N', 3),
       (3441, 6790, 'N', 2),
       (3441, 6865, 'N', 4),
       (3441, 6866, 'N', 5),
       (3441, 6868, 'N', 6),
       (3442, 6800, 'N', 7),
       (3442, 6801, 'N', 8),
       (3442, 6802, 'N', 9),
       (3442, 6803, 'N', 10),
       (3442, 6804, 'N', 1),
       (3442, 6805, 'N', 2),
       (3442, 6806, 'N', 3),
       (3442, 6807, 'N', 4),
       (3442, 6808, 'N', 5),
       (3442, 6809, 'N', 6),
       (3443, 6867, 'Y', 1),
       (3444, 6788, 'N', 1),
       (3444, 6789, 'N', 3),
       (3444, 6790, 'N', 2),
       (3444, 6865, 'N', 4),
       (3444, 6866, 'N', 5),
       (3444, 6868, 'N', 6),
       (3445, 6800, 'N', 7),
       (3445, 6801, 'N', 8),
       (3445, 6802, 'N', 9),
       (3445, 6803, 'N', 10),
       (3445, 6804, 'N', 1),
       (3445, 6805, 'N', 2),
       (3445, 6806, 'N', 3),
       (3445, 6807, 'N', 4),
       (3445, 6808, 'N', 5),
       (3445, 6809, 'N', 6),
       (3446, 6867, 'Y', 1),
       (3447, 6869, 'N', 0),
       (3447, 6870, 'N', 1),
       (3447, 6871, 'N', 2),
       (3447, 6872, 'N', 3),
       (3447, 6873, 'N', 4),
       (3447, 6875, 'N', 5),
       (3447, 6876, 'N', 6),
       (3447, 6877, 'N', 7),
       (3447, 6878, 'N', 8),
       (3447, 6879, 'N', 9),
       (3447, 6880, 'N', 10),
       (3447, 6881, 'N', 11),
       (3447, 6882, 'N', 12),
       (3447, 6883, 'N', 13),
       (3447, 6884, 'N', 14),
       (3447, 6885, 'N', 15),
       (3447, 6886, 'N', 16),
       (3447, 6887, 'N', 17),
       (3447, 6888, 'N', 18),
       (3447, 6889, 'N', 19),
       (3447, 6890, 'N', 20),
       (3447, 6891, 'N', 21),
       (3447, 6892, 'N', 22),
       (3447, 6893, 'N', 23),
       (3447, 6894, 'N', 24),
       (3447, 6895, 'N', 25),
       (3447, 6896, 'N', 26),
       (3447, 6897, 'N', 27),
       (3447, 6898, 'N', 28),
       (3447, 6899, 'N', 29),
       (3447, 6900, 'N', 30),
       (3447, 6901, 'N', 31),
       (3447, 6902, 'N', 32),
       (3447, 6903, 'N', 33),
       (3447, 6904, 'N', 34),
       (3447, 6905, 'N', 35),
       (3447, 6906, 'N', 36),
       (3447, 6907, 'N', 37),
       (3447, 6908, 'N', 38),
       (3447, 6909, 'N', 39),
       (3447, 6911, 'N', 40),
       (3447, 6912, 'N', 41),
       (3447, 6913, 'N', 42),
       (3447, 6914, 'N', 43),
       (3447, 6915, 'N', 44),
       (3447, 6916, 'N', 45),
       (3447, 6917, 'N', 46),
       (3447, 6918, 'N', 47),
       (3447, 6920, 'N', 48),
       (3447, 6921, 'N', 49),
       (3447, 6922, 'N', 50),
       (3447, 6923, 'N', 51),
       (3447, 6924, 'N', 52),
       (3447, 6925, 'N', 53),
       (3447, 6926, 'N', 54),
       (3447, 6927, 'N', 55),
       (3447, 6928, 'N', 56),
       (3447, 6929, 'N', 57),
       (3447, 6930, 'N', 58),
       (3447, 6931, 'N', 59),
       (3447, 6932, 'N', 60),
       (3447, 6933, 'N', 61),
       (3447, 6934, 'N', 62),
       (3447, 6935, 'N', 63),
       (3447, 6936, 'N', 64),
       (3447, 6937, 'N', 65),
       (3447, 6938, 'N', 66),
       (3447, 6939, 'N', 67),
       (3447, 6940, 'N', 68),
       (3447, 6941, 'N', 69),
       (3447, 6942, 'N', 70),
       (3447, 6943, 'N', 71),
       (3447, 6944, 'N', 72),
       (3447, 6945, 'N', 73),
       (3447, 6946, 'N', 74),
       (3447, 6947, 'N', 75),
       (3447, 6948, 'Y', 76),
       (3447, 6950, 'N', 77),
       (3447, 6951, 'N', 78),
       (3448, 6869, 'N', 0),
       (3448, 6870, 'N', 1),
       (3448, 6871, 'N', 2),
       (3448, 6872, 'N', 3),
       (3448, 6873, 'N', 4),
       (3448, 6874, 'N', 5),
       (3448, 6875, 'N', 6),
       (3448, 6876, 'N', 7),
       (3448, 6877, 'N', 8),
       (3448, 6878, 'N', 9),
       (3448, 6879, 'N', 10),
       (3448, 6880, 'N', 11),
       (3448, 6881, 'N', 12),
       (3448, 6882, 'N', 13),
       (3448, 6883, 'N', 14),
       (3448, 6884, 'N', 15),
       (3448, 6951, 'N', 16),
       (3449, 6885, 'N', 0),
       (3449, 6886, 'N', 1),
       (3449, 6887, 'N', 2),
       (3449, 6888, 'N', 3),
       (3449, 6889, 'N', 4),
       (3449, 6890, 'N', 5),
       (3450, 6891, 'N', 0),
       (3450, 6892, 'N', 1),
       (3450, 6893, 'N', 2),
       (3450, 6894, 'N', 3),
       (3450, 6895, 'N', 4),
       (3451, 6896, 'N', 0),
       (3451, 6897, 'N', 1),
       (3451, 6898, 'N', 2),
       (3451, 6899, 'N', 3),
       (3451, 6900, 'N', 4),
       (3451, 6901, 'N', 5),
       (3451, 6902, 'N', 6),
       (3451, 6903, 'N', 7),
       (3451, 6904, 'N', 8),
       (3451, 6905, 'N', 9),
       (3451, 6906, 'N', 10),
       (3452, 6907, 'N', 0),
       (3452, 6908, 'N', 1),
       (3453, 6909, 'N', 0),
       (3453, 6911, 'N', 2),
       (3453, 6912, 'N', 3),
       (3453, 6913, 'N', 4),
       (3453, 6914, 'N', 5),
       (3453, 6915, 'N', 6),
       (3453, 6916, 'N', 7),
       (3453, 6917, 'N', 8),
       (3453, 6918, 'N', 9),
       (3453, 6919, 'N', 10),
       (3453, 6950, 'N', 1),
       (3453, 6951, 'N', 11),
       (3454, 6883, 'N', 1),
       (3454, 6920, 'N', 0),
       (3454, 6921, 'N', 2),
       (3454, 6922, 'N', 3),
       (3454, 6923, 'N', 4),
       (3454, 6924, 'N', 5),
       (3455, 6925, 'N', 0),
       (3455, 6926, 'N', 1),
       (3455, 6927, 'N', 2),
       (3455, 6928, 'N', 3),
       (3455, 6929, 'N', 4),
       (3456, 6930, 'N', 0),
       (3456, 6931, 'N', 1),
       (3456, 6932, 'N', 2),
       (3456, 6933, 'N', 3),
       (3456, 6934, 'N', 4),
       (3456, 6935, 'N', 5),
       (3456, 6936, 'N', 6),
       (3456, 6937, 'N', 7),
       (3456, 6938, 'N', 8),
       (3456, 6939, 'N', 9),
       (3456, 6940, 'N', 10),
       (3457, 6941, 'N', 0),
       (3457, 6942, 'N', 1),
       (3457, 6943, 'N', 2),
       (3457, 6944, 'N', 3),
       (3457, 6945, 'N', 4),
       (3458, 6869, 'N', 1),
       (3458, 6870, 'N', 3),
       (3458, 6871, 'N', 2),
       (3458, 6946, 'N', 4),
       (3458, 6947, 'N', 5),
       (3458, 6949, 'N', 6),
       (3459, 6881, 'N', 7),
       (3459, 6882, 'N', 8),
       (3459, 6883, 'N', 9),
       (3459, 6884, 'N', 10),
       (3459, 6885, 'N', 1),
       (3459, 6886, 'N', 2),
       (3459, 6887, 'N', 3),
       (3459, 6888, 'N', 4),
       (3459, 6889, 'N', 5),
       (3459, 6890, 'N', 6),
       (3460, 6948, 'Y', 1),
       (3461, 6869, 'N', 1),
       (3461, 6870, 'N', 3),
       (3461, 6871, 'N', 2),
       (3461, 6946, 'N', 4),
       (3461, 6947, 'N', 5),
       (3461, 6949, 'N', 6),
       (3462, 6881, 'N', 7),
       (3462, 6882, 'N', 8),
       (3462, 6883, 'N', 9),
       (3462, 6884, 'N', 10),
       (3462, 6885, 'N', 1),
       (3462, 6886, 'N', 2),
       (3462, 6887, 'N', 3),
       (3462, 6888, 'N', 4),
       (3462, 6889, 'N', 5),
       (3462, 6890, 'N', 6),
       (3463, 6948, 'Y', 1),
       (3464, 6869, 'N', 1),
       (3464, 6870, 'N', 3),
       (3464, 6871, 'N', 2),
       (3464, 6946, 'N', 4),
       (3464, 6947, 'N', 5),
       (3464, 6949, 'N', 6),
       (3465, 6881, 'N', 7),
       (3465, 6882, 'N', 8),
       (3465, 6883, 'N', 9),
       (3465, 6884, 'N', 10),
       (3465, 6885, 'N', 1),
       (3465, 6886, 'N', 2),
       (3465, 6887, 'N', 3),
       (3465, 6888, 'N', 4),
       (3465, 6889, 'N', 5),
       (3465, 6890, 'N', 6),
       (3466, 6948, 'Y', 1),
       (3467, 6869, 'N', 1),
       (3467, 6870, 'N', 3),
       (3467, 6871, 'N', 2),
       (3467, 6946, 'N', 4),
       (3467, 6947, 'N', 5),
       (3467, 6949, 'N', 6),
       (3468, 6881, 'N', 7),
       (3468, 6882, 'N', 8),
       (3468, 6883, 'N', 9),
       (3468, 6884, 'N', 10),
       (3468, 6885, 'N', 1),
       (3468, 6886, 'N', 2),
       (3468, 6887, 'N', 3),
       (3468, 6888, 'N', 4),
       (3468, 6889, 'N', 5),
       (3468, 6890, 'N', 6),
       (3469, 6948, 'Y', 1),
       (3470, 6869, 'N', 1),
       (3470, 6870, 'N', 3),
       (3470, 6871, 'N', 2),
       (3470, 6946, 'N', 4),
       (3470, 6947, 'N', 5),
       (3470, 6949, 'N', 6),
       (3471, 6881, 'N', 7),
       (3471, 6882, 'N', 8),
       (3471, 6883, 'N', 9),
       (3471, 6884, 'N', 10),
       (3471, 6885, 'N', 1),
       (3471, 6886, 'N', 2),
       (3471, 6887, 'N', 3),
       (3471, 6888, 'N', 4),
       (3471, 6889, 'N', 5),
       (3471, 6890, 'N', 6),
       (3472, 6948, 'Y', 1),
       (3473, 6869, 'N', 1),
       (3473, 6870, 'N', 3),
       (3473, 6871, 'N', 2),
       (3473, 6946, 'N', 4),
       (3473, 6947, 'N', 5),
       (3473, 6949, 'N', 6),
       (3474, 6881, 'N', 7),
       (3474, 6882, 'N', 8),
       (3474, 6883, 'N', 9),
       (3474, 6884, 'N', 10),
       (3474, 6885, 'N', 1),
       (3474, 6886, 'N', 2),
       (3474, 6887, 'N', 3),
       (3474, 6888, 'N', 4),
       (3474, 6889, 'N', 5),
       (3474, 6890, 'N', 6),
       (3475, 6948, 'Y', 1);

-- --------------------------------------------------------

--
-- Table structure for table `applicant_types`
--

CREATE TABLE `applicant_types`
(
    `applicant_type_id`   int(11) UNSIGNED NOT NULL,
    `member_type_id`      int(2) UNSIGNED  NOT NULL,
    `company_id`          bigint(20)                DEFAULT NULL,
    `applicant_type_name` varchar(100)              DEFAULT NULL,
    `is_system`           enum ('Y','N')   NOT NULL DEFAULT 'N'
) ENGINE = InnoDB
  DEFAULT CHARSET = utf8 COMMENT ='Client can have different types. The list of them is described here. Mostly used by Contacts. Type marked as system - cannot be deleted/changed.';

--
-- Dumping data for table `applicant_types`
--

INSERT INTO `applicant_types` (`applicant_type_id`, `member_type_id`, `company_id`, `applicant_type_name`, `is_system`)
VALUES (19, 10, 0, 'Sales Agent', 'Y'),
       (20, 10, 0, 'Legal Practitioner', 'N'),
       (23, 10, 0, 'Regional Body', 'N'),
       (24, 10, 0, 'Translator', 'N'),
       (25, 10, 0, 'Education Provider', 'N'),
       (26, 10, 0, 'Others', 'N'),
       (35, 10, 2, 'Sales Agent', 'Y'),
       (36, 10, 2, 'Legal Practitioner', 'N'),
       (37, 10, 2, 'Regional Body', 'N'),
       (38, 10, 2, 'Translator', 'N'),
       (39, 10, 2, 'Education Provider', 'N'),
       (40, 10, 2, 'Others', 'N');

-- --------------------------------------------------------

--
-- Table structure for table `automated_billing_blacklist`
--

CREATE TABLE `automated_billing_blacklist`
(
    `pt_error_id`          int(11) UNSIGNED NOT NULL,
    `pt_error_code`        varchar(3)       NOT NULL,
    `pt_error_description` varchar(255) DEFAULT NULL
) ENGINE = InnoDB
  DEFAULT CHARSET = utf8 COMMENT ='List of errors that will be used during company''s payment process. Failed invoices with these error codes will be ignored and not tried to process again.';

--
-- Dumping data for table `automated_billing_blacklist`
--

INSERT INTO `automated_billing_blacklist` (`pt_error_id`, `pt_error_code`, `pt_error_description`)
VALUES (10, '04', 'Pick-up card');

-- --------------------------------------------------------

--
-- Table structure for table `automated_billing_log`
--

CREATE TABLE `automated_billing_log`
(
    `log_id`                       int(11) UNSIGNED       NOT NULL,
    `log_session_id`               int(11) UNSIGNED       NOT NULL,
    `log_invoice_id`               int(11) UNSIGNED DEFAULT NULL,
    `log_retry`                    enum ('Y','N')         NOT NULL,
    `log_company`                  varchar(255)           NOT NULL,
    `log_company_show_dialog_date` date             DEFAULT NULL,
    `log_amount`                   double(11, 2) UNSIGNED NOT NULL,
    `log_old_billing_date`         date             DEFAULT NULL,
    `log_new_billing_date`         date             DEFAULT NULL,
    `log_status`                   enum ('C','F')         NOT NULL,
    `log_error_code`               varchar(3)       DEFAULT NULL,
    `log_error_message`            text
) ENGINE = InnoDB
  DEFAULT CHARSET = utf8 COMMENT ='During payment process - we save all tries that were sent to the payment system.';

-- --------------------------------------------------------

--
-- Table structure for table `automated_billing_log_sessions`
--

CREATE TABLE `automated_billing_log_sessions`
(
    `log_session_id`   int(11) UNSIGNED NOT NULL,
    `log_session_date` datetime         NOT NULL
) ENGINE = InnoDB
  DEFAULT CHARSET = utf8 COMMENT ='All payment requests are grouped by sessions. Each session is saved in this table.';

-- --------------------------------------------------------

--
-- Table structure for table `automatic_reminders`
--

CREATE TABLE `automatic_reminders`
(
    `automatic_reminder_id` int(11) UNSIGNED NOT NULL,
    `company_id`            bigint(20) DEFAULT NULL,
    `reminder`              text,
    `create_date`           date       DEFAULT NULL
) ENGINE = InnoDB
  DEFAULT CHARSET = utf8 COMMENT ='Automatic reminders (tasks) are described here. Each task has different properties and can be based on different triggers.';

--
-- Dumping data for table `automatic_reminders`
--

INSERT INTO `automatic_reminders` (`automatic_reminder_id`, `company_id`, `reminder`, `create_date`)
VALUES (4292, 2, 'BNP- Applicant\'s Representative changed', '2019-04-27'),
       (4296, 2, 'BNP- Initial Application Submitted', '2019-08-06'),
       (4297, 2, 'BNP- Step 3 Documents Submitted', '2019-08-06'),
       (4298, 2, 'BNP- Pre-Interview Documents Received', '2019-08-06'),
       (4299, 2, 'BNP- Step 4 Formal Application Submitted', '2019-08-06'),
       (4300, 2, 'BNP - Good Faith Deposit Received', '2019-08-06'),
       (4301, 2, 'BNP- Arrival Report Submitted', '2019-08-06'),
       (4302, 2, 'BNP- BPA Inteirm Report Received', '2019-08-06'),
       (4303, 2, 'BNP- BPA Final Report Received', '2019-08-06'),
       (4304, 2, 'BNP - Step 2 Documents are Due', '2019-08-06'),
       (4305, 2, 'BNP - Business Concept Due Date Reminder', '2019-08-06'),
       (4306, 2, 'BNP - Step 3 Documents are Due', '2019-08-06'),
       (4307, 2, 'BNP - Step 3 Documents are Due - Staff Reminder', '2019-08-06'),
       (4308, 2, 'BNP- Step 4 Formal Application Due', '2019-08-06'),
       (4309, 2, 'BNP- Step 4 Formal Application Due - Staff Reminder', '2019-08-06'),
       (4310, 2, 'BNP- Arrival Report Reminder', '2019-08-06'),
       (4311, 2, 'BNP- Arrival Report Reminder - Staff Reminder', '2019-08-06'),
       (4312, 2, 'BNP- BPA Inteirm Report Due - First Reminder', '2019-08-06'),
       (4313, 2, 'BNP- BPA Inteirm Report Due - 7 day Reminder', '2019-08-06'),
       (4314, 2, 'BNP- BPA Final Report Due - First Reminder', '2019-08-06'),
       (4315, 2, 'BNP- BPA Final Report Due - 7 day Reminder', '2019-08-06'),
       (4316, 2, 'EDS- Representative Changed', '2019-08-06'),
       (4317, 2, 'BNP- Initial Application Submitted- Welcome Letter', '2019-08-07'),
       (4318, 2, 'BNP- Signed BPA is due Reminder', '2019-08-13'),
       (4319, 2, 'EDS- Service Standard', '2019-08-26'),
       (4320, 2, 'EDS- Services Standard Reminder 2', '2019-08-26'),
       (4321, 2, 'EDS-Assessment set Queue', '2019-08-26'),
       (4322, 2, 'EDS-Assessment Reminder', '2019-08-26'),
       (4323, 2, 'EDS- Final Review- Set Queue', '2019-08-26'),
       (4324, 2, 'EDS- Final Review - Reminder', '2019-08-26'),
       (4325, 2, 'EDS- Requested info Due- staff reminder', '2019-08-26'),
       (4326, 2, 'EDS-Nomination Issued', '2019-08-26'),
       (4327, 2, 'EDS- MOU Scheduled - Staff Reminder', '2019-08-26'),
       (4328, 2, 'EDS- Application Denied', '2019-08-26'),
       (4329, 2, 'EDS-Requested Info Due - Email', '2019-08-27'),
       (4330, 2, 'EDS - Requested Info Due', '2019-08-27'),
       (4331, 2, 'EDS- MOU Scheduled', '2019-08-27'),
       (4332, 2, 'EDS-Application Received', '2019-08-27');

-- --------------------------------------------------------

--
-- Table structure for table `automatic_reminders_processed`
--

CREATE TABLE `automatic_reminders_processed`
(
    `automatic_reminders_processed_id` int(11) UNSIGNED NOT NULL,
    `automatic_reminder_id`            int(11) UNSIGNED DEFAULT NULL,
    `member_id`                        bigint(20)       DEFAULT NULL,
    `year`                             year(4)          DEFAULT NULL
) ENGINE = InnoDB
  DEFAULT CHARSET = utf8 COMMENT ='List of processed reminders (tasks) that are based on the date fields - is saved here to prevent their duplication.';

-- --------------------------------------------------------

--
-- Table structure for table `automatic_reminder_actions`
--

CREATE TABLE `automatic_reminder_actions`
(
    `automatic_reminder_action_id`          int(11) UNSIGNED NOT NULL,
    `company_id`                            bigint(20)       NOT NULL,
    `automatic_reminder_id`                 int(11) UNSIGNED DEFAULT NULL,
    `automatic_reminder_action_type_id`     int(11) UNSIGNED NOT NULL,
    `automatic_reminder_action_settings`    text,
    `automatic_reminder_action_create_date` date             DEFAULT NULL
) ENGINE = InnoDB
  DEFAULT CHARSET = utf8 COMMENT ='List of actions that must be done when automatic task will be marked as due.';

--
-- Dumping data for table `automatic_reminder_actions`
--

INSERT INTO `automatic_reminder_actions` (`automatic_reminder_action_id`, `company_id`, `automatic_reminder_id`,
                                          `automatic_reminder_action_type_id`, `automatic_reminder_action_settings`,
                                          `automatic_reminder_action_create_date`)
VALUES (35, 2, 4292, 2,
        '{"task_subject":"Represntative name changed","task_assign_to":"role:4936","task_message":"Applicant\'s Representative changed"}',
        '2019-04-27'),
       (39, 2, 4296, 2,
        '{"task_subject":"BNP- Initial Registration Received","task_assign_to":"role:4936","task_message":"BNP- Initial Registration Received"}',
        '2019-08-06'),
       (40, 2, 4297, 2,
        '{"task_subject":"BNP Expression of Interest Received","task_assign_to":"role:4936","task_message":"BNP- Expression of Interest Received"}',
        '2019-08-06'),
       (41, 2, 4298, 2,
        '{"task_subject":"BNP-Pre-Interview Documents Received","task_assign_to":"role:4936","task_message":"BNP- Pre-Interview Documents Received"}',
        '2019-08-06'),
       (42, 2, 4299, 2,
        '{"task_subject":"BNP - Formal Application Submission","task_assign_to":"role:4936","task_message":"BNP - Formal Application Submission"}',
        '2019-08-06'),
       (43, 2, 4300, 2,
        '{"task_subject":"BNP - Good Faith Deposit Received","task_assign_to":"role:4936","task_message":"BNP - Good Faith Deposit Received"}',
        '2019-08-06'),
       (44, 2, 4301, 2,
        '{"task_subject":"Arrival Report Submission received","task_assign_to":"role:4936","task_message":"Arrival Report Submission received"}',
        '2019-08-06'),
       (45, 2, 4302, 2,
        '{"task_subject":"BPA Inteirm Report Submitted","task_assign_to":"role:4936","task_message":"BPA Inteirm Report Submitted"}',
        '2019-08-06'),
       (46, 2, 4303, 2,
        '{"task_subject":"Business Stream Final Report Submitted","task_assign_to":"role:4936","task_message":"Business Stream Final Report Submitted"}',
        '2019-08-06'),
       (47, 2, 4304, 3, '{"to":"client","template_id":"9366"}', '2019-08-06'),
       (48, 2, 4305, 3, '{"to":"client","template_id":"9422"}', '2019-08-06'),
       (49, 2, 4306, 3, '{"to":"client","template_id":"9423"}', '2019-08-06'),
       (50, 2, 4307, 2,
        '{"task_subject":"Expression of Interest due","task_assign_to":"role:4936","task_message":"Expression of Interest due"}',
        '2019-08-06'),
       (51, 2, 4308, 3, '{"to":"client","template_id":"9425"}', '2019-08-06'),
       (52, 2, 4309, 2,
        '{"task_subject":"Complete Application due for the applicant","task_assign_to":"role:4936","task_message":"Complete Application due for the applicant."}',
        '2019-08-06'),
       (53, 2, 4310, 3, '{"to":"client","template_id":"9426"}', '2019-08-06'),
       (54, 2, 4311, 2,
        '{"task_subject":"Arrival Report due","task_assign_to":"role:4936","task_message":"Arrival Report due."}',
        '2019-08-06'),
       (55, 2, 4312, 3, '{"to":"client","template_id":"9380"}', '2019-08-06'),
       (56, 2, 4313, 2,
        '{"task_subject":"BPA Interim Report Due - 7 day Reminder","task_assign_to":"role:4936","task_message":"BPA Interim report is due in 7 days."}',
        '2019-08-06'),
       (57, 2, 4314, 3, '{"to":"client","template_id":"9381"}', '2019-08-06'),
       (58, 2, 4315, 2,
        '{"task_subject":"Business Stream Final Report Due","task_assign_to":"role:4936","task_message":"Business Stream Final Report Due"}',
        '2019-08-06'),
       (59, 2, 4316, 2,
        '{"task_subject":"Authorized representative is Changed.","task_assign_to":"user:389","task_message":"Authorized representative is Changed."}',
        '2019-08-06'),
       (60, 2, 4317, 3, '{"to":"client","template_id":"9421"}', '2019-08-07'),
       (61, 2, 4318, 3, '{"to":"client","template_id":"9427"}', '2019-08-13'),
       (62, 2, 4319, 2,
        '{"task_subject":"5 weeks remain in the assessment period","task_assign_to":"user:389","task_message":"5 weeks remain in the assessment period"}',
        '2019-08-26'),
       (63, 2, 4320, 2,
        '{"task_subject":"10 weeks service standard reached today","task_assign_to":"role:4937","task_message":"10 weeks service standard reached today"}',
        '2019-08-26'),
       (64, 2, 4321, 1, '{"member_type":"individual","field_id":"6874","option":"247"}', '2019-08-26'),
       (65, 2, 4322, 2,
        '{"task_subject":"Case is now in your queue","task_assign_to":"user:389","task_message":"Case is now in your queue"}',
        '2019-08-26'),
       (66, 2, 4323, 1, '{"member_type":"individual","field_id":"6874","option":"250"}', '2019-08-26'),
       (67, 2, 4324, 2,
        '{"task_subject":"Case is now in your queue","task_assign_to":"user:414","task_message":"Case is now in your queue"}',
        '2019-08-26'),
       (68, 2, 4325, 2,
        '{"task_subject":"Requested information is due today","task_assign_to":"user:389","task_message":"Requested information is due today"}',
        '2019-08-26'),
       (69, 2, 4326, 2, '{"task_subject":"Book MOU","task_assign_to":"user:389","task_message":"Book MOU"}',
        '2019-08-26'),
       (70, 2, 4327, 2,
        '{"task_subject":"MOU is tomorrow","task_assign_to":"user:389","task_message":"MOU is tomorrow"}',
        '2019-08-26'),
       (71, 2, 4328, 2,
        '{"task_subject":"Appeal period is over","task_assign_to":"user:389","task_message":"Appeal period is over"}',
        '2019-08-26'),
       (72, 2, 4329, 3, '{"to":"employer","template_id":"9430"}', '2019-08-27'),
       (73, 2, 4330, 3, '{"to":"employer","template_id":"9431"}', '2019-08-27'),
       (74, 2, 4331, 3, '{"to":"employer","template_id":"9432"}', '2019-08-27'),
       (75, 2, 4332, 3, '{"to":"employer","template_id":"9429"}', '2019-08-27');

-- --------------------------------------------------------

--
-- Table structure for table `automatic_reminder_action_types`
--

CREATE TABLE `automatic_reminder_action_types`
(
    `automatic_reminder_action_type_id`            int(11) UNSIGNED NOT NULL,
    `automatic_reminder_action_type_internal_name` varchar(255) DEFAULT NULL,
    `automatic_reminder_action_type_name`          varchar(255) DEFAULT NULL
) ENGINE = InnoDB
  DEFAULT CHARSET = utf8 COMMENT ='List of supported action types that wil be done when automatic task will be marked as due.';

--
-- Dumping data for table `automatic_reminder_action_types`
--

INSERT INTO `automatic_reminder_action_types` (`automatic_reminder_action_type_id`,
                                               `automatic_reminder_action_type_internal_name`,
                                               `automatic_reminder_action_type_name`)
VALUES (1, 'change_field_value', 'Change field value'),
       (2, 'create_task', 'Create task'),
       (3, 'send_email', 'Send email');

-- --------------------------------------------------------

--
-- Table structure for table `automatic_reminder_conditions`
--

CREATE TABLE `automatic_reminder_conditions`
(
    `automatic_reminder_condition_id`          int(11) UNSIGNED NOT NULL,
    `company_id`                               bigint(20)       NOT NULL,
    `automatic_reminder_id`                    int(11) UNSIGNED DEFAULT NULL,
    `automatic_reminder_condition_type_id`     int(11) UNSIGNED NOT NULL,
    `automatic_reminder_condition_settings`    text,
    `automatic_reminder_condition_create_date` date             DEFAULT NULL
) ENGINE = InnoDB
  DEFAULT CHARSET = utf8 COMMENT ='List of conditions that must be true to run automatic task''s actions.';

--
-- Dumping data for table `automatic_reminder_conditions`
--

INSERT INTO `automatic_reminder_conditions` (`automatic_reminder_condition_id`, `company_id`, `automatic_reminder_id`,
                                             `automatic_reminder_condition_type_id`,
                                             `automatic_reminder_condition_settings`,
                                             `automatic_reminder_condition_create_date`)
VALUES (35, 2, 4292, 5, '{"changed_field_member_type":"individual","changed_field_field_id":"6896"}', '2019-06-10'),
       (37, 2, 4296, 4,
        '{"based_on_field_member_type":"case","based_on_field_field_id":"69450","based_on_field_condition":"is","based_on_field_combo":"150390"}',
        '2019-08-06'),
       (38, 2, 4297, 4,
        '{"based_on_field_member_type":"case","based_on_field_field_id":"69450","based_on_field_condition":"is","based_on_field_combo":"150396"}',
        '2019-08-06'),
       (39, 2, 4298, 4,
        '{"based_on_field_member_type":"case","based_on_field_field_id":"69450","based_on_field_condition":"is","based_on_field_combo":"150393"}',
        '2019-08-06'),
       (40, 2, 4299, 4,
        '{"based_on_field_member_type":"case","based_on_field_field_id":"69450","based_on_field_condition":"is","based_on_field_combo":"150398"}',
        '2019-08-06'),
       (41, 2, 4300, 4,
        '{"based_on_field_member_type":"case","based_on_field_field_id":"69450","based_on_field_condition":"is","based_on_field_combo":"150403"}',
        '2019-08-06'),
       (42, 2, 4301, 4,
        '{"based_on_field_member_type":"case","based_on_field_field_id":"69450","based_on_field_condition":"is","based_on_field_combo":"150406"}',
        '2019-08-06'),
       (43, 2, 4302, 4,
        '{"based_on_field_member_type":"case","based_on_field_field_id":"69450","based_on_field_condition":"is","based_on_field_combo":"150410"}',
        '2019-08-06'),
       (44, 2, 4303, 4,
        '{"based_on_field_member_type":"case","based_on_field_field_id":"69450","based_on_field_condition":"is","based_on_field_combo":"150411"}',
        '2019-08-06'),
       (45, 2, 4304, 2, '{"number":"7","days":"CALENDAR","ba":"BEFORE","prof":69455}', '2019-08-06'),
       (46, 2, 4304, 4,
        '{"based_on_field_member_type":"case","based_on_field_field_id":"69450","based_on_field_condition":"is","based_on_field_combo":"150392"}',
        '2019-08-06'),
       (47, 2, 4305, 4,
        '{"based_on_field_member_type":"case","based_on_field_field_id":"69532","based_on_field_condition":"is_empty"}',
        '2019-08-06'),
       (48, 2, 4305, 2, '{"number":"1","days":"BUSINESS","ba":"BEFORE","prof":69455}', '2019-08-06'),
       (49, 2, 4306, 4,
        '{"based_on_field_member_type":"case","based_on_field_field_id":"69450","based_on_field_condition":"is","based_on_field_combo":"150395"}',
        '2019-08-06'),
       (50, 2, 4306, 2, '{"number":"53","days":"CALENDAR","ba":"AFTER","prof":69457}', '2019-08-06'),
       (51, 2, 4307, 4,
        '{"based_on_field_member_type":"case","based_on_field_field_id":"69450","based_on_field_condition":"is","based_on_field_combo":"150395"}',
        '2019-08-06'),
       (52, 2, 4307, 2, '{"number":"63","days":"CALENDAR","ba":"AFTER","prof":69457}', '2019-08-06'),
       (53, 2, 4308, 2, '{"number":"150","days":"CALENDAR","ba":"AFTER","prof":69458}', '2019-08-06'),
       (54, 2, 4308, 4,
        '{"based_on_field_member_type":"case","based_on_field_field_id":"69450","based_on_field_condition":"is","based_on_field_combo":"150397"}',
        '2019-08-06'),
       (55, 2, 4309, 4,
        '{"based_on_field_member_type":"case","based_on_field_field_id":"69450","based_on_field_condition":"is","based_on_field_combo":"150397"}',
        '2019-08-06'),
       (56, 2, 4309, 2, '{"number":"179","days":"CALENDAR","ba":"AFTER","prof":69458}', '2019-08-06'),
       (57, 2, 4310, 4,
        '{"based_on_field_member_type":"case","based_on_field_field_id":"69450","based_on_field_condition":"is","based_on_field_combo":"150405"}',
        '2019-08-06'),
       (58, 2, 4310, 2, '{"number":"30","days":"CALENDAR","ba":"AFTER","prof":69467}', '2019-08-06'),
       (59, 2, 4311, 4,
        '{"based_on_field_member_type":"case","based_on_field_field_id":"69450","based_on_field_condition":"is","based_on_field_combo":"150405"}',
        '2019-08-06'),
       (60, 2, 4311, 2, '{"number":"52","days":"CALENDAR","ba":"AFTER","prof":69467}', '2019-08-06'),
       (61, 2, 4312, 4,
        '{"based_on_field_member_type":"case","based_on_field_field_id":"69450","based_on_field_condition":"is","based_on_field_combo":"150409"}',
        '2019-08-06'),
       (62, 2, 4312, 2, '{"number":"30","days":"CALENDAR","ba":"BEFORE","prof":69530}', '2019-08-06'),
       (63, 2, 4313, 4,
        '{"based_on_field_member_type":"case","based_on_field_field_id":"69450","based_on_field_condition":"is","based_on_field_combo":"150409"}',
        '2019-08-06'),
       (64, 2, 4313, 2, '{"number":"7","days":"CALENDAR","ba":"BEFORE","prof":69530}', '2019-08-06'),
       (65, 2, 4314, 4,
        '{"based_on_field_member_type":"case","based_on_field_field_id":"69450","based_on_field_condition":"is","based_on_field_combo":"150464"}',
        '2019-08-06'),
       (66, 2, 4314, 2, '{"number":"30","days":"CALENDAR","ba":"BEFORE","prof":69529}', '2019-08-06'),
       (67, 2, 4315, 4,
        '{"based_on_field_member_type":"case","based_on_field_field_id":"69450","based_on_field_condition":"is","based_on_field_combo":"150464"}',
        '2019-08-06'),
       (68, 2, 4315, 2, '{"number":"7","days":"CALENDAR","ba":"BEFORE","prof":69529}', '2019-08-06'),
       (69, 2, 4292, 6, '{"case_type":"1125"}', '2019-08-06'),
       (70, 2, 4316, 5, '{"changed_field_member_type":"employer","changed_field_field_id":"6930"}', '2019-08-06'),
       (71, 2, 4317, 4,
        '{"based_on_field_member_type":"case","based_on_field_field_id":"69450","based_on_field_condition":"is","based_on_field_combo":"150390"}',
        '2019-08-07'),
       (72, 2, 4292, 4,
        '{"based_on_field_member_type":"case","based_on_field_field_id":"69451","based_on_field_condition":"is_not_empty"}',
        '2019-08-10'),
       (73, 2, 4296, 4,
        '{"based_on_field_member_type":"case","based_on_field_field_id":"69451","based_on_field_condition":"is_not_empty"}',
        '2019-08-10'),
       (74, 2, 4297, 4,
        '{"based_on_field_member_type":"case","based_on_field_field_id":"69451","based_on_field_condition":"is_not_empty"}',
        '2019-08-10'),
       (75, 2, 4298, 4,
        '{"based_on_field_member_type":"case","based_on_field_field_id":"69451","based_on_field_condition":"is_not_empty"}',
        '2019-08-10'),
       (76, 2, 4299, 4,
        '{"based_on_field_member_type":"case","based_on_field_field_id":"69451","based_on_field_condition":"is_not_empty"}',
        '2019-08-10'),
       (77, 2, 4300, 4,
        '{"based_on_field_member_type":"case","based_on_field_field_id":"69451","based_on_field_condition":"is_not_empty"}',
        '2019-08-10'),
       (78, 2, 4301, 4,
        '{"based_on_field_member_type":"case","based_on_field_field_id":"69451","based_on_field_condition":"is_not_empty"}',
        '2019-08-10'),
       (79, 2, 4302, 4,
        '{"based_on_field_member_type":"case","based_on_field_field_id":"69451","based_on_field_condition":"is_not_empty"}',
        '2019-08-10'),
       (80, 2, 4303, 4,
        '{"based_on_field_member_type":"case","based_on_field_field_id":"69451","based_on_field_condition":"is_not_empty"}',
        '2019-08-10'),
       (81, 2, 4304, 4,
        '{"based_on_field_member_type":"case","based_on_field_field_id":"69451","based_on_field_condition":"is_not_empty"}',
        '2019-08-10'),
       (82, 2, 4305, 4,
        '{"based_on_field_member_type":"case","based_on_field_field_id":"69451","based_on_field_condition":"is_not_empty"}',
        '2019-08-10'),
       (83, 2, 4306, 4,
        '{"based_on_field_member_type":"case","based_on_field_field_id":"69451","based_on_field_condition":"is_not_empty"}',
        '2019-08-10'),
       (84, 2, 4307, 4,
        '{"based_on_field_member_type":"case","based_on_field_field_id":"69451","based_on_field_condition":"is_not_empty"}',
        '2019-08-10'),
       (85, 2, 4308, 4,
        '{"based_on_field_member_type":"case","based_on_field_field_id":"69451","based_on_field_condition":"is_not_empty"}',
        '2019-08-10'),
       (86, 2, 4309, 4,
        '{"based_on_field_member_type":"case","based_on_field_field_id":"69451","based_on_field_condition":"is_not_empty"}',
        '2019-08-10'),
       (87, 2, 4310, 4,
        '{"based_on_field_member_type":"case","based_on_field_field_id":"69451","based_on_field_condition":"is_not_empty"}',
        '2019-08-10'),
       (88, 2, 4311, 4,
        '{"based_on_field_member_type":"case","based_on_field_field_id":"69451","based_on_field_condition":"is_not_empty"}',
        '2019-08-10'),
       (89, 2, 4312, 4,
        '{"based_on_field_member_type":"case","based_on_field_field_id":"69451","based_on_field_condition":"is_not_empty"}',
        '2019-08-10'),
       (90, 2, 4313, 4,
        '{"based_on_field_member_type":"case","based_on_field_field_id":"69451","based_on_field_condition":"is_not_empty"}',
        '2019-08-10'),
       (91, 2, 4314, 4,
        '{"based_on_field_member_type":"case","based_on_field_field_id":"69451","based_on_field_condition":"is_not_empty"}',
        '2019-08-10'),
       (92, 2, 4315, 4,
        '{"based_on_field_member_type":"case","based_on_field_field_id":"69451","based_on_field_condition":"is_not_empty"}',
        '2019-08-10'),
       (93, 2, 4316, 4,
        '{"based_on_field_member_type":"case","based_on_field_field_id":"69451","based_on_field_condition":"is_not_empty"}',
        '2019-08-10'),
       (94, 2, 4317, 4,
        '{"based_on_field_member_type":"case","based_on_field_field_id":"69451","based_on_field_condition":"is_not_empty"}',
        '2019-08-10'),
       (95, 2, 4318, 2, '{"number":"23","days":"CALENDAR","ba":"AFTER","prof":69473}', '2019-08-13'),
       (96, 2, 4318, 4,
        '{"based_on_field_member_type":"case","based_on_field_field_id":"69451","based_on_field_condition":"is_not_empty"}',
        '2019-08-13'),
       (97, 2, 4318, 4,
        '{"based_on_field_member_type":"case","based_on_field_field_id":"69450","based_on_field_condition":"is","based_on_field_combo":"150465"}',
        '2019-08-13'),
       (100, 2, 4319, 4,
        '{"based_on_field_member_type":"case","based_on_field_field_id":"69451","based_on_field_condition":"is_not_empty"}',
        '2019-08-26'),
       (101, 2, 4319, 3, '{"number":"35","days":"CALENDAR","ba":"AFTER","file_status":150419}', '2019-08-26'),
       (102, 2, 4320, 4,
        '{"based_on_field_member_type":"case","based_on_field_field_id":"69451","based_on_field_condition":"is_not_empty"}',
        '2019-08-26'),
       (103, 2, 4320, 3, '{"number":"70","days":"CALENDAR","ba":"AFTER","file_status":150419}', '2019-08-26'),
       (104, 2, 4321, 4,
        '{"based_on_field_member_type":"case","based_on_field_field_id":"69451","based_on_field_condition":"is_not_empty"}',
        '2019-08-26'),
       (105, 2, 4321, 4,
        '{"based_on_field_member_type":"case","based_on_field_field_id":"69450","based_on_field_condition":"is","based_on_field_combo":"150420"}',
        '2019-08-26'),
       (106, 2, 4322, 4,
        '{"based_on_field_member_type":"case","based_on_field_field_id":"69451","based_on_field_condition":"is_not_empty"}',
        '2019-08-26'),
       (107, 2, 4322, 4,
        '{"based_on_field_member_type":"case","based_on_field_field_id":"69450","based_on_field_condition":"is","based_on_field_combo":"150420"}',
        '2019-08-26'),
       (108, 2, 4323, 4,
        '{"based_on_field_member_type":"case","based_on_field_field_id":"69451","based_on_field_condition":"is_not_empty"}',
        '2019-08-26'),
       (109, 2, 4323, 4,
        '{"based_on_field_member_type":"case","based_on_field_field_id":"69450","based_on_field_condition":"is","based_on_field_combo":"150423"}',
        '2019-08-26'),
       (110, 2, 4324, 4,
        '{"based_on_field_member_type":"case","based_on_field_field_id":"69451","based_on_field_condition":"is_not_empty"}',
        '2019-08-26'),
       (111, 2, 4324, 4,
        '{"based_on_field_member_type":"case","based_on_field_field_id":"69450","based_on_field_condition":"is","based_on_field_combo":"150423"}',
        '2019-08-26'),
       (112, 2, 4325, 4,
        '{"based_on_field_member_type":"case","based_on_field_field_id":"69451","based_on_field_condition":"is_not_empty"}',
        '2019-08-26'),
       (113, 2, 4325, 4,
        '{"based_on_field_member_type":"case","based_on_field_field_id":"69450","based_on_field_condition":"is","based_on_field_combo":"150422"}',
        '2019-08-26'),
       (114, 2, 4325, 2, '{"number":"14","days":"CALENDAR","ba":"AFTER","prof":69471}', '2019-08-26'),
       (115, 2, 4326, 4,
        '{"based_on_field_member_type":"case","based_on_field_field_id":"69451","based_on_field_condition":"is_not_empty"}',
        '2019-08-26'),
       (117, 2, 4326, 3, '{"number":"7","days":"CALENDAR","ba":"AFTER","file_status":150428}', '2019-08-26'),
       (118, 2, 4327, 2, '{"number":"1","days":"BUSINESS","ba":"BEFORE","prof":69516}', '2019-08-26'),
       (119, 2, 4327, 4,
        '{"based_on_field_member_type":"case","based_on_field_field_id":"69451","based_on_field_condition":"is_not_empty"}',
        '2019-08-26'),
       (120, 2, 4328, 3, '{"number":"16","days":"CALENDAR","ba":"AFTER","file_status":150425}', '2019-08-26'),
       (121, 2, 4328, 4,
        '{"based_on_field_member_type":"case","based_on_field_field_id":"69451","based_on_field_condition":"is_not_empty"}',
        '2019-08-26'),
       (122, 2, 4316, 5, '{"changed_field_member_type":"individual","changed_field_field_id":"6896"}', '2019-08-26'),
       (123, 2, 4329, 4,
        '{"based_on_field_member_type":"case","based_on_field_field_id":"69451","based_on_field_condition":"is_not_empty"}',
        '2019-08-27'),
       (124, 2, 4329, 4,
        '{"based_on_field_member_type":"case","based_on_field_field_id":"69450","based_on_field_condition":"is","based_on_field_combo":"150422"}',
        '2019-08-27'),
       (125, 2, 4329, 2, '{"number":"5","days":"CALENDAR","ba":"AFTER","prof":69471}', '2019-08-27'),
       (126, 2, 4330, 4,
        '{"based_on_field_member_type":"case","based_on_field_field_id":"69451","based_on_field_condition":"is_not_empty"}',
        '2019-08-27'),
       (127, 2, 4330, 4,
        '{"based_on_field_member_type":"case","based_on_field_field_id":"69450","based_on_field_condition":"is","based_on_field_combo":"150422"}',
        '2019-08-27'),
       (128, 2, 4330, 2, '{"number":"14","days":"CALENDAR","ba":"AFTER","prof":69471}', '2019-08-27'),
       (129, 2, 4331, 4,
        '{"based_on_field_member_type":"case","based_on_field_field_id":"69451","based_on_field_condition":"is_not_empty"}',
        '2019-08-27'),
       (130, 2, 4331, 2, '{"number":"1","days":"BUSINESS","ba":"BEFORE","prof":69516}', '2019-08-27'),
       (131, 2, 4332, 4,
        '{"based_on_field_member_type":"case","based_on_field_field_id":"69451","based_on_field_condition":"is_not_empty"}',
        '2019-08-27'),
       (132, 2, 4332, 4,
        '{"based_on_field_member_type":"case","based_on_field_field_id":"69450","based_on_field_condition":"is","based_on_field_combo":"150419"}',
        '2019-08-27');

-- --------------------------------------------------------

--
-- Table structure for table `automatic_reminder_condition_types`
--

CREATE TABLE `automatic_reminder_condition_types`
(
    `automatic_reminder_condition_type_id`          int(11) UNSIGNED NOT NULL,
    `automatic_reminder_condition_type_internal_id` varchar(255)     NOT NULL,
    `automatic_reminder_condition_type_name`        varchar(255)        DEFAULT NULL,
    `automatic_reminder_condition_type_order`       tinyint(3) UNSIGNED DEFAULT NULL
) ENGINE = InnoDB
  DEFAULT CHARSET = utf8 COMMENT ='List of supported condition types to know how to process/check the conditions.';

--
-- Dumping data for table `automatic_reminder_condition_types`
--

INSERT INTO `automatic_reminder_condition_types` (`automatic_reminder_condition_type_id`,
                                                  `automatic_reminder_condition_type_internal_id`,
                                                  `automatic_reminder_condition_type_name`,
                                                  `automatic_reminder_condition_type_order`)
VALUES (1, 'CLIENT_PROFILE', 'Based on a Date on the Client Profiles (i.e. Employers, or Individuals)', 0),
       (2, 'PROFILE', 'Based on a date on "Case Details"', 1),
       (3, 'FILESTATUS', 'Based on the Case Status on "Case Details"', 2),
       (4, 'BASED_ON_FIELD', 'Based on the field', 3),
       (5, 'CHANGED_FIELD', 'Changed field is', 4),
       (6, 'CASE_TYPE', 'Based on the case type', 5),
       (7, 'CASE_HAS_FORM', 'Case has a form assigned', 6);

-- --------------------------------------------------------

--
-- Table structure for table `automatic_reminder_schedule`
--

CREATE TABLE `automatic_reminder_schedule`
(
    `automatic_reminder_schedule_id`          bigint(20) UNSIGNED NOT NULL,
    `automatic_reminder_id`                   int(11) UNSIGNED DEFAULT NULL,
    `automatic_reminder_settings`             text,
    `automatic_reminder_trigger_type_id`      int(11) UNSIGNED    NOT NULL,
    `automatic_reminder_schedule_message`     text,
    `automatic_reminder_schedule_due_on_date` date             DEFAULT NULL
) ENGINE = InnoDB
  DEFAULT CHARSET = utf8 COMMENT ='Reminders, that must be processed in the future will be saved in this table. When the date is due - all assigned actions will be processed and record will be deleted from this table.';

-- --------------------------------------------------------

--
-- Table structure for table `automatic_reminder_triggers`
--

CREATE TABLE `automatic_reminder_triggers`
(
    `automatic_reminder_trigger_id`          int(11) UNSIGNED NOT NULL,
    `company_id`                             bigint(20)       NOT NULL,
    `automatic_reminder_id`                  int(11) UNSIGNED DEFAULT NULL,
    `automatic_reminder_trigger_type_id`     int(11) UNSIGNED NOT NULL,
    `automatic_reminder_trigger_create_date` date             DEFAULT NULL
) ENGINE = InnoDB
  DEFAULT CHARSET = utf8 COMMENT ='List of triggers that allow to filter auto tasks to be processed in specific situations (e.g. by cron).';

--
-- Dumping data for table `automatic_reminder_triggers`
--

INSERT INTO `automatic_reminder_triggers` (`automatic_reminder_trigger_id`, `company_id`, `automatic_reminder_id`,
                                           `automatic_reminder_trigger_type_id`,
                                           `automatic_reminder_trigger_create_date`)
VALUES (73, 2, 4292, 7, '2019-04-27'),
       (80, 2, 4296, 5, '2019-08-06'),
       (81, 2, 4297, 5, '2019-08-06'),
       (82, 2, 4298, 5, '2019-08-06'),
       (83, 2, 4299, 5, '2019-08-06'),
       (84, 2, 4300, 5, '2019-08-06'),
       (85, 2, 4301, 5, '2019-08-06'),
       (86, 2, 4302, 5, '2019-08-06'),
       (87, 2, 4303, 5, '2019-08-06'),
       (88, 2, 4304, 8, '2019-08-06'),
       (89, 2, 4305, 8, '2019-08-06'),
       (90, 2, 4306, 8, '2019-08-06'),
       (91, 2, 4307, 8, '2019-08-06'),
       (92, 2, 4308, 8, '2019-08-06'),
       (93, 2, 4309, 8, '2019-08-06'),
       (94, 2, 4310, 8, '2019-08-06'),
       (95, 2, 4311, 8, '2019-08-06'),
       (96, 2, 4312, 8, '2019-08-06'),
       (97, 2, 4313, 8, '2019-08-06'),
       (98, 2, 4314, 8, '2019-08-06'),
       (99, 2, 4315, 8, '2019-08-06'),
       (100, 2, 4316, 7, '2019-08-06'),
       (101, 2, 4317, 5, '2019-08-07'),
       (102, 2, 4318, 8, '2019-08-13'),
       (105, 2, 4319, 5, '2019-08-26'),
       (106, 2, 4320, 5, '2019-08-26'),
       (107, 2, 4321, 5, '2019-08-26'),
       (108, 2, 4322, 5, '2019-08-26'),
       (109, 2, 4323, 5, '2019-08-26'),
       (110, 2, 4324, 5, '2019-08-26'),
       (112, 2, 4325, 8, '2019-08-26'),
       (113, 2, 4326, 7, '2019-08-26'),
       (114, 2, 4327, 8, '2019-08-26'),
       (115, 2, 4328, 7, '2019-08-26'),
       (117, 2, 4329, 5, '2019-08-27'),
       (118, 2, 4329, 8, '2019-08-27'),
       (119, 2, 4330, 8, '2019-08-27'),
       (120, 2, 4331, 8, '2019-08-27'),
       (121, 2, 4332, 5, '2019-08-27'),
       (122, 2, 4331, 4, '2019-09-03');

-- --------------------------------------------------------

--
-- Table structure for table `automatic_reminder_trigger_types`
--

CREATE TABLE `automatic_reminder_trigger_types`
(
    `automatic_reminder_trigger_type_id`          int(11) UNSIGNED NOT NULL,
    `automatic_reminder_trigger_type_internal_id` varchar(255)     NOT NULL,
    `automatic_reminder_trigger_type_name`        varchar(255)        DEFAULT NULL,
    `automatic_reminder_trigger_type_order`       tinyint(3) UNSIGNED DEFAULT NULL
) ENGINE = InnoDB
  DEFAULT CHARSET = utf8 COMMENT ='List of supported trigger types to know how to filter auto tasks.';

--
-- Dumping data for table `automatic_reminder_trigger_types`
--

INSERT INTO `automatic_reminder_trigger_types` (`automatic_reminder_trigger_type_id`,
                                                `automatic_reminder_trigger_type_internal_id`,
                                                `automatic_reminder_trigger_type_name`,
                                                `automatic_reminder_trigger_type_order`)
VALUES (1, 'payment_due', 'Payment is due from Retainer Schedule', 1),
       (2, 'case_mark_form_as_complete', 'Case mark a form as Complete', 2),
       (3, 'case_uploads_documents', 'Case uploads Documents', 3),
       (4, 'client_or_case_profile_update', 'Client/Case profile update', 0),
       (5, 'case_file_status_changed', 'Case File Status changed', 4),
       (6, 'case_creation', 'Case creation', 5),
       (7, 'field_value_change', 'Field value change', 6),
       (8, 'cron', 'Check Daily', 7);

-- --------------------------------------------------------

--
-- Table structure for table `business_hours_holidays`
--

CREATE TABLE `business_hours_holidays`
(
    `holiday_id`        bigint(20) UNSIGNED NOT NULL,
    `member_id`         bigint(20) DEFAULT NULL,
    `company_id`        bigint(20) DEFAULT NULL,
    `holiday_name`      varchar(255)        NOT NULL,
    `holiday_date_from` date                NOT NULL,
    `holiday_date_to`   date       DEFAULT NULL
) ENGINE = InnoDB
  DEFAULT CHARSET = utf8 COMMENT ='Business Hours (holidays) for companies or users';

-- --------------------------------------------------------

--
-- Table structure for table `business_hours_workdays`
--

CREATE TABLE `business_hours_workdays`
(
    `member_id`              bigint(20)              DEFAULT NULL,
    `company_id`             bigint(20)              DEFAULT NULL,
    `monday_time_enabled`    enum ('Y','N') NOT NULL DEFAULT 'N',
    `monday_time_from`       time                    DEFAULT NULL,
    `monday_time_to`         time                    DEFAULT NULL,
    `tuesday_time_enabled`   enum ('Y','N') NOT NULL DEFAULT 'N',
    `tuesday_time_from`      time                    DEFAULT NULL,
    `tuesday_time_to`        time                    DEFAULT NULL,
    `wednesday_time_enabled` enum ('Y','N') NOT NULL DEFAULT 'N',
    `wednesday_time_from`    time                    DEFAULT NULL,
    `wednesday_time_to`      time                    DEFAULT NULL,
    `thursday_time_enabled`  enum ('Y','N') NOT NULL DEFAULT 'N',
    `thursday_time_from`     time                    DEFAULT NULL,
    `thursday_time_to`       time                    DEFAULT NULL,
    `friday_time_enabled`    enum ('Y','N') NOT NULL DEFAULT 'N',
    `friday_time_from`       time                    DEFAULT NULL,
    `friday_time_to`         time                    DEFAULT NULL,
    `saturday_time_enabled`  enum ('Y','N') NOT NULL DEFAULT 'N',
    `saturday_time_from`     time                    DEFAULT NULL,
    `saturday_time_to`       time                    DEFAULT NULL,
    `sunday_time_enabled`    enum ('Y','N') NOT NULL DEFAULT 'N',
    `sunday_time_from`       time                    DEFAULT NULL,
    `sunday_time_to`         time                    DEFAULT NULL
) ENGINE = InnoDB
  DEFAULT CHARSET = utf8 COMMENT ='Business Hours (time) for companies or users';

-- --------------------------------------------------------

--
-- Table structure for table `clients`
--

CREATE TABLE `clients`
(
    `client_id`                                  bigint(20) NOT NULL,
    `member_id`                                  bigint(20)           DEFAULT NULL,
    `client_type_id`                             int(11) UNSIGNED     DEFAULT NULL,
    `applicant_type_id`                          int(11) UNSIGNED     DEFAULT NULL,
    `added_by_member_id`                         bigint(20) NOT NULL  DEFAULT '0',
    `fileNumber`                                 varchar(32)          DEFAULT NULL,
    `case_number_of_parent_client`               smallint(5) UNSIGNED DEFAULT NULL,
    `case_number_in_company`                     smallint(5) UNSIGNED DEFAULT NULL,
    `case_number_with_same_case_type_in_company` smallint(5) UNSIGNED DEFAULT NULL,
    `agent_id`                                   bigint(20) NOT NULL  DEFAULT '0',
    `forms_locked`                               int(1)     NOT NULL  DEFAULT '0',
    `modified_by`                                bigint(20)           DEFAULT NULL,
    `modified_on`                                datetime             DEFAULT NULL
) ENGINE = InnoDB
  DEFAULT CHARSET = utf8 COMMENT ='Main table of the cases, contains main fields.';

-- --------------------------------------------------------

--
-- Table structure for table `clients_import`
--

CREATE TABLE `clients_import`
(
    `id`              int(10) UNSIGNED    NOT NULL,
    `company_id`      bigint(20)          NOT NULL,
    `creator_id`      bigint(20)                   DEFAULT NULL,
    `file_name`       varchar(255)        NOT NULL,
    `mapping`         text                NOT NULL,
    `step`            tinyint(3) UNSIGNED NOT NULL,
    `is_bcpnp_import` enum ('Y','N')      NOT NULL DEFAULT 'N'
) ENGINE = InnoDB
  DEFAULT CHARSET = utf8 COMMENT ='Contains list of files that can be used to import clients.';

-- --------------------------------------------------------

--
-- Table structure for table `client_form_data`
--

CREATE TABLE `client_form_data`
(
    `member_id` bigint(20)       DEFAULT NULL,
    `field_id`  int(11) UNSIGNED DEFAULT NULL,
    `value`     text
) ENGINE = InnoDB
  DEFAULT CHARSET = utf8 COMMENT ='All saved information related to the case is saved here. Each field''s value is saved in the value column. Format is different, based on the field''s type.';

-- --------------------------------------------------------

--
-- Table structure for table `client_form_default`
--

CREATE TABLE `client_form_default`
(
    `form_default_id` int(11) UNSIGNED NOT NULL,
    `field_id`        int(11) UNSIGNED    DEFAULT NULL,
    `value`           text,
    `order`           tinyint(3) UNSIGNED DEFAULT NULL
) ENGINE = InnoDB
  DEFAULT CHARSET = utf8 COMMENT ='Each company can have own list of cases'' fields. Radios,checkboxes, other field types have own list of options that are saved here.';

--
-- Dumping data for table `client_form_default`
--

INSERT INTO `client_form_default` (`form_default_id`, `field_id`, `value`, `order`)
VALUES (150316, 69369, 'BNP- Initial Registration Received', 0),
       (150317, 69369, 'BNP- Interview Requested', 1),
       (150318, 69369, 'BNP- Interview Scheduled', 2),
       (150319, 69369, 'BNP- Pre-interview Info Submitted', 3),
       (150320, 69369, 'BNP- Interview Result Confirmed', 4),
       (150321, 69369, 'BNP- Expression of Interest Requested', 5),
       (150322, 69369, 'BNP- Expression of Interest Received', 6),
       (150323, 69369, 'BNP- Formal Invite to Apply Issued', 7),
       (150324, 69369, 'BNP- Formal Application Submitted', 8),
       (150325, 69369, 'BNP- Application Review', 9),
       (150326, 69369, 'BNP- Application Denied', 10),
       (150327, 69369, 'BNP- Business Performance Agreement Development', 11),
       (150328, 69369, 'BNP- Good Faith Deposit Requested', 12),
       (150329, 69369, 'BNP- Good Faith Deposit Submitted', 13),
       (150330, 69369, 'BNP- Letter of Support for Temporary Work Permit Issued', 14),
       (150331, 69369, 'BNP- Awaiting Applicant Arrival', 15),
       (150332, 69369, 'BNP- Arrival Report Submitted', 16),
       (150333, 69369, 'BNP- Arrival Interview Requested', 17),
       (150334, 69369, 'BNP- Arrival Interview Scheduled', 18),
       (150335, 69369, 'BNP- Waiting for BPA Interim Report', 19),
       (150336, 69369, 'BNP- BPA Interim Report Submitted', 20),
       (150337, 69369, 'BNP- Final Report Submitted', 21),
       (150338, 69369, 'BNP- Final Site Visit Scheduled', 22),
       (150339, 69369, 'BNP- Final Site Visit Completed', 23),
       (150340, 69369, 'BNP- Exit Interview Scheduled', 24),
       (150341, 69369, 'BNP- Exit Interview Completed', 25),
       (150342, 69369, 'BNP- Nomination Issued', 26),
       (150343, 69369, 'BNP- Good Faith Deposit Returned', 27),
       (150344, 69369, 'EDS- Employer Application Received', 28),
       (150345, 69369, 'EDS- Application Received', 29),
       (150346, 69369, 'EDS- Application Assessment', 30),
       (150347, 69369, 'EDS- Pending Employment Standards', 31),
       (150348, 69369, 'EDS- Requested Info', 32),
       (150349, 69369, 'EDS- Application Final Review', 33),
       (150350, 69369, 'EDS- Application Approved', 34),
       (150351, 69369, 'EDS- Application Denied', 35),
       (150352, 69369, 'EDS- Application Withdrawn', 36),
       (150353, 69369, 'EDS- Nomination Revoked', 37),
       (150354, 69369, 'EDS- Nomination Issued', 38),
       (150355, 69369, 'EDS- Reported to IRCC', 39),
       (150356, 69369, 'EDS- Pending MOU', 40),
       (150357, 69369, 'EDS- MOU Scheduled', 41),
       (150358, 69369, 'EDS- MOU Complete', 42),
       (150359, 69369, 'EDS- Appeal Received', 43),
       (150360, 69369, 'EDS- Appeal-Final Decision', 44),
       (150361, 69382, 'Yes', 0),
       (150362, 69382, 'No', 1),
       (150363, 69383, '-', 0),
       (150364, 69383, 'Employment Standards Act', 1),
       (150365, 69383, 'Canada Labour Code', 2),
       (150366, 69394, '-', 0),
       (150367, 69394, '1st Interim Report', 1),
       (150368, 69394, '2nd Interim Report', 2),
       (150369, 69394, '3rd Interim Report', 3),
       (150370, 69394, 'Final Report', 4),
       (150371, 69401, '-', 0),
       (150372, 69401, 'Initial', 1),
       (150373, 69401, 'Extension', 2),
       (150374, 69429, '-', 0),
       (150375, 69429, 'Compliance', 1),
       (150376, 69429, 'Non-compliance', 2),
       (150377, 69432, '-', 0),
       (150378, 69432, 'Approved', 1),
       (150379, 69432, 'Denied', 2),
       (150380, 69432, 'Withdrawn', 3),
       (150381, 69432, 'Revoked', 4),
       (150382, 69432, 'Switched', 5),
       (150383, 69432, 'Streams', 6),
       (150384, 69440, '-', 0),
       (150385, 69440, 'Stayed', 1),
       (150386, 69440, 'Overturned', 2),
       (150387, 69447, 'English', 0),
       (150388, 69447, 'French', 1),
       (150389, 69447, 'Both', 2),
       (150390, 69450, 'BNP- Initial Registration Received', 0),
       (150391, 69450, 'BNP- Interview Requested', 1),
       (150392, 69450, 'BNP- Interview Scheduled', 2),
       (150393, 69450, 'BNP- Pre-interview Info Submitted', 3),
       (150394, 69450, 'BNP- Interview Result Confirmed', 4),
       (150395, 69450, 'BNP- Expression of Interest Requested', 5),
       (150396, 69450, 'BNP- Expression of Interest Received', 6),
       (150397, 69450, 'BNP- Formal Invite to Apply Issued', 7),
       (150398, 69450, 'BNP- Formal Application Submitted', 8),
       (150399, 69450, 'BNP- Application Review', 9),
       (150400, 69450, 'BNP- Application Denied', 10),
       (150401, 69450, 'BNP- Business Performance Agreement Development', 11),
       (150402, 69450, 'BNP- Good Faith Deposit Requested', 13),
       (150403, 69450, 'BNP- Good Faith Deposit Submitted', 14),
       (150404, 69450, 'BNP- Letter of Support for Temporary Work Permit Issued', 15),
       (150405, 69450, 'BNP- Awaiting Applicant Arrival', 16),
       (150406, 69450, 'BNP- Arrival Report Submitted', 17),
       (150407, 69450, 'BNP- Arrival Interview Requested', 18),
       (150408, 69450, 'BNP- Arrival Interview Scheduled', 19),
       (150409, 69450, 'BNP- Waiting for BPA Interim Report', 20),
       (150410, 69450, 'BNP- BPA Interim Report Submitted', 21),
       (150411, 69450, 'BNP- Final Report Submitted', 23),
       (150412, 69450, 'BNP- Final Site Visit Scheduled', 24),
       (150413, 69450, 'BNP- Final Site Visit Completed', 25),
       (150414, 69450, 'BNP- Exit Interview Scheduled', 26),
       (150415, 69450, 'BNP- Exit Interview Completed', 27),
       (150416, 69450, 'BNP- Nomination Issued', 28),
       (150417, 69450, 'BNP- Good Faith Deposit Returned', 29),
       (150418, 69450, 'EDS- Employer Application Received', 30),
       (150419, 69450, 'EDS- Application Received', 31),
       (150420, 69450, 'EDS- Application Assessment', 32),
       (150421, 69450, 'EDS- Pending Employment Standards', 33),
       (150422, 69450, 'EDS- Requested Info', 34),
       (150423, 69450, 'EDS- Application Final Review', 35),
       (150424, 69450, 'EDS- Application Approved', 36),
       (150425, 69450, 'EDS- Application Denied', 37),
       (150426, 69450, 'EDS- Application Withdrawn', 38),
       (150427, 69450, 'EDS- Nomination Revoked', 39),
       (150428, 69450, 'EDS- Nomination Issued', 40),
       (150429, 69450, 'EDS- Reported to IRCC', 41),
       (150430, 69450, 'EDS- Pending MOU', 42),
       (150431, 69450, 'EDS- MOU Scheduled', 43),
       (150432, 69450, 'EDS- MOU Complete', 44),
       (150433, 69450, 'EDS- Appeal Received', 45),
       (150434, 69450, 'EDS- Appeal-Final Decision', 46),
       (150435, 69463, 'Yes', 0),
       (150436, 69463, 'No', 1),
       (150437, 69464, '-', 0),
       (150438, 69464, 'Employment Standards Act', 1),
       (150439, 69464, 'Canada Labour Code', 2),
       (150440, 69475, '-', 0),
       (150441, 69475, '1st Interim Report', 1),
       (150442, 69475, '2nd Interim Report', 2),
       (150443, 69475, '3rd Interim Report', 3),
       (150444, 69475, 'Final Report', 4),
       (150445, 69482, '-', 0),
       (150446, 69482, 'Initial', 1),
       (150447, 69482, 'Extension', 2),
       (150448, 69510, '-', 0),
       (150449, 69510, 'Compliance', 1),
       (150450, 69510, 'Non-compliance', 2),
       (150451, 69513, '-', 0),
       (150452, 69513, 'Approved', 1),
       (150453, 69513, 'Denied', 2),
       (150454, 69513, 'Withdrawn', 3),
       (150455, 69513, 'Revoked', 4),
       (150456, 69513, 'Switched Streams', 5),
       (150458, 69521, '-', 0),
       (150459, 69521, 'Stayed', 1),
       (150460, 69521, 'Overturned', 2),
       (150461, 69528, 'English', 0),
       (150462, 69528, 'French', 1),
       (150463, 69528, 'Both', 2),
       (150464, 69450, 'BNP- Waiting for Final Report', 22),
       (150465, 69450, 'BNP- Waiting for Signed BPA', 12);

-- --------------------------------------------------------

--
-- Table structure for table `client_form_dependents`
--

CREATE TABLE `client_form_dependents`
(
    `dependent_id`                       bigint(20) UNSIGNED                                NOT NULL,
    `member_id`                          bigint(20)                                         NOT NULL DEFAULT '0',
    `relationship`                       enum ('parent','spouse','sibling','child','other') NOT NULL DEFAULT 'spouse',
    `line`                               tinyint(3) UNSIGNED                                NOT NULL DEFAULT '0',
    `fName`                              char(255)                                                   DEFAULT NULL,
    `lName`                              char(255)                                                   DEFAULT NULL,
    `sex`                                enum ('M','F')                                              DEFAULT 'M',
    `DOB`                                date                                                        DEFAULT NULL,
    `passport_num`                       char(128)                                                   DEFAULT NULL,
    `passport_date`                      date                                                        DEFAULT NULL,
    `canadian`                           enum ('Y','N')                                              DEFAULT 'Y',
    `country_of_birth`                   varchar(255)                                                DEFAULT NULL,
    `country_of_citizenship`             varchar(255)                                                DEFAULT NULL,
    `city_of_residence`                  varchar(255)                                                DEFAULT NULL,
    `country_of_residence`               varchar(255)                                                DEFAULT NULL,
    `migrating`                          varchar(255)                                                DEFAULT NULL,
    `nationality`                        varchar(255)                                                DEFAULT NULL,
    `medical_expiration_date`            date                                                        DEFAULT NULL,
    `photo`                              varchar(255)                                                DEFAULT NULL,
    `main_applicant_address_is_the_same` enum ('Y','N')                                              DEFAULT 'N',
    `address`                            varchar(255)                                                DEFAULT NULL,
    `city`                               varchar(255)                                                DEFAULT NULL,
    `country`                            varchar(255)                                                DEFAULT NULL,
    `region`                             varchar(255)                                                DEFAULT NULL,
    `postal_code`                        varchar(255)                                                DEFAULT NULL,
    `profession`                         varchar(255)                                                DEFAULT NULL,
    `marital_status`                     enum ('single','married','divorced','widowed')              DEFAULT NULL,
    `passport_issuing_country`           varchar(255)                                                DEFAULT NULL,
    `third_country_visa`                 enum ('Y','N')                                              DEFAULT NULL
) ENGINE = InnoDB
  DEFAULT CHARSET = utf8 COMMENT ='Each case can have assigned list of dependents. The list of fields for each dependent is limited/hardcoded.';

-- --------------------------------------------------------

--
-- Table structure for table `client_form_dependents_required_files`
--

CREATE TABLE `client_form_dependents_required_files`
(
    `required_file_id`            bigint(20) UNSIGNED NOT NULL,
    `company_id`                  bigint(20)          NOT NULL,
    `required_file_description`   char(255)           NOT NULL,
    `main_applicant_show`         enum ('Y','N')      NOT NULL DEFAULT 'Y',
    `main_applicant_required`     enum ('Y','N')      NOT NULL DEFAULT 'Y',
    `adult_show`                  enum ('Y','N')      NOT NULL DEFAULT 'Y',
    `adult_required`              enum ('Y','N')      NOT NULL DEFAULT 'Y',
    `minor_16_and_above_show`     enum ('Y','N')      NOT NULL DEFAULT 'Y',
    `minor_16_and_above_required` enum ('Y','N')      NOT NULL DEFAULT 'Y',
    `minor_less_16_show`          enum ('Y','N')      NOT NULL DEFAULT 'Y',
    `minor_less_16_required`      enum ('Y','N')      NOT NULL DEFAULT 'Y'
) ENGINE = InnoDB
  DEFAULT CHARSET = utf8 COMMENT ='Contains info about required forms/files for case''s dependents. Is used in the Documents Checklist sub tab under the Clients tab.';

--
-- Dumping data for table `client_form_dependents_required_files`
--

INSERT INTO `client_form_dependents_required_files` (`required_file_id`, `company_id`, `required_file_description`,
                                                     `main_applicant_show`, `main_applicant_required`, `adult_show`,
                                                     `adult_required`, `minor_16_and_above_show`,
                                                     `minor_16_and_above_required`, `minor_less_16_show`,
                                                     `minor_less_16_required`)
VALUES (1, 0, 'Form 12', 'Y', 'Y', 'Y', 'Y', 'Y', 'Y', 'Y', 'Y'),
       (2, 0, 'D1 - Application for Citizenship by Investment Disclosure', 'Y', 'Y', 'Y', 'Y', 'Y', 'Y', 'N', 'N'),
       (3, 0, 'D2 - Fingerprint and Photograph Verification Form', 'Y', 'Y', 'Y', 'Y', 'Y', 'Y', 'Y', 'Y'),
       (4, 0, 'D3 - Medical Questionnaire', 'Y', 'Y', 'Y', 'Y', 'Y', 'Y', 'Y', 'Y'),
       (5, 0, 'D4 - Investment Agreement (FUND OPTION ONLY)', 'Y', 'N', 'N', 'N', 'N', 'N', 'N', 'N'),
       (6, 0, 'Sale and Purchase Agreement (REAL ESTATE OPTION)', 'Y', 'N', 'N', 'N', 'N', 'N', 'N', 'N'),
       (7, 0, 'Passport', 'Y', 'Y', 'Y', 'Y', 'Y', 'Y', 'Y', 'Y'),
       (8, 0, 'Driver\'s License', 'Y', 'Y', 'Y', 'Y', 'Y', 'Y', 'N', 'N'),
       (9, 0, 'Birth Certificate', 'Y', 'Y', 'Y', 'Y', 'Y', 'Y', 'Y', 'Y'),
       (10, 0, 'Identity Document, /Book or Card', 'Y', 'Y', 'Y', 'Y', 'Y', 'Y', 'Y', 'Y'),
       (11, 0, 'Marriage Certificate / Divorce Certificate', 'Y', 'N', 'Y', 'N', 'N', 'N', 'N', 'N'),
       (12, 0, 'Letter of Employment / Audited Financial Statements / Letter of Incorporation', 'Y', 'Y', 'Y', 'Y', 'Y',
        'Y', 'Y', 'Y'),
       (13, 0, 'Letter to the Minister', 'Y', 'Y', 'Y', 'Y', 'Y', 'Y', 'Y', 'Y'),
       (14, 0, 'CV / Resume', 'Y', 'Y', 'Y', 'Y', 'Y', 'Y', 'N', 'N'),
       (15, 0, 'Four (4) Passport Photographs', 'Y', 'Y', 'Y', 'Y', 'Y', 'Y', 'Y', 'Y'),
       (16, 0, 'Military Service and Discharge Documents', 'Y', 'N', 'Y', 'N', 'Y', 'N', 'N', 'N'),
       (17, 0,
        'Police Record / Certification from country of origin and any country applicant has been a resident of for more than 6 months during the past 10 years (all countries)',
        'Y', 'Y', 'Y', 'Y', 'Y', 'Y', 'N', 'N'),
       (18, 0, 'Professional Reference', 'Y', 'Y', 'Y', 'Y', 'N', 'N', 'N', 'N'),
       (19, 0, 'Enrollment letters/University letter', 'N', 'N', 'N', 'N', 'Y', 'Y', 'Y', 'Y'),
       (20, 0, 'Two Personal References', 'Y', 'N', 'Y', 'N', 'Y', 'N', 'N', 'N'),
       (21, 0, 'Recommendation from Banker', 'Y', 'N', 'N', 'N', 'N', 'N', 'N', 'N'),
       (22, 0, '12 months Bank  Statement', 'Y', 'Y', 'N', 'N', 'N', 'N', 'N', 'N'),
       (23, 0, 'Proof of Residential Address', 'Y', 'Y', 'N', 'N', 'N', 'N', 'N', 'N'),
       (24, 0,
        'An affidavit of consent from other parents is required, if both parents are not part of the application when applying for children',
        'N', 'N', 'N', 'N', 'N', 'N', 'Y', 'N');

-- --------------------------------------------------------

--
-- Table structure for table `client_form_dependents_uploaded_files`
--

CREATE TABLE `client_form_dependents_uploaded_files`
(
    `uploaded_file_id`   bigint(20) UNSIGNED NOT NULL,
    `required_file_id`   bigint(20) UNSIGNED NOT NULL,
    `member_id`          bigint(20)          NOT NULL,
    `dependent_id`       bigint(20) UNSIGNED DEFAULT NULL,
    `uploaded_file_name` char(255)           NOT NULL,
    `uploaded_file_size` bigint(20) UNSIGNED NOT NULL
) ENGINE = InnoDB
  DEFAULT CHARSET = utf8 COMMENT ='Contains info about uploaded forms/files for case''s dependents. Is used in the Documents Checklist sub tab under the Clients tab.';

-- --------------------------------------------------------

--
-- Table structure for table `client_form_dependents_uploaded_file_tags`
--

CREATE TABLE `client_form_dependents_uploaded_file_tags`
(
    `uploaded_file_id` bigint(20) UNSIGNED NOT NULL,
    `company_id`       bigint(20)          NOT NULL,
    `tag`              char(255)           NOT NULL
) ENGINE = InnoDB
  DEFAULT CHARSET = utf8 COMMENT ='Contains tags assigned to uploaded forms/files for case''s dependents. Is used in the Documents Checklist sub tab under the Clients tab.';

-- --------------------------------------------------------

--
-- Table structure for table `client_form_dependents_visa_survey`
--

CREATE TABLE `client_form_dependents_visa_survey`
(
    `visa_survey_id`   bigint(20) UNSIGNED NOT NULL,
    `member_id`        bigint(20)          NOT NULL,
    `dependent_id`     bigint(20) UNSIGNED                  DEFAULT NULL,
    `visa_country_id`  enum ('US','UK','Schengen','Canada') DEFAULT NULL,
    `visa_number`      char(255)           NOT NULL,
    `visa_issue_date`  date                                 DEFAULT NULL,
    `visa_expiry_date` date                                 DEFAULT NULL
) ENGINE = InnoDB
  DEFAULT CHARSET = utf8 COMMENT ='Contains info about case''s dependents visa survey.';

-- --------------------------------------------------------

--
-- Table structure for table `client_form_fields`
--

CREATE TABLE `client_form_fields`
(
    `field_id`                 int(11) UNSIGNED NOT NULL,
    `company_id`               bigint(20)       NOT NULL,
    `company_field_id`         varchar(100)              DEFAULT NULL,
    `type`                     int(11) UNSIGNED NOT NULL DEFAULT '1',
    `label`                    char(255)                 DEFAULT NULL,
    `maxlength`                int(6) UNSIGNED           DEFAULT NULL,
    `encrypted`                enum ('Y','N')   NOT NULL DEFAULT 'N',
    `required`                 enum ('Y','N')   NOT NULL DEFAULT 'N',
    `required_for_submission`  enum ('Y','N')   NOT NULL DEFAULT 'N',
    `disabled`                 enum ('Y','N')   NOT NULL DEFAULT 'N',
    `blocked`                  enum ('Y','N')   NOT NULL DEFAULT 'N',
    `multiple_values`          enum ('Y','N')   NOT NULL DEFAULT 'N',
    `skip_access_requirements` enum ('Y','N')   NOT NULL DEFAULT 'N',
    `custom_height`            int(11) UNSIGNED NOT NULL DEFAULT '0',
    `min_value`                int(11)                   DEFAULT NULL,
    `max_value`                int(11)                   DEFAULT NULL
) ENGINE = InnoDB
  DEFAULT CHARSET = utf8 COMMENT ='Contains fields that are used/showed in the case''s profile. Each field''s unique id (saved in company_field_id) must be unique for specific case type.';

--
-- Dumping data for table `client_form_fields`
--

INSERT INTO `client_form_fields` (`field_id`, `company_id`, `company_field_id`, `type`, `label`, `maxlength`,
                                  `encrypted`, `required`, `required_for_submission`, `disabled`, `blocked`,
                                  `multiple_values`, `skip_access_requirements`, `custom_height`, `min_value`,
                                  `max_value`)
VALUES (69367, 0, 'file_number', 1, 'Case File #', 32, 'N', 'N', 'N', 'N', 'N', 'N', 'N', 0, NULL, NULL),
       (69368, 0, 'category', 30, 'Category', NULL, 'N', 'N', 'N', 'N', 'N', 'N', 'N', 0, NULL, NULL),
       (69369, 0, 'file_status', 3, 'Case Status', NULL, 'N', 'N', 'N', 'N', 'N', 'N', 'N', 0, NULL, NULL),
       (69370, 0, 'Client_file_status', 7, 'Active Case', NULL, 'N', 'N', 'N', 'N', 'N', 'N', 'N', 0, NULL, NULL),
       (69371, 0, 'step_2_documents_received_date ', 8, 'Step 2 Documents Received', NULL, 'N', 'N', 'N', 'N', 'N', 'N',
        'N', 0, NULL, NULL),
       (69372, 0, 'application_fee_paid ', 7, 'Application Fee Paid', NULL, 'N', 'N', 'N', 'N', 'N', 'N', 'N', 0, NULL,
        NULL),
       (69373, 0, 'business_concept_due_date', 8, 'Business Concept Due Date', NULL, 'N', 'N', 'N', 'N', 'N', 'N', 'N',
        0, NULL, NULL),
       (69374, 0, 'interview_date', 8, 'Interview Date', NULL, 'N', 'N', 'N', 'N', 'N', 'N', 'N', 0, NULL, NULL),
       (69375, 0, 'interview_results', 11, 'Interview Results', NULL, 'N', 'N', 'N', 'N', 'N', 'N', 'N', 0, NULL, NULL),
       (69376, 0, 'step_3_documents_received_date ', 8, 'Step 3 Documents Received', NULL, 'N', 'N', 'N', 'N', 'N', 'N',
        'N', 0, NULL, NULL),
       (69377, 0, 'invite_to_apply_issued_date', 8, 'Invite to Apply Issued', NULL, 'N', 'N', 'N', 'N', 'N', 'N', 'N',
        0, NULL, NULL),
       (69378, 0, 'employer_application_date', 8, 'Employer Application Date', NULL, 'N', 'N', 'N', 'N', 'N', 'N', 'N',
        0, NULL, NULL),
       (69379, 0, 'job_title', 1, 'Job Title', NULL, 'N', 'N', 'N', 'N', 'N', 'N', 'N', 0, NULL, NULL),
       (69380, 0, 'job_noc_code', 1, 'Job\'s NOC code', NULL, 'N', 'N', 'N', 'N', 'N', 'N', 'N', 0, NULL, NULL),
       (69381, 0, 'type_of_employment', 1, 'Type of Employment', NULL, 'N', 'N', 'N', 'N', 'N', 'N', 'N', 0, NULL,
        NULL),
       (69382, 0, 'received_lmia', 3, 'Received Labour Market Impact Assessment (LMIA)?', NULL, 'N', 'N', 'N', 'N', 'N',
        'N', 'N', 0, NULL, NULL),
       (69383, 0, 'employment_standards_regulated', 3, 'Employment Standards Regulated', NULL, 'N', 'N', 'N', 'N', 'N',
        'N', 'N', 0, NULL, NULL),
       (69384, 0, 'application_deadline', 8, 'Application Deadline', NULL, 'N', 'N', 'N', 'N', 'N', 'N', 'N', 0, NULL,
        NULL),
       (69385, 0, 'good_faith_deposit_received', 8, 'Good Faith Deposit Received', NULL, 'N', 'N', 'N', 'N', 'N', 'N',
        'N', 0, NULL, NULL),
       (69386, 0, 'work_permit_issuance_date', 8, 'Work Permit Issuance Date', NULL, 'N', 'N', 'N', 'N', 'N', 'N', 'N',
        0, NULL, NULL),
       (69387, 0, 'work_permit_application_deadline', 8, 'Work Permit Application Deadline', NULL, 'N', 'N', 'N', 'N',
        'N', 'N', 'N', 0, NULL, NULL),
       (69388, 0, 'arrival_interview_date', 8, 'Arrival Interview Date', NULL, 'N', 'N', 'N', 'N', 'N', 'N', 'N', 0,
        NULL, NULL),
       (69389, 0, 'missing_documents', 11, 'Missing Documents', NULL, 'N', 'N', 'N', 'N', 'N', 'N', 'N', 0, NULL, NULL),
       (69390, 0, 'additional_info_requested_date', 8, 'Additional Info Requested Date', NULL, 'N', 'N', 'N', 'N', 'N',
        'N', 'N', 0, NULL, NULL),
       (69391, 0, 'additional_info_requested_due_date', 8, 'Additional Info Requested Due Date', NULL, 'N', 'N', 'N',
        'N', 'N', 'N', 'N', 0, NULL, NULL),
       (69392, 0, 'bpa_sent_date', 8, 'BPA Sent Date', NULL, 'N', 'N', 'N', 'N', 'N', 'N', 'N', 0, NULL, NULL),
       (69393, 0, 'bpa_commencement_date', 8, 'BPA Commencement Date', NULL, 'N', 'N', 'N', 'N', 'N', 'N', 'N', 0, NULL,
        NULL),
       (69394, 0, 'next_report_due', 3, 'Next Report Due', NULL, 'N', 'N', 'N', 'N', 'N', 'N', 'N', 0, NULL, NULL),
       (69395, 0, 'next_report_due_date', 8, 'Next Report Due Date', NULL, 'N', 'N', 'N', 'N', 'N', 'N', 'N', 0, NULL,
        NULL),
       (69396, 0, 'final_site_visit_date', 8, 'Final Site Visit', NULL, 'N', 'N', 'N', 'N', 'N', 'N', 'N', 0, NULL,
        NULL),
       (69397, 0, 'exit_interview_date', 8, 'Exit Interview', NULL, 'N', 'N', 'N', 'N', 'N', 'N', 'N', 0, NULL, NULL),
       (69398, 0, 'good_faith_deposit_return_initiated', 8, 'Good Faith Deposit Return Initiated', NULL, 'N', 'N', 'N',
        'N', 'N', 'N', 'N', 0, NULL, NULL),
       (69399, 0, 'good_faith_deposit_returned_date', 8, 'Good Faith Deposit Returned', NULL, 'N', 'N', 'N', 'N', 'N',
        'N', 'N', 0, NULL, NULL),
       (69400, 0, 'initial_work_permit', 1, 'Initial Work Permit or Extension', NULL, 'N', 'N', 'N', 'N', 'N', 'N', 'N',
        0, NULL, NULL),
       (69401, 0, 'work_permit', 3, 'Initial Work Permit or Extension', NULL, 'N', 'N', 'N', 'N', 'N', 'N', 'N', 0,
        NULL, NULL),
       (69402, 0, 'province_stream', 1, 'Province/Territory Stream', NULL, 'N', 'N', 'N', 'N', 'N', 'N', 'N', 0, NULL,
        NULL),
       (69403, 0, 'type_of_business', 1, 'Type of Business', NULL, 'N', 'N', 'N', 'N', 'N', 'N', 'N', 0, NULL, NULL),
       (69404, 0, 'name_of_business', 1, 'Name of Business', NULL, 'N', 'N', 'N', 'N', 'N', 'N', 'N', 0, NULL, NULL),
       (69405, 0, 'business_concept', 1, 'Business Concept', NULL, 'N', 'N', 'N', 'N', 'N', 'N', 'N', 0, NULL, NULL),
       (69406, 0, 'required_eligible_investment', 1, 'Required Eligible Investment', NULL, 'N', 'N', 'N', 'N', 'N', 'N',
        'N', 0, NULL, NULL),
       (69407, 0, 'accompanying_dependent_details', 11, 'Accompanying Dependent Details', NULL, 'N', 'N', 'N', 'N', 'N',
        'N', 'N', 0, NULL, NULL),
       (69408, 0, 'location', 1, 'Location', NULL, 'N', 'N', 'N', 'N', 'N', 'N', 'N', 0, NULL, NULL),
       (69409, 0, 'intended_location_of_business', 1, 'Intended Location of Business', NULL, 'N', 'N', 'N', 'N', 'N',
        'N', 'N', 0, NULL, NULL),
       (69410, 0, 'job_location', 1, 'Job Location', NULL, 'N', 'N', 'N', 'N', 'N', 'N', 'N', 0, NULL, NULL),
       (69411, 0, 'nominee_dob', 8, 'Nominee DOB', NULL, 'N', 'N', 'N', 'N', 'N', 'N', 'N', 0, NULL, NULL),
       (69412, 0, 'nomination_certificate_number', 1, 'Nomination Certificate Number', NULL, 'N', 'N', 'N', 'N', 'N',
        'N', 'N', 0, NULL, NULL),
       (69413, 0, 'date_eligible_nomination', 8, 'Date Eligible for Nomination', NULL, 'N', 'N', 'N', 'N', 'N', 'N',
        'N', 0, NULL, NULL),
       (69414, 0, 'nomination_certificate_expiry_date', 8, 'Nomination Certificate Expiry Date', NULL, 'N', 'N', 'N',
        'N', 'N', 'N', 'N', 0, NULL, NULL),
       (69415, 0, 'employer', 1, 'Employer', NULL, 'N', 'N', 'N', 'N', 'N', 'N', 'N', 0, NULL, NULL),
       (69416, 0, 'organization', 1, 'Organization', NULL, 'N', 'N', 'N', 'N', 'N', 'N', 'N', 0, NULL, NULL),
       (69417, 0, 'occupation', 1, 'Occupation (NOC)', NULL, 'N', 'N', 'N', 'N', 'N', 'N', 'N', 0, NULL, NULL),
       (69418, 0, 'restrictions_on_employment', 11, 'Restrictions on Employment', NULL, 'N', 'N', 'N', 'N', 'N', 'N',
        'N', 0, NULL, NULL),
       (69419, 0, 'nomination_issued_date', 8, 'Nomination Issued Date', NULL, 'N', 'N', 'N', 'N', 'N', 'N', 'N', 0,
        NULL, NULL),
       (69420, 0, 'date_of_nomination_issuance', 8, 'Date of Nomination Issuance', NULL, 'N', 'N', 'N', 'N', 'N', 'N',
        'N', 0, NULL, NULL),
       (69421, 0, 'nomination_application_receipt_date', 8, 'Nomination Application Receipt Date', NULL, 'N', 'N', 'N',
        'N', 'N', 'N', 'N', 0, NULL, NULL),
       (69422, 0, 'explanation_for_denial', 11, 'Explanation for Denial', NULL, 'N', 'N', 'N', 'N', 'N', 'N', 'N', 0,
        NULL, NULL),
       (69423, 0, 'employer_explanation_for_denial', 11, 'Explanation for Employer Eligibility Denial', NULL, 'N', 'N',
        'N', 'N', 'N', 'N', 'N', 0, NULL, NULL),
       (69424, 0, 'initial_submission_received_date', 8, 'Initial Submission Received', NULL, 'N', 'N', 'N', 'N', 'N',
        'N', 'N', 0, NULL, NULL),
       (69425, 0, 'missing_documents_or_additional_info', 11, 'Missing Documents or Additional Info', NULL, 'N', 'N',
        'N', 'N', 'N', 'N', 'N', 0, NULL, NULL),
       (69426, 0, 'submission_completed_on_date', 8, 'Submission Completed on', NULL, 'N', 'N', 'N', 'N', 'N', 'N', 'N',
        0, NULL, NULL),
       (69427, 0, 'application_ready_for_assessment', 8, 'Application Ready for Assessment', NULL, 'N', 'N', 'N', 'N',
        'N', 'N', 'N', 0, NULL, NULL),
       (69428, 0, 'employment_standards_compliance_request_sent_date', 8,
        'Employment Standards Compliance Request Sent', NULL, 'N', 'N', 'N', 'N', 'N', 'N', 'N', 0, NULL, NULL),
       (69429, 0, 'employment_standards_compliance_status', 3, 'Employment Standards Compliance Status', NULL, 'N', 'N',
        'N', 'N', 'N', 'N', 'N', 0, NULL, NULL),
       (69430, 0, 'first_assessment_completed_date', 8, 'First Assessment Completed', NULL, 'N', 'N', 'N', 'N', 'N',
        'N', 'N', 0, NULL, NULL),
       (69431, 0, 'final_review_completed_date', 8, 'Final Review Completed', NULL, 'N', 'N', 'N', 'N', 'N', 'N', 'N',
        0, NULL, NULL),
       (69432, 0, 'application_decision', 3, 'Application Decision', NULL, 'N', 'N', 'N', 'N', 'N', 'N', 'N', 0, NULL,
        NULL),
       (69433, 0, 'application_decision_date', 8, 'Application Decision Date', NULL, 'N', 'N', 'N', 'N', 'N', 'N', 'N',
        0, NULL, NULL),
       (69434, 0, 'decision_letter_sent_date', 8, 'Decision Letter Sent', NULL, 'N', 'N', 'N', 'N', 'N', 'N', 'N', 0,
        NULL, NULL),
       (69435, 0, 'MOU_signing_appointment', 8, 'MOU Signing Appointment', NULL, 'N', 'N', 'N', 'N', 'N', 'N', 'N', 0,
        NULL, NULL),
       (69436, 0, 'MOU_signed_on_date', 8, 'MOU Signed On', NULL, 'N', 'N', 'N', 'N', 'N', 'N', 'N', 0, NULL, NULL),
       (69437, 0, 'appeal_date_deadline', 8, 'Appeal Date deadline', NULL, 'N', 'N', 'N', 'N', 'N', 'N', 'N', 0, NULL,
        NULL),
       (69438, 0, 'appeal_received_date', 8, 'Appeal Received', NULL, 'N', 'N', 'N', 'N', 'N', 'N', 'N', 0, NULL, NULL),
       (69439, 0, 'appeal_decision_date', 8, 'Appeal Decision Date', NULL, 'N', 'N', 'N', 'N', 'N', 'N', 'N', 0, NULL,
        NULL),
       (69440, 0, 'appeal_decision', 3, 'Appeal Decision', NULL, 'N', 'N', 'N', 'N', 'N', 'N', 'N', 0, NULL, NULL),
       (69441, 0, 'business_name', 1, 'Business Name', NULL, 'N', 'N', 'N', 'N', 'N', 'N', 'N', 0, NULL, NULL),
       (69442, 0, 'hours_per_week', 1, 'Hours per Week', NULL, 'N', 'N', 'N', 'N', 'N', 'N', 'N', 0, NULL, NULL),
       (69443, 0, 'wage_rate', 1, 'Wage Rate', NULL, 'N', 'N', 'N', 'N', 'N', 'N', 'N', 0, NULL, NULL),
       (69444, 0, 'total_number_of_family_members', 5, 'Total Number of Family Members', NULL, 'N', 'N', 'N', 'N', 'N',
        'N', 'N', 0, NULL, NULL),
       (69445, 0, 'pulled_from_express_entry_portal_date', 8, 'Pulled from Express Entry Portal (EE only)', NULL, 'N',
        'N', 'N', 'N', 'N', 'N', 'N', 0, NULL, NULL),
       (69446, 0, 'work_permit_support_letter_date', 8, 'Work Permit Support Letter', NULL, 'N', 'N', 'N', 'N', 'N',
        'N', 'N', 0, NULL, NULL),
       (69447, 0, 'language_required', 3, 'Language Required', NULL, 'N', 'N', 'N', 'N', 'N', 'N', 'N', 0, NULL, NULL),
       (69448, 2, 'file_number', 1, 'Case File #', 32, 'N', 'N', 'N', 'N', 'N', 'N', 'N', 0, NULL, NULL),
       (69449, 2, 'category', 30, 'Category', NULL, 'N', 'N', 'N', 'N', 'N', 'N', 'N', 0, NULL, NULL),
       (69450, 2, 'file_status', 3, 'Case Status', NULL, 'N', 'N', 'N', 'N', 'N', 'N', 'N', 0, NULL, NULL),
       (69451, 2, 'Client_file_status', 7, 'Active Case', NULL, 'N', 'N', 'N', 'N', 'N', 'N', 'N', 0, NULL, NULL),
       (69452, 2, 'step_2_documents_received_date ', 8, 'Step 2 Documents Received', NULL, 'N', 'N', 'N', 'N', 'N', 'N',
        'N', 0, NULL, NULL),
       (69453, 2, 'application_fee_paid ', 7, 'Application Fee Paid', NULL, 'N', 'N', 'N', 'N', 'N', 'N', 'N', 0, NULL,
        NULL),
       (69455, 2, 'interview_date', 8, 'Interview Date', NULL, 'N', 'N', 'N', 'N', 'N', 'N', 'N', 0, NULL, NULL),
       (69456, 2, 'interview_results', 11, 'Interview Results', NULL, 'N', 'N', 'N', 'N', 'N', 'N', 'N', 0, NULL, NULL),
       (69457, 2, 'step_3_documents_received_date ', 8, 'Step 3 Documents Received', NULL, 'N', 'N', 'N', 'N', 'N', 'N',
        'N', 0, NULL, NULL),
       (69458, 2, 'invite_to_apply_issued_date', 8, 'Invite to Apply Issued', NULL, 'N', 'N', 'N', 'N', 'N', 'N', 'N',
        0, NULL, NULL),
       (69459, 2, 'employer_application_date', 8, 'Employer Application Date', NULL, 'N', 'N', 'N', 'N', 'N', 'N', 'N',
        0, NULL, NULL),
       (69460, 2, 'job_title', 1, 'Job Title', NULL, 'N', 'N', 'N', 'N', 'N', 'N', 'N', 0, NULL, NULL),
       (69461, 2, 'job_noc_code', 1, 'Job\'s NOC code', NULL, 'N', 'N', 'N', 'N', 'N', 'N', 'N', 0, NULL, NULL),
       (69462, 2, 'type_of_employment', 1, 'Type of Employment', NULL, 'N', 'N', 'N', 'N', 'N', 'N', 'N', 0, NULL,
        NULL),
       (69463, 2, 'received_lmia', 3, 'Received Labour Market Impact Assessment (LMIA)?', NULL, 'N', 'N', 'N', 'N', 'N',
        'N', 'N', 0, NULL, NULL),
       (69464, 2, 'employment_standards_regulated', 3, 'Employment Standards Regulated', NULL, 'N', 'N', 'N', 'N', 'N',
        'N', 'N', 0, NULL, NULL),
       (69465, 2, 'application_deadline', 8, 'Application Deadline', NULL, 'N', 'N', 'N', 'N', 'N', 'N', 'N', 0, NULL,
        NULL),
       (69466, 2, 'good_faith_deposit_received', 8, 'Good Faith Deposit Received', NULL, 'N', 'N', 'N', 'N', 'N', 'N',
        'N', 0, NULL, NULL),
       (69467, 2, 'work_permit_issuance_date', 8, 'Work Permit Issuance Date', NULL, 'N', 'N', 'N', 'N', 'N', 'N', 'N',
        0, NULL, NULL),
       (69468, 2, 'work_permit_application_deadline', 8, 'Work Permit Application Deadline', NULL, 'N', 'N', 'N', 'N',
        'N', 'N', 'N', 0, NULL, NULL),
       (69469, 2, 'arrival_interview_date', 8, 'Arrival Interview Date', NULL, 'N', 'N', 'N', 'N', 'N', 'N', 'N', 0,
        NULL, NULL),
       (69470, 2, 'missing_documents', 11, 'Missing Documents', NULL, 'N', 'N', 'N', 'N', 'N', 'N', 'N', 0, NULL, NULL),
       (69471, 2, 'additional_info_requested_date', 8, 'Additional Info Requested Date', NULL, 'N', 'N', 'N', 'N', 'N',
        'N', 'N', 0, NULL, NULL),
       (69472, 2, 'additional_info_requested_due_date', 8, 'Additional Info Requested Due Date', NULL, 'N', 'N', 'N',
        'N', 'N', 'N', 'N', 0, NULL, NULL),
       (69473, 2, 'bpa_sent_date', 8, 'BPA Sent Date', NULL, 'N', 'N', 'N', 'N', 'N', 'N', 'N', 0, NULL, NULL),
       (69474, 2, 'bpa_commencement_date', 8, 'BPA Commencement Date', NULL, 'N', 'N', 'N', 'N', 'N', 'N', 'N', 0, NULL,
        NULL),
       (69475, 2, 'next_report_due', 3, 'Next Report Due', NULL, 'N', 'N', 'N', 'N', 'N', 'N', 'N', 0, NULL, NULL),
       (69476, 2, 'next_report_due_date', 8, 'Next Report Due Date', NULL, 'N', 'N', 'N', 'N', 'N', 'N', 'N', 0, NULL,
        NULL),
       (69477, 2, 'final_site_visit_date', 8, 'Final Site Visit', NULL, 'N', 'N', 'N', 'N', 'N', 'N', 'N', 0, NULL,
        NULL),
       (69478, 2, 'exit_interview_date', 8, 'Exit Interview', NULL, 'N', 'N', 'N', 'N', 'N', 'N', 'N', 0, NULL, NULL),
       (69479, 2, 'good_faith_deposit_return_initiated', 8, 'Good Faith Deposit Return Initiated', NULL, 'N', 'N', 'N',
        'N', 'N', 'N', 'N', 0, NULL, NULL),
       (69480, 2, 'good_faith_deposit_returned_date', 8, 'Good Faith Deposit Returned', NULL, 'N', 'N', 'N', 'N', 'N',
        'N', 'N', 0, NULL, NULL),
       (69481, 2, 'initial_work_permit', 1, 'Initial Work Permit or Extension', NULL, 'N', 'N', 'N', 'N', 'N', 'N', 'N',
        0, NULL, NULL),
       (69482, 2, 'work_permit', 3, 'Initial Work Permit or Extension', NULL, 'N', 'N', 'N', 'N', 'N', 'N', 'N', 0,
        NULL, NULL),
       (69483, 2, 'province_stream', 1, 'Province/Territory Stream', NULL, 'N', 'N', 'N', 'N', 'N', 'N', 'N', 0, NULL,
        NULL),
       (69484, 2, 'type_of_business', 1, 'Type of Business', NULL, 'N', 'N', 'N', 'N', 'N', 'N', 'N', 0, NULL, NULL),
       (69485, 2, 'name_of_business', 1, 'Name of Business', NULL, 'N', 'N', 'N', 'N', 'N', 'N', 'N', 0, NULL, NULL),
       (69486, 2, 'business_concept', 1, 'Business Concept', NULL, 'N', 'N', 'N', 'N', 'N', 'N', 'N', 0, NULL, NULL),
       (69487, 2, 'required_eligible_investment', 1, 'Required Eligible Investment', NULL, 'N', 'N', 'N', 'N', 'N', 'N',
        'N', 0, NULL, NULL),
       (69488, 2, 'accompanying_dependent_details', 11, 'Accompanying Dependent Details', NULL, 'N', 'N', 'N', 'N', 'N',
        'N', 'N', 0, NULL, NULL),
       (69489, 2, 'location', 1, 'Location', NULL, 'N', 'N', 'N', 'N', 'N', 'N', 'N', 0, NULL, NULL),
       (69490, 2, 'intended_location_of_business', 1, 'Intended Location of Business', NULL, 'N', 'N', 'N', 'N', 'N',
        'N', 'N', 0, NULL, NULL),
       (69491, 2, 'job_location', 1, 'Job Location', NULL, 'N', 'N', 'N', 'N', 'N', 'N', 'N', 0, NULL, NULL),
       (69492, 2, 'nominee_dob', 8, 'Nominee DOB', NULL, 'N', 'N', 'N', 'N', 'N', 'N', 'N', 0, NULL, NULL),
       (69493, 2, 'nomination_certificate_number', 1, 'Nomination Certificate Number', NULL, 'N', 'N', 'N', 'N', 'N',
        'N', 'N', 0, NULL, NULL),
       (69494, 2, 'date_eligible_nomination', 8, 'Date Eligible for Nomination', NULL, 'N', 'N', 'N', 'N', 'N', 'N',
        'N', 0, NULL, NULL),
       (69495, 2, 'nomination_certificate_expiry_date', 8, 'Nomination Certificate Expiry Date', NULL, 'N', 'N', 'N',
        'N', 'N', 'N', 'N', 0, NULL, NULL),
       (69496, 2, 'employer', 1, 'Employer', NULL, 'N', 'N', 'N', 'N', 'N', 'N', 'N', 0, NULL, NULL),
       (69497, 2, 'organization', 1, 'Organization', NULL, 'N', 'N', 'N', 'N', 'N', 'N', 'N', 0, NULL, NULL),
       (69498, 2, 'occupation', 1, 'Occupation (NOC)', NULL, 'N', 'N', 'N', 'N', 'N', 'N', 'N', 0, NULL, NULL),
       (69499, 2, 'restrictions_on_employment', 11, 'Restrictions on Employment', NULL, 'N', 'N', 'N', 'N', 'N', 'N',
        'N', 0, NULL, NULL),
       (69500, 2, 'nomination_issued_date', 8, 'Nomination Issued Date', NULL, 'N', 'N', 'N', 'N', 'N', 'N', 'N', 0,
        NULL, NULL),
       (69501, 2, 'date_of_nomination_issuance', 8, 'Date of Nomination Issuance', NULL, 'N', 'N', 'N', 'N', 'N', 'N',
        'N', 0, NULL, NULL),
       (69502, 2, 'nomination_application_receipt_date', 8, 'Nomination Application Receipt Date', NULL, 'N', 'N', 'N',
        'N', 'N', 'N', 'N', 0, NULL, NULL),
       (69503, 2, 'explanation_for_denial', 11, 'Explanation for Denial', NULL, 'N', 'N', 'N', 'N', 'N', 'N', 'N', 0,
        NULL, NULL),
       (69504, 2, 'employer_explanation_for_denial', 11, 'Explanation for Employer Eligibility Denial', NULL, 'N', 'N',
        'N', 'N', 'N', 'N', 'N', 0, NULL, NULL),
       (69505, 2, 'initial_submission_received_date', 8, 'Initial Submission Received', NULL, 'N', 'N', 'N', 'N', 'N',
        'N', 'N', 0, NULL, NULL),
       (69506, 2, 'missing_documents_or_additional_info', 11, 'Missing Documents or Additional Info', NULL, 'N', 'N',
        'N', 'N', 'N', 'N', 'N', 0, NULL, NULL),
       (69507, 2, 'submission_completed_on_date', 8, 'Submission Completed on', NULL, 'N', 'N', 'N', 'N', 'N', 'N', 'N',
        0, NULL, NULL),
       (69508, 2, 'application_ready_for_assessment', 8, 'Application Ready for Assessment', NULL, 'N', 'N', 'N', 'N',
        'N', 'N', 'N', 0, NULL, NULL),
       (69509, 2, 'employment_standards_compliance_request_sent_date', 8,
        'Employment Standards Compliance Request Sent', NULL, 'N', 'N', 'N', 'N', 'N', 'N', 'N', 0, NULL, NULL),
       (69510, 2, 'employment_standards_compliance_status', 3, 'Employment Standards Compliance Status', NULL, 'N', 'N',
        'N', 'N', 'N', 'N', 'N', 0, NULL, NULL),
       (69511, 2, 'first_assessment_completed_date', 8, 'First Assessment Completed', NULL, 'N', 'N', 'N', 'N', 'N',
        'N', 'N', 0, NULL, NULL),
       (69512, 2, 'final_review_completed_date', 8, 'Final Review Completed', NULL, 'N', 'N', 'N', 'N', 'N', 'N', 'N',
        0, NULL, NULL),
       (69513, 2, 'application_decision', 3, 'Application Decision', 0, 'N', 'N', 'N', 'N', 'N', 'N', 'N', 0, NULL,
        NULL),
       (69514, 2, 'application_decision_date', 8, 'Application Decision Date', NULL, 'N', 'N', 'N', 'N', 'N', 'N', 'N',
        0, NULL, NULL),
       (69515, 2, 'decision_letter_sent_date', 8, 'Decision Letter Sent', NULL, 'N', 'N', 'N', 'N', 'N', 'N', 'N', 0,
        NULL, NULL),
       (69516, 2, 'MOU_signing_appointment', 8, 'MOU Signing Appointment', NULL, 'N', 'N', 'N', 'N', 'N', 'N', 'N', 0,
        NULL, NULL),
       (69517, 2, 'MOU_signed_on_date', 8, 'MOU Signed On', NULL, 'N', 'N', 'N', 'N', 'N', 'N', 'N', 0, NULL, NULL),
       (69518, 2, 'appeal_date_deadline', 8, 'Appeal Date deadline', NULL, 'N', 'N', 'N', 'N', 'N', 'N', 'N', 0, NULL,
        NULL),
       (69519, 2, 'appeal_received_date', 8, 'Appeal Received', NULL, 'N', 'N', 'N', 'N', 'N', 'N', 'N', 0, NULL, NULL),
       (69520, 2, 'appeal_decision_date', 8, 'Appeal Decision Date', NULL, 'N', 'N', 'N', 'N', 'N', 'N', 'N', 0, NULL,
        NULL),
       (69521, 2, 'appeal_decision', 3, 'Appeal Decision', NULL, 'N', 'N', 'N', 'N', 'N', 'N', 'N', 0, NULL, NULL),
       (69522, 2, 'business_name', 1, 'Business Name', NULL, 'N', 'N', 'N', 'N', 'N', 'N', 'N', 0, NULL, NULL),
       (69523, 2, 'hours_per_week', 1, 'Hours per Week', NULL, 'N', 'N', 'N', 'N', 'N', 'N', 'N', 0, NULL, NULL),
       (69524, 2, 'wage_rate', 1, 'Wage Rate', NULL, 'N', 'N', 'N', 'N', 'N', 'N', 'N', 0, NULL, NULL),
       (69525, 2, 'total_number_of_family_members', 5, 'Total Number of Family Members', NULL, 'N', 'N', 'N', 'N', 'N',
        'N', 'N', 0, NULL, NULL),
       (69526, 2, 'pulled_from_express_entry_portal_date', 8, 'Pulled from Express Entry Portal (EE only)', NULL, 'N',
        'N', 'N', 'N', 'N', 'N', 'N', 0, NULL, NULL),
       (69527, 2, 'work_permit_support_letter_date', 8, 'Work Permit Support Letter', NULL, 'N', 'N', 'N', 'N', 'N',
        'N', 'N', 0, NULL, NULL),
       (69528, 2, 'language_required', 3, 'Language Required', NULL, 'N', 'N', 'N', 'N', 'N', 'N', 'N', 0, NULL, NULL),
       (69529, 2, 'ntnp_11_due_date', 8, 'NTNP-11 Due Date', 0, 'N', 'N', 'N', 'N', 'N', 'N', 'N', 0, NULL, NULL),
       (69530, 2, 'ntnp_10_due_date', 8, 'NTNP-10 Due Date', 0, 'N', 'N', 'N', 'N', 'N', 'N', 'N', 0, NULL, NULL),
       (69531, 2, 'site_visit_date', 8, 'Site Visit Date', 0, 'N', 'N', 'N', 'N', 'N', 'N', 'N', 0, NULL, NULL),
       (69532, 2, 'business_concept_received', 8, 'Business Concept Received', 0, 'N', 'N', 'N', 'N', 'N', 'N', 'N', 0,
        NULL, NULL),
       (69533, 2, 'interview_location', 1, 'Interview Location', 0, 'N', 'N', 'N', 'N', 'N', 'N', 'N', 0, NULL, NULL);

-- --------------------------------------------------------

--
-- Table structure for table `client_form_fields_access_default`
--

CREATE TABLE `client_form_fields_access_default`
(
    `client_field_id` int(11) UNSIGNED NOT NULL,
    `role_id`         int(11)                   DEFAULT NULL,
    `access`          enum ('R','F')   NOT NULL DEFAULT 'R' COMMENT 'R=read only, F=full access',
    `updated_on`      datetime                  DEFAULT NULL
) ENGINE = InnoDB
  DEFAULT CHARSET = utf8 COMMENT ='Default access for cases fields and created/future role';

--
-- Dumping data for table `client_form_fields_access_default`
--

INSERT INTO `client_form_fields_access_default` (`client_field_id`, `role_id`, `access`, `updated_on`)
VALUES (69449, 4932, 'R', '2019-03-26 10:26:16'),
       (69448, 4932, 'F', '2019-03-26 10:26:16'),
       (69450, 4932, 'F', '2019-03-26 10:26:16'),
       (69451, 4932, 'F', '2019-03-26 10:26:16'),
       (69452, 4932, 'F', '2019-03-26 10:26:16'),
       (69453, 4932, 'F', '2019-03-26 10:26:16'),
       (69532, 4932, 'F', '2019-03-26 10:26:16'),
       (69455, 4932, 'F', '2019-03-26 10:26:16'),
       (69533, 4932, 'F', '2019-03-26 10:26:16'),
       (69456, 4932, 'F', '2019-03-26 10:26:16'),
       (69457, 4932, 'F', '2019-03-26 10:26:16'),
       (69458, 4932, 'F', '2019-03-26 10:26:16'),
       (69465, 4932, 'F', '2019-03-26 10:26:16'),
       (69473, 4932, 'F', '2019-03-26 10:26:16'),
       (69466, 4932, 'F', '2019-03-26 10:26:16'),
       (69467, 4932, 'F', '2019-03-26 10:26:16'),
       (69469, 4932, 'F', '2019-03-26 10:26:16'),
       (69474, 4932, 'F', '2019-03-26 10:26:16'),
       (69470, 4932, 'F', '2019-03-26 10:26:16'),
       (69471, 4932, 'F', '2019-03-26 10:26:16'),
       (69472, 4932, 'F', '2019-03-26 10:26:16'),
       (69530, 4932, 'F', '2019-03-26 10:26:16'),
       (69531, 4932, 'F', '2019-03-26 10:26:16'),
       (69529, 4932, 'F', '2019-03-26 10:26:16'),
       (69477, 4932, 'F', '2019-03-26 10:26:16'),
       (69478, 4932, 'F', '2019-03-26 10:26:16'),
       (69494, 4932, 'F', '2019-03-26 10:26:16'),
       (69484, 4932, 'F', '2019-03-26 10:26:16'),
       (69490, 4932, 'F', '2019-03-26 10:26:16'),
       (69485, 4932, 'F', '2019-03-26 10:26:16'),
       (69487, 4932, 'F', '2019-03-26 10:26:16'),
       (69488, 4932, 'F', '2019-03-26 10:26:16'),
       (69481, 4932, 'F', '2019-03-26 10:26:16'),
       (69501, 4932, 'F', '2019-03-26 10:26:16'),
       (69495, 4932, 'F', '2019-03-26 10:26:16'),
       (69493, 4932, 'F', '2019-03-26 10:26:16'),
       (69479, 4932, 'F', '2019-03-26 10:26:16'),
       (69480, 4932, 'F', '2019-03-26 10:26:16'),
       (69503, 4932, 'F', '2019-03-26 10:26:16'),
       (69505, 4932, 'F', '2019-03-26 10:26:16'),
       (69506, 4932, 'F', '2019-03-26 10:26:16'),
       (69509, 4932, 'F', '2019-03-26 10:26:16'),
       (69510, 4932, 'F', '2019-03-26 10:26:16'),
       (69511, 4932, 'F', '2019-03-26 10:26:16'),
       (69512, 4932, 'F', '2019-03-26 10:26:16'),
       (69513, 4932, 'F', '2019-03-26 10:26:16'),
       (69514, 4932, 'F', '2019-03-26 10:26:16'),
       (69515, 4932, 'F', '2019-03-26 10:26:16'),
       (69516, 4932, 'F', '2019-03-26 10:26:16'),
       (69517, 4932, 'F', '2019-03-26 10:26:16'),
       (69518, 4932, 'F', '2019-03-26 10:26:16'),
       (69519, 4932, 'F', '2019-03-26 10:26:16'),
       (69520, 4932, 'F', '2019-03-26 10:26:16'),
       (69521, 4932, 'F', '2019-03-26 10:26:16'),
       (69460, 4932, 'F', '2019-03-26 10:26:16'),
       (69461, 4932, 'F', '2019-03-26 10:26:16'),
       (69491, 4932, 'F', '2019-03-26 10:26:16'),
       (69522, 4932, 'F', '2019-03-26 10:26:16'),
       (69523, 4932, 'F', '2019-03-26 10:26:16'),
       (69462, 4932, 'F', '2019-03-26 10:26:16'),
       (69524, 4932, 'F', '2019-03-26 10:26:16'),
       (69528, 4932, 'F', '2019-03-26 10:26:16'),
       (69463, 4932, 'F', '2019-03-26 10:26:16'),
       (69464, 4932, 'F', '2019-03-26 10:26:16'),
       (69502, 4932, 'F', '2019-03-26 10:26:16'),
       (69525, 4932, 'F', '2019-03-26 10:26:16'),
       (69526, 4932, 'F', '2019-03-26 10:26:16'),
       (69527, 4932, 'F', '2019-03-26 10:26:16'),
       (69482, 4932, 'F', '2019-03-26 10:26:16'),
       (69499, 4932, 'F', '2019-03-26 10:26:16'),
       (69448, 4941, 'F', '2019-04-09 17:07:36'),
       (69449, 4941, 'F', '2019-04-09 17:07:36'),
       (69450, 4941, 'F', '2019-04-09 17:07:36'),
       (69451, 4941, 'F', '2019-04-09 17:07:36'),
       (69452, 4941, 'F', '2019-04-09 17:07:36'),
       (69453, 4941, 'F', '2019-04-09 17:07:36'),
       (69532, 4941, 'F', '2019-04-09 17:07:36'),
       (69455, 4941, 'F', '2019-04-09 17:07:36'),
       (69533, 4941, 'F', '2019-04-09 17:07:36'),
       (69456, 4941, 'F', '2019-04-09 17:07:36'),
       (69457, 4941, 'F', '2019-04-09 17:07:36'),
       (69458, 4941, 'F', '2019-04-09 17:07:36'),
       (69465, 4941, 'F', '2019-04-09 17:07:36'),
       (69473, 4941, 'F', '2019-04-09 17:07:36'),
       (69466, 4941, 'F', '2019-04-09 17:07:36'),
       (69467, 4941, 'F', '2019-04-09 17:07:36'),
       (69469, 4941, 'F', '2019-04-09 17:07:36'),
       (69474, 4941, 'F', '2019-04-09 17:07:36'),
       (69470, 4941, 'F', '2019-04-09 17:07:36'),
       (69471, 4941, 'F', '2019-04-09 17:07:36'),
       (69472, 4941, 'F', '2019-04-09 17:07:36'),
       (69530, 4941, 'F', '2019-04-09 17:07:36'),
       (69531, 4941, 'F', '2019-04-09 17:07:36'),
       (69529, 4941, 'F', '2019-04-09 17:07:36'),
       (69477, 4941, 'F', '2019-04-09 17:07:36'),
       (69478, 4941, 'F', '2019-04-09 17:07:36'),
       (69494, 4941, 'F', '2019-04-09 17:07:36'),
       (69484, 4941, 'F', '2019-04-09 17:07:36'),
       (69490, 4941, 'F', '2019-04-09 17:07:36'),
       (69485, 4941, 'F', '2019-04-09 17:07:36'),
       (69487, 4941, 'F', '2019-04-09 17:07:36'),
       (69488, 4941, 'F', '2019-04-09 17:07:36'),
       (69481, 4941, 'F', '2019-04-09 17:07:36'),
       (69501, 4941, 'F', '2019-04-09 17:07:36'),
       (69495, 4941, 'F', '2019-04-09 17:07:36'),
       (69493, 4941, 'F', '2019-04-09 17:07:36'),
       (69479, 4941, 'F', '2019-04-09 17:07:36'),
       (69480, 4941, 'F', '2019-04-09 17:07:36'),
       (69503, 4941, 'F', '2019-04-09 17:07:36'),
       (69505, 4941, 'F', '2019-04-09 17:07:36'),
       (69506, 4941, 'F', '2019-04-09 17:07:36'),
       (69507, 4941, 'F', '2019-04-09 17:07:36'),
       (69509, 4941, 'F', '2019-04-09 17:07:36'),
       (69510, 4941, 'F', '2019-04-09 17:07:36'),
       (69511, 4941, 'F', '2019-04-09 17:07:36'),
       (69512, 4941, 'F', '2019-04-09 17:07:36'),
       (69513, 4941, 'F', '2019-04-09 17:07:36'),
       (69514, 4941, 'F', '2019-04-09 17:07:36'),
       (69515, 4941, 'F', '2019-04-09 17:07:36'),
       (69516, 4941, 'F', '2019-04-09 17:07:36'),
       (69517, 4941, 'F', '2019-04-09 17:07:36'),
       (69518, 4941, 'F', '2019-04-09 17:07:36'),
       (69519, 4941, 'F', '2019-04-09 17:07:36'),
       (69520, 4941, 'F', '2019-04-09 17:07:36'),
       (69521, 4941, 'F', '2019-04-09 17:07:36'),
       (69460, 4941, 'F', '2019-04-09 17:07:36'),
       (69461, 4941, 'F', '2019-04-09 17:07:36'),
       (69491, 4941, 'F', '2019-04-09 17:07:36'),
       (69522, 4941, 'F', '2019-04-09 17:07:36'),
       (69523, 4941, 'F', '2019-04-09 17:07:36'),
       (69462, 4941, 'F', '2019-04-09 17:07:36'),
       (69524, 4941, 'F', '2019-04-09 17:07:36'),
       (69528, 4941, 'F', '2019-04-09 17:07:36'),
       (69463, 4941, 'F', '2019-04-09 17:07:36'),
       (69464, 4941, 'F', '2019-04-09 17:07:36'),
       (69502, 4941, 'F', '2019-04-09 17:07:36'),
       (69525, 4941, 'F', '2019-04-09 17:07:36'),
       (69526, 4941, 'F', '2019-04-09 17:07:36'),
       (69527, 4941, 'F', '2019-04-09 17:07:36'),
       (69482, 4941, 'F', '2019-04-09 17:07:36'),
       (69499, 4941, 'F', '2019-04-09 17:07:36'),
       (69449, 4936, 'R', '2019-03-26 10:26:16'),
       (69448, 4936, 'F', '2019-03-26 10:26:16'),
       (69450, 4936, 'F', '2019-03-26 10:26:16'),
       (69451, 4936, 'F', '2019-03-26 10:26:16'),
       (69452, 4936, 'F', '2019-03-26 10:26:16'),
       (69453, 4936, 'F', '2019-03-26 10:26:16'),
       (69532, 4936, 'F', '2019-03-26 10:26:16'),
       (69455, 4936, 'F', '2019-03-26 10:26:16'),
       (69533, 4936, 'F', '2019-03-26 10:26:16'),
       (69456, 4936, 'F', '2019-03-26 10:26:16'),
       (69457, 4936, 'F', '2019-03-26 10:26:16'),
       (69458, 4936, 'F', '2019-03-26 10:26:16'),
       (69465, 4936, 'F', '2019-03-26 10:26:16'),
       (69473, 4936, 'F', '2019-03-26 10:26:16'),
       (69466, 4936, 'F', '2019-03-26 10:26:16'),
       (69467, 4936, 'F', '2019-03-26 10:26:16'),
       (69469, 4936, 'F', '2019-03-26 10:26:16'),
       (69474, 4936, 'F', '2019-03-26 10:26:16'),
       (69470, 4936, 'F', '2019-03-26 10:26:16'),
       (69471, 4936, 'F', '2019-03-26 10:26:16'),
       (69472, 4936, 'F', '2019-03-26 10:26:16'),
       (69530, 4936, 'F', '2019-03-26 10:26:16'),
       (69531, 4936, 'F', '2019-03-26 10:26:16'),
       (69529, 4936, 'F', '2019-03-26 10:26:16'),
       (69477, 4936, 'F', '2019-03-26 10:26:16'),
       (69478, 4936, 'F', '2019-03-26 10:26:16'),
       (69494, 4936, 'F', '2019-03-26 10:26:16'),
       (69484, 4936, 'F', '2019-03-26 10:26:16'),
       (69490, 4936, 'F', '2019-03-26 10:26:16'),
       (69485, 4936, 'F', '2019-03-26 10:26:16'),
       (69487, 4936, 'F', '2019-03-26 10:26:16'),
       (69488, 4936, 'F', '2019-03-26 10:26:16'),
       (69481, 4936, 'F', '2019-03-26 10:26:16'),
       (69501, 4936, 'F', '2019-03-26 10:26:16'),
       (69495, 4936, 'F', '2019-03-26 10:26:16'),
       (69493, 4936, 'F', '2019-03-26 10:26:16'),
       (69479, 4936, 'F', '2019-03-26 10:26:16'),
       (69480, 4936, 'F', '2019-03-26 10:26:16'),
       (69503, 4936, 'F', '2019-03-26 10:26:16'),
       (69449, 4937, 'R', '2019-03-26 10:26:16'),
       (69448, 4937, 'F', '2019-03-26 10:26:16'),
       (69450, 4937, 'F', '2019-03-26 10:26:16'),
       (69451, 4937, 'F', '2019-03-26 10:26:16'),
       (69505, 4937, 'F', '2019-03-26 10:26:16'),
       (69506, 4937, 'F', '2019-03-26 10:26:16'),
       (69471, 4937, 'F', '2019-03-26 10:26:16'),
       (69507, 4937, 'F', '2019-03-26 10:26:16'),
       (69509, 4937, 'F', '2019-03-26 10:26:16'),
       (69510, 4937, 'F', '2019-03-26 10:26:16'),
       (69511, 4937, 'F', '2019-03-26 10:26:16'),
       (69512, 4937, 'F', '2019-03-26 10:26:16'),
       (69513, 4937, 'F', '2019-03-26 10:26:16'),
       (69514, 4937, 'F', '2019-03-26 10:26:16'),
       (69515, 4937, 'F', '2019-03-26 10:26:16'),
       (69516, 4937, 'F', '2019-03-26 10:26:16'),
       (69517, 4937, 'F', '2019-03-26 10:26:16'),
       (69518, 4937, 'F', '2019-03-26 10:26:16'),
       (69519, 4937, 'F', '2019-03-26 10:26:16'),
       (69520, 4937, 'F', '2019-03-26 10:26:16'),
       (69521, 4937, 'F', '2019-03-26 10:26:16'),
       (69503, 4937, 'F', '2019-03-26 10:26:16'),
       (69460, 4937, 'F', '2019-03-26 10:26:16'),
       (69461, 4937, 'F', '2019-03-26 10:26:16'),
       (69491, 4937, 'F', '2019-03-26 10:26:16'),
       (69522, 4937, 'F', '2019-03-26 10:26:16'),
       (69523, 4937, 'F', '2019-03-26 10:26:16'),
       (69462, 4937, 'F', '2019-03-26 10:26:16'),
       (69524, 4937, 'F', '2019-03-26 10:26:16'),
       (69528, 4937, 'F', '2019-03-26 10:26:16'),
       (69463, 4937, 'F', '2019-03-26 10:26:16'),
       (69464, 4937, 'F', '2019-03-26 10:26:16'),
       (69502, 4937, 'F', '2019-03-26 10:26:16'),
       (69501, 4937, 'F', '2019-03-26 10:26:16'),
       (69493, 4937, 'F', '2019-03-26 10:26:16'),
       (69495, 4937, 'F', '2019-03-26 10:26:16'),
       (69525, 4937, 'F', '2019-03-26 10:26:16'),
       (69526, 4937, 'F', '2019-03-26 10:26:16'),
       (69527, 4937, 'F', '2019-03-26 10:26:16'),
       (69482, 4937, 'F', '2019-03-26 10:26:16'),
       (69499, 4937, 'F', '2019-03-26 10:26:16'),
       (69367, 5, 'F', '2009-06-30 05:58:04'),
       (69368, 5, 'F', '2009-06-30 05:58:04'),
       (69369, 5, 'F', '2009-06-30 05:58:04'),
       (69370, 5, 'F', '2009-06-30 05:58:04'),
       (69371, 5, 'F', '2009-06-30 05:58:04'),
       (69372, 5, 'F', '2009-06-30 05:58:04'),
       (69373, 5, 'F', '2009-06-30 05:58:04'),
       (69374, 5, 'F', '2009-06-30 05:58:04'),
       (69375, 5, 'F', '2009-06-30 05:58:04'),
       (69376, 5, 'F', '2009-06-30 05:58:04'),
       (69377, 5, 'F', '2009-06-30 05:58:04'),
       (69378, 5, 'F', '2009-06-30 05:58:04'),
       (69379, 5, 'F', '2009-06-30 05:58:04'),
       (69380, 5, 'F', '2009-06-30 05:58:04'),
       (69381, 5, 'F', '2009-06-30 05:58:04'),
       (69382, 5, 'F', '2009-06-30 05:58:04'),
       (69383, 5, 'F', '2009-06-30 05:58:04'),
       (69384, 5, 'F', '2009-06-30 05:58:04'),
       (69385, 5, 'F', '2009-06-30 05:58:04'),
       (69386, 5, 'F', '2009-06-30 05:58:04'),
       (69387, 5, 'F', '2009-06-30 05:58:04'),
       (69388, 5, 'F', '2009-06-30 05:58:04'),
       (69389, 5, 'F', '2009-06-30 05:58:04'),
       (69390, 5, 'F', '2009-06-30 05:58:04'),
       (69391, 5, 'F', '2009-06-30 05:58:04'),
       (69392, 5, 'F', '2009-06-30 05:58:04'),
       (69393, 5, 'F', '2009-06-30 05:58:04'),
       (69394, 5, 'F', '2009-06-30 05:58:04'),
       (69395, 5, 'F', '2009-06-30 05:58:04'),
       (69396, 5, 'F', '2009-06-30 05:58:04'),
       (69397, 5, 'F', '2009-06-30 05:58:04'),
       (69398, 5, 'F', '2009-06-30 05:58:04'),
       (69399, 5, 'F', '2009-06-30 05:58:04'),
       (69400, 5, 'F', '2009-06-30 05:58:04'),
       (69401, 5, 'F', '2009-06-30 05:58:04'),
       (69402, 5, 'F', '2009-06-30 05:58:04'),
       (69403, 5, 'F', '2009-06-30 05:58:04'),
       (69404, 5, 'F', '2009-06-30 05:58:04'),
       (69405, 5, 'F', '2009-06-30 05:58:04'),
       (69406, 5, 'F', '2009-06-30 05:58:04'),
       (69407, 5, 'F', '2009-06-30 05:58:04'),
       (69408, 5, 'F', '2009-06-30 05:58:04'),
       (69409, 5, 'F', '2009-06-30 05:58:04'),
       (69410, 5, 'F', '2009-06-30 05:58:04'),
       (69411, 5, 'F', '2009-06-30 05:58:04'),
       (69412, 5, 'F', '2009-06-30 05:58:04'),
       (69413, 5, 'F', '2009-06-30 05:58:04'),
       (69414, 5, 'F', '2009-06-30 05:58:04'),
       (69415, 5, 'F', '2009-06-30 05:58:04'),
       (69416, 5, 'F', '2009-06-30 05:58:04'),
       (69417, 5, 'F', '2009-06-30 05:58:04'),
       (69418, 5, 'F', '2009-06-30 05:58:04'),
       (69419, 5, 'F', '2009-06-30 05:58:04'),
       (69420, 5, 'F', '2009-06-30 05:58:04'),
       (69421, 5, 'F', '2009-06-30 05:58:04'),
       (69422, 5, 'F', '2009-06-30 05:58:04'),
       (69423, 5, 'F', '2009-06-30 05:58:04'),
       (69424, 5, 'F', '2009-06-30 05:58:04'),
       (69425, 5, 'F', '2009-06-30 05:58:04'),
       (69426, 5, 'F', '2009-06-30 05:58:04'),
       (69427, 5, 'F', '2009-06-30 05:58:04'),
       (69428, 5, 'F', '2009-06-30 05:58:04'),
       (69429, 5, 'F', '2009-06-30 05:58:04'),
       (69430, 5, 'F', '2009-06-30 05:58:04'),
       (69431, 5, 'F', '2009-06-30 05:58:04'),
       (69432, 5, 'F', '2009-06-30 05:58:04'),
       (69433, 5, 'F', '2009-06-30 05:58:04'),
       (69434, 5, 'F', '2009-06-30 05:58:04'),
       (69435, 5, 'F', '2009-06-30 05:58:04'),
       (69436, 5, 'F', '2009-06-30 05:58:04'),
       (69437, 5, 'F', '2009-06-30 05:58:04'),
       (69438, 5, 'F', '2009-06-30 05:58:04'),
       (69439, 5, 'F', '2009-06-30 05:58:04'),
       (69440, 5, 'F', '2009-06-30 05:58:04'),
       (69441, 5, 'F', '2009-06-30 05:58:04'),
       (69442, 5, 'F', '2009-06-30 05:58:04'),
       (69443, 5, 'F', '2009-06-30 05:58:04'),
       (69444, 5, 'F', '2009-06-30 05:58:04'),
       (69445, 5, 'F', '2009-06-30 05:58:04'),
       (69446, 5, 'F', '2009-06-30 05:58:04'),
       (69447, 5, 'F', '2009-06-30 05:58:04');

-- --------------------------------------------------------

--
-- Table structure for table `client_form_field_access`
--

CREATE TABLE `client_form_field_access`
(
    `access_id`      int(11) UNSIGNED NOT NULL,
    `role_id`        int(11)                   DEFAULT NULL,
    `field_id`       int(11) UNSIGNED          DEFAULT NULL,
    `client_type_id` int(11) UNSIGNED          DEFAULT NULL,
    `status`         enum ('R','F')   NOT NULL DEFAULT 'R' COMMENT 'R=read only, F=full access'
) ENGINE = InnoDB
  DEFAULT CHARSET = utf8 COMMENT ='Identifies if specific role has access to specific case''s field. If there is no record here - role has not access to the field. Because the same field can be used in different case types - case type id is used here too.';

--
-- Dumping data for table `client_form_field_access`
--

INSERT INTO `client_form_field_access` (`access_id`, `role_id`, `field_id`, `client_type_id`, `status`)
VALUES (818527, 5, 69367, 1123, 'F'),
       (818528, 5, 69367, 1124, 'F'),
       (818529, 5, 69368, 1123, 'F'),
       (818530, 5, 69368, 1124, 'F'),
       (818531, 5, 69369, 1123, 'F'),
       (818532, 5, 69369, 1124, 'F'),
       (818533, 5, 69370, 1123, 'F'),
       (818534, 5, 69370, 1124, 'F'),
       (818535, 5, 69371, 1123, 'F'),
       (818536, 5, 69371, 1124, 'F'),
       (818537, 5, 69372, 1123, 'F'),
       (818538, 5, 69372, 1124, 'F'),
       (818539, 5, 69373, 1123, 'F'),
       (818540, 5, 69373, 1124, 'F'),
       (818541, 5, 69374, 1123, 'F'),
       (818542, 5, 69374, 1124, 'F'),
       (818543, 5, 69375, 1123, 'F'),
       (818544, 5, 69375, 1124, 'F'),
       (818545, 5, 69376, 1123, 'F'),
       (818546, 5, 69376, 1124, 'F'),
       (818547, 5, 69377, 1123, 'F'),
       (818548, 5, 69377, 1124, 'F'),
       (818549, 5, 69378, 1123, 'F'),
       (818550, 5, 69378, 1124, 'F'),
       (818551, 5, 69379, 1123, 'F'),
       (818552, 5, 69379, 1124, 'F'),
       (818553, 5, 69380, 1123, 'F'),
       (818554, 5, 69380, 1124, 'F'),
       (818555, 5, 69381, 1123, 'F'),
       (818556, 5, 69381, 1124, 'F'),
       (818557, 5, 69382, 1123, 'F'),
       (818558, 5, 69382, 1124, 'F'),
       (818559, 5, 69383, 1123, 'F'),
       (818560, 5, 69383, 1124, 'F'),
       (818561, 5, 69384, 1123, 'F'),
       (818562, 5, 69384, 1124, 'F'),
       (818563, 5, 69385, 1123, 'F'),
       (818564, 5, 69385, 1124, 'F'),
       (818565, 5, 69386, 1123, 'F'),
       (818566, 5, 69386, 1124, 'F'),
       (818567, 5, 69387, 1123, 'F'),
       (818568, 5, 69387, 1124, 'F'),
       (818569, 5, 69388, 1123, 'F'),
       (818570, 5, 69388, 1124, 'F'),
       (818571, 5, 69389, 1123, 'F'),
       (818572, 5, 69389, 1124, 'F'),
       (818573, 5, 69390, 1123, 'F'),
       (818574, 5, 69390, 1124, 'F'),
       (818575, 5, 69391, 1123, 'F'),
       (818576, 5, 69391, 1124, 'F'),
       (818577, 5, 69392, 1123, 'F'),
       (818578, 5, 69392, 1124, 'F'),
       (818579, 5, 69393, 1123, 'F'),
       (818580, 5, 69393, 1124, 'F'),
       (818581, 5, 69394, 1123, 'F'),
       (818582, 5, 69394, 1124, 'F'),
       (818583, 5, 69395, 1123, 'F'),
       (818584, 5, 69395, 1124, 'F'),
       (818585, 5, 69396, 1123, 'F'),
       (818586, 5, 69396, 1124, 'F'),
       (818587, 5, 69397, 1123, 'F'),
       (818588, 5, 69397, 1124, 'F'),
       (818589, 5, 69398, 1123, 'F'),
       (818590, 5, 69398, 1124, 'F'),
       (818591, 5, 69399, 1123, 'F'),
       (818592, 5, 69399, 1124, 'F'),
       (818593, 5, 69400, 1123, 'F'),
       (818594, 5, 69400, 1124, 'F'),
       (818595, 5, 69401, 1123, 'F'),
       (818596, 5, 69401, 1124, 'F'),
       (818597, 5, 69402, 1123, 'F'),
       (818598, 5, 69402, 1124, 'F'),
       (818599, 5, 69403, 1123, 'F'),
       (818600, 5, 69403, 1124, 'F'),
       (818601, 5, 69404, 1123, 'F'),
       (818602, 5, 69404, 1124, 'F'),
       (818603, 5, 69405, 1123, 'F'),
       (818604, 5, 69405, 1124, 'F'),
       (818605, 5, 69406, 1123, 'F'),
       (818606, 5, 69406, 1124, 'F'),
       (818607, 5, 69407, 1123, 'F'),
       (818608, 5, 69407, 1124, 'F'),
       (818609, 5, 69408, 1123, 'F'),
       (818610, 5, 69408, 1124, 'F'),
       (818611, 5, 69409, 1123, 'F'),
       (818612, 5, 69409, 1124, 'F'),
       (818613, 5, 69410, 1123, 'F'),
       (818614, 5, 69410, 1124, 'F'),
       (818615, 5, 69411, 1123, 'F'),
       (818616, 5, 69411, 1124, 'F'),
       (818617, 5, 69412, 1123, 'F'),
       (818618, 5, 69412, 1124, 'F'),
       (818619, 5, 69413, 1123, 'F'),
       (818620, 5, 69413, 1124, 'F'),
       (818621, 5, 69414, 1123, 'F'),
       (818622, 5, 69414, 1124, 'F'),
       (818623, 5, 69415, 1123, 'F'),
       (818624, 5, 69415, 1124, 'F'),
       (818625, 5, 69416, 1123, 'F'),
       (818626, 5, 69416, 1124, 'F'),
       (818627, 5, 69417, 1123, 'F'),
       (818628, 5, 69417, 1124, 'F'),
       (818629, 5, 69418, 1123, 'F'),
       (818630, 5, 69418, 1124, 'F'),
       (818631, 5, 69419, 1123, 'F'),
       (818632, 5, 69419, 1124, 'F'),
       (818633, 5, 69420, 1123, 'F'),
       (818634, 5, 69420, 1124, 'F'),
       (818635, 5, 69421, 1123, 'F'),
       (818636, 5, 69421, 1124, 'F'),
       (818637, 5, 69422, 1123, 'F'),
       (818638, 5, 69422, 1124, 'F'),
       (818639, 5, 69423, 1123, 'F'),
       (818640, 5, 69423, 1124, 'F'),
       (818641, 5, 69424, 1123, 'F'),
       (818642, 5, 69424, 1124, 'F'),
       (818643, 5, 69425, 1123, 'F'),
       (818644, 5, 69425, 1124, 'F'),
       (818645, 5, 69426, 1123, 'F'),
       (818646, 5, 69426, 1124, 'F'),
       (818647, 5, 69427, 1123, 'F'),
       (818648, 5, 69427, 1124, 'F'),
       (818649, 5, 69428, 1123, 'F'),
       (818650, 5, 69428, 1124, 'F'),
       (818651, 5, 69429, 1123, 'F'),
       (818652, 5, 69429, 1124, 'F'),
       (818653, 5, 69430, 1123, 'F'),
       (818654, 5, 69430, 1124, 'F'),
       (818655, 5, 69431, 1123, 'F'),
       (818656, 5, 69431, 1124, 'F'),
       (818657, 5, 69432, 1123, 'F'),
       (818658, 5, 69432, 1124, 'F'),
       (818659, 5, 69433, 1123, 'F'),
       (818660, 5, 69433, 1124, 'F'),
       (818661, 5, 69434, 1123, 'F'),
       (818662, 5, 69434, 1124, 'F'),
       (818663, 5, 69435, 1123, 'F'),
       (818664, 5, 69435, 1124, 'F'),
       (818665, 5, 69436, 1123, 'F'),
       (818666, 5, 69436, 1124, 'F'),
       (818667, 5, 69437, 1123, 'F'),
       (818668, 5, 69437, 1124, 'F'),
       (818669, 5, 69438, 1123, 'F'),
       (818670, 5, 69438, 1124, 'F'),
       (818671, 5, 69439, 1123, 'F'),
       (818672, 5, 69439, 1124, 'F'),
       (818673, 5, 69440, 1123, 'F'),
       (818674, 5, 69440, 1124, 'F'),
       (818675, 5, 69441, 1123, 'F'),
       (818676, 5, 69441, 1124, 'F'),
       (818677, 5, 69442, 1123, 'F'),
       (818678, 5, 69442, 1124, 'F'),
       (818679, 5, 69443, 1123, 'F'),
       (818680, 5, 69443, 1124, 'F'),
       (818681, 5, 69444, 1123, 'F'),
       (818682, 5, 69444, 1124, 'F'),
       (818683, 5, 69445, 1123, 'F'),
       (818684, 5, 69445, 1124, 'F'),
       (818685, 5, 69446, 1123, 'F'),
       (818686, 5, 69446, 1124, 'F'),
       (818687, 5, 69447, 1123, 'F'),
       (818688, 5, 69447, 1124, 'F'),
       (820845, 4937, 69449, 1125, 'R'),
       (820846, 4937, 69449, 1126, 'R'),
       (820847, 4937, 69448, 1126, 'F'),
       (820848, 4937, 69450, 1126, 'F'),
       (820849, 4937, 69451, 1126, 'F'),
       (820850, 4937, 69505, 1126, 'F'),
       (820851, 4937, 69506, 1126, 'F'),
       (820852, 4937, 69471, 1126, 'F'),
       (820853, 4937, 69507, 1126, 'F'),
       (820854, 4937, 69509, 1126, 'F'),
       (820855, 4937, 69510, 1126, 'F'),
       (820856, 4937, 69511, 1126, 'F'),
       (820857, 4937, 69512, 1126, 'F'),
       (820858, 4937, 69513, 1126, 'F'),
       (820859, 4937, 69514, 1126, 'F'),
       (820860, 4937, 69515, 1126, 'F'),
       (820861, 4937, 69516, 1126, 'F'),
       (820862, 4937, 69517, 1126, 'F'),
       (820863, 4937, 69518, 1126, 'F'),
       (820864, 4937, 69519, 1126, 'F'),
       (820865, 4937, 69520, 1126, 'F'),
       (820866, 4937, 69521, 1126, 'F'),
       (820867, 4937, 69503, 1126, 'F'),
       (820868, 4937, 69460, 1126, 'F'),
       (820869, 4937, 69461, 1126, 'F'),
       (820870, 4937, 69491, 1126, 'F'),
       (820871, 4937, 69522, 1126, 'F'),
       (820872, 4937, 69523, 1126, 'F'),
       (820873, 4937, 69462, 1126, 'F'),
       (820874, 4937, 69524, 1126, 'F'),
       (820875, 4937, 69528, 1126, 'F'),
       (820876, 4937, 69463, 1126, 'F'),
       (820877, 4937, 69464, 1126, 'F'),
       (820878, 4937, 69502, 1126, 'F'),
       (820879, 4937, 69501, 1126, 'F'),
       (820880, 4937, 69493, 1126, 'F'),
       (820881, 4937, 69495, 1126, 'F'),
       (820882, 4937, 69525, 1126, 'F'),
       (820883, 4937, 69526, 1126, 'F'),
       (820884, 4937, 69527, 1126, 'F'),
       (820885, 4937, 69482, 1126, 'F'),
       (820886, 4937, 69499, 1126, 'F'),
       (821287, 4941, 69448, 1125, 'F'),
       (821288, 4941, 69449, 1125, 'F'),
       (821289, 4941, 69450, 1125, 'F'),
       (821290, 4941, 69451, 1125, 'F'),
       (821291, 4941, 69452, 1125, 'F'),
       (821292, 4941, 69453, 1125, 'F'),
       (821293, 4941, 69532, 1125, 'F'),
       (821294, 4941, 69455, 1125, 'F'),
       (821295, 4941, 69533, 1125, 'F'),
       (821296, 4941, 69456, 1125, 'F'),
       (821297, 4941, 69457, 1125, 'F'),
       (821298, 4941, 69458, 1125, 'F'),
       (821299, 4941, 69465, 1125, 'F'),
       (821300, 4941, 69473, 1125, 'F'),
       (821301, 4941, 69466, 1125, 'F'),
       (821302, 4941, 69467, 1125, 'F'),
       (821303, 4941, 69469, 1125, 'F'),
       (821304, 4941, 69474, 1125, 'F'),
       (821305, 4941, 69470, 1125, 'F'),
       (821306, 4941, 69471, 1125, 'F'),
       (821307, 4941, 69472, 1125, 'F'),
       (821308, 4941, 69530, 1125, 'F'),
       (821309, 4941, 69531, 1125, 'F'),
       (821310, 4941, 69529, 1125, 'F'),
       (821311, 4941, 69477, 1125, 'F'),
       (821312, 4941, 69478, 1125, 'F'),
       (821313, 4941, 69494, 1125, 'F'),
       (821314, 4941, 69484, 1125, 'F'),
       (821315, 4941, 69490, 1125, 'F'),
       (821316, 4941, 69485, 1125, 'F'),
       (821317, 4941, 69487, 1125, 'F'),
       (821318, 4941, 69488, 1125, 'F'),
       (821319, 4941, 69481, 1125, 'F'),
       (821320, 4941, 69501, 1125, 'F'),
       (821321, 4941, 69495, 1125, 'F'),
       (821322, 4941, 69493, 1125, 'F'),
       (821323, 4941, 69479, 1125, 'F'),
       (821324, 4941, 69480, 1125, 'F'),
       (821325, 4941, 69503, 1125, 'F'),
       (821326, 4941, 69448, 1126, 'F'),
       (821327, 4941, 69449, 1126, 'F'),
       (821328, 4941, 69450, 1126, 'F'),
       (821329, 4941, 69451, 1126, 'F'),
       (821330, 4941, 69505, 1126, 'F'),
       (821331, 4941, 69506, 1126, 'F'),
       (821332, 4941, 69471, 1126, 'F'),
       (821333, 4941, 69507, 1126, 'F'),
       (821334, 4941, 69509, 1126, 'F'),
       (821335, 4941, 69510, 1126, 'F'),
       (821336, 4941, 69511, 1126, 'F'),
       (821337, 4941, 69512, 1126, 'F'),
       (821338, 4941, 69513, 1126, 'F'),
       (821339, 4941, 69514, 1126, 'F'),
       (821340, 4941, 69515, 1126, 'F'),
       (821341, 4941, 69516, 1126, 'F'),
       (821342, 4941, 69517, 1126, 'F'),
       (821343, 4941, 69518, 1126, 'F'),
       (821344, 4941, 69519, 1126, 'F'),
       (821345, 4941, 69520, 1126, 'F'),
       (821346, 4941, 69521, 1126, 'F'),
       (821347, 4941, 69503, 1126, 'F'),
       (821348, 4941, 69460, 1126, 'F'),
       (821349, 4941, 69461, 1126, 'F'),
       (821350, 4941, 69491, 1126, 'F'),
       (821351, 4941, 69522, 1126, 'F'),
       (821352, 4941, 69523, 1126, 'F'),
       (821353, 4941, 69462, 1126, 'F'),
       (821354, 4941, 69524, 1126, 'F'),
       (821355, 4941, 69528, 1126, 'F'),
       (821356, 4941, 69463, 1126, 'F'),
       (821357, 4941, 69464, 1126, 'F'),
       (821358, 4941, 69502, 1126, 'F'),
       (821359, 4941, 69501, 1126, 'F'),
       (821360, 4941, 69493, 1126, 'F'),
       (821361, 4941, 69495, 1126, 'F'),
       (821362, 4941, 69525, 1126, 'F'),
       (821363, 4941, 69526, 1126, 'F'),
       (821364, 4941, 69527, 1126, 'F'),
       (821365, 4941, 69482, 1126, 'F'),
       (821366, 4941, 69499, 1126, 'F'),
       (821407, 4936, 69449, 1125, 'R'),
       (821408, 4936, 69449, 1126, 'R'),
       (821409, 4936, 69448, 1125, 'F'),
       (821410, 4936, 69450, 1125, 'F'),
       (821411, 4936, 69451, 1125, 'F'),
       (821412, 4936, 69452, 1125, 'F'),
       (821413, 4936, 69453, 1125, 'F'),
       (821414, 4936, 69532, 1125, 'F'),
       (821415, 4936, 69455, 1125, 'F'),
       (821416, 4936, 69533, 1125, 'F'),
       (821417, 4936, 69456, 1125, 'F'),
       (821418, 4936, 69457, 1125, 'F'),
       (821419, 4936, 69458, 1125, 'F'),
       (821420, 4936, 69465, 1125, 'F'),
       (821421, 4936, 69473, 1125, 'F'),
       (821422, 4936, 69466, 1125, 'F'),
       (821423, 4936, 69467, 1125, 'F'),
       (821424, 4936, 69469, 1125, 'F'),
       (821425, 4936, 69474, 1125, 'F'),
       (821426, 4936, 69470, 1125, 'F'),
       (821427, 4936, 69471, 1125, 'F'),
       (821428, 4936, 69472, 1125, 'F'),
       (821429, 4936, 69530, 1125, 'F'),
       (821430, 4936, 69531, 1125, 'F'),
       (821431, 4936, 69529, 1125, 'F'),
       (821432, 4936, 69477, 1125, 'F'),
       (821433, 4936, 69478, 1125, 'F'),
       (821434, 4936, 69494, 1125, 'F'),
       (821435, 4936, 69484, 1125, 'F'),
       (821436, 4936, 69490, 1125, 'F'),
       (821437, 4936, 69485, 1125, 'F'),
       (821438, 4936, 69487, 1125, 'F'),
       (821439, 4936, 69488, 1125, 'F'),
       (821440, 4936, 69481, 1125, 'F'),
       (821441, 4936, 69501, 1125, 'F'),
       (821442, 4936, 69495, 1125, 'F'),
       (821443, 4936, 69493, 1125, 'F'),
       (821444, 4936, 69479, 1125, 'F'),
       (821445, 4936, 69480, 1125, 'F'),
       (821446, 4936, 69503, 1125, 'F'),
       (821606, 4932, 69449, 1125, 'R'),
       (821607, 4932, 69449, 1126, 'R'),
       (821608, 4932, 69448, 1125, 'F'),
       (821609, 4932, 69450, 1125, 'F'),
       (821610, 4932, 69451, 1125, 'F'),
       (821611, 4932, 69452, 1125, 'F'),
       (821612, 4932, 69453, 1125, 'F'),
       (821613, 4932, 69532, 1125, 'F'),
       (821614, 4932, 69455, 1125, 'F'),
       (821615, 4932, 69533, 1125, 'F'),
       (821616, 4932, 69456, 1125, 'F'),
       (821617, 4932, 69457, 1125, 'F'),
       (821618, 4932, 69458, 1125, 'F'),
       (821619, 4932, 69465, 1125, 'F'),
       (821620, 4932, 69473, 1125, 'F'),
       (821621, 4932, 69466, 1125, 'F'),
       (821622, 4932, 69467, 1125, 'F'),
       (821623, 4932, 69469, 1125, 'F'),
       (821624, 4932, 69474, 1125, 'F'),
       (821625, 4932, 69470, 1125, 'F'),
       (821626, 4932, 69471, 1125, 'F'),
       (821627, 4932, 69472, 1125, 'F'),
       (821628, 4932, 69530, 1125, 'F'),
       (821629, 4932, 69531, 1125, 'F'),
       (821630, 4932, 69529, 1125, 'F'),
       (821631, 4932, 69477, 1125, 'F'),
       (821632, 4932, 69478, 1125, 'F'),
       (821633, 4932, 69494, 1125, 'F'),
       (821634, 4932, 69484, 1125, 'F'),
       (821635, 4932, 69490, 1125, 'F'),
       (821636, 4932, 69485, 1125, 'F'),
       (821637, 4932, 69487, 1125, 'F'),
       (821638, 4932, 69488, 1125, 'F'),
       (821639, 4932, 69481, 1125, 'F'),
       (821640, 4932, 69501, 1125, 'F'),
       (821641, 4932, 69495, 1125, 'F'),
       (821642, 4932, 69493, 1125, 'F'),
       (821643, 4932, 69479, 1125, 'F'),
       (821644, 4932, 69480, 1125, 'F'),
       (821645, 4932, 69503, 1125, 'F'),
       (821646, 4932, 69448, 1126, 'F'),
       (821647, 4932, 69450, 1126, 'F'),
       (821648, 4932, 69451, 1126, 'F'),
       (821649, 4932, 69505, 1126, 'F'),
       (821650, 4932, 69506, 1126, 'F'),
       (821651, 4932, 69471, 1126, 'F'),
       (821652, 4932, 69509, 1126, 'F'),
       (821653, 4932, 69510, 1126, 'F'),
       (821654, 4932, 69511, 1126, 'F'),
       (821655, 4932, 69512, 1126, 'F'),
       (821656, 4932, 69513, 1126, 'F'),
       (821657, 4932, 69514, 1126, 'F'),
       (821658, 4932, 69515, 1126, 'F'),
       (821659, 4932, 69516, 1126, 'F'),
       (821660, 4932, 69517, 1126, 'F'),
       (821661, 4932, 69518, 1126, 'F'),
       (821662, 4932, 69519, 1126, 'F'),
       (821663, 4932, 69520, 1126, 'F'),
       (821664, 4932, 69521, 1126, 'F'),
       (821665, 4932, 69503, 1126, 'F'),
       (821666, 4932, 69460, 1126, 'F'),
       (821667, 4932, 69461, 1126, 'F'),
       (821668, 4932, 69491, 1126, 'F'),
       (821669, 4932, 69522, 1126, 'F'),
       (821670, 4932, 69523, 1126, 'F'),
       (821671, 4932, 69462, 1126, 'F'),
       (821672, 4932, 69524, 1126, 'F'),
       (821673, 4932, 69528, 1126, 'F'),
       (821674, 4932, 69463, 1126, 'F'),
       (821675, 4932, 69464, 1126, 'F'),
       (821676, 4932, 69502, 1126, 'F'),
       (821677, 4932, 69501, 1126, 'F'),
       (821678, 4932, 69493, 1126, 'F'),
       (821679, 4932, 69495, 1126, 'F'),
       (821680, 4932, 69525, 1126, 'F'),
       (821681, 4932, 69526, 1126, 'F'),
       (821682, 4932, 69527, 1126, 'F'),
       (821683, 4932, 69482, 1126, 'F'),
       (821684, 4932, 69499, 1126, 'F');

-- --------------------------------------------------------

--
-- Table structure for table `client_form_field_conditions`
--

CREATE TABLE `client_form_field_conditions`
(
    `field_condition_id` bigint(20) UNSIGNED NOT NULL,
    `client_type_id`     int(11) UNSIGNED    NOT NULL,
    `field_id`           int(11) UNSIGNED    NOT NULL,
    `field_option_id`    int(11) UNSIGNED DEFAULT NULL,
    `field_option_value` varchar(128)     DEFAULT ''
) ENGINE = InnoDB
  DEFAULT CHARSET = utf8 COMMENT ='List of conditions that will be checked for the related field';

-- --------------------------------------------------------

--
-- Table structure for table `client_form_field_condition_hidden_fields`
--

CREATE TABLE `client_form_field_condition_hidden_fields`
(
    `field_condition_id` bigint(20) UNSIGNED NOT NULL,
    `field_id`           int(11) UNSIGNED    NOT NULL
) ENGINE = InnoDB
  DEFAULT CHARSET = utf8 COMMENT ='List of fields that will be hidden if related field condition will be due';

-- --------------------------------------------------------

--
-- Table structure for table `client_form_field_condition_hidden_groups`
--

CREATE TABLE `client_form_field_condition_hidden_groups`
(
    `field_condition_id` bigint(20) UNSIGNED NOT NULL,
    `group_id`           int(11) UNSIGNED    NOT NULL
) ENGINE = InnoDB
  DEFAULT CHARSET = utf8 COMMENT ='List of groups (and all inner fields) that will be hidden if related field condition will be due';

-- --------------------------------------------------------

--
-- Table structure for table `client_form_groups`
--

CREATE TABLE `client_form_groups`
(
    `group_id`       int(11) UNSIGNED NOT NULL,
    `company_id`     bigint(20)                DEFAULT NULL,
    `client_type_id` int(11) UNSIGNED          DEFAULT NULL,
    `title`          varchar(255)              DEFAULT NULL,
    `order`          int(11) UNSIGNED          DEFAULT NULL,
    `cols_count`     int(1) UNSIGNED  NOT NULL DEFAULT '3',
    `collapsed`      enum ('Y','N')   NOT NULL DEFAULT 'Y',
    `regTime`        int(11) UNSIGNED NOT NULL DEFAULT '0',
    `assigned`       enum ('A','U')            DEFAULT 'U'
) ENGINE = InnoDB
  DEFAULT CHARSET = utf8 COMMENT ='List of fields groups related to specific case types are described here.';

--
-- Dumping data for table `client_form_groups`
--

INSERT INTO `client_form_groups` (`group_id`, `company_id`, `client_type_id`, `title`, `order`, `cols_count`,
                                  `collapsed`, `regTime`, `assigned`)
VALUES (9948, 0, 1123, 'Not Assigned', 100, 3, 'Y', 1559147515, 'U'),
       (9949, 0, 1123, 'Case Details', 0, 4, 'N', 1559147515, 'A'),
       (9950, 0, 1123, 'Assessment Details', 1, 4, 'N', 1559147515, 'A'),
       (9951, 0, 1123, 'Nomination Details', 2, 4, 'N', 1559147515, 'A'),
       (9952, 0, 1123, 'Denied or Review Details', 3, 4, 'N', 1559147515, 'A'),
       (9953, 0, 1124, 'Not Assigned', 100, 3, 'Y', 1559147515, 'U'),
       (9954, 0, 1124, 'Case Details', 0, 4, 'N', 1559147515, 'A'),
       (9955, 0, 1124, 'Assessment Details', 1, 4, 'N', 1559147515, 'A'),
       (9956, 0, 1124, 'Job Information', 2, 4, 'N', 1559147515, 'A'),
       (9957, 0, 1124, 'Nomination Details', 3, 4, 'N', 1559147515, 'A'),
       (9958, 2, 1125, 'Not Assigned', 100, 3, 'Y', 1559147517, 'U'),
       (9959, 2, 1125, 'Case Details', 0, 4, 'N', 1559147517, 'A'),
       (9960, 2, 1125, 'Assessment Details', 1, 4, 'N', 1559147517, 'A'),
       (9961, 2, 1125, 'Nomination Details', 2, 4, 'N', 1559147517, 'A'),
       (9962, 2, 1125, 'Denied or Review Details', 3, 4, 'N', 1559147517, 'A'),
       (9963, 2, 1126, 'Not Assigned', 100, 3, 'Y', 1559147517, 'U'),
       (9964, 2, 1126, 'Case Details', 0, 4, 'N', 1559147517, 'A'),
       (9965, 2, 1126, 'Assessment Details', 1, 4, 'N', 1559147517, 'A'),
       (9966, 2, 1126, 'Job Information', 2, 4, 'N', 1559147517, 'A'),
       (9967, 2, 1126, 'Nomination Details', 3, 4, 'N', 1559147517, 'A');

-- --------------------------------------------------------

--
-- Table structure for table `client_form_group_access`
--

CREATE TABLE `client_form_group_access`
(
    `access_id` int(11) UNSIGNED NOT NULL,
    `role_id`   int(11)          DEFAULT NULL,
    `group_id`  int(11) UNSIGNED DEFAULT NULL,
    `status`    enum ('R','F')   DEFAULT NULL
) ENGINE = InnoDB
  DEFAULT CHARSET = utf8 COMMENT ='Identifies if specific role has access to specific case''s group. If there is no record here - role has not access to the group.';

--
-- Dumping data for table `client_form_group_access`
--

INSERT INTO `client_form_group_access` (`access_id`, `role_id`, `group_id`, `status`)
VALUES (46224, 5, 9949, 'F'),
       (46225, 5, 9950, 'F'),
       (46226, 5, 9951, 'F'),
       (46227, 5, 9952, 'F'),
       (46228, 5, 9954, 'F'),
       (46229, 5, 9955, 'F'),
       (46230, 5, 9956, 'F'),
       (46231, 5, 9957, 'F'),
       (46232, 4932, 9959, 'F'),
       (46233, 4932, 9960, 'F'),
       (46234, 4932, 9961, 'F'),
       (46235, 4932, 9962, 'F'),
       (46236, 4932, 9964, 'F'),
       (46237, 4932, 9965, 'F'),
       (46238, 4932, 9966, 'F'),
       (46239, 4932, 9967, 'F'),
       (46240, 4941, 9959, 'F'),
       (46241, 4941, 9964, 'F'),
       (46242, 4941, 9960, 'F'),
       (46243, 4941, 9965, 'F'),
       (46244, 4941, 9961, 'F'),
       (46245, 4941, 9966, 'F'),
       (46246, 4941, 9962, 'F'),
       (46247, 4941, 9967, 'F'),
       (46248, 4937, 9959, 'F'),
       (46249, 4937, 9964, 'F'),
       (46250, 4937, 9960, 'F'),
       (46251, 4937, 9965, 'F'),
       (46252, 4937, 9961, 'F'),
       (46253, 4937, 9966, 'F'),
       (46254, 4937, 9962, 'F'),
       (46255, 4937, 9967, 'F'),
       (46256, 4936, 9959, 'F'),
       (46257, 4936, 9964, 'F'),
       (46258, 4936, 9960, 'F'),
       (46259, 4936, 9965, 'F'),
       (46260, 4936, 9961, 'F'),
       (46261, 4936, 9966, 'F'),
       (46262, 4936, 9962, 'F'),
       (46263, 4936, 9967, 'F'),
       (46264, 4942, 9959, 'F'),
       (46265, 4942, 9964, 'F'),
       (46266, 4942, 9960, 'F'),
       (46267, 4942, 9965, 'F'),
       (46268, 4942, 9961, 'F'),
       (46269, 4942, 9966, 'F'),
       (46270, 4942, 9962, 'F'),
       (46271, 4942, 9967, 'F');

-- --------------------------------------------------------

--
-- Table structure for table `client_form_order`
--

CREATE TABLE `client_form_order`
(
    `order_id`     int(11) UNSIGNED NOT NULL,
    `group_id`     int(11) UNSIGNED          DEFAULT NULL,
    `field_id`     int(11) UNSIGNED          DEFAULT NULL,
    `use_full_row` enum ('Y','N')   NOT NULL DEFAULT 'N',
    `field_order`  int(3) UNSIGNED  NOT NULL DEFAULT '1'
) ENGINE = InnoDB
  DEFAULT CHARSET = utf8 COMMENT ='Each field can be placed in specific group and can be showed in the Case''s profile. If field is placed in the group that is "unassigned" - field is not showed in the Case''s profile.';

--
-- Dumping data for table `client_form_order`
--

INSERT INTO `client_form_order` (`order_id`, `group_id`, `field_id`, `use_full_row`, `field_order`)
VALUES (135168, 9949, 69367, 'N', 1),
       (135169, 9949, 69368, 'N', 2),
       (135170, 9949, 69369, 'N', 3),
       (135171, 9949, 69370, 'N', 4),
       (135172, 9949, 69371, 'N', 5),
       (135173, 9949, 69372, 'N', 6),
       (135174, 9949, 69373, 'N', 7),
       (135175, 9949, 69374, 'N', 8),
       (135176, 9949, 69375, 'Y', 9),
       (135177, 9949, 69376, 'N', 10),
       (135178, 9949, 69377, 'N', 11),
       (135179, 9949, 69384, 'N', 12),
       (135180, 9949, 69385, 'N', 13),
       (135181, 9949, 69386, 'N', 14),
       (135182, 9949, 69387, 'N', 15),
       (135183, 9949, 69388, 'N', 16),
       (135184, 9949, 69389, 'Y', 17),
       (135185, 9949, 69390, 'N', 18),
       (135186, 9949, 69391, 'N', 19),
       (135187, 9949, 69392, 'N', 20),
       (135188, 9949, 69393, 'N', 21),
       (135189, 9949, 69394, 'N', 22),
       (135190, 9949, 69395, 'N', 23),
       (135191, 9949, 69396, 'N', 24),
       (135192, 9949, 69397, 'N', 25),
       (135193, 9949, 69413, 'N', 26),
       (135194, 9950, 69403, 'N', 1),
       (135195, 9950, 69409, 'N', 2),
       (135196, 9950, 69404, 'N', 3),
       (135197, 9950, 69405, 'N', 4),
       (135198, 9950, 69406, 'N', 5),
       (135199, 9950, 69407, 'Y', 6),
       (135200, 9951, 69400, 'N', 1),
       (135201, 9951, 69420, 'N', 2),
       (135202, 9951, 69414, 'N', 3),
       (135203, 9951, 69412, 'N', 4),
       (135204, 9951, 69398, 'N', 5),
       (135205, 9951, 69399, 'N', 6),
       (135206, 9952, 69422, 'Y', 1),
       (135207, 9954, 69367, 'N', 1),
       (135208, 9954, 69368, 'N', 2),
       (135209, 9954, 69369, 'N', 3),
       (135210, 9954, 69370, 'N', 4),
       (135211, 9954, 69424, 'N', 5),
       (135212, 9954, 69425, 'Y', 6),
       (135213, 9954, 69390, 'N', 7),
       (135214, 9954, 69426, 'N', 8),
       (135215, 9955, 69428, 'N', 1),
       (135216, 9955, 69429, 'N', 2),
       (135217, 9955, 69430, 'N', 3),
       (135218, 9955, 69431, 'N', 4),
       (135219, 9955, 69432, 'N', 5),
       (135220, 9955, 69433, 'N', 6),
       (135221, 9955, 69434, 'N', 7),
       (135222, 9955, 69435, 'N', 8),
       (135223, 9955, 69436, 'N', 9),
       (135224, 9955, 69437, 'N', 10),
       (135225, 9955, 69438, 'N', 11),
       (135226, 9955, 69439, 'N', 12),
       (135227, 9955, 69440, 'N', 13),
       (135228, 9955, 69422, 'Y', 14),
       (135229, 9956, 69379, 'N', 1),
       (135230, 9956, 69380, 'N', 2),
       (135231, 9956, 69410, 'N', 3),
       (135232, 9956, 69441, 'N', 4),
       (135233, 9956, 69442, 'N', 5),
       (135234, 9956, 69381, 'N', 6),
       (135235, 9956, 69443, 'N', 7),
       (135236, 9956, 69447, 'N', 8),
       (135237, 9956, 69382, 'N', 9),
       (135238, 9956, 69383, 'N', 10),
       (135239, 9957, 69421, 'N', 1),
       (135240, 9957, 69420, 'N', 2),
       (135241, 9957, 69412, 'N', 3),
       (135242, 9957, 69414, 'N', 4),
       (135243, 9957, 69444, 'N', 5),
       (135244, 9957, 69445, 'N', 6),
       (135245, 9957, 69446, 'N', 7),
       (135246, 9957, 69401, 'N', 8),
       (135247, 9957, 69418, 'Y', 9),
       (136079, 9959, 69448, 'N', 0),
       (136080, 9959, 69449, 'N', 1),
       (136081, 9959, 69450, 'N', 2),
       (136082, 9959, 69451, 'N', 3),
       (136083, 9959, 69452, 'N', 4),
       (136084, 9959, 69453, 'N', 5),
       (136085, 9959, 69532, 'N', 6),
       (136086, 9959, 69455, 'N', 7),
       (136087, 9959, 69533, 'N', 8),
       (136088, 9959, 69456, 'Y', 9),
       (136089, 9959, 69457, 'N', 10),
       (136090, 9959, 69458, 'N', 11),
       (136091, 9959, 69465, 'N', 12),
       (136092, 9959, 69473, 'N', 13),
       (136093, 9959, 69466, 'N', 14),
       (136094, 9959, 69467, 'N', 15),
       (136095, 9959, 69469, 'N', 16),
       (136096, 9959, 69474, 'N', 17),
       (136097, 9959, 69470, 'Y', 18),
       (136098, 9959, 69471, 'N', 19),
       (136099, 9959, 69472, 'N', 20),
       (136100, 9959, 69530, 'N', 21),
       (136101, 9959, 69531, 'N', 22),
       (136102, 9959, 69529, 'N', 23),
       (136103, 9959, 69477, 'N', 24),
       (136104, 9959, 69478, 'N', 25),
       (136105, 9959, 69494, 'N', 26),
       (136106, 9960, 69484, 'N', 0),
       (136107, 9960, 69490, 'N', 1),
       (136108, 9960, 69485, 'N', 2),
       (136109, 9960, 69487, 'N', 3),
       (136110, 9960, 69488, 'Y', 4),
       (136111, 9961, 69481, 'N', 0),
       (136112, 9961, 69501, 'N', 1),
       (136113, 9961, 69495, 'N', 2),
       (136114, 9961, 69493, 'N', 3),
       (136115, 9961, 69479, 'N', 4),
       (136116, 9961, 69480, 'N', 5),
       (136117, 9962, 69503, 'Y', 0),
       (136118, 9958, 69476, 'N', 0),
       (136119, 9958, 69475, 'N', 1),
       (136120, 9958, 69468, 'N', 2),
       (136121, 9958, 69518, 'N', 3),
       (136122, 9958, 69521, 'N', 4),
       (136123, 9958, 69520, 'N', 5),
       (136124, 9958, 69519, 'N', 6),
       (136125, 9958, 69513, 'N', 7),
       (136126, 9958, 69514, 'N', 8),
       (136127, 9958, 69508, 'N', 9),
       (136128, 9958, 69522, 'N', 10),
       (136129, 9958, 69515, 'N', 11),
       (136130, 9958, 69496, 'N', 12),
       (136131, 9958, 69459, 'N', 13),
       (136132, 9958, 69486, 'N', 14),
       (136133, 9958, 69509, 'N', 15),
       (136134, 9958, 69510, 'N', 16),
       (136135, 9958, 69464, 'N', 17),
       (136136, 9958, 69504, 'N', 18),
       (136137, 9958, 69512, 'N', 19),
       (136138, 9958, 69511, 'N', 20),
       (136139, 9958, 69523, 'N', 21),
       (136140, 9958, 69505, 'N', 22),
       (136141, 9958, 69482, 'N', 23),
       (136142, 9958, 69491, 'N', 24),
       (136143, 9958, 69460, 'N', 25),
       (136144, 9958, 69461, 'N', 26),
       (136145, 9958, 69528, 'N', 27),
       (136146, 9958, 69489, 'N', 28),
       (136147, 9958, 69506, 'N', 29),
       (136148, 9958, 69517, 'N', 30),
       (136149, 9958, 69516, 'N', 31),
       (136150, 9958, 69502, 'N', 32),
       (136151, 9958, 69500, 'N', 33),
       (136152, 9958, 69492, 'N', 34),
       (136153, 9958, 69498, 'N', 35),
       (136154, 9958, 69497, 'N', 36),
       (136155, 9958, 69483, 'N', 37),
       (136156, 9958, 69526, 'N', 38),
       (136157, 9958, 69463, 'N', 39),
       (136158, 9958, 69499, 'N', 40),
       (136159, 9958, 69507, 'N', 41),
       (136160, 9958, 69525, 'N', 42),
       (136161, 9958, 69462, 'N', 43),
       (136162, 9958, 69524, 'N', 44),
       (136163, 9958, 69527, 'N', 45),
       (136249, 9964, 69448, 'N', 0),
       (136250, 9964, 69449, 'N', 1),
       (136251, 9964, 69450, 'N', 2),
       (136252, 9964, 69451, 'N', 3),
       (136253, 9964, 69505, 'N', 4),
       (136254, 9964, 69506, 'Y', 5),
       (136255, 9964, 69471, 'N', 6),
       (136256, 9965, 69509, 'N', 0),
       (136257, 9965, 69510, 'N', 1),
       (136258, 9965, 69511, 'N', 2),
       (136259, 9965, 69512, 'N', 3),
       (136260, 9965, 69513, 'N', 4),
       (136261, 9965, 69514, 'N', 5),
       (136262, 9965, 69515, 'N', 6),
       (136263, 9965, 69516, 'N', 7),
       (136264, 9965, 69517, 'N', 8),
       (136265, 9965, 69518, 'N', 9),
       (136266, 9965, 69519, 'N', 10),
       (136267, 9965, 69520, 'N', 11),
       (136268, 9965, 69521, 'N', 12),
       (136269, 9965, 69503, 'Y', 13),
       (136270, 9966, 69460, 'N', 0),
       (136271, 9966, 69461, 'N', 1),
       (136272, 9966, 69491, 'N', 2),
       (136273, 9966, 69522, 'N', 3),
       (136274, 9966, 69523, 'N', 4),
       (136275, 9966, 69462, 'N', 5),
       (136276, 9966, 69524, 'N', 6),
       (136277, 9966, 69528, 'N', 7),
       (136278, 9966, 69463, 'N', 8),
       (136279, 9966, 69464, 'N', 9),
       (136280, 9967, 69502, 'N', 0),
       (136281, 9967, 69501, 'N', 1),
       (136282, 9967, 69493, 'N', 2),
       (136283, 9967, 69495, 'N', 3),
       (136284, 9967, 69525, 'N', 4),
       (136285, 9967, 69526, 'N', 5),
       (136286, 9967, 69527, 'N', 6),
       (136287, 9967, 69482, 'N', 7),
       (136288, 9967, 69499, 'Y', 8),
       (136289, 9963, 69507, 'N', 0),
       (136290, 9963, 69488, 'N', 1),
       (136291, 9963, 69472, 'N', 2),
       (136292, 9963, 69465, 'N', 3),
       (136293, 9963, 69453, 'N', 4),
       (136294, 9963, 69508, 'N', 5),
       (136295, 9963, 69469, 'N', 6),
       (136296, 9963, 69474, 'N', 7),
       (136297, 9963, 69473, 'N', 8),
       (136298, 9963, 69486, 'N', 9),
       (136299, 9963, 69532, 'N', 10),
       (136300, 9963, 69494, 'N', 11),
       (136301, 9963, 69496, 'N', 12),
       (136302, 9963, 69459, 'N', 13),
       (136303, 9963, 69478, 'N', 14),
       (136304, 9963, 69504, 'N', 15),
       (136305, 9963, 69477, 'N', 16),
       (136306, 9963, 69466, 'N', 17),
       (136307, 9963, 69479, 'N', 18),
       (136308, 9963, 69480, 'N', 19),
       (136309, 9963, 69481, 'N', 20),
       (136310, 9963, 69490, 'N', 21),
       (136311, 9963, 69455, 'N', 22),
       (136312, 9963, 69533, 'N', 23),
       (136313, 9963, 69456, 'N', 24),
       (136314, 9963, 69458, 'N', 25),
       (136315, 9963, 69489, 'N', 26),
       (136316, 9963, 69470, 'N', 27),
       (136317, 9963, 69485, 'N', 28),
       (136318, 9963, 69475, 'N', 29),
       (136319, 9963, 69476, 'N', 30),
       (136320, 9963, 69500, 'N', 31),
       (136321, 9963, 69492, 'N', 32),
       (136322, 9963, 69530, 'N', 33),
       (136323, 9963, 69529, 'N', 34),
       (136324, 9963, 69498, 'N', 35),
       (136325, 9963, 69497, 'N', 36),
       (136326, 9963, 69483, 'N', 37),
       (136327, 9963, 69487, 'N', 38),
       (136328, 9963, 69531, 'N', 39),
       (136329, 9963, 69452, 'N', 40),
       (136330, 9963, 69457, 'N', 41),
       (136331, 9963, 69484, 'N', 42),
       (136332, 9963, 69468, 'N', 43),
       (136333, 9963, 69467, 'N', 44);

-- --------------------------------------------------------

--
-- Table structure for table `client_notes_attachments`
--

CREATE TABLE `client_notes_attachments`
(
    `id`        int(11)          NOT NULL,
    `note_id`   int(11) UNSIGNED NOT NULL,
    `member_id` bigint(20)       NOT NULL,
    `name`      varchar(255) DEFAULT NULL,
    `size`      int(11)      DEFAULT NULL
) ENGINE = InnoDB
  DEFAULT CHARSET = utf8 COMMENT ='Contains info about attachments in Client File Notes';

-- --------------------------------------------------------

--
-- Table structure for table `client_types`
--

CREATE TABLE `client_types`
(
    `client_type_id`                   int(11) UNSIGNED NOT NULL,
    `company_id`                       bigint(20)                DEFAULT NULL,
    `email_template_id`                int(11) UNSIGNED          DEFAULT NULL COMMENT 'If is set - template will be processed and emailed to the case during his creation.',
    `client_type_name`                 varchar(100)              DEFAULT NULL,
    `client_type_needs_ia`             enum ('Y','N')   NOT NULL DEFAULT 'N',
    `client_type_employer_sponsorship` enum ('Y','N')   NOT NULL DEFAULT 'N'
) ENGINE = InnoDB
  DEFAULT CHARSET = utf8 COMMENT ='List of case types is saved here. Each company can have own list of case types. Some of them can be used for IA and/or Employer client records.';

--
-- Dumping data for table `client_types`
--

INSERT INTO `client_types` (`client_type_id`, `company_id`, `email_template_id`, `client_type_name`,
                            `client_type_needs_ia`, `client_type_employer_sponsorship`)
VALUES (1123, 0, NULL, 'BNP-Application', 'Y', 'N'),
       (1124, 0, NULL, 'EDS-Application', 'Y', 'Y'),
       (1125, 2, NULL, 'BNP-Application', 'Y', 'N'),
       (1126, 2, NULL, 'EDS-Application', 'Y', 'Y');

-- --------------------------------------------------------

--
-- Table structure for table `client_types_forms`
--

CREATE TABLE `client_types_forms`
(
    `client_type_id`  int(11) UNSIGNED DEFAULT NULL,
    `form_version_id` int(11) UNSIGNED DEFAULT NULL
) ENGINE = InnoDB
  DEFAULT CHARSET = utf8 COMMENT ='Contains list of assigned forms for specific case types.';

--
-- Dumping data for table `client_types_forms`
--

INSERT INTO `client_types_forms` (`client_type_id`, `form_version_id`)
VALUES (1123, 3),
       (1124, 1),
       (1125, 3),
       (1126, 1);

-- --------------------------------------------------------

--
-- Table structure for table `client_types_kinds`
--

CREATE TABLE `client_types_kinds`
(
    `client_type_id` int(11) UNSIGNED NOT NULL,
    `member_type_id` int(2) UNSIGNED  NOT NULL
) ENGINE = InnoDB
  DEFAULT CHARSET = utf8 COMMENT ='Each Employer/Individual client type can have own lost of case types.';

--
-- Dumping data for table `client_types_kinds`
--

INSERT INTO `client_types_kinds` (`client_type_id`, `member_type_id`)
VALUES (1123, 8),
       (1124, 7),
       (1124, 8),
       (1125, 8),
       (1126, 7),
       (1126, 8);

-- --------------------------------------------------------

--
-- Table structure for table `company`
--

CREATE TABLE `company`
(
    `company_id`                     bigint(20)          NOT NULL,
    `company_type_id`                int(11)             NOT NULL DEFAULT '0',
    `admin_id`                       bigint(20)                   DEFAULT NULL,
    `company_template_id`            int(11)             NOT NULL DEFAULT '0',
    `companyName`                    varchar(255)        NOT NULL DEFAULT '',
    `company_abn`                    varchar(255)        NOT NULL DEFAULT '',
    `companyLogo`                    varchar(255)        NOT NULL DEFAULT '',
    `city`                           varchar(255)        NOT NULL DEFAULT '',
    `state`                          varchar(255)        NOT NULL DEFAULT '',
    `country`                        int(11)                      DEFAULT NULL,
    `companyEmail`                   varchar(255)        NOT NULL DEFAULT '',
    `phone1`                         varchar(50)         NOT NULL DEFAULT '',
    `phone2`                         varchar(50)         NOT NULL DEFAULT '',
    `contact`                        varchar(50)                  DEFAULT NULL,
    `fax`                            varchar(50)         NOT NULL DEFAULT '',
    `zip`                            varchar(10)         NOT NULL DEFAULT '',
    `address`                        text                NOT NULL,
    `note`                           text,
    `companyCode`                    varchar(50)         NOT NULL DEFAULT '',
    `companyTimeZone`                varchar(255)        NOT NULL DEFAULT '',
    `Status`                         tinyint(1)          NOT NULL DEFAULT '0',
    `regTime`                        int(11)             NOT NULL DEFAULT '0',
    `last_doc_uploaded`              int(11)             NOT NULL DEFAULT '0',
    `last_adv_search`                int(11)             NOT NULL DEFAULT '0',
    `last_calendar_entry`            int(11)             NOT NULL DEFAULT '0',
    `last_task_written`              int(11)             NOT NULL DEFAULT '0',
    `last_note_written`              int(11)             NOT NULL DEFAULT '0',
    `last_accounting_subtab_updated` int(11)             NOT NULL DEFAULT '0',
    `storage_today`                  bigint(20) UNSIGNED NOT NULL DEFAULT '0',
    `storage_yesterday`              bigint(20) UNSIGNED NOT NULL DEFAULT '0',
    `storage_location`               enum ('local','s3') NOT NULL DEFAULT 's3' COMMENT 'Location of company data directories/files. local - data will be saved on server, s3 - will be saved in Amazon S3 bucket.'
) ENGINE = InnoDB
  DEFAULT CHARSET = utf8 COMMENT ='List of all companies is saved here. Company with id 0 is used as default, all related settings will be copied from this company during new companies creation.';

--
-- Dumping data for table `company`
--

INSERT INTO `company` (`company_id`, `company_type_id`, `admin_id`, `company_template_id`, `companyName`, `company_abn`,
                       `companyLogo`, `city`, `state`, `country`, `companyEmail`, `phone1`, `phone2`, `contact`, `fax`,
                       `zip`, `address`, `note`, `companyCode`, `companyTimeZone`, `Status`, `regTime`,
                       `last_doc_uploaded`, `last_adv_search`, `last_calendar_entry`, `last_task_written`,
                       `last_note_written`, `last_accounting_subtab_updated`, `storage_today`, `storage_yesterday`,
                       `storage_location`)
VALUES (0, 0, 1, 0, 'Default Company', '', '', '', '', 38, '', '', '', NULL, '', '', '', NULL, '', '', 1, 0, 1363191910,
        1443572282, 0, 1363335623, 1447384621, 0, 120, 120, 'local'),
       (2, 0, NULL, 0, 'NTNP Program', '', 'nwtlogo with blue background.JPG', 'Yellowknife', 'Northwest Territories',
        38, 'immigration@gov.nt.ca', '1-855-440-5450', '', NULL, '', 'X1A-2L9',
        '1st Floor of the Lahm Ridge Tower\r\n4501  50th Avenue\r\nP.O. Box 1320', '', '', 'America/Denver', 1,
        1553621176, 1559326553, 1567033479, 0, 1565647107, 1567531730, 0, 0, 0, 'local');

-- --------------------------------------------------------

--
-- Table structure for table `company_cmi`
--

CREATE TABLE `company_cmi`
(
    `cmi_id`       varchar(255) NOT NULL,
    `regulator_id` varchar(255) NOT NULL,
    `company_id`   bigint(20) DEFAULT NULL
) ENGINE = InnoDB
  DEFAULT CHARSET = utf8 COMMENT ='List of CMI codes that can be used/assigned to comanies. CMI id is assigned to the company during company registration (CA version).';

-- --------------------------------------------------------

--
-- Table structure for table `company_default_options`
--

CREATE TABLE `company_default_options`
(
    `default_option_id`           int(11) UNSIGNED NOT NULL,
    `company_id`                  bigint(20)          DEFAULT NULL,
    `default_option_type`         enum ('categories') DEFAULT 'categories',
    `default_option_name`         char(255)           DEFAULT '',
    `default_option_abbreviation` char(255)           DEFAULT NULL,
    `default_option_order`        tinyint(3) UNSIGNED DEFAULT '0'
) ENGINE = InnoDB
  DEFAULT CHARSET = utf8 COMMENT ='Each company can have own list options (for now Categories combo uses this table).';

--
-- Dumping data for table `company_default_options`
--

INSERT INTO `company_default_options` (`default_option_id`, `company_id`, `default_option_type`, `default_option_name`,
                                       `default_option_abbreviation`, `default_option_order`)
VALUES (463, 0, 'categories', 'Business Nominee Program Application', 'BNP', 3),
       (464, 0, 'categories', 'Critical Impact Worker Application', 'CIW', 0),
       (465, 0, 'categories', 'Express Entry System for Skilled Worker Application', 'EE', 2),
       (466, 0, 'categories', 'Skilled Worker Application', 'SW', 1),
       (467, 2, 'categories', 'Business Nominee Program Application', 'BNP', 3),
       (468, 2, 'categories', 'Critical Impact Worker Application', 'CIW', 0),
       (469, 2, 'categories', 'NWT Express Entry Application', 'EE', 2),
       (470, 2, 'categories', 'Skilled Worker Application', 'SW', 1);

-- --------------------------------------------------------

--
-- Table structure for table `company_details`
--

CREATE TABLE `company_details`
(
    `company_id`                          bigint(20)     NOT NULL,
    `support_and_training`                enum ('Y','N')                      DEFAULT 'Y',
    `payment_term`                        tinyint(3) UNSIGNED                 DEFAULT NULL,
    `paymentech_profile_id`               varchar(255)                        DEFAULT NULL,
    `paymentech_mode_of_payment`          enum ('Visa','Mastercard')          DEFAULT NULL,
    `subscription`                        varchar(255)                        DEFAULT NULL,
    `default_label_office`                varchar(255)                        DEFAULT NULL,
    `default_label_trust_account`         varchar(255)                        DEFAULT NULL,
    `next_billing_date`                   date                                DEFAULT NULL,
    `max_users`                           int(11) UNSIGNED                    DEFAULT NULL,
    `billing_amount`                      double(11, 2)                       DEFAULT NULL,
    `internal_note`                       text,
    `account_created_on`                  date                                DEFAULT NULL,
    `price`                               double(11, 2)                       DEFAULT NULL,
    `gst`                                 double(11, 2)                       DEFAULT NULL,
    `gst_type`                            enum ('auto','included','excluded') DEFAULT 'auto',
    `billed_fee`                          double(11, 2)                       DEFAULT NULL,
    `subscription_fee`                    double(11, 2) UNSIGNED              DEFAULT NULL,
    `support_fee`                         double(11, 2) UNSIGNED              DEFAULT NULL,
    `free_users`                          int(11) UNSIGNED                    DEFAULT NULL,
    `free_clients`                        int(11) UNSIGNED                    DEFAULT '0',
    `extra_users`                         int(11) UNSIGNED                    DEFAULT NULL,
    `free_storage`                        int(11) UNSIGNED                    DEFAULT NULL,
    `use_annotations`                     enum ('Y','N')                      DEFAULT 'N',
    `purged`                              enum ('Y','N') NOT NULL             DEFAULT 'N',
    `purged_details`                      text,
    `remember_default_fields`             enum ('Y','N') NOT NULL             DEFAULT 'Y',
    `show_expiration_dialog_after`        date                                DEFAULT NULL,
    `trial`                               enum ('Y','N')                      DEFAULT 'N',
    `send_mass_email`                     enum ('Y','N') NOT NULL             DEFAULT 'Y',
    `company_website`                     enum ('Y','N') NOT NULL             DEFAULT 'N',
    `allow_import`                        enum ('Y','N') NOT NULL             DEFAULT 'N',
    `allow_import_bcpnp`                  enum ('Y','N') NOT NULL             DEFAULT 'N',
    `allow_export`                        enum ('Y','N') NOT NULL             DEFAULT 'N',
    `allow_multiple_advanced_search_tabs` enum ('Y','N') NOT NULL             DEFAULT 'N',
    `allow_change_case_type`              enum ('Y','N') NOT NULL             DEFAULT 'Y',
    `allow_decision_rationale_tab`        enum ('Y','N') NOT NULL             DEFAULT 'N',
    `decision_rationale_tab_name`         varchar(255)                        DEFAULT 'Draft Notes',
    `time_tracker_enabled`                enum ('Y','N') NOT NULL             DEFAULT 'N' COMMENT 'Toggle for the Client''s Time Tracker',
    `marketplace_module_enabled`          enum ('Y','N') NOT NULL             DEFAULT 'N' COMMENT 'Toggle for the Marketplace module',
    `employers_module_enabled`            enum ('Y','N') NOT NULL             DEFAULT 'N' COMMENT 'Toggle for the Employers module',
    `log_client_changes_enabled`          enum ('Y','N') NOT NULL             DEFAULT 'N' COMMENT 'Toggle to save client profile changes in log',
    `case_number_settings`                text COMMENT 'Case number generation settings',
    `advanced_search_rows_max_count`      int(11)        NOT NULL             DEFAULT '3',
    `enable_case_management`              enum ('Y','N') NOT NULL             DEFAULT 'N' COMMENT 'Toggle to allow create more than one case for each client',
    `loose_task_rules`                    enum ('Y','N') NOT NULL             DEFAULT 'N',
    `hide_inactive_users`                 enum ('Y','N') NOT NULL             DEFAULT 'N',
    `pricing_category_id`                 int(11) UNSIGNED                    DEFAULT NULL,
    `max_receipt_number`                  bigint(20)                          DEFAULT NULL
) ENGINE = InnoDB
  DEFAULT CHARSET = utf8 COMMENT ='Company related info is saved here (mostly billing related, specific access settings).';

--
-- Dumping data for table `company_details`
--

INSERT INTO `company_details` (`company_id`, `support_and_training`, `payment_term`, `paymentech_profile_id`,
                               `paymentech_mode_of_payment`, `subscription`, `default_label_office`,
                               `default_label_trust_account`, `next_billing_date`, `max_users`, `billing_amount`,
                               `internal_note`, `account_created_on`, `price`, `gst`, `gst_type`, `billed_fee`,
                               `subscription_fee`, `support_fee`, `free_users`, `free_clients`, `extra_users`,
                               `free_storage`, `use_annotations`, `purged`, `purged_details`, `remember_default_fields`,
                               `show_expiration_dialog_after`, `trial`, `send_mass_email`, `company_website`,
                               `allow_import`, `allow_import_bcpnp`, `allow_export`,
                               `allow_multiple_advanced_search_tabs`, `allow_change_case_type`,
                               `allow_decision_rationale_tab`, `decision_rationale_tab_name`, `time_tracker_enabled`,
                               `marketplace_module_enabled`, `employers_module_enabled`, `log_client_changes_enabled`,
                               `case_number_settings`, `advanced_search_rows_max_count`, `enable_case_management`,
                               `loose_task_rules`, `hide_inactive_users`, `pricing_category_id`, `max_receipt_number`)
VALUES (0, 'Y', NULL, NULL, NULL, 'ultimate_plus', 'queue', 'client_account', '2099-03-31', NULL, NULL, NULL, NULL,
        NULL, 0.00, 'auto', NULL, 0.00, NULL, 1000, 0, NULL, 100000, 'N', 'N', NULL, 'Y', NULL, 'N', 'Y', 'N', 'N', 'N',
        'N', 'Y', 'N', 'N', 'Draft Notes', 'N', 'N', 'Y', 'Y',
        '{"cn-1":"2","cn-2":"3","cn-3":"4","cn-4":"1","cn-5":"5","cn-6":"6","cn-generate-number":"generate","cn-subclass":"on","cn-include-fixed-prefix":"on","cn-include-fixed-prefix-text":"%SHORT_YEAR%","cn-name-prefix":"on","cn-name-prefix-family-name":"1","cn-name-prefix-given-names":"1","cn-start-from":"on","cn-start-from-text":"0001","cn-separator":"-","cn-read-only":"on"}',
        3, 'Y', 'N', 'N', NULL, NULL),
       (2, 'Y', 1, NULL, NULL, 'ultimate_plus', 'queue', 'client_account', '2099-03-31', NULL, NULL, '', NULL, NULL,
        0.00, 'auto', NULL, 0.00, NULL, 1000, 0, NULL, 100000, 'N', 'N', NULL, 'Y', NULL, 'N', 'Y', 'N', 'N', 'N', 'N',
        'Y', 'N', 'N', 'Draft Notes', 'N', 'N', 'Y', 'Y',
        '{"cn-1":"2","cn-2":"4","cn-3":"3","cn-4":"1","cn-5":"5","cn-6":"6","cn-generate-number":"generate","cn-subclass":"on","cn-include-fixed-prefix":"on","cn-include-fixed-prefix-text":"%SHORT_YEAR%","cn-start-from":"on","cn-start-from-text":"0100","cn-global-or-based-on-case-type":"case-type","cn-separator":"-","cn-read-only":"on"}',
        3, 'Y', 'N', 'N', NULL, NULL);

-- --------------------------------------------------------

--
-- Table structure for table `company_invoice`
--

CREATE TABLE `company_invoice`
(
    `company_invoice_id`         int(11) UNSIGNED       NOT NULL,
    `prospect_id`                int(11) UNSIGNED                DEFAULT NULL,
    `company_id`                 bigint(20)                      DEFAULT NULL,
    `product`                    enum ('Officio')       NOT NULL DEFAULT 'Officio',
    `subject`                    char(255)                       DEFAULT NULL,
    `invoice_number`             char(255)                       DEFAULT NULL,
    `subscription_fee`           double(11, 2)                   DEFAULT NULL,
    `discount`                   double(11, 2)                   DEFAULT '0.00',
    `support_fee`                double(11, 2)                   DEFAULT NULL,
    `invoice_date`               date                            DEFAULT NULL,
    `invoice_posted_date`        date                            DEFAULT NULL,
    `free_users`                 int(11) UNSIGNED                DEFAULT NULL,
    `free_clients`               int(11) UNSIGNED                DEFAULT '0',
    `free_storage`               double(11, 2) UNSIGNED          DEFAULT NULL,
    `additional_users`           int(11) UNSIGNED                DEFAULT NULL,
    `additional_users_fee`       double(11, 2)                   DEFAULT NULL,
    `additional_storage`         int(11) UNSIGNED                DEFAULT NULL,
    `additional_storage_charges` double(11, 2)                   DEFAULT NULL,
    `subtotal`                   double(11, 2)                   DEFAULT NULL,
    `total`                      double(11, 2)                   DEFAULT NULL,
    `message`                    text,
    `tax`                        double(11, 2)                   DEFAULT NULL,
    `mode_of_payment`            enum ('Visa','Mastercard')      DEFAULT NULL,
    `deleted`                    enum ('Y','N')                  DEFAULT 'N',
    `sent_request_to_PT`         enum ('Y','N')                  DEFAULT 'N',
    `last_PT_error_code`         varchar(3)                      DEFAULT NULL,
    `status`                     enum ('C','F','Q','U') NOT NULL DEFAULT 'Q' COMMENT 'C - complete, F - failed, Q - queued, U - unpaid'
) ENGINE = InnoDB
  DEFAULT CHARSET = utf8 COMMENT ='After the purchasing process generated companies'' invoices are saved here.';

-- --------------------------------------------------------

--
-- Table structure for table `company_marketplace_profiles`
--

CREATE TABLE `company_marketplace_profiles`
(
    `company_id`                     bigint(20)                             NOT NULL,
    `marketplace_profile_id`         bigint(20)                             NOT NULL,
    `marketplace_profile_key`        varchar(255)                                    DEFAULT NULL,
    `marketplace_profile_name`       varchar(255)                                    DEFAULT NULL,
    `marketplace_profile_status`     enum ('active','inactive','suspended') NOT NULL DEFAULT 'inactive',
    `marketplace_profile_old_status` enum ('active','inactive','suspended')          DEFAULT NULL,
    `marketplace_profile_created_on` datetime                               NOT NULL
) ENGINE = InnoDB
  DEFAULT CHARSET = utf8 COMMENT ='Contains list of MarketPlace profiles assigned to the company.';

-- --------------------------------------------------------

--
-- Table structure for table `company_packages`
--

CREATE TABLE `company_packages`
(
    `company_id` bigint(20) NOT NULL,
    `package_id` int(11)    NOT NULL
) ENGINE = InnoDB
  DEFAULT CHARSET = utf8 COMMENT ='Company packages are saved here (relates to subscription method).';

--
-- Dumping data for table `company_packages`
--

INSERT INTO `company_packages` (`company_id`, `package_id`)
VALUES (0, 1),
       (0, 2),
       (0, 3),
       (2, 1),
       (2, 2),
       (2, 3),
       (2, 4);

-- --------------------------------------------------------

--
-- Table structure for table `company_prospects`
--

CREATE TABLE `company_prospects`
(
    `prospect_id`                 bigint(20)                             NOT NULL,
    `company_id`                  bigint(20)                                      DEFAULT NULL,
    `email`                       varchar(255)                                    DEFAULT NULL,
    `fName`                       varchar(255)                                    DEFAULT NULL,
    `lName`                       varchar(255)                                    DEFAULT NULL,
    `category_pnp`                varchar(255)                                    DEFAULT NULL,
    `category_other`              varchar(255)                                    DEFAULT NULL,
    `qualified`                   enum ('Y','N')                                  DEFAULT NULL,
    `seriousness`                 enum ('A','B','C','D')                          DEFAULT NULL,
    `referred_by`                 varchar(255)                                    DEFAULT NULL,
    `preferred_language`          varchar(255)                                    DEFAULT NULL,
    `agent_id`                    bigint(20)                                      DEFAULT NULL,
    `date_of_birth`               date                                            DEFAULT NULL,
    `spouse_date_of_birth`        date                                            DEFAULT NULL,
    `assessment`                  text,
    `points_skilled_worker`       int(11) UNSIGNED                                DEFAULT NULL,
    `points_express_entry`        int(11) UNSIGNED                                DEFAULT NULL,
    `create_date`                 datetime                                        DEFAULT NULL,
    `update_date`                 datetime                                        DEFAULT NULL,
    `mp_prospect_id`              bigint(20) UNSIGNED                             DEFAULT NULL,
    `mp_prospect_expiration_date` date                                            DEFAULT NULL,
    `visa`                        int(11) UNSIGNED                                DEFAULT NULL,
    `notes`                       text,
    `status`                      enum ('active','inactive','suspended') NOT NULL DEFAULT 'active',
    `did_not_arrive`              varchar(255)                                    DEFAULT NULL
) ENGINE = InnoDB
  DEFAULT CHARSET = utf8 COMMENT ='Company prospect records are saved here. Later these prospects will be converted to client + case.';

-- --------------------------------------------------------

--
-- Table structure for table `company_prospects_activities`
--

CREATE TABLE `company_prospects_activities`
(
    `company_id`  bigint(20) DEFAULT NULL,
    `prospect_id` bigint(20) DEFAULT NULL,
    `member_id`   bigint(20) DEFAULT NULL,
    `activity`    enum ('email') NOT NULL,
    `date`        datetime   DEFAULT NULL
) ENGINE = InnoDB
  DEFAULT CHARSET = utf8 COMMENT ='Contains list of company prospects activities.';

-- --------------------------------------------------------

--
-- Table structure for table `company_prospects_categories`
--

CREATE TABLE `company_prospects_categories`
(
    `prospect_category_id`               int(11) UNSIGNED NOT NULL,
    `prospect_category_unique_id`        varchar(50)      NOT NULL DEFAULT '',
    `prospect_category_name`             char(255)        NOT NULL,
    `prospect_category_short_name`       char(255)        NOT NULL,
    `prospect_category_show_in_settings` enum ('Y','N')   NOT NULL DEFAULT 'Y',
    `prospect_category_order`            tinyint(3) UNSIGNED       DEFAULT '0'
) ENGINE = InnoDB
  DEFAULT CHARSET = utf8 COMMENT ='List of company prospect categories is saved here.';

--
-- Dumping data for table `company_prospects_categories`
--

INSERT INTO `company_prospects_categories` (`prospect_category_id`, `prospect_category_unique_id`,
                                            `prospect_category_name`, `prospect_category_short_name`,
                                            `prospect_category_show_in_settings`, `prospect_category_order`)
VALUES (1, 'qualified', 'Qualified', 'Qualified', 'Y', 0);

-- --------------------------------------------------------

--
-- Table structure for table `company_prospects_converted`
--

CREATE TABLE `company_prospects_converted`
(
    `prospect_id`        bigint(20) NOT NULL,
    `member_id`          bigint(20) NOT NULL,
    `company_invoice_id` int(11) UNSIGNED DEFAULT NULL,
    `converted_on`       datetime   NOT NULL
) ENGINE = InnoDB
  DEFAULT CHARSET = utf8 COMMENT ='Contains links between company prospects and converted clients + links to invoice.';

-- --------------------------------------------------------

--
-- Table structure for table `company_prospects_data`
--

CREATE TABLE `company_prospects_data`
(
    `prospect_id` bigint(20)       NOT NULL,
    `q_field_id`  int(11) UNSIGNED NOT NULL,
    `q_value`     text             NOT NULL
) ENGINE = InnoDB
  DEFAULT CHARSET = utf8 COMMENT ='Contains company prospects data.';

-- --------------------------------------------------------

--
-- Table structure for table `company_prospects_data_categories`
--

CREATE TABLE `company_prospects_data_categories`
(
    `prospect_id`          bigint(20)       NOT NULL,
    `prospect_category_id` int(11) UNSIGNED NOT NULL
) ENGINE = InnoDB
  DEFAULT CHARSET = utf8 COMMENT ='Each prospect can be assigned to specific categories, this list is saved here.';

-- --------------------------------------------------------

--
-- Table structure for table `company_prospects_divisions`
--

CREATE TABLE `company_prospects_divisions`
(
    `prospect_id` bigint(20)       NOT NULL,
    `office_id`   int(11) UNSIGNED NOT NULL
) ENGINE = InnoDB
  DEFAULT CHARSET = utf8 COMMENT ='Each company prospect is related to specific office(s) (division(s)).';

-- --------------------------------------------------------

--
-- Table structure for table `company_prospects_invited`
--

CREATE TABLE `company_prospects_invited`
(
    `company_id`  bigint(20) NOT NULL,
    `prospect_id` bigint(20) NOT NULL,
    `invited_on`  datetime   NOT NULL
) ENGINE = InnoDB
  DEFAULT CHARSET = utf8 COMMENT ='Contains info about prospects invited by companies.';

-- --------------------------------------------------------

--
-- Table structure for table `company_prospects_job`
--

CREATE TABLE `company_prospects_job`
(
    `qf_job_id`                            bigint(20)             NOT NULL,
    `prospect_id`                          bigint(20)             NOT NULL,
    `prospect_type`                        enum ('main','spouse') NOT NULL DEFAULT 'main',
    `qf_job_order`                         int(11) UNSIGNED       NOT NULL DEFAULT '0',
    `qf_job_title`                         varchar(255)           NOT NULL,
    `qf_job_noc`                           varchar(255)                    DEFAULT NULL,
    `qf_job_duration`                      int(11)                NOT NULL,
    `qf_job_location`                      int(11)                NOT NULL,
    `qf_job_province`                      int(11) UNSIGNED                DEFAULT NULL,
    `qf_job_presently_working`             int(11)                NOT NULL,
    `qf_job_qualified_for_social_security` int(11) UNSIGNED                DEFAULT NULL,
    `qf_job_employment_type`               varchar(255)                    DEFAULT NULL,
    `qf_job_employer`                      varchar(255)                    DEFAULT NULL,
    `qf_job_text_title`                    varchar(255)                    DEFAULT NULL,
    `qf_job_country_of_employment`         varchar(255)                    DEFAULT NULL,
    `qf_job_start_date`                    date                            DEFAULT NULL,
    `qf_job_end_date`                      date                            DEFAULT NULL,
    `qf_job_resume`                        varchar(255)                    DEFAULT NULL
) ENGINE = InnoDB
  DEFAULT CHARSET = utf8 COMMENT ='Assigned list of jobs for each company prospect is saved here.';

-- --------------------------------------------------------

--
-- Table structure for table `company_prospects_noc`
--

CREATE TABLE `company_prospects_noc`
(
    `noc_code`        varchar(6)   DEFAULT NULL,
    `noc_admissible`  varchar(20)  DEFAULT NULL,
    `noc_title`       varchar(255) DEFAULT NULL,
    `noc_skill_level` varchar(1)   DEFAULT NULL
) ENGINE = InnoDB
  DEFAULT CHARSET = utf8 COMMENT ='List of NOC codes that are used to determine company prospect''s qualification + used during points calculation.';

--
-- Dumping data for table `company_prospects_noc`
--

INSERT INTO `company_prospects_noc` (`noc_code`, `noc_admissible`, `noc_title`, `noc_skill_level`)
VALUES ('111111', NULL, 'Chief Executive or Managing Director', '1'),
       ('111211', NULL, 'Corporate General Manager', '1'),
       ('111212', NULL, 'Defence Force Senior Officer', '1'),
       ('111311', NULL, 'Local Government Legislator', '1'),
       ('111312', NULL, 'Member of Parliament', '1'),
       ('111399', NULL, 'Legislators nec', '1'),
       ('121111', NULL, 'Aquaculture Farmer', '1'),
       ('121211', NULL, 'Cotton Grower', '1'),
       ('121212', NULL, 'Flower Grower', '1'),
       ('121213', NULL, 'Fruit or Nut Grower', '1'),
       ('121214', NULL, 'Grain, Oilseed or Pasture Grower (Aus) \\ Field Crop Grower (NZ)', '1'),
       ('121215', NULL, 'Grape Grower', '1'),
       ('121216', NULL, 'Mixed Crop Farmer', '1'),
       ('121217', NULL, 'Sugar Cane Grower', '1'),
       ('121218', NULL, 'Turf Grower', '1'),
       ('121221', NULL, 'Vegetable Grower (Aus) \\ Market Gardener (NZ)', '1'),
       ('121299', NULL, 'Crop Farmers nec', '1'),
       ('121311', NULL, 'Apiarist', '1'),
       ('121312', NULL, 'Beef Cattle Farmer', '1'),
       ('121313', NULL, 'Dairy Cattle Farmer', '1'),
       ('121314', NULL, 'Deer Farmer', '1'),
       ('121315', NULL, 'Goat Farmer', '1'),
       ('121316', NULL, 'Horse Breeder', '1'),
       ('121317', NULL, 'Mixed Livestock Farmer', '1'),
       ('121318', NULL, 'Pig Farmer', '1'),
       ('121321', NULL, 'Poultry Farmer', '1'),
       ('121322', NULL, 'Sheep Farmer', '1'),
       ('121399', NULL, 'Livestock Farmers nec', '1'),
       ('121411', NULL, 'Mixed Crop and Livestock Farmer', '1'),
       ('131112', NULL, 'Sales and Marketing Manager', '1'),
       ('131113', NULL, 'Advertising Manager', '1'),
       ('131114', NULL, 'Public Relations Manager', '1'),
       ('132111', NULL, 'Corporate Services Manager', '1'),
       ('132211', NULL, 'Finance Manager', '1'),
       ('132311', NULL, 'Human Resource Manager', '1'),
       ('132411', NULL, 'Policy and Planning Manager', '1'),
       ('132511', NULL, 'Research and Development Manager', '1'),
       ('133111', NULL, 'Construction Project Manager', '1'),
       ('133112', NULL, 'Project Builder', '1'),
       ('133211', NULL, 'Engineering Manager', '1'),
       ('133311', NULL, 'Importer or Exporter', '1'),
       ('133312', NULL, 'Wholesaler', '1'),
       ('133411', NULL, 'Manufacturer', '1'),
       ('133511', NULL, 'Production Manager (Forestry)', '1'),
       ('133512', NULL, 'Production Manager (Manufacturing)', '1'),
       ('133513', NULL, 'Production Manager (Mining)', '1'),
       ('133611', NULL, 'Supply and Distribution Manager', '1'),
       ('133612', NULL, 'Procurement Manager', '1'),
       ('134111', NULL, 'Child Care Centre Manager', '1'),
       ('134211', NULL, 'Medical Administrator (Aus) \\ Medical Superintendent (NZ)', '1'),
       ('134212', NULL, 'Nursing Clinical Director', '1'),
       ('134213', NULL, 'Primary Health Organisation Manager', '1'),
       ('134214', NULL, 'Welfare Centre Manager', '1'),
       ('134299', NULL, 'Health and Welfare Services Managers nec', '1'),
       ('134311', NULL, 'School Principal', '1'),
       ('134411', NULL, 'Faculty Head', '1'),
       ('134412', NULL, 'Regional Education Manager', '1'),
       ('134499', NULL, 'Education Managers nec', '1'),
       ('135111', NULL, 'Chief Information Officer', '1'),
       ('135112', NULL, 'ICT Project Manager', '1'),
       ('135199', NULL, 'ICT Managers nec', '1'),
       ('139111', NULL, 'Commissioned Defence Force Officer', '1'),
       ('139112', NULL, 'Commissioned Fire Officer', '1'),
       ('139113', NULL, 'Commissioned Police Officer', '1'),
       ('139211', NULL, 'Senior Non-commissioned Defence Force Member', '1'),
       ('139911', NULL, 'Arts Administrator or Manager', '1'),
       ('139912', NULL, 'Environmental Manager', '1'),
       ('139913', NULL, 'Laboratory Manager', '1'),
       ('139914', NULL, 'Quality Assurance Manager', '1'),
       ('139915', NULL, 'Sports Administrator', '1'),
       ('139999', NULL, 'Specialist Managers nec', '1'),
       ('211111', NULL, 'Actor', '1'),
       ('211112', NULL, 'Dancer or Choreographer', '1'),
       ('211113', NULL, 'Entertainer or Variety Artist', '1'),
       ('211199', NULL, 'Actors, Dancers and Other Entertainers nec', '1'),
       ('211211', NULL, 'Composer', '1'),
       ('211212', NULL, 'Music Director', '1'),
       ('211213', NULL, 'Musician (Instrumental)', '1'),
       ('211214', NULL, 'Singer', '1'),
       ('211299', NULL, 'Music Professionals nec', '1'),
       ('211311', NULL, 'Photographer', '1'),
       ('211411', NULL, 'Painter (Visual Arts)', '1'),
       ('211412', NULL, 'Potter or Ceramic Artist', '1'),
       ('211413', NULL, 'Sculptor', '1'),
       ('211499', NULL, 'Visual Arts and Crafts Professionals nec', '1'),
       ('212111', NULL, 'Artistic Director', '1'),
       ('212112', NULL, 'Media Producer (excluding Video)', '1'),
       ('212113', NULL, 'Radio Presenter', '1'),
       ('212114', NULL, 'Television Presenter', '1'),
       ('212211', NULL, 'Author', '1'),
       ('212212', NULL, 'Book or Script Editor', '1'),
       ('212311', NULL, 'Art Director (Film, Television or Stage)', '1'),
       ('212312', NULL, 'Director (Film, Television, Radio or Stage)', '1'),
       ('212313', NULL, 'Director of Photography', '1'),
       ('212314', NULL, 'Film and Video Editor', '1'),
       ('212315', NULL, 'Program Director (Television or Radio)', '1'),
       ('212316', NULL, 'Stage Manager', '1'),
       ('212317', NULL, 'Technical Director', '1'),
       ('212318', NULL, 'Video Producer', '1'),
       ('212399', NULL, 'Film, Television, Radio and Stage Directors nec', '1'),
       ('212411', NULL, 'Copywriter', '1'),
       ('212412', NULL, 'Newspaper or Periodical Editor', '1'),
       ('212413', NULL, 'Print Journalist', '1'),
       ('212414', NULL, 'Radio Journalist', '1'),
       ('212415', NULL, 'Technical Writer', '1'),
       ('212416', NULL, 'Television Journalist', '1'),
       ('212499', NULL, 'Journalists and Other Writers nec', '1'),
       ('221111', NULL, 'Accountant (General)', '1'),
       ('221112', NULL, 'Management Accountant', '1'),
       ('221113', NULL, 'Taxation Accountant', '1'),
       ('221211', NULL, 'Company Secretary', '1'),
       ('221212', NULL, 'Corporate Treasurer', '1'),
       ('221213', NULL, 'External Auditor', '1'),
       ('221214', NULL, 'Internal Auditor', '1'),
       ('222211', NULL, 'Financial Market Dealer', '1'),
       ('222212', NULL, 'Futures Trader', '1'),
       ('222213', NULL, 'Stockbroking Dealer', '1'),
       ('222299', NULL, 'Financial Dealers nec', '1'),
       ('222311', NULL, 'Financial Investment Adviser', '1'),
       ('222312', NULL, 'Financial Investment Manager', '1'),
       ('223111', NULL, 'Human Resource Adviser', '1'),
       ('223112', NULL, 'Recruitment Consultant', '1'),
       ('223113', NULL, 'Workplace Relations Adviser', '1'),
       ('223211', NULL, 'ICT Trainer', '1'),
       ('223311', NULL, 'Training and Development Professional', '1'),
       ('224111', NULL, 'Actuary', '1'),
       ('224112', NULL, 'Mathematician', '1'),
       ('224113', NULL, 'Statistician', '1'),
       ('224211', NULL, 'Archivist', '1'),
       ('224212', NULL, 'Gallery or Museum Curator', '1'),
       ('224213', NULL, 'Health Information Manager', '1'),
       ('224214', NULL, 'Records Manager', '1'),
       ('224311', NULL, 'Economist', '1'),
       ('224411', NULL, 'Intelligence Officer', '1'),
       ('224412', NULL, 'Policy Analyst', '1'),
       ('224511', NULL, 'Land Economist', '1'),
       ('224512', NULL, 'Valuer', '1'),
       ('224611', NULL, 'Librarian', '1'),
       ('224711', NULL, 'Management Consultant', '1'),
       ('224712', NULL, 'Organisation and Methods Analyst', '1'),
       ('224911', NULL, 'Electorate Officer', '1'),
       ('224912', NULL, 'Liaison Officer', '1'),
       ('224913', NULL, 'Migration Agent (Aus) \\ Immigration Consultant (NZ)', '1'),
       ('224914', NULL, 'Patents Examiner', '1'),
       ('224999', NULL, 'Information and Organisation Professionals nec', '1'),
       ('225111', NULL, 'Advertising Specialist', '1'),
       ('225112', NULL, 'Market Research Analyst', '1'),
       ('225113', NULL, 'Marketing Specialist', '1'),
       ('225211', NULL, 'ICT Account Manager', '1'),
       ('225212', NULL, 'ICT Business Development Manager', '1'),
       ('225213', NULL, 'ICT Sales Representative', '1'),
       ('225311', NULL, 'Public Relations Professional', '1'),
       ('225411', NULL, 'Sales Representative (Industrial Products)', '1'),
       ('225412', NULL, 'Sales Representative (Medical and Pharmaceutical Products)', '1'),
       ('225499', NULL, 'Technical Sales Representatives nec', '1'),
       ('231111', NULL, 'Aeroplane Pilot', '1'),
       ('231112', NULL, 'Air Traffic Controller', '1'),
       ('231113', NULL, 'Flying Instructor', '1'),
       ('231114', NULL, 'Helicopter Pilot', '1'),
       ('231199', NULL, 'Air Transport Professionals nec', '1'),
       ('231211', NULL, 'Master Fisher', '1'),
       ('231212', NULL, 'Ship\'s Engineer', '1'),
       ('231213', NULL, 'Ship\'s Master', '1'),
       ('231214', NULL, 'Ship\'s Officer', '1'),
       ('231215', NULL, 'Marine Surveyor', '1'),
       ('231299', NULL, 'Marine Transport Professionals nec', '1'),
       ('232111', NULL, 'Architect', '1'),
       ('232112', NULL, 'Landscape Architect', '1'),
       ('232212', NULL, 'Surveyor', '1'),
       ('232213', NULL, 'Cartographer', '1'),
       ('232214', NULL, 'Other Spatial Scientist', '1'),
       ('232311', NULL, 'Fashion Designer', '1'),
       ('232312', NULL, 'Industrial Designer', '1'),
       ('232313', NULL, 'Jewellery Designer', '1'),
       ('232411', NULL, 'Graphic Designer', '1'),
       ('232412', NULL, 'Illustrator', '1'),
       ('232413', NULL, 'Multimedia Designer', '1'),
       ('232414', NULL, 'Web Designer', '1'),
       ('232511', NULL, 'Interior Designer', '1'),
       ('232611', NULL, 'Urban and Regional Planner', '1'),
       ('233111', NULL, 'Chemical Engineer', '1'),
       ('233112', NULL, 'Materials Engineer', '1'),
       ('233211', NULL, 'Civil Engineer', '1'),
       ('233212', NULL, 'Geotechnical Engineer', '1'),
       ('233213', NULL, 'Quantity Surveyor', '1'),
       ('233214', NULL, 'Structural Engineer', '1'),
       ('233215', NULL, 'Transport Engineer', '1'),
       ('233311', NULL, 'Electrical Engineer', '1'),
       ('233411', NULL, 'Electronics Engineer', '1'),
       ('233511', NULL, 'Industrial Engineer', '1'),
       ('233512', NULL, 'Mechanical Engineer', '1'),
       ('233513', NULL, 'Production or Plant Engineer', '1'),
       ('233611', NULL, 'Mining Engineer (excluding Petroleum)', '1'),
       ('233612', NULL, 'Petroleum Engineer', '1'),
       ('233911', NULL, 'Aeronautical Engineer', '1'),
       ('233912', NULL, 'Agricultural Engineer', '1'),
       ('233913', NULL, 'Biomedical Engineer', '1'),
       ('233914', NULL, 'Engineering Technologist', '1'),
       ('233915', NULL, 'Environmental Engineer', '1'),
       ('233916', NULL, 'Naval Architect (Aus) \\ Marine Designer (NZ)', '1'),
       ('233999', NULL, 'Engineering Professionals nec', '1'),
       ('234111', NULL, 'Agricultural Consultant', '1'),
       ('234112', NULL, 'Agricultural Scientist', '1'),
       ('234113', NULL, 'Forester (Aus) \\ Forest Scientist (NZ)', '1'),
       ('234211', NULL, 'Chemist', '1'),
       ('234212', NULL, 'Food Technologist', '1'),
       ('234213', NULL, 'Wine Maker', '1'),
       ('234311', NULL, 'Conservation Officer', '1'),
       ('234312', NULL, 'Environmental Consultant', '1'),
       ('234313', NULL, 'Environmental Research Scientist', '1'),
       ('234314', NULL, 'Park Ranger', '1'),
       ('234399', NULL, 'Environmental Scientists nec', '1'),
       ('234411', NULL, 'Geologist', '1'),
       ('234412', NULL, 'Geophysicist', '1'),
       ('234413', NULL, 'Hydrogeologist', '1'),
       ('234511', NULL, 'Life Scientist (General)', '1'),
       ('234513', NULL, 'Biochemist', '1'),
       ('234514', NULL, 'Biotechnologist', '1'),
       ('234515', NULL, 'Botanist', '1'),
       ('234516', NULL, 'Marine Biologist', '1'),
       ('234517', NULL, 'Microbiologist', '1'),
       ('234518', NULL, 'Zoologist', '1'),
       ('234599', NULL, 'Life Scientists nec', '1'),
       ('234611', NULL, 'Medical Laboratory Scientist', '1'),
       ('234711', NULL, 'Veterinarian', '1'),
       ('234911', NULL, 'Conservator', '1'),
       ('234912', NULL, 'Metallurgist', '1'),
       ('234913', NULL, 'Meteorologist', '1'),
       ('234914', NULL, 'Physicist', '1'),
       ('234915', NULL, 'Exercise Physiologist', '1'),
       ('234999', NULL, 'Natural and Physical Science Professionals nec', '1'),
       ('241111', NULL, 'Early Childhood (Pre-primary School) Teacher', '1'),
       ('241112', NULL, 'Kaiako Kohanga Reo (Maori Language Nest Teacher)', '1'),
       ('241211', NULL, 'Kaiako Kura Kaupapa Maori (Maori-medium Primary School Teacher)', '1'),
       ('241212', NULL, 'Pouako Kura Kaupapa Maori (Maori-medium Primary School Senior Teacher)', '1'),
       ('241213', NULL, 'Primary School Teacher', '1'),
       ('241311', NULL, 'Middle School Teacher (Aus) \\ Intermediate School Teacher (NZ)', '1'),
       ('241411', NULL, 'Secondary School Teacher', '1'),
       ('241511', NULL, 'Special Needs Teacher', '1'),
       ('241512', NULL, 'Teacher of the Hearing Impaired', '1'),
       ('241513', NULL, 'Teacher of the Sight Impaired', '1'),
       ('241599', NULL, 'Special Education Teachers nec', '1'),
       ('242111', NULL, 'University Lecturer', '1'),
       ('242112', NULL, 'University Tutor', '1'),
       ('242211', NULL, 'Vocational Education Teacher (Aus) \\ Polytechnic Teacher (NZ)', '1'),
       ('249111', NULL, 'Education Adviser', '1'),
       ('249112', NULL, 'Education Reviewer', '1'),
       ('249211', NULL, 'Art Teacher (Private Tuition)', '1'),
       ('249212', NULL, 'Dance Teacher (Private Tuition)', '1'),
       ('249213', NULL, 'Drama Teacher (Private Tuition)', '1'),
       ('249214', NULL, 'Music Teacher (Private Tuition)', '1'),
       ('249299', NULL, 'Private Tutors and Teachers nec', '1'),
       ('249311', NULL, 'Teacher of English to Speakers of Other Languages', '1'),
       ('251111', NULL, 'Dietitian', '1'),
       ('251112', NULL, 'Nutritionist', '1'),
       ('251211', NULL, 'Medical Diagnostic Radiographer', '1'),
       ('251212', NULL, 'Medical Radiation Therapist', '1'),
       ('251213', NULL, 'Nuclear Medicine Technologist', '1'),
       ('251214', NULL, 'Sonographer', '1'),
       ('251311', NULL, 'Environmental Health Officer', '1'),
       ('251312', NULL, 'Occupational Health and Safety Adviser', '1'),
       ('251411', NULL, 'Optometrist', '1'),
       ('251412', NULL, 'Orthoptist', '1'),
       ('251511', NULL, 'Hospital Pharmacist', '1'),
       ('251512', NULL, 'Industrial Pharmacist', '1'),
       ('251513', NULL, 'Retail Pharmacist', '1'),
       ('251911', NULL, 'Health Promotion Officer', '1'),
       ('251912', NULL, 'Orthotist or Prosthetist', '1'),
       ('251999', NULL, 'Health Diagnostic and Promotion Professionals nec', '1'),
       ('252111', NULL, 'Chiropractor', '1'),
       ('252112', NULL, 'Osteopath', '1'),
       ('252211', NULL, 'Acupuncturist', '1'),
       ('252212', NULL, 'Homoeopath', '1'),
       ('252213', NULL, 'Naturopath', '1'),
       ('252214', NULL, 'Traditional Chinese Medicine Practitioner', '1'),
       ('252215', NULL, 'Traditional Maori Health Practitioner', '1'),
       ('252299', NULL, 'Complementary Health Therapists nec', '1'),
       ('252311', NULL, 'Dental Specialist', '1'),
       ('252312', NULL, 'Dentist', '1'),
       ('252411', NULL, 'Occupational Therapist', '1'),
       ('252511', NULL, 'Physiotherapist', '1'),
       ('252611', NULL, 'Podiatrist', '1'),
       ('252711', NULL, 'Audiologist', '1'),
       ('252712', NULL, 'Speech Pathologist (Aus) \\ Speech Language Therapist (NZ)', '1'),
       ('253111', NULL, 'General  Practitioner', '1'),
       ('253112', NULL, 'Resident Medical Officer', '1'),
       ('253211', NULL, 'Anaesthetist', '1'),
       ('253311', NULL, 'Specialist Physician (General Medicine)', '1'),
       ('253312', NULL, 'Cardiologist', '1'),
       ('253313', NULL, 'Clinical Haematologist', '1'),
       ('253314', NULL, 'Medical Oncologist', '1'),
       ('253315', NULL, 'Endocrinologist', '1'),
       ('253316', NULL, 'Gastroenterologist', '1'),
       ('253317', NULL, 'Intensive Care Specialist', '1'),
       ('253318', NULL, 'Neurologist', '1'),
       ('253321', NULL, 'Paediatrician', '1'),
       ('253322', NULL, 'Renal Medicine Specialist', '1'),
       ('253323', NULL, 'Rheumatologist', '1'),
       ('253324', NULL, 'Thoracic Medicine Specialist', '1'),
       ('253399', NULL, 'Specialist Physicians nec', '1'),
       ('253411', NULL, 'Psychiatrist', '1'),
       ('253511', NULL, 'Surgeon (General)', '1'),
       ('253512', NULL, 'Cardiothoracic Surgeon', '1'),
       ('253513', NULL, 'Neurosurgeon', '1'),
       ('253514', NULL, 'Orthopaedic Surgeon', '1'),
       ('253515', NULL, 'Otorhinolaryngologist', '1'),
       ('253516', NULL, 'Paediatric Surgeon', '1'),
       ('253517', NULL, 'Plastic and Reconstructive Surgeon', '1'),
       ('253518', NULL, 'Urologist', '1'),
       ('253521', NULL, 'Vascular Surgeon', '1'),
       ('253911', NULL, 'Dermatologist', '1'),
       ('253912', NULL, 'Emergency Medicine Specialist', '1'),
       ('253913', NULL, 'Obstetrician and Gynaecologist', '1'),
       ('253914', NULL, 'Ophthalmologist', '1'),
       ('253915', NULL, 'Pathologist', '1'),
       ('253917', NULL, 'Diagnostic and Interventional Radiologist', '1'),
       ('253918', NULL, 'Radiation Oncologist', '1'),
       ('253999', NULL, 'Medical Practitioners nec', '1'),
       ('254111', NULL, 'Midwife', '1'),
       ('254211', NULL, 'Nurse Educator', '1'),
       ('254212', NULL, 'Nurse Researcher', '1'),
       ('254311', NULL, 'Nurse Manager', '1'),
       ('254411', NULL, 'Nurse Practitioner', '1'),
       ('254412', NULL, 'Registered Nurse (Aged Care)', '1'),
       ('254413', NULL, 'Registered Nurse (Child and Family Health)', '1'),
       ('254414', NULL, 'Registered Nurse (Community Health)', '1'),
       ('254415', NULL, 'Registered Nurse (Critical Care and Emergency)', '1'),
       ('254416', NULL, 'Registered Nurse (Developmental Disability)', '1'),
       ('254417', NULL, 'Registered Nurse (Disability and Rehabilitation)', '1'),
       ('254418', NULL, 'Registered Nurse (Medical)', '1'),
       ('254421', NULL, 'Registered Nurse (Medical Practice)', '1'),
       ('254422', NULL, 'Registered Nurse (Mental Health)', '1'),
       ('254423', NULL, 'Registered Nurse (Perioperative)', '1'),
       ('254424', NULL, 'Registered Nurse (Surgical)', '1'),
       ('254425', NULL, 'Registered Nurse (Paediatrics)', '1'),
       ('254499', NULL, 'Registered Nurses nec', '1'),
       ('261111', NULL, 'ICT Business Analyst', '1'),
       ('261112', NULL, 'Systems Analyst', '1'),
       ('261211', NULL, 'Multimedia Specialist', '1'),
       ('261212', NULL, 'Web Developer', '1'),
       ('261311', NULL, 'Analyst Programmer', '1'),
       ('261312', NULL, 'Developer Programmer', '1'),
       ('261313', NULL, 'Software Engineer', '1'),
       ('261314', NULL, 'Software Tester', '1'),
       ('261399', NULL, 'Software and Applications Programmers nec', '1'),
       ('262111', NULL, 'Database Administrator', '1'),
       ('262112', NULL, 'ICT Security Specialist', '1'),
       ('262113', NULL, 'Systems Administrator', '1'),
       ('263111', NULL, 'Computer Network and Systems Engineer', '1'),
       ('263112', NULL, 'Network Administrator', '1'),
       ('263113', NULL, 'Network Analyst', '1'),
       ('263211', NULL, 'ICT Quality Assurance Engineer', '1'),
       ('263212', NULL, 'ICT Support Engineer', '1'),
       ('263213', NULL, 'ICT Systems Test Engineer', '1'),
       ('263299', NULL, 'ICT Support and Test Engineers nec', '1'),
       ('263311', NULL, 'Telecommunications Engineer', '1'),
       ('263312', NULL, 'Telecommunications Network Engineer', '1'),
       ('271111', NULL, 'Barrister', '1'),
       ('271211', NULL, 'Judge', '1'),
       ('271212', NULL, 'Magistrate', '1'),
       ('271213', NULL, 'Tribunal Member', '1'),
       ('271214', NULL, 'Intellectual Property Lawyer', '1'),
       ('271299', NULL, 'Judicial and Other Legal Professionals nec', '1'),
       ('271311', NULL, 'Solicitor', '1'),
       ('272111', NULL, 'Careers Counsellor', '1'),
       ('272112', NULL, 'Drug and Alcohol Counsellor', '1'),
       ('272113', NULL, 'Family and Marriage Counsellor', '1'),
       ('272114', NULL, 'Rehabilitation Counsellor', '1'),
       ('272115', NULL, 'Student Counsellor', '1'),
       ('272199', NULL, 'Counsellors nec', '1'),
       ('272211', NULL, 'Minister of Religion', '1'),
       ('272311', NULL, 'Clinical Psychologist', '1'),
       ('272312', NULL, 'Educational Psychologist', '1'),
       ('272313', NULL, 'Organisational Psychologist', '1'),
       ('272314', NULL, 'Psychotherapist', '1'),
       ('272399', NULL, 'Psychologists nec', '1'),
       ('272411', NULL, 'Historian', '1'),
       ('272412', NULL, 'Interpreter', '1'),
       ('272413', NULL, 'Translator', '1'),
       ('272414', NULL, 'Archaeologist', '1'),
       ('272499', NULL, 'Social Professionals nec', '1'),
       ('272511', NULL, 'Social Worker', '1'),
       ('272611', NULL, 'Community Arts Worker', '1'),
       ('272612', NULL, 'Recreation Officer (Aus) \\ Recreation Coordinator (NZ)', '1'),
       ('272613', NULL, 'Welfare Worker', '1'),
       ('141111', NULL, 'Cafe or Restaurant Manager', '2'),
       ('141211', NULL, 'Caravan Park and Camping Ground Manager', '2'),
       ('141311', NULL, 'Hotel or Motel Manager', '2'),
       ('141411', NULL, 'Licensed Club Manager', '2'),
       ('141911', NULL, 'Bed and Breakfast Operator', '2'),
       ('141912', NULL, 'Retirement Village Manager', '2'),
       ('141999', NULL, 'Accommodation and Hospitality Managers nec', '2'),
       ('142111', NULL, 'Retail Manager (General)', '2'),
       ('142112', NULL, 'Antique Dealer', '2'),
       ('142113', NULL, 'Betting Agency Manager', '2'),
       ('142114', NULL, 'Hair or Beauty Salon Manager', '2'),
       ('142115', NULL, 'Post Office Manager', '2'),
       ('142116', NULL, 'Travel Agency Manager', '2'),
       ('149111', NULL, 'Amusement Centre Manager', '2'),
       ('149112', NULL, 'Fitness Centre Manager', '2'),
       ('149113', NULL, 'Sports Centre Manager', '2'),
       ('149211', NULL, 'Call or Contact Centre Manager', '2'),
       ('149212', NULL, 'Customer Service Manager', '2'),
       ('149311', NULL, 'Conference and Event Organiser', '2'),
       ('149411', NULL, 'Fleet Manager', '2'),
       ('149412', NULL, 'Railway Station Manager', '2'),
       ('149413', NULL, 'Transport Company Manager', '2'),
       ('149911', NULL, 'Boarding Kennel or Cattery Operator', '2'),
       ('149912', NULL, 'Cinema or Theatre Manager', '2'),
       ('149913', NULL, 'Facilities Manager', '2'),
       ('149914', NULL, 'Financial Institution Branch Manager', '2'),
       ('149915', NULL, 'Equipment Hire Manager', '2'),
       ('149999', NULL, 'Hospitality, Retail and Service Managers nec', '2'),
       ('222111', NULL, 'Commodities Trader', '2'),
       ('222112', NULL, 'Finance Broker', '2'),
       ('222113', NULL, 'Insurance Broker', '2'),
       ('222199', NULL, 'Financial Brokers nec', '2'),
       ('311111', NULL, 'Agricultural Technician', '2'),
       ('311211', NULL, 'Anaesthetic Technician', '2'),
       ('311212', NULL, 'Cardiac Technician', '2'),
       ('311213', NULL, 'Medical Laboratory Technician', '2'),
       ('311214', NULL, 'Operating Theatre Technician', '2'),
       ('311215', NULL, 'Pharmacy Technician', '2'),
       ('311299', NULL, 'Medical Technicians nec', '2'),
       ('311311', NULL, 'Fisheries Officer', '2'),
       ('311312', NULL, 'Meat Inspector', '2'),
       ('311313', NULL, 'Quarantine Officer', '2'),
       ('311399', NULL, 'Primary Products Inspectors nec', '2'),
       ('311411', NULL, 'Chemistry Technician', '2'),
       ('311412', NULL, 'Earth Science Technician', '2'),
       ('311413', NULL, 'Life Science Technician', '2'),
       ('311414', NULL, 'School Laboratory Technician', '2'),
       ('311415', NULL, 'Hydrographer', '2'),
       ('311499', NULL, 'Science Technicians nec', '2'),
       ('312111', NULL, 'Architectural Draftsperson', '2'),
       ('312112', NULL, 'Building Associate', '2'),
       ('312113', NULL, 'Building Inspector', '2'),
       ('312114', NULL, 'Construction Estimator', '2'),
       ('312115', NULL, 'Plumbing Inspector', '2'),
       ('312116', NULL, 'Surveying or Spatial Science Technician', '2'),
       ('312199', NULL, 'Architectural, Building and Surveying Technicians nec', '2'),
       ('312211', NULL, 'Civil Engineering Draftsperson', '2'),
       ('312212', NULL, 'Civil Engineering Technician', '2'),
       ('312311', NULL, 'Electrical Engineering Draftsperson', '2'),
       ('312312', NULL, 'Electrical Engineering Technician', '2'),
       ('312411', NULL, 'Electronic Engineering Draftsperson', '2'),
       ('312412', NULL, 'Electronic Engineering Technician', '2'),
       ('312511', NULL, 'Mechanical Engineering Draftsperson', '2'),
       ('312512', NULL, 'Mechanical Engineering Technician', '2'),
       ('312611', NULL, 'Safety Inspector', '2'),
       ('312911', NULL, 'Maintenance Planner', '2'),
       ('312912', NULL, 'Metallurgical or Materials Technician', '2'),
       ('312913', NULL, 'Mine Deputy', '2'),
       ('312999', NULL, 'Building and Engineering Technicians nec', '2'),
       ('313111', NULL, 'Hardware Technician', '2'),
       ('313112', NULL, 'ICT Customer Support Officer', '2'),
       ('313113', NULL, 'Web Administrator', '2'),
       ('313199', NULL, 'ICT Support Technicians nec', '2'),
       ('313211', NULL, 'Radiocommunications Technician', '2'),
       ('313212', NULL, 'Telecommunications Field Engineer', '2'),
       ('313213', NULL, 'Telecommunications Network Planner', '2'),
       ('313214', NULL, 'Telecommunications Technical Officer or Technologist', '2'),
       ('351311', NULL, 'Chef', '2'),
       ('399311', NULL, 'Gallery or Museum Technician', '2'),
       ('399312', NULL, 'Library Technician', '2'),
       ('399912', NULL, 'Interior Decorator', '2'),
       ('411111', NULL, 'Ambulance Officer', '2'),
       ('411112', NULL, 'Intensive Care Ambulance Paramedic (Aus) \\ Ambulance Paramedic (NZ)', '2'),
       ('411211', NULL, 'Dental Hygienist', '2'),
       ('411212', NULL, 'Dental Prosthetist', '2'),
       ('411213', NULL, 'Dental Technician', '2'),
       ('411214', NULL, 'Dental Therapist', '2'),
       ('411411', NULL, 'Enrolled Nurse', '2'),
       ('411412', NULL, 'Mothercraft Nurse', '2'),
       ('411511', NULL, 'Aboriginal and Torres Strait Islander Health Worker', '2'),
       ('411512', NULL, 'Kaiawhina (Hauora) (Maori Health Assistant)', '2'),
       ('411611', NULL, 'Massage Therapist', '2'),
       ('411711', NULL, 'Community Worker', '2'),
       ('411712', NULL, 'Disabilities Services Officer', '2'),
       ('411713', NULL, 'Family Support Worker', '2'),
       ('411714', NULL, 'Parole or Probation Officer', '2'),
       ('411715', NULL, 'Residential Care Officer', '2'),
       ('411716', NULL, 'Youth Worker', '2'),
       ('441311', NULL, 'Detective', '2'),
       ('441312', NULL, 'Police Officer', '2'),
       ('451311', NULL, 'Funeral Director', '2'),
       ('452321', NULL, 'Sports Development Officer', '2'),
       ('511111', NULL, 'Contract Administrator', '2'),
       ('511112', NULL, 'Program or Project Administrator', '2'),
       ('512111', NULL, 'Office Manager', '2'),
       ('512211', NULL, 'Health Practice Manager', '2'),
       ('512299', NULL, 'Practice Managers nec', '2'),
       ('599111', NULL, 'Conveyancer', '2'),
       ('599112', NULL, 'Legal Executive', '2'),
       ('612113', NULL, 'Real Estate Agency Principal (Aus) \\ Real Estate Agency Licensee (NZ)', '2'),
       ('311216', NULL, 'Pathology Collector (Aus) \\ Phlebotomist (NZ)', '3'),
       ('321111', NULL, 'Automotive Electrician', '3'),
       ('321211', NULL, 'Motor Mechanic (General)', '3'),
       ('321212', NULL, 'Diesel Motor Mechanic', '3'),
       ('321213', NULL, 'Motorcycle Mechanic', '3'),
       ('321214', NULL, 'Small Engine Mechanic', '3'),
       ('322111', NULL, 'Blacksmith', '3'),
       ('322112', NULL, 'Electroplater', '3'),
       ('322113', NULL, 'Farrier', '3'),
       ('322114', NULL, 'Metal Casting Trades Worker', '3'),
       ('322115', NULL, 'Metal Polisher', '3'),
       ('322211', NULL, 'Sheetmetal Trades Worker', '3'),
       ('322311', NULL, 'Metal Fabricator', '3'),
       ('322312', NULL, 'Pressure Welder', '3'),
       ('322313', NULL, 'Welder (First Class) (Aus) \\ Welder (NZ)', '3'),
       ('323111', NULL, 'Aircraft Maintenance Engineer (Avionics)', '3'),
       ('323112', NULL, 'Aircraft Maintenance Engineer (Mechanical)', '3'),
       ('323113', NULL, 'Aircraft Maintenance Engineer (Structures)', '3'),
       ('323211', NULL, 'Fitter (General)', '3'),
       ('323212', NULL, 'Fitter and Turner', '3'),
       ('323213', NULL, 'Fitter-Welder', '3'),
       ('323214', NULL, 'Metal Machinist (First Class)', '3'),
       ('323215', NULL, 'Textile, Clothing and Footwear Mechanic', '3'),
       ('323299', NULL, 'Metal Fitters and Machinists nec', '3'),
       ('323311', NULL, 'Engraver', '3'),
       ('323312', NULL, 'Gunsmith', '3'),
       ('323313', NULL, 'Locksmith', '3'),
       ('323314', NULL, 'Precision Instrument Maker and Repairer', '3'),
       ('323315', NULL, 'Saw Maker and Repairer', '3'),
       ('323316', NULL, 'Watch and Clock Maker and Repairer', '3'),
       ('323411', NULL, 'Engineering Patternmaker', '3'),
       ('323412', NULL, 'Toolmaker', '3'),
       ('324111', NULL, 'Panelbeater', '3'),
       ('324211', NULL, 'Vehicle Body Builder', '3'),
       ('324212', NULL, 'Vehicle Trimmer', '3'),
       ('324311', NULL, 'Vehicle Painter', '3'),
       ('331111', NULL, 'Bricklayer', '3'),
       ('331112', NULL, 'Stonemason', '3'),
       ('331211', NULL, 'Carpenter and Joiner', '3'),
       ('331212', NULL, 'Carpenter', '3'),
       ('331213', NULL, 'Joiner', '3'),
       ('332111', NULL, 'Floor Finisher', '3'),
       ('332211', NULL, 'Painting Trades Worker', '3'),
       ('333111', NULL, 'Glazier', '3'),
       ('333211', NULL, 'Fibrous Plasterer', '3'),
       ('333212', NULL, 'Solid Plasterer', '3'),
       ('333311', NULL, 'Roof Tiler', '3'),
       ('333411', NULL, 'Wall and Floor Tiler', '3'),
       ('334111', NULL, 'Plumber (General)', '3'),
       ('334112', NULL, 'Airconditioning and Mechanical Services Plumber', '3'),
       ('334113', NULL, 'Drainer (Aus) \\ Drainlayer (NZ)', '3'),
       ('334114', NULL, 'Gasfitter', '3'),
       ('334115', NULL, 'Roof Plumber', '3'),
       ('341111', NULL, 'Electrician (General)', '3'),
       ('341112', NULL, 'Electrician (Special Class)', '3'),
       ('341113', NULL, 'Lift Mechanic', '3'),
       ('342111', NULL, 'Airconditioning and Refrigeration Mechanic', '3'),
       ('342211', NULL, 'Electrical Linesworker (Aus) \\ Electrical Line Mechanic (NZ)', '3'),
       ('342212', NULL, 'Technical Cable Jointer', '3'),
       ('342311', NULL, 'Business Machine Mechanic', '3'),
       ('342312', NULL, 'Communications Operator', '3'),
       ('342313', NULL, 'Electronic Equipment Trades Worker', '3'),
       ('342314', NULL, 'Electronic Instrument Trades Worker (General)', '3'),
       ('342315', NULL, 'Electronic Instrument Trades Worker (Special Class)', '3'),
       ('342411', NULL, 'Cabler (Data and Telecommunications)', '3'),
       ('342412', NULL, 'Telecommunications Cable Jointer', '3'),
       ('342413', NULL, 'Telecommunications Linesworker (Aus) \\ Telecommunications Line Mechanic (NZ)', '3'),
       ('342414', NULL, 'Telecommunications Technician', '3'),
       ('351111', NULL, 'Baker', '3'),
       ('351112', NULL, 'Pastrycook', '3'),
       ('351211', NULL, 'Butcher or Smallgoods Maker', '3'),
       ('351411', NULL, 'Cook', '3'),
       ('361111', NULL, 'Dog Handler or Trainer', '3'),
       ('361112', NULL, 'Horse Trainer', '3'),
       ('361113', NULL, 'Pet Groomer', '3'),
       ('361114', NULL, 'Zookeeper', '3'),
       ('361115', NULL, 'Kennel Hand', '3'),
       ('361199', NULL, 'Animal Attendants and Trainers nec', '3'),
       ('361211', NULL, 'Shearer', '3'),
       ('361311', NULL, 'Veterinary Nurse', '3'),
       ('362111', NULL, 'Florist', '3'),
       ('362211', NULL, 'Gardener (General)', '3'),
       ('362212', NULL, 'Arborist', '3'),
       ('362213', NULL, 'Landscape Gardener', '3'),
       ('362311', NULL, 'Greenkeeper', '3'),
       ('362411', NULL, 'Nurseryperson', '3'),
       ('391111', NULL, 'Hairdresser', '3'),
       ('392111', NULL, 'Print Finisher', '3'),
       ('392112', NULL, 'Screen Printer', '3'),
       ('392211', NULL, 'Graphic Pre-press Trades Worker', '3'),
       ('392311', NULL, 'Printing Machinist', '3'),
       ('392312', NULL, 'Small Offset Printer', '3'),
       ('393111', NULL, 'Canvas Goods Fabricator', '3'),
       ('393112', NULL, 'Leather Goods Maker', '3'),
       ('393113', NULL, 'Sail Maker', '3'),
       ('393114', NULL, 'Shoemaker', '3'),
       ('393211', NULL, 'Apparel Cutter', '3'),
       ('393212', NULL, 'Clothing Patternmaker', '3'),
       ('393213', NULL, 'Dressmaker or Tailor', '3'),
       ('393299', NULL, 'Clothing Trades Workers nec', '3'),
       ('393311', NULL, 'Upholsterer', '3'),
       ('394111', NULL, 'Cabinetmaker', '3'),
       ('394211', NULL, 'Furniture Finisher', '3'),
       ('394212', NULL, 'Picture Framer', '3'),
       ('394213', NULL, 'Wood Machinist', '3'),
       ('394214', NULL, 'Wood Turner', '3'),
       ('394299', NULL, 'Wood Machinists and Other Wood Trades Workers nec', '3'),
       ('399111', NULL, 'Boat Builder and Repairer', '3'),
       ('399112', NULL, 'Shipwright', '3'),
       ('399211', NULL, 'Chemical Plant Operator', '3'),
       ('399212', NULL, 'Gas or Petroleum Operator', '3'),
       ('399213', NULL, 'Power Generation Plant Operator', '3'),
       ('399411', NULL, 'Jeweller', '3'),
       ('399511', NULL, 'Broadcast Transmitter Operator', '3'),
       ('399512', NULL, 'Camera Operator (Film, Television or Video)', '3'),
       ('399513', NULL, 'Light Technician', '3'),
       ('399514', NULL, 'Make Up Artist', '3'),
       ('399515', NULL, 'Musical Instrument Maker or Repairer', '3'),
       ('399516', NULL, 'Sound Technician', '3'),
       ('399517', NULL, 'Television Equipment Operator', '3'),
       ('399599', NULL, 'Performing Arts Technicians nec', '3'),
       ('399611', NULL, 'Signwriter', '3'),
       ('399911', NULL, 'Diver', '3'),
       ('399913', NULL, 'Optical Dispenser (Aus) \\ Dispensing Optician (NZ)', '3'),
       ('399914', NULL, 'Optical Mechanic', '3'),
       ('399915', NULL, 'Photographer\'s Assistant', '3'),
       ('399916', NULL, 'Plastics Technician', '3'),
       ('399917', NULL, 'Wool Classer', '3'),
       ('399918', NULL, 'Fire Protection Equipment Technician', '3'),
       ('399999', NULL, 'Technicians and Trades Workers nec', '3'),
       ('411311', NULL, 'Diversional Therapist', '3'),
       ('431411', NULL, 'Hotel Service Manager', '3'),
       ('441111', NULL, 'Defence Force Member - Other Ranks', '3'),
       ('441211', NULL, 'Emergency Service Worker', '3'),
       ('441212', NULL, 'Fire Fighter', '3'),
       ('442216', NULL, 'Security Consultant', '3'),
       ('451211', NULL, 'Driving Instructor', '3'),
       ('451399', NULL, 'Funeral Workers nec', '3'),
       ('451711', NULL, 'Flight Attendant', '3'),
       ('451799', NULL, 'Travel Attendants nec', '3'),
       ('451815', NULL, 'First Aid Trainer', '3'),
       ('452311', NULL, 'Diving Instructor (Open Water)', '3'),
       ('452312', NULL, 'Gymnastics Coach or Instructor', '3'),
       ('452313', NULL, 'Horse Riding Coach or Instructor', '3'),
       ('452314', NULL, 'Snowsport Instructor', '3'),
       ('452315', NULL, 'Swimming Coach or Instructor', '3'),
       ('452316', NULL, 'Tennis Coach', '3'),
       ('452317', NULL, 'Other Sports Coach or Instructor', '3'),
       ('452318', NULL, 'Dog or Horse Racing Official', '3'),
       ('452322', NULL, 'Sports Umpire', '3'),
       ('452323', NULL, 'Other Sports Official', '3'),
       ('452411', NULL, 'Footballer', '3'),
       ('452412', NULL, 'Golfer', '3'),
       ('452413', NULL, 'Jockey', '3'),
       ('452414', NULL, 'Lifeguard', '3'),
       ('452499', NULL, 'Sportspersons nec', '3'),
       ('521111', NULL, 'Personal Assistant', '3'),
       ('521211', NULL, 'Secretary (General)', '3'),
       ('521212', NULL, 'Legal Secretary', '3'),
       ('541111', NULL, 'Call or Contact Centre Team Leader', '3'),
       ('599211', NULL, 'Clerk of Court', '3'),
       ('599212', NULL, 'Court Bailiff or Sheriff (Aus) \\ Court Collections Officer (NZ)', '3'),
       ('599213', NULL, 'Court Orderly (Aus) \\ Court Registry Officer (NZ)', '3'),
       ('599214', NULL, 'Law Clerk', '3'),
       ('599215', NULL, 'Trust Officer', '3'),
       ('599611', NULL, 'Insurance Investigator', '3'),
       ('599612', NULL, 'Insurance Loss Adjuster', '3'),
       ('599613', NULL, 'Insurance Risk Surveyor', '3'),
       ('599915', NULL, 'Clinical Coder', '3'),
       ('611111', NULL, 'Auctioneer', '3'),
       ('611112', NULL, 'Stock and Station Agent', '3'),
       ('611211', NULL, 'Insurance Agent', '3'),
       ('612111', NULL, 'Business Broker', '3'),
       ('612112', NULL, 'Property Manager', '3'),
       ('612114', NULL, 'Real Estate Agent', '3'),
       ('612115', NULL, 'Real Estate Representative', '3'),
       ('639211', NULL, 'Retail Buyer', '3'),
       ('639212', NULL, 'Wool Buyer', '3');

-- --------------------------------------------------------

--
-- Table structure for table `company_prospects_noc_job_titles`
--

CREATE TABLE `company_prospects_noc_job_titles`
(
    `noc_code`      varchar(6)   DEFAULT NULL,
    `noc_job_title` varchar(255) DEFAULT NULL
) ENGINE = InnoDB
  DEFAULT CHARSET = utf8 COMMENT ='Each job title has own mapping to the NOC code.';

--
-- Dumping data for table `company_prospects_noc_job_titles`
--

INSERT INTO `company_prospects_noc_job_titles` (`noc_code`, `noc_job_title`)
VALUES ('111111', 'Chief Executive or Managing Director'),
       ('111211', 'Corporate General Manager'),
       ('111212', 'Defence Force Senior Officer'),
       ('111311', 'Local Government Legislator'),
       ('111312', 'Member of Parliament'),
       ('111399', 'Legislators nec'),
       ('121111', 'Aquaculture Farmer'),
       ('121211', 'Cotton Grower'),
       ('121212', 'Flower Grower'),
       ('121213', 'Fruit or Nut Grower'),
       ('121214', 'Grain, Oilseed or Pasture Grower (Aus) \\ Field Crop Grower (NZ)'),
       ('121215', 'Grape Grower'),
       ('121216', 'Mixed Crop Farmer'),
       ('121217', 'Sugar Cane Grower'),
       ('121218', 'Turf Grower'),
       ('121221', 'Vegetable Grower (Aus) \\ Market Gardener (NZ)'),
       ('121299', 'Crop Farmers nec'),
       ('121311', 'Apiarist'),
       ('121312', 'Beef Cattle Farmer'),
       ('121313', 'Dairy Cattle Farmer'),
       ('121314', 'Deer Farmer'),
       ('121315', 'Goat Farmer'),
       ('121316', 'Horse Breeder'),
       ('121317', 'Mixed Livestock Farmer'),
       ('121318', 'Pig Farmer'),
       ('121321', 'Poultry Farmer'),
       ('121322', 'Sheep Farmer'),
       ('121399', 'Livestock Farmers nec'),
       ('121411', 'Mixed Crop and Livestock Farmer'),
       ('131112', 'Sales and Marketing Manager'),
       ('131113', 'Advertising Manager'),
       ('131114', 'Public Relations Manager'),
       ('132111', 'Corporate Services Manager'),
       ('132211', 'Finance Manager'),
       ('132311', 'Human Resource Manager'),
       ('132411', 'Policy and Planning Manager'),
       ('132511', 'Research and Development Manager'),
       ('133111', 'Construction Project Manager'),
       ('133112', 'Project Builder'),
       ('133211', 'Engineering Manager'),
       ('133311', 'Importer or Exporter'),
       ('133312', 'Wholesaler'),
       ('133411', 'Manufacturer'),
       ('133511', 'Production Manager (Forestry)'),
       ('133512', 'Production Manager (Manufacturing)'),
       ('133513', 'Production Manager (Mining)'),
       ('133611', 'Supply and Distribution Manager'),
       ('133612', 'Procurement Manager'),
       ('134111', 'Child Care Centre Manager'),
       ('134211', 'Medical Administrator (Aus) \\ Medical Superintendent (NZ)'),
       ('134212', 'Nursing Clinical Director'),
       ('134213', 'Primary Health Organisation Manager'),
       ('134214', 'Welfare Centre Manager'),
       ('134299', 'Health and Welfare Services Managers nec'),
       ('134311', 'School Principal'),
       ('134411', 'Faculty Head'),
       ('134412', 'Regional Education Manager'),
       ('134499', 'Education Managers nec'),
       ('135111', 'Chief Information Officer'),
       ('135112', 'ICT Project Manager'),
       ('135199', 'ICT Managers nec'),
       ('139111', 'Commissioned Defence Force Officer'),
       ('139112', 'Commissioned Fire Officer'),
       ('139113', 'Commissioned Police Officer'),
       ('139211', 'Senior Non-commissioned Defence Force Member'),
       ('139911', 'Arts Administrator or Manager'),
       ('139912', 'Environmental Manager'),
       ('139913', 'Laboratory Manager'),
       ('139914', 'Quality Assurance Manager'),
       ('139915', 'Sports Administrator'),
       ('139999', 'Specialist Managers nec'),
       ('211111', 'Actor'),
       ('211112', 'Dancer or Choreographer'),
       ('211113', 'Entertainer or Variety Artist'),
       ('211199', 'Actors, Dancers and Other Entertainers nec'),
       ('211211', 'Composer'),
       ('211212', 'Music Director'),
       ('211213', 'Musician (Instrumental)'),
       ('211214', 'Singer'),
       ('211299', 'Music Professionals nec'),
       ('211311', 'Photographer'),
       ('211411', 'Painter (Visual Arts)'),
       ('211412', 'Potter or Ceramic Artist'),
       ('211413', 'Sculptor'),
       ('211499', 'Visual Arts and Crafts Professionals nec'),
       ('212111', 'Artistic Director'),
       ('212112', 'Media Producer (excluding Video)'),
       ('212113', 'Radio Presenter'),
       ('212114', 'Television Presenter'),
       ('212211', 'Author'),
       ('212212', 'Book or Script Editor'),
       ('212311', 'Art Director (Film, Television or Stage)'),
       ('212312', 'Director (Film, Television, Radio or Stage)'),
       ('212313', 'Director of Photography'),
       ('212314', 'Film and Video Editor'),
       ('212315', 'Program Director (Television or Radio)'),
       ('212316', 'Stage Manager'),
       ('212317', 'Technical Director'),
       ('212318', 'Video Producer'),
       ('212399', 'Film, Television, Radio and Stage Directors nec'),
       ('212411', 'Copywriter'),
       ('212412', 'Newspaper or Periodical Editor'),
       ('212413', 'Print Journalist'),
       ('212414', 'Radio Journalist'),
       ('212415', 'Technical Writer'),
       ('212416', 'Television Journalist'),
       ('212499', 'Journalists and Other Writers nec'),
       ('221111', 'Accountant (General)'),
       ('221112', 'Management Accountant'),
       ('221113', 'Taxation Accountant'),
       ('221211', 'Company Secretary'),
       ('221212', 'Corporate Treasurer'),
       ('221213', 'External Auditor'),
       ('221214', 'Internal Auditor'),
       ('222211', 'Financial Market Dealer'),
       ('222212', 'Futures Trader'),
       ('222213', 'Stockbroking Dealer'),
       ('222299', 'Financial Dealers nec'),
       ('222311', 'Financial Investment Adviser'),
       ('222312', 'Financial Investment Manager'),
       ('223111', 'Human Resource Adviser'),
       ('223112', 'Recruitment Consultant'),
       ('223113', 'Workplace Relations Adviser'),
       ('223211', 'ICT Trainer'),
       ('223311', 'Training and Development Professional'),
       ('224111', 'Actuary'),
       ('224112', 'Mathematician'),
       ('224113', 'Statistician'),
       ('224211', 'Archivist'),
       ('224212', 'Gallery or Museum Curator'),
       ('224213', 'Health Information Manager'),
       ('224214', 'Records Manager'),
       ('224311', 'Economist'),
       ('224411', 'Intelligence Officer'),
       ('224412', 'Policy Analyst'),
       ('224511', 'Land Economist'),
       ('224512', 'Valuer'),
       ('224611', 'Librarian'),
       ('224711', 'Management Consultant'),
       ('224712', 'Organisation and Methods Analyst'),
       ('224911', 'Electorate Officer'),
       ('224912', 'Liaison Officer'),
       ('224913', 'Migration Agent (Aus) \\ Immigration Consultant (NZ)'),
       ('224914', 'Patents Examiner'),
       ('224999', 'Information and Organisation Professionals nec'),
       ('225111', 'Advertising Specialist'),
       ('225112', 'Market Research Analyst'),
       ('225113', 'Marketing Specialist'),
       ('225211', 'ICT Account Manager'),
       ('225212', 'ICT Business Development Manager'),
       ('225213', 'ICT Sales Representative'),
       ('225311', 'Public Relations Professional'),
       ('225411', 'Sales Representative (Industrial Products)'),
       ('225412', 'Sales Representative (Medical and Pharmaceutical Products)'),
       ('225499', 'Technical Sales Representatives nec'),
       ('231111', 'Aeroplane Pilot'),
       ('231112', 'Air Traffic Controller'),
       ('231113', 'Flying Instructor'),
       ('231114', 'Helicopter Pilot'),
       ('231199', 'Air Transport Professionals nec'),
       ('231211', 'Master Fisher'),
       ('231212', 'Ship\'s Engineer'),
       ('231213', 'Ship\'s Master'),
       ('231214', 'Ship\'s Officer'),
       ('231215', 'Marine Surveyor'),
       ('231299', 'Marine Transport Professionals nec'),
       ('232111', 'Architect'),
       ('232112', 'Landscape Architect'),
       ('232212', 'Surveyor'),
       ('232213', 'Cartographer'),
       ('232214', 'Other Spatial Scientist'),
       ('232311', 'Fashion Designer'),
       ('232312', 'Industrial Designer'),
       ('232313', 'Jewellery Designer'),
       ('232411', 'Graphic Designer'),
       ('232412', 'Illustrator'),
       ('232413', 'Multimedia Designer'),
       ('232414', 'Web Designer'),
       ('232511', 'Interior Designer'),
       ('232611', 'Urban and Regional Planner'),
       ('233111', 'Chemical Engineer'),
       ('233112', 'Materials Engineer'),
       ('233211', 'Civil Engineer'),
       ('233212', 'Geotechnical Engineer'),
       ('233213', 'Quantity Surveyor'),
       ('233214', 'Structural Engineer'),
       ('233215', 'Transport Engineer'),
       ('233311', 'Electrical Engineer'),
       ('233411', 'Electronics Engineer'),
       ('233511', 'Industrial Engineer'),
       ('233512', 'Mechanical Engineer'),
       ('233513', 'Production or Plant Engineer'),
       ('233611', 'Mining Engineer (excluding Petroleum)'),
       ('233612', 'Petroleum Engineer'),
       ('233911', 'Aeronautical Engineer'),
       ('233912', 'Agricultural Engineer'),
       ('233913', 'Biomedical Engineer'),
       ('233914', 'Engineering Technologist'),
       ('233915', 'Environmental Engineer'),
       ('233916', 'Naval Architect (Aus) \\ Marine Designer (NZ)'),
       ('233999', 'Engineering Professionals nec'),
       ('234111', 'Agricultural Consultant'),
       ('234112', 'Agricultural Scientist'),
       ('234113', 'Forester (Aus) \\ Forest Scientist (NZ)'),
       ('234211', 'Chemist'),
       ('234212', 'Food Technologist'),
       ('234213', 'Wine Maker'),
       ('234311', 'Conservation Officer'),
       ('234312', 'Environmental Consultant'),
       ('234313', 'Environmental Research Scientist'),
       ('234314', 'Park Ranger'),
       ('234399', 'Environmental Scientists nec'),
       ('234411', 'Geologist'),
       ('234412', 'Geophysicist'),
       ('234413', 'Hydrogeologist'),
       ('234511', 'Life Scientist (General)'),
       ('234513', 'Biochemist'),
       ('234514', 'Biotechnologist'),
       ('234515', 'Botanist'),
       ('234516', 'Marine Biologist'),
       ('234517', 'Microbiologist'),
       ('234518', 'Zoologist'),
       ('234599', 'Life Scientists nec'),
       ('234611', 'Medical Laboratory Scientist'),
       ('234711', 'Veterinarian'),
       ('234911', 'Conservator'),
       ('234912', 'Metallurgist'),
       ('234913', 'Meteorologist'),
       ('234914', 'Physicist'),
       ('234915', 'Exercise Physiologist'),
       ('234999', 'Natural and Physical Science Professionals nec'),
       ('241111', 'Early Childhood (Pre-primary School) Teacher'),
       ('241112', 'Kaiako Kohanga Reo (Maori Language Nest Teacher)'),
       ('241211', 'Kaiako Kura Kaupapa Maori (Maori-medium Primary School Teacher)'),
       ('241212', 'Pouako Kura Kaupapa Maori (Maori-medium Primary School Senior Teacher)'),
       ('241213', 'Primary School Teacher'),
       ('241311', 'Middle School Teacher (Aus) \\ Intermediate School Teacher (NZ)'),
       ('241411', 'Secondary School Teacher'),
       ('241511', 'Special Needs Teacher'),
       ('241512', 'Teacher of the Hearing Impaired'),
       ('241513', 'Teacher of the Sight Impaired'),
       ('241599', 'Special Education Teachers nec'),
       ('242111', 'University Lecturer'),
       ('242112', 'University Tutor'),
       ('242211', 'Vocational Education Teacher (Aus) \\ Polytechnic Teacher (NZ)'),
       ('249111', 'Education Adviser'),
       ('249112', 'Education Reviewer'),
       ('249211', 'Art Teacher (Private Tuition)'),
       ('249212', 'Dance Teacher (Private Tuition)'),
       ('249213', 'Drama Teacher (Private Tuition)'),
       ('249214', 'Music Teacher (Private Tuition)'),
       ('249299', 'Private Tutors and Teachers nec'),
       ('249311', 'Teacher of English to Speakers of Other Languages'),
       ('251111', 'Dietitian'),
       ('251112', 'Nutritionist'),
       ('251211', 'Medical Diagnostic Radiographer'),
       ('251212', 'Medical Radiation Therapist'),
       ('251213', 'Nuclear Medicine Technologist'),
       ('251214', 'Sonographer'),
       ('251311', 'Environmental Health Officer'),
       ('251312', 'Occupational Health and Safety Adviser'),
       ('251411', 'Optometrist'),
       ('251412', 'Orthoptist'),
       ('251511', 'Hospital Pharmacist'),
       ('251512', 'Industrial Pharmacist'),
       ('251513', 'Retail Pharmacist'),
       ('251911', 'Health Promotion Officer'),
       ('251912', 'Orthotist or Prosthetist'),
       ('251999', 'Health Diagnostic and Promotion Professionals nec'),
       ('252111', 'Chiropractor'),
       ('252112', 'Osteopath'),
       ('252211', 'Acupuncturist'),
       ('252212', 'Homoeopath'),
       ('252213', 'Naturopath'),
       ('252214', 'Traditional Chinese Medicine Practitioner'),
       ('252215', 'Traditional Maori Health Practitioner'),
       ('252299', 'Complementary Health Therapists nec'),
       ('252311', 'Dental Specialist'),
       ('252312', 'Dentist'),
       ('252411', 'Occupational Therapist'),
       ('252511', 'Physiotherapist'),
       ('252611', 'Podiatrist'),
       ('252711', 'Audiologist'),
       ('252712', 'Speech Pathologist (Aus) \\ Speech Language Therapist (NZ)'),
       ('253111', 'General  Practitioner'),
       ('253112', 'Resident Medical Officer'),
       ('253211', 'Anaesthetist'),
       ('253311', 'Specialist Physician (General Medicine)'),
       ('253312', 'Cardiologist'),
       ('253313', 'Clinical Haematologist'),
       ('253314', 'Medical Oncologist'),
       ('253315', 'Endocrinologist'),
       ('253316', 'Gastroenterologist'),
       ('253317', 'Intensive Care Specialist'),
       ('253318', 'Neurologist'),
       ('253321', 'Paediatrician'),
       ('253322', 'Renal Medicine Specialist'),
       ('253323', 'Rheumatologist'),
       ('253324', 'Thoracic Medicine Specialist'),
       ('253399', 'Specialist Physicians nec'),
       ('253411', 'Psychiatrist'),
       ('253511', 'Surgeon (General)'),
       ('253512', 'Cardiothoracic Surgeon'),
       ('253513', 'Neurosurgeon'),
       ('253514', 'Orthopaedic Surgeon'),
       ('253515', 'Otorhinolaryngologist'),
       ('253516', 'Paediatric Surgeon'),
       ('253517', 'Plastic and Reconstructive Surgeon'),
       ('253518', 'Urologist'),
       ('253521', 'Vascular Surgeon'),
       ('253911', 'Dermatologist'),
       ('253912', 'Emergency Medicine Specialist'),
       ('253913', 'Obstetrician and Gynaecologist'),
       ('253914', 'Ophthalmologist'),
       ('253915', 'Pathologist'),
       ('253917', 'Diagnostic and Interventional Radiologist'),
       ('253918', 'Radiation Oncologist'),
       ('253999', 'Medical Practitioners nec'),
       ('254111', 'Midwife'),
       ('254211', 'Nurse Educator'),
       ('254212', 'Nurse Researcher'),
       ('254311', 'Nurse Manager'),
       ('254411', 'Nurse Practitioner'),
       ('254412', 'Registered Nurse (Aged Care)'),
       ('254413', 'Registered Nurse (Child and Family Health)'),
       ('254414', 'Registered Nurse (Community Health)'),
       ('254415', 'Registered Nurse (Critical Care and Emergency)'),
       ('254416', 'Registered Nurse (Developmental Disability)'),
       ('254417', 'Registered Nurse (Disability and Rehabilitation)'),
       ('254418', 'Registered Nurse (Medical)'),
       ('254421', 'Registered Nurse (Medical Practice)'),
       ('254422', 'Registered Nurse (Mental Health)'),
       ('254423', 'Registered Nurse (Perioperative)'),
       ('254424', 'Registered Nurse (Surgical)'),
       ('254425', 'Registered Nurse (Paediatrics)'),
       ('254499', 'Registered Nurses nec'),
       ('261111', 'ICT Business Analyst'),
       ('261112', 'Systems Analyst'),
       ('261211', 'Multimedia Specialist'),
       ('261212', 'Web Developer'),
       ('261311', 'Analyst Programmer'),
       ('261312', 'Developer Programmer'),
       ('261313', 'Software Engineer'),
       ('261314', 'Software Tester'),
       ('261399', 'Software and Applications Programmers nec'),
       ('262111', 'Database Administrator'),
       ('262112', 'ICT Security Specialist'),
       ('262113', 'Systems Administrator'),
       ('263111', 'Computer Network and Systems Engineer'),
       ('263112', 'Network Administrator'),
       ('263113', 'Network Analyst'),
       ('263211', 'ICT Quality Assurance Engineer'),
       ('263212', 'ICT Support Engineer'),
       ('263213', 'ICT Systems Test Engineer'),
       ('263299', 'ICT Support and Test Engineers nec'),
       ('263311', 'Telecommunications Engineer'),
       ('263312', 'Telecommunications Network Engineer'),
       ('271111', 'Barrister'),
       ('271211', 'Judge'),
       ('271212', 'Magistrate'),
       ('271213', 'Tribunal Member'),
       ('271214', 'Intellectual Property Lawyer'),
       ('271299', 'Judicial and Other Legal Professionals nec'),
       ('271311', 'Solicitor'),
       ('272111', 'Careers Counsellor'),
       ('272112', 'Drug and Alcohol Counsellor'),
       ('272113', 'Family and Marriage Counsellor'),
       ('272114', 'Rehabilitation Counsellor'),
       ('272115', 'Student Counsellor'),
       ('272199', 'Counsellors nec'),
       ('272211', 'Minister of Religion'),
       ('272311', 'Clinical Psychologist'),
       ('272312', 'Educational Psychologist'),
       ('272313', 'Organisational Psychologist'),
       ('272314', 'Psychotherapist'),
       ('272399', 'Psychologists nec'),
       ('272411', 'Historian'),
       ('272412', 'Interpreter'),
       ('272413', 'Translator'),
       ('272414', 'Archaeologist'),
       ('272499', 'Social Professionals nec'),
       ('272511', 'Social Worker'),
       ('272611', 'Community Arts Worker'),
       ('272612', 'Recreation Officer (Aus) \\ Recreation Coordinator (NZ)'),
       ('272613', 'Welfare Worker'),
       ('141111', 'Cafe or Restaurant Manager'),
       ('141211', 'Caravan Park and Camping Ground Manager'),
       ('141311', 'Hotel or Motel Manager'),
       ('141411', 'Licensed Club Manager'),
       ('141911', 'Bed and Breakfast Operator'),
       ('141912', 'Retirement Village Manager'),
       ('141999', 'Accommodation and Hospitality Managers nec'),
       ('142111', 'Retail Manager (General)'),
       ('142112', 'Antique Dealer'),
       ('142113', 'Betting Agency Manager'),
       ('142114', 'Hair or Beauty Salon Manager'),
       ('142115', 'Post Office Manager'),
       ('142116', 'Travel Agency Manager'),
       ('149111', 'Amusement Centre Manager'),
       ('149112', 'Fitness Centre Manager'),
       ('149113', 'Sports Centre Manager'),
       ('149211', 'Call or Contact Centre Manager'),
       ('149212', 'Customer Service Manager'),
       ('149311', 'Conference and Event Organiser'),
       ('149411', 'Fleet Manager'),
       ('149412', 'Railway Station Manager'),
       ('149413', 'Transport Company Manager'),
       ('149911', 'Boarding Kennel or Cattery Operator'),
       ('149912', 'Cinema or Theatre Manager'),
       ('149913', 'Facilities Manager'),
       ('149914', 'Financial Institution Branch Manager'),
       ('149915', 'Equipment Hire Manager'),
       ('149999', 'Hospitality, Retail and Service Managers nec'),
       ('222111', 'Commodities Trader'),
       ('222112', 'Finance Broker'),
       ('222113', 'Insurance Broker'),
       ('222199', 'Financial Brokers nec'),
       ('311111', 'Agricultural Technician'),
       ('311211', 'Anaesthetic Technician'),
       ('311212', 'Cardiac Technician'),
       ('311213', 'Medical Laboratory Technician'),
       ('311214', 'Operating Theatre Technician'),
       ('311215', 'Pharmacy Technician'),
       ('311299', 'Medical Technicians nec'),
       ('311311', 'Fisheries Officer'),
       ('311312', 'Meat Inspector'),
       ('311313', 'Quarantine Officer'),
       ('311399', 'Primary Products Inspectors nec'),
       ('311411', 'Chemistry Technician'),
       ('311412', 'Earth Science Technician'),
       ('311413', 'Life Science Technician'),
       ('311414', 'School Laboratory Technician'),
       ('311415', 'Hydrographer'),
       ('311499', 'Science Technicians nec'),
       ('312111', 'Architectural Draftsperson'),
       ('312112', 'Building Associate'),
       ('312113', 'Building Inspector'),
       ('312114', 'Construction Estimator'),
       ('312115', 'Plumbing Inspector'),
       ('312116', 'Surveying or Spatial Science Technician'),
       ('312199', 'Architectural, Building and Surveying Technicians nec'),
       ('312211', 'Civil Engineering Draftsperson'),
       ('312212', 'Civil Engineering Technician'),
       ('312311', 'Electrical Engineering Draftsperson'),
       ('312312', 'Electrical Engineering Technician'),
       ('312411', 'Electronic Engineering Draftsperson'),
       ('312412', 'Electronic Engineering Technician'),
       ('312511', 'Mechanical Engineering Draftsperson'),
       ('312512', 'Mechanical Engineering Technician'),
       ('312611', 'Safety Inspector'),
       ('312911', 'Maintenance Planner'),
       ('312912', 'Metallurgical or Materials Technician'),
       ('312913', 'Mine Deputy'),
       ('312999', 'Building and Engineering Technicians nec'),
       ('313111', 'Hardware Technician'),
       ('313112', 'ICT Customer Support Officer'),
       ('313113', 'Web Administrator'),
       ('313199', 'ICT Support Technicians nec'),
       ('313211', 'Radiocommunications Technician'),
       ('313212', 'Telecommunications Field Engineer'),
       ('313213', 'Telecommunications Network Planner'),
       ('313214', 'Telecommunications Technical Officer or Technologist'),
       ('351311', 'Chef'),
       ('399311', 'Gallery or Museum Technician'),
       ('399312', 'Library Technician'),
       ('399912', 'Interior Decorator'),
       ('411111', 'Ambulance Officer'),
       ('411112', 'Intensive Care Ambulance Paramedic (Aus) \\ Ambulance Paramedic (NZ)'),
       ('411211', 'Dental Hygienist'),
       ('411212', 'Dental Prosthetist'),
       ('411213', 'Dental Technician'),
       ('411214', 'Dental Therapist'),
       ('411411', 'Enrolled Nurse'),
       ('411412', 'Mothercraft Nurse'),
       ('411511', 'Aboriginal and Torres Strait Islander Health Worker'),
       ('411512', 'Kaiawhina (Hauora) (Maori Health Assistant)'),
       ('411611', 'Massage Therapist'),
       ('411711', 'Community Worker'),
       ('411712', 'Disabilities Services Officer'),
       ('411713', 'Family Support Worker'),
       ('411714', 'Parole or Probation Officer'),
       ('411715', 'Residential Care Officer'),
       ('411716', 'Youth Worker'),
       ('441311', 'Detective'),
       ('441312', 'Police Officer'),
       ('451311', 'Funeral Director'),
       ('452321', 'Sports Development Officer'),
       ('511111', 'Contract Administrator'),
       ('511112', 'Program or Project Administrator'),
       ('512111', 'Office Manager'),
       ('512211', 'Health Practice Manager'),
       ('512299', 'Practice Managers nec'),
       ('599111', 'Conveyancer'),
       ('599112', 'Legal Executive'),
       ('612113', 'Real Estate Agency Principal (Aus) \\ Real Estate Agency Licensee (NZ)'),
       ('311216', 'Pathology Collector (Aus) \\ Phlebotomist (NZ)'),
       ('321111', 'Automotive Electrician'),
       ('321211', 'Motor Mechanic (General)'),
       ('321212', 'Diesel Motor Mechanic'),
       ('321213', 'Motorcycle Mechanic'),
       ('321214', 'Small Engine Mechanic'),
       ('322111', 'Blacksmith'),
       ('322112', 'Electroplater'),
       ('322113', 'Farrier'),
       ('322114', 'Metal Casting Trades Worker'),
       ('322115', 'Metal Polisher'),
       ('322211', 'Sheetmetal Trades Worker'),
       ('322311', 'Metal Fabricator'),
       ('322312', 'Pressure Welder'),
       ('322313', 'Welder (First Class) (Aus) \\ Welder (NZ)'),
       ('323111', 'Aircraft Maintenance Engineer (Avionics)'),
       ('323112', 'Aircraft Maintenance Engineer (Mechanical)'),
       ('323113', 'Aircraft Maintenance Engineer (Structures)'),
       ('323211', 'Fitter (General)'),
       ('323212', 'Fitter and Turner'),
       ('323213', 'Fitter-Welder'),
       ('323214', 'Metal Machinist (First Class)'),
       ('323215', 'Textile, Clothing and Footwear Mechanic'),
       ('323299', 'Metal Fitters and Machinists nec'),
       ('323311', 'Engraver'),
       ('323312', 'Gunsmith'),
       ('323313', 'Locksmith'),
       ('323314', 'Precision Instrument Maker and Repairer'),
       ('323315', 'Saw Maker and Repairer'),
       ('323316', 'Watch and Clock Maker and Repairer'),
       ('323411', 'Engineering Patternmaker'),
       ('323412', 'Toolmaker'),
       ('324111', 'Panelbeater'),
       ('324211', 'Vehicle Body Builder'),
       ('324212', 'Vehicle Trimmer'),
       ('324311', 'Vehicle Painter'),
       ('331111', 'Bricklayer'),
       ('331112', 'Stonemason'),
       ('331211', 'Carpenter and Joiner'),
       ('331212', 'Carpenter'),
       ('331213', 'Joiner'),
       ('332111', 'Floor Finisher'),
       ('332211', 'Painting Trades Worker'),
       ('333111', 'Glazier'),
       ('333211', 'Fibrous Plasterer'),
       ('333212', 'Solid Plasterer'),
       ('333311', 'Roof Tiler'),
       ('333411', 'Wall and Floor Tiler'),
       ('334111', 'Plumber (General)'),
       ('334112', 'Airconditioning and Mechanical Services Plumber'),
       ('334113', 'Drainer (Aus) \\ Drainlayer (NZ)'),
       ('334114', 'Gasfitter'),
       ('334115', 'Roof Plumber'),
       ('341111', 'Electrician (General)'),
       ('341112', 'Electrician (Special Class)'),
       ('341113', 'Lift Mechanic'),
       ('342111', 'Airconditioning and Refrigeration Mechanic'),
       ('342211', 'Electrical Linesworker (Aus) \\ Electrical Line Mechanic (NZ)'),
       ('342212', 'Technical Cable Jointer'),
       ('342311', 'Business Machine Mechanic'),
       ('342312', 'Communications Operator'),
       ('342313', 'Electronic Equipment Trades Worker'),
       ('342314', 'Electronic Instrument Trades Worker (General)'),
       ('342315', 'Electronic Instrument Trades Worker (Special Class)'),
       ('342411', 'Cabler (Data and Telecommunications)'),
       ('342412', 'Telecommunications Cable Jointer'),
       ('342413', 'Telecommunications Linesworker (Aus) \\ Telecommunications Line Mechanic (NZ)'),
       ('342414', 'Telecommunications Technician'),
       ('351111', 'Baker'),
       ('351112', 'Pastrycook'),
       ('351211', 'Butcher or Smallgoods Maker'),
       ('351411', 'Cook'),
       ('361111', 'Dog Handler or Trainer'),
       ('361112', 'Horse Trainer'),
       ('361113', 'Pet Groomer'),
       ('361114', 'Zookeeper'),
       ('361115', 'Kennel Hand'),
       ('361199', 'Animal Attendants and Trainers nec'),
       ('361211', 'Shearer'),
       ('361311', 'Veterinary Nurse'),
       ('362111', 'Florist'),
       ('362211', 'Gardener (General)'),
       ('362212', 'Arborist'),
       ('362213', 'Landscape Gardener'),
       ('362311', 'Greenkeeper'),
       ('362411', 'Nurseryperson'),
       ('391111', 'Hairdresser'),
       ('392111', 'Print Finisher'),
       ('392112', 'Screen Printer'),
       ('392211', 'Graphic Pre-press Trades Worker'),
       ('392311', 'Printing Machinist'),
       ('392312', 'Small Offset Printer'),
       ('393111', 'Canvas Goods Fabricator'),
       ('393112', 'Leather Goods Maker'),
       ('393113', 'Sail Maker'),
       ('393114', 'Shoemaker'),
       ('393211', 'Apparel Cutter'),
       ('393212', 'Clothing Patternmaker'),
       ('393213', 'Dressmaker or Tailor'),
       ('393299', 'Clothing Trades Workers nec'),
       ('393311', 'Upholsterer'),
       ('394111', 'Cabinetmaker'),
       ('394211', 'Furniture Finisher'),
       ('394212', 'Picture Framer'),
       ('394213', 'Wood Machinist'),
       ('394214', 'Wood Turner'),
       ('394299', 'Wood Machinists and Other Wood Trades Workers nec'),
       ('399111', 'Boat Builder and Repairer'),
       ('399112', 'Shipwright'),
       ('399211', 'Chemical Plant Operator'),
       ('399212', 'Gas or Petroleum Operator'),
       ('399213', 'Power Generation Plant Operator'),
       ('399411', 'Jeweller'),
       ('399511', 'Broadcast Transmitter Operator'),
       ('399512', 'Camera Operator (Film, Television or Video)'),
       ('399513', 'Light Technician'),
       ('399514', 'Make Up Artist'),
       ('399515', 'Musical Instrument Maker or Repairer'),
       ('399516', 'Sound Technician'),
       ('399517', 'Television Equipment Operator'),
       ('399599', 'Performing Arts Technicians nec'),
       ('399611', 'Signwriter'),
       ('399911', 'Diver'),
       ('399913', 'Optical Dispenser (Aus) \\ Dispensing Optician (NZ)'),
       ('399914', 'Optical Mechanic'),
       ('399915', 'Photographer\'s Assistant'),
       ('399916', 'Plastics Technician'),
       ('399917', 'Wool Classer'),
       ('399918', 'Fire Protection Equipment Technician'),
       ('399999', 'Technicians and Trades Workers nec'),
       ('411311', 'Diversional Therapist'),
       ('431411', 'Hotel Service Manager'),
       ('441111', 'Defence Force Member - Other Ranks'),
       ('441211', 'Emergency Service Worker'),
       ('441212', 'Fire Fighter'),
       ('442216', 'Security Consultant'),
       ('451211', 'Driving Instructor'),
       ('451399', 'Funeral Workers nec'),
       ('451711', 'Flight Attendant'),
       ('451799', 'Travel Attendants nec'),
       ('451815', 'First Aid Trainer'),
       ('452311', 'Diving Instructor (Open Water)'),
       ('452312', 'Gymnastics Coach or Instructor'),
       ('452313', 'Horse Riding Coach or Instructor'),
       ('452314', 'Snowsport Instructor'),
       ('452315', 'Swimming Coach or Instructor'),
       ('452316', 'Tennis Coach'),
       ('452317', 'Other Sports Coach or Instructor'),
       ('452318', 'Dog or Horse Racing Official'),
       ('452322', 'Sports Umpire'),
       ('452323', 'Other Sports Official'),
       ('452411', 'Footballer'),
       ('452412', 'Golfer'),
       ('452413', 'Jockey'),
       ('452414', 'Lifeguard'),
       ('452499', 'Sportspersons nec'),
       ('521111', 'Personal Assistant'),
       ('521211', 'Secretary (General)'),
       ('521212', 'Legal Secretary'),
       ('541111', 'Call or Contact Centre Team Leader'),
       ('599211', 'Clerk of Court'),
       ('599212', 'Court Bailiff or Sheriff (Aus) \\ Court Collections Officer (NZ)'),
       ('599213', 'Court Orderly (Aus) \\ Court Registry Officer (NZ)'),
       ('599214', 'Law Clerk'),
       ('599215', 'Trust Officer'),
       ('599611', 'Insurance Investigator'),
       ('599612', 'Insurance Loss Adjuster'),
       ('599613', 'Insurance Risk Surveyor'),
       ('599915', 'Clinical Coder'),
       ('611111', 'Auctioneer'),
       ('611112', 'Stock and Station Agent'),
       ('611211', 'Insurance Agent'),
       ('612111', 'Business Broker'),
       ('612112', 'Property Manager'),
       ('612114', 'Real Estate Agent'),
       ('612115', 'Real Estate Representative'),
       ('639211', 'Retail Buyer'),
       ('639212', 'Wool Buyer');

-- --------------------------------------------------------

--
-- Table structure for table `company_prospects_notes`
--

CREATE TABLE `company_prospects_notes`
(
    `note_id`     bigint(20) UNSIGNED NOT NULL,
    `prospect_id` bigint(20)       DEFAULT NULL,
    `company_id`  bigint(20)       DEFAULT NULL,
    `author_id`   int(11) UNSIGNED DEFAULT NULL,
    `note`        text,
    `create_date` datetime         DEFAULT NULL
) ENGINE = InnoDB
  DEFAULT CHARSET = utf8 COMMENT ='Company prospect''s notes are saved here (showed in the Notes tab).';

-- --------------------------------------------------------

--
-- Table structure for table `company_prospects_selected_categories`
--

CREATE TABLE `company_prospects_selected_categories`
(
    `company_id`           bigint(20)       NOT NULL,
    `prospect_category_id` int(11) UNSIGNED NOT NULL,
    `order`                tinyint(3) UNSIGNED DEFAULT '0'
) ENGINE = InnoDB
  DEFAULT CHARSET = utf8 COMMENT ='Each company can have own list of prospect categories that can be used to assign prospects during their creation.';

-- --------------------------------------------------------

--
-- Table structure for table `company_prospects_settings`
--

CREATE TABLE `company_prospects_settings`
(
    `company_id`  bigint(20) NOT NULL,
    `prospect_id` bigint(20) NOT NULL,
    `viewed`      enum ('Y','N') DEFAULT 'N',
    `email_sent`  enum ('Y','N') DEFAULT 'N'
) ENGINE = InnoDB
  DEFAULT CHARSET = utf8 COMMENT ='Contains info about company prospects settings.';

-- --------------------------------------------------------

--
-- Table structure for table `company_prospects_templates`
--

CREATE TABLE `company_prospects_templates`
(
    `prospect_template_id` int(11) UNSIGNED NOT NULL,
    `company_id`           bigint(20)       NOT NULL,
    `author_id`            bigint(20)                DEFAULT NULL,
    `name`                 char(255)                 DEFAULT NULL,
    `subject`              char(255)                 DEFAULT NULL,
    `from`                 char(255)                 DEFAULT NULL,
    `to`                   char(255)                 DEFAULT NULL,
    `cc`                   char(255)                 DEFAULT NULL,
    `bcc`                  char(255)                 DEFAULT NULL,
    `message`              longtext,
    `template_default`     enum ('Y','N')   NOT NULL DEFAULT 'N',
    `create_date`          date                      DEFAULT NULL
) ENGINE = InnoDB
  DEFAULT CHARSET = utf8 COMMENT ='List of templates that can be used during new prospects creation/assigning.';

--
-- Dumping data for table `company_prospects_templates`
--

INSERT INTO `company_prospects_templates` (`prospect_template_id`, `company_id`, `author_id`, `name`, `subject`, `from`,
                                           `to`, `cc`, `bcc`, `message`, `template_default`, `create_date`)
VALUES (2247, 0, 1, 'Thank you', '', '', '', '', '',
        '<font size="2">Dear {fName} {lName}</font><br><div style="font-size: 12px;"><font size="6"><br></font></div><div style="font-size: 12px;"><font size="6">Thank you!<br></font><br><br><font size="3">Your questionnaire has been received. You will hear from us shortly.</font></div>',
        'N', '2013-12-11'),
       (2248, 0, 1, 'Negative Response', 'Immigration to Canada', '', '', '', '',
        'Dear {fName} {lName},<br><br>Thank you for submitting your preliminary questionnaire.<br><br>We reviewed your questionnaire, and unfortunately you are not qualified to apply for immigration to Australia at this time based on the information you have provided us. <br><br>The assessment criteria to determine eligibility to immigrate to Australia are complex and change from time to time. Your inadmissibility now does not mean that you will be inadmissible in the future. We encourage you to contact us again in the future for a reassessment of your circumstances.<br><br>If you have any questions, or need to further assistance, please do not hesitate to contact us.<br><br>Regards,<br><br>{company}<br><br>',
        'N', '2013-12-11'),
       (2249, 0, 1, 'Need More Information', 'RE: Need Further Information', '', '', '', '',
        'Dear {fName} {lName}<div><br></div><div>Thank you for submitting the preliminary questionnaire. In order for us to assess your enquiry further, please provide us the following information:</div><div><br></div><div><font color="#ff0000">&lt;Agent Lists further information required&gt;</font></div><div><font color="#ff0000"><br></font></div><div>Please do not hesitate to contact us if you have any further questions.</div><div><br></div><div>Thank You,</div><div><br></div><div>{company}</div>',
        'N', '2014-05-27'),
       (2250, 0, 1, 'Positive Response', 'RE: You Qualify to apply for an Australian Visa', '', '', '', '',
        'Dear {fName} {lName},<div><br></div><div>Thank you for completing our preliminary questionnaire.</div><div><br></div><div>According to the information you have provided us, we are pleased to inform you that you qualify to apply for [subclass] visa.</div><div><br></div><div>We would be more than happy to assist you in this matter. Please find attached our Client Service Agreement. If you are happy with the terms, please sign and return this to us at your earliest so that we can start assisting you.</div><div><br></div><div>one of our friendly staff will contact you soon on [phone number.]&nbsp;</div><div><br></div><div>Thank you,</div><div><br></div><div>{company}</div>',
        'N', '2014-05-27');

-- --------------------------------------------------------

--
-- Table structure for table `company_prospect_notes_attachments`
--

CREATE TABLE `company_prospect_notes_attachments`
(
    `id`          int(11)             NOT NULL,
    `note_id`     bigint(20) UNSIGNED NOT NULL,
    `prospect_id` bigint(20)   DEFAULT NULL,
    `name`        varchar(255) DEFAULT NULL,
    `size`        int(11)      DEFAULT NULL
) ENGINE = InnoDB
  DEFAULT CHARSET = utf8 COMMENT ='Contains info about attachments in Prospect File Notes';

-- --------------------------------------------------------

--
-- Table structure for table `company_questionnaires`
--

CREATE TABLE `company_questionnaires`
(
    `q_id`                      int(11) UNSIGNED NOT NULL,
    `company_id`                bigint(20)       NOT NULL,
    `q_noc`                     enum ('en','fr')          DEFAULT 'en',
    `q_name`                    char(255)        NOT NULL,
    `q_section_bg_color`        char(6)          NOT NULL DEFAULT '4C83C5',
    `q_section_text_color`      char(6)          NOT NULL DEFAULT 'FFFFFF',
    `q_preferred_language`      char(255)                 DEFAULT NULL,
    `q_office_id`               int(11) UNSIGNED          DEFAULT NULL,
    `q_agent_id`                bigint(20)                DEFAULT NULL,
    `q_applicant_name`          char(255)        NOT NULL,
    `q_please_select`           char(255)        NOT NULL,
    `q_please_answer_all`       char(255)                 DEFAULT NULL,
    `q_please_press_next`       char(255)                 DEFAULT NULL,
    `q_next_page_button`        char(255)        NOT NULL,
    `q_prev_page_button`        char(255)        NOT NULL,
    `q_step1`                   char(255)        NOT NULL,
    `q_step2`                   char(255)        NOT NULL,
    `q_step3`                   char(255)        NOT NULL,
    `q_step4`                   char(255)        NOT NULL,
    `q_rtl`                     enum ('Y','N')            DEFAULT 'N',
    `q_template_negative`       int(11) UNSIGNED          DEFAULT NULL,
    `q_template_thank_you`      int(11) UNSIGNED          DEFAULT NULL,
    `q_script_google_analytics` text,
    `q_script_facebook_pixel`   text,
    `q_created_by`              bigint(20)       NOT NULL,
    `q_updated_by`              bigint(20)                DEFAULT NULL,
    `q_created_on`              datetime         NOT NULL,
    `q_updated_on`              datetime                  DEFAULT NULL
) ENGINE = InnoDB
  DEFAULT CHARSET = utf8 COMMENT ='List of questionnaires that can be used to create company prospect records. Each company can have own list of questionnaires. Default questionnaire (id 1) is used as template and is copied to all new companies, list of fields that is showed in company prospect''s profile (for all companies) is loaded from it too.';

--
-- Dumping data for table `company_questionnaires`
--

INSERT INTO `company_questionnaires` (`q_id`, `company_id`, `q_noc`, `q_name`, `q_section_bg_color`,
                                      `q_section_text_color`, `q_preferred_language`, `q_office_id`, `q_agent_id`,
                                      `q_applicant_name`, `q_please_select`, `q_please_answer_all`,
                                      `q_please_press_next`, `q_next_page_button`, `q_prev_page_button`, `q_step1`,
                                      `q_step2`, `q_step3`, `q_step4`, `q_rtl`, `q_template_negative`,
                                      `q_template_thank_you`, `q_script_google_analytics`, `q_script_facebook_pixel`,
                                      `q_created_by`, `q_updated_by`, `q_created_on`, `q_updated_on`)
VALUES (1, 0, 'en', 'Default Prospect Questionnaire - English', '4C83C5', 'FFFFFF', '', NULL, NULL, 'Main Applicant',
        '-- Please select --', 'Please answer ALL questions.', 'Please press Next Page to continue.', 'Next', 'Back',
        'Step 1', 'Step 2', 'Step 3', 'Step 4', 'N', NULL, NULL, NULL, NULL, 1, 1, '2014-06-27 00:51:44',
        '2014-07-05 12:53:19');

-- --------------------------------------------------------

--
-- Table structure for table `company_questionnaires_category_template`
--

CREATE TABLE `company_questionnaires_category_template`
(
    `q_id`                 int(11) UNSIGNED NOT NULL DEFAULT '0',
    `prospect_category_id` int(11) UNSIGNED NOT NULL,
    `prospect_template_id` int(11) UNSIGNED NOT NULL
) ENGINE = InnoDB
  DEFAULT CHARSET = utf8 COMMENT ='A mapping between company prospect category and company prospect template - that will be used when prospect is assigned to that category.';

-- --------------------------------------------------------

--
-- Table structure for table `company_questionnaires_fields`
--

CREATE TABLE `company_questionnaires_fields`
(
    `q_field_id`                       int(11) UNSIGNED NOT NULL,
    `q_field_unique_id`                char(255)        NOT NULL,
    `q_section_id`                     int(11) UNSIGNED NOT NULL,
    `q_field_type`                     enum ('textfield','textarea','combo','combo_custom','checkbox','radio','date','country','email','label','job','job_and_noc','money','number','percentage','age','file') DEFAULT 'textfield',
    `q_field_required`                 enum ('Y','N')                                                                                                                                                          DEFAULT 'Y',
    `q_field_show_in_prospect_profile` enum ('Y','N')                                                                                                                                                          DEFAULT 'Y',
    `q_field_show_in_qnr`              enum ('Y','N')   NOT NULL                                                                                                                                               DEFAULT 'Y',
    `q_field_show_please_select`       enum ('Y','N')   NOT NULL                                                                                                                                               DEFAULT 'N',
    `q_field_use_in_search`            enum ('Y','N')   NOT NULL                                                                                                                                               DEFAULT 'Y',
    `q_field_order`                    tinyint(3) UNSIGNED                                                                                                                                                     DEFAULT '0'
) ENGINE = InnoDB
  DEFAULT CHARSET = utf8 COMMENT ='List of fields that are used in questionnaire and (for default questionnaire with id 1) in prospect''s profile (for all companies).';

--
-- Dumping data for table `company_questionnaires_fields`
--

INSERT INTO `company_questionnaires_fields` (`q_field_id`, `q_field_unique_id`, `q_section_id`, `q_field_type`,
                                             `q_field_required`, `q_field_show_in_prospect_profile`,
                                             `q_field_show_in_qnr`, `q_field_show_please_select`,
                                             `q_field_use_in_search`, `q_field_order`)
VALUES (2, 'qf_last_name', 1, 'textfield', 'Y', 'Y', 'Y', 'N', 'Y', 2),
       (3, 'qf_first_name', 1, 'textfield', 'Y', 'Y', 'Y', 'N', 'Y', 1),
       (4, 'qf_age', 1, 'date', 'Y', 'Y', 'Y', 'N', 'Y', 3),
       (5, 'qf_country_of_citizenship', 1, 'country', 'Y', 'Y', 'Y', 'Y', 'Y', 6),
       (6, 'qf_country_of_residence', 1, 'country', 'N', 'Y', 'Y', 'Y', 'Y', 7),
       (7, 'qf_email', 1, 'email', 'Y', 'Y', 'Y', 'N', 'Y', 5),
       (8, 'qf_phone', 1, 'textfield', 'N', 'Y', 'Y', 'N', 'Y', 4),
       (9, 'qf_current_address_visa_type', 1, 'textfield', 'N', 'Y', 'Y', 'N', 'Y', 9),
       (10, 'qf_current_address_street_address_1', 2, 'textfield', 'N', 'Y', 'Y', 'N', 'Y', 10),
       (11, 'qf_current_address_street_address_2', 2, 'textfield', 'N', 'Y', 'Y', 'N', 'Y', 11),
       (12, 'qf_current_address_suburb', 2, 'textfield', 'N', 'Y', 'Y', 'N', 'Y', 12),
       (13, 'qf_current_address_state', 2, 'textfield', 'N', 'Y', 'Y', 'N', 'Y', 13),
       (14, 'qf_current_address_postal_code', 2, 'textfield', 'N', 'Y', 'Y', 'N', 'Y', 14),
       (15, 'qf_applied_for_visa_before', 1, 'radio', 'N', 'Y', 'Y', 'Y', 'Y', 10),
       (16, 'qf_visa_refused_or_cancelled', 1, 'radio', 'N', 'Y', 'Y', 'Y', 'Y', 11),
       (17, 'qf_marital_status', 1, 'combo', 'N', 'Y', 'Y', 'Y', 'Y', 17),
       (18, 'qf_area_of_interest', 1, 'checkbox', 'Y', 'Y', 'Y', 'Y', 'N', 50),
       (19, 'qf_spouse_last_name', 3, 'textfield', 'Y', 'Y', 'Y', 'N', 'Y', 19),
       (20, 'qf_spouse_first_name', 3, 'textfield', 'Y', 'Y', 'Y', 'N', 'Y', 20),
       (21, 'qf_spouse_date_of_birth', 3, 'date', 'Y', 'Y', 'Y', 'N', 'Y', 21),
       (22, 'qf_spouse_country_of_passport', 3, 'country', 'Y', 'Y', 'Y', 'N', 'Y', 22),
       (23, 'qf_spouse_country_of_current_residence', 3, 'country', 'N', 'Y', 'Y', 'N', 'Y', 23),
       (24, 'qf_spouse_is_resident_of_australia', 3, 'radio', 'N', 'Y', 'Y', 'Y', 'Y', 24),
       (25, 'qf_spouse_is_resident_of_new_zealand', 3, 'radio', 'N', 'Y', 'Y', 'Y', 'Y', 25),
       (26, 'qf_education_highest_qualification', 5, 'combo', 'N', 'Y', 'Y', 'Y', 'Y', 2),
       (27, 'qf_education_name_qualification', 5, 'textfield', 'N', 'Y', 'Y', 'N', 'Y', 3),
       (28, 'qf_education_name_bachelor_degree', 5, 'textfield', 'N', 'Y', 'Y', 'N', 'Y', 5),
       (29, 'qf_education_country_of_education', 5, 'country', 'N', 'Y', 'Y', 'N', 'Y', 6),
       (30, 'qf_education_duration_of_course', 5, 'number', 'N', 'Y', 'Y', 'N', 'Y', 7),
       (31, 'qf_education_was_course_in_regional', 5, 'radio', 'N', 'Y', 'Y', 'Y', 'Y', 8),
       (32, 'qf_education_completion_date', 5, 'date', 'N', 'Y', 'Y', 'N', 'Y', 9),
       (33, 'qf_language_have_taken_test_on_english', 6, 'radio', 'N', 'Y', 'Y', 'Y', 'Y', 2),
       (34, 'qf_language_date_of_test', 6, 'date', 'N', 'Y', 'Y', 'N', 'Y', 4),
       (35, 'qf_language_listening_score', 6, 'textfield', 'N', 'Y', 'Y', 'Y', 'Y', 4),
       (36, 'qf_language_reading_score', 6, 'textfield', 'N', 'Y', 'Y', 'Y', 'Y', 5),
       (37, 'qf_language_writing_score', 6, 'textfield', 'N', 'Y', 'Y', 'Y', 'Y', 6),
       (38, 'qf_language_speaking_score', 6, 'textfield', 'N', 'Y', 'Y', 'Y', 'Y', 7),
       (39, 'qf_job_title', 7, 'job_and_noc', 'N', 'Y', 'Y', 'N', 'N', 1),
       (40, 'qf_job_employer', 7, 'textfield', 'N', 'Y', 'Y', 'N', 'N', 3),
       (41, 'qf_job_text_title', 7, 'textfield', 'N', 'Y', 'Y', 'N', 'N', 4),
       (42, 'qf_job_country_of_employment', 7, 'country', 'N', 'Y', 'Y', 'N', 'N', 5),
       (43, 'qf_job_start_date', 7, 'date', 'N', 'Y', 'Y', 'N', 'N', 6),
       (44, 'qf_job_end_date', 7, 'date', 'N', 'Y', 'Y', 'N', 'N', 7),
       (51, 'qf_total_number_of_children', 4, 'number', 'N', 'Y', 'Y', 'N', 'Y', 26),
       (52, 'qf_number_of_children_australian_residents', 4, 'number', 'N', 'Y', 'Y', 'N', 'Y', 27),
       (53, 'qf_education_spouse_highest_qualification', 5, 'combo', 'N', 'Y', 'Y', 'Y', 'Y', 13),
       (54, 'qf_education_spouse_name_qualification', 5, 'textfield', 'N', 'Y', 'Y', 'N', 'Y', 14),
       (55, 'qf_education_spouse_name_bachelor_degree', 5, 'textfield', 'N', 'Y', 'Y', 'N', 'Y', 16),
       (56, 'qf_education_spouse_country_of_education', 5, 'country', 'N', 'Y', 'Y', 'N', 'Y', 17),
       (57, 'qf_education_spouse_completion_date', 5, 'date', 'N', 'Y', 'Y', 'N', 'Y', 18),
       (58, 'qf_language_spouse_have_taken_test_on_english', 6, 'radio', 'N', 'Y', 'Y', 'Y', 'Y', 10),
       (59, 'qf_language_spouse_date_of_test', 6, 'date', 'N', 'Y', 'Y', 'N', 'Y', 12),
       (60, 'qf_language_spouse_listening_score', 6, 'textfield', 'N', 'Y', 'Y', 'Y', 'Y', 12),
       (61, 'qf_language_spouse_reading_score', 6, 'textfield', 'N', 'Y', 'Y', 'Y', 'Y', 13),
       (62, 'qf_language_spouse_writing_score', 6, 'textfield', 'N', 'Y', 'Y', 'Y', 'Y', 14),
       (63, 'qf_language_spouse_speaking_score', 6, 'textfield', 'N', 'Y', 'Y', 'Y', 'Y', 15),
       (64, 'qf_language_spouse_overall_score', 6, 'textfield', 'N', 'Y', 'Y', 'Y', 'Y', 16),
       (68, 'qf_job_spouse_title', 8, 'job_and_noc', 'N', 'Y', 'Y', 'N', 'N', 8),
       (69, 'qf_job_spouse_employer', 8, 'textfield', 'N', 'Y', 'Y', 'N', 'N', 10),
       (70, 'qf_job_spouse_text_title', 8, 'textfield', 'N', 'Y', 'Y', 'N', 'N', 11),
       (71, 'qf_job_spouse_country_of_employment', 8, 'country', 'N', 'Y', 'Y', 'N', 'N', 12),
       (72, 'qf_job_spouse_start_date', 8, 'date', 'N', 'Y', 'Y', 'N', 'N', 13),
       (73, 'qf_job_spouse_end_date', 8, 'date', 'N', 'Y', 'Y', 'N', 'N', 14),
       (80, 'qf_prepared_to_invest', 9, 'radio', 'N', 'Y', 'Y', 'Y', 'Y', 80),
       (81, 'qf_have_experience_in_managing', 9, 'radio', 'N', 'Y', 'Y', 'Y', 'Y', 81),
       (82, 'qf_was_the_turnover_greater', 9, 'radio', 'N', 'Y', 'Y', 'Y', 'Y', 82),
       (83, 'qf_is_your_net_worth', 9, 'radio', 'N', 'Y', 'Y', 'Y', 'Y', 83),
       (84, 'qf_states_of_interest', 10, 'checkbox', 'N', 'Y', 'Y', 'Y', 'N', 84),
       (85, 'qf_have_you_completed_any_qualification', 10, 'radio', 'N', 'Y', 'Y', 'Y', 'Y', 85),
       (86, 'qf_currently_have_a_job_offer', 10, 'radio', 'N', 'Y', 'Y', 'Y', 'Y', 86),
       (87, 'qf_position_job_title', 11, 'textfield', 'N', 'Y', 'Y', 'N', 'Y', 87),
       (88, 'qf_name_of_the_business', 11, 'textfield', 'N', 'Y', 'Y', 'N', 'Y', 88),
       (89, 'qf_address_of_the_employer', 11, 'textfield', 'N', 'Y', 'Y', 'N', 'Y', 89),
       (90, 'qf_phone_number', 11, 'textfield', 'N', 'Y', 'Y', 'N', 'Y', 90),
       (91, 'qf_email_address', 11, 'email', 'N', 'Y', 'Y', 'N', 'Y', 91),
       (92, 'qf_contact_person', 11, 'textfield', 'N', 'Y', 'Y', 'N', 'Y', 92),
       (93, 'qf_education_your_label_au', 5, 'label', 'N', 'Y', 'Y', 'N', 'N', 1),
       (94, 'qf_education_spouse_label_au', 5, 'label', 'N', 'Y', 'Y', 'N', 'N', 12),
       (95, 'qf_language_your_label_au', 6, 'label', 'N', 'Y', 'Y', 'N', 'N', 1),
       (96, 'qf_language_spouse_label_au', 6, 'label', 'N', 'Y', 'Y', 'N', 'N', 9),
       (97, 'qf_language_overall_score', 6, 'textfield', 'N', 'Y', 'Y', 'Y', 'Y', 8),
       (100, 'qf_job_spouse_resume', 8, 'file', 'N', 'Y', 'Y', 'N', 'N', 0),
       (101, 'qf_job_resume', 7, 'file', 'N', 'Y', 'Y', 'N', 'N', 0),
       (102, 'qf_email_confirmation', 1, 'email', 'Y', 'N', 'Y', 'N', 'N', 5),
       (103, 'qf_date_permanent_residency_obtained', 1, 'date', 'N', 'Y', 'Y', 'N', 'Y', 52),
       (104, 'qf_programs_completed_professional_year', 12, 'radio', 'N', 'Y', 'Y', 'Y', 'Y', 16),
       (105, 'qf_programs_name', 12, 'textfield', 'N', 'Y', 'Y', 'N', 'Y', 17),
       (106, 'qf_programs_year_completed', 12, 'textfield', 'N', 'Y', 'Y', 'N', 'Y', 18),
       (107, 'qf_programs_have_credentialed_language_qualification', 12, 'radio', 'N', 'Y', 'Y', 'Y', 'Y', 19),
       (108, 'qf_area_of_interest_other1', 1, 'textarea', 'N', 'Y', 'Y', 'N', 'N', 51),
       (109, 'qf_referred_by', 1, 'combo_custom', 'Y', 'Y', 'Y', 'N', 'Y', 100),
       (110, 'qf_initial_interview_date', 1, 'date', 'N', 'Y', 'Y', 'N', 'Y', 120),
       (111, 'qf_applicant_have_criminal_convictions', 1, 'radio', 'N', 'Y', 'Y', 'Y', 'Y', 12),
       (112, 'qf_applicant_health_or_care_concerns', 1, 'radio', 'N', 'Y', 'Y', 'Y', 'Y', 15),
       (113, 'qf_further_information', 1, 'textarea', 'N', 'Y', 'Y', 'N', 'Y', 130),
       (114, 'qf_language_type_of_test', 6, 'combo', 'N', 'Y', 'Y', 'Y', 'Y', 3),
       (115, 'qf_language_spouse_type_of_test', 6, 'combo', 'N', 'Y', 'Y', 'Y', 'Y', 11),
       (116, 'qf_money_in_venture_capital', 9, 'radio', 'N', 'Y', 'Y', 'Y', 'Y', 84),
       (117, 'qf_education_institution_name', 5, 'textfield', 'N', 'Y', 'Y', 'N', 'Y', 4),
       (118, 'qf_relative_designated_area', 13, 'radio', 'N', 'Y', 'Y', 'Y', 'Y', 0),
       (119, 'qf_relationship_nature', 13, 'combo', 'N', 'Y', 'Y', 'Y', 'Y', 1),
       (120, 'qf_relative_postcode', 13, 'textfield', 'N', 'Y', 'Y', 'N', 'Y', 2),
       (121, 'qf_did_not_arrive', 1, 'combo_custom', 'N', 'Y', 'N', 'N', 'Y', 131),
       (122, 'qf_education_additional_qualification', 5, 'checkbox', 'N', 'Y', 'Y', 'N', 'N', 10),
       (123, 'qf_education_additional_qualification_list', 5, 'textarea', 'N', 'Y', 'Y', 'N', 'Y', 11),
       (124, 'qf_education_spouse_additional_qualification', 5, 'checkbox', 'N', 'Y', 'Y', 'N', 'N', 19),
       (125, 'qf_education_spouse_additional_qualification_list', 5, 'textarea', 'N', 'Y', 'Y', 'N', 'Y', 20),
       (126, 'qf_education_spouse_institution_name', 5, 'textfield', 'N', 'Y', 'Y', 'N', 'Y', 15);

-- --------------------------------------------------------

--
-- Table structure for table `company_questionnaires_fields_custom_options`
--

CREATE TABLE `company_questionnaires_fields_custom_options`
(
    `q_field_custom_option_id`       int(11) UNSIGNED NOT NULL,
    `q_id`                           int(11) UNSIGNED NOT NULL,
    `q_field_id`                     int(11) UNSIGNED NOT NULL,
    `q_field_custom_option_label`    char(255)        NOT NULL,
    `q_field_custom_option_visible`  enum ('Y','N')   NOT NULL DEFAULT 'Y',
    `q_field_custom_option_selected` enum ('Y','N')   NOT NULL DEFAULT 'N',
    `q_field_custom_option_order`    tinyint(3) UNSIGNED       DEFAULT '0'
) ENGINE = InnoDB
  DEFAULT CHARSET = utf8 COMMENT ='List of options for referred by comboox related to specific questionnaire.';

--
-- Dumping data for table `company_questionnaires_fields_custom_options`
--

INSERT INTO `company_questionnaires_fields_custom_options` (`q_field_custom_option_id`, `q_id`, `q_field_id`,
                                                            `q_field_custom_option_label`,
                                                            `q_field_custom_option_visible`,
                                                            `q_field_custom_option_selected`,
                                                            `q_field_custom_option_order`)
VALUES (1, 1, 109, 'Google', 'Y', 'N', 0),
       (2, 1, 109, 'Website', 'Y', 'N', 1),
       (3, 1, 109, 'Friend', 'Y', 'N', 2),
       (4, 1, 109, 'Presentation', 'Y', 'N', 3),
       (5, 1, 121, 'Did not arrive', 'Y', 'N', 0),
       (6, 1, 121, 'Lost interest', 'Y', 'N', 1),
       (7, 1, 121, 'No reply', 'Y', 'N', 2);

-- --------------------------------------------------------

--
-- Table structure for table `company_questionnaires_fields_options`
--

CREATE TABLE `company_questionnaires_fields_options`
(
    `q_field_option_id`        int(11) UNSIGNED NOT NULL,
    `q_field_id`               int(11) UNSIGNED NOT NULL,
    `q_field_option_unique_id` char(255)        NOT NULL,
    `q_field_option_selected`  enum ('Y','N')      DEFAULT 'N',
    `q_field_option_order`     tinyint(3) UNSIGNED DEFAULT '0'
) ENGINE = InnoDB
  DEFAULT CHARSET = utf8 COMMENT ='List of options for comboox/radio fields related to specific questionnaire.';

--
-- Dumping data for table `company_questionnaires_fields_options`
--

INSERT INTO `company_questionnaires_fields_options` (`q_field_option_id`, `q_field_id`, `q_field_option_unique_id`,
                                                     `q_field_option_selected`, `q_field_option_order`)
VALUES (1, 15, 'yes', 'N', 0),
       (2, 15, 'no', 'N', 1),
       (3, 16, 'yes', 'N', 0),
       (4, 16, 'no', 'N', 1),
       (5, 17, 'never_married', 'N', 0),
       (6, 17, 'divorced', 'N', 1),
       (7, 17, 'married', 'N', 2),
       (8, 17, 'engaged', 'N', 3),
       (9, 18, 'skilled_independent_visa', 'N', 0),
       (10, 18, 'employer_sponsored_visa', 'N', 1),
       (11, 18, 'partner_visa', 'N', 2),
       (12, 18, 'parent_visa', 'N', 3),
       (13, 18, 'student_visa', 'N', 4),
       (14, 18, 'business_investment_visa', 'N', 5),
       (15, 18, 'state_sponsorship_visa', 'N', 6),
       (16, 24, 'yes', 'N', 0),
       (17, 24, 'no', 'N', 1),
       (18, 25, 'yes', 'N', 0),
       (19, 25, 'no', 'N', 1),
       (20, 26, 'phd', 'N', 0),
       (22, 26, 'masters_degree', 'N', 2),
       (24, 26, 'bachelor_degree', 'N', 4),
       (25, 26, 'associate_degree', 'N', 5),
       (26, 26, 'advanced_diploma', 'N', 6),
       (27, 26, 'diploma', 'N', 7),
       (28, 26, 'trade_certificate', 'N', 8),
       (29, 33, 'yes', 'N', 0),
       (30, 33, 'no', 'N', 1),
       (31, 31, 'yes', 'N', 0),
       (32, 31, 'no', 'N', 1),
       (33, 39, 'anzsco', 'N', 0),
       (34, 39, 'choice_2', 'N', 1),
       (37, 53, 'phd', 'N', 0),
       (39, 53, 'masters_degree', 'N', 2),
       (41, 53, 'bachelor_degree', 'N', 4),
       (42, 53, 'associate_degree', 'N', 5),
       (43, 53, 'advanced_diploma', 'N', 6),
       (44, 53, 'diploma', 'N', 7),
       (45, 53, 'trade_certificate', 'N', 8),
       (46, 58, 'yes', 'N', 0),
       (47, 58, 'no', 'N', 1),
       (52, 68, 'anzsco', 'N', 0),
       (53, 68, 'choice_2', 'N', 1),
       (59, 80, 'yes', 'N', 0),
       (60, 80, 'no', 'N', 1),
       (61, 81, 'yes', 'N', 0),
       (62, 81, 'no', 'N', 1),
       (63, 82, 'yes', 'N', 0),
       (64, 82, 'no', 'N', 1),
       (65, 83, 'yes', 'N', 0),
       (66, 83, 'no', 'N', 1),
       (67, 84, 'queensland', 'N', 0),
       (68, 84, 'new_south_wales', 'N', 1),
       (69, 84, 'victoria', 'N', 2),
       (70, 84, 'act', 'N', 3),
       (71, 84, 'tasmania', 'N', 4),
       (72, 84, 'western_australia', 'N', 5),
       (73, 84, 'northern_territory', 'N', 6),
       (75, 84, 'south_australia', 'N', 7),
       (76, 85, 'yes', 'N', 0),
       (77, 85, 'no', 'N', 1),
       (78, 86, 'yes', 'N', 0),
       (79, 86, 'no', 'N', 1),
       (80, 35, '0', 'N', 1),
       (81, 35, '0.5', 'N', 2),
       (82, 35, '1', 'N', 3),
       (83, 35, '1.5', 'N', 4),
       (84, 35, '2', 'N', 5),
       (85, 35, '2.5', 'N', 6),
       (86, 35, '3', 'N', 7),
       (87, 35, '3.5', 'N', 8),
       (88, 35, '4', 'N', 9),
       (89, 35, '4.5', 'N', 10),
       (90, 35, '5', 'N', 11),
       (91, 35, '5.5', 'N', 12),
       (92, 35, '6', 'N', 13),
       (93, 35, '6.5', 'N', 14),
       (94, 35, '7', 'N', 15),
       (95, 35, '7.5', 'N', 16),
       (96, 35, '8', 'N', 17),
       (97, 35, '8.5', 'N', 18),
       (98, 35, '9', 'N', 19),
       (100, 36, '0', 'N', 1),
       (101, 36, '0.5', 'N', 2),
       (102, 36, '1', 'N', 3),
       (103, 36, '1.5', 'N', 4),
       (104, 36, '2', 'N', 5),
       (105, 36, '2.5', 'N', 6),
       (106, 36, '3', 'N', 7),
       (107, 36, '3.5', 'N', 8),
       (108, 36, '4', 'N', 9),
       (109, 36, '4.5', 'N', 10),
       (110, 36, '5', 'N', 11),
       (111, 36, '5.5', 'N', 12),
       (112, 36, '6', 'N', 13),
       (113, 36, '6.5', 'N', 14),
       (114, 36, '7', 'N', 15),
       (115, 36, '7.5', 'N', 16),
       (116, 36, '8', 'N', 17),
       (117, 36, '8.5', 'N', 18),
       (118, 36, '9', 'N', 19),
       (120, 37, '0', 'N', 1),
       (121, 37, '0.5', 'N', 2),
       (122, 37, '1', 'N', 3),
       (123, 37, '1.5', 'N', 4),
       (124, 37, '2', 'N', 5),
       (125, 37, '2.5', 'N', 6),
       (126, 37, '3', 'N', 7),
       (127, 37, '3.5', 'N', 8),
       (128, 37, '4', 'N', 9),
       (129, 37, '4.5', 'N', 10),
       (130, 37, '5', 'N', 11),
       (131, 37, '5.5', 'N', 12),
       (132, 37, '6', 'N', 13),
       (133, 37, '6.5', 'N', 14),
       (134, 37, '7', 'N', 15),
       (135, 37, '7.5', 'N', 16),
       (136, 37, '8', 'N', 17),
       (137, 37, '8.5', 'N', 18),
       (138, 37, '9', 'N', 19),
       (151, 38, '0', 'N', 1),
       (152, 38, '0.5', 'N', 2),
       (153, 38, '1', 'N', 3),
       (154, 38, '1.5', 'N', 4),
       (155, 38, '2', 'N', 5),
       (156, 38, '2.5', 'N', 6),
       (157, 38, '3', 'N', 7),
       (158, 38, '3.5', 'N', 8),
       (159, 38, '4', 'N', 9),
       (160, 38, '4.5', 'N', 10),
       (161, 38, '5', 'N', 11),
       (162, 38, '5.5', 'N', 12),
       (163, 38, '6', 'N', 13),
       (164, 38, '6.5', 'N', 14),
       (165, 38, '7', 'N', 15),
       (166, 38, '7.5', 'N', 16),
       (167, 38, '8', 'N', 17),
       (168, 38, '8.5', 'N', 18),
       (169, 38, '9', 'N', 19),
       (182, 60, '0', 'N', 1),
       (183, 60, '0.5', 'N', 2),
       (184, 60, '1', 'N', 3),
       (185, 60, '1.5', 'N', 4),
       (186, 60, '2', 'N', 5),
       (187, 60, '2.5', 'N', 6),
       (188, 60, '3', 'N', 7),
       (189, 60, '3.5', 'N', 8),
       (190, 60, '4', 'N', 9),
       (191, 60, '4.5', 'N', 10),
       (192, 60, '5', 'N', 11),
       (193, 60, '5.5', 'N', 12),
       (194, 60, '6', 'N', 13),
       (195, 60, '6.5', 'N', 14),
       (196, 60, '7', 'N', 15),
       (197, 60, '7.5', 'N', 16),
       (198, 60, '8', 'N', 17),
       (199, 60, '8.5', 'N', 18),
       (200, 60, '9', 'N', 19),
       (213, 61, '0', 'N', 1),
       (214, 61, '0.5', 'N', 2),
       (215, 61, '1', 'N', 3),
       (216, 61, '1.5', 'N', 4),
       (217, 61, '2', 'N', 5),
       (218, 61, '2.5', 'N', 6),
       (219, 61, '3', 'N', 7),
       (220, 61, '3.5', 'N', 8),
       (221, 61, '4', 'N', 9),
       (222, 61, '4.5', 'N', 10),
       (223, 61, '5', 'N', 11),
       (224, 61, '5.5', 'N', 12),
       (225, 61, '6', 'N', 13),
       (226, 61, '6.5', 'N', 14),
       (227, 61, '7', 'N', 15),
       (228, 61, '7.5', 'N', 16),
       (229, 61, '8', 'N', 17),
       (230, 61, '8.5', 'N', 18),
       (231, 61, '9', 'N', 19),
       (244, 62, '0', 'N', 1),
       (245, 62, '0.5', 'N', 2),
       (246, 62, '1', 'N', 3),
       (247, 62, '1.5', 'N', 4),
       (248, 62, '2', 'N', 5),
       (249, 62, '2.5', 'N', 6),
       (250, 62, '3', 'N', 7),
       (251, 62, '3.5', 'N', 8),
       (252, 62, '4', 'N', 9),
       (253, 62, '4.5', 'N', 10),
       (254, 62, '5', 'N', 11),
       (255, 62, '5.5', 'N', 12),
       (256, 62, '6', 'N', 13),
       (257, 62, '6.5', 'N', 14),
       (258, 62, '7', 'N', 15),
       (259, 62, '7.5', 'N', 16),
       (260, 62, '8', 'N', 17),
       (261, 62, '8.5', 'N', 18),
       (262, 62, '9', 'N', 19),
       (275, 63, '0', 'N', 1),
       (276, 63, '0.5', 'N', 2),
       (277, 63, '1', 'N', 3),
       (278, 63, '1.5', 'N', 4),
       (279, 63, '2', 'N', 5),
       (280, 63, '2.5', 'N', 6),
       (281, 63, '3', 'N', 7),
       (282, 63, '3.5', 'N', 8),
       (283, 63, '4', 'N', 9),
       (284, 63, '4.5', 'N', 10),
       (285, 63, '5', 'N', 11),
       (286, 63, '5.5', 'N', 12),
       (287, 63, '6', 'N', 13),
       (288, 63, '6.5', 'N', 14),
       (289, 63, '7', 'N', 15),
       (290, 63, '7.5', 'N', 16),
       (291, 63, '8', 'N', 17),
       (292, 63, '8.5', 'N', 18),
       (293, 63, '9', 'N', 19),
       (306, 64, '0', 'N', 1),
       (307, 64, '0.5', 'N', 2),
       (308, 64, '1', 'N', 3),
       (309, 64, '1.5', 'N', 4),
       (310, 64, '2', 'N', 5),
       (311, 64, '2.5', 'N', 6),
       (312, 64, '3', 'N', 7),
       (313, 64, '3.5', 'N', 8),
       (314, 64, '4', 'N', 9),
       (315, 64, '4.5', 'N', 10),
       (316, 64, '5', 'N', 11),
       (317, 64, '5.5', 'N', 12),
       (318, 64, '6', 'N', 13),
       (319, 64, '6.5', 'N', 14),
       (320, 64, '7', 'N', 15),
       (321, 64, '7.5', 'N', 16),
       (322, 64, '8', 'N', 17),
       (323, 64, '8.5', 'N', 18),
       (324, 64, '9', 'N', 19),
       (337, 97, '0', 'N', 1),
       (338, 97, '0.5', 'N', 2),
       (339, 97, '1', 'N', 3),
       (340, 97, '1.5', 'N', 4),
       (341, 97, '2', 'N', 5),
       (342, 97, '2.5', 'N', 6),
       (343, 97, '3', 'N', 7),
       (344, 97, '3.5', 'N', 8),
       (345, 97, '4', 'N', 9),
       (346, 97, '4.5', 'N', 10),
       (347, 97, '5', 'N', 11),
       (348, 97, '5.5', 'N', 12),
       (349, 97, '6', 'N', 13),
       (350, 97, '6.5', 'N', 14),
       (351, 97, '7', 'N', 15),
       (352, 97, '7.5', 'N', 16),
       (353, 97, '8', 'N', 17),
       (354, 97, '8.5', 'N', 18),
       (355, 97, '9', 'N', 19),
       (356, 17, 'common_law', 'N', 4),
       (357, 18, 'citizenship', 'N', 7),
       (358, 26, 'high_school', 'N', 9),
       (359, 53, 'high_school', 'N', 9),
       (360, 104, 'yes', 'N', 0),
       (361, 104, 'no', 'N', 1),
       (362, 107, 'yes', 'N', 0),
       (363, 107, 'no', 'N', 1),
       (364, 17, 'widowed', 'N', 5),
       (365, 17, 'separated', 'N', 6),
       (366, 18, 'other', 'N', 8),
       (367, 111, 'yes', 'N', 0),
       (368, 111, 'no', 'N', 1),
       (369, 112, 'yes', 'N', 0),
       (370, 112, 'no', 'N', 1),
       (371, 114, 'ielts', 'N', 0),
       (372, 114, 'pte', 'N', 1),
       (373, 114, 'toefl', 'N', 2),
       (374, 114, 'cae', 'N', 3),
       (375, 114, 'oet', 'N', 4),
       (376, 115, 'ielts', 'N', 0),
       (377, 115, 'pte', 'N', 1),
       (378, 115, 'toefl', 'N', 2),
       (379, 115, 'cae', 'N', 3),
       (380, 115, 'oet', 'N', 4),
       (381, 116, 'yes', 'N', 0),
       (382, 116, 'no', 'N', 1),
       (383, 118, 'yes', 'N', 0),
       (384, 118, 'no', 'N', 1),
       (385, 119, 'child', 'N', 0),
       (386, 119, 'parent', 'N', 1),
       (387, 119, 'brother', 'N', 2),
       (388, 119, 'sister', 'N', 3),
       (389, 119, 'niece', 'N', 4),
       (390, 119, 'nephew', 'N', 5),
       (391, 119, 'aunt', 'N', 6),
       (392, 119, 'uncle', 'N', 7),
       (393, 119, 'grandparent', 'N', 8),
       (394, 119, 'first_cousin', 'N', 9),
       (395, 122, 'yes', 'N', 0),
       (396, 124, 'yes', 'N', 0);

-- --------------------------------------------------------

--
-- Table structure for table `company_questionnaires_fields_options_templates`
--

CREATE TABLE `company_questionnaires_fields_options_templates`
(
    `q_id`                   int(11) UNSIGNED NOT NULL,
    `q_field_option_id`      int(11) UNSIGNED NOT NULL,
    `q_field_option_label`   char(255)        NOT NULL,
    `q_field_option_visible` enum ('Y','N') DEFAULT 'Y'
) ENGINE = InnoDB
  DEFAULT CHARSET = utf8 COMMENT ='Each option in combobox/radio can have own label in each QNR.';

--
-- Dumping data for table `company_questionnaires_fields_options_templates`
--

INSERT INTO `company_questionnaires_fields_options_templates` (`q_id`, `q_field_option_id`, `q_field_option_label`,
                                                               `q_field_option_visible`)
VALUES (1, 1, 'Yes', 'Y'),
       (1, 2, 'No', 'Y'),
       (1, 3, 'Yes', 'Y'),
       (1, 4, 'No', 'Y'),
       (1, 5, 'Never Married', 'Y'),
       (1, 6, 'Divorced', 'Y'),
       (1, 7, 'Married', 'Y'),
       (1, 8, 'Engaged', 'Y'),
       (1, 9, 'Skilled Independent Visa', 'Y'),
       (1, 10, 'Employer Sponsored Visa', 'Y'),
       (1, 11, 'Partner Visa', 'Y'),
       (1, 12, 'Parent Visa', 'Y'),
       (1, 13, 'Student Visa', 'Y'),
       (1, 14, 'Business/Significant Investment Visa', 'Y'),
       (1, 15, 'State Sponsorship Visa', 'Y'),
       (1, 16, 'Yes', 'Y'),
       (1, 17, 'No', 'Y'),
       (1, 18, 'Yes', 'Y'),
       (1, 19, 'No', 'Y'),
       (1, 20, 'PhD', 'Y'),
       (1, 22, 'Masters Degree', 'Y'),
       (1, 24, 'Bachelor Degree', 'Y'),
       (1, 25, 'Associate Degree', 'Y'),
       (1, 26, 'Advanced Diploma', 'Y'),
       (1, 27, 'Diploma', 'Y'),
       (1, 28, 'Trade Certificate', 'Y'),
       (1, 29, 'Yes', 'Y'),
       (1, 30, 'No', 'Y'),
       (1, 31, 'Yes', 'Y'),
       (1, 32, 'No', 'Y'),
       (1, 33, 'ANZSCO Occupations', 'Y'),
       (1, 34, 'Choice 2', 'Y'),
       (1, 37, 'PhD', 'Y'),
       (1, 39, 'Masters Degree', 'Y'),
       (1, 41, 'Bachelor Degree', 'Y'),
       (1, 42, 'Associate Degree', 'Y'),
       (1, 43, 'Advanced Diploma', 'Y'),
       (1, 44, 'Diploma', 'Y'),
       (1, 45, 'Trade Certificate', 'Y'),
       (1, 46, 'Yes', 'Y'),
       (1, 47, 'No', 'Y'),
       (1, 52, 'ANZSCO Occupations', 'Y'),
       (1, 53, 'Choice 2', 'Y'),
       (1, 59, 'Yes', 'Y'),
       (1, 60, 'No', 'Y'),
       (1, 61, 'Yes', 'Y'),
       (1, 62, 'No', 'Y'),
       (1, 63, 'Yes', 'Y'),
       (1, 64, 'No', 'Y'),
       (1, 65, 'Yes', 'Y'),
       (1, 66, 'No', 'Y'),
       (1, 67, 'Queensland', 'Y'),
       (1, 68, 'New South Wales', 'Y'),
       (1, 69, 'Victoria', 'Y'),
       (1, 70, 'ACT', 'Y'),
       (1, 71, 'Tasmania', 'Y'),
       (1, 72, 'Western Australia', 'Y'),
       (1, 73, 'Northern Territory', 'Y'),
       (1, 75, 'South Australia', 'Y'),
       (1, 76, 'Yes', 'Y'),
       (1, 77, 'No', 'Y'),
       (1, 78, 'Yes', 'Y'),
       (1, 79, 'No', 'Y'),
       (1, 80, '0', 'Y'),
       (1, 81, '0.5', 'Y'),
       (1, 82, '1.0', 'Y'),
       (1, 83, '1.5', 'Y'),
       (1, 84, '2.0', 'Y'),
       (1, 85, '2.5', 'Y'),
       (1, 86, '3.0', 'Y'),
       (1, 87, '3.5', 'Y'),
       (1, 88, '4.0', 'Y'),
       (1, 89, '4.5', 'Y'),
       (1, 90, '5.0', 'Y'),
       (1, 91, '5.5', 'Y'),
       (1, 92, '6.0', 'Y'),
       (1, 93, '6.5', 'Y'),
       (1, 94, '7.0', 'Y'),
       (1, 95, '7.5', 'Y'),
       (1, 96, '8.0', 'Y'),
       (1, 97, '8.5', 'Y'),
       (1, 98, '9.0', 'Y'),
       (1, 100, '0', 'Y'),
       (1, 101, '0.5', 'Y'),
       (1, 102, '1.0', 'Y'),
       (1, 103, '1.5', 'Y'),
       (1, 104, '2.0', 'Y'),
       (1, 105, '2.5', 'Y'),
       (1, 106, '3.0', 'Y'),
       (1, 107, '3.5', 'Y'),
       (1, 108, '4.0', 'Y'),
       (1, 109, '4.5', 'Y'),
       (1, 110, '5.0', 'Y'),
       (1, 111, '5.5', 'Y'),
       (1, 112, '6.0', 'Y'),
       (1, 113, '6.5', 'Y'),
       (1, 114, '7.0', 'Y'),
       (1, 115, '7.5', 'Y'),
       (1, 116, '8.0', 'Y'),
       (1, 117, '8.5', 'Y'),
       (1, 118, '9.0', 'Y'),
       (1, 120, '0', 'Y'),
       (1, 121, '0.5', 'Y'),
       (1, 122, '1.0', 'Y'),
       (1, 123, '1.5', 'Y'),
       (1, 124, '2.0', 'Y'),
       (1, 125, '2.5', 'Y'),
       (1, 126, '3.0', 'Y'),
       (1, 127, '3.5', 'Y'),
       (1, 128, '4.0', 'Y'),
       (1, 129, '4.5', 'Y'),
       (1, 130, '5.0', 'Y'),
       (1, 131, '5.5', 'Y'),
       (1, 132, '6.0', 'Y'),
       (1, 133, '6.5', 'Y'),
       (1, 134, '7.0', 'Y'),
       (1, 135, '7.5', 'Y'),
       (1, 136, '8.0', 'Y'),
       (1, 137, '8.5', 'Y'),
       (1, 138, '9.0', 'Y'),
       (1, 151, '0', 'Y'),
       (1, 152, '0.5', 'Y'),
       (1, 153, '1.0', 'Y'),
       (1, 154, '1.5', 'Y'),
       (1, 155, '2.0', 'Y'),
       (1, 156, '2.5', 'Y'),
       (1, 157, '3.0', 'Y'),
       (1, 158, '3.5', 'Y'),
       (1, 159, '4.0', 'Y'),
       (1, 160, '4.5', 'Y'),
       (1, 161, '5.0', 'Y'),
       (1, 162, '5.5', 'Y'),
       (1, 163, '6.0', 'Y'),
       (1, 164, '6.5', 'Y'),
       (1, 165, '7.0', 'Y'),
       (1, 166, '7.5', 'Y'),
       (1, 167, '8.0', 'Y'),
       (1, 168, '8.5', 'Y'),
       (1, 169, '9.0', 'Y'),
       (1, 182, '0', 'Y'),
       (1, 183, '0.5', 'Y'),
       (1, 184, '1.0', 'Y'),
       (1, 185, '1.5', 'Y'),
       (1, 186, '2.0', 'Y'),
       (1, 187, '2.5', 'Y'),
       (1, 188, '3.0', 'Y'),
       (1, 189, '3.5', 'Y'),
       (1, 190, '4.0', 'Y'),
       (1, 191, '4.5', 'Y'),
       (1, 192, '5.0', 'Y'),
       (1, 193, '5.5', 'Y'),
       (1, 194, '6.0', 'Y'),
       (1, 195, '6.5', 'Y'),
       (1, 196, '7.0', 'Y'),
       (1, 197, '7.5', 'Y'),
       (1, 198, '8.0', 'Y'),
       (1, 199, '8.5', 'Y'),
       (1, 200, '9.0', 'Y'),
       (1, 213, '0', 'Y'),
       (1, 214, '0.5', 'Y'),
       (1, 215, '1.0', 'Y'),
       (1, 216, '1.5', 'Y'),
       (1, 217, '2.0', 'Y'),
       (1, 218, '2.5', 'Y'),
       (1, 219, '3.0', 'Y'),
       (1, 220, '3.5', 'Y'),
       (1, 221, '4.0', 'Y'),
       (1, 222, '4.5', 'Y'),
       (1, 223, '5.0', 'Y'),
       (1, 224, '5.5', 'Y'),
       (1, 225, '6.0', 'Y'),
       (1, 226, '6.5', 'Y'),
       (1, 227, '7.0', 'Y'),
       (1, 228, '7.5', 'Y'),
       (1, 229, '8.0', 'Y'),
       (1, 230, '8.5', 'Y'),
       (1, 231, '9.0', 'Y'),
       (1, 244, '0', 'Y'),
       (1, 245, '0.5', 'Y'),
       (1, 246, '1.0', 'Y'),
       (1, 247, '1.5', 'Y'),
       (1, 248, '2.0', 'Y'),
       (1, 249, '2.5', 'Y'),
       (1, 250, '3.0', 'Y'),
       (1, 251, '3.5', 'Y'),
       (1, 252, '4.0', 'Y'),
       (1, 253, '4.5', 'Y'),
       (1, 254, '5.0', 'Y'),
       (1, 255, '5.5', 'Y'),
       (1, 256, '6.0', 'Y'),
       (1, 257, '6.5', 'Y'),
       (1, 258, '7.0', 'Y'),
       (1, 259, '7.5', 'Y'),
       (1, 260, '8.0', 'Y'),
       (1, 261, '8.5', 'Y'),
       (1, 262, '9.0', 'Y'),
       (1, 275, '0', 'Y'),
       (1, 276, '0.5', 'Y'),
       (1, 277, '1.0', 'Y'),
       (1, 278, '1.5', 'Y'),
       (1, 279, '2.0', 'Y'),
       (1, 280, '2.5', 'Y'),
       (1, 281, '3.0', 'Y'),
       (1, 282, '3.5', 'Y'),
       (1, 283, '4.0', 'Y'),
       (1, 284, '4.5', 'Y'),
       (1, 285, '5.0', 'Y'),
       (1, 286, '5.5', 'Y'),
       (1, 287, '6.0', 'Y'),
       (1, 288, '6.5', 'Y'),
       (1, 289, '7.0', 'Y'),
       (1, 290, '7.5', 'Y'),
       (1, 291, '8.0', 'Y'),
       (1, 292, '8.5', 'Y'),
       (1, 293, '9.0', 'Y'),
       (1, 306, '0', 'Y'),
       (1, 307, '0.5', 'Y'),
       (1, 308, '1.0', 'Y'),
       (1, 309, '1.5', 'Y'),
       (1, 310, '2.0', 'Y'),
       (1, 311, '2.5', 'Y'),
       (1, 312, '3.0', 'Y'),
       (1, 313, '3.5', 'Y'),
       (1, 314, '4.0', 'Y'),
       (1, 315, '4.5', 'Y'),
       (1, 316, '5.0', 'Y'),
       (1, 317, '5.5', 'Y'),
       (1, 318, '6.0', 'Y'),
       (1, 319, '6.5', 'Y'),
       (1, 320, '7.0', 'Y'),
       (1, 321, '7.5', 'Y'),
       (1, 322, '8.0', 'Y'),
       (1, 323, '8.5', 'Y'),
       (1, 324, '9.0', 'Y'),
       (1, 337, '0', 'Y'),
       (1, 338, '0.5', 'Y'),
       (1, 339, '1.0', 'Y'),
       (1, 340, '1.5', 'Y'),
       (1, 341, '2.0', 'Y'),
       (1, 342, '2.5', 'Y'),
       (1, 343, '3.0', 'Y'),
       (1, 344, '3.5', 'Y'),
       (1, 345, '4.0', 'Y'),
       (1, 346, '4.5', 'Y'),
       (1, 347, '5.0', 'Y'),
       (1, 348, '5.5', 'Y'),
       (1, 349, '6.0', 'Y'),
       (1, 350, '6.5', 'Y'),
       (1, 351, '7.0', 'Y'),
       (1, 352, '7.5', 'Y'),
       (1, 353, '8.0', 'Y'),
       (1, 354, '8.5', 'Y'),
       (1, 355, '9.0', 'Y'),
       (1, 356, 'De-Facto/Common Law', 'Y'),
       (1, 357, 'Citizenship', 'Y'),
       (1, 358, 'High School', 'Y'),
       (1, 359, 'High School', 'Y'),
       (1, 360, 'Yes', 'Y'),
       (1, 361, 'No', 'Y'),
       (1, 362, 'Yes', 'Y'),
       (1, 363, 'No', 'Y'),
       (1, 364, 'Widowed', 'Y'),
       (1, 365, 'Separated', 'Y'),
       (1, 366, 'Other (Type your area of interest in the box below and describe in brief)', 'Y'),
       (1, 367, 'Yes', 'Y'),
       (1, 368, 'No', 'Y'),
       (1, 369, 'Yes', 'Y'),
       (1, 370, 'No', 'Y'),
       (1, 371, 'IELTS', 'Y'),
       (1, 372, 'PTE', 'Y'),
       (1, 373, 'TOEFL iBT', 'Y'),
       (1, 374, 'CAE', 'Y'),
       (1, 375, 'OET', 'Y'),
       (1, 376, 'IELTS', 'Y'),
       (1, 377, 'PTE', 'Y'),
       (1, 378, 'TOEFL iBT', 'Y'),
       (1, 379, 'CAE', 'Y'),
       (1, 380, 'OET', 'Y'),
       (1, 381, 'Yes', 'Y'),
       (1, 382, 'No', 'Y'),
       (1, 383, 'Yes', 'Y'),
       (1, 384, 'No', 'Y'),
       (1, 385, 'Child', 'Y'),
       (1, 386, 'Parent', 'Y'),
       (1, 387, 'Brother', 'Y'),
       (1, 388, 'Sister', 'Y'),
       (1, 389, 'Niece', 'Y'),
       (1, 390, 'Nephew', 'Y'),
       (1, 391, 'Aunt', 'Y'),
       (1, 392, 'Uncle', 'Y'),
       (1, 393, 'Grandparent', 'Y'),
       (1, 394, 'First cousin', 'Y'),
       (1, 395, '', 'Y'),
       (1, 396, '', 'Y');

-- --------------------------------------------------------

--
-- Table structure for table `company_questionnaires_fields_templates`
--

CREATE TABLE `company_questionnaires_fields_templates`
(
    `q_id`                           int(11) UNSIGNED NOT NULL,
    `q_field_id`                     int(11) UNSIGNED NOT NULL,
    `q_field_label`                  char(255)        NOT NULL,
    `q_field_prospect_profile_label` char(255)        NOT NULL DEFAULT '' COMMENT 'Used in prospect''s profile tab from default QNR only',
    `q_field_help`                   text,
    `q_field_help_show`              enum ('Y','N')            DEFAULT 'N'
) ENGINE = InnoDB
  DEFAULT CHARSET = utf8 COMMENT ='Each field can have own label in each QNR. ';

--
-- Dumping data for table `company_questionnaires_fields_templates`
--

INSERT INTO `company_questionnaires_fields_templates` (`q_id`, `q_field_id`, `q_field_label`,
                                                       `q_field_prospect_profile_label`, `q_field_help`,
                                                       `q_field_help_show`)
VALUES (1, 2, 'Family name:', '', 'Your Family Name as printed on your Passport', 'Y'),
       (1, 3, 'Given names:', '', 'All Given Names (including your middle name) as printed on your passport.', 'Y'),
       (1, 4, 'Date of birth:', '', 'Date of Birth as printed on your passport', 'Y'),
       (1, 5, 'Country of Passport:', '', '', 'N'),
       (1, 6, 'Country of current Residence:', '', 'Enter the name of the country you currently live in', 'Y'),
       (1, 7, 'Email:', '', '', 'N'),
       (1, 8, 'Phone number:', '', 'Please provide a valid phone number with country and area code.', 'Y'),
       (1, 9, 'Current Visa Type (e.g.: Student Visa):', '',
        'This can be found on your visa label or your e-visa grant letter', 'Y'),
       (1, 10, 'Street Address 1:', '', '', 'N'),
       (1, 11, 'Street Address 2:', '', '', 'N'),
       (1, 12, 'Suburb:', '', '', 'N'),
       (1, 13, 'State:', '', '', 'N'),
       (1, 14, 'Postal code:', '', '', 'N'),
       (1, 15, 'Have you ever applied for an Australian visa before?', '', '', 'N'),
       (1, 16, 'Was your visa ever refused or cancelled?', '', '', 'N'),
       (1, 17, 'Relationship Status:', '', '', 'N'),
       (1, 18, 'Area of Interest:', '',
        '<div>You can select multiple areas of interest:</div><div><br></div><div>Example:</div><div><div><br></div><div>Select Area Of Interest as Skilled Independent Visa if you are interested in applying for a skilled Permanent Residency or skilled Temporary Residency</div><div><br></div><div>If you are looking a State Sponsorship, select State Sponsorship</div></div><div><br></div><div>If you also are looking to apply to study in Australia, select Student Visa</div>',
        'Y'),
       (1, 19, 'Family Name of partner/spouse:', '', '', 'N'),
       (1, 20, 'Given Name of partner/spouse:', '', '', 'N'),
       (1, 21, 'Date of Birth of partner/spouse:', '', '', 'N'),
       (1, 22, 'Partner/Spouse\'s Country of Passport:', '', '', 'N'),
       (1, 23, 'Partner/Spouse\'s country of current residence:', '', '', 'N'),
       (1, 24, 'Is partner/spouse a permanent resident/citizen of Australia?', '', '', 'N'),
       (1, 25, 'Is partner/spouse a permanent resident/citizen of New Zealand?', '', '', 'N'),
       (1, 26, 'Highest Qualification:', '', '', 'N'),
       (1, 27, 'Name of the Qualification:', '', '', 'N'),
       (1, 28, 'Name of Bachelor Degree:', '', '', 'N'),
       (1, 29, 'Country of Education:', '', '', 'N'),
       (1, 30, 'Duration of Course (in years):', '', '', 'N'),
       (1, 31, 'Was your course conducted in regional Australia?', '', '', 'N'),
       (1, 32, 'Completion Date:', '', '', 'N'),
       (1, 33, 'Have you taken an English test in last 36 months?', '', '', 'N'),
       (1, 34, 'Date of Test:', '', '', 'N'),
       (1, 35, 'Listening Score:', '', '', 'N'),
       (1, 36, 'Reading Score:', '', '', 'N'),
       (1, 37, 'Writing Score:', '', '', 'N'),
       (1, 38, 'Speaking Score:', '', '', 'N'),
       (1, 39, 'Occupation:', '', '', 'N'),
       (1, 40, 'Name of the employer:', '', '', 'N'),
       (1, 41, 'Job Title:', '', '', 'N'),
       (1, 42, 'Country of Employment:', '', '', 'N'),
       (1, 43, 'Start Date:', '', '', 'N'),
       (1, 44, 'End Date:', '', '', 'N'),
       (1, 51, 'Total number of children of the applicant and/or spouse:', '', '', 'N'),
       (1, 52, 'Number of these children who are Australian permanent residents or citizens:', '', '', 'N'),
       (1, 53, 'Highest Qualification:', '', '', 'N'),
       (1, 54, 'Name of the Qualification:', '', '', 'N'),
       (1, 55, 'Name of Bachelor Degree:', '', '', 'N'),
       (1, 56, 'Country of Education:', '', '', 'N'),
       (1, 57, 'Completion Date:', '', '', 'N'),
       (1, 58, 'Has your partner/spouse taken an English test in last 36 months?', '', '', 'N'),
       (1, 59, 'Date of Test:', '', '', 'N'),
       (1, 60, 'Listening Score:', '', '', 'N'),
       (1, 61, 'Reading Score:', '', '', 'N'),
       (1, 62, 'Writing Score:', '', '', 'N'),
       (1, 63, 'Speaking Score:', '', '', 'N'),
       (1, 64, 'Overall Score:', '', '', 'N'),
       (1, 68, 'Occupation:', '', '', 'N'),
       (1, 69, 'Name of the employer:', '', '', 'N'),
       (1, 70, 'Job Title:', '', '', 'N'),
       (1, 71, 'Country of Employment:', '', '', 'N'),
       (1, 72, 'Start Date:', '', '', 'N'),
       (1, 73, 'End Date:', '', '', 'N'),
       (1, 80,
        'Are you prepared to invest at least AUD 1.5 Million in  Australian business and Australian government bonds?',
        '', '', 'N'),
       (1, 81, 'Do you have experience in managing a business?', '', '', 'N'),
       (1, 82, 'Was the turnover of the business greater than AUD 500,000?', '', '', 'N'),
       (1, 83, 'Is your net worth more than AUD 2.25 Million?', '', '', 'N'),
       (1, 84, 'States of interest:', '', '', 'N'),
       (1, 85, 'Have you completed any qualification from the above mentioned state?', '', '', 'N'),
       (1, 86, 'Do you currently have a job offer from the above mentioned state?', '', '', 'N'),
       (1, 87, 'Position/Job Title:', '', '', 'N'),
       (1, 88, 'Name of the Business:', '', '', 'N'),
       (1, 89, 'Address of the employer:', '', '', 'N'),
       (1, 90, 'Phone Number:', '', '', 'N'),
       (1, 91, 'E-mail Address:', '', '', 'N'),
       (1, 92, 'Contact person:', '', '', 'N'),
       (1, 93, 'Your Education:', '', '', 'N'),
       (1, 94, 'Your Spouse/Partner\'s Education:', '', '', 'N'),
       (1, 95, 'You:', '', '', 'N'),
       (1, 96, 'Your Spouse/Partner:', '', '', 'N'),
       (1, 97, 'Overall Score:', '', '', 'N'),
       (1, 100, 'Attach Your Spouse/Partner\'s Most Recent CV/Resume:', '', '', 'N'),
       (1, 101, 'Attach Your Most Recent CV/Resume:', '', '', 'N'),
       (1, 102, 'Email (please confirm again):', '', NULL, 'N'),
       (1, 103, 'Date Permanent Residency Obtained:', '', NULL, 'N'),
       (1, 104, 'Have you completed a Professional Year for a period of at least 12 months in past four years?',
        'Completed a Professional Year for a period of at least 12 months in past four years?', NULL, 'N'),
       (1, 105, 'Name of Professional Year Program:', '', NULL, 'N'),
       (1, 106, 'Year Completed:', '', NULL, 'N'),
       (1, 107, 'Do you have a credentialed community language qualification?',
        'Have a credentialed community language qualification?', NULL, 'N'),
       (1, 109, 'Where did you hear about us?', 'Referred by:', NULL, 'N'),
       (1, 110, 'Date of initial interview:', 'Date of initial interview:', NULL, 'N'),
       (1, 111, 'Does any applicant have any criminal convictions?',
        'Does any applicant have any criminal convictions?', NULL, 'N'),
       (1, 112, 'Does any applicant have health or care concerns?', 'Does any applicant have health or care concerns?',
        NULL, 'N'),
       (1, 113, 'Further Information:', 'Further Information:', NULL, 'N'),
       (1, 114, 'Test Type:', 'Test Type:', NULL, 'N'),
       (1, 115, 'Test Type:', 'Test Type:', NULL, 'N'),
       (1, 116, 'Do you have at least $200,000 in Australian VC funding to commercialise an idea in Australia?',
        'Do you have at least $200,000 in Australian VC funding to commercialise an idea in Australia?', NULL, 'N'),
       (1, 117, 'Name of Institution:', 'Name of Institution:', NULL, 'N'),
       (1, 118, 'Do you have a relative in designated area who is willing to sponsor you?',
        'Do you have a relative in designated area who is willing to sponsor you?', NULL, 'N'),
       (1, 119, 'Nature of relationship:', 'Nature of relationship:', NULL, 'N'),
       (1, 120, 'Postcode where your relative lives:', 'Postcode where your relative lives:', NULL, 'N'),
       (1, 121, 'Did Not Arrive (DNA)', 'Did Not Arrive (DNA)', NULL, 'N'),
       (1, 122, 'I have additional qualifications:', 'I have additional qualifications:', NULL, 'N'),
       (1, 123, 'Please list additional qualifications:', 'Please list additional qualifications:', NULL, 'N'),
       (1, 124, 'I have additional qualifications:', 'I have additional qualifications:', NULL, 'N'),
       (1, 125, 'Please list additional qualifications:', 'Please list additional qualifications:', NULL, 'N'),
       (1, 126, 'Name of Institution:', 'Name of Institution:', NULL, 'N');

-- --------------------------------------------------------

--
-- Table structure for table `company_questionnaires_sections`
--

CREATE TABLE `company_questionnaires_sections`
(
    `q_section_id`    int(11) UNSIGNED NOT NULL,
    `q_section_step`  tinyint(3) UNSIGNED DEFAULT '0',
    `q_section_order` tinyint(3) UNSIGNED DEFAULT '0'
) ENGINE = InnoDB
  DEFAULT CHARSET = utf8 COMMENT ='List of sections that are used in QNR and in Prospect''s profile.';

--
-- Dumping data for table `company_questionnaires_sections`
--

INSERT INTO `company_questionnaires_sections` (`q_section_id`, `q_section_step`, `q_section_order`)
VALUES (1, 1, 1),
       (2, 1, 2),
       (3, 1, 3),
       (4, 2, 4),
       (5, 2, 5),
       (6, 2, 7),
       (7, 3, 7),
       (8, 3, 8),
       (9, 4, 9),
       (10, 2, 10),
       (11, 2, 12),
       (12, 2, 6),
       (13, 2, 11);

-- --------------------------------------------------------

--
-- Table structure for table `company_questionnaires_sections_templates`
--

CREATE TABLE `company_questionnaires_sections_templates`
(
    `q_id`                       int(11) UNSIGNED NOT NULL,
    `q_section_id`               int(11) UNSIGNED NOT NULL,
    `q_section_template_name`    char(255)        NOT NULL,
    `q_section_prospect_profile` char(255)        NOT NULL DEFAULT '',
    `q_section_help`             text,
    `q_section_help_show`        enum ('Y','N')            DEFAULT 'N'
) ENGINE = InnoDB
  DEFAULT CHARSET = utf8 COMMENT ='Each section can have own label (separate for QNR, separate for prsopect''s profile) and can show/use help text.';

--
-- Dumping data for table `company_questionnaires_sections_templates`
--

INSERT INTO `company_questionnaires_sections_templates` (`q_id`, `q_section_id`, `q_section_template_name`,
                                                         `q_section_prospect_profile`, `q_section_help`,
                                                         `q_section_help_show`)
VALUES (1, 1, 'PERSONAL INFORMATION', 'PERSONAL INFORMATION', NULL, NULL),
       (1, 2, 'CURRENT ADDRESS IN AUSTRALIA', 'CURRENT ADDRESS IN AUSTRALIA', NULL, NULL),
       (1, 3, 'SPOUSE/PARTNER\'S PERSONAL INFORMATION', 'SPOUSE/PARTNER\'S PERSONAL INFORMATION', NULL, NULL),
       (1, 4, 'FAMILY COMPOSITION', 'FAMILY COMPOSITION', NULL, NULL),
       (1, 5, 'EDUCATION', 'EDUCATION', NULL, NULL),
       (1, 6, 'LANGUAGE', 'LANGUAGE', NULL, NULL),
       (1, 7, 'EMPLOYMENT', 'EMPLOYMENT', NULL, NULL),
       (1, 8, 'SPOUSE/PARTNER\'S EMPLOYMENT', 'SPOUSE/PARTNER\'S EMPLOYMENT', NULL, NULL),
       (1, 9, 'BUSINESS OR SIGNIFICANT INVESTMENT INFORMATION', 'BUSINESS OR SIGNIFICANT INVESTMENT INFORMATION', NULL,
        NULL),
       (1, 10, 'STATE SPONSORSHIP INFORMATION', 'STATE SPONSORSHIP INFORMATION', NULL, NULL),
       (1, 11, 'SPONSORING EMPLOYER DETAILS', 'SPONSORING EMPLOYER DETAILS', NULL, NULL),
       (1, 12, 'PROFESSIONAL PROGRAMS', 'PROFESSIONAL PROGRAMS', NULL, 'N'),
       (1, 13, 'SPONSORSHIP BY ELIGIBLE RELATIVE IN DESIGNATED AREA',
        'SPONSORSHIP BY ELIGIBLE RELATIVE IN DESIGNATED AREA', NULL, 'N');

-- --------------------------------------------------------

--
-- Table structure for table `company_ta`
--

CREATE TABLE `company_ta`
(
    `company_ta_id`            int(11)             NOT NULL,
    `company_id`               bigint(20)                   DEFAULT NULL,
    `name`                     varchar(255)        NOT NULL DEFAULT 'Client Account',
    `detailed_description`     text,
    `currency`                 varchar(3)          NOT NULL DEFAULT 'usd',
    `view_transactions_months` int(11)             NOT NULL DEFAULT '2',
    `balance`                  double(12, 2)       NOT NULL DEFAULT '0.00',
    `create_date`              date                         DEFAULT NULL,
    `last_reconcile`           date                         DEFAULT NULL,
    `last_reconcile_iccrc`     date                         DEFAULT NULL,
    `status`                   int(1) UNSIGNED     NOT NULL DEFAULT '1',
    `allow_new_bank_id`        tinyint(3) UNSIGNED NOT NULL DEFAULT '0',
    `bankid`                   int(11) UNSIGNED    NOT NULL DEFAULT '0'
) ENGINE = InnoDB
  DEFAULT CHARSET = utf8 COMMENT ='List of trust accounts (client accounts) related to each company.';

-- --------------------------------------------------------

--
-- Table structure for table `company_ta_divisions`
--

CREATE TABLE `company_ta_divisions`
(
    `company_ta_id` int(11)          NOT NULL,
    `division_id`   int(11) UNSIGNED NOT NULL
) ENGINE = InnoDB
  DEFAULT CHARSET = utf8 COMMENT ='Each trust account can be accessible to specific offices only.';

-- --------------------------------------------------------

--
-- Table structure for table `company_trial`
--

CREATE TABLE `company_trial`
(
    `company_id` bigint(20)  NOT NULL,
    `key`        varchar(50) NOT NULL,
    `ip`         varchar(50) NOT NULL,
    `date_used`  datetime    NOT NULL
) ENGINE = InnoDB
  DEFAULT CHARSET = utf8 COMMENT ='During new companies registration "free trial" key can be used. Allow to use it only once, save used keys here.';

-- --------------------------------------------------------

--
-- Table structure for table `company_types`
--

CREATE TABLE `company_types`
(
    `company_type_id`   int(10)     NOT NULL,
    `company_type_name` varchar(30) NOT NULL DEFAULT '',
    `status`            int(1)      NOT NULL DEFAULT '1',
    `regTime`           int(11)     NOT NULL DEFAULT '0'
) ENGINE = InnoDB
  DEFAULT CHARSET = utf8 COMMENT ='List of company types is saved here. Not used for now.';

--
-- Dumping data for table `company_types`
--

INSERT INTO `company_types` (`company_type_id`, `company_type_name`, `status`, `regTime`)
VALUES (1, 'Computers', 0, 1217849718),
       (2, 'Architect', 0, 1217849733),
       (3, 'Marketing', 0, 1217849742),
       (4, 'Finance', 0, 1217849749),
       (5, 'Engineering', 0, 1217934550),
       (6, 'Consulting', 1, 1222628068),
       (7, 'Legal', 1, 1222628087);

-- --------------------------------------------------------

--
-- Table structure for table `company_websites`
--

CREATE TABLE `company_websites`
(
    `id`                      smallint(5) UNSIGNED NOT NULL,
    `company_id`              bigint(20)           NOT NULL,
    `template_id`             tinyint(3) UNSIGNED  NOT NULL,
    `company_name`            text,
    `entrance_name`           varchar(100)         NOT NULL,
    `title`                   varchar(255)                  DEFAULT NULL,
    `company_logo`            varchar(255)                  DEFAULT NULL,
    `company_email`           varchar(255)                  DEFAULT NULL,
    `company_phone`           varchar(50)                   DEFAULT NULL,
    `company_skype`           varchar(255)                  DEFAULT NULL,
    `company_fax`             varchar(255)                  DEFAULT NULL,
    `company_linkedin`        varchar(512)                  DEFAULT NULL,
    `company_facebook`        varchar(512)                  DEFAULT NULL,
    `company_twitter`         varchar(512)                  DEFAULT NULL,
    `homepage_on`             enum ('Y','N')                DEFAULT 'Y',
    `homepage_name`           varchar(100)                  DEFAULT NULL,
    `homepage_text`           mediumtext,
    `about_on`                enum ('Y','N')                DEFAULT 'N',
    `about_name`              varchar(100)                  DEFAULT NULL,
    `about_text`              mediumtext,
    `canada_on`               enum ('Y','N')                DEFAULT 'N',
    `canada_name`             varchar(100)                  DEFAULT NULL,
    `canada_text`             mediumtext,
    `immigration_on`          enum ('Y','N')                DEFAULT 'N',
    `immigration_name`        varchar(100)                  DEFAULT NULL,
    `immigration_text`        mediumtext,
    `assessment_on`           enum ('Y','N')                DEFAULT 'N',
    `assessment_name`         varchar(100)                  DEFAULT NULL,
    `assessment_url`          varchar(512)                  DEFAULT NULL,
    `assessment_banner`       varchar(255)                  DEFAULT NULL,
    `assessment_background`   varchar(7)                    DEFAULT NULL,
    `assessment_foreground`   varchar(7)                    DEFAULT '#000000',
    `contact_on`              enum ('Y','N')                DEFAULT 'Y',
    `contact_name`            varchar(100)                  DEFAULT NULL,
    `contact_text`            mediumtext,
    `contact_map`             enum ('Y','N')                DEFAULT 'N',
    `contact_map_coords`      varchar(128)                  DEFAULT NULL,
    `login_block_on`          enum ('Y','N')                DEFAULT 'N',
    `footer_text`             text,
    `external_links_on`       enum ('Y','N')                DEFAULT 'N',
    `external_links_title`    varchar(100)                  DEFAULT NULL,
    `external_links`          longtext,
    `options`                 longtext,
    `script_google_analytics` text,
    `script_facebook_pixel`   text,
    `visible`                 enum ('Y','N')       NOT NULL DEFAULT 'N',
    `updated_date`            datetime             NOT NULL,
    `created_date`            datetime                      DEFAULT NULL
) ENGINE = InnoDB
  DEFAULT CHARSET = utf8 COMMENT ='Each company can use a special page (company web site). Main info about the company web site is saved here.';

--
-- Dumping data for table `company_websites`
--

INSERT INTO `company_websites` (`id`, `company_id`, `template_id`, `company_name`, `entrance_name`, `title`,
                                `company_logo`, `company_email`, `company_phone`, `company_skype`, `company_fax`,
                                `company_linkedin`, `company_facebook`, `company_twitter`, `homepage_on`,
                                `homepage_name`, `homepage_text`, `about_on`, `about_name`, `about_text`, `canada_on`,
                                `canada_name`, `canada_text`, `immigration_on`, `immigration_name`, `immigration_text`,
                                `assessment_on`, `assessment_name`, `assessment_url`, `assessment_banner`,
                                `assessment_background`, `assessment_foreground`, `contact_on`, `contact_name`,
                                `contact_text`, `contact_map`, `contact_map_coords`, `login_block_on`, `footer_text`,
                                `external_links_on`, `external_links_title`, `external_links`, `options`,
                                `script_google_analytics`, `script_facebook_pixel`, `visible`, `updated_date`,
                                `created_date`)
VALUES (8, 0, 1, 'Default Company', 'default-company', 'Default Company', NULL, '', '', '', '', '', '', '', 'Y', 'Home',
        NULL, 'N', 'About us', NULL, 'N', 'About Australia', NULL, 'N', 'Immigration', NULL, 'N', 'Free assessment', '',
        NULL, '#FFFFFF', '#000000', 'Y', 'Contact us', NULL, 'N', ',,,', 'N', 'All Rights reserved @ 2015', 'N', '',
        '[]', '{"templateId":"1","selected-bg":"","footer-bg":"#61584F","address":""}', NULL, NULL, 'N',
        '2015-07-27 16:51:40', '2015-07-27 13:05:50'),
       (10, 2, 1, 'Default Company', 'company2', 'Default Company', NULL, '', '', '', '', '', '', '', 'Y', 'Home', NULL,
        'N', 'About us', NULL, 'N', 'About Australia', NULL, 'N', 'Immigration', NULL, 'N', 'Free assessment', '', NULL,
        '#FFFFFF', '#000000', 'Y', 'Contact us', NULL, 'N', ',,,', 'N', 'All Rights reserved @ 2015', 'N', '', '[]',
        '{"templateId":"1","selected-bg":"","footer-bg":"#61584F","address":""}', NULL, NULL, 'N',
        '2015-07-27 16:51:40', '2015-07-27 13:05:50');

-- --------------------------------------------------------

--
-- Table structure for table `company_websites_templates`
--

CREATE TABLE `company_websites_templates`
(
    `id`            tinyint(3) UNSIGNED NOT NULL,
    `template_name` varchar(255)        NOT NULL,
    `options`       longtext,
    `created_date`  datetime            NOT NULL
) ENGINE = InnoDB
  DEFAULT CHARSET = utf8 COMMENT ='List of supported web site templates (relates to real templates saved in public/templates directory.';

--
-- Dumping data for table `company_websites_templates`
--

INSERT INTO `company_websites_templates` (`id`, `template_name`, `options`, `created_date`)
VALUES (1, 'boleo', NULL, '2012-05-03 00:00:00'),
       (2, 'prospect', NULL, '2012-06-07 16:00:00'),
       (3, 'DK2', NULL, '2012-06-12 15:40:00'),
       (4, 'gipo', NULL, '2012-06-13 16:00:00'),
       (5, 'gourmet', NULL, '2012-06-14 16:40:00');

-- --------------------------------------------------------

--
-- Table structure for table `country_master`
--

CREATE TABLE `country_master`
(
    `countries_id`         int(11)     NOT NULL,
    `countries_name`       varchar(64) NOT NULL    DEFAULT '',
    `countries_iso_code_2` varchar(2)  NOT NULL    DEFAULT '',
    `countries_iso_code_3` varchar(3)  NOT NULL    DEFAULT '',
    `immi_code_3`          varchar(5)  NOT NULL    DEFAULT '',
    `immi_code_4`          varchar(5)  NOT NULL    DEFAULT '',
    `immi_code_num`        varchar(5)  NOT NULL    DEFAULT '',
    `type`                 enum ('general','vevo') DEFAULT 'general',
    `synonyms`             text
) ENGINE = InnoDB
  DEFAULT CHARSET = utf8 COMMENT ='List of countries with their ISO codes.';

--
-- Dumping data for table `country_master`
--

INSERT INTO `country_master` (`countries_id`, `countries_name`, `countries_iso_code_2`, `countries_iso_code_3`,
                              `immi_code_3`, `immi_code_4`, `immi_code_num`, `type`, `synonyms`)
VALUES (1, 'Afghanistan', 'AF', 'AFG', 'AFG', 'AFGH', '2', 'general', NULL),
       (2, 'Albania', 'AL', 'ALB', 'ALB', 'ALBA', '3', 'general', NULL),
       (3, 'Algeria', 'DZ', 'DZA', 'DZA', 'ALGE', '4', 'general', NULL),
       (4, 'American Samoa', 'AS', 'ASM', 'ASM', 'ASAM', '5', 'general', NULL),
       (5, 'Andorra', 'AD', 'AND', 'AND', 'ANDO', '6', 'general', NULL),
       (6, 'Angola', 'AO', 'AGO', 'AGO', 'ANGA', '7', 'general', NULL),
       (7, 'Anguilla', 'AI', 'AIA', 'AIA', 'ANGU', '8', 'general', NULL),
       (8, 'Antarctica', 'AQ', 'ATA', '', '', '', 'general', NULL),
       (9, 'Antigua and Barbuda', 'AG', 'ATG', 'ATG', 'ANBA', '9', 'general', NULL),
       (10, 'Argentina', 'AR', 'ARG', 'ARG', 'ARGE', '10', 'general', NULL),
       (11, 'Armenia', 'AM', 'ARM', 'ARM', 'ARME', '11', 'general', NULL),
       (12, 'Aruba', 'AW', 'ABW', 'ABW', 'ARUB', '12', 'general', NULL),
       (13, 'Australia', 'AU', 'AUS', 'AUS', 'A', '13', 'general', NULL),
       (14, 'Austria', 'AT', 'AUT', 'AUT', 'AUST', '14', 'general', NULL),
       (15, 'Azerbaijan', 'AZ', 'AZE', 'AZE', 'AZER', '15', 'general', NULL),
       (16, 'Bahamas', 'BS', 'BHS', 'BHS', 'BHMS', '16', 'general', NULL),
       (17, 'Bahrain', 'BH', 'BHR', 'BHR', 'BAHR', '17', 'general', NULL),
       (18, 'Bangladesh', 'BD', 'BGD', 'BGD', 'BDES', '18', 'general', NULL),
       (19, 'Barbados', 'BB', 'BRB', 'BRB', 'BARS', '19', 'general', NULL),
       (20, 'Belarus', 'BY', 'BLR', 'BLR', 'BYEL', '20', 'general', NULL),
       (21, 'Belgium', 'BE', 'BEL', 'BEL', 'BELM', '21', 'general', NULL),
       (22, 'Belize', 'BZ', 'BLZ', 'BLZ', 'BELZ', '22', 'general', NULL),
       (23, 'Benin', 'BJ', 'BEN', 'BEN', 'BENI', '23', 'general', NULL),
       (24, 'Bermuda', 'BM', 'BMU', 'BMU', 'BERM', '24', 'general', NULL),
       (25, 'Bhutan', 'BT', 'BTN', 'BTN', 'BHUT', '25', 'general', NULL),
       (26, 'Bolivia', 'BO', 'BOL', 'BOL', 'BOLI', '26', 'general', NULL),
       (27, 'Bosnia and Herzegowina', 'BA', 'BIH', 'BIH', 'BOHE', '28', 'general', NULL),
       (28, 'Botswana', 'BW', 'BWA', 'BWA', 'BOTS', '29', 'general', NULL),
       (29, 'Bouvet Island', 'BV', 'BVT', '', 'BVTI', '30', 'general', NULL),
       (30, 'Brazil', 'BR', 'BRA', 'BRA', 'BRAZ', '31', 'general', NULL),
       (31, 'British Indian Ocean Territory', 'IO', 'IOT', '', 'BIOT', '32', 'general', NULL),
       (32, 'Brunei Darussalam', 'BN', 'BRN', 'BRN', 'BRUI', '34', 'general', NULL),
       (33, 'Bulgaria', 'BG', 'BGR', 'BGR', 'BULG', '35', 'general', NULL),
       (34, 'Burkina Faso', 'BF', 'BFA', 'BFA', 'UVOL', '36', 'general', NULL),
       (35, 'Burundi', 'BI', 'BDI', 'BDI', 'BURU', '37', 'general', NULL),
       (36, 'Cambodia', 'KH', 'KHM', 'KHM', 'CAMB', '39', 'general', NULL),
       (37, 'Cameroon', 'CM', 'CMR', 'CMR', 'CREP', '40', 'general', NULL),
       (38, 'Canada', 'CA', 'CAN', 'CAN', 'CANA', '41', 'general', NULL),
       (39, 'Cape Verde', 'CV', 'CPV', '', 'CVER', '42', 'general', NULL),
       (40, 'Cayman Islands', 'KY', 'CYM', 'CYM', 'CAIS', '43', 'general', NULL),
       (41, 'Central African Republic', 'CF', 'CAF', 'CAF', 'CARE', '44', 'general', NULL),
       (42, 'Chad', 'TD', 'TCD', 'TCD', 'CHAD', '45', 'general', NULL),
       (43, 'Chile', 'CL', 'CHL', 'CHL', 'CHIL', '46', 'general', NULL),
       (44, 'China', 'CN', 'CHN', 'CHN', 'PRCH', '47', 'general', NULL),
       (45, 'Christmas Island', 'CX', 'CXR', '', 'CSIS', '48', 'general', NULL),
       (46, 'Cocos (Keeling) Islands', 'CC', 'CCK', '', 'COCO', '49', 'general', NULL),
       (47, 'Colombia', 'CO', 'COL', 'COL', 'COLA', '50', 'general', NULL),
       (48, 'Comoros', 'KM', 'COM', 'COM', 'COMO', '51', 'general', NULL),
       (49, 'Congo', 'CG', 'COG', 'COG', 'CONG', '52', 'general', NULL),
       (50, 'Cook Islands', 'CK', 'COK', 'COK', 'COOI', '53', 'general', NULL),
       (51, 'Costa Rica', 'CR', 'CRI', 'CRI', 'CRIC', '54', 'general', NULL),
       (52, 'Cote D\'Ivoire', 'CI', 'CIV', 'CIV', 'ICOA', '55', 'general', NULL),
       (53, 'Croatia', 'HR', 'HRV', 'HRV', 'CROA', '56', 'general', NULL),
       (54, 'Cuba', 'CU', 'CUB', 'CUB', 'CUBA', '57', 'general', NULL),
       (55, 'Cyprus', 'CY', 'CYP', 'CYP', 'CYPR', '59', 'general', NULL),
       (56, 'Czech Republic', 'CZ', 'CZE', 'CZE', 'CZER', '60', 'general', NULL),
       (57, 'Denmark', 'DK', 'DNK', 'DNK', 'DENM', '61', 'general', NULL),
       (58, 'Djibouti', 'DJ', 'DJI', 'DJI', 'JIBU', '62', 'general', NULL),
       (59, 'Dominica', 'DM', 'DMA', 'DMA', 'DOMI', '63', 'general', NULL),
       (60, 'Dominican Republic', 'DO', 'DOM', 'DOM', 'DREP', '64', 'general', NULL),
       (61, 'East Timor', 'TP', 'TMP', 'TMP', 'ETIM', '228', 'general', NULL),
       (62, 'Ecuador', 'EC', 'ECU', 'ECU', 'ECUA', '65', 'general', NULL),
       (63, 'Egypt', 'EG', 'EGY', 'EGY', 'EGYP', '66', 'general', NULL),
       (64, 'El Salvador', 'SV', 'SLV', 'SLV', 'ESAL', '67', 'general', NULL),
       (65, 'Equatorial Guinea', 'GQ', 'GNQ', 'GNQ', 'EQGN', '69', 'general', NULL),
       (66, 'Eritrea', 'ER', 'ERI', 'ERI', 'ERIT', '70', 'general', NULL),
       (67, 'Estonia', 'EE', 'EST', 'EST', 'ESTO', '71', 'general', NULL),
       (68, 'Ethiopia', 'ET', 'ETH', 'ETH', 'ETHI', '72', 'general', NULL),
       (69, 'Falkland Islands (Malvinas)', 'FK', 'FLK', 'FLK', 'FALI', '73', 'general', NULL),
       (70, 'Faroe Islands', 'FO', 'FRO', '', 'FAIS', '74', 'general', NULL),
       (71, 'Fiji', 'FJ', 'FJI', 'FJI', 'FIJI', '75', 'general', NULL),
       (72, 'Finland', 'FI', 'FIN', 'FIN', 'FINL', '76', 'general', NULL),
       (73, 'France', 'FR', 'FRA', 'FRA', 'FRAE', '77', 'general', NULL),
       (74, 'France, Metropolitan', 'FX', 'FXX', '', '', '', 'general', NULL),
       (75, 'French Guiana', 'GF', 'GUF', 'GUF', 'GUYE', '78', 'general', NULL),
       (76, 'French Polynesia', 'PF', 'PYF', 'PYF', 'FPOL', '79', 'general', NULL),
       (77, 'French Southern Territories', 'TF', 'ATF', '', '', '', 'general', NULL),
       (78, 'Gabon', 'GA', 'GAB', 'GAB', 'GABO', '81', 'general', NULL),
       (79, 'Gambia', 'GM', 'GMB', 'GMB', 'GAMB', '82', 'general', NULL),
       (80, 'Georgia', 'GE', 'GEO', 'GEO', 'GEOG', '84', 'general', NULL),
       (81, 'Germany', 'DE', 'DEU', 'D', 'GERM', '86', 'general', NULL),
       (82, 'Ghana', 'GH', 'GHA', 'GHA', 'GHAN', '87', 'general', NULL),
       (83, 'Gibraltar', 'GI', 'GIB', 'GIB', 'GIBR', '88', 'general', NULL),
       (84, 'Greece', 'GR', 'GRC', 'GRC', 'GREE', '89', 'general', NULL),
       (85, 'Greenland', 'GL', 'GRL', 'GRL', 'GRED', '90', 'general', NULL),
       (86, 'Grenada', 'GD', 'GRD', 'GRD', 'GREN', '91', 'general', NULL),
       (87, 'Guadeloupe', 'GP', 'GLP', 'GLP', 'GUAE', '92', 'general', NULL),
       (88, 'Guam', 'GU', 'GUM', 'GUM', 'GUAM', '93', 'general', NULL),
       (89, 'Guatemala', 'GT', 'GTM', 'GTM', 'GUAT', '94', 'general', NULL),
       (90, 'Guinea', 'GN', 'GIN', 'GIN', 'GUIN', '96', 'general', NULL),
       (91, 'Guinea-bissau', 'GW', 'GNB', 'GNB', 'GUBS', '97', 'general', NULL),
       (92, 'Guyana', 'GY', 'GUY', 'GUY', 'GUYN', '98', 'general', NULL),
       (93, 'Haiti', 'HT', 'HTI', 'HTI', 'HAIT', '99', 'general', NULL),
       (94, 'Heard and Mc Donald Islands', 'HM', 'HMD', '', 'HMDI', '100', 'general', NULL),
       (95, 'Honduras', 'HN', 'HND', 'HND', 'HOND', '101', 'general', NULL),
       (96, 'Hong Kong', 'HK', 'HKG', 'HKG', 'HKON', '102', 'general', NULL),
       (97, 'Hungary', 'HU', 'HUN', 'HUN', 'HUNG', '103', 'general', NULL),
       (98, 'Iceland', 'IS', 'ISL', 'ISL', 'ICEL', '104', 'general', NULL),
       (99, 'India', 'IN', 'IND', 'IND', 'INDI', '105', 'general', NULL),
       (100, 'Indonesia', 'ID', 'IDN', 'IDN', 'INDO', '106', 'general', NULL),
       (101, 'Iran', 'IR', 'IRN', 'IRN', 'IRAN', '107', 'general', NULL),
       (102, 'Iraq', 'IQ', 'IRQ', 'IRQ', 'IRAQ', '108', 'general', NULL),
       (103, 'Ireland', 'IE', 'IRL', 'IRL', 'IREP', '109', 'general', NULL),
       (104, 'Israel', 'IL', 'ISR', 'ISR', 'ISRA', '111', 'general', NULL),
       (105, 'Italy', 'IT', 'ITA', 'ITA', 'ITAL', '112', 'general', NULL),
       (106, 'Jamaica', 'JM', 'JAM', 'JAM', 'JAMA', '113', 'general', NULL),
       (107, 'Japan', 'JP', 'JPN', 'JPN', 'JAPA', '114', 'general', NULL),
       (108, 'Jordan', 'JO', 'JOR', 'JOR', 'JORD', '116', 'general', NULL),
       (109, 'Kazakhstan', 'KZ', 'KAZ', 'KAZ', 'KAZA', '117', 'general', NULL),
       (110, 'Kenya', 'KE', 'KEN', 'KEN', 'KENY', '118', 'general', NULL),
       (111, 'Kiribati', 'KI', 'KIR', 'KIR', 'GIIS', '119', 'general', NULL),
       (112, 'Korea, North', 'KP', 'PRK', 'PRK ', 'NKOR', '120', 'general', NULL),
       (113, 'Korea, South', 'KR', 'KOR', 'KOR', 'SKOR', '121', 'general', NULL),
       (114, 'Kuwait', 'KW', 'KWT', 'KWT', 'KUWA', '123', 'general', NULL),
       (115, 'Kyrgyzstan', 'KG', 'KGZ', 'KGZ', 'KIRG', '124', 'general', NULL),
       (116, 'Lao People\'s Democratic Republic', 'LA', 'LAO', 'LAO', 'LAOS', '125', 'general', NULL),
       (117, 'Latvia', 'LV', 'LVA', 'LVA', 'LATV', '126', 'general', NULL),
       (118, 'Lebanon', 'LB', 'LBN', 'LBN', 'LEBA', '127', 'general', NULL),
       (119, 'Lesotho', 'LS', 'LSO', 'LSO', 'LESO', '128', 'general', NULL),
       (120, 'Liberia', 'LR', 'LBR', 'LBR', 'LIBE', '129', 'general', NULL),
       (121, 'Libyan Arab Jamahiriya', 'LY', 'LBY', 'LBY', 'LIBY', '130', 'general', NULL),
       (122, 'Liechtenstein', 'LI', 'LIE', 'LIE', 'LIEC', '131', 'general', NULL),
       (123, 'Lithuania', 'LT', 'LTU', 'LTU', 'LITH', '132', 'general', NULL),
       (124, 'Luxembourg', 'LU', 'LUX', 'LUX', 'LUXE', '133', 'general', NULL),
       (125, 'Macau', 'MO', 'MAC', 'MAC', 'MACS', '134', 'general', NULL),
       (126, 'Macedonia, The Former Yugoslav Republic of', 'MK', 'MKD', 'MKD', 'MKDA', '80', 'general', NULL),
       (127, 'Madagascar', 'MG', 'MDG', 'MDG', 'MADA', '135', 'general', NULL),
       (128, 'Malawi', 'MW', 'MWI', 'MWI', 'MALW', '136', 'general', NULL),
       (129, 'Malaysia', 'MY', 'MYS', 'MYS', 'MALS', '137', 'general', NULL),
       (130, 'Maldives', 'MV', 'MDV', 'MDV', 'MIS', '138', 'general', NULL),
       (131, 'Mali', 'ML', 'MLI', 'MLI', 'M', '139', 'general', NULL),
       (132, 'Malta', 'MT', 'MLT', 'MLT', 'MALT', '140', 'general', NULL),
       (133, 'Marshall Islands', 'MH', 'MHL', 'MHL', 'MAIS', '141', 'general', NULL),
       (134, 'Martinique', 'MQ', 'MTQ', 'MTQ', 'MART', '142', 'general', NULL),
       (135, 'Mauritania', 'MR', 'MRT', 'MRT', 'MAUA', '143', 'general', NULL),
       (136, 'Mauritius', 'MU', 'MUS', 'MUS', 'MAUS', '144', 'general', NULL),
       (137, 'Mayotte', 'YT', 'MYT', '', 'MAYO', '145', 'general', NULL),
       (138, 'Mexico', 'MX', 'MEX', 'MEX', 'MEXI', '146', 'general', NULL),
       (139, 'Micronesia, Federated States of', 'FM', 'FSM', 'FSM', 'MICS', '147', 'general', NULL),
       (140, 'Moldova, Republic of', 'MD', 'MDA', 'MDA', 'MOLD', '148', 'general', NULL),
       (141, 'Monaco', 'MC', 'MCO', 'MCO', 'MONA', '149', 'general', NULL),
       (142, 'Mongolia', 'MN', 'MNG', 'MNG', 'MONG', '150', 'general', NULL),
       (143, 'Montserrat', 'MS', 'MSR', 'MSR', 'MONT', '152', 'general', NULL),
       (144, 'Morocco', 'MA', 'MAR', 'MAR', 'MORO', '153', 'general', NULL),
       (145, 'Mozambique', 'MZ', 'MOZ', 'MOZ', 'MOZA', '154', 'general', NULL),
       (146, 'Myanmar', 'MM', 'MMR', '', 'MYAN', '155', 'general', NULL),
       (147, 'Namibia', 'NA', 'NAM', 'NAM', 'NAMI', '156', 'general', NULL),
       (148, 'Nauru', 'NR', 'NRU', 'NRU', 'NAUR', '157', 'general', NULL),
       (149, 'Nepal', 'NP', 'NPL', 'NPL', 'NEPA', '158', 'general', NULL),
       (150, 'Netherlands', 'NL', 'NLD', 'NLD', 'NETH', '159', 'general', NULL),
       (151, 'Netherlands Antilles', 'AN', 'ANT', 'ANT', 'NANT', '', 'general', NULL),
       (152, 'New Caledonia', 'NC', 'NCL', 'NCL', 'NCAL', '160', 'general', NULL),
       (153, 'New Zealand', 'NZ', 'NZL', 'NZL', 'NZEA', '163', 'general', NULL),
       (154, 'Nicaragua', 'NI', 'NIC', 'NIC', 'NICA', '164', 'general', NULL),
       (155, 'Niger', 'NE', 'NER', 'NER', 'NIGR', '165', 'general', NULL),
       (156, 'Nigeria', 'NG', 'NGA', 'NGA', 'NGRA', '166', 'general', NULL),
       (157, 'Niue', 'NU', 'NIU', 'NIU', 'NIUE', '167', 'general', NULL),
       (158, 'Norfolk Island', 'NF', 'NFK', '', 'NOIS', '168', 'general', NULL),
       (159, 'Northern Mariana Islands', 'MP', 'MNP', '', 'NMAI', '170', 'general', NULL),
       (160, 'Norway', 'NO', 'NOR', 'NOR', 'NORW', '171', 'general', NULL),
       (161, 'Oman', 'OM', 'OMN', 'OMN', 'OMAN', '172', 'general', NULL),
       (162, 'Pakistan', 'PK', 'PAK', 'PAK', 'PKSN', '173', 'general', NULL),
       (163, 'Palau', 'PW', 'PLW', 'PLW', 'PALA', '174', 'general', NULL),
       (164, 'Panama', 'PA', 'PAN', 'PAN', 'PANA', '176', 'general', NULL),
       (165, 'Papua New Guinea', 'PG', 'PNG', 'PNG', 'NGUI', '177', 'general', NULL),
       (166, 'Paraguay', 'PY', 'PRY', 'PRY', 'PARA', '178', 'general', NULL),
       (167, 'Peru', 'PE', 'PER', 'PER', 'PERU', '179', 'general', NULL),
       (168, 'Philippines', 'PH', 'PHL', 'PHL', 'PHIL', '180', 'general', NULL),
       (169, 'Pitcairn', 'PN', 'PCN', 'PCN', 'PIIS', '181', 'general', NULL),
       (170, 'Poland', 'PL', 'POL', 'POL', 'POLA', '182', 'general', NULL),
       (171, 'Portugal', 'PT', 'PRT', 'PRT', 'PORL', '183', 'general', NULL),
       (172, 'Puerto Rico', 'PR', 'PRI', 'PRI', 'PRIC', '184', 'general', NULL),
       (173, 'Qatar', 'QA', 'QAT', 'QAT', 'QATA', '185', 'general', NULL),
       (174, 'Reunion', 'RE', 'REU', 'REU', 'REIS', '186', 'general', NULL),
       (175, 'Romania', 'RO', 'ROM', 'ROU', 'ROUM', '187', 'general', NULL),
       (176, 'Russian Federation', 'RU', 'RUS', 'RUS', 'RFED', '188', 'general', NULL),
       (177, 'Rwanda', 'RW', 'RWA', 'RWA', 'RWAN', '189', 'general', NULL),
       (178, 'Saint Kitts and Nevis', 'KN', 'KNA', 'KNA', 'SCKN', '214', 'general', NULL),
       (179, 'Saint Lucia', 'LC', 'LCA', 'LCA', 'STLU', '192', 'general', NULL),
       (180, 'Saint Vincent and the Grenadines', 'VC', 'VCT', 'VCT', 'STVG', '216', 'general', NULL),
       (181, 'Samoa', 'WS', 'WSM', 'WSM', 'SAMO', '194', 'general', NULL),
       (182, 'San Marino', 'SM', 'SMR', 'SMR', 'SMAR', '195', 'general', NULL),
       (183, 'Sao Tome and Principe', 'ST', 'STP', 'STP', 'STPR', '196', 'general', NULL),
       (184, 'Saudi Arabia', 'SA', 'SAU', 'SAU', 'SAAR', '197', 'general', NULL),
       (185, 'Senegal', 'SN', 'SEN', 'SEN', 'SENE', '199', 'general', NULL),
       (186, 'Seychelles', 'SC', 'SYC', 'SYC', 'SEYC', '201', 'general', NULL),
       (187, 'Sierra Leone', 'SL', 'SLE', 'SLE', 'SLEO', '202', 'general', NULL),
       (188, 'Singapore', 'SG', 'SGP', 'SGP', 'SING', '203', 'general', NULL),
       (189, 'Slovakia (Slovak Republic)', 'SK', 'SVK', 'SVK', 'SVKA', '205', 'general', NULL),
       (190, 'Slovenia', 'SI', 'SVN', 'SVN', 'SLOV', '206', 'general', NULL),
       (191, 'Solomon Islands', 'SB', 'SLB', 'SLB', 'SOLI', '207', 'general', NULL),
       (192, 'Somalia', 'SO', 'SOM', 'SOM', 'SOMA', '208', 'general', NULL),
       (193, 'South Africa', 'ZA', 'ZAF', 'ZAF', 'SAFR', '209', 'general', NULL),
       (194, 'South Georgia and the South Sandwich Islands', 'GS', 'SGS', '', '', '', 'general', NULL),
       (195, 'Spain', 'ES', 'ESP', 'ESP', 'SPAI', '211', 'general', NULL),
       (196, 'Sri Lanka', 'LK', 'LKA', '', '', '', 'general', NULL),
       (197, 'St. Helena', 'SH', 'SHN', '', 'SHEL', '213', 'general', NULL),
       (198, 'St. Pierre and Miquelon', 'PM', 'SPM', '', 'STPM', '215', 'general', NULL),
       (199, 'Sudan', 'SD', 'SDN', 'SDN', 'SUDA', '217', 'general', NULL),
       (200, 'Suriname', 'SR', 'SUR', 'SUR', 'SURI', '218', 'general', NULL),
       (201, 'Svalbard and Jan Mayen Islands', 'SJ', 'SJM', '', 'SAJM', '219', 'general', NULL),
       (202, 'Swaziland', 'SZ', 'SWZ', 'SWZ', 'SWAZ', '220', 'general', NULL),
       (203, 'Sweden', 'SE', 'SWE', 'SWE', 'SWED', '221', 'general', NULL),
       (204, 'Switzerland', 'CH', 'CHE', 'CHE', 'SWIT', '222', 'general', NULL),
       (205, 'Syria', 'SY', 'SYR', 'SYR', 'SYRI', '223', 'general', NULL),
       (206, 'Taiwan', 'TW', 'TWN', 'TWN', 'TAIW', '224', 'general', NULL),
       (207, 'Tajikistan', 'TJ', 'TJK', 'TJK', 'TADZ', '225', 'general', NULL),
       (208, 'Tanzania, United Republic of', 'TZ', 'TZA', 'TZA', 'TANZ', '226', 'general', NULL),
       (209, 'Thailand', 'TH', 'THA', 'THA', 'THAI', '227', 'general', NULL),
       (210, 'Togo', 'TG', 'TGO', 'TGO', 'TOGO', '230', 'general', NULL),
       (211, 'Tokelau', 'TK', 'TKL', 'TKL', 'TOKE', '231', 'general', NULL),
       (212, 'Tonga', 'TO', 'TON', 'TON', 'TONG', '232', 'general', NULL),
       (213, 'Trinidad and Tobago', 'TT', 'TTO', 'TTO', 'TRIN', '233', 'general', NULL),
       (214, 'Tunisia', 'TN', 'TUN', 'TUN', 'TUNI', '234', 'general', NULL),
       (215, 'Turkey', 'TR', 'TUR', 'TUR', 'TURY', '235', 'general', NULL),
       (216, 'Turkmenistan', 'TM', 'TKM', 'TKM', 'TURM', '236', 'general', NULL),
       (217, 'Turks and Caicos Islands', 'TC', 'TCA', 'TCA', 'TCIS', '237', 'general', NULL),
       (218, 'Tuvalu', 'TV', 'TUV', 'TUV', 'TUVU', '238', 'general', NULL),
       (219, 'Uganda', 'UG', 'UGA', 'UGA', 'UGAN', '240', 'general', NULL),
       (220, 'Ukraine', 'UA', 'UKR', 'UKR', 'UKRA', '241', 'general', NULL),
       (221, 'United Arab Emirates', 'AE', 'ARE', 'ARE', 'UAEM', '242', 'general', NULL),
       (222, 'United Kingdom', 'GB', 'GBR', '', 'UK', '243', 'general', NULL),
       (223, 'United States', 'US', 'USA', 'USA', 'USA', '244', 'general', NULL),
       (224, 'United States Minor Outlying Islands', 'UM', 'UMI', '', 'USOI', '239', 'general', NULL),
       (225, 'Uruguay', 'UY', 'URY', 'URY', 'URUG', '245', 'general', NULL),
       (226, 'Uzbekistan', 'UZ', 'UZB', 'UZB', 'UZBE', '246', 'general', NULL),
       (227, 'Vanuatu', 'VU', 'VUT', 'VUT', 'VANU', '247', 'general', NULL),
       (228, 'Vatican City State (Holy See)', 'VA', 'VAT', 'VAT', 'VCIT', '248', 'general', NULL),
       (229, 'Venezuela', 'VE', 'VEN', 'VEN', 'VENE', '249', 'general', NULL),
       (230, 'Vietnam', 'VN', 'VNM', 'VNM', 'VIET', '250', 'general', NULL),
       (231, 'Virgin Islands (British)', 'VG', 'VGB', 'VGB', 'VIUK', '252', 'general', NULL),
       (232, 'Virgin Islands (U.S.)', 'VI', 'VIR', '', 'VIIS', '251', 'general', NULL),
       (233, 'Wallis and Futuna Islands', 'WF', 'WLF', '', 'WAFU', '254', 'general', NULL),
       (234, 'Western Sahara', 'EH', 'ESH', '', '', '', 'general', NULL),
       (235, 'Yemen', 'YE', 'YEM', 'YEM', 'YEME', '256', 'general', NULL),
       (236, 'Yugoslavia', 'YU', 'YUG', 'YUG', 'FRY', '257', 'general', NULL),
       (237, 'Zaire', 'ZR', 'ZAR', 'ZAR', 'ZAIR', '258', 'general', NULL),
       (238, 'Zambia', 'ZM', 'ZMB', 'ZMB', 'ZAMB', '259', 'general', NULL),
       (239, 'Zimbabwe', 'ZW', 'ZWE', 'ZWE', 'ZIMB', '260', 'general', NULL),
       (240, 'Palestine', 'PS', 'PSE', 'PSE', 'PALE', '175', 'general', NULL),
       (241, 'Aland Islands', 'AX', 'ALA', 'COD', '', '', 'general', NULL),
       (242, 'Bonaire', 'BQ', 'BES', 'SSD', 'SSDN', '210', 'general', NULL),
       (243, 'Curacao', 'CW', 'CUW', '', '', '', 'general', NULL),
       (244, 'Guernsey', 'GG', 'GGY', '', '', '', 'general', NULL),
       (245, 'Isle of Man', 'IM', 'IMN', '', '', '', 'general', NULL),
       (246, 'Jersey', 'JE', 'JEY', '', '', '', 'general', NULL),
       (247, 'Montenegro', 'ME', 'MNE', '', '', '', 'general', NULL),
       (248, 'Saint Barthelemy', 'BL', 'BLM', '', '', '', 'general', NULL),
       (249, 'Saint Martin (French part)', 'MF', 'MAF', '', '', '', 'general', NULL),
       (250, 'Serbia', 'RS', 'SRB', '', '', '', 'general', NULL),
       (251, 'Sint Maarten (Dutch part)', 'SX', 'SXM', '', '', '', 'general', NULL),
       (252, 'Democratic Congo', 'CD', 'COD', '', '', '', 'general', NULL),
       (253, 'South Sudan', 'SS', 'SSD', '', '', '', 'general', NULL),
       (254, 'Kosovo', 'XK', 'UNK', 'RKS', 'KOSO', '122', 'general', NULL),
       (500, 'Afghanistan', '', '', 'AFG', '', '', 'vevo', NULL),
       (501, 'Albania', '', '', 'ALB', '', '', 'vevo', NULL),
       (502, 'Algeria', '', '', 'DZA', '', '', 'vevo', NULL),
       (503, 'American Samoa', '', '', 'ASM', '', '', 'vevo', NULL),
       (504, 'Andorra', '', '', 'AND', '', '', 'vevo', NULL),
       (505, 'Angola', '', '', 'AGO', '', '', 'vevo', NULL),
       (506, 'Anguilla', '', '', 'AIA', '', '', 'vevo', NULL),
       (507, 'Antarctica', '', '', 'ATA', '', '', 'vevo', NULL),
       (508, 'Antigua and Barbuda', '', '', 'ATG', '', '', 'vevo', NULL),
       (509, 'Argentina', '', '', 'ARG', '', '', 'vevo', NULL),
       (510, 'Armenia', '', '', 'ARM', '', '', 'vevo', NULL),
       (511, 'Aruba', '', '', 'ABW', '', '', 'vevo', NULL),
       (512, 'Australia', '', '', 'AUS', '', '', 'vevo', NULL),
       (513, 'Austria', '', '', 'AUT', '', '', 'vevo', NULL),
       (514, 'Azerbaijan', '', '', 'AZE', '', '', 'vevo', NULL),
       (515, 'Bahamas', '', '', 'BHS', '', '', 'vevo', NULL),
       (516, 'Bahrain', '', '', 'BHR', '', '', 'vevo', NULL),
       (517, 'Bangladesh', '', '', 'BGD', '', '', 'vevo', NULL),
       (518, 'Barbados', '', '', 'BRB', '', '', 'vevo', NULL),
       (519, 'Belarus', '', '', 'BLR', '', '', 'vevo', NULL),
       (520, 'Belgium', '', '', 'BEL', '', '', 'vevo', NULL),
       (521, 'Belize', '', '', 'BLZ', '', '', 'vevo', NULL),
       (522, 'Benin', '', '', 'BEN', '', '', 'vevo', NULL),
       (523, 'Bermuda', '', '', 'BMU', '', '', 'vevo', NULL),
       (524, 'Bhutan', '', '', 'BTN', '', '', 'vevo', NULL),
       (525, 'Bolivia', '', '', 'BOL', '', '', 'vevo', NULL),
       (526, 'Bonaire, Saint Eustatius and Saba', '', '', 'BES', '', '', 'vevo', NULL),
       (527, 'Bosnia and Herzegovina', '', '', 'BIH', '', '', 'vevo', NULL),
       (528, 'Botswana', '', '', 'BWA', '', '', 'vevo', NULL),
       (529, 'Bouvet Island', '', '', 'BVT', '', '', 'vevo', NULL),
       (530, 'Brazil', '', '', 'BRA', '', '', 'vevo', NULL),
       (531, 'British Indian Ocean Territory', '', '', 'IOT', '', '', 'vevo', NULL),
       (532, 'Brunei Darussalam', '', '', 'BRN', '', '', 'vevo', NULL),
       (533, 'Bulgaria', '', '', 'BGR', '', '', 'vevo', NULL),
       (534, 'Burkina Faso', '', '', 'BFA', '', '', 'vevo', NULL),
       (535, 'Burma (Myanmar)', '', '', 'MMR', '', '', 'vevo', NULL),
       (536, 'Burundi', '', '', 'BDI', '', '', 'vevo', NULL),
       (537, 'Cabo Verde', '', '', 'CPV', '', '', 'vevo', NULL),
       (538, 'Cambodia', '', '', 'KHM', '', '', 'vevo', NULL),
       (539, 'Cameroon', '', '', 'CMR', '', '', 'vevo', NULL),
       (540, 'Canada', '', '', 'CAN', '', '', 'vevo', NULL),
       (541, 'Cayman Islands', '', '', 'CYM', '', '', 'vevo', NULL),
       (542, 'Central African Republic', '', '', 'CAF', '', '', 'vevo', NULL),
       (543, 'Chad', '', '', 'TCD', '', '', 'vevo', NULL),
       (544, 'Chile', '', '', 'CHL', '', '', 'vevo', NULL),
       (545, 'China', '', '', 'CHN', '', '', 'vevo', NULL),
       (546, 'Cocos (Keeling) Islands', '', '', 'CCK', '', '', 'vevo', NULL),
       (547, 'Colombia', '', '', 'COL', '', '', 'vevo', NULL),
       (548, 'Comoros', '', '', 'COM', '', '', 'vevo', NULL),
       (549, 'Congo', '', '', 'COG', '', '', 'vevo', NULL),
       (550, 'Congo, Democratic Republic of the', '', '', 'COD', '', '', 'vevo', NULL),
       (551, 'Cook Islands', '', '', 'COK', '', '', 'vevo', NULL),
       (552, 'Costa Rica', '', '', 'CRI', '', '', 'vevo', NULL),
       (553, 'Cote D\'ivoire', '', '', 'CIV', '', '', 'vevo', NULL),
       (554, 'Croatia', '', '', 'HRV', '', '', 'vevo', NULL),
       (555, 'Cuba', '', '', 'CUB', '', '', 'vevo', NULL),
       (556, 'Curacao', '', '', 'CUW', '', '', 'vevo', NULL),
       (557, 'Cyprus', '', '', 'CYP', '', '', 'vevo', NULL),
       (558, 'Czech Republic', '', '', 'CZE', '', '', 'vevo', NULL),
       (559, 'Czechoslovakia', '', '', 'CSK', '', '', 'vevo', NULL),
       (560, 'Denmark', '', '', 'DNK', '', '', 'vevo', NULL),
       (561, 'Djibouti', '', '', 'DJI', '', '', 'vevo', NULL),
       (562, 'Dominica', '', '', 'DMA', '', '', 'vevo', NULL),
       (563, 'Dominican Republic', '', '', 'DOM', '', '', 'vevo', NULL),
       (564, 'East Timor', '', '', 'TMP', '', '', 'vevo', NULL),
       (565, 'Ecuador', '', '', 'ECU', '', '', 'vevo', NULL),
       (566, 'Egypt', '', '', 'EGY', '', '', 'vevo', NULL),
       (567, 'El Salvador', '', '', 'SLV', '', '', 'vevo', NULL),
       (568, 'Equatorial Guinea', '', '', 'GNQ', '', '', 'vevo', NULL),
       (569, 'Eritrea', '', '', 'ERI', '', '', 'vevo', NULL),
       (570, 'Estonia', '', '', 'EST', '', '', 'vevo', NULL),
       (571, 'Ethiopia', '', '', 'ETH', '', '', 'vevo', NULL),
       (572, 'Falkland Islands (Malvinas)', '', '', 'FLK', '', '', 'vevo', NULL),
       (573, 'Faroe Islands', '', '', 'FRO', '', '', 'vevo', NULL),
       (574, 'Fiji', '', '', 'FJI', '', '', 'vevo', NULL),
       (575, 'Finland', '', '', 'FIN', '', '', 'vevo', NULL),
       (576, 'France', '', '', 'FRA', '', '', 'vevo', NULL),
       (577, 'France, Metropolitan', '', '', 'FXX', '', '', 'vevo', NULL),
       (578, 'French Guiana', '', '', 'GUF', '', '', 'vevo', NULL),
       (579, 'French Polynesia', '', '', 'PYF', '', '', 'vevo', NULL),
       (580, 'French Southern Terr', '', '', 'ATF', '', '', 'vevo', NULL),
       (581, 'Gabon', '', '', 'GAB', '', '', 'vevo', NULL),
       (582, 'Gambia', '', '', 'GMB', '', '', 'vevo', NULL),
       (583, 'Georgia', '', '', 'GEO', '', '', 'vevo', NULL),
       (584, 'Georgia/Sandwich Isl', '', '', 'SGS', '', '', 'vevo', NULL),
       (585, 'Germany', '', '', 'D', '', '', 'vevo', NULL),
       (586, 'Ghana', '', '', 'GHA', '', '', 'vevo', NULL),
       (587, 'Gibraltar', '', '', 'GIB', '', '', 'vevo', NULL),
       (588, 'Greece', '', '', 'GRC', '', '', 'vevo', NULL),
       (589, 'Greenland', '', '', 'GRL', '', '', 'vevo', NULL),
       (590, 'Grenada', '', '', 'GRD', '', '', 'vevo', NULL),
       (591, 'Guadeloupe', '', '', 'GLP', '', '', 'vevo', NULL),
       (592, 'Guam', '', '', 'GUM', '', '', 'vevo', NULL),
       (593, 'Guatemala', '', '', 'GTM', '', '', 'vevo', NULL),
       (594, 'Guinea', '', '', 'GIN', '', '', 'vevo', NULL),
       (595, 'Guinea-Bissau', '', '', 'GNB', '', '', 'vevo', NULL),
       (596, 'Guyana', '', '', 'GUY', '', '', 'vevo', NULL),
       (597, 'Haiti', '', '', 'HTI', '', '', 'vevo', NULL),
       (598, 'Heard & Mcdonald Isl', '', '', 'HMD', '', '', 'vevo', NULL),
       (599, 'Honduras', '', '', 'HND', '', '', 'vevo', NULL),
       (600, 'Hong Kong Sar', '', '', 'HKG', '', '', 'vevo', NULL),
       (601, 'Hungary', '', '', 'HUN', '', '', 'vevo', NULL),
       (602, 'Iceland', '', '', 'ISL', '', '', 'vevo', NULL),
       (603, 'India', '', '', 'IND', '', '', 'vevo', NULL),
       (604, 'Indonesia', '', '', 'IDN', '', '', 'vevo', NULL),
       (605, 'Iran, Islamic Republic of', '', '', 'IRN', '', '', 'vevo', NULL),
       (606, 'Iraq', '', '', 'IRQ', '', '', 'vevo', NULL),
       (607, 'Ireland', '', '', 'IRL', '', '', 'vevo', NULL),
       (608, 'Israel', '', '', 'ISR', '', '', 'vevo', NULL),
       (609, 'Italy', '', '', 'ITA', '', '', 'vevo', NULL),
       (610, 'Jamaica', '', '', 'JAM', '', '', 'vevo', NULL),
       (611, 'Japan', '', '', 'JPN', '', '', 'vevo', NULL),
       (612, 'Jordan', '', '', 'JOR', '', '', 'vevo', NULL),
       (613, 'Kazakhstan', '', '', 'KAZ', '', '', 'vevo', NULL),
       (614, 'Kenya', '', '', 'KEN', '', '', 'vevo', NULL),
       (615, 'Kiribati', '', '', 'KIR', '', '', 'vevo', NULL),
       (616, 'Korea, Democratic Peoples Republic of (North)', '', '', 'PRK', '', '', 'vevo', NULL),
       (617, 'Korea, Republic of (South)', '', '', 'KOR', '', '', 'vevo', NULL),
       (618, 'Kosovo', '', '', 'RKS', '', '', 'vevo', NULL),
       (619, 'Kuwait', '', '', 'KWT', '', '', 'vevo', NULL),
       (620, 'Kyrgyzstan', '', '', 'KGZ', '', '', 'vevo', NULL),
       (621, 'Lao People\'s Democratic Republic', '', '', 'LAO', '', '', 'vevo', NULL),
       (622, 'Latvia', '', '', 'LVA', '', '', 'vevo', NULL),
       (623, 'Lebanon', '', '', 'LBN', '', '', 'vevo', NULL),
       (624, 'Lesotho', '', '', 'LSO', '', '', 'vevo', NULL),
       (625, 'Liberia', '', '', 'LBR', '', '', 'vevo', NULL),
       (626, 'Libya', '', '', 'LBY', '', '', 'vevo', NULL),
       (627, 'Liechtenstein', '', '', 'LIE', '', '', 'vevo', NULL),
       (628, 'Lithuania', '', '', 'LTU', '', '', 'vevo', NULL),
       (629, 'Luxembourg', '', '', 'LUX', '', '', 'vevo', NULL),
       (630, 'Macau Sar', '', '', 'MAC', '', '', 'vevo', NULL),
       (631, 'Macedonia, Former Yugoslav Republic of', '', '', 'MKD', '', '', 'vevo', NULL),
       (632, 'Madagascar', '', '', 'MDG', '', '', 'vevo', NULL),
       (633, 'Malawi', '', '', 'MWI', '', '', 'vevo', NULL),
       (634, 'Malaysia', '', '', 'MYS', '', '', 'vevo', NULL),
       (635, 'Maldives', '', '', 'MDV', '', '', 'vevo', NULL),
       (636, 'Mali', '', '', 'MLI', '', '', 'vevo', NULL),
       (637, 'Malta', '', '', 'MLT', '', '', 'vevo', NULL),
       (638, 'Marshall Islands', '', '', 'MHL', '', '', 'vevo', NULL),
       (639, 'Martinique', '', '', 'MTQ', '', '', 'vevo', NULL),
       (640, 'Mauritania', '', '', 'MRT', '', '', 'vevo', NULL),
       (641, 'Mauritius', '', '', 'MUS', '', '', 'vevo', NULL),
       (642, 'Mayotte', '', '', 'MYT', '', '', 'vevo', NULL),
       (643, 'Mexico', '', '', 'MEX', '', '', 'vevo', NULL),
       (644, 'Micronesia, Federated States of', '', '', 'FSM', '', '', 'vevo', NULL),
       (645, 'Moldova, Republic of', '', '', 'MDA', '', '', 'vevo', NULL),
       (646, 'Monaco', '', '', 'MCO', '', '', 'vevo', NULL),
       (647, 'Mongolia', '', '', 'MNG', '', '', 'vevo', NULL),
       (648, 'Montenegro', '', '', 'MNE', '', '', 'vevo', NULL),
       (649, 'Montserrat', '', '', 'MSR', '', '', 'vevo', NULL),
       (650, 'Morocco', '', '', 'MAR', '', '', 'vevo', NULL),
       (651, 'Mozambique', '', '', 'MOZ', '', '', 'vevo', NULL),
       (652, 'Namibia', '', '', 'NAM', '', '', 'vevo', NULL),
       (653, 'Nauru', '', '', 'NRU', '', '', 'vevo', NULL),
       (654, 'Nepal', '', '', 'NPL', '', '', 'vevo', NULL),
       (655, 'Netherlands', '', '', 'NLD', '', '', 'vevo', NULL),
       (656, 'Netherlands Antilles', '', '', 'ANT', '', '', 'vevo', NULL),
       (657, 'Neutral Zone', '', '', 'NTZ', '', '', 'vevo', NULL),
       (658, 'New Caledonia', '', '', 'NCL', '', '', 'vevo', NULL),
       (659, 'New Zealand', '', '', 'NZL', '', '', 'vevo', NULL),
       (660, 'Nicaragua', '', '', 'NIC', '', '', 'vevo', NULL),
       (661, 'Niger', '', '', 'NER', '', '', 'vevo', NULL),
       (662, 'Nigeria', '', '', 'NGA', '', '', 'vevo', NULL),
       (663, 'Niue', '', '', 'NIU', '', '', 'vevo', NULL),
       (664, 'Northern Mariana Isl', '', '', 'MNP', '', '', 'vevo', NULL),
       (665, 'Norway', '', '', 'NOR', '', '', 'vevo', NULL),
       (666, 'Oman', '', '', 'OMN', '', '', 'vevo', NULL),
       (667, 'Pakistan', '', '', 'PAK', '', '', 'vevo', NULL),
       (668, 'Palau', '', '', 'PLW', '', '', 'vevo', NULL),
       (669, 'Palestinian Authority', '', '', 'PSE', '', '', 'vevo', NULL),
       (670, 'Panama', '', '', 'PAN', '', '', 'vevo', NULL),
       (671, 'Papua New Guinea', '', '', 'PNG', '', '', 'vevo', NULL),
       (672, 'Paraguay', '', '', 'PRY', '', '', 'vevo', NULL),
       (673, 'Peru', '', '', 'PER', '', '', 'vevo', NULL),
       (674, 'Philippines', '', '', 'PHL', '', '', 'vevo', NULL),
       (675, 'Pitcairn', '', '', 'PCN', '', '', 'vevo', NULL),
       (676, 'Poland', '', '', 'POL', '', '', 'vevo', NULL),
       (677, 'Portugal', '', '', 'PRT', '', '', 'vevo', NULL),
       (678, 'Puerto Rico', '', '', 'PRI', '', '', 'vevo', NULL),
       (679, 'Qatar', '', '', 'QAT', '', '', 'vevo', NULL),
       (680, 'Refugee As Per Art 1', '', '', 'XXB', '', '', 'vevo', NULL),
       (681, 'Refugee Other', '', '', 'XXC', '', '', 'vevo', NULL),
       (682, 'Reunion', '', '', 'REU', '', '', 'vevo', NULL),
       (683, 'Romania', '', '', 'ROU', '', '', 'vevo', NULL),
       (684, 'Romania Pre 1/2/2002', '', '', 'ROM', '', '', 'vevo', NULL),
       (685, 'Russian Federation', '', '', 'RUS', '', '', 'vevo', NULL),
       (686, 'Rwanda', '', '', 'RWA', '', '', 'vevo', NULL),
       (687, 'Saint Helena, Ascension and Tristan Da Cunha', '', '', 'SHN', '', '', 'vevo', NULL),
       (688, 'Saint Kitts and Nevis', '', '', 'KNA', '', '', 'vevo', NULL),
       (689, 'Saint Lucia', '', '', 'LCA', '', '', 'vevo', NULL),
       (690, 'Saint Vincent and The Grenadines', '', '', 'VCT', '', '', 'vevo', NULL),
       (691, 'Samoa', '', '', 'WSM', '', '', 'vevo', NULL),
       (692, 'San Marino', '', '', 'SMR', '', '', 'vevo', NULL),
       (693, 'Sao Tome and Principe', '', '', 'STP', '', '', 'vevo', NULL),
       (694, 'Saudi Arabia', '', '', 'SAU', '', '', 'vevo', NULL),
       (695, 'Senegal', '', '', 'SEN', '', '', 'vevo', NULL),
       (696, 'Serbia', '', '', 'SRB', '', '', 'vevo', NULL),
       (697, 'Serbia and Montenegro', '', '', 'SCG', '', '', 'vevo', NULL),
       (698, 'Seychelles', '', '', 'SYC', '', '', 'vevo', NULL),
       (699, 'Sierra Leone', '', '', 'SLE', '', '', 'vevo', NULL),
       (700, 'Singapore', '', '', 'SGP', '', '', 'vevo', NULL),
       (701, 'Sint Maarten (Dutch Part)', '', '', 'SXM', '', '', 'vevo', NULL),
       (702, 'Slovak Republic', '', '', 'SVK', '', '', 'vevo', NULL),
       (703, 'Slovenia', '', '', 'SVN', '', '', 'vevo', NULL),
       (704, 'Solomon Islands', '', '', 'SLB', '', '', 'vevo', NULL),
       (705, 'Somalia', '', '', 'SOM', '', '', 'vevo', NULL),
       (706, 'South Africa', '', '', 'ZAF', '', '', 'vevo', NULL),
       (707, 'South Sudan', '', '', 'SSD', '', '', 'vevo', NULL),
       (708, 'Spain', '', '', 'ESP', '', '', 'vevo', NULL),
       (709, 'Sri Lanka', '', '', 'LKA', '', '', 'vevo', NULL),
       (710, 'St Pierre and Miquelon', '', '', 'SPM', '', '', 'vevo', NULL),
       (711, 'Stateless Person', '', '', 'XXA', '', '', 'vevo', NULL),
       (712, 'Sudan', '', '', 'SDN', '', '', 'vevo', NULL),
       (713, 'Suriname', '', '', 'SUR', '', '', 'vevo', NULL),
       (714, 'Svalbard and Jan Mayen', '', '', 'SJM', '', '', 'vevo', NULL),
       (715, 'Swaziland', '', '', 'SWZ', '', '', 'vevo', NULL),
       (716, 'Sweden', '', '', 'SWE', '', '', 'vevo', NULL),
       (717, 'Switzerland', '', '', 'CHE', '', '', 'vevo', NULL),
       (718, 'Syrian Arab Republic', '', '', 'SYR', '', '', 'vevo', NULL),
       (719, 'Taiwan', '', '', 'TWN', '', '', 'vevo', NULL),
       (720, 'Tajikistan', '', '', 'TJK', '', '', 'vevo', NULL),
       (721, 'Tanzania, United Republic of', '', '', 'TZA', '', '', 'vevo', NULL),
       (722, 'Thailand', '', '', 'THA', '', '', 'vevo', NULL),
       (723, 'Timor-leste', '', '', 'TLS', '', '', 'vevo', NULL),
       (724, 'Togo', '', '', 'TGO', '', '', 'vevo', NULL),
       (725, 'Tokelau', '', '', 'TKL', '', '', 'vevo', NULL),
       (726, 'Tonga', '', '', 'TON', '', '', 'vevo', NULL),
       (727, 'Trinidad and Tobago', '', '', 'TTO', '', '', 'vevo', NULL),
       (728, 'Tunisia', '', '', 'TUN', '', '', 'vevo', NULL),
       (729, 'Turkey', '', '', 'TUR', '', '', 'vevo', NULL),
       (730, 'Turkmenistan', '', '', 'TKM', '', '', 'vevo', NULL),
       (731, 'Turks and Caicos Islands', '', '', 'TCA', '', '', 'vevo', NULL),
       (732, 'Tuvalu', '', '', 'TUV', '', '', 'vevo', NULL),
       (733, 'U.S Minor Islands', '', '', 'UMI', '', '', 'vevo', NULL),
       (734, 'Uganda', '', '', 'UGA', '', '', 'vevo', NULL),
       (735, 'Ukraine', '', '', 'UKR', '', '', 'vevo', NULL),
       (736, 'United Arab Emirates', '', '', 'ARE', '', '', 'vevo', NULL),
       (737, 'United Kingdom - British Citizen', '', '', 'GBR', '', '', 'vevo', NULL),
       (738, 'United Kingdom - British National (Overseas)', '', '', 'GBN', '', '', 'vevo',
        'a:3:{i:0;s:2:"uk";i:1;s:7:"britain";i:2;s:2:"gb";}'),
       (739, 'United Kingdom - British Overseas Citizen', '', '', 'GBO', '', '', 'vevo',
        'a:3:{i:0;s:2:"uk";i:1;s:7:"britain";i:2;s:2:"gb";}'),
       (740, 'United Kingdom - British Overseas Territories Citizen', '', '', 'GBD', '', '', 'vevo',
        'a:3:{i:0;s:2:"uk";i:1;s:7:"britain";i:2;s:2:"gb";}'),
       (741, 'United Kingdom - British Protected Person', '', '', 'GBP', '', '', 'vevo',
        'a:3:{i:0;s:2:"uk";i:1;s:7:"britain";i:2;s:2:"gb";}'),
       (742, 'United Kingdom - British Subject', '', '', 'GBS', '', '', 'vevo',
        'a:3:{i:0;s:2:"uk";i:1;s:7:"britain";i:2;s:2:"gb";}'),
       (743, 'United Nations Agency', '', '', 'UNA', '', '', 'vevo', NULL),
       (744, 'United Nations Organisation', '', '', 'UNO', '', '', 'vevo', NULL),
       (745, 'United States', '', '', 'USA', '', '', 'vevo', 'a:3:{i:0;s:3:"usa";i:1;s:2:"us";i:2;s:7:"america";}'),
       (746, 'UNMIK Travel Doc', '', '', 'UNK', '', '', 'vevo', NULL),
       (747, 'Unspecified Nationality', '', '', 'XXX', '', '', 'vevo', NULL),
       (748, 'Uruguay', '', '', 'URY', '', '', 'vevo', NULL),
       (749, 'Uzbekistan', '', '', 'UZB', '', '', 'vevo', NULL),
       (750, 'Vanuatu', '', '', 'VUT', '', '', 'vevo', NULL),
       (751, 'Vatican City State (Holy See)', '', '', 'VAT', '', '', 'vevo', NULL),
       (752, 'Venezuela', '', '', 'VEN', '', '', 'vevo', NULL),
       (753, 'Viet Nam', '', '', 'VNM', '', '', 'vevo', NULL),
       (754, 'Virgin Islands (British)', '', '', 'VGB', '', '', 'vevo', NULL),
       (755, 'Virgin Islands (U.S)', '', '', 'VIR', '', '', 'vevo', NULL),
       (756, 'Wallis and Futuna Isl', '', '', 'WLF', '', '', 'vevo', NULL),
       (757, 'Western Sahara', '', '', 'ESH', '', '', 'vevo', NULL),
       (758, 'Yemen', '', '', 'YEM', '', '', 'vevo', NULL),
       (759, 'Yugoslavia', '', '', 'YUG', '', '', 'vevo', NULL),
       (760, 'Zaire', '', '', 'ZAR', '', '', 'vevo', NULL),
       (761, 'Zambia', '', '', 'ZMB', '', '', 'vevo', NULL),
       (762, 'Zimbabwe', '', '', 'ZWE', '', '', 'vevo', NULL);

-- --------------------------------------------------------

--
-- Table structure for table `default_searches`
--

CREATE TABLE `default_searches`
(
    `member_id`           bigint(20)                  NOT NULL,
    `default_search`      varchar(50)                 NOT NULL,
    `default_search_type` enum ('clients','contacts') NOT NULL DEFAULT 'clients'
) ENGINE = InnoDB
  DEFAULT CHARSET = utf8 COMMENT ='Each user can use different default quick searches. There are 2 places where they are used - Clients and Contacts tabs.';

-- --------------------------------------------------------

--
-- Table structure for table `divisions`
--

CREATE TABLE `divisions`
(
    `division_id`           int(11) UNSIGNED NOT NULL,
    `division_group_id`     int(11) UNSIGNED    DEFAULT NULL,
    `company_id`            bigint(20)          DEFAULT NULL,
    `name`                  char(255)           DEFAULT '',
    `access_owner_can_edit` enum ('Y','N')      DEFAULT 'N',
    `access_permanent`      enum ('Y','N')      DEFAULT 'N',
    `access_assign_to`      enum ('Y','N')      DEFAULT 'N',
    `order`                 tinyint(3) UNSIGNED DEFAULT '0'
) ENGINE = InnoDB
  DEFAULT CHARSET = utf8 COMMENT ='List of offices/divisions.';

--
-- Dumping data for table `divisions`
--

INSERT INTO `divisions` (`division_id`, `division_group_id`, `company_id`, `name`, `access_owner_can_edit`,
                         `access_permanent`, `access_assign_to`, `order`)
VALUES (235, 1, 0, 'BNP-Application Intake', 'N', 'N', 'N', 0),
       (236, 1, 0, 'BNP-Waiting for Applicant\'s Response', 'N', 'N', 'N', 1),
       (237, 1, 0, 'BNP-Archive', 'N', 'N', 'N', 2),
       (238, 1, 0, 'EDS-Application Intake', 'N', 'N', 'N', 3),
       (239, 1, 0, 'EDS-Waiting for Applicant\'s Response', 'N', 'N', 'N', 4),
       (240, 1, 0, 'EDS-Archive', 'N', 'N', 'N', 5),
       (241, 3, 2, 'BNP-Application Intake', 'N', 'N', 'N', 0),
       (242, 3, 2, 'BNP-Waiting for Applicant\'s Response', 'N', 'N', 'N', 1),
       (243, 3, 2, 'BNP-Archive', 'N', 'N', 'N', 2),
       (244, 3, 2, 'EDS-Application Intake', 'N', 'N', 'N', 3),
       (245, 3, 2, 'EDS-Waiting for Applicant\'s Response', 'N', 'N', 'N', 4),
       (246, 3, 2, 'EDS-Archive', 'N', 'N', 'N', 5),
       (247, 3, 2, 'Erin Evans', 'N', 'N', 'N', 6),
       (248, 3, 2, 'Kristi Swihart', 'N', 'N', 'N', 7),
       (249, 3, 2, 'Alexandrea Malakoe', 'N', 'N', 'N', 8),
       (250, 3, 2, 'Janell Dautel', 'N', 'N', 'N', 9),
       (251, 3, 2, 'Joseph Nayally', 'N', 'N', 'N', 10),
       (252, 3, 2, 'Vickie Francisco', 'N', 'N', 'N', 11),
       (253, 3, 2, 'Michael Saturnino', 'N', 'N', 'N', 12),
       (254, 3, 2, 'Aidan Ogilvie', 'N', 'N', 'N', 13),
       (255, 3, 2, 'Jane Moore', 'N', 'N', 'N', 14);

-- --------------------------------------------------------

--
-- Table structure for table `divisions_groups`
--

CREATE TABLE `divisions_groups`
(
    `division_group_id`              int(11) UNSIGNED NOT NULL,
    `company_id`                     bigint(20)                             DEFAULT NULL,
    `division_group_salutation`      char(255)                              DEFAULT NULL,
    `division_group_first_name`      char(255)                              DEFAULT NULL,
    `division_group_last_name`       char(255)                              DEFAULT NULL,
    `division_group_position`        char(255)                              DEFAULT NULL,
    `division_group_company`         char(255)                              DEFAULT NULL,
    `division_group_address1`        char(255)                              DEFAULT NULL,
    `division_group_address2`        char(255)                              DEFAULT NULL,
    `division_group_city`            char(255)                              DEFAULT NULL,
    `division_group_state`           char(255)                              DEFAULT NULL,
    `division_group_country`         char(255)                              DEFAULT NULL,
    `division_group_postal_code`     char(255)                              DEFAULT NULL,
    `division_group_phone_main`      char(255)                              DEFAULT NULL,
    `division_group_phone_secondary` char(255)                              DEFAULT NULL,
    `division_group_email_primary`   char(255)                              DEFAULT NULL,
    `division_group_email_other`     char(255)                              DEFAULT NULL,
    `division_group_fax`             char(255)                              DEFAULT NULL,
    `division_group_notes`           text,
    `division_group_is_system`       enum ('Y','N')                         DEFAULT 'N',
    `division_group_status`          enum ('active','inactive','suspended') DEFAULT 'active'
) ENGINE = InnoDB
  DEFAULT CHARSET = utf8 COMMENT ='List of offices/divisions groups.';

--
-- Dumping data for table `divisions_groups`
--

INSERT INTO `divisions_groups` (`division_group_id`, `company_id`, `division_group_salutation`,
                                `division_group_first_name`, `division_group_last_name`, `division_group_position`,
                                `division_group_company`, `division_group_address1`, `division_group_address2`,
                                `division_group_city`, `division_group_state`, `division_group_country`,
                                `division_group_postal_code`, `division_group_phone_main`,
                                `division_group_phone_secondary`, `division_group_email_primary`,
                                `division_group_email_other`, `division_group_fax`, `division_group_notes`,
                                `division_group_is_system`, `division_group_status`)
VALUES (1, 0, NULL, NULL, NULL, NULL, 'Main', NULL, NULL, NULL, NULL, NULL, NULL, NULL, NULL, NULL, NULL, NULL, NULL,
        'Y', 'active'),
       (3, 2, NULL, NULL, NULL, NULL, 'Main', NULL, NULL, NULL, NULL, NULL, NULL, NULL, NULL, NULL, NULL, NULL, NULL,
        'Y', 'active');

-- --------------------------------------------------------

--
-- Table structure for table `eml_accounts`
--

CREATE TABLE `eml_accounts`
(
    `id`                  int(11) UNSIGNED      NOT NULL,
    `member_id`           bigint(20)            NOT NULL,
    `is_default`          enum ('Y','N')        NOT NULL DEFAULT 'N',
    `email`               varchar(255)          NOT NULL,
    `friendly_name`       varchar(255)                   DEFAULT NULL,
    `auto_check`          enum ('Y','N')        NOT NULL DEFAULT 'N',
    `auto_check_every`    int(11)               NOT NULL DEFAULT '0',
    `signature`           text,
    `inc_enabled`         enum ('Y','N')        NOT NULL DEFAULT 'Y',
    `inc_type`            enum ('pop3','imap')  NOT NULL DEFAULT 'pop3',
    `inc_login`           varchar(128)                   DEFAULT NULL,
    `inc_password`        text,
    `inc_host`            varchar(255)                   DEFAULT NULL,
    `inc_port`            varchar(6)                     DEFAULT NULL,
    `inc_ssl`             enum ('','ssl','tls')          DEFAULT '',
    `inc_leave_messages`  enum ('Y','N')        NOT NULL DEFAULT 'Y',
    `inc_only_headers`    enum ('Y','N')        NOT NULL DEFAULT 'N',
    `inc_fetch_from_date` int(11)               NOT NULL DEFAULT '0',
    `out_use_own`         enum ('Y','N')        NOT NULL DEFAULT 'N',
    `out_auth_required`   enum ('Y','N')        NOT NULL DEFAULT 'Y',
    `out_login`           varchar(128)                   DEFAULT NULL,
    `out_password`        text,
    `out_host`            varchar(255)                   DEFAULT NULL,
    `out_port`            varchar(6)                     DEFAULT NULL,
    `out_ssl`             enum ('','ssl','tls') NOT NULL DEFAULT '',
    `out_save_sent`       enum ('Y','N')        NOT NULL DEFAULT 'N',
    `last_manual_check`   int(11)               NOT NULL DEFAULT '0',
    `last_mass_mail`      int(11)               NOT NULL DEFAULT '0',
    `per_page`            int(3) UNSIGNED       NOT NULL DEFAULT '25',
    `timezone`            varchar(255)          NOT NULL DEFAULT 'America/New_York',
    `last_rabbit_push`    int(11) UNSIGNED               DEFAULT NULL,
    `last_rabbit_pull`    int(11) UNSIGNED               DEFAULT NULL,
    `is_checking`         int(1) UNSIGNED                DEFAULT '0',
    `checking_status`     varchar(255)                   DEFAULT NULL,
    `delimiter`           varchar(1)                     DEFAULT NULL
) ENGINE = InnoDB
  DEFAULT CHARSET = utf8 COMMENT ='List of email accounts related to specific user are saved here.';

-- --------------------------------------------------------

--
-- Table structure for table `eml_attachments`
--

CREATE TABLE `eml_attachments`
(
    `id`                 bigint(20)          NOT NULL,
    `id_message`         bigint(20)          NOT NULL,
    `path`               text,
    `original_file_name` varchar(255)                 DEFAULT NULL,
    `size`               int(11)                      DEFAULT NULL,
    `part_info`          text                NOT NULL,
    `is_downloaded`      tinyint(1) UNSIGNED NOT NULL DEFAULT '1'
) ENGINE = InnoDB
  DEFAULT CHARSET = utf8 COMMENT ='Email attachment records which are related to email messages are saved here.';

-- --------------------------------------------------------

--
-- Table structure for table `eml_cron`
--

CREATE TABLE `eml_cron`
(
    `id`             int(11) UNSIGNED NOT NULL,
    `accounts_count` int(11) UNSIGNED NOT NULL,
    `start`          int(11) UNSIGNED NOT NULL
) ENGINE = InnoDB
  DEFAULT CHARSET = utf8 COMMENT ='Email cron that is started contains count of all accounts that must be processed and start date is saved here.';

-- --------------------------------------------------------

--
-- Table structure for table `eml_cron_accounts`
--

CREATE TABLE `eml_cron_accounts`
(
    `id`         int(11) UNSIGNED NOT NULL,
    `cron_id`    int(11) UNSIGNED DEFAULT NULL,
    `account_id` int(11) UNSIGNED DEFAULT NULL,
    `start`      int(11) UNSIGNED DEFAULT NULL,
    `end`        int(11) UNSIGNED DEFAULT NULL,
    `status`     text
) ENGINE = InnoDB
  DEFAULT CHARSET = utf8 COMMENT ='List of email accounts that must be processed by cron is saved here.';

-- --------------------------------------------------------

--
-- Table structure for table `eml_deleted_messages`
--

CREATE TABLE `eml_deleted_messages`
(
    `id_account` int(11) UNSIGNED NOT NULL,
    `uid`        varchar(255)     NOT NULL
) ENGINE = InnoDB
  DEFAULT CHARSET = utf8 COMMENT ='List of deleted email messages is saved here. This is required to prevent to download already deleted emails.';

-- --------------------------------------------------------

--
-- Table structure for table `eml_folders`
--

CREATE TABLE `eml_folders`
(
    `id`                int(11) UNSIGNED    NOT NULL,
    `id_parent`         int(11) UNSIGNED             DEFAULT '0',
    `level`             int(11)                      DEFAULT '0',
    `order`             int(11)                      DEFAULT NULL,
    `id_account`        int(11) UNSIGNED    NOT NULL,
    `id_folder`         varchar(128)                 DEFAULT '0',
    `label`             varchar(255)        NOT NULL,
    `full_path`         text,
    `selectable`        tinyint(1) UNSIGNED NOT NULL DEFAULT '1',
    `id_mapping_folder` int(11) UNSIGNED             DEFAULT '0',
    `visible`           tinyint(1) UNSIGNED NOT NULL DEFAULT '1'
) ENGINE = InnoDB
  DEFAULT CHARSET = utf8 COMMENT ='List of folders related to specific email account is saved here.';

-- --------------------------------------------------------

--
-- Table structure for table `eml_messages`
--

CREATE TABLE `eml_messages`
(
    `id`              bigint(20)          NOT NULL,
    `uid`             varchar(255)        NOT NULL,
    `id_account`      int(11) UNSIGNED    NOT NULL,
    `id_folder`       int(11) UNSIGNED    NOT NULL,
    `from`            text,
    `to`              text,
    `cc`              text,
    `bcc`             text,
    `subject`         varchar(255)                 DEFAULT NULL,
    `sent_date`       int(11)                      DEFAULT NULL,
    `has_attachments` tinyint(1) UNSIGNED          DEFAULT '0',
    `size`            bigint(20) UNSIGNED          DEFAULT NULL,
    `seen`            tinyint(1) UNSIGNED          DEFAULT '0',
    `priority`        tinyint(4)                   DEFAULT '3',
    `x_spam`          tinyint(1) UNSIGNED          DEFAULT '0',
    `replied`         tinyint(1) UNSIGNED          DEFAULT '0',
    `forwarded`       tinyint(1) UNSIGNED          DEFAULT '0',
    `flag`            tinyint(1) UNSIGNED NOT NULL DEFAULT '0',
    `body_html`       longtext,
    `is_downloaded`   tinyint(1) UNSIGNED          DEFAULT '1'
) ENGINE = InnoDB
  DEFAULT CHARSET = utf8 COMMENT ='List of emails that relate to specific email account and specific folder is saved here.';

-- --------------------------------------------------------

--
-- Table structure for table `eml_sample_server_settings`
--

CREATE TABLE `eml_sample_server_settings`
(
    `id`   int(11) UNSIGNED            NOT NULL,
    `name` varchar(255)                         DEFAULT NULL,
    `type` enum ('pop3','imap','smtp') NOT NULL DEFAULT 'pop3',
    `host` varchar(255)                         DEFAULT NULL,
    `port` varchar(6)                           DEFAULT NULL,
    `ssl`  enum ('','ssl','tls')                DEFAULT ''
) ENGINE = InnoDB
  DEFAULT CHARSET = utf8 COMMENT ='List of settings of default email servers (e.g. google, yahoo, etc.).';

--
-- Dumping data for table `eml_sample_server_settings`
--

INSERT INTO `eml_sample_server_settings` (`id`, `name`, `type`, `host`, `port`, `ssl`)
VALUES (1, 'Google', 'pop3', 'pop.gmail.com', '995', 'ssl'),
       (2, 'Google', 'imap', 'imap.gmail.com', '993', 'ssl'),
       (3, 'Google SSL required', 'smtp', 'smtp.gmail.com', '465', 'ssl'),
       (4, 'Google TLS required', 'smtp', 'smtp.gmail.com', '587', 'tls'),
       (5, 'Yahoo', 'pop3', 'pop.mail.yahoo.com', '995', 'ssl'),
       (6, 'Yahoo', 'imap', 'imap.mail.yahoo.com', '993', 'ssl'),
       (7, 'Yahoo SSL required', 'smtp', 'smtp.mail.yahoo.com', '465', 'ssl'),
       (8, 'Yahoo TLS required', 'smtp', 'smtp.mail.yahoo.com', '587', 'tls'),
       (9, 'Yahoo Mail Plus', 'pop3', 'plus.pop.mail.yahoo.com', '995', 'ssl'),
       (10, 'Yahoo Mail Plus', 'imap', 'plus.imap.mail.yahoo.com', '993', 'ssl'),
       (11, 'Yahoo Mail Plus', 'smtp', 'plus.smtp.mail.yahoo.com', '465', 'ssl'),
       (12, 'Yahoo Mail UK', 'pop3', 'pop.mail.yahoo.co.uk', '995', 'ssl'),
       (13, 'Yahoo Mail UK', 'imap', 'imap.mail.yahoo.co.uk', '993', 'ssl'),
       (14, 'Yahoo Mail UK', 'smtp', 'smtp.mail.yahoo.co.uk', '465', 'ssl'),
       (15, 'Yahoo Mail AU/NZ', 'pop3', 'pop.mail.yahoo.com.au', '995', 'ssl'),
       (16, 'Yahoo Mail AU/NZ', 'imap', 'imap.mail.yahoo.au', '993', 'ssl'),
       (17, 'Yahoo Mail AU/NZ', 'smtp', 'smtp.mail.yahoo.au', '465', 'ssl'),
       (18, 'AT&T', 'pop3', 'pop.att.yahoo.com', '995', 'ssl'),
       (19, 'AT&T', 'imap', 'imap.att.yahoo.com', '993', 'ssl'),
       (20, 'AT&T', 'smtp', 'smtp.att.yahoo.com', '465', 'ssl'),
       (21, 'NTL @ntlworld.com', 'pop3', 'pop.ntlworld.com', '995', 'ssl'),
       (22, 'NTL @ntlworld.com', 'imap', 'imap.ntlworld.com', '993', 'ssl'),
       (23, 'NTL @ntlworld.com', 'smtp', 'smtp.ntlworld.com', '465', 'ssl'),
       (24, 'BT Connect', 'pop3', 'pop3.btconnect.com', '110', ''),
       (25, 'BT Connect', 'imap', 'imap4.btconnect.com', '143', ''),
       (26, 'BT Connect', 'smtp', 'smtp.btconnect.com', '25', ''),
       (27, 'O2 Deutschland', 'imap', 'imap.o2online.de', '143', ''),
       (28, 'O2 Deutschland', 'smtp', 'mail.o2online.de', '25', ''),
       (29, '1&1 (1and1)', 'imap', 'imap.1and1.com', '993', 'ssl'),
       (30, '1&1 (1and1)', 'smtp', 'smtp.1and1.com', '587', 'tls'),
       (31, 'Verizon', 'imap', 'incoming.verizon.net', '143', ''),
       (32, 'Verizon', 'smtp', 'outgoing.verizon.net', '587', ''),
       (33, 'Zoho Mail', 'imap', 'imap.zoho.com', '993', 'ssl'),
       (34, 'Zoho Mail', 'smtp', 'smtp.zoho.com', '465', 'ssl'),
       (35, 'Mail.com', 'imap', 'imap.mail.com', '993', 'ssl'),
       (36, 'Mail.com', 'smtp', 'smtp.mail.com', '465', 'ssl'),
       (37, 'GMX.com', 'imap', 'imap.gmx.com', '993', 'ssl'),
       (38, 'GMX.com', 'smtp', 'smtp.gmx.com', '465', 'ssl'),
       (39, 'Outlook.com', 'pop3', 'pop-mail.outlook.com', '995', 'ssl'),
       (40, 'Outlook.com', 'imap', 'imap-mail.outlook.com', '993', 'ssl'),
       (41, 'Outlook.com', 'smtp', 'smtp-mail.outlook.com', '587', 'tls'),
       (42, 'AOL', 'pop3', 'pop.aol.com', '110', ''),
       (43, 'AOL', 'imap', 'imap.aol.com', '143', ''),
       (44, 'AOL', 'smtp', 'smtp.aol.com', '587', ''),
       (45, 'iCloud', 'imap', 'imap.mail.me.com', '993', 'ssl'),
       (46, 'iCloud', 'smtp', 'smtp.mail.me.com', '587', 'tls'),
       (47, 'Office365.com', 'pop3', 'outlook.office365.com', '995', 'ssl'),
       (48, 'Office365.com', 'imap', 'outlook.office365.com', '993', 'ssl'),
       (49, 'Office365.com', 'smtp', 'smtp.office365.com', '587', 'tls'),
       (50, 'Hotmail', 'pop3', 'pop3.live.com', '995', 'ssl'),
       (51, 'Hotmail', 'imap', 'imap-mail.outlook.com', '993', 'ssl'),
       (52, 'Hotmail', 'smtp', 'smtp.live.com', '587', 'tls');

-- --------------------------------------------------------

--
-- Table structure for table `faq`
--

CREATE TABLE `faq`
(
    `faq_id`         int(11) UNSIGNED NOT NULL,
    `faq_section_id` int(11) UNSIGNED          DEFAULT NULL,
    `question`       text,
    `answer`         longtext,
    `order`          int(3) UNSIGNED           DEFAULT NULL,
    `client_view`    enum ('Y','N')   NOT NULL DEFAULT 'Y'
) ENGINE = InnoDB
  DEFAULT CHARSET = utf8 COMMENT ='List of FAQ messages that are showed in the FAQ section.';

--
-- Dumping data for table `faq`
--

INSERT INTO `faq` (`faq_id`, `faq_section_id`, `question`, `answer`, `order`, `client_view`)
VALUES (1, 1, 'Case Statuses that triggers the next Stage',
        '<div>\n<table border="0" cellpadding="0" cellspacing="0" style="width:1274px">\n	<tbody>\n		<tr>\n			<td style="height:20px; width:64px">FYI</td>\n			<td colspan="2" style="width:908px">1- When Case Status is changed by your staff or by the system, an automatic &quot;Note&quot; entry and date stamp is made.&nbsp;&nbsp; Each case has a &quot;Notes&quot; tab.</td>\n			<td style="width:303px">&nbsp;</td>\n		</tr>\n		<tr>\n			<td style="height:20px">&nbsp;</td>\n			<td colspan="2">2- You need to change the Case status and click on the Save to trigger the next stage.&nbsp;&nbsp;&nbsp;</td>\n			<td>&nbsp;</td>\n		</tr>\n		<tr>\n			<td style="height:65px">&nbsp;</td>\n			<td colspan="2" style="width:908px">3- For BNP, you can only trigger/enable the next stage in the process.&nbsp;&nbsp; The system will ignore the incorrect sequence.&nbsp;&nbsp; However, once you trigger the next logical step, you cannot retract it i.e. the next stage of the application will stay enabled for the user.&nbsp;&nbsp;&nbsp; It is done in this manner to protect the user information from deletion by error.</td>\n			<td>&nbsp;</td>\n		</tr>\n		<tr>\n			<td style="height:67px">&nbsp;</td>\n			<td>&nbsp;</td>\n			<td colspan="2">Case Status&nbsp;</td>\n		</tr>\n		<tr>\n			<td style="height:20px">&nbsp;</td>\n			<td>&nbsp;</td>\n			<td>Enabled when Case Status is set to:</td>\n			<td>On submission</td>\n		</tr>\n		<tr>\n			<td style="height:20px">&nbsp;</td>\n			<td>&nbsp;&nbsp;&nbsp; EDS Stage 1 for CIW/SW/EE: EDS-Employer Eligibility Application</td>\n			<td>When user creates an account (front end)</td>\n			<td>EDS- Employer Application Received</td>\n		</tr>\n		<tr>\n			<td style="height:20px">&nbsp;</td>\n			<td>&nbsp;&nbsp;&nbsp; EDS Stage 2 for CIW/SW/EE: CIW/SW/EE- Foreign National Submission</td>\n			<td>On submission of Stage 1 - No NTNP staff action requied</td>\n			<td>EDS- Application Received</td>\n		</tr>\n		<tr>\n			<td style="height:20px">&nbsp;</td>\n			<td>&nbsp;</td>\n			<td>&nbsp;</td>\n			<td>&nbsp;</td>\n		</tr>\n		<tr>\n			<td style="height:20px">&nbsp;</td>\n			<td>&nbsp;&nbsp;&nbsp; BNP Initial Registration</td>\n			<td>When user creates an account (front end)</td>\n			<td>BNP- Initial Registration Received</td>\n		</tr>\n		<tr>\n			<td style="height:20px">&nbsp;</td>\n			<td>&nbsp;&nbsp;&nbsp; BNP Pre-interview Submission</td>\n			<td>BNP- Interview Scheduled</td>\n			<td>BNP Pre-interview Info Submitted</td>\n		</tr>\n		<tr>\n			<td style="height:20px">&nbsp;</td>\n			<td>&nbsp;&nbsp;&nbsp; BNP Expression of Interest</td>\n			<td>BNP- Expression of Interest Requested</td>\n			<td>BNP- Expression of Interest Received</td>\n		</tr>\n		<tr>\n			<td style="height:20px">&nbsp;</td>\n			<td>&nbsp;&nbsp;&nbsp; BNP Formal Application Submission</td>\n			<td>BNP- Formal Invite to Apply Issued</td>\n			<td>BNP- Formal Application Submitted</td>\n		</tr>\n		<tr>\n			<td style="height:20px">&nbsp;</td>\n			<td>&nbsp;&nbsp;&nbsp; BNP Good Faith Deposit Submission</td>\n			<td>BNP- Good Faith Deposit Requested</td>\n			<td>BNP- Good Faith Deposit Submitted</td>\n		</tr>\n		<tr>\n			<td style="height:20px">&nbsp;</td>\n			<td>&nbsp;&nbsp;&nbsp; BNP Arrival Report</td>\n			<td>BNP- Awaiting Applicant Arrival</td>\n			<td>BNP- Arrival Report Submitted</td>\n		</tr>\n		<tr>\n			<td style="height:20px">&nbsp;</td>\n			<td>&nbsp;&nbsp;&nbsp; BNP BPA Interim Report One</td>\n			<td>BNP- Waiting for BPA Interim Report</td>\n			<td>BNP- BPA Interim Report Submitted</td>\n		</tr>\n		<tr>\n			<td style="height:20px">&nbsp;</td>\n			<td>&nbsp;&nbsp;&nbsp; BNP BPA Interim Report Two</td>\n			<td>After the submission of the First Interim Report &amp; &quot;BNP- Waiting for BPA Interim Report&quot;</td>\n			<td>BNP- BPA Interim Report Submitted</td>\n		</tr>\n		<tr>\n			<td style="height:20px">&nbsp;</td>\n			<td>&nbsp;&nbsp;&nbsp; BNP BPA Interim Report Three</td>\n			<td>After the submission of the Second Interim Report &amp; &quot;BNP- Waiting for BPA Interim Report&quot;</td>\n			<td>BNP- BPA Interim Report Submitted</td>\n		</tr>\n		<tr>\n			<td style="height:20px">&nbsp;</td>\n			<td>&nbsp;&nbsp;&nbsp; BNP Final Report</td>\n			<td>BNP- Waiting for Final Report</td>\n			<td>BNP- Final Report Submitted</td>\n		</tr>\n	</tbody>\n</table>\n</div>',
        1, 'N');

-- --------------------------------------------------------

--
-- Table structure for table `faq_sections`
--

CREATE TABLE `faq_sections`
(
    `faq_section_id`    int(11) UNSIGNED NOT NULL,
    `parent_section_id` int(11) UNSIGNED DEFAULT NULL,
    `section_name`      varchar(255)     DEFAULT NULL,
    `order`             int(3) UNSIGNED  DEFAULT NULL,
    `client_view`       enum ('Y','N')   DEFAULT 'N'
) ENGINE = InnoDB
  DEFAULT CHARSET = utf8 COMMENT ='List of FAQ sections that are showed on the FAQ page.';

--
-- Dumping data for table `faq_sections`
--

INSERT INTO `faq_sections` (`faq_section_id`, `parent_section_id`, `section_name`, `order`, `client_view`)
VALUES (1, NULL, 'General Information', 1, 'N');

-- --------------------------------------------------------

--
-- Table structure for table `field_types`
--

CREATE TABLE `field_types`
(
    `field_type_id`                    int(11) UNSIGNED             NOT NULL,
    `field_type_text_id`               varchar(255)                          DEFAULT NULL,
    `field_type_text_aliases`          varchar(255)                          DEFAULT NULL,
    `field_type_label`                 varchar(255)                          DEFAULT NULL,
    `field_type_can_be_used_in_search` enum ('Y','N')               NOT NULL DEFAULT 'N',
    `field_type_can_be_encrypted`      enum ('Y','N')               NOT NULL DEFAULT 'N',
    `field_type_with_max_length`       enum ('Y','N')               NOT NULL DEFAULT 'N',
    `field_type_with_options`          enum ('Y','N')               NOT NULL DEFAULT 'N',
    `field_type_with_default_value`    enum ('Y','N')               NOT NULL DEFAULT 'N',
    `field_type_with_custom_height`    enum ('Y','N')               NOT NULL DEFAULT 'N',
    `field_type_use_for`               enum ('case','all','others') NOT NULL DEFAULT 'all'
) ENGINE = InnoDB
  DEFAULT CHARSET = utf8 COMMENT ='Contains client and case field types.';

--
-- Dumping data for table `field_types`
--

INSERT INTO `field_types` (`field_type_id`, `field_type_text_id`, `field_type_text_aliases`, `field_type_label`,
                           `field_type_can_be_used_in_search`, `field_type_can_be_encrypted`,
                           `field_type_with_max_length`, `field_type_with_options`, `field_type_with_default_value`,
                           `field_type_with_custom_height`, `field_type_use_for`)
VALUES (1, 'text', NULL, 'Text', 'Y', 'Y', 'Y', 'N', 'Y', 'N', 'all'),
       (2, 'password', NULL, 'Password', 'N', 'N', 'Y', 'N', 'N', 'N', 'all'),
       (3, 'combo', 'select, combobox', 'Select box', 'Y', 'N', 'N', 'Y', 'N', 'N', 'all'),
       (4, 'country', NULL, 'Country', 'Y', 'N', 'N', 'N', 'N', 'N', 'all'),
       (5, 'number', NULL, 'Number', 'Y', 'Y', 'Y', 'N', 'Y', 'N', 'all'),
       (6, 'radio', NULL, 'Radio buttons', 'N', 'N', 'N', 'Y', 'N', 'N', 'all'),
       (7, 'checkbox', NULL, 'Checkbox', 'N', 'N', 'N', 'N', 'N', 'N', 'all'),
       (8, 'date', NULL, 'Date picker', 'Y', 'Y', 'N', 'N', 'Y', 'N', 'all'),
       (9, 'email', NULL, 'Email', 'Y', 'Y', 'N', 'N', 'N', 'N', 'all'),
       (10, 'phone', 'fax', 'Phone/Fax', 'Y', 'Y', 'N', 'N', 'Y', 'N', 'all'),
       (11, 'memo', NULL, 'Memo', 'Y', 'Y', 'N', 'N', 'N', 'Y', 'all'),
       (12, 'agents', 'agent_id, agent', 'Agents', 'Y', 'N', 'N', 'N', 'Y', 'N', 'all'),
       (13, 'office', 'division', '%office_label%', 'Y', 'N', 'N', 'Y', 'N', 'N', 'all'),
       (14, 'assigned_to', 'assigned', 'Assigned to', 'Y', 'N', 'N', 'N', 'N', 'N', 'all'),
       (15, 'date_repeatable', 'rdate', 'Repeatable Date picker', 'Y', 'Y', 'N', 'N', 'Y', 'N', 'all'),
       (16, 'photo', 'image', 'Photo', 'N', 'N', 'N', 'Y', 'N', 'N', 'all'),
       (17, 'file', NULL, 'File', 'N', 'N', 'N', 'Y', 'N', 'N', 'all'),
       (18, 'employee', NULL, 'Employee', 'N', 'N', 'N', 'N', 'N', 'N', 'case'),
       (19, 'employer_contacts', NULL, 'Employer Contacts', 'N', 'N', 'N', 'N', 'N', 'N', 'case'),
       (20, 'employer_engagements', NULL, 'Employer Engagements', 'N', 'N', 'N', 'N', 'N', 'N', 'case'),
       (21, 'employer_legal_entities', NULL, 'Employer Legal Entities', 'N', 'N', 'N', 'N', 'N', 'N', 'case'),
       (22, 'employer_locations', NULL, 'Employer Locations', 'N', 'N', 'N', 'N', 'N', 'N', 'case'),
       (23, 'employer_third_party_representatives', NULL, 'Employer Third Party Representatives', 'N', 'N', 'N', 'N',
        'N', 'N', 'case'),
       (24, 'office_multi', NULL, '%office_label% (multiple)', 'N', 'N', 'N', 'Y', 'N', 'N', 'others'),
       (25, 'contact_sales_agent', NULL, 'Sales Agent', 'N', 'N', 'N', 'N', 'N', 'N', 'case'),
       (26, 'immigration_office', 'visa_office', 'Immigration Offices', 'N', 'N', 'N', 'N', 'N', 'N', 'case'),
       (27, 'staff_responsible_rma', NULL, 'Authorized Representative', 'N', 'N', 'N', 'N', 'N', 'N', 'case'),
       (28, 'active_users', NULL, 'Active Users', 'N', 'N', 'N', 'N', 'N', 'N', 'case'),
       (29, 'employer_case_link', NULL, 'Employer Sponsorship Case', 'N', 'N', 'N', 'N', 'N', 'N', 'case'),
       (30, 'categories', NULL, 'Subclasses', 'N', 'N', 'N', 'N', 'N', 'N', 'case'),
       (31, 'list_of_occupations', NULL, 'List of Occupations', 'N', 'N', 'N', 'N', 'N', 'N', 'case'),
       (32, 'related_case_selection', NULL, 'Related Case Selection', 'N', 'N', 'N', 'N', 'N', 'N', 'case'),
       (33, 'office_change_date_time', NULL, '%office_label% change date/time', 'N', 'Y', 'N', 'N', 'N', 'N', 'others'),
       (34, 'multiple_text_fields', NULL, 'Multiple Text Fields', 'N', 'N', 'N', 'N', 'N', 'N', 'all'),
       (35, 'auto_calculated', NULL, 'Auto calculated field', 'N', 'N', 'N', 'Y', 'N', 'N', 'all'),
       (36, 'html_editor', NULL, 'HTML Editor', 'Y', 'Y', 'N', 'N', 'N', 'Y', 'all'),
       (37, 'kskeydid', NULL, 'KSKEYdId', 'Y', 'Y', 'N', 'N', 'N', 'N', 'case'),
       (38, 'case_internal_id', NULL, 'Case Internal Id', 'Y', 'Y', 'N', 'N', 'N', 'N', 'case'),
       (39, 'applicant_internal_id', NULL, 'Applicant Internal Id', 'Y', 'Y', 'N', 'N', 'N', 'N', 'all'),
       (40, 'multiple_combo', NULL, 'Multiple Select Box', 'N', 'N', 'N', 'Y', 'N', 'N', 'all'),
       (41, 'bcpnp_nomination_certificate_number', NULL, 'BC PNP Nomination Certificate Number', 'Y', 'Y', 'N', 'N',
        'N', 'N', 'case'),
       (42, 'reference', NULL, 'Reference', 'Y', 'Y', 'N', 'N', 'N', 'N', 'all'),
       (43, 'authorized_agents', NULL, 'Authorized Agent', 'Y', 'Y', 'N', 'N', 'N', 'N', 'case'),
       (44, 'hyperlink', NULL, 'Hyperlink', 'Y', 'N', 'N', 'N', 'Y', 'N', 'all');

-- --------------------------------------------------------

--
-- Table structure for table `file_number_reservations`
--

CREATE TABLE `file_number_reservations`
(
    `id`          int(11) UNSIGNED NOT NULL,
    `company_id`  bigint(20)       NOT NULL,
    `file_number` varchar(32)      NOT NULL,
    `reserved_on` int(11)          NOT NULL,
    `increment`   int(11) DEFAULT NULL
) ENGINE = InnoDB
  DEFAULT CHARSET = utf8 COMMENT ='Contains company reserved file numbers (case reference numbers).';

-- --------------------------------------------------------

--
-- Table structure for table `folder_access`
--

CREATE TABLE `folder_access`
(
    `folder_id` int(11) UNSIGNED DEFAULT NULL,
    `role_id`   int(11)          DEFAULT NULL,
    `access`    enum ('R','RW')  DEFAULT NULL
) ENGINE = InnoDB
  DEFAULT CHARSET = utf8 COMMENT ='Access rights to specific client folders for specific roles are saved here.';

--
-- Dumping data for table `folder_access`
--

INSERT INTO `folder_access` (`folder_id`, `role_id`, `access`)
VALUES (7178, 4817, 'RW'),
       (7179, 4816, 'RW'),
       (7177, 4816, 'RW'),
       (7176, 4816, 'RW'),
       (7175, 4816, 'RW'),
       (7174, 4816, 'RW'),
       (7173, 4816, 'RW'),
       (7172, 4816, 'RW'),
       (7178, 4822, 'RW'),
       (7190, 4817, 'R'),
       (7191, 4816, 'RW'),
       (7183, 4816, 'RW'),
       (7189, 4816, 'RW'),
       (7181, 4816, 'RW'),
       (7184, 4816, 'RW'),
       (7182, 4816, 'RW'),
       (7187, 4816, 'RW'),
       (7190, 4816, 'RW'),
       (7189, 4822, 'RW'),
       (7189, 4817, 'RW'),
       (7172, 4930, 'RW'),
       (7173, 4930, 'RW'),
       (7176, 4930, 'RW'),
       (7179, 4930, 'RW'),
       (7172, 4931, 'RW'),
       (7173, 4931, 'RW'),
       (7176, 4931, 'RW'),
       (7179, 4931, 'RW'),
       (7212, 4932, 'RW'),
       (7204, 4932, 'RW'),
       (7210, 4932, 'RW'),
       (7203, 4932, 'RW'),
       (7205, 4932, 'RW'),
       (7208, 4932, 'RW'),
       (7211, 4932, 'RW');

-- --------------------------------------------------------

--
-- Table structure for table `folder_access_by_division`
--

CREATE TABLE `folder_access_by_division`
(
    `division_id` int(11) UNSIGNED   NOT NULL,
    `folder_name` char(255)                   DEFAULT NULL,
    `access`      enum ('R','RW','') NOT NULL DEFAULT ''
) ENGINE = InnoDB
  DEFAULT CHARSET = utf8 COMMENT ='Access rights to specific client folders based on offices';

-- --------------------------------------------------------

--
-- Table structure for table `FormAssigned`
--

CREATE TABLE `FormAssigned`
(
    `FormAssignedId` int(10) UNSIGNED NOT NULL,
    `ClientMemberId` bigint(20)       NOT NULL,
    `FamilyMemberId` enum ('main_applicant','sponsor','employer','spouse','parent1','parent2','parent3','parent4','sibling1','sibling2','sibling3','sibling4','sibling5','child1','child2','child3','child4','child5','child6','child7','child8','child9','child10','other1','other2') DEFAULT 'main_applicant',
    `FormVersionId`  int(10) UNSIGNED NOT NULL,
    `UseRevision`    enum ('Y','N')   NOT NULL                                                                                                                                                                                                                                         DEFAULT 'N',
    `AssignDate`     datetime         NOT NULL,
    `AssignBy`       bigint(20)       NOT NULL,
    `CompletedDate`  datetime                                                                                                                                                                                                                                                          DEFAULT NULL,
    `FinalizedDate`  datetime                                                                                                                                                                                                                                                          DEFAULT NULL,
    `UpdatedBy`      bigint(20)                                                                                                                                                                                                                                                        DEFAULT NULL,
    `Status`         tinyint(1)       NOT NULL                                                                                                                                                                                                                                         DEFAULT '0',
    `AssignAlias`    varchar(255)                                                                                                                                                                                                                                                      DEFAULT NULL,
    `LastUpdateDate` datetime                                                                                                                                                                                                                                                          DEFAULT NULL
) ENGINE = InnoDB
  DEFAULT CHARSET = utf8 COMMENT ='List of assigned pdf forms to the case.';

-- --------------------------------------------------------

--
-- Table structure for table `FormFolder`
--

CREATE TABLE `FormFolder`
(
    `FolderId`   int(10) UNSIGNED NOT NULL,
    `ParentId`   int(10) UNSIGNED NOT NULL,
    `FolderName` varchar(255)     NOT NULL
) ENGINE = InnoDB
  DEFAULT CHARSET = utf8 COMMENT ='List of folders that are used to group pdf forms is saved here.';

--
-- Dumping data for table `FormFolder`
--

INSERT INTO `FormFolder` (`FolderId`, `ParentId`, `FolderName`)
VALUES (31, 0, 'EDS Forms'),
       (32, 0, 'BNP Forms');

-- --------------------------------------------------------

--
-- Table structure for table `FormLanding`
--

CREATE TABLE `FormLanding`
(
    `FolderId` int(11) UNSIGNED NOT NULL,
    `ParentId` int(11) UNSIGNED DEFAULT NULL,
    `Name`     varchar(255)     NOT NULL
) ENGINE = InnoDB
  DEFAULT CHARSET = utf8 COMMENT ='List of folders, that are used for landing pages.';

-- --------------------------------------------------------

--
-- Table structure for table `FormMap`
--

CREATE TABLE `FormMap`
(
    `FormMapId`               int(10) UNSIGNED NOT NULL,
    `FromFamilyMemberId`      enum ('main_applicant','sponsor','employer','spouse','parent1','parent2','parent3','parent4','sibling1','sibling2','sibling3','sibling4','sibling5','child1','child2','child3','child4','child5','child6','child7','child8','child9','child10','other1','other2') DEFAULT 'main_applicant',
    `FromSynFieldId`          int(10) UNSIGNED NOT NULL,
    `ToFamilyMemberId`        enum ('main_applicant','sponsor','employer','spouse','parent1','parent2','parent3','parent4','sibling1','sibling2','sibling3','sibling4','sibling5','child1','child2','child3','child4','child5','child6','child7','child8','child9','child10','other1','other2') DEFAULT 'main_applicant',
    `ToSynFieldId`            int(10) UNSIGNED NOT NULL,
    `ToProfileFamilyMemberId` enum ('main_applicant','sponsor','employer','spouse','parent1','parent2','parent3','parent4','sibling1','sibling2','sibling3','sibling4','sibling5','child1','child2','child3','child4','child5','child6','child7','child8','child9','child10','other1','other2') DEFAULT 'main_applicant',
    `ToProfileFieldId`        varchar(255)     NOT NULL,
    `form_map_type`           varchar(255)                                                                                                                                                                                                                                                      DEFAULT NULL,
    `parent_member_type`      int(2) UNSIGNED  NOT NULL                                                                                                                                                                                                                                         DEFAULT '3'
) ENGINE = InnoDB
  DEFAULT CHARSET = utf8 COMMENT ='Mapping between pdf fields and client fields.';

--
-- Dumping data for table `FormMap`
--

INSERT INTO `FormMap` (`FormMapId`, `FromFamilyMemberId`, `FromSynFieldId`, `ToFamilyMemberId`, `ToSynFieldId`,
                       `ToProfileFamilyMemberId`, `ToProfileFieldId`, `form_map_type`, `parent_member_type`)
VALUES (1, 'main_applicant', 1, 'spouse', 14, 'main_applicant', 'lName', NULL, 8),
       (2, 'main_applicant', 14, 'spouse', 1, 'spouse', 'lName', NULL, 8),
       (3, 'spouse', 1, 'main_applicant', 14, 'spouse', 'lName', NULL, 8),
       (4, 'spouse', 14, 'main_applicant', 1, 'main_applicant', 'lName', NULL, 8),
       (5, 'main_applicant', 20, 'child1', 1, 'child1', 'lName', NULL, 8),
       (6, 'child1', 1, 'main_applicant', 20, 'child1', 'lName', NULL, 8),
       (7, 'main_applicant', 26, 'child2', 1, 'child2', 'lName', NULL, 8),
       (8, 'child2', 1, 'main_applicant', 26, 'child2', 'lName', NULL, 8),
       (9, 'main_applicant', 32, 'child3', 1, 'child3', 'lName', NULL, 8),
       (10, 'child3', 1, 'main_applicant', 32, 'child3', 'lName', NULL, 8),
       (11, 'main_applicant', 38, 'child4', 1, 'child4', 'lName', NULL, 8),
       (12, 'child4', 1, 'main_applicant', 38, 'child4', 'lName', NULL, 8),
       (13, 'main_applicant', 44, 'child5', 1, 'child5', 'lName', NULL, 8),
       (14, 'child5', 1, 'main_applicant', 44, 'child5', 'lName', NULL, 8),
       (15, 'main_applicant', 50, 'child6', 1, 'child6', 'lName', NULL, 8),
       (16, 'child6', 1, 'main_applicant', 50, 'child6', 'lName', NULL, 8),
       (17, 'main_applicant', 20, 'spouse', 20, 'child1', 'lName', NULL, 8),
       (18, 'spouse', 20, 'main_applicant', 20, 'child1', 'lName', NULL, 8),
       (19, 'main_applicant', 26, 'spouse', 26, 'child2', 'lName', NULL, 8),
       (20, 'spouse', 26, 'main_applicant', 26, 'child2', 'lName', NULL, 8),
       (21, 'main_applicant', 32, 'spouse', 32, 'child3', 'lName', NULL, 8),
       (22, 'spouse', 32, 'main_applicant', 32, 'child3', 'lName', NULL, 8),
       (23, 'main_applicant', 38, 'spouse', 38, 'child4', 'lName', NULL, 8),
       (24, 'spouse', 38, 'main_applicant', 38, 'child4', 'lName', NULL, 8),
       (25, 'main_applicant', 44, 'spouse', 44, 'child5', 'lName', NULL, 8),
       (26, 'spouse', 44, 'main_applicant', 44, 'child5', 'lName', NULL, 8),
       (27, 'main_applicant', 50, 'spouse', 50, 'child6', 'lName', NULL, 8),
       (28, 'spouse', 50, 'main_applicant', 50, 'child6', 'lName', NULL, 8),
       (29, 'spouse', 20, 'child1', 1, 'child1', 'lName', NULL, 8),
       (30, 'child1', 1, 'spouse', 20, 'child1', 'lName', NULL, 8),
       (31, 'spouse', 26, 'child2', 1, 'child2', 'lName', NULL, 8),
       (32, 'child2', 1, 'spouse', 26, 'child2', 'lName', NULL, 8),
       (33, 'spouse', 32, 'child3', 1, 'child3', 'lName', NULL, 8),
       (34, 'child3', 1, 'spouse', 32, 'child3', 'lName', NULL, 8),
       (35, 'spouse', 38, 'child4', 1, 'child4', 'lName', NULL, 8),
       (36, 'child4', 1, 'spouse', 38, 'child4', 'lName', NULL, 8),
       (37, 'spouse', 44, 'child5', 1, 'child5', 'lName', NULL, 8),
       (38, 'child5', 1, 'spouse', 44, 'child5', 'lName', NULL, 8),
       (39, 'spouse', 50, 'child6', 1, 'child6', 'lName', NULL, 8),
       (40, 'child6', 1, 'spouse', 50, 'child6', 'lName', NULL, 8),
       (41, 'sibling1', 1, 'main_applicant', 56, 'sibling1', 'lName', NULL, 8),
       (42, 'main_applicant', 56, 'sibling1', 1, 'sibling1', 'lName', NULL, 8),
       (43, 'sibling2', 1, 'main_applicant', 62, 'sibling2', 'lName', NULL, 8),
       (44, 'main_applicant', 62, 'sibling2', 1, 'sibling2', 'lName', NULL, 8),
       (45, 'sibling3', 1, 'main_applicant', 68, 'sibling3', 'lName', NULL, 8),
       (46, 'main_applicant', 68, 'sibling3', 1, 'sibling3', 'lName', NULL, 8),
       (47, 'sibling4', 1, 'main_applicant', 74, 'sibling4', 'lName', NULL, 8),
       (48, 'main_applicant', 74, 'sibling4', 1, 'sibling4', 'lName', NULL, 8),
       (49, 'sibling5', 1, 'main_applicant', 80, 'sibling5', 'lName', NULL, 8),
       (50, 'main_applicant', 80, 'sibling5', 1, 'sibling5', 'lName', NULL, 8),
       (51, 'parent1', 1, 'main_applicant', 86, 'parent1', 'lName', NULL, 8),
       (52, 'main_applicant', 86, 'parent1', 1, 'parent1', 'lName', NULL, 8),
       (53, 'parent2', 1, 'main_applicant', 92, 'parent2', 'lName', NULL, 8),
       (54, 'main_applicant', 92, 'parent2', 1, 'parent2', 'lName', NULL, 8),
       (55, 'parent3', 1, 'main_applicant', 98, 'parent3', 'lName', NULL, 8),
       (56, 'main_applicant', 98, 'parent3', 1, 'parent3', 'lName', NULL, 8),
       (57, 'parent4', 1, 'main_applicant', 104, 'parent4', 'lName', NULL, 8),
       (58, 'main_applicant', 104, 'parent4', 1, 'parent4', 'lName', NULL, 8),
       (59, 'other1', 1, 'main_applicant', 110, 'other1', 'lName', NULL, 8),
       (60, 'main_applicant', 110, 'other1', 1, 'other1', 'lName', NULL, 8),
       (61, 'other2', 1, 'main_applicant', 116, 'other2', 'lName', NULL, 8),
       (62, 'main_applicant', 116, 'other2', 1, 'other2', 'lName', NULL, 8),
       (63, 'main_applicant', 2, 'spouse', 15, 'main_applicant', 'fName', NULL, 3),
       (64, 'spouse', 2, 'main_applicant', 15, 'spouse', 'fName', NULL, 3),
       (65, 'main_applicant', 15, 'spouse', 2, 'spouse', 'fName', NULL, 3),
       (66, 'spouse', 15, 'main_applicant', 2, 'main_applicant', 'fName', NULL, 3),
       (67, 'main_applicant', 21, 'child1', 2, 'child1', 'fName', NULL, 3),
       (68, 'child1', 2, 'main_applicant', 21, 'child1', 'fName', NULL, 3),
       (69, 'main_applicant', 27, 'child2', 2, 'child2', 'fName', NULL, 3),
       (70, 'child2', 2, 'main_applicant', 27, 'child2', 'fName', NULL, 3),
       (71, 'main_applicant', 33, 'child3', 2, 'child3', 'fName', NULL, 3),
       (72, 'child3', 2, 'main_applicant', 33, 'child3', 'fName', NULL, 3),
       (73, 'main_applicant', 39, 'child4', 2, 'child4', 'fName', NULL, 3),
       (74, 'child4', 2, 'main_applicant', 39, 'child4', 'fName', NULL, 3),
       (75, 'main_applicant', 45, 'child5', 2, 'child5', 'fName', NULL, 3),
       (76, 'child5', 2, 'main_applicant', 45, 'child5', 'fName', NULL, 3),
       (77, 'main_applicant', 51, 'child6', 2, 'child6', 'fName', NULL, 3),
       (78, 'child6', 2, 'main_applicant', 51, 'child6', 'fName', NULL, 3),
       (79, 'main_applicant', 21, 'spouse', 21, 'child1', 'fName', NULL, 3),
       (80, 'spouse', 21, 'main_applicant', 21, 'child1', 'fName', NULL, 3),
       (81, 'main_applicant', 27, 'spouse', 27, 'child2', 'fName', NULL, 3),
       (82, 'spouse', 27, 'main_applicant', 27, 'child2', 'fName', NULL, 3),
       (83, 'main_applicant', 33, 'spouse', 33, 'child3', 'fName', NULL, 3),
       (84, 'spouse', 33, 'main_applicant', 33, 'child3', 'fName', NULL, 3),
       (85, 'main_applicant', 39, 'spouse', 39, 'child4', 'fName', NULL, 3),
       (86, 'spouse', 39, 'main_applicant', 39, 'child4', 'fName', NULL, 3),
       (87, 'main_applicant', 45, 'spouse', 45, 'child5', 'fName', NULL, 3),
       (88, 'spouse', 45, 'main_applicant', 45, 'child5', 'fName', NULL, 3),
       (89, 'main_applicant', 51, 'spouse', 51, 'child5', 'fName', NULL, 3),
       (90, 'spouse', 51, 'main_applicant', 51, 'child5', 'fName', NULL, 3),
       (91, 'spouse', 21, 'child1', 2, 'child1', 'fName', NULL, 3),
       (92, 'child1', 2, 'spouse', 21, 'child1', 'fName', NULL, 3),
       (93, 'spouse', 27, 'child2', 2, 'child2', 'fName', NULL, 3),
       (94, 'child2', 2, 'spouse', 27, 'child2', 'fName', NULL, 3),
       (95, 'spouse', 33, 'child3', 2, 'child3', 'fName', NULL, 3),
       (96, 'child3', 2, 'spouse', 33, 'child3', 'fName', NULL, 3),
       (97, 'spouse', 39, 'child4', 2, 'child4', 'fName', NULL, 3),
       (98, 'child4', 2, 'spouse', 39, 'child4', 'fName', NULL, 3),
       (99, 'spouse', 45, 'child5', 2, 'child5', 'fName', NULL, 3),
       (100, 'child5', 2, 'spouse', 45, 'child5', 'fName', NULL, 3),
       (101, 'spouse', 51, 'child6', 2, 'child6', 'fName', NULL, 3),
       (102, 'child6', 2, 'spouse', 51, 'child6', 'fName', NULL, 3),
       (103, 'sibling1', 2, 'main_applicant', 57, 'sibling1', 'fName', NULL, 3),
       (104, 'main_applicant', 57, 'sibling1', 2, 'sibling1', 'fName', NULL, 3),
       (105, 'sibling2', 2, 'main_applicant', 63, 'sibling2', 'fName', NULL, 3),
       (106, 'main_applicant', 63, 'sibling2', 2, 'sibling2', 'fName', NULL, 3),
       (107, 'sibling3', 2, 'main_applicant', 69, 'sibling3', 'fName', NULL, 3),
       (108, 'main_applicant', 69, 'sibling3', 2, 'sibling3', 'fName', NULL, 3),
       (109, 'sibling4', 2, 'main_applicant', 75, 'sibling4', 'fName', NULL, 3),
       (110, 'main_applicant', 75, 'sibling4', 2, 'sibling4', 'fName', NULL, 3),
       (111, 'sibling5', 2, 'main_applicant', 81, 'sibling5', 'fName', NULL, 3),
       (112, 'main_applicant', 81, 'sibling5', 2, 'sibling5', 'fName', NULL, 3),
       (113, 'parent1', 2, 'main_applicant', 87, 'parent1', 'fName', NULL, 3),
       (114, 'main_applicant', 87, 'parent1', 2, 'parent1', 'fName', NULL, 3),
       (115, 'parent2', 2, 'main_applicant', 93, 'parent2', 'fName', NULL, 3),
       (116, 'main_applicant', 93, 'parent2', 2, 'parent2', 'fName', NULL, 3),
       (117, 'parent3', 2, 'main_applicant', 99, 'parent3', 'fName', NULL, 3),
       (118, 'main_applicant', 99, 'parent3', 2, 'parent3', 'fName', NULL, 3),
       (119, 'parent4', 2, 'main_applicant', 105, 'parent4', 'fName', NULL, 3),
       (120, 'main_applicant', 105, 'parent4', 2, 'parent4', 'fName', NULL, 3),
       (121, 'other1', 2, 'main_applicant', 111, 'other1', 'fName', NULL, 3),
       (122, 'main_applicant', 111, 'other1', 2, 'other1', 'fName', NULL, 3),
       (123, 'other2', 2, 'main_applicant', 117, 'other2', 'fName', NULL, 3),
       (124, 'main_applicant', 117, 'other2', 2, 'other2', 'fName', NULL, 3),
       (125, 'main_applicant', 4, 'spouse', 16, 'main_applicant', 'DOB', NULL, 3),
       (126, 'spouse', 4, 'main_applicant', 16, 'spouse', 'DOB', NULL, 3),
       (127, 'main_applicant', 16, 'spouse', 4, 'spouse', 'DOB', NULL, 3),
       (128, 'spouse', 16, 'main_applicant', 4, 'main_applicant', 'DOB', NULL, 3),
       (129, 'child1', 4, 'main_applicant', 22, 'child1', 'DOB', NULL, 3),
       (130, 'child1', 4, 'spouse', 22, 'child1', 'DOB', NULL, 3),
       (131, 'child2', 4, 'main_applicant', 28, 'child2', 'DOB', NULL, 3),
       (132, 'child2', 4, 'spouse', 28, 'child2', 'DOB', NULL, 3),
       (133, 'child3', 4, 'main_applicant', 34, 'child3', 'DOB', NULL, 3),
       (134, 'child3', 4, 'spouse', 34, 'child3', 'DOB', NULL, 3),
       (135, 'child4', 4, 'main_applicant', 40, 'child4', 'DOB', NULL, 3),
       (136, 'child4', 4, 'spouse', 40, 'child4', 'DOB', NULL, 3),
       (137, 'child5', 4, 'main_applicant', 46, 'child5', 'DOB', NULL, 3),
       (138, 'child5', 4, 'spouse', 46, 'child5', 'DOB', NULL, 3),
       (139, 'child6', 4, 'main_applicant', 52, 'child6', 'DOB', NULL, 3),
       (140, 'child6', 4, 'spouse', 52, 'child6', 'DOB', NULL, 3),
       (141, 'main_applicant', 22, 'spouse', 22, 'child1', 'DOB', NULL, 3),
       (142, 'main_applicant', 22, 'child1', 4, 'child1', 'DOB', NULL, 3),
       (143, 'spouse', 22, 'main_applicant', 22, 'child1', 'DOB', NULL, 3),
       (144, 'spouse', 22, 'child1', 4, 'child1', 'DOB', NULL, 3),
       (145, 'main_applicant', 28, 'spouse', 28, 'child2', 'DOB', NULL, 3),
       (146, 'main_applicant', 28, 'child2', 4, 'child2', 'DOB', NULL, 3),
       (147, 'spouse', 28, 'main_applicant', 28, 'child2', 'DOB', NULL, 3),
       (148, 'spouse', 28, 'child2', 4, 'child2', 'DOB', NULL, 3),
       (149, 'main_applicant', 34, 'spouse', 34, 'child3', 'DOB', NULL, 3),
       (150, 'main_applicant', 34, 'child3', 4, 'child3', 'DOB', NULL, 3),
       (151, 'spouse', 34, 'main_applicant', 34, 'child3', 'DOB', NULL, 3),
       (152, 'spouse', 34, 'child3', 4, 'child3', 'DOB', NULL, 3),
       (153, 'main_applicant', 40, 'spouse', 40, 'child4', 'DOB', NULL, 3),
       (154, 'main_applicant', 40, 'child4', 4, 'child4', 'DOB', NULL, 3),
       (155, 'spouse', 40, 'main_applicant', 40, 'child4', 'DOB', NULL, 3),
       (156, 'spouse', 40, 'child4', 4, 'child4', 'DOB', NULL, 3),
       (157, 'main_applicant', 46, 'spouse', 46, 'child5', 'DOB', NULL, 3),
       (158, 'main_applicant', 46, 'child5', 4, 'child5', 'DOB', NULL, 3),
       (159, 'spouse', 46, 'main_applicant', 46, 'child5', 'DOB', NULL, 3),
       (160, 'spouse', 46, 'child5', 4, 'child5', 'DOB', NULL, 3),
       (161, 'main_applicant', 52, 'spouse', 52, 'child6', 'DOB', NULL, 3),
       (162, 'main_applicant', 52, 'child6', 4, 'child6', 'DOB', NULL, 3),
       (163, 'spouse', 52, 'main_applicant', 52, 'child6', 'DOB', NULL, 3),
       (164, 'spouse', 52, 'child6', 4, 'child6', 'DOB', NULL, 3),
       (165, 'sibling1', 4, 'main_applicant', 58, 'sibling1', 'DOB', NULL, 3),
       (166, 'main_applicant', 58, 'sibling1', 4, 'sibling1', 'DOB', NULL, 3),
       (167, 'sibling2', 4, 'main_applicant', 64, 'sibling2', 'DOB', NULL, 3),
       (168, 'main_applicant', 64, 'sibling2', 4, 'sibling2', 'DOB', NULL, 3),
       (169, 'sibling3', 4, 'main_applicant', 70, 'sibling3', 'DOB', NULL, 3),
       (170, 'main_applicant', 70, 'sibling3', 4, 'sibling3', 'DOB', NULL, 3),
       (171, 'sibling4', 4, 'main_applicant', 76, 'sibling4', 'DOB', NULL, 3),
       (172, 'main_applicant', 76, 'sibling4', 4, 'sibling4', 'DOB', NULL, 3),
       (173, 'sibling5', 4, 'main_applicant', 82, 'sibling5', 'DOB', NULL, 3),
       (174, 'main_applicant', 82, 'sibling5', 4, 'sibling5', 'DOB', NULL, 3),
       (175, 'parent1', 4, 'main_applicant', 88, 'parent1', 'DOB', NULL, 3),
       (176, 'main_applicant', 88, 'parent1', 4, 'parent1', 'DOB', NULL, 3),
       (177, 'parent2', 4, 'main_applicant', 94, 'parent2', 'DOB', NULL, 3),
       (178, 'main_applicant', 94, 'parent2', 4, 'parent2', 'DOB', NULL, 3),
       (179, 'parent3', 4, 'main_applicant', 100, 'parent3', 'DOB', NULL, 3),
       (180, 'main_applicant', 100, 'parent3', 4, 'parent3', 'DOB', NULL, 3),
       (181, 'parent4', 4, 'main_applicant', 106, 'parent4', 'DOB', NULL, 3),
       (182, 'main_applicant', 106, 'parent4', 4, 'parent4', 'DOB', NULL, 3),
       (183, 'other1', 4, 'main_applicant', 112, 'other1', 'DOB', NULL, 3),
       (184, 'main_applicant', 112, 'other1', 4, 'other1', 'DOB', NULL, 3),
       (185, 'other2', 4, 'main_applicant', 118, 'other2', 'DOB', NULL, 3),
       (186, 'main_applicant', 118, 'other2', 4, 'other2', 'DOB', NULL, 3),
       (187, 'main_applicant', 13, 'spouse', 18, 'main_applicant', 'passport_expiry_date', NULL, 3),
       (188, 'spouse', 13, 'main_applicant', 18, 'spouse', 'passport_date', NULL, 3),
       (189, 'main_applicant', 18, 'spouse', 13, 'spouse', 'passport_date', NULL, 3),
       (190, 'spouse', 18, 'main_applicant', 13, 'main_applicant', 'passport_expiry_date', NULL, 3),
       (191, 'child1', 13, 'main_applicant', 24, 'child1', 'passport_date', NULL, 3),
       (192, 'child1', 13, 'spouse', 24, 'child1', 'passport_date', NULL, 3),
       (193, 'child2', 13, 'main_applicant', 30, 'child2', 'passport_date', NULL, 3),
       (194, 'child2', 13, 'spouse', 30, 'child2', 'passport_date', NULL, 3),
       (195, 'child3', 13, 'main_applicant', 36, 'child3', 'passport_date', NULL, 3),
       (196, 'child3', 13, 'spouse', 36, 'child3', 'passport_date', NULL, 3),
       (197, 'child4', 13, 'main_applicant', 42, 'child4', 'passport_date', NULL, 3),
       (198, 'child4', 13, 'spouse', 42, 'child4', 'passport_date', NULL, 3),
       (199, 'child5', 13, 'main_applicant', 48, 'child5', 'passport_date', NULL, 3),
       (200, 'child5', 13, 'spouse', 48, 'child5', 'passport_date', NULL, 3),
       (201, 'child6', 13, 'main_applicant', 54, 'child6', 'passport_date', NULL, 3),
       (202, 'child6', 13, 'spouse', 54, 'child6', 'passport_date', NULL, 3),
       (203, 'main_applicant', 24, 'spouse', 24, 'child1', 'passport_date', NULL, 3),
       (204, 'main_applicant', 24, 'child1', 13, 'child1', 'passport_date', NULL, 3),
       (205, 'spouse', 24, 'main_applicant', 24, 'child1', 'passport_date', NULL, 3),
       (206, 'spouse', 24, 'child1', 13, 'child1', 'passport_date', NULL, 3),
       (207, 'main_applicant', 30, 'spouse', 30, 'child2', 'passport_date', NULL, 3),
       (208, 'main_applicant', 30, 'child2', 13, 'child2', 'passport_date', NULL, 3),
       (209, 'spouse', 30, 'main_applicant', 30, 'child2', 'passport_date', NULL, 3),
       (210, 'spouse', 30, 'child2', 13, 'child2', 'passport_date', NULL, 3),
       (211, 'main_applicant', 36, 'spouse', 36, 'child3', 'passport_date', NULL, 3),
       (212, 'main_applicant', 36, 'child3', 13, 'child3', 'passport_date', NULL, 3),
       (213, 'spouse', 36, 'main_applicant', 36, 'child3', 'passport_date', NULL, 3),
       (214, 'spouse', 36, 'child3', 13, 'child3', 'passport_date', NULL, 3),
       (215, 'main_applicant', 42, 'spouse', 42, 'child4', 'passport_date', NULL, 3),
       (216, 'main_applicant', 42, 'child4', 13, 'child4', 'passport_date', NULL, 3),
       (217, 'spouse', 42, 'main_applicant', 42, 'child4', 'passport_date', NULL, 3),
       (218, 'spouse', 42, 'child4', 13, 'child4', 'passport_date', NULL, 3),
       (219, 'main_applicant', 48, 'spouse', 48, 'child5', 'passport_date', NULL, 3),
       (220, 'main_applicant', 48, 'child5', 13, 'child5', 'passport_date', NULL, 3),
       (221, 'spouse', 48, 'main_applicant', 48, 'child5', 'passport_date', NULL, 3),
       (222, 'spouse', 48, 'child5', 13, 'child5', 'passport_date', NULL, 3),
       (223, 'main_applicant', 54, 'spouse', 54, 'child6', 'passport_date', NULL, 3),
       (224, 'main_applicant', 54, 'child6', 13, 'child6', 'passport_date', NULL, 3),
       (225, 'spouse', 54, 'main_applicant', 54, 'child6', 'passport_date', NULL, 3),
       (226, 'spouse', 54, 'child6', 13, 'child6', 'passport_date', NULL, 3),
       (227, 'sibling1', 13, 'main_applicant', 60, 'sibling1', 'passport_date', NULL, 3),
       (228, 'main_applicant', 60, 'sibling1', 13, 'sibling1', 'passport_date', NULL, 3),
       (229, 'sibling2', 13, 'main_applicant', 66, 'sibling2', 'passport_date', NULL, 3),
       (230, 'main_applicant', 66, 'sibling2', 13, 'sibling2', 'passport_date', NULL, 3),
       (231, 'sibling3', 13, 'main_applicant', 72, 'sibling3', 'passport_date', NULL, 3),
       (232, 'main_applicant', 72, 'sibling3', 13, 'sibling3', 'passport_date', NULL, 3),
       (233, 'sibling4', 13, 'main_applicant', 78, 'sibling4', 'passport_date', NULL, 3),
       (234, 'main_applicant', 78, 'sibling4', 13, 'sibling4', 'passport_date', NULL, 3),
       (235, 'sibling5', 13, 'main_applicant', 84, 'sibling5', 'passport_date', NULL, 3),
       (236, 'main_applicant', 84, 'sibling5', 13, 'sibling5', 'passport_date', NULL, 3),
       (237, 'parent1', 13, 'main_applicant', 90, 'parent1', 'passport_date', NULL, 3),
       (238, 'main_applicant', 90, 'parent1', 13, 'parent1', 'passport_date', NULL, 3),
       (239, 'parent2', 13, 'main_applicant', 96, 'parent2', 'passport_date', NULL, 3),
       (240, 'main_applicant', 96, 'parent2', 13, 'parent2', 'passport_date', NULL, 3),
       (241, 'parent3', 13, 'main_applicant', 102, 'parent3', 'passport_date', NULL, 3),
       (242, 'main_applicant', 102, 'parent3', 13, 'parent3', 'passport_date', NULL, 3),
       (243, 'parent4', 13, 'main_applicant', 108, 'parent4', 'passport_date', NULL, 3),
       (244, 'main_applicant', 108, 'parent4', 13, 'parent4', 'passport_date', NULL, 3),
       (245, 'other1', 13, 'main_applicant', 114, 'other1', 'passport_date', NULL, 3),
       (246, 'main_applicant', 114, 'other1', 13, 'other1', 'passport_date', NULL, 3),
       (247, 'other2', 13, 'main_applicant', 120, 'other2', 'passport_date', NULL, 3),
       (248, 'main_applicant', 120, 'other2', 13, 'other2', 'passport_date', NULL, 3),
       (249, 'main_applicant', 123, 'spouse', 17, 'main_applicant', 'migrating', NULL, 3),
       (250, 'spouse', 123, 'main_applicant', 17, 'spouse', 'migrating', NULL, 3),
       (251, 'main_applicant', 17, 'spouse', 123, 'spouse', 'migrating', NULL, 3),
       (252, 'spouse', 17, 'main_applicant', 123, 'main_applicant', 'migrating', NULL, 3),
       (253, 'main_applicant', 23, 'spouse', 23, 'child1', 'migrating', NULL, 3),
       (254, 'spouse', 23, 'main_applicant', 23, 'child1', 'migrating', NULL, 3),
       (255, 'main_applicant', 29, 'spouse', 29, 'child2', 'migrating', NULL, 3),
       (256, 'spouse', 29, 'main_applicant', 29, 'child2', 'migrating', NULL, 3),
       (257, 'main_applicant', 35, 'spouse', 35, 'child3', 'migrating', NULL, 3),
       (258, 'spouse', 35, 'main_applicant', 35, 'child3', 'migrating', NULL, 3),
       (259, 'main_applicant', 41, 'spouse', 41, 'child4', 'migrating', NULL, 3),
       (260, 'spouse', 41, 'main_applicant', 41, 'child4', 'migrating', NULL, 3),
       (261, 'main_applicant', 47, 'spouse', 47, 'child5', 'migrating', NULL, 3),
       (262, 'spouse', 47, 'main_applicant', 47, 'child5', 'migrating', NULL, 3),
       (263, 'main_applicant', 53, 'spouse', 53, 'child6', 'migrating', NULL, 3),
       (264, 'spouse', 53, 'main_applicant', 53, 'child6', 'migrating', NULL, 3),
       (265, 'main_applicant', 59, 'spouse', 59, 'sibling1', 'migrating', NULL, 3),
       (266, 'spouse', 59, 'main_applicant', 59, 'sibling1', 'migrating', NULL, 3),
       (267, 'main_applicant', 65, 'spouse', 65, 'sibling2', 'migrating', NULL, 3),
       (268, 'spouse', 65, 'main_applicant', 65, 'sibling2', 'migrating', NULL, 3),
       (269, 'main_applicant', 71, 'spouse', 71, 'sibling3', 'migrating', NULL, 3),
       (270, 'spouse', 71, 'main_applicant', 71, 'sibling3', 'migrating', NULL, 3),
       (271, 'main_applicant', 77, 'spouse', 77, 'sibling4', 'migrating', NULL, 3),
       (272, 'spouse', 77, 'main_applicant', 77, 'sibling4', 'migrating', NULL, 3),
       (273, 'main_applicant', 83, 'spouse', 83, 'sibling5', 'migrating', NULL, 3),
       (274, 'spouse', 83, 'main_applicant', 83, 'sibling5', 'migrating', NULL, 3),
       (275, 'main_applicant', 89, 'spouse', 89, 'parent1', 'migrating', NULL, 3),
       (276, 'spouse', 89, 'main_applicant', 89, 'parent1', 'migrating', NULL, 3),
       (277, 'main_applicant', 95, 'spouse', 95, 'parent2', 'migrating', NULL, 3),
       (278, 'spouse', 95, 'main_applicant', 95, 'parent2', 'migrating', NULL, 3),
       (279, 'main_applicant', 101, 'spouse', 101, 'parent3', 'migrating', NULL, 3),
       (280, 'spouse', 101, 'main_applicant', 101, 'parent3', 'migrating', NULL, 3),
       (281, 'main_applicant', 107, 'spouse', 107, 'parent4', 'migrating', NULL, 3),
       (282, 'spouse', 107, 'main_applicant', 107, 'parent4', 'migrating', NULL, 3),
       (283, 'main_applicant', 113, 'spouse', 113, 'other1', 'migrating', NULL, 3),
       (284, 'spouse', 113, 'main_applicant', 113, 'other1', 'migrating', NULL, 3),
       (285, 'main_applicant', 119, 'spouse', 119, 'other2', 'migrating', NULL, 3),
       (286, 'spouse', 119, 'main_applicant', 119, 'other2', 'migrating', NULL, 3),
       (287, 'main_applicant', 122, 'spouse', 19, 'main_applicant', 'medical_expiration_date', NULL, 3),
       (288, 'spouse', 122, 'main_applicant', 19, 'spouse', 'medical_expiration_date', NULL, 3),
       (289, 'main_applicant', 19, 'spouse', 122, 'spouse', 'medical_expiration_date', NULL, 3),
       (290, 'spouse', 19, 'main_applicant', 122, 'main_applicant', 'medical_expiration_date', NULL, 3),
       (291, 'main_applicant', 25, 'spouse', 25, 'child1', 'medical_expiration_date', NULL, 3),
       (292, 'spouse', 25, 'main_applicant', 25, 'child1', 'medical_expiration_date', NULL, 3),
       (293, 'main_applicant', 31, 'spouse', 31, 'child2', 'medical_expiration_date', NULL, 3),
       (294, 'spouse', 31, 'main_applicant', 31, 'child2', 'medical_expiration_date', NULL, 3),
       (295, 'main_applicant', 37, 'spouse', 37, 'child3', 'medical_expiration_date', NULL, 3),
       (296, 'spouse', 37, 'main_applicant', 37, 'child3', 'medical_expiration_date', NULL, 3),
       (297, 'main_applicant', 43, 'spouse', 43, 'child4', 'medical_expiration_date', NULL, 3),
       (298, 'spouse', 43, 'main_applicant', 43, 'child4', 'medical_expiration_date', NULL, 3),
       (299, 'main_applicant', 49, 'spouse', 49, 'child5', 'medical_expiration_date', NULL, 3),
       (300, 'spouse', 49, 'main_applicant', 49, 'child5', 'medical_expiration_date', NULL, 3),
       (301, 'main_applicant', 55, 'spouse', 55, 'child6', 'medical_expiration_date', NULL, 3),
       (302, 'spouse', 55, 'main_applicant', 55, 'child6', 'medical_expiration_date', NULL, 3),
       (303, 'main_applicant', 61, 'spouse', 61, 'sibling1', 'medical_expiration_date', NULL, 3),
       (304, 'spouse', 61, 'main_applicant', 61, 'sibling1', 'medical_expiration_date', NULL, 3),
       (305, 'main_applicant', 67, 'spouse', 67, 'sibling2', 'medical_expiration_date', NULL, 3),
       (306, 'spouse', 67, 'main_applicant', 67, 'sibling2', 'medical_expiration_date', NULL, 3),
       (307, 'main_applicant', 73, 'spouse', 73, 'sibling3', 'medical_expiration_date', NULL, 3),
       (308, 'spouse', 73, 'main_applicant', 73, 'sibling3', 'medical_expiration_date', NULL, 3),
       (309, 'main_applicant', 79, 'spouse', 79, 'sibling4', 'medical_expiration_date', NULL, 3),
       (310, 'spouse', 79, 'main_applicant', 79, 'sibling4', 'medical_expiration_date', NULL, 3),
       (311, 'main_applicant', 85, 'spouse', 85, 'sibling5', 'medical_expiration_date', NULL, 3),
       (312, 'spouse', 85, 'main_applicant', 85, 'sibling5', 'medical_expiration_date', NULL, 3),
       (313, 'main_applicant', 91, 'spouse', 91, 'parent1', 'medical_expiration_date', NULL, 3),
       (314, 'spouse', 91, 'main_applicant', 91, 'parent1', 'medical_expiration_date', NULL, 3),
       (315, 'main_applicant', 97, 'spouse', 97, 'parent2', 'medical_expiration_date', NULL, 3),
       (316, 'spouse', 97, 'main_applicant', 97, 'parent2', 'medical_expiration_date', NULL, 3),
       (317, 'main_applicant', 103, 'spouse', 103, 'parent3', 'medical_expiration_date', NULL, 3),
       (318, 'spouse', 103, 'main_applicant', 103, 'parent3', 'medical_expiration_date', NULL, 3),
       (319, 'main_applicant', 109, 'spouse', 109, 'parent4', 'medical_expiration_date', NULL, 3),
       (320, 'spouse', 109, 'main_applicant', 109, 'parent4', 'medical_expiration_date', NULL, 3),
       (321, 'main_applicant', 115, 'spouse', 115, 'other1', 'medical_expiration_date', NULL, 3),
       (322, 'spouse', 115, 'main_applicant', 115, 'other1', 'medical_expiration_date', NULL, 3),
       (323, 'main_applicant', 121, 'spouse', 121, 'other2', 'medical_expiration_date', NULL, 3),
       (324, 'spouse', 121, 'main_applicant', 121, 'other2', 'medical_expiration_date', NULL, 3),
       (325, 'main_applicant', 3, 'main_applicant', 3, 'main_applicant', 'sex', NULL, 3),
       (326, 'main_applicant', 5, 'main_applicant', 5, 'main_applicant', 'country_of_birth', NULL, 3),
       (327, 'main_applicant', 6, 'main_applicant', 6, 'main_applicant', 'relationship_status', NULL, 3),
       (328, 'main_applicant', 7, 'main_applicant', 7, 'main_applicant', 'country_of_residence', NULL, 3),
       (329, 'main_applicant', 8, 'main_applicant', 8, 'main_applicant', 'passport_number', NULL, 3),
       (330, 'main_applicant', 9, 'main_applicant', 9, 'main_applicant', 'country_of_passport', NULL, 3),
       (331, 'main_applicant', 10, 'main_applicant', 10, 'main_applicant', 'nationality', NULL, 3),
       (332, 'main_applicant', 11, 'main_applicant', 11, 'main_applicant', 'passport_issuing_authority', NULL, 3),
       (333, 'main_applicant', 12, 'main_applicant', 12, 'main_applicant', 'passport_issue_date', NULL, 3),
       (334, 'main_applicant', 124, 'main_applicant', 124, 'main_applicant', 'other_names', NULL, 3),
       (335, 'main_applicant', 125, 'main_applicant', 125, 'main_applicant', 'current_visa', NULL, 3),
       (336, 'main_applicant', 126, 'main_applicant', 126, 'main_applicant', 'visa_expiry_date', NULL, 3),
       (337, 'main_applicant', 127, 'main_applicant', 127, 'main_applicant', 'address_1', NULL, 8),
       (338, 'main_applicant', 128, 'main_applicant', 128, 'main_applicant', 'address_2', NULL, 8),
       (339, 'main_applicant', 129, 'main_applicant', 129, 'main_applicant', 'city', NULL, 8),
       (340, 'main_applicant', 130, 'main_applicant', 130, 'main_applicant', 'state', NULL, 8),
       (341, 'main_applicant', 131, 'main_applicant', 131, 'main_applicant', 'zip_code', NULL, 8),
       (342, 'main_applicant', 132, 'main_applicant', 132, 'main_applicant', 'country', 'country', 8),
       (343, 'main_applicant', 133, 'main_applicant', 133, 'main_applicant', 'phone_main', NULL, 8),
       (344, 'main_applicant', 134, 'main_applicant', 134, 'main_applicant', 'phone_secondary', NULL, 3),
       (346, 'main_applicant', 136, 'main_applicant', 136, 'main_applicant', 'email_1', NULL, 3),
       (347, 'main_applicant', 137, 'main_applicant', 137, 'main_applicant', 'registered_migrant_agent_family_name',
        NULL, 3),
       (348, 'main_applicant', 138, 'main_applicant', 138, 'main_applicant', 'registered_migrant_agent_given_name',
        NULL, 3),
       (349, 'main_applicant', 139, 'main_applicant', 139, 'main_applicant', 'registered_migrant_agent_marn', NULL, 3),
       (350, 'main_applicant', 140, 'main_applicant', 140, 'main_applicant', 'dependant1_family_name', NULL, 3),
       (351, 'main_applicant', 141, 'main_applicant', 141, 'main_applicant', 'dependant2_family_name', NULL, 3),
       (352, 'main_applicant', 142, 'main_applicant', 142, 'main_applicant', 'dependant3_family_name', NULL, 3),
       (353, 'main_applicant', 143, 'main_applicant', 143, 'main_applicant', 'dependant4_family_name', NULL, 3),
       (354, 'main_applicant', 144, 'main_applicant', 144, 'main_applicant', 'dependant5_family_name', NULL, 3),
       (355, 'main_applicant', 145, 'main_applicant', 145, 'main_applicant', 'dependant1_given_name', NULL, 3),
       (356, 'main_applicant', 146, 'main_applicant', 146, 'main_applicant', 'dependant2_given_name', NULL, 3),
       (357, 'main_applicant', 147, 'main_applicant', 147, 'main_applicant', 'dependant3_given_name', NULL, 3),
       (358, 'main_applicant', 148, 'main_applicant', 148, 'main_applicant', 'dependant4_given_name', NULL, 3),
       (359, 'main_applicant', 149, 'main_applicant', 149, 'main_applicant', 'dependant5_given_name', NULL, 3),
       (360, 'main_applicant', 150, 'main_applicant', 150, 'main_applicant', 'visa_subclass', NULL, 3),
       (361, 'main_applicant', 151, 'main_applicant', 151, 'main_applicant', 'current_visa', NULL, 3),
       (362, 'main_applicant', 372, 'spouse', 372, NULL, '', NULL, 3),
       (363, 'spouse', 372, 'main_applicant', 372, NULL, '', NULL, 3),
       (364, 'main_applicant', 375, 'spouse', 375, NULL, '', NULL, 3),
       (365, 'spouse', 375, 'main_applicant', 375, NULL, '', NULL, 3),
       (366, 'main_applicant', 376, 'spouse', 376, NULL, '', NULL, 3),
       (367, 'spouse', 376, 'main_applicant', 376, NULL, '', NULL, 3),
       (368, 'main_applicant', 373, 'spouse', 373, NULL, '', NULL, 3),
       (369, 'spouse', 373, 'main_applicant', 373, NULL, '', NULL, 3),
       (370, 'main_applicant', 374, 'spouse', 374, NULL, '', NULL, 3),
       (371, 'spouse', 374, 'main_applicant', 374, NULL, '', NULL, 3),
       (372, 'main_applicant', 616, 'spouse', 616, NULL, '', NULL, 3),
       (373, 'spouse', 616, 'main_applicant', 616, NULL, '', NULL, 3),
       (374, 'main_applicant', 617, 'spouse', 617, NULL, '', NULL, 3),
       (375, 'spouse', 617, 'main_applicant', 617, NULL, '', NULL, 3),
       (376, 'main_applicant', 618, 'spouse', 618, NULL, '', NULL, 3),
       (377, 'spouse', 618, 'main_applicant', 618, NULL, '', NULL, 3),
       (378, 'main_applicant', 619, 'spouse', 619, NULL, '', NULL, 3),
       (379, 'spouse', 619, 'main_applicant', 619, NULL, '', NULL, 3),
       (380, 'main_applicant', 620, 'spouse', 620, NULL, '', NULL, 3),
       (381, 'spouse', 620, 'main_applicant', 620, NULL, '', NULL, 3),
       (382, 'main_applicant', 621, 'spouse', 621, NULL, '', NULL, 3),
       (383, 'spouse', 621, 'main_applicant', 621, NULL, '', NULL, 3),
       (384, 'main_applicant', 622, 'spouse', 622, NULL, '', NULL, 3),
       (385, 'spouse', 622, 'main_applicant', 622, NULL, '', NULL, 3),
       (386, 'main_applicant', 623, 'spouse', 623, NULL, '', NULL, 3),
       (387, 'spouse', 623, 'main_applicant', 623, NULL, '', NULL, 3),
       (388, 'main_applicant', 624, 'spouse', 624, NULL, '', NULL, 3),
       (389, 'spouse', 624, 'main_applicant', 624, NULL, '', NULL, 3),
       (390, 'main_applicant', 625, 'spouse', 625, NULL, '', NULL, 3),
       (391, 'spouse', 625, 'main_applicant', 625, NULL, '', NULL, 3),
       (392, 'main_applicant', 885, 'spouse', 885, '', '', NULL, 3),
       (393, 'spouse', 885, 'main_applicant', 885, '', '', NULL, 3),
       (394, 'main_applicant', 6, 'spouse', 6, '', '', NULL, 3),
       (395, 'spouse', 6, 'main_applicant', 6, '', '', NULL, 3),
       (396, 'main_applicant', 860, 'spouse', 860, '', '', NULL, 3),
       (397, 'spouse', 860, 'main_applicant', 860, '', '', NULL, 3),
       (398, 'main_applicant', 882, 'spouse', 882, '', '', NULL, 3),
       (399, 'spouse', 882, 'main_applicant', 882, '', '', NULL, 3),
       (400, 'main_applicant', 915, 'spouse', 915, '', '', NULL, 3),
       (401, 'spouse', 915, 'main_applicant', 915, '', '', NULL, 3),
       (402, 'main_applicant', 955, 'spouse', 955, '', '', NULL, 3),
       (403, 'spouse', 955, 'main_applicant', 955, '', '', NULL, 3),
       (404, 'main_applicant', 954, 'spouse', 954, '', '', NULL, 3),
       (405, 'spouse', 954, 'main_applicant', 954, '', '', NULL, 3),
       (406, 'main_applicant', 953, 'spouse', 953, '', '', NULL, 3),
       (407, 'spouse', 953, 'main_applicant', 953, '', '', NULL, 3),
       (408, 'main_applicant', 952, 'spouse', 952, '', '', NULL, 3),
       (409, 'spouse', 952, 'main_applicant', 952, '', '', NULL, 3),
       (410, 'main_applicant', 951, 'spouse', 951, '', '', NULL, 3),
       (411, 'spouse', 951, 'main_applicant', 951, '', '', NULL, 3),
       (412, 'main_applicant', 950, 'spouse', 950, '', '', NULL, 3),
       (413, 'spouse', 950, 'main_applicant', 950, '', '', NULL, 3),
       (414, 'main_applicant', 949, 'spouse', 949, '', '', NULL, 3),
       (415, 'spouse', 949, 'main_applicant', 949, '', '', NULL, 3),
       (416, 'main_applicant', 948, 'spouse', 948, '', '', NULL, 3),
       (417, 'spouse', 948, 'main_applicant', 948, '', '', NULL, 3),
       (418, 'main_applicant', 947, 'spouse', 947, '', '', NULL, 3),
       (419, 'spouse', 947, 'main_applicant', 947, '', '', NULL, 3),
       (420, 'main_applicant', 946, 'spouse', 946, '', '', NULL, 3),
       (421, 'spouse', 946, 'main_applicant', 946, '', '', NULL, 3),
       (422, 'main_applicant', 945, 'spouse', 945, '', '', NULL, 3),
       (423, 'spouse', 945, 'main_applicant', 945, '', '', NULL, 3),
       (424, 'main_applicant', 944, 'spouse', 944, '', '', NULL, 3),
       (425, 'spouse', 944, 'main_applicant', 944, '', '', NULL, 3),
       (426, 'main_applicant', 943, 'spouse', 943, '', '', NULL, 3),
       (427, 'spouse', 943, 'main_applicant', 943, '', '', NULL, 3),
       (428, 'main_applicant', 942, 'spouse', 942, '', '', NULL, 3),
       (429, 'spouse', 942, 'main_applicant', 942, '', '', NULL, 3),
       (430, 'main_applicant', 941, 'spouse', 941, '', '', NULL, 3),
       (431, 'spouse', 941, 'main_applicant', 941, '', '', NULL, 3),
       (432, 'main_applicant', 940, 'spouse', 940, '', '', NULL, 3),
       (433, 'spouse', 940, 'main_applicant', 940, '', '', NULL, 3),
       (434, 'main_applicant', 939, 'spouse', 939, '', '', NULL, 3),
       (435, 'spouse', 939, 'main_applicant', 939, '', '', NULL, 3),
       (436, 'main_applicant', 938, 'spouse', 938, '', '', NULL, 3),
       (437, 'spouse', 938, 'main_applicant', 938, '', '', NULL, 3),
       (438, 'main_applicant', 937, 'spouse', 937, '', '', NULL, 3),
       (439, 'spouse', 937, 'main_applicant', 937, '', '', NULL, 3),
       (440, 'main_applicant', 936, 'spouse', 936, '', '', NULL, 3),
       (441, 'spouse', 936, 'main_applicant', 936, '', '', NULL, 3),
       (442, 'main_applicant', 935, 'spouse', 935, '', '', NULL, 3),
       (443, 'spouse', 935, 'main_applicant', 935, '', '', NULL, 3),
       (444, 'main_applicant', 934, 'spouse', 934, '', '', NULL, 3),
       (445, 'spouse', 934, 'main_applicant', 934, '', '', NULL, 3),
       (446, 'main_applicant', 933, 'spouse', 933, '', '', NULL, 3),
       (447, 'spouse', 933, 'main_applicant', 933, '', '', NULL, 3),
       (448, 'main_applicant', 932, 'spouse', 932, '', '', NULL, 3),
       (449, 'spouse', 932, 'main_applicant', 932, '', '', NULL, 3),
       (450, 'main_applicant', 931, 'spouse', 931, '', '', NULL, 3),
       (451, 'spouse', 931, 'main_applicant', 931, '', '', NULL, 3),
       (452, 'main_applicant', 930, 'spouse', 930, '', '', NULL, 3),
       (453, 'spouse', 930, 'main_applicant', 930, '', '', NULL, 3),
       (454, 'main_applicant', 929, 'spouse', 929, '', '', NULL, 3),
       (455, 'spouse', 929, 'main_applicant', 929, '', '', NULL, 3),
       (456, 'main_applicant', 928, 'spouse', 928, '', '', NULL, 3),
       (457, 'spouse', 928, 'main_applicant', 928, '', '', NULL, 3),
       (458, 'main_applicant', 927, 'spouse', 927, '', '', NULL, 3),
       (459, 'spouse', 927, 'main_applicant', 927, '', '', NULL, 3),
       (460, 'main_applicant', 926, 'spouse', 926, '', '', NULL, 3),
       (461, 'spouse', 926, 'main_applicant', 926, '', '', NULL, 3),
       (462, 'main_applicant', 925, 'spouse', 925, '', '', NULL, 3),
       (463, 'spouse', 925, 'main_applicant', 925, '', '', NULL, 3),
       (464, 'main_applicant', 924, 'spouse', 924, '', '', NULL, 3),
       (465, 'spouse', 924, 'main_applicant', 924, '', '', NULL, 3),
       (466, 'main_applicant', 923, 'spouse', 923, '', '', NULL, 3),
       (467, 'spouse', 923, 'main_applicant', 923, '', '', NULL, 3),
       (468, 'main_applicant', 922, 'spouse', 922, '', '', NULL, 3),
       (469, 'spouse', 922, 'main_applicant', 922, '', '', NULL, 3),
       (470, 'main_applicant', 921, 'spouse', 921, '', '', NULL, 3),
       (471, 'spouse', 921, 'main_applicant', 921, '', '', NULL, 3),
       (472, 'main_applicant', 920, 'spouse', 920, '', '', NULL, 3),
       (473, 'spouse', 920, 'main_applicant', 920, '', '', NULL, 3),
       (474, 'main_applicant', 919, 'spouse', 919, '', '', NULL, 3),
       (475, 'spouse', 919, 'main_applicant', 919, '', '', NULL, 3),
       (476, 'main_applicant', 918, 'spouse', 918, '', '', NULL, 3),
       (477, 'spouse', 918, 'main_applicant', 918, '', '', NULL, 3),
       (478, 'main_applicant', 917, 'spouse', 917, '', '', NULL, 3),
       (479, 'spouse', 917, 'main_applicant', 917, '', '', NULL, 3),
       (480, 'main_applicant', 916, 'spouse', 916, '', '', NULL, 3),
       (481, 'spouse', 916, 'main_applicant', 916, '', '', NULL, 3),
       (482, 'main_applicant', 915, 'spouse', 915, '', '', NULL, 3),
       (483, 'spouse', 915, 'main_applicant', 915, '', '', NULL, 3),
       (484, 'main_applicant', 914, 'spouse', 914, '', '', NULL, 3),
       (485, 'spouse', 914, 'main_applicant', 914, '', '', NULL, 3),
       (486, 'main_applicant', 913, 'spouse', 913, '', '', NULL, 3),
       (487, 'spouse', 913, 'main_applicant', 913, '', '', NULL, 3),
       (488, 'main_applicant', 912, 'spouse', 912, '', '', NULL, 3),
       (489, 'spouse', 912, 'main_applicant', 912, '', '', NULL, 3),
       (490, 'main_applicant', 911, 'spouse', 911, '', '', NULL, 3),
       (491, 'spouse', 911, 'main_applicant', 911, '', '', NULL, 3),
       (492, 'main_applicant', 910, 'spouse', 910, '', '', NULL, 3),
       (493, 'spouse', 910, 'main_applicant', 910, '', '', NULL, 3),
       (494, 'main_applicant', 909, 'spouse', 909, '', '', NULL, 3),
       (495, 'spouse', 909, 'main_applicant', 909, '', '', NULL, 3),
       (496, 'main_applicant', 908, 'spouse', 908, '', '', NULL, 3),
       (497, 'spouse', 908, 'main_applicant', 908, '', '', NULL, 3),
       (498, 'main_applicant', 907, 'spouse', 907, '', '', NULL, 3),
       (499, 'spouse', 907, 'main_applicant', 907, '', '', NULL, 3),
       (500, 'main_applicant', 906, 'spouse', 906, '', '', NULL, 3),
       (501, 'spouse', 906, 'main_applicant', 906, '', '', NULL, 3),
       (502, 'main_applicant', 905, 'spouse', 905, '', '', NULL, 3),
       (503, 'spouse', 905, 'main_applicant', 905, '', '', NULL, 3),
       (504, 'main_applicant', 904, 'spouse', 904, '', '', NULL, 3),
       (505, 'spouse', 904, 'main_applicant', 904, '', '', NULL, 3),
       (506, 'main_applicant', 903, 'spouse', 903, '', '', NULL, 3),
       (507, 'spouse', 903, 'main_applicant', 903, '', '', NULL, 3),
       (508, 'main_applicant', 902, 'spouse', 902, '', '', NULL, 3),
       (509, 'spouse', 902, 'main_applicant', 902, '', '', NULL, 3),
       (510, 'main_applicant', 901, 'spouse', 901, '', '', NULL, 3),
       (511, 'spouse', 901, 'main_applicant', 901, '', '', NULL, 3),
       (512, 'main_applicant', 900, 'spouse', 900, '', '', NULL, 3),
       (513, 'spouse', 900, 'main_applicant', 900, '', '', NULL, 3),
       (514, 'main_applicant', 899, 'spouse', 899, '', '', NULL, 3),
       (515, 'spouse', 899, 'main_applicant', 899, '', '', NULL, 3),
       (516, 'main_applicant', 898, 'spouse', 898, '', '', NULL, 3),
       (517, 'spouse', 898, 'main_applicant', 898, '', '', NULL, 3),
       (518, 'main_applicant', 894, 'spouse', 894, '', '', NULL, 3),
       (519, 'spouse', 894, 'main_applicant', 894, '', '', NULL, 3),
       (520, 'main_applicant', 893, 'spouse', 893, '', '', NULL, 3),
       (521, 'spouse', 893, 'main_applicant', 893, '', '', NULL, 3),
       (522, 'main_applicant', 892, 'spouse', 892, '', '', NULL, 3),
       (523, 'spouse', 892, 'main_applicant', 892, '', '', NULL, 3),
       (524, 'main_applicant', 890, 'spouse', 890, '', '', NULL, 3),
       (525, 'spouse', 890, 'main_applicant', 890, '', '', NULL, 3),
       (526, 'main_applicant', 889, 'spouse', 889, '', '', NULL, 3),
       (527, 'spouse', 889, 'main_applicant', 889, '', '', NULL, 3),
       (528, 'main_applicant', 888, 'spouse', 888, '', '', NULL, 3),
       (529, 'spouse', 888, 'main_applicant', 888, '', '', NULL, 3),
       (530, 'main_applicant', 884, 'spouse', 884, '', '', NULL, 3),
       (531, 'spouse', 884, 'main_applicant', 884, '', '', NULL, 3),
       (532, 'main_applicant', 882, 'spouse', 882, '', '', NULL, 3),
       (533, 'spouse', 882, 'main_applicant', 882, '', '', NULL, 3),
       (534, 'main_applicant', 881, 'spouse', 881, '', '', NULL, 3),
       (535, 'spouse', 881, 'main_applicant', 881, '', '', NULL, 3),
       (536, 'main_applicant', 880, 'spouse', 880, '', '', NULL, 3),
       (537, 'spouse', 880, 'main_applicant', 880, '', '', NULL, 3),
       (538, 'main_applicant', 879, 'spouse', 879, '', '', NULL, 3),
       (539, 'spouse', 879, 'main_applicant', 879, '', '', NULL, 3),
       (540, 'main_applicant', 878, 'spouse', 878, '', '', NULL, 3),
       (541, 'spouse', 878, 'main_applicant', 878, '', '', NULL, 3),
       (542, 'main_applicant', 877, 'spouse', 877, '', '', NULL, 3),
       (543, 'spouse', 877, 'main_applicant', 877, '', '', NULL, 3),
       (544, 'main_applicant', 876, 'spouse', 876, '', '', NULL, 3),
       (545, 'spouse', 876, 'main_applicant', 876, '', '', NULL, 3),
       (546, 'main_applicant', 875, 'spouse', 875, '', '', NULL, 3),
       (547, 'spouse', 875, 'main_applicant', 875, '', '', NULL, 3),
       (548, 'main_applicant', 874, 'spouse', 874, '', '', NULL, 3),
       (549, 'spouse', 874, 'main_applicant', 874, '', '', NULL, 3),
       (550, 'main_applicant', 872, 'spouse', 872, '', '', NULL, 3),
       (551, 'spouse', 872, 'main_applicant', 872, '', '', NULL, 3),
       (552, 'main_applicant', 871, 'spouse', 871, '', '', NULL, 3),
       (553, 'spouse', 871, 'main_applicant', 871, '', '', NULL, 3),
       (554, 'main_applicant', 870, 'spouse', 870, '', '', NULL, 3),
       (555, 'spouse', 870, 'main_applicant', 870, '', '', NULL, 3),
       (556, 'main_applicant', 868, 'spouse', 868, '', '', NULL, 3),
       (557, 'spouse', 868, 'main_applicant', 868, '', '', NULL, 3),
       (558, 'main_applicant', 866, 'spouse', 866, '', '', NULL, 3),
       (559, 'spouse', 866, 'main_applicant', 866, '', '', NULL, 3),
       (560, 'main_applicant', 865, 'spouse', 865, '', '', NULL, 3),
       (561, 'spouse', 865, 'main_applicant', 865, '', '', NULL, 3),
       (562, 'main_applicant', 864, 'spouse', 864, '', '', NULL, 3),
       (563, 'spouse', 864, 'main_applicant', 864, '', '', NULL, 3),
       (564, 'main_applicant', 863, 'spouse', 863, '', '', NULL, 3),
       (565, 'spouse', 863, 'main_applicant', 863, '', '', NULL, 3),
       (566, 'main_applicant', 862, 'spouse', 862, '', '', NULL, 3),
       (567, 'spouse', 862, 'main_applicant', 862, '', '', NULL, 3),
       (568, 'main_applicant', 861, 'spouse', 861, '', '', NULL, 3),
       (569, 'spouse', 861, 'main_applicant', 861, '', '', NULL, 3),
       (570, 'main_applicant', 860, 'spouse', 860, '', '', NULL, 3),
       (571, 'spouse', 860, 'main_applicant', 860, '', '', NULL, 3),
       (572, 'main_applicant', 859, 'spouse', 859, '', '', NULL, 3),
       (573, 'spouse', 859, 'main_applicant', 859, '', '', NULL, 3),
       (574, 'main_applicant', 858, 'spouse', 858, '', '', NULL, 3),
       (575, 'spouse', 858, 'main_applicant', 858, '', '', NULL, 3),
       (576, 'main_applicant', 857, 'spouse', 857, '', '', NULL, 3),
       (577, 'spouse', 857, 'main_applicant', 857, '', '', NULL, 3),
       (578, 'main_applicant', 856, 'spouse', 856, '', '', NULL, 3),
       (579, 'spouse', 856, 'main_applicant', 856, '', '', NULL, 3),
       (580, 'main_applicant', 855, 'spouse', 855, '', '', NULL, 3),
       (581, 'spouse', 855, 'main_applicant', 855, '', '', NULL, 3),
       (582, 'main_applicant', 854, 'spouse', 854, '', '', NULL, 3),
       (583, 'spouse', 854, 'main_applicant', 854, '', '', NULL, 3),
       (584, 'main_applicant', 853, 'spouse', 853, '', '', NULL, 3),
       (585, 'spouse', 853, 'main_applicant', 853, '', '', NULL, 3),
       (586, 'main_applicant', 852, 'spouse', 852, '', '', NULL, 3),
       (587, 'spouse', 852, 'main_applicant', 852, '', '', NULL, 3),
       (588, 'main_applicant', 867, 'spouse', 867, '', '', NULL, 3),
       (589, 'spouse', 867, 'main_applicant', 867, '', '', NULL, 3),
       (591, 'main_applicant', 1035, 'main_applicant', 1035, 'main_applicant', 'trading_name', NULL, 7),
       (592, 'main_applicant', 1036, 'main_applicant', 1036, 'main_applicant', 'australian_business_number', NULL, 7),
       (593, 'main_applicant', 1037, 'main_applicant', 1037, 'main_applicant', 'australian_company_number', NULL, 7),
       (594, 'main_applicant', 1038, 'main_applicant', 1038, 'main_applicant', 'australian_registered_body_number',
        NULL, 7),
       (595, 'main_applicant', 1039, 'main_applicant', 1039, 'main_applicant', 'australian_securities_exchange_code',
        NULL, 7),
       (596, 'main_applicant', 1040, 'main_applicant', 1040, 'main_applicant', 'operational_since', NULL, 7),
       (597, 'main_applicant', 1041, 'main_applicant', 1041, 'main_applicant', 'industry_type', NULL, 7),
       (598, 'main_applicant', 1042, 'main_applicant', 1042, 'main_applicant', 'emailAddress', NULL, 7),
       (599, 'main_applicant', 1043, 'main_applicant', 1043, 'main_applicant', 'nomination_occupation', NULL, 7),
       (600, 'main_applicant', 1044, 'main_applicant', 1044, 'main_applicant', 'fax_w', NULL, 7),
       (601, 'main_applicant', 1045, 'main_applicant', 1045, 'main_applicant', 'address_1', NULL, 7),
       (602, 'main_applicant', 1046, 'main_applicant', 1046, 'main_applicant', 'address_2', NULL, 7),
       (603, 'main_applicant', 1047, 'main_applicant', 1047, 'main_applicant', 'city', NULL, 7),
       (604, 'main_applicant', 1048, 'main_applicant', 1048, 'main_applicant', 'state', NULL, 7),
       (605, 'main_applicant', 1049, 'main_applicant', 1049, 'main_applicant', 'zip_code', NULL, 7),
       (606, 'main_applicant', 1050, 'main_applicant', 1050, 'main_applicant', 'country', NULL, 7),
       (607, 'main_applicant', 1051, 'main_applicant', 1051, 'main_applicant', 'phone_main', NULL, 7),
       (608, 'main_applicant', 135, 'main_applicant', 135, 'main_applicant', 'emailAddress', NULL, 8),
       (609, 'main_applicant', 1093, 'main_applicant', 1093, 'main_applicant', 'english_test_scores', NULL, 7),
       (610, 'main_applicant', 1094, 'main_applicant', 1094, 'main_applicant', 'date_of_english_test', NULL, 7),
       (611, 'child7', 13, 'main_applicant', 1095, 'child7', 'passport_date', NULL, 3),
       (612, 'child7', 13, 'spouse', 1095, 'child7', 'passport_date', NULL, 3),
       (613, 'child8', 13, 'main_applicant', 1096, 'child8', 'passport_date', NULL, 3),
       (614, 'child8', 13, 'spouse', 1096, 'child8', 'passport_date', NULL, 3),
       (615, 'child9', 13, 'main_applicant', 1097, 'child9', 'passport_date', NULL, 3),
       (616, 'child9', 13, 'spouse', 1097, 'child9', 'passport_date', NULL, 3),
       (617, 'child10', 13, 'main_applicant', 1098, 'child10', 'passport_date', NULL, 3),
       (618, 'child10', 13, 'spouse', 1098, 'child10', 'passport_date', NULL, 3),
       (619, 'child9', 1, 'main_applicant', 1099, 'child9', 'lName', NULL, 8),
       (620, 'child9', 1, 'spouse', 1099, 'child9', 'lName', NULL, 8),
       (621, 'child10', 1, 'main_applicant', 1100, 'child10', 'lName', NULL, 8),
       (622, 'child10', 1, 'spouse', 1100, 'child10', 'lName', NULL, 8),
       (623, 'child9', 2, 'main_applicant', 1101, 'child9', 'fName', NULL, 3),
       (624, 'child9', 2, 'spouse', 1101, 'child9', 'fName', NULL, 3),
       (625, 'child10', 2, 'main_applicant', 1102, 'child10', 'fName', NULL, 3),
       (626, 'child10', 2, 'spouse', 1102, 'child10', 'fName', NULL, 3),
       (627, 'child7', 1, 'main_applicant', 392, 'child7', 'lName', NULL, 8),
       (628, 'child7', 1, 'spouse', 392, 'child7', 'lName', NULL, 8),
       (629, 'child7', 2, 'main_applicant', 381, 'child7', 'fName', NULL, 3),
       (630, 'child7', 2, 'spouse', 381, 'child7', 'fName', NULL, 3),
       (631, 'child7', 4, 'main_applicant', 425, 'child7', 'DOB', NULL, 3),
       (632, 'child7', 4, 'spouse', 425, 'child7', 'DOB', NULL, 3),
       (633, 'child8', 1, 'main_applicant', 391, 'child8', 'lName', NULL, 8),
       (634, 'child8', 1, 'spouse', 391, 'child8', 'lName', NULL, 8),
       (635, 'child8', 2, 'main_applicant', 380, 'child8', 'fName', NULL, 3),
       (636, 'child8', 2, 'spouse', 380, 'child8', 'fName', NULL, 3),
       (637, 'child8', 4, 'main_applicant', 426, 'child8', 'DOB', NULL, 3),
       (638, 'child8', 4, 'spouse', 426, 'child8', 'DOB', NULL, 3),
       (639, 'child9', 4, 'main_applicant', 709, 'child9', 'DOB', NULL, 3),
       (640, 'child9', 4, 'spouse', 709, 'child9', 'DOB', NULL, 3),
       (641, 'child10', 4, 'main_applicant', 684, 'child10', 'DOB', NULL, 3),
       (642, 'child10', 4, 'spouse', 684, 'child10', 'DOB', NULL, 3),
       (797, 'main_applicant', 1103, 'main_applicant', 1103, 'main_applicant', 'first_name', NULL, 8),
       (798, 'main_applicant', 1104, 'main_applicant', 1104, 'main_applicant', 'last_name', NULL, 8),
       (799, 'main_applicant', 4, 'main_applicant', 4, 'main_applicant', 'DOB', NULL, 8),
       (800, 'main_applicant', 1105, 'main_applicant', 1105, 'main_applicant', 'gender', NULL, 8),
       (801, 'main_applicant', 1106, 'main_applicant', 1106, 'main_applicant', 'city_of_birth', NULL, 8),
       (802, 'main_applicant', 1107, 'main_applicant', 1107, 'main_applicant', 'country_of_birth', NULL, 8),
       (803, 'main_applicant', 1108, 'main_applicant', 1108, 'main_applicant', 'country_of_citizenship', NULL, 8),
       (804, 'main_applicant', 1109, 'main_applicant', 1109, 'main_applicant', 'passport_number', NULL, 8),
       (805, 'main_applicant', 1110, 'main_applicant', 1110, 'main_applicant', 'passport_issue_date', NULL, 8),
       (806, 'main_applicant', 1111, 'main_applicant', 1111, 'main_applicant', 'passport_expiry_date', NULL, 8),
       (807, 'main_applicant', 1112, 'main_applicant', 1112, 'main_applicant', 'address_line_1', NULL, 8),
       (808, 'main_applicant', 1113, 'main_applicant', 1113, 'main_applicant', 'city', NULL, 8),
       (809, 'main_applicant', 1114, 'main_applicant', 1114, 'main_applicant', 'state', NULL, 8),
       (810, 'main_applicant', 1115, 'main_applicant', 1115, 'main_applicant', 'country', NULL, 8),
       (811, 'main_applicant', 1116, 'main_applicant', 1116, 'main_applicant', 'zip_code', NULL, 8),
       (812, 'main_applicant', 1117, 'main_applicant', 1117, 'main_applicant', 'phone', NULL, 8),
       (813, 'main_applicant', 1118, 'main_applicant', 1118, 'main_applicant', 'mobile_phone', NULL, 8),
       (814, 'main_applicant', 135, 'main_applicant', 135, 'main_applicant', 'email', NULL, 8),
       (815, 'main_applicant', 1119, 'main_applicant', 1119, 'main_applicant', 'applicant_mailing_address_line', NULL,
        8),
       (816, 'main_applicant', 1120, 'main_applicant', 1120, 'main_applicant', 'applicant_mailing_town', NULL, 8),
       (817, 'main_applicant', 1121, 'main_applicant', 1121, 'main_applicant', 'applicant_mailing_province', NULL, 8),
       (818, 'main_applicant', 1122, 'main_applicant', 1122, 'main_applicant', 'applicant_mailing_country', NULL, 8),
       (819, 'main_applicant', 1123, 'main_applicant', 1123, 'main_applicant', 'applicant_mailing_postal', NULL, 8),
       (820, 'main_applicant', 1124, 'main_applicant', 1124, 'main_applicant', 'ee_profile_number', NULL, 8),
       (821, 'main_applicant', 1125, 'main_applicant', 1125, 'main_applicant', 'ee_expiry_date', NULL, 8),
       (822, 'main_applicant', 1126, 'main_applicant', 1126, 'main_applicant', 'first_name', NULL, 8),
       (823, 'main_applicant', 1127, 'main_applicant', 1127, 'main_applicant', 'last_name', NULL, 8),
       (826, 'main_applicant', 1130, 'main_applicant', 1130, 'main_applicant', 'employer_company_website', NULL, 7),
       (827, 'main_applicant', 1131, 'main_applicant', 1131, 'main_applicant', 'employer_company_owners', NULL, 7),
       (828, 'main_applicant', 1132, 'main_applicant', 1132, 'main_applicant', 'type_of_company', NULL, 7),
       (829, 'main_applicant', 1133, 'main_applicant', 1133, 'main_applicant', 'employer_date_company_established',
        NULL, 7),
       (830, 'main_applicant', 1134, 'main_applicant', 1134, 'main_applicant', 'employer_number_of_employees', NULL, 7),
       (831, 'main_applicant', 1135, 'main_applicant', 1135, 'main_applicant', 'employer_number_of_foreign_workers',
        NULL, 7),
       (832, 'main_applicant', 1136, 'main_applicant', 1136, 'main_applicant', 'employer_company_type', NULL, 7),
       (833, 'main_applicant', 1137, 'main_applicant', 1137, 'main_applicant', 'employer_primary_language_of_business',
        NULL, 7),
       (834, 'main_applicant', 1138, 'main_applicant', 1138, 'main_applicant', 'employer_address_line', NULL, 7),
       (835, 'main_applicant', 1139, 'main_applicant', 1139, 'main_applicant', 'employer_town', NULL, 7),
       (836, 'main_applicant', 1140, 'main_applicant', 1140, 'main_applicant', 'employer_province', NULL, 7),
       (837, 'main_applicant', 1141, 'main_applicant', 1141, 'main_applicant', 'employer_country', NULL, 7),
       (838, 'main_applicant', 1142, 'main_applicant', 1142, 'main_applicant', 'employer_postal', NULL, 7),
       (839, 'main_applicant', 1143, 'main_applicant', 1143, 'main_applicant', 'employer_mailing_address_line', NULL,
        7),
       (840, 'main_applicant', 1144, 'main_applicant', 1144, 'main_applicant', 'employer_mailing_town', NULL, 7),
       (841, 'main_applicant', 1145, 'main_applicant', 1145, 'main_applicant', 'employer_mailing_province', NULL, 7),
       (842, 'main_applicant', 1146, 'main_applicant', 1146, 'main_applicant', 'employer_mailing_country', NULL, 7),
       (843, 'main_applicant', 1147, 'main_applicant', 1147, 'main_applicant', 'employer_mailing_postal', NULL, 7),
       (844, 'main_applicant', 1148, 'main_applicant', 1148, 'main_applicant', 'employer_contact', NULL, 7),
       (845, 'main_applicant', 1149, 'main_applicant', 1149, 'main_applicant', 'employer_contact_title', NULL, 7),
       (846, 'main_applicant', 1150, 'main_applicant', 1150, 'main_applicant', 'employer_contact_email', NULL, 7),
       (847, 'main_applicant', 1151, 'main_applicant', 1151, 'main_applicant', 'employer_contact_phone', NULL, 7);
INSERT INTO `FormMap` (`FormMapId`, `FromFamilyMemberId`, `FromSynFieldId`, `ToFamilyMemberId`, `ToSynFieldId`,
                       `ToProfileFamilyMemberId`, `ToProfileFieldId`, `form_map_type`, `parent_member_type`)
VALUES (848, 'main_applicant', 1152, 'main_applicant', 1152, 'main_applicant', 'employer_contact_fax', NULL, 7),
       (882, 'main_applicant', 1153, 'main_applicant', 1153, 'main_applicant', 'applicant_representative_given_name',
        NULL, 8),
       (883, 'main_applicant', 1154, 'main_applicant', 1154, 'main_applicant', 'applicant_representative_family_name',
        NULL, 8),
       (884, 'main_applicant', 1155, 'main_applicant', 1155, 'main_applicant', 'applicant_representative_name_of_firm',
        NULL, 8),
       (885, 'main_applicant', 1156, 'main_applicant', 1156, 'main_applicant', 'applicant_representative_primary_phone',
        NULL, 8),
       (886, 'main_applicant', 1157, 'main_applicant', 1157, 'main_applicant',
        'applicant_representative_secondary_phone', NULL, 8),
       (887, 'main_applicant', 1158, 'main_applicant', 1158, 'main_applicant', 'applicant_representative_email_address',
        NULL, 8),
       (888, 'main_applicant', 1159, 'main_applicant', 1159, 'main_applicant', 'applicant_representative_city', NULL,
        8),
       (889, 'main_applicant', 1160, 'main_applicant', 1160, 'main_applicant', 'applicant_representative_state', NULL,
        8),
       (890, 'main_applicant', 1161, 'main_applicant', 1161, 'main_applicant', 'applicant_representative_postal', NULL,
        8),
       (891, 'main_applicant', 1162, 'main_applicant', 1162, 'main_applicant', 'applicant_representative_country', NULL,
        8),
       (892, 'main_applicant', 1163, 'main_applicant', 1163, 'main_applicant', 'applicant_representative_address_line',
        NULL, 8),
       (893, 'main_applicant', 1153, 'main_applicant', 1153, 'main_applicant', 'employer_representative_given_name',
        NULL, 7),
       (894, 'main_applicant', 1154, 'main_applicant', 1154, 'main_applicant', 'employer_representative_family_name',
        NULL, 7),
       (895, 'main_applicant', 1155, 'main_applicant', 1155, 'main_applicant', 'employer_representative_name_of_firm',
        NULL, 7),
       (896, 'main_applicant', 1156, 'main_applicant', 1156, 'main_applicant', 'employer_representative_primary_phone',
        NULL, 7),
       (897, 'main_applicant', 1157, 'main_applicant', 1157, 'main_applicant',
        'employer_representative_secondary_phone', NULL, 7),
       (898, 'main_applicant', 1158, 'main_applicant', 1158, 'main_applicant', 'employer_representative_email_address',
        NULL, 7),
       (899, 'main_applicant', 1159, 'main_applicant', 1159, 'main_applicant', 'employer_representative_city', NULL, 7),
       (900, 'main_applicant', 1160, 'main_applicant', 1160, 'main_applicant', 'employer_representative_state', NULL,
        7),
       (901, 'main_applicant', 1161, 'main_applicant', 1161, 'main_applicant', 'employer_representative_postal', NULL,
        7),
       (902, 'main_applicant', 1162, 'main_applicant', 1162, 'main_applicant', 'employer_representative_country', NULL,
        7),
       (903, 'main_applicant', 1163, 'main_applicant', 1163, 'main_applicant', 'employer_representative_address_line',
        NULL, 7),
       (904, 'main_applicant', 1164, 'main_applicant', 1164, 'main_applicant', 'application_fee_paid', NULL, 3),
       (905, 'main_applicant', 1165, 'main_applicant', 1165, 'main_applicant', 'initial_submission_received_date', NULL,
        3),
       (906, 'main_applicant', 1166, 'main_applicant', 1166, 'main_applicant', 'job_title', NULL, 3),
       (907, 'main_applicant', 1167, 'main_applicant', 1167, 'main_applicant', 'job_location', NULL, 3),
       (908, 'main_applicant', 1168, 'main_applicant', 1168, 'main_applicant', 'job_noc_code', NULL, 3),
       (909, 'main_applicant', 1169, 'main_applicant', 1169, 'main_applicant', 'type_of_employment', NULL, 3),
       (910, 'main_applicant', 1170, 'main_applicant', 1170, 'main_applicant', 'hours_per_week', NULL, 3),
       (911, 'main_applicant', 1171, 'main_applicant', 1171, 'main_applicant', 'wage_rate', NULL, 3),
       (912, 'main_applicant', 1172, 'main_applicant', 1172, 'main_applicant', 'language_required', NULL, 3),
       (913, 'main_applicant', 1173, 'main_applicant', 1173, 'main_applicant', 'received_lmia', NULL, 3),
       (915, 'main_applicant', 1174, 'main_applicant', 1174, 'main_applicant', 'employment_standards_regulated', NULL,
        3),
       (919, 'main_applicant', 1128, 'main_applicant', 1128, 'main_applicant', 'registered_company_name', NULL, 7),
       (920, 'main_applicant', 1129, 'main_applicant', 1129, 'main_applicant', 'entity_name', NULL, 7),
       (921, 'main_applicant', 1176, 'main_applicant', 1176, 'main_applicant', 'interview_location', NULL, 3),
       (922, 'main_applicant', 1177, 'main_applicant', 1177, 'main_applicant', 'median_wage', NULL, 3),
       (923, 'main_applicant', 1178, 'main_applicant', 1178, 'main_applicant', 'dependants_count', NULL, 3);

-- --------------------------------------------------------

--
-- Table structure for table `FormProcessed`
--

CREATE TABLE `FormProcessed`
(
    `form_processed_id` int(11) UNSIGNED NOT NULL,
    `template_id`       int(11) UNSIGNED     DEFAULT NULL,
    `version`           enum ('FULL','LAST') DEFAULT 'FULL',
    `content`           longtext
) ENGINE = InnoDB
  DEFAULT CHARSET = utf8 COMMENT ='List of landing pages that are used as templates.';

-- --------------------------------------------------------

--
-- Table structure for table `FormRevision`
--

CREATE TABLE `FormRevision`
(
    `FormRevisionId`     int(10) UNSIGNED NOT NULL,
    `FormAssignedId`     int(10) UNSIGNED NOT NULL,
    `FormRevisionNumber` int(3) UNSIGNED  NOT NULL,
    `UploadedBy`         bigint(20)       NOT NULL,
    `UploadedOn`         datetime         NOT NULL
) ENGINE = InnoDB
  DEFAULT CHARSET = utf8 COMMENT ='Each assigned form can use different form revisions.';

-- --------------------------------------------------------

--
-- Table structure for table `FormSynField`
--

CREATE TABLE `FormSynField`
(
    `SynFieldId` int(10) UNSIGNED NOT NULL,
    `FieldName`  varchar(255)     NOT NULL
) ENGINE = InnoDB
  DEFAULT CHARSET = utf8 COMMENT ='List of sync fields that can be used in pdf forms is saved here.';

--
-- Dumping data for table `FormSynField`
--

INSERT INTO `FormSynField` (`SynFieldId`, `FieldName`)
VALUES (1, 'syncA_family_name'),
       (2, 'syncA_given_name'),
       (3, 'syncA_sex'),
       (4, 'syncA_DOB'),
       (5, 'syncA_POB_country'),
       (6, 'syncA_marital_status'),
       (7, 'syncA_current_country_of_residence'),
       (8, 'syncA_passport_number_1'),
       (9, 'syncA_pass_country_1'),
       (10, 'syncA_country_of_citizenship_1'),
       (11, 'syncA_passport_country_of_issue_1'),
       (12, 'syncA_pass_issue_date_1'),
       (13, 'syncA_pass_expiry_date_1'),
       (14, 'syncA_family_name_s'),
       (15, 'syncA_given_name_s'),
       (16, 'syncA_DOB_s'),
       (17, 'syncA_will_accompany_you_to_Australia_s'),
       (18, 'syncA_pass_expiry_date1_s'),
       (19, 'syncA_medical_expiration_date_s'),
       (20, 'syncA_family_name_c1'),
       (21, 'syncA_given_name_c1'),
       (22, 'syncA_DOB_c1'),
       (23, 'syncA_will_accompany_you_to_Australia_c1'),
       (24, 'syncA_pass_expiry_date1_c1'),
       (25, 'syncA_medical_expiration_date_c1'),
       (26, 'syncA_family_name_c2'),
       (27, 'syncA_given_name_c2'),
       (28, 'syncA_DOB_c2'),
       (29, 'syncA_will_accompany_you_to_Australia_c2'),
       (30, 'syncA_pass_expiry_date1_c2'),
       (31, 'syncA_medical_expiration_date_c2'),
       (32, 'syncA_family_name_c3'),
       (33, 'syncA_given_name_c3'),
       (34, 'syncA_DOB_c3'),
       (35, 'syncA_will_accompany_you_to_Australia_c3'),
       (36, 'syncA_pass_expiry_date1_c3'),
       (37, 'syncA_medical_expiration_date_c3'),
       (38, 'syncA_family_name_c4'),
       (39, 'syncA_given_name_c4'),
       (40, 'syncA_DOB_c4'),
       (41, 'syncA_will_accompany_you_to_Australia_c4'),
       (42, 'syncA_pass_expiry_date1_c4'),
       (43, 'syncA_medical_expiration_date_c4'),
       (44, 'syncA_family_name_c5'),
       (45, 'syncA_given_name_c5'),
       (46, 'syncA_DOB_c5'),
       (47, 'syncA_will_accompany_you_to_Australia_c5'),
       (48, 'syncA_pass_expiry_date1_c5'),
       (49, 'syncA_medical_expiration_date_c5'),
       (50, 'syncA_family_name_c6'),
       (51, 'syncA_given_name_c6'),
       (52, 'syncA_DOB_c6'),
       (53, 'syncA_will_accompany_you_to_Australia_c6'),
       (54, 'syncA_pass_expiry_date1_c6'),
       (55, 'syncA_medical_expiration_date_c6'),
       (56, 'syncA_family_name_sb1'),
       (57, 'syncA_given_name_sb1'),
       (58, 'syncA_DOB_sb1'),
       (59, 'syncA_will_accompany_you_to_Australia_sb1'),
       (60, 'syncA_pass_expiry_date1_sb1'),
       (61, 'syncA_medical_expiration_date_sb1'),
       (62, 'syncA_family_name_sb2'),
       (63, 'syncA_given_name_sb2'),
       (64, 'syncA_DOB_sb2'),
       (65, 'syncA_will_accompany_you_to_Australia_sb2'),
       (66, 'syncA_pass_expiry_date1_sb2'),
       (67, 'syncA_medical_expiration_date_sb2'),
       (68, 'syncA_family_name_sb3'),
       (69, 'syncA_given_name_sb3'),
       (70, 'syncA_DOB_sb3'),
       (71, 'syncA_will_accompany_you_to_Australia_sb3'),
       (72, 'syncA_pass_expiry_date1_sb3'),
       (73, 'syncA_medical_expiration_date_sb3'),
       (74, 'syncA_family_name_sb4'),
       (75, 'syncA_given_name_sb4'),
       (76, 'syncA_DOB_sb4'),
       (77, 'syncA_will_accompany_you_to_Australia_sb4'),
       (78, 'syncA_pass_expiry_date1_sb4'),
       (79, 'syncA_medical_expiration_date_sb4'),
       (80, 'syncA_family_name_sb5'),
       (81, 'syncA_given_name_sb5'),
       (82, 'syncA_DOB_sb5'),
       (83, 'syncA_will_accompany_you_to_Australia_sb5'),
       (84, 'syncA_pass_expiry_date1_sb5'),
       (85, 'syncA_medical_expiration_date_sb5'),
       (86, 'syncA_family_name_p1'),
       (87, 'syncA_given_name_p1'),
       (88, 'syncA_DOB_p1'),
       (89, 'syncA_will_accompany_you_to_Australia_p1'),
       (90, 'syncA_pass_expiry_date1_p1'),
       (91, 'syncA_medical_expiration_date_p1'),
       (92, 'syncA_family_name_p2'),
       (93, 'syncA_given_name_p2'),
       (94, 'syncA_DOB_p2'),
       (95, 'syncA_will_accompany_you_to_Australia_p2'),
       (96, 'syncA_pass_expiry_date1_p2'),
       (97, 'syncA_medical_expiration_date_p2'),
       (98, 'syncA_family_name_p3'),
       (99, 'syncA_given_name_p3'),
       (100, 'syncA_DOB_p3'),
       (101, 'syncA_will_accompany_you_to_Australia_p3'),
       (102, 'syncA_pass_expiry_date1_p3'),
       (103, 'syncA_medical_expiration_date_p3'),
       (104, 'syncA_family_name_p4'),
       (105, 'syncA_given_name_p4'),
       (106, 'syncA_DOB_p4'),
       (107, 'syncA_will_accompany_you_to_Australia_p4'),
       (108, 'syncA_pass_expiry_date1_p4'),
       (109, 'syncA_medical_expiration_date_p4'),
       (110, 'syncA_family_name_f1'),
       (111, 'syncA_given_name_f1'),
       (112, 'syncA_DOB_f1'),
       (113, 'syncA_will_accompany_you_to_Australia_f1'),
       (114, 'syncA_pass_expiry_date1_f1'),
       (115, 'syncA_medical_expiration_date_f1'),
       (116, 'syncA_family_name_f2'),
       (117, 'syncA_given_name_f2'),
       (118, 'syncA_DOB_f2'),
       (119, 'syncA_will_accompany_you_to_Australia_f2'),
       (120, 'syncA_pass_expiry_date1_f2'),
       (121, 'syncA_medical_expiration_date_f2'),
       (122, 'syncA_medical_expiration_date'),
       (123, 'syncA_migrating'),
       (124, 'syncA_other_names'),
       (125, 'syncA_current_visa'),
       (126, 'syncA_visa_expiry_date'),
       (127, 'syncA_address_line_1'),
       (128, 'syncA_address_line_2'),
       (129, 'syncA_address_suburb'),
       (130, 'syncA_address_state'),
       (131, 'syncA_address_pcode'),
       (132, 'syncA_address_country'),
       (133, 'syncA_phone_mobile'),
       (134, 'syncA_phone_home'),
       (135, 'syncA_email'),
       (136, 'syncA_email_other'),
       (137, 'syncA_family_name_mag'),
       (138, 'syncA_given_name_mag'),
       (139, 'syncA_MARN_mag'),
       (140, 'syncA_family_name_accom_dependant1'),
       (141, 'syncA_family_name_accom_dependant2'),
       (142, 'syncA_family_name_accom_dependant3'),
       (143, 'syncA_family_name_accom_dependant4'),
       (144, 'syncA_family_name_accom_dependant5'),
       (145, 'syncA_given_name_accom_dependant1'),
       (146, 'syncA_given_name_accom_dependant2'),
       (147, 'syncA_given_name_accom_dependant3'),
       (148, 'syncA_given_name_accom_dependant4'),
       (149, 'syncA_given_name_accom_dependant5'),
       (150, 'syncA_visa_subclass'),
       (151, 'syncA_current_visa'),
       (152, 'syncA_relationship_to_you_p1'),
       (153, 'syncA_country_of_citizenship_2'),
       (154, 'syncA_country_of_citizenship_3'),
       (155, 'syncA_relationship_to_you_p4'),
       (156, 'syncA_relationship_to_you_p2'),
       (157, 'syncA_relationship_to_you_p3'),
       (158, 'syncA_POB_city_s'),
       (159, 'syncA_other_names_p4'),
       (160, 'syncA_other_names_p3'),
       (161, 'syncA_other_names_p2'),
       (162, 'syncA_other_names_p1'),
       (163, 'syncA_POB_province_sb5'),
       (164, 'syncA_POB_province_sb4'),
       (165, 'syncA_POB_province_sb3'),
       (166, 'syncA_name_type_1'),
       (167, 'syncA_POB_province_sb2'),
       (168, 'syncA_POB_province_sb1'),
       (169, 'syncA_Chinese_CC_Number_s'),
       (170, 'syncA_passport_number_3'),
       (171, 'syncA_passport_number_2'),
       (172, 'syncA_POB_city_f1'),
       (173, 'syncA_POB_city_f2'),
       (174, 'syncA_Russian_Descent'),
       (175, 'syncA_country_of_residence_s'),
       (176, 'syncA_POB_province_p3'),
       (177, 'syncA_POB_province_p2'),
       (178, 'syncA_POB_province_p4'),
       (179, 'syncA_POB_province_p1'),
       (180, 'syncA_Arabic_Descent'),
       (181, 'syncA_sex_p1'),
       (182, 'syncA_sex_p2'),
       (183, 'syncA_sex_p3'),
       (184, 'syncA_sex_p4'),
       (185, 'syncA_Chinese_CC_Number'),
       (186, 'syncA_POB_country_s'),
       (187, 'syncA_POB_suburb'),
       (188, 'syncA_sex_f2'),
       (189, 'syncA_sex_f1'),
       (190, 'syncA_pass_country_3'),
       (191, 'syncA_pass_country_2'),
       (192, 'syncA_POB_province_c6'),
       (193, 'syncA_POB_province_c5'),
       (194, 'syncA_POB_city_p1'),
       (195, 'syncA_POB_province_c4'),
       (196, 'syncA_POB_city'),
       (197, 'syncA_POB_city_p2'),
       (198, 'syncA_POB_province_c3'),
       (199, 'syncA_POB_city_p3'),
       (200, 'syncA_POB_province_c2'),
       (201, 'syncA_POB_city_p4'),
       (202, 'syncA_POB_province_c1'),
       (203, 'syncA_sex_c3'),
       (204, 'syncA_sex_c4'),
       (205, 'syncA_sex_c1'),
       (206, 'syncA_sex_c2'),
       (207, 'syncA_sex_c5'),
       (208, 'syncA_sex_c6'),
       (209, 'syncA_country_of_residence_p3'),
       (210, 'syncA_country_of_residence_p4'),
       (211, 'syncA_country_of_residence_p1'),
       (212, 'syncA_country_of_residence_p2'),
       (213, 'syncA_POB_country_c3'),
       (214, 'syncA_POB_country_c4'),
       (215, 'syncA_POB_country_c1'),
       (216, 'syncA_POB_country_c2'),
       (217, 'syncA_POB_country_c6'),
       (218, 'syncA_POB_country_c5'),
       (219, 'syncA_ID_number_shown_2'),
       (220, 'syncA_ID_number_shown_1'),
       (221, 'syncA_ID_number_shown_4'),
       (222, 'syncA_ID_number_shown_3'),
       (223, 'syncA_ID_number_shown_5'),
       (224, 'syncA_POB_country_f1'),
       (225, 'syncA_POB_country_f2'),
       (226, 'syncA_POB_province_f1'),
       (227, 'syncA_POB_province_f2'),
       (228, 'syncA_country_of_residence_c5'),
       (229, 'syncA_country_of_residence_c4'),
       (230, 'syncA_country_of_residence_c6'),
       (231, 'syncA_Chinese_CC_Number_f1'),
       (232, 'syncA_Chinese_CC_Number_f2'),
       (233, 'syncA_country_of_residence_c1'),
       (234, 'syncA_country_of_residence_c2'),
       (235, 'syncA_country_of_residence_c3'),
       (236, 'syncA_POB_province_s'),
       (237, 'syncA_pass_issue_date_3'),
       (238, 'syncA_pass_issue_date_2'),
       (239, 'syncA_pass_expiry_date_3'),
       (240, 'syncA_pass_expiry_date_2'),
       (241, 'syncA_ID_document_type_2'),
       (242, 'syncA_ID_document_type_3'),
       (243, 'syncA_ID_document_type_1'),
       (244, 'syncA_passport_country_of_issue_3'),
       (245, 'syncA_passport_country_of_issue_2'),
       (246, 'syncA_ID_document_type_4'),
       (247, 'syncA_ID_document_type_5'),
       (248, 'syncA_POB_city_sb1'),
       (249, 'syncA_POB_city_sb2'),
       (250, 'syncA_POB_city_sb3'),
       (251, 'syncA_POB_city_sb4'),
       (252, 'syncA_POB_city_sb5'),
       (253, 'syncA_country_of_residence_f1'),
       (254, 'syncA_country_of_residence_f2'),
       (255, 'syncA_sex_s'),
       (256, 'syncA_sex_sb3'),
       (257, 'syncA_sex_sb4'),
       (258, 'syncA_sex_sb1'),
       (259, 'syncA_sex_sb2'),
       (260, 'syncA_sex_sb5'),
       (261, 'syncA_relationship_to_you_c5'),
       (262, 'syncA_POB_country_sb5'),
       (263, 'syncA_relationship_to_you_c6'),
       (264, 'syncA_Chinese_CC_Number_c5'),
       (265, 'syncA_country_of_residence_sb1'),
       (266, 'syncA_Chinese_CC_Number_c6'),
       (267, 'syncA_POB_country_sb4'),
       (268, 'syncA_country_of_residence_sb2'),
       (269, 'syncA_Chinese_CC_Number_c3'),
       (270, 'syncA_relationship_to_you_c3'),
       (271, 'syncA_country_of_residence_sb3'),
       (272, 'syncA_POB_country_sb3'),
       (273, 'syncA_Chinese_CC_Number_c4'),
       (274, 'syncA_relationship_to_you_c4'),
       (275, 'syncA_country_of_residence_sb4'),
       (276, 'syncA_POB_country_sb2'),
       (277, 'syncA_relationship_to_you_c1'),
       (278, 'syncA_Chinese_CC_Number_c1'),
       (279, 'syncA_country_of_residence_sb5'),
       (280, 'syncA_POB_country_sb1'),
       (281, 'syncA_relationship_to_you_c2'),
       (282, 'syncA_Chinese_CC_Number_c2'),
       (283, 'syncA_POB_country_p1'),
       (284, 'syncA_relationship_to_you_s'),
       (285, 'syncA_relationship_to_you_f2'),
       (286, 'syncA_relationship_to_you_f1'),
       (287, 'syncA_POB_country_p2'),
       (288, 'syncA_POB_country_p3'),
       (289, 'syncA_POB_country_p4'),
       (290, 'syncA_ID_document_coi_1'),
       (291, 'syncA_ID_document_coi_2'),
       (292, 'syncA_ID_document_coi_5'),
       (293, 'syncA_ID_document_coi_3'),
       (294, 'syncA_ID_document_coi_4'),
       (295, 'syncA_other_names_s'),
       (296, 'syncA_other_names_f2'),
       (297, 'syncA_other_names_f1'),
       (298, 'syncA_Chinese_CC_Number_p4'),
       (299, 'syncA_Chinese_CC_Number_p2'),
       (300, 'syncA_Chinese_CC_Number_p3'),
       (301, 'syncA_Chinese_CC_Number_p1'),
       (302, 'syncA_other_name_giv_1'),
       (303, 'syncA_other_names_sb4'),
       (304, 'syncA_other_names_sb5'),
       (305, 'syncA_other_names_sb2'),
       (306, 'syncA_other_names_sb3'),
       (307, 'syncA_other_names_sb1'),
       (308, 'syncA_relationship_to_you_sb4'),
       (309, 'syncA_POB_city_c3'),
       (310, 'syncA_relationship_to_you_sb3'),
       (311, 'syncA_POB_city_c2'),
       (312, 'syncA_relationship_to_you_sb2'),
       (313, 'syncA_POB_state'),
       (314, 'syncA_POB_city_c1'),
       (315, 'syncA_POB_city_c6'),
       (316, 'syncA_relationship_to_you_sb5'),
       (317, 'syncA_POB_city_c4'),
       (318, 'syncA_POB_city_c5'),
       (319, 'syncA_Chinese_CC_Number_sb5'),
       (320, 'syncA_other_names_c2'),
       (321, 'syncA_other_names_c3'),
       (322, 'syncA_other_names_c1'),
       (323, 'syncA_Chinese_CC_Number_sb1'),
       (324, 'syncA_Chinese_CC_Number_sb2'),
       (325, 'syncA_Chinese_CC_Number_sb3'),
       (326, 'syncA_Chinese_CC_Number_sb4'),
       (327, 'syncA_other_names_c6'),
       (328, 'syncA_other_names_c5'),
       (329, 'syncA_other_names_c4'),
       (330, 'syncA_other_name_fam_1'),
       (331, 'syncA_name_type_2'),
       (332, 'syncA_name_type_3'),
       (333, 'syncA_other_name_giv_2'),
       (334, 'syncA_other_name_giv_3'),
       (335, 'syncA_other_name_fam_3'),
       (336, 'syncA_other_name_fam_2'),
       (337, 'syncA_address2_mag'),
       (338, 'syncA_fax_cc_mag'),
       (339, 'syncA_address_cntry_mag'),
       (340, 'syncA_office_cc_mag'),
       (341, 'syncA_email_mag'),
       (342, 'syncA_address1_mag'),
       (343, 'syncA_organisation_name_mag'),
       (344, 'syncA_office_ac_mag'),
       (345, 'syncA_DOB_mag'),
       (346, 'syncA_fax_ac_mag'),
       (347, 'syncA_mobile_number_mag'),
       (348, 'syncA_address_pc_mag'),
       (349, 'syncA_fax_number_mag'),
       (350, 'syncA_office_phone_number_mag'),
       (351, 'syncA_native_language'),
       (352, 'syncA_ID_document_type_6'),
       (353, 'syncA_other_name_giv'),
       (354, 'syncA_ID_document_coi_6'),
       (355, 'syncA_ID_number_shown_6'),
       (356, 'syncA_address_line_3'),
       (357, 'syncA_pass_cntry_1'),
       (358, 'syncA_passport_number'),
       (359, 'syncA_occupation_s'),
       (360, 'syncA_address1_s'),
       (361, 'syncA_address_pc_s'),
       (362, 'syncA_will_accompany_you_to_Australia_c8'),
       (363, 'syncA_will_accompany_you_to_Australia_c7'),
       (364, 'syncA_address_pc'),
       (365, 'syncA_relationship_to_you_c7'),
       (366, 'syncA_country_of_residence_sb6'),
       (367, 'syncA_country_of_residence_sb7'),
       (368, 'syncA_country_of_residence_sb8'),
       (369, 'syncA_relationship_to_you_c9'),
       (370, 'syncA_address_cntry'),
       (371, 'syncA_address_cntry_s'),
       (372, 'syncA_marital_status_c1'),
       (373, 'syncA_marital_status_c4'),
       (374, 'syncA_marital_status_c5'),
       (375, 'syncA_marital_status_c2'),
       (376, 'syncA_marital_status_c3'),
       (377, 'syncA_marital_status_c8'),
       (378, 'syncA_marital_status_c6'),
       (379, 'syncA_marital_status_c7'),
       (380, 'syncA_given_name_c8'),
       (381, 'syncA_given_name_c7'),
       (382, 'syncA_marital_status_sb3'),
       (383, 'syncA_marital_status_sb2'),
       (384, 'syncA_marital_status_sb1'),
       (385, 'syncA_marital_status_sb7'),
       (386, 'syncA_marital_status_sb6'),
       (387, 'syncA_marital_status_sb5'),
       (388, 'syncA_marital_status_sb4'),
       (389, 'syncA_cntry_of_citizenship'),
       (390, 'syncA_address2_s'),
       (391, 'syncA_family_name_c8'),
       (392, 'syncA_family_name_c7'),
       (393, 'syncA_sex_c7'),
       (394, 'syncA_sex_c8'),
       (395, 'syncA_family_name_sb6'),
       (396, 'syncA_family_name_sb7'),
       (397, 'syncA_family_name_sb8'),
       (398, 'syncA_DOB_sb7'),
       (399, 'syncA_DOB_sb6'),
       (400, 'syncA_DOB_sb8'),
       (401, 'syncA_will_accompany_you_to_AU_sb1'),
       (402, 'syncA_will_accompany_you_to_AU_sb2'),
       (403, 'syncA_will_accompany_you_to_AU_sb3'),
       (404, 'syncA_will_accompany_you_to_AU_sb4'),
       (405, 'syncA_will_accompany_you_to_AU_sb5'),
       (406, 'syncA_will_accompany_you_to_AU_sb6'),
       (407, 'syncA_will_accompany_you_to_AU_sb7'),
       (408, 'syncA_will_accompany_you_to_AU_sb8'),
       (409, 'syncA_country_of_residence_c7'),
       (410, 'syncA_country_of_residence_c8'),
       (411, 'syncA_status_in_country_of_residence_s'),
       (412, 'syncA_sex_sb7'),
       (413, 'syncA_sex_sb8'),
       (414, 'syncA_sex_sb6'),
       (415, 'syncA_given_name_sb8'),
       (416, 'syncA_given_name_sb7'),
       (417, 'syncA_given_name_sb6'),
       (418, 'syncA_marital_status_sb8'),
       (419, 'syncA_address2'),
       (420, 'syncA_address1'),
       (421, 'syncA_relationship_to_you_sb1'),
       (422, 'syncA_relationship_to_you_sb7'),
       (423, 'syncA_relationship_to_you_sb8'),
       (424, 'syncA_relationship_to_you_sb6'),
       (425, 'syncA_DOB_c7'),
       (426, 'syncA_DOB_c8'),
       (427, 'syncA_address_pc_2'),
       (428, 'syncA_POB_country_2'),
       (429, 'syncA_level_of_education'),
       (430, 'syncA_passport_expiry_date_2'),
       (431, 'syncA_family_name_2'),
       (432, 'syncA_address1_2'),
       (433, 'syncA_given_name_2'),
       (434, 'syncA_POB_city_2'),
       (435, 'syncA_passport_issue_date_2'),
       (436, 'syncA_sex_2'),
       (437, 'syncA_address2_2'),
       (438, 'syncA_passport_country_2'),
       (439, 'syncA_ID_Number_shown_2'),
       (440, 'syncA_DOB_2'),
       (441, 'syncA_address_cntry_2'),
       (442, 'syncA_marital_status_2'),
       (443, 'syncA_country_of_residence_2'),
       (444, 'syncA_other_names_2'),
       (445, 'syncA_ID_document_coi_c1'),
       (446, 'syncA_ID_document_coi_c3'),
       (447, 'syncA_ID_document_coi_c2'),
       (448, 'syncA_ID_document_coi_c5'),
       (449, 'syncA_ID_document_coi_c4'),
       (450, 'syncA_ID_document_coi_c6'),
       (451, 'syncA_other_name_fam'),
       (452, 'syncA_DOB_dep1'),
       (453, 'syncA_DOB_dep4'),
       (454, 'syncA_DOB_dep5'),
       (455, 'syncA_DOB_dep2'),
       (456, 'syncA_ID_Number_shown_c1'),
       (457, 'syncA_DOB_dep3'),
       (458, 'syncA_ID_Number_shown_c2'),
       (459, 'syncA_ID_Number_shown_c3'),
       (460, 'syncA_ID_Number_shown_c4'),
       (461, 'syncA_DOB_dep6'),
       (462, 'syncA_ID_Number_shown_c5'),
       (463, 'syncA_ID_Number_shown_c6'),
       (464, 'syncA_ID_document_coi_dep6'),
       (465, 'syncA_ID_document_coi_dep4'),
       (466, 'syncA_ID_document_coi_dep5'),
       (467, 'syncA_ID_document_coi_dep1'),
       (468, 'syncA_ID_document_coi_dep3'),
       (469, 'syncA_ID_document_coi_dep2'),
       (470, 'syncA_pass_expiry_date3_s'),
       (471, 'syncA_other_name_fm7'),
       (472, 'syncA_other_name_fm5'),
       (473, 'syncA_other_name_fm6'),
       (474, 'syncA_other_name_fm3'),
       (475, 'syncA_other_name_fm4'),
       (476, 'syncA_other_name_fm2'),
       (477, 'syncA_other_name_fm1'),
       (478, 'syncA_relationship_to_you_dep2'),
       (479, 'syncA_country_of_residence_dep1'),
       (480, 'syncA_relationship_to_you_dep1'),
       (481, 'syncA_relationship_to_you_dep4'),
       (482, 'syncA_country_of_residence_dep2'),
       (483, 'syncA_relationship_to_you_dep3'),
       (484, 'syncA_country_of_residence_dep3'),
       (485, 'syncA_country_of_residence_dep4'),
       (486, 'syncA_relationship_to_you_dep6'),
       (487, 'syncA_relationship_to_you_dep5'),
       (488, 'syncA_country_of_residence_dep5'),
       (489, 'syncA_country_of_residence_dep6'),
       (490, 'syncA_passport_number_dep3'),
       (491, 'syncA_passport_number_dep4'),
       (492, 'syncA_passport_number_dep1'),
       (493, 'syncA_passport_number_dep2'),
       (494, 'syncA_country_of_citizenship_c4'),
       (495, 'syncA_country_of_citizenship_c5'),
       (496, 'syncA_country_of_citizenship_c2'),
       (497, 'syncA_country_of_citizenship_c3'),
       (498, 'syncA_country_of_citizenship_c6'),
       (499, 'syncA_passport_number_dep5'),
       (500, 'syncA_passport_number_dep6'),
       (501, 'syncA_country_of_citizenship_c1'),
       (502, 'syncA_other_relationship_to_you_fm3'),
       (503, 'syncA_other_relationship_to_you_fm2'),
       (504, 'syncA_other_relationship_to_you_fm1'),
       (505, 'syncA_other_relationship_to_you_fm7'),
       (506, 'syncA_other_relationship_to_you_fm6'),
       (507, 'syncA_other_relationship_to_you_fm5'),
       (508, 'syncA_other_relationship_to_you_fm4'),
       (509, 'syncA_country_of_residence'),
       (510, 'syncA_other_country_of_residence_fm7'),
       (511, 'syncA_other_country_of_residence_fm4'),
       (512, 'syncA_other_country_of_residence_fm3'),
       (513, 'syncA_other_country_of_residence_fm6'),
       (514, 'syncA_other_country_of_residence_fm5'),
       (515, 'syncA_other_country_of_residence_fm2'),
       (516, 'syncA_other_country_of_residence_fm1'),
       (517, 'syncA_other_DOB_fm7'),
       (518, 'syncA_ID_Number_shown_dep1'),
       (519, 'syncA_ID_Number_shown_dep2'),
       (520, 'syncA_ID_Number_shown_dep3'),
       (521, 'syncA_ID_Number_shown_dep4'),
       (522, 'syncA_ID_Number_shown_dep5'),
       (523, 'syncA_passport_issue_date_dep1'),
       (524, 'syncA_passport_issue_date_dep3'),
       (525, 'syncA_given_name_dep1'),
       (526, 'syncA_passport_issue_date_dep2'),
       (527, 'syncA_given_name_dep2'),
       (528, 'syncA_passport_issue_date_dep5'),
       (529, 'syncA_passport_issue_date_dep4'),
       (530, 'syncA_given_name_dep3'),
       (531, 'syncA_given_name_dep4'),
       (532, 'syncA_given_name_dep5'),
       (533, 'syncA_passport_issue_date_dep6'),
       (534, 'syncA_ID_Number_shown_dep6'),
       (535, 'syncA_other_DOB_fm4'),
       (536, 'syncA_other_DOB_fm3'),
       (537, 'syncA_other_DOB_fm6'),
       (538, 'syncA_other_DOB_fm5'),
       (539, 'syncA_other_DOB_fm2'),
       (540, 'syncA_other_DOB_fm1'),
       (541, 'syncA_given_name_dep6'),
       (542, 'syncA_other_given_name'),
       (543, 'syncA_passport_country_of_issue_dep6'),
       (544, 'syncA_passport_country_of_issue_dep2'),
       (545, 'syncA_passport_country_of_issue_dep3'),
       (546, 'syncA_passport_country_of_issue_dep4'),
       (547, 'syncA_passport_country_of_issue_dep5'),
       (548, 'syncA_passport_country_of_issue_dep1'),
       (549, 'syncA_family_name_dep1'),
       (550, 'syncA_family_name_dep2'),
       (551, 'syncA_family_name_dep3'),
       (552, 'syncA_family_name_dep4'),
       (553, 'syncA_family_name_dep5'),
       (554, 'syncA_family_name_dep6'),
       (555, 'syncA_sex_dep6'),
       (556, 'syncA_sex_dep5'),
       (557, 'syncA_sex_dep2'),
       (558, 'syncA_sex_dep1'),
       (559, 'syncA_sex_dep4'),
       (560, 'syncA_sex_dep3'),
       (561, 'syncA_passport_country_of_issue_c6'),
       (562, 'syncA_passport_country_of_issue_c4'),
       (563, 'syncA_passport_country_of_issue_c5'),
       (564, 'syncA_passport_country_of_issue_c2'),
       (565, 'syncA_passport_country_of_issue_c3'),
       (566, 'syncA_occupation'),
       (567, 'syncA_POB_country_dep2'),
       (568, 'syncA_POB_country_dep1'),
       (569, 'syncA_POB_country_dep4'),
       (570, 'syncA_POB_country_dep3'),
       (571, 'syncA_POB_country_dep6'),
       (572, 'syncA_POB_country_dep5'),
       (573, 'syncA_passport_expiry_date_dep2'),
       (574, 'syncA_passport_expiry_date_dep3'),
       (575, 'syncA_passport_expiry_date_dep4'),
       (576, 'syncA_passport_expiry_date_dep5'),
       (577, 'syncA_passport_expiry_date_dep1'),
       (578, 'syncA_passport_expiry_date_dep6'),
       (579, 'syncA_passport_country_of_issue_c1'),
       (580, 'syncA_passport_issue_date_c3'),
       (581, 'syncA_passport_issue_date_c2'),
       (582, 'syncA_passport_issue_date_c1'),
       (583, 'syncA_passport_issue_date_c6'),
       (584, 'syncA_passport_issue_date_c5'),
       (585, 'syncA_passport_issue_date_c4'),
       (586, 'syncA_ID_Number_shown_s'),
       (587, 'syncA_country_of_citizenship_dep6'),
       (588, 'syncA_country_of_citizenship_dep4'),
       (589, 'syncA_country_of_citizenship_dep5'),
       (590, 'syncA_country_of_citizenship_dep2'),
       (591, 'syncA_country_of_citizenship_dep3'),
       (592, 'syncA_country_of_citizenship_dep1'),
       (593, 'syncA_passport_number_c4'),
       (594, 'syncA_passport_number_c3'),
       (595, 'syncA_passport_number_c2'),
       (596, 'syncA_passport_number_c1'),
       (597, 'syncA_passport_number_c6'),
       (598, 'syncA_passport_number_c5'),
       (599, 'syncA_other_marital_status_fm2'),
       (600, 'syncA_other_marital_status_fm1'),
       (601, 'syncA_other_marital_status_fm4'),
       (602, 'syncA_other_marital_status_fm3'),
       (603, 'syncA_other_marital_status_fm6'),
       (604, 'syncA_other_marital_status_fm5'),
       (605, 'syncA_other_marital_status_fm7'),
       (606, 'syncA_pass_expiry_date2_s'),
       (607, 'syncA_address3_s'),
       (608, 'syncA_passport_expiry_date_c6'),
       (609, 'syncA_passport_expiry_date_c5'),
       (610, 'syncA_passport_expiry_date_c4'),
       (611, 'syncA_passport_expiry_date_c3'),
       (612, 'syncA_passport_expiry_date_c2'),
       (613, 'syncA_passport_expiry_date_c1'),
       (614, 'syncA_address3'),
       (615, 'syncA_ID_document_coi_s'),
       (616, 'syncA_address_c1'),
       (617, 'syncA_address_c2'),
       (618, 'syncA_address_c3'),
       (619, 'syncA_address_c4'),
       (620, 'syncA_address_c5'),
       (621, 'syncA_imm5406_email_c1'),
       (622, 'syncA_imm5406_email_c2'),
       (623, 'syncA_imm5406_email_c3'),
       (624, 'syncA_imm5406_email_c4'),
       (625, 'syncA_imm5406_email_c5'),
       (626, 'syncA_credit_card_name'),
       (627, 'syncA_POB_province'),
       (628, 'syncA_ID_document_type'),
       (629, 'syncA_ID_number_shown'),
       (630, 'syncA_ID_document_poi'),
       (631, 'syncA_ID_document_doe'),
       (632, 'syncA_ID_document_doi'),
       (633, 'syncA_ID_document_coi'),
       (634, 'syncA_country_of_citizenship'),
       (635, 'syncA_country_of_citizenship_s'),
       (636, 'syncA_trading_name_b'),
       (637, 'syncA_sponsor_sex'),
       (638, 'syncA_sponsor_family_name'),
       (639, 'syncA_ARBN_b'),
       (640, 'syncA_country_of_citinzenship'),
       (641, 'syncA_address_cntry_b'),
       (642, 'syncA_sponsor_DOB'),
       (643, 'syncA_address_pc_b'),
       (644, 'syncA_address1_b'),
       (645, 'syncA_ABN_b'),
       (646, 'syncA_sponsor_given_name'),
       (647, 'syncA_entity_name_b'),
       (648, 'syncA_ACN_b'),
       (649, 'syncA_sex_c12'),
       (650, 'syncA_sex_c13'),
       (651, 'syncA_sex_c10'),
       (652, 'syncA_sex_c11'),
       (653, 'syncA_sex_c16'),
       (654, 'syncA_sex_c17'),
       (655, 'syncA_sex_c14'),
       (656, 'syncA_sex_c15'),
       (657, 'syncA_passport_number_s'),
       (658, 'syncA_DOB_sb11'),
       (659, 'syncA_DOB_sb10'),
       (660, 'syncA_country_of_residence_c15'),
       (661, 'syncA_country_of_residence_c16'),
       (662, 'syncA_country_of_residence_c17'),
       (663, 'syncA_country_of_residence_c10'),
       (664, 'syncA_country_of_residence_c12'),
       (665, 'syncA_country_of_residence_c13'),
       (666, 'syncA_country_of_residence_c14'),
       (667, 'syncA_passport_country_of_issue_s'),
       (668, 'syncA_other_names_sb11'),
       (669, 'syncA_other_names_sb10'),
       (670, 'syncA_passport_issue_date'),
       (671, 'syncA_ID_Number_shown'),
       (672, 'syncA_other_names_sb8'),
       (673, 'syncA_other_names_sb9'),
       (674, 'syncA_other_names_sb6'),
       (675, 'syncA_other_names_sb7'),
       (676, 'syncA_country_of_residence_sb10'),
       (677, 'syncA_country_of_residence_sb11'),
       (678, 'syncA_other_names_c9'),
       (679, 'syncA_other_names_c8'),
       (680, 'syncA_other_names_c7'),
       (681, 'syncA_passport_expiry_date_s'),
       (682, 'syncA_passport_expiry_date'),
       (683, 'syncA_DOB_c17'),
       (684, 'syncA_DOB_c10'),
       (685, 'syncA_DOB_c11'),
       (686, 'syncA_DOB_c12'),
       (687, 'syncA_DOB_c13'),
       (688, 'syncA_DOB_c14'),
       (689, 'syncA_DOB_c15'),
       (690, 'syncA_DOB_c16'),
       (691, 'syncA_other_names_c13'),
       (692, 'syncA_other_names_c14'),
       (693, 'syncA_other_names_c11'),
       (694, 'syncA_other_names_c12'),
       (695, 'syncA_other_names_c10'),
       (696, 'syncA_other_names_c17'),
       (697, 'syncA_other_names_c15'),
       (698, 'syncA_other_names_c16'),
       (699, 'syncA_sex_c9'),
       (700, 'syncA_DOB_sb9'),
       (701, 'syncA_passport_issue_date_s'),
       (702, 'syncA_native_language_s'),
       (703, 'syncA_country_of_residence_c9'),
       (704, 'syncA_sex_sb9'),
       (705, 'syncA_will_accompany_you_to_AU_s'),
       (706, 'syncA_sex_sb11'),
       (707, 'syncA_sex_sb10'),
       (708, 'syncA_passport_country_of_issue'),
       (709, 'syncA_DOB_c9'),
       (710, 'syncA_nationality'),
       (711, 'syncA_ID_given_name_shown'),
       (712, 'syncA_address4'),
       (713, 'syncA_ID_family_name_shown'),
       (714, 'syncA_marital_status_c17'),
       (715, 'syncA_country_of_residence_c11'),
       (716, 'syncA_country_of_residence_sb9'),
       (717, 'syncA_marital_status_c9'),
       (718, 'syncA_marital_status_sb10'),
       (719, 'syncA_marital_status_sb11'),
       (720, 'syncA_will_accompany_you_to_AU_c3'),
       (721, 'syncA_will_accompany_you_to_AU_c2'),
       (722, 'syncA_will_accompany_you_to_AU_c1'),
       (723, 'syncA_will_accompany_you_to_AU_c6'),
       (724, 'syncA_will_accompany_you_to_AU_c4'),
       (725, 'syncA_will_accompany_you_to_AU_c5'),
       (726, 'syncA_marital_status_sb9'),
       (727, 'syncA_marital_status_c12'),
       (728, 'syncA_marital_status_c11'),
       (729, 'syncA_marital_status_c10'),
       (730, 'syncA_marital_status_c16'),
       (731, 'syncA_marital_status_c15'),
       (732, 'syncA_marital_status_c14'),
       (733, 'syncA_marital_status_c13'),
       (734, 'syncA_address2_b'),
       (735, 'syncA_fax_ac_b'),
       (736, 'syncA_name_giv_b'),
       (737, 'syncA_ASX_b'),
       (738, 'syncA_email_b'),
       (739, 'syncA_industry_type_b'),
       (740, 'syncA_name_fam_b'),
       (741, 'syncA_address_town_b'),
       (742, 'syncA_ac_b'),
       (743, 'syncA_fax_b'),
       (744, 'syncA_address_state_b'),
       (745, 'syncA_operational_since_b'),
       (746, 'syncA_ph_no_b'),
       (747, 'syncA_level_of_education_3_s'),
       (748, 'syncA_ID_number_shown_s'),
       (749, 'syncA_level_of_education_5_s'),
       (750, 'syncA_migrate'),
       (751, 'syncA_occupation_7_s'),
       (752, 'syncA_occupation_2'),
       (753, 'syncA_occupation_1'),
       (754, 'syncA_occupation_8'),
       (755, 'syncA_level_of_education_1_s'),
       (756, 'syncA_occupation_7'),
       (757, 'syncA_occupation_4'),
       (758, 'syncA_occupation_3'),
       (759, 'syncA_occupation_6'),
       (760, 'syncA_occupation_5'),
       (761, 'syncA_occupation_5_s'),
       (762, 'syncA_occupation_1_s'),
       (763, 'syncA_passport_country'),
       (764, 'syncA_occupation_3_s'),
       (765, 'syncA_cntry_of_residence'),
       (766, 'syncA_level_of_education_2_s'),
       (767, 'syncA_level_of_education_4_s'),
       (768, 'syncA_level_of_education_4'),
       (769, 'syncA_level_of_education_3'),
       (770, 'syncA_level_of_education_5'),
       (771, 'syncA_level_of_education_2'),
       (772, 'syncA_level_of_education_1'),
       (773, 'syncA_occupation_6_s'),
       (774, 'syncA_occupation_4_s'),
       (775, 'syncA_occupation_2_s'),
       (776, 'syncA_passport_country_s'),
       (777, 'syncA_address2_c1'),
       (778, 'syncA_address2_c2'),
       (779, 'syncA_address2_c5'),
       (780, 'syncA_address2_c6'),
       (781, 'syncA_address2_c3'),
       (782, 'syncA_address2_c4'),
       (783, 'syncA_passport_country_c6'),
       (784, 'syncA_passport_country_c5'),
       (785, 'syncA_passport_country_c4'),
       (786, 'syncA_passport_country_c3'),
       (787, 'syncA_passport_country_c2'),
       (788, 'syncA_passport_country_c1'),
       (789, 'syncA_address1_c2'),
       (790, 'syncA_address1_c3'),
       (791, 'syncA_address1_c4'),
       (792, 'syncA_address1_c5'),
       (793, 'syncA_address1_c6'),
       (794, 'syncA_address1_c1'),
       (795, 'syncA_address_cntry_c6'),
       (796, 'syncA_address_cntry_c4'),
       (797, 'syncA_address_cntry_c5'),
       (798, 'syncA_address_cntry_c2'),
       (799, 'syncA_address_cntry_c3'),
       (800, 'syncA_address_cntry_c1'),
       (801, 'syncA_address_pc_c2'),
       (802, 'syncA_address_pc_c3'),
       (803, 'syncA_address_pc_c4'),
       (804, 'syncA_address_pc_c5'),
       (805, 'syncA_address_pc_c6'),
       (806, 'syncA_passport_expiry_country'),
       (807, 'syncA_passport_name'),
       (808, 'syncA_pass_type'),
       (809, 'syncA_address2_b2'),
       (810, 'syncA_address1_b2'),
       (811, 'syncA_address_cntry_b2'),
       (812, 'syncA_passport_country_of_residence'),
       (813, 'syncA_address_pc_b2'),
       (814, 'syncA_sponsor_POB_country'),
       (815, 'syncA_sponsor_POB_city'),
       (816, 'syncA_office_ph_no_mag'),
       (817, 'syncA_adresss_pc'),
       (818, 'syncA_status_in_country_of_residence_sb11'),
       (819, 'syncA_status_in_country_of_residence_sb10'),
       (820, 'syncA_status_in_country_of_residence_sb9'),
       (821, 'syncA_status_in_country_of_residence_sb8'),
       (822, 'syncA_status_in_country_of_residence_sb7'),
       (823, 'syncA_status_in_country_of_residence_sb6'),
       (824, 'syncA_status_in_country_of_residence_sb5'),
       (825, 'syncA_status_in_country_of_residence_sb4'),
       (826, 'syncA_status_in_country_of_residence_sb3'),
       (827, 'syncA_status_in_country_of_residence_sb2'),
       (828, 'syncA_status_in_country_of_residence_sb1'),
       (829, 'syncA_relationship_to_you_sb10'),
       (830, 'syncA_relationship_to_you_sb11'),
       (831, 'syncA_adresss2'),
       (832, 'syncA_adresss1'),
       (833, 'syncA_POB_country_sb8'),
       (834, 'syncA_POB_country_sb7'),
       (835, 'syncA_POB_country_sb6'),
       (836, 'syncA_POB_country_sb9'),
       (837, 'syncA_family_name_sb10'),
       (838, 'syncA_family_name_sb11'),
       (839, 'syncA_family_name_sb9'),
       (840, 'syncA_POB_country_c7'),
       (841, 'syncA_POB_country_sb11'),
       (842, 'syncA_POB_country_sb10'),
       (843, 'syncA_status_in_country_of_residence_c7'),
       (844, 'syncA_status_in_country_of_residence_c5'),
       (845, 'syncA_status_in_country_of_residence_c6'),
       (846, 'syncA_status_in_country_of_residence_c3'),
       (847, 'syncA_status_in_country_of_residence_c4'),
       (848, 'syncA_status_in_country_of_residence_c1'),
       (849, 'syncA_status_in_country_of_residence_c2'),
       (850, 'syncA_adresss_cntry'),
       (851, 'syncA_relationship_to_you_sb9'),
       (852, 'syncA_ap_res_dcg'),
       (853, 'syncA_47sp_ap_prev_marriage_child'),
       (854, 'syncA_47sp_ap_prev_dob'),
       (855, 'syncA_ap_ch_smug'),
       (856, 'syncA_ap_res_citiz'),
       (857, 'syncA_47sp_ap_prev_dom'),
       (858, 'syncA_47sp_ap_fiance_prev_defacto_child'),
       (859, 'syncA_ap_ch_crime_ala'),
       (860, 'syncA_47sp_ap_place_married'),
       (861, 'syncA_47sp_ap_previous_defacto_name'),
       (862, 'syncA_47sp_ap_previous_spouse_name'),
       (863, 'syncA_47sp_ap_prev_defacto_dor_end'),
       (864, 'syncA_ap_ch_crime'),
       (865, 'syncA_47sp_ap_prev_defacto_child'),
       (866, 'syncA_47sp_ap_prev_defacto'),
       (867, 'syncA_F40_sp_undr_18'),
       (868, 'syncA_ap_res_doa'),
       (869, 'syncA_passport_poi_s'),
       (870, 'syncA_ap_ch_dep'),
       (871, 'syncA_ap_rel_par'),
       (872, 'syncA_47sp_ap_meet_place'),
       (873, 'syncA_as_after_ac_s'),
       (874, 'syncA_47sp_ap_other_marriage'),
       (875, 'syncA_47sp_ap_prev_spouse_dom_end'),
       (876, 'syncA_47sp_ap_prev_dom_end'),
       (877, 'syncA_ap_rel_child'),
       (878, 'syncA_ap_rel_defact'),
       (879, 'syncA_47sp_ap_prev_spouse_dob'),
       (880, 'syncA_ap_home_type_dtl'),
       (881, 'syncA_47sp_ap_prev_spouse_dom'),
       (882, 'syncA_drb'),
       (883, 'syncA_as_office_ph_no_2_s'),
       (884, 'syncA_47sp_ap_fiance_previous_defacto_name'),
       (885, 'syncA_dom'),
       (886, 'syncA_as_office_cc_s'),
       (887, 'syncA_as_email_s'),
       (888, 'syncA_prev_sponsored_partner_times'),
       (889, 'syncA_ap_dwell'),
       (890, 'syncA_sp_house_dtl'),
       (891, 'syncA_as_after_ph_no_2_s'),
       (892, 'syncA_ap_dwell_type'),
       (893, 'syncA_ap_ch_dtls'),
       (894, 'syncA_47sp_ap_fiance_prev_defacto'),
       (895, 'syncA_as_after_cc_s'),
       (896, 'syncA_as_office_ac_s'),
       (897, 'syncA_47sp_ap_prev_defacto_dor'),
       (898, 'syncA_sp_cntry_dt_fr_4'),
       (899, 'syncA_sp_cntry_dt_fr_5'),
       (900, 'syncA_sp_cntry_dt_fr_6'),
       (901, 'syncA_sp_cntry_dt_fr_7'),
       (902, 'syncA_sp_cntry_dt_fr_8'),
       (903, 'syncA_sp_cntry_dt_fr_1'),
       (904, 'syncA_sp_cntry_dt_fr_2'),
       (905, 'syncA_sp_cntry_dt_fr_3'),
       (906, 'syncA_ap_ch_excl'),
       (907, 'syncA_ap_ch_war'),
       (908, 'syncA_ap_ch_security_risk'),
       (909, 'syncA_47sp_ap_fiance_prev_defacto_dor_end'),
       (910, 'syncA_47sp_ap_prev_defacto_dob'),
       (911, 'syncA_47sp_ap_fiance_other'),
       (912, 'syncA_47sp_ap_meet_date'),
       (913, 'syncA_47sp_ap_previous_marriage_end'),
       (914, 'syncA_ap_rel_sib'),
       (915, 'syncA_doim'),
       (916, 'syncA_sp_cntry_add_7'),
       (917, 'syncA_sp_cntry_add_6'),
       (918, 'syncA_sp_cntry_add_8'),
       (919, 'syncA_ap_rel_other'),
       (920, 'syncA_sp_cntry_dt_to_8'),
       (921, 'syncA_sp_cntry_dt_to_7'),
       (922, 'syncA_sp_cntry_dt_to_6'),
       (923, 'syncA_sp_cntry_dt_to_5'),
       (924, 'syncA_sp_cntry_dt_to_4'),
       (925, 'syncA_sp_cntry_dt_to_3'),
       (926, 'syncA_sp_cntry_dt_to_2'),
       (927, 'syncA_sp_cntry_dt_to_1'),
       (928, 'syncA_ap_live_no'),
       (929, 'syncA_47sp_ap_fiance_prev_spouse_divorce'),
       (930, 'syncA_ap_ch_mil'),
       (931, 'syncA_sp_rel_sp_dtl'),
       (932, 'syncA_sp_cntry_add_1'),
       (933, 'syncA_sp_cntry_add_3'),
       (934, 'syncA_sp_cntry_add_2'),
       (935, 'syncA_sp_cntry_add_5'),
       (936, 'syncA_sp_cntry_add_4'),
       (937, 'syncA_sp_cntry_lived_7'),
       (938, 'syncA_sp_cntry_lived_8'),
       (939, 'syncA_ap_bedrm_no'),
       (940, 'syncA_sp_cntry_lived_1'),
       (941, 'syncA_sp_cntry_lived_2'),
       (942, 'syncA_sp_cntry_lived_3'),
       (943, 'syncA_sp_cntry_lived_4'),
       (944, 'syncA_sp_cntry_lived_5'),
       (945, 'syncA_sp_cntry_lived_6'),
       (946, 'syncA_47sp_ap_fiance_prev_spouse_name'),
       (947, 'syncA_prev_sponsored_partner'),
       (948, 'syncA_ap_ch_left_b4_dep'),
       (949, 'syncA_47sp_ap_fiance_prev_defacto_dor'),
       (950, 'syncA_ap_ch_acq'),
       (951, 'syncA_47sp_ap_fiance_prev_defacto_dob'),
       (952, 'syncA_ap_rel_sp'),
       (953, 'syncA_ap_res_length'),
       (954, 'syncA_ap_ch_pending'),
       (955, 'syncA_47sp_ap_prev_spouse_child'),
       (956, 'syncA_entitiy_name_b'),
       (957, 'syncA_address3_b'),
       (958, 'syncA_address4_b'),
       (959, 'syncA_name_type'),
       (960, 'syncA_address'),
       (961, 'syncA_Employer_Contact_Name'),
       (962, 'syncA_dob'),
       (963, 'syncA_OB_c1'),
       (964, 'syncA_ID_number_shown_c1'),
       (965, 'syncA_native_language_c1'),
       (966, 'syncA_address_pc_c1'),
       (1034, 'syncA_entity_name'),
       (1035, 'syncA_trading_name'),
       (1036, 'syncA_australian_business_number'),
       (1037, 'syncA_australian_company_number'),
       (1038, 'syncA_australian_registered_body_number'),
       (1039, 'syncA_australian_securities_exchange_code'),
       (1040, 'syncA_operational_since'),
       (1041, 'syncA_industry_type'),
       (1042, 'syncA_business_email'),
       (1043, 'syncA_nomination_occupation'),
       (1044, 'syncA_business_fax_number'),
       (1045, 'syncA_business_address_1'),
       (1046, 'syncA_business_address_2'),
       (1047, 'syncA_business_town'),
       (1048, 'syncA_business_state'),
       (1049, 'syncA_business_postcode'),
       (1050, 'syncA_business_country'),
       (1051, 'syncA_business_phone_number'),
       (1093, 'syncA_english_test_scores'),
       (1094, 'syncA_date_of_english_test'),
       (1095, 'syncA_pass_expiry_date1_c7'),
       (1096, 'syncA_pass_expiry_date1_c8'),
       (1097, 'syncA_pass_expiry_date1_c9'),
       (1098, 'syncA_pass_expiry_date1_c10'),
       (1099, 'syncA_family_name_c9'),
       (1100, 'syncA_family_name_c10'),
       (1101, 'syncA_given_name_c9'),
       (1102, 'syncA_given_name_c10'),
       (1103, 'syncA_Ext_FirstName'),
       (1104, 'syncA_Ext_LastName'),
       (1105, 'syncA_Gender'),
       (1106, 'syncA_BirthPlaceCity'),
       (1107, 'syncA_BirthPlaceCountry'),
       (1108, 'syncA_Citizenship'),
       (1109, 'syncA_PassportNo'),
       (1110, 'syncA_PassportIssueDate'),
       (1111, 'syncA_PassportExpiryDate'),
       (1112, 'syncA_ResAddrLine'),
       (1113, 'syncA_ResCity'),
       (1114, 'syncA_ResProvince'),
       (1115, 'syncA_ResCountry'),
       (1116, 'syncA_ResPostal'),
       (1117, 'syncA_Telephone'),
       (1118, 'syncA_Cellular'),
       (1119, 'syncA_MailingAddrLine'),
       (1120, 'syncA_MailingCity'),
       (1121, 'syncA_MailingProvince'),
       (1122, 'syncA_MailingCountry'),
       (1123, 'syncA_MailingPostal'),
       (1124, 'syncA_ExpressEntryProfileNumber'),
       (1125, 'syncA_SubmissionExpireDate'),
       (1126, 'syncA_CandidateFirstName'),
       (1127, 'syncA_CandidateLastName'),
       (1128, 'syncA_CompanyName'),
       (1129, 'syncA_OperatingAs'),
       (1130, 'syncA_WorkCompWebsite'),
       (1131, 'syncA_Owner'),
       (1132, 'syncA_TypeOfCompany'),
       (1133, 'syncA_DateEstablished'),
       (1134, 'syncA_NumberOfEmployees'),
       (1135, 'syncA_NumberOfForeignEmployees'),
       (1136, 'syncA_PublicPrivateCompany'),
       (1137, 'syncA_PrimaryLanguageOfBusiness'),
       (1138, 'syncA_BusAddrLine'),
       (1139, 'syncA_BusCity'),
       (1140, 'syncA_BusProvince'),
       (1141, 'syncA_BusCountry'),
       (1142, 'syncA_BusPostal'),
       (1143, 'syncA_BusMailingAddrLine'),
       (1144, 'syncA_BusMailingCity'),
       (1145, 'syncA_BusMailingProvince'),
       (1146, 'syncA_BusMailingCountry'),
       (1147, 'syncA_BusMailingPostal'),
       (1148, 'syncA_ContactName'),
       (1149, 'syncA_ContactTitle'),
       (1150, 'syncA_ContactEmailAddress'),
       (1151, 'syncA_ContactPhoneNumber'),
       (1152, 'syncA_ContactFaxNumber'),
       (1153, 'syncA_representative_first_name'),
       (1154, 'syncA_representative_last_name'),
       (1155, 'syncA_representative_organization'),
       (1156, 'syncA_representative_phone'),
       (1157, 'syncA_representative_phone_alt'),
       (1158, 'syncA_representative_email'),
       (1159, 'syncA_representative_city'),
       (1160, 'syncA_representative_state'),
       (1161, 'syncA_representative_postal_code'),
       (1162, 'syncA_representative_country'),
       (1163, 'syncA_representative_address_line'),
       (1164, 'syncA_application_fee_paid'),
       (1165, 'syncA_initial_submission_received_date'),
       (1166, 'syncA_JobTitle'),
       (1167, 'syncA_JobLocation'),
       (1168, 'syncA_JobNOC'),
       (1169, 'syncA_TypeOfEmployment'),
       (1170, 'syncA_EmployeeHoursPerWeek'),
       (1171, 'syncA_EmployeeSalary'),
       (1172, 'syncA_PositionLanguageRequired'),
       (1173, 'syncA_ReceiveLMIA'),
       (1174, 'syncA_EmploymentStandardsRegulated'),
       (1175, 'syncA_registered_company_name'),
       (1176, 'syncA_InterviewLocation'),
       (1177, 'syncA_EmployeeMedianWage'),
       (1178, 'syncA_FamilyMembersCount');

-- --------------------------------------------------------

--
-- Table structure for table `FormTemplates`
--

CREATE TABLE `FormTemplates`
(
    `template_id` int(11) UNSIGNED NOT NULL,
    `folder_id`   int(11) UNSIGNED DEFAULT NULL,
    `name`        varchar(255)     DEFAULT '',
    `body`        longtext
) ENGINE = InnoDB
  DEFAULT CHARSET = utf8 COMMENT ='List of templates that can be showed in specific folder.';

-- --------------------------------------------------------

--
-- Table structure for table `FormUpload`
--

CREATE TABLE `FormUpload`
(
    `FormId`   int(10) UNSIGNED NOT NULL,
    `FolderId` int(10) UNSIGNED NOT NULL
) ENGINE = InnoDB
  DEFAULT CHARSET = utf8 COMMENT ='Mapping between pdf forms and their folders, where they will be showed.';

--
-- Dumping data for table `FormUpload`
--

INSERT INTO `FormUpload` (`FormId`, `FolderId`)
VALUES (1, 31),
       (2, 31),
       (3, 32),
       (4, 32),
       (5, 32),
       (6, 32),
       (7, 32),
       (8, 32),
       (9, 32),
       (10, 32),
       (11, 32),
       (12, 32);

-- --------------------------------------------------------

--
-- Table structure for table `FormVersion`
--

CREATE TABLE `FormVersion`
(
    `FormVersionId` int(10) UNSIGNED NOT NULL,
    `FormId`        int(10) UNSIGNED NOT NULL,
    `FormType`      enum ('','bar')  NOT NULL DEFAULT '',
    `VersionDate`   datetime         NOT NULL,
    `FilePath`      varchar(255)     NOT NULL,
    `Size`          varchar(45)      NOT NULL,
    `UploadedDate`  datetime         NOT NULL,
    `UploadedBy`    bigint(20)       NOT NULL,
    `FileName`      varchar(255)     NOT NULL,
    `Note1`         varchar(255)     NOT NULL,
    `Note2`         varchar(255)     NOT NULL
) ENGINE = InnoDB
  DEFAULT CHARSET = utf8 COMMENT ='List of pdf forms versions. Each form can have different version. All of them are saved here.';

--
-- Dumping data for table `FormVersion`
--

INSERT INTO `FormVersion` (`FormVersionId`, `FormId`, `FormType`, `VersionDate`, `FilePath`, `Size`, `UploadedDate`,
                           `UploadedBy`, `FileName`, `Note1`, `Note2`)
VALUES (1, 1, '', '2019-04-25 08:11:53', 'EDS-Employer_Eligibility_Application.pdf', '0Kb', '2019-04-25 08:11:53', 1,
        'EDS-Employer Eligibility Application', '', ''),
       (2, 2, '', '2019-04-25 08:11:53', 'EDS-Foreign_National_Submission.pdf', '0Kb', '2019-04-25 08:11:53', 2,
        'EDS-Foreign National Submission', '', ''),
       (3, 3, '', '2019-04-25 08:11:53', 'BNP-Initial_Registration.pdf', '0Kb', '2019-04-25 08:11:53', 3,
        'BNP-Initial Registration', '', ''),
       (4, 4, '', '2019-04-25 08:11:53', 'BNP-Pre_Interview_Submission.pdf', '0Kb', '2019-04-25 08:11:53', 4,
        'BNP-Pre-interview Submission', '', ''),
       (5, 5, '', '2019-04-25 08:11:56', 'BNP-Expression_Of_Interest.pdf', '0Kb', '2019-04-25 08:11:56', 5,
        'BNP-Expression Of Interest', '', ''),
       (6, 6, '', '2019-04-25 08:11:56', 'BNP-Formal_Application.pdf', '0Kb', '2019-04-25 08:11:56', 6,
        'BNP-Formal Application', '', ''),
       (7, 7, '', '2019-04-25 08:11:56', 'BNP-Good_Faith_Deposit.pdf', '0Kb', '2019-04-25 08:11:56', 7,
        'BNP-Good Faith Deposit', '', ''),
       (8, 8, '', '2019-04-25 08:11:56', 'BNP-Arrival_Report.pdf', '0Kb', '2019-04-25 08:11:56', 8,
        'BNP-Arrival Report', '', ''),
       (9, 9, '', '2019-04-25 08:11:56', 'BNP-BPA_Interim_Report_One.pdf', '0Kb', '2019-04-25 08:11:56', 9,
        'BNP-BPA Interim Report One', '', ''),
       (10, 10, '', '2019-04-25 08:11:56', 'BNP-BPA_Interim_Report_Two.pdf', '0Kb', '2019-04-25 08:11:56', 9,
        'BNP-BPA Interim Report Two', '', ''),
       (11, 11, '', '2019-04-25 08:11:56', 'BNP-BPA_Interim_Report_Three.pdf', '0Kb', '2019-04-25 08:11:56', 9,
        'BNP-BPA Interim Report Three', '', ''),
       (12, 12, '', '2019-04-25 08:11:57', 'BNP-Final_Report.pdf', '0Kb', '2019-04-25 08:11:57', 10, 'BNP-Final Report',
        '', '');

-- --------------------------------------------------------

--
-- Table structure for table `form_default`
--

CREATE TABLE `form_default`
(
    `form_default_id` int(10) UNSIGNED NOT NULL,
    `company_id`      bigint(20)       NOT NULL,
    `form_version_id` int(10) UNSIGNED NOT NULL,
    `updated_by`      bigint(20) DEFAULT NULL,
    `updated_on`      datetime   DEFAULT NULL
) ENGINE = InnoDB
  DEFAULT CHARSET = utf8 COMMENT ='Each form version can be marked as default. This is a place where these defaults are defined.';

-- --------------------------------------------------------

--
-- Table structure for table `hst_companies`
--

CREATE TABLE `hst_companies`
(
    `province_id`    int(11) UNSIGNED                      NOT NULL,
    `province`       char(255)                                      DEFAULT NULL,
    `rate`           double(13, 4) UNSIGNED                         DEFAULT NULL,
    `tax_label`      char(255)                                      DEFAULT 'GST',
    `tax_type`       enum ('exempt','included','excluded') NOT NULL DEFAULT 'excluded',
    `is_system`      enum ('Y','N')                        NOT NULL DEFAULT 'N',
    `province_order` tinyint(3)                            NOT NULL DEFAULT '2'
) ENGINE = InnoDB
  DEFAULT CHARSET = utf8 COMMENT ='List of GST/HST taxes that are used during taxes calculations by companies (e.g. in T/A).';

--
-- Dumping data for table `hst_companies`
--

INSERT INTO `hst_companies` (`province_id`, `province`, `rate`, `tax_label`, `tax_type`, `is_system`, `province_order`)
VALUES (0, 'GST Exempt', 0.0000, 'GST', 'exempt', 'Y', 0),
       (15, 'GST (10%) Included', 10.0000, 'GST', 'included', 'Y', 1),
       (16, 'Add', 10.0000, 'GST', 'excluded', 'N', 2);

-- --------------------------------------------------------

--
-- Table structure for table `hst_officio`
--

CREATE TABLE `hst_officio`
(
    `province_id`    int(11) UNSIGNED                      NOT NULL,
    `province`       char(255)                                      DEFAULT NULL,
    `rate`           double(13, 4) UNSIGNED                         DEFAULT NULL,
    `tax_label`      char(255)                                      DEFAULT 'GST',
    `tax_type`       enum ('exempt','included','excluded') NOT NULL DEFAULT 'excluded',
    `is_system`      enum ('Y','N')                        NOT NULL DEFAULT 'N',
    `province_order` tinyint(3)                            NOT NULL DEFAULT '2'
) ENGINE = InnoDB
  DEFAULT CHARSET = utf8 COMMENT ='List of GST/HST taxes that are used during taxes calculations (when try to charge companies);';

--
-- Dumping data for table `hst_officio`
--

INSERT INTO `hst_officio` (`province_id`, `province`, `rate`, `tax_label`, `tax_type`, `is_system`, `province_order`)
VALUES (0, 'GST Exempt', 0.0000, 'GST', 'exempt', 'Y', 0),
       (15, 'GST (10%) Included', 10.0000, 'GST', 'included', 'Y', 1),
       (16, 'Add', 10.0000, 'GST', 'excluded', 'N', 2);

-- --------------------------------------------------------

--
-- Table structure for table `letterheads`
--

CREATE TABLE `letterheads`
(
    `letterhead_id`   int(11)    NOT NULL,
    `company_id`      bigint(20) NOT NULL,
    `name`            varchar(50)          DEFAULT NULL,
    `create_date`     date                 DEFAULT NULL,
    `type`            enum ('a4','letter') DEFAULT NULL,
    `created_by`      bigint(20) NOT NULL,
    `same_subsequent` int(1)               DEFAULT '1'
) ENGINE = InnoDB
  DEFAULT CHARSET = utf8 COMMENT ='List of letteheads that can be used as templates.';

-- --------------------------------------------------------

--
-- Table structure for table `letterheads_files`
--

CREATE TABLE `letterheads_files`
(
    `letterhead_file_id` int(11)     NOT NULL,
    `letterhead_id`      int(11)     NOT NULL,
    `file_name`          varchar(50) NOT NULL,
    `size`               varchar(45) DEFAULT NULL,
    `margin_left`        int(11)     DEFAULT NULL,
    `margin_top`         int(11)     DEFAULT NULL,
    `margin_right`       int(11)     DEFAULT NULL,
    `margin_bottom`      int(11)     DEFAULT NULL,
    `number`             int(11)     DEFAULT NULL
) ENGINE = InnoDB
  DEFAULT CHARSET = utf8 COMMENT ='List of lettehead files that can be used as templates.';

-- --------------------------------------------------------

--
-- Table structure for table `members`
--

CREATE TABLE `members`
(
    `member_id`                   bigint(20)      NOT NULL,
    `company_id`                  bigint(20)               DEFAULT NULL,
    `division_group_id`           int(11) UNSIGNED         DEFAULT NULL,
    `userType`                    int(2) UNSIGNED NOT NULL,
    `username`                    varchar(50)              DEFAULT NULL,
    `password`                    varchar(200)             DEFAULT NULL,
    `emailAddress`                varchar(255)             DEFAULT NULL,
    `fName`                       varchar(255)             DEFAULT NULL,
    `lName`                       varchar(255)    NOT NULL DEFAULT '',
    `regTime`                     int(11)                  DEFAULT NULL,
    `lastLogin`                   int(11)                  DEFAULT NULL,
    `status`                      tinyint(1)      NOT NULL DEFAULT '0',
    `login_enabled`               enum ('Y','N')  NOT NULL DEFAULT 'N',
    `login_temporary_disabled_on` datetime                 DEFAULT NULL,
    `disabled_timestamp`          int(11)         NOT NULL DEFAULT '0',
    `password_change_date`        int(11)                  DEFAULT NULL,
    `last_access`                 int(11)                  DEFAULT NULL,
    `logged_in`                   enum ('Y','N')           DEFAULT NULL
) ENGINE = InnoDB
  DEFAULT CHARSET = utf8 COMMENT ='Main table that contains all kind of users and clients.';

--
-- Dumping data for table `members`
--

INSERT INTO `members` (`member_id`, `company_id`, `division_group_id`, `userType`, `username`, `password`,
                       `emailAddress`, `fName`, `lName`, `regTime`, `lastLogin`, `status`, `login_enabled`,
                       `login_temporary_disabled_on`, `disabled_timestamp`, `password_change_date`, `last_access`,
                       `logged_in`)
VALUES (1, 0, 1, 1, 'superadmin', '$2y$11$w43fM7eifMVgzJY0SHVoje/mTep/dyBRi46PRcw.A0NIbKcCHo4Fi', 'georges@uniques.ca',
        'Super', 'Admin', 1246366677, 1568918421, 1, 'Y', NULL, 0, NULL, 1568918511, 'N'),
       (2, 2, 3, 2, 'admin', '$2y$11$UzJDP0WcJa9/qu4ZjHNW0e32ijTNHlkvrR4OR62sZKVGK3Qx.Itl.', 'georges@uniques.ca',
        'Admin', 'Admin', 1246366677, 1567697630, 1, 'Y', NULL, 0, 1568918489, 1567697962, 'N');

-- --------------------------------------------------------

--
-- Table structure for table `members_divisions`
--

CREATE TABLE `members_divisions`
(
    `member_id`   bigint(20)                                                 DEFAULT NULL,
    `division_id` int(11) UNSIGNED NOT NULL,
    `type`        enum ('access_to','responsible_for','pull_from','push_to') DEFAULT 'access_to'
) ENGINE = InnoDB
  DEFAULT CHARSET = utf8 COMMENT ='List of assigned offices/divisions to users/clients.';

--
-- Dumping data for table `members_divisions`
--

INSERT INTO `members_divisions` (`member_id`, `division_id`, `type`)
VALUES (2, 241, 'access_to'),
       (2, 242, 'access_to'),
       (2, 243, 'access_to'),
       (2, 244, 'access_to'),
       (2, 245, 'access_to'),
       (2, 246, 'access_to'),
       (2, 247, 'access_to'),
       (2, 248, 'access_to'),
       (2, 249, 'access_to'),
       (2, 250, 'access_to'),
       (2, 251, 'access_to'),
       (2, 252, 'access_to'),
       (2, 253, 'access_to'),
       (2, 254, 'access_to'),
       (2, 255, 'access_to');

-- --------------------------------------------------------

--
-- Table structure for table `members_last_access`
--

CREATE TABLE `members_last_access`
(
    `member_id`      bigint(20) NOT NULL,
    `view_member_id` bigint(20) NOT NULL,
    `access_date`    datetime DEFAULT NULL
) ENGINE = InnoDB
  DEFAULT CHARSET = utf8 COMMENT ='List of last accessed cases by users.';

-- --------------------------------------------------------

--
-- Table structure for table `members_last_passwords`
--

CREATE TABLE `members_last_passwords`
(
    `member_id` bigint(20)       NOT NULL,
    `password`  varchar(200)     NOT NULL,
    `timestamp` int(11) UNSIGNED NOT NULL
) ENGINE = InnoDB
  DEFAULT CHARSET = utf8 COMMENT ='List of last passwords used by users/clients. We save them here and check if new passwords are not the same as X last passwords.';

-- --------------------------------------------------------

--
-- Table structure for table `members_password_retrievals`
--

CREATE TABLE `members_password_retrievals`
(
    `id`         int(11) UNSIGNED NOT NULL,
    `member_id`  bigint(20)       NOT NULL,
    `hash`       varchar(40)      NOT NULL,
    `expiration` int(11)          NOT NULL COMMENT 'datetime when hash will be expired'
) ENGINE = InnoDB
  DEFAULT CHARSET = utf8 COMMENT ='Used during passwords restoring mechanism.';

-- --------------------------------------------------------

--
-- Table structure for table `members_pua`
--

CREATE TABLE `members_pua`
(
    `pua_id`                                               int(11) UNSIGNED                              NOT NULL,
    `member_id`                                            bigint(20)                                    NOT NULL,
    `pua_type`                                             enum ('designated_person','business_contact') NOT NULL,
    `pua_designated_person_type`                           enum ('responsible_person','authorized_representative') DEFAULT NULL,
    `pua_designated_person_form`                           varchar(255)                                            DEFAULT NULL,
    `pua_designated_person_full_name`                      varchar(255)                                            DEFAULT NULL,
    `pua_designated_person_given_name`                     varchar(255)                                            DEFAULT NULL,
    `pua_designated_person_family_name`                    varchar(255)                                            DEFAULT NULL,
    `pua_designated_person_primary_address`                varchar(255)                                            DEFAULT NULL,
    `pua_designated_person_secondary_address`              varchar(255)                                            DEFAULT NULL,
    `pua_designated_person_phone`                          varchar(255)                                            DEFAULT NULL,
    `pua_designated_person_email`                          varchar(255)                                            DEFAULT NULL,
    `pua_designated_person_primary_rcic_full_name`         varchar(255)                                            DEFAULT NULL,
    `pua_designated_person_primary_rcic_given_name`        varchar(255)                                            DEFAULT NULL,
    `pua_designated_person_primary_rcic_family_name`       varchar(255)                                            DEFAULT NULL,
    `pua_designated_person_primary_rcic_primary_address`   varchar(255)                                            DEFAULT NULL,
    `pua_designated_person_primary_rcic_secondary_address` varchar(255)                                            DEFAULT NULL,
    `pua_designated_person_primary_rcic_phone`             varchar(255)                                            DEFAULT NULL,
    `pua_designated_person_primary_rcic_email`             varchar(255)                                            DEFAULT NULL,
    `pua_business_contact_name`                            varchar(255)                                            DEFAULT NULL,
    `pua_business_contact_or_service`                      varchar(255)                                            DEFAULT NULL,
    `pua_business_contact_phone`                           varchar(255)                                            DEFAULT NULL,
    `pua_business_contact_email`                           varchar(255)                                            DEFAULT NULL,
    `pua_business_contact_username`                        varchar(255)                                            DEFAULT NULL,
    `pua_business_contact_password`                        varchar(255)                                            DEFAULT NULL,
    `pua_business_contact_instructions`                    text,
    `pua_created_by`                                       bigint(20)                                              DEFAULT NULL,
    `pua_created_on`                                       datetime                                      NOT NULL,
    `pua_updated_by`                                       bigint(20)                                              DEFAULT NULL,
    `pua_updated_on`                                       datetime                                                DEFAULT NULL
) ENGINE = InnoDB
  DEFAULT CHARSET = utf8 COMMENT ='Members Planned or Unplanned Absence (i.e. death)';

-- --------------------------------------------------------

--
-- Table structure for table `members_queues`
--

CREATE TABLE `members_queues`
(
    `member_id`                    bigint(20)          NOT NULL,
    `queue_member_allowed_queues`  text,
    `queue_member_selected_queues` text,
    `queue_columns`                text,
    `queue_show_active_cases`      tinyint(1) UNSIGNED NOT NULL DEFAULT '1'
) ENGINE = InnoDB
  DEFAULT CHARSET = utf8 COMMENT ='Settings for users related to Queue tab (Offices selected in combo, default columns).';

-- --------------------------------------------------------

--
-- Table structure for table `members_relations`
--

CREATE TABLE `members_relations`
(
    `parent_member_id`   bigint(20) NOT NULL,
    `child_member_id`    bigint(20) NOT NULL,
    `applicant_group_id` int(11) UNSIGNED    DEFAULT NULL,
    `row`                tinyint(2) UNSIGNED DEFAULT NULL
) ENGINE = InnoDB
  DEFAULT CHARSET = utf8 COMMENT ='Relations between clients and their cases (e.g. IA -> case, Individual Contact -> IA).';

-- --------------------------------------------------------

--
-- Table structure for table `members_roles`
--

CREATE TABLE `members_roles`
(
    `member_id` bigint(20) NOT NULL,
    `role_id`   int(11)    NOT NULL DEFAULT '0'
) ENGINE = InnoDB
  DEFAULT CHARSET = utf8 COMMENT ='List of roles assigned to user/client.';

--
-- Dumping data for table `members_roles`
--

INSERT INTO `members_roles` (`member_id`, `role_id`)
VALUES (1, 5),
       (2, 4932);

-- --------------------------------------------------------

--
-- Table structure for table `members_ta`
--

CREATE TABLE `members_ta`
(
    `members_ta_id`       int(11)       NOT NULL,
    `member_id`           bigint(20)             DEFAULT NULL,
    `company_ta_id`       int(11)                DEFAULT NULL,
    `order`               tinyint(3) UNSIGNED    DEFAULT '0',
    `outstanding_balance` double(12, 2) NOT NULL DEFAULT '0.00',
    `sub_total`           double(12, 2) NOT NULL DEFAULT '0.00',
    `sub_total_cleared`   double(12, 2) NOT NULL DEFAULT '0.00'
) ENGINE = InnoDB
  DEFAULT CHARSET = utf8 COMMENT ='Trust accounts are assigned to cases here.';

-- --------------------------------------------------------

--
-- Table structure for table `members_types`
--

CREATE TABLE `members_types`
(
    `member_type_id`                 int(2) UNSIGNED NOT NULL,
    `member_type_name`               varchar(30)     NOT NULL DEFAULT '',
    `member_type_case_template_name` varchar(30)     NOT NULL DEFAULT '',
    `member_type_visible`            enum ('Y','N')  NOT NULL DEFAULT 'Y'
) ENGINE = InnoDB
  DEFAULT CHARSET = utf8 COMMENT ='List of all supported users/clients.';

--
-- Dumping data for table `members_types`
--

INSERT INTO `members_types` (`member_type_id`, `member_type_name`, `member_type_case_template_name`,
                             `member_type_visible`)
VALUES (1, 'superadmin', '', 'N'),
       (2, 'admin', '', 'N'),
       (3, 'case', '', 'N'),
       (4, 'user', '', 'N'),
       (5, 'agent', '', 'N'),
       (6, 'crm_user', '', 'N'),
       (7, 'employer', 'Employer Clients', 'Y'),
       (8, 'individual', 'Individual Clients', 'Y'),
       (9, 'internal_contact', 'Internal Contact', 'N'),
       (10, 'contact', 'Contact', 'Y');

-- --------------------------------------------------------

--
-- Table structure for table `members_vevo_mapping`
--

CREATE TABLE `members_vevo_mapping`
(
    `from_member_id` bigint(20) NOT NULL,
    `to_member_id`   bigint(20) NOT NULL
) ENGINE = InnoDB
  DEFAULT CHARSET = utf8 COMMENT ='Contains vevo mapping list for the VEVO feature in the Clients.';

-- --------------------------------------------------------

--
-- Table structure for table `news`
--

CREATE TABLE `news`
(
    `news_id`     int(11) UNSIGNED NOT NULL,
    `title`       tinytext,
    `content`     longtext,
    `create_date` date DEFAULT NULL
) ENGINE = InnoDB
  DEFAULT CHARSET = utf8 COMMENT ='List of news that are showed in the News section on the home page.';

-- --------------------------------------------------------

--
-- Table structure for table `packages`
--

CREATE TABLE `packages`
(
    `package_id`          int(11)      NOT NULL,
    `package_name`        varchar(100) NOT NULL,
    `package_description` varchar(255) NOT NULL,
    `required`            int(1)       NOT NULL DEFAULT '0',
    `status`              int(1)       NOT NULL DEFAULT '1'
) ENGINE = InnoDB
  DEFAULT CHARSET = utf8 COMMENT ='List of all supported packages that can be assigned to companies.';

--
-- Dumping data for table `packages`
--

INSERT INTO `packages` (`package_id`, `package_name`, `package_description`, `required`, `status`)
VALUES (1, 'Package 1', 'This is the main package. It contains main functionality.', 1, 1),
       (2, 'Package 2', 'This is an additional package. Client Login, Client Account and Accounting Sub tab.', 0, 1),
       (3, 'Package 3', 'This is an additional package. Email, Calendar &amp; My Document', 0, 1),
       (4, 'Package 4', 'This is an additional package. Prospects.', 0, 1);

-- --------------------------------------------------------

--
-- Table structure for table `packages_details`
--

CREATE TABLE `packages_details`
(
    `package_detail_id`          int(11)      NOT NULL,
    `package_id`                 int(11)      NOT NULL,
    `rule_id`                    int(11)      NOT NULL,
    `package_detail_description` varchar(255) NOT NULL,
    `visible`                    tinyint(1)   NOT NULL DEFAULT '0'
) ENGINE = InnoDB
  DEFAULT CHARSET = utf8 COMMENT ='Mapping between acl rules (specific part/functionality of the web site) and packages where they are allowed.';

--
-- Dumping data for table `packages_details`
--

INSERT INTO `packages_details` (`package_detail_id`, `package_id`, `rule_id`, `package_detail_description`, `visible`)
VALUES (1, 1, 4, 'Admininstartion section', 0),
       (3, 1, 6, 'Home', 0),
       (4, 1, 1000, 'Change Password', 0),
       (5, 1, 1010, 'Manage Roles', 1),
       (6, 1, 1011, 'Add New Roles', 0),
       (7, 1, 1012, 'View Roles Details', 0),
       (8, 1, 1013, 'Delete Roles', 0),
       (9, 1, 1030, 'Manage Users', 1),
       (10, 1, 1031, 'Add Users', 0),
       (11, 1, 1032, 'View Users Details', 0),
       (12, 1, 1033, 'Delete Users', 0),
       (13, 1, 1050, 'Manage Cases fields/groups/layouts', 1),
       (14, 1, 1040, 'Manage Company Details', 1),
       (15, 1, 1042, 'Edit Company', 0),
       (16, 1, 10, 'Manage Clients', 1),
       (18, 1, 30, 'Notes and Activities', 1),
       (19, 1, 60, 'Client Documents', 1),
       (20, 1, 180, 'Templates', 1),
       (21, 1, 130, 'Links', 1),
       (22, 1, 140, 'Forms', 1),
       (23, 1, 141, 'Enable Assign Forms', 1),
       (24, 1, 142, 'Can Finalize a Form', 1),
       (25, 1, 143, 'Can Lock and Unlock Forms', 1),
       (26, 1, 170, 'Announcements', 1),
       (27, 1, 1060, 'Administer Forms', 1),
       (28, 1, 110, 'Client Account', 1),
       (29, 1, 101, 'Client Account History', 0),
       (30, 1, 102, 'Client Account Import', 0),
       (31, 1, 103, 'Client Account Assign', 0),
       (32, 1, 104, 'Client Account Edit', 0),
       (33, 1, 105, 'Client Account Settings', 0),
       (34, 1, 70, 'Client\'s Accounting', 1),
       (37, 2, 1120, 'Automatic Tasks', 1),
       (38, 1, 61, 'Client Documents Settings', 1),
       (39, 1, 150, 'Calendar', 1),
       (40, 1, 160, 'Mail', 1),
       (41, 1, 100, 'My Documents', 1),
       (42, 1, 1080, 'Shared Templates', 1),
       (43, 1, 1090, 'Default Searches', 1),
       (44, 1, 31, 'Add Notes', 1),
       (45, 1, 32, 'Edit Notes', 1),
       (46, 1, 33, 'Delete Notes', 1),
       (47, 1, 144, 'Can Complete a Form', 1),
       (48, 1, 190, 'Help', 1),
       (49, 1, 11, 'New/Save Profile', 1),
       (50, 1, 12, 'Delete Profile', 1),
       (51, 1, 13, 'New Client', 1),
       (52, 1, 5, 'Staff tabs', 0),
       (53, 1, 191, 'F.A.Q.', 1),
       (54, 1, 7, 'Notes on Homepage', 1),
       (55, 1, 200, 'Prospects', 1),
       (56, 2, 1190, 'Manage Company Prospects', 1),
       (57, 2, 1290, 'Default Forms', 1),
       (58, 1, 1310, 'Import Clients', 1),
       (59, 1, 210, 'My Tasks', 1),
       (60, 1, 25, 'Tasks', 1),
       (61, 1, 175, 'Immigration News', 1),
       (62, 3, 80, 'Client\'s TimeTracker', 1),
       (63, 3, 81, 'Client\'s TimeTracker - Popup Dialog', 1),
       (64, 3, 82, 'Client\'s TimeTracker - Show Time Log', 1),
       (65, 3, 83, 'Client\'s TimeTracker - Time Log Add', 1),
       (66, 3, 84, 'Client\'s TimeTracker - Time Log Edit', 1),
       (67, 3, 85, 'Client\'s TimeTracker - Time Log Delete', 1),
       (72, 1, 1051, 'Manage Individuals fields/groups/layouts', 1),
       (73, 1, 1052, 'Manage Employers fields/groups/layouts', 1),
       (74, 1, 1053, 'Manage Contacts fields/groups/layouts', 1),
       (75, 1, 400, 'Manage Contacts', 1),
       (76, 1, 401, 'Edit Contact', 1),
       (77, 1, 402, 'Delete Contact', 1),
       (78, 1, 403, 'New Contact', 1),
       (79, 1, 21, 'Individual Client Login', 1),
       (80, 2, 20, 'Employer Client Login', 1),
       (81, 1, 1410, 'Access Logs', 1),
       (82, 1, 1411, 'Delete Access Logs', 1),
       (83, 2, 220, 'ABN/ACN Check', 1),
       (84, 1, 1061, 'Manage Landing Pages', 1),
       (85, 3, 1041, 'Add Company', 0),
       (86, 1, 192, 'F.A.Q.', 1),
       (87, 3, 300, 'Company Websites', 1),
       (88, 3, 1020, 'Manage Super Admin Users', 0),
       (89, 3, 1021, 'Add New Super Admin User', 0),
       (90, 3, 1022, 'Edit Super Admin User', 0),
       (91, 3, 1023, 'Delete Super Admin User', 0),
       (92, 3, 1043, 'Delete Company', 0),
       (93, 3, 1044, 'Manage Company As Admin', 0),
       (94, 3, 1420, 'Manage Company Packages', 0),
       (95, 3, 1046, 'Change Company Status', 0),
       (96, 3, 1047, 'View Companies List', 0),
       (97, 1, 1070, 'Announcements', 0),
       (98, 3, 1100, 'Manage Templates', 0),
       (99, 3, 1130, 'System', 1),
       (100, 3, 1140, 'Manage Help', 0),
       (101, 3, 1150, 'Manage Prospects', 0),
       (102, 3, 1160, 'Signup', 1),
       (103, 3, 1170, 'Mail Server Settings', 0),
       (104, 3, 1180, 'Last Logged In Info', 0),
       (105, 3, 1200, 'Manage GST/HST', 0),
       (106, 3, 1210, 'Manage CMI', 0),
       (107, 3, 1220, 'Trial users pricing', 0),
       (108, 3, 1230, 'Manage PT Invoices', 0),
       (109, 3, 1240, 'Manage pricing', 0),
       (110, 3, 1250, 'Bad debts log', 0),
       (111, 3, 1260, 'Automated billing log', 0),
       (112, 3, 1270, 'Manage PT Error codes', 0),
       (113, 3, 1280, 'Accounts', 0),
       (114, 3, 1300, 'Statistics', 0),
       (115, 3, 1320, 'Prospects Matching', 0),
       (116, 3, 1330, 'Manage RSS feed', 0),
       (117, 3, 1350, 'Advanced Search', 0),
       (118, 3, 1360, 'Quick Search', 0),
       (119, 1, 1370, 'Allow Export', 0),
       (120, 3, 1380, 'Manage system variables', 0),
       (121, 3, 1400, 'Company Website', 1),
       (122, 3, 2000, 'CRM Manage', 0),
       (123, 3, 2001, 'Manage Users', 0),
       (124, 3, 2002, 'Define CRM users', 0),
       (125, 3, 2003, 'Define CRM roles', 0),
       (126, 3, 2010, 'Settings', 0),
       (127, 3, 2011, 'Change own password', 1),
       (128, 3, 2100, 'Companies', 1),
       (129, 3, 2101, 'New company', 0),
       (130, 3, 2102, 'Edit company', 0),
       (131, 3, 2103, 'Delete company', 0),
       (132, 3, 2200, 'Prospects', 0),
       (133, 3, 2201, 'New prospect', 0),
       (134, 3, 2202, 'Edit prospect', 0),
       (135, 3, 2203, 'Delete prospect', 0),
       (136, 3, 2204, 'Contacts', 1),
       (137, 1, 1048, 'Company Email', 0),
       (138, 3, 1390, 'View Superadmin Tab', 0),
       (139, 1, 1049, 'Edit Company Extra Details', 1),
       (140, 3, 1421, 'Manage Company Packages Extra Details', 0),
       (141, 1, 1034, 'Edit Users', 1),
       (142, 1, 1014, 'Edit Roles', 1),
       (145, 3, 1430, 'Send Mass Email', 0),
       (146, 1, 1035, 'Change Users Password', 1),
       (147, 4, 1440, 'Manage Company Tickets', 1),
       (148, 4, 1441, 'Add Company Tickets', 1),
       (149, 4, 1442, 'Manage Company Tickets Status', 1),
       (151, 1, 1311, 'Import Client Notes', 1),
       (152, 1, 2210, 'Letterheads', 1),
       (153, 1, 106, 'New Letter on Letterhead', 1),
       (154, 1, 90, 'Advanced search - run', 1),
       (155, 1, 91, 'Advanced search - export', 1),
       (156, 1, 92, 'Advanced search - print', 1),
       (157, 1, 181, 'Manage templates', 1),
       (158, 1, 95, 'Queue - run', 1),
       (159, 1, 96, 'Queue - export', 1),
       (160, 1, 97, 'Queue - print', 1),
       (161, 1, 98, 'Queue - push to office/queue', 1),
       (162, 1, 99, 'Queue - change file status', 1),
       (163, 1, 500, 'User Profile', 1),
       (164, 4, 1450, 'Manage Zoho settings', 0),
       (165, 1, 1054, 'Manage Internal Contacts fields/groups/layouts', 1),
       (166, 3, 2211, 'Manage Super Admin Roles', 0),
       (167, 3, 2212, 'Add New Super Admin Role', 1),
       (168, 3, 2213, 'Edit Super Admin Role', 1),
       (169, 3, 2214, 'Delete Super Admin Role', 1),
       (170, 1, 2215, 'Delete Clients Tasks', 1),
       (171, 1, 2216, 'Delete Tasks', 1),
       (172, 1, 201, 'Prospects Tasks', 1),
       (173, 1, 2217, 'Delete Prospects Tasks', 1),
       (175, 1, 1370, 'Company export', 1),
       (176, 1, 2218, 'Client\'s Accounting - General: Change Currency or Client Account', 1),
       (177, 1, 2219, 'Client\'s Accounting - General: Email Case Accounting', 1),
       (178, 1, 2220, 'Client\'s Accounting - General: Generate Reports', 1),
       (179, 1, 2221, 'Client\'s Accounting - General: Print', 1),
       (180, 1, 2222, 'Client\'s Accounting - Financial Transactions: Add Fees Due', 1),
       (181, 1, 2223, 'Client\'s Accounting - Financial Transactions: Add Fees Received', 1),
       (182, 1, 2224, 'Client\'s Accounting - Financial Transactions: Generate Invoice', 1),
       (183, 1, 2225, 'Client\'s Accounting - Financial Transactions: Generate Receipt', 1),
       (184, 1, 2226, 'Client\'s Accounting - Financial Transactions: Error Correction', 1),
       (185, 1, 2227, 'Define Authorised Agents', 1),
       (186, 1, 2228, 'Define %office_label%', 1),
       (187, 1, 2229, 'Define Case Reference Number Settings', 1),
       (188, 1, 2230, 'Change Assigned Staff', 1),
       (189, 1, 2231, 'Change Visa Subclass', 1),
       (190, 1, 2232, 'BC PNP Import', 1),
       (191, 1, 2233, 'Manage Default Mail Servers', 1),
       (192, 1, 2234, 'Delete Company Invoices', 1),
       (193, 1, 1005, 'PUA Planning', 1),
       (194, 1, 2235, 'Generate CON', 1),
       (195, 1, 2236, 'Client Documents Checklist', 1),
       (196, 1, 2237, 'Upload Documents', 1),
       (197, 1, 2238, 'Delete Documents', 1),
       (198, 1, 2239, 'Download Documents', 1),
       (199, 1, 2240, 'Set Tags', 1),
       (200, 1, 2241, 'Reassign File', 1),
       (201, 1, 2242, 'Business Hours', 1),
       (202, 1, 2243, 'View Workdays', 1),
       (203, 1, 2244, 'Update Workdays', 1),
       (204, 1, 2245, 'View Holidays', 1),
       (205, 1, 2246, 'Add Holidays', 1),
       (206, 1, 2247, 'Edit Holidays', 1),
       (207, 1, 2248, 'Delete Holidays', 1),
       (208, 1, 2249, 'Business Hours', 1),
       (209, 1, 2250, 'View Workdays', 1),
       (210, 1, 2251, 'Update Workdays', 1),
       (211, 1, 2252, 'View Holidays', 1),
       (212, 1, 2253, 'Add Holidays', 1),
       (213, 1, 2254, 'Edit Holidays', 1),
       (214, 1, 2255, 'Delete Holidays', 1),
       (215, 1, 2256, 'Contacts Advanced search', 1),
       (216, 1, 2257, 'Export', 1),
       (217, 1, 2258, 'Print', 1),
       (218, 1, 2259, 'Analytics', 1),
       (219, 1, 2260, 'Add', 1),
       (220, 1, 2261, 'Edit', 1),
       (221, 1, 2262, 'Delete', 1),
       (222, 1, 2263, 'Export', 1),
       (223, 1, 2264, 'Print', 1),
       (224, 1, 2265, 'Analytics', 1),
       (225, 1, 2266, 'Add', 1),
       (226, 1, 2267, 'Edit', 1),
       (227, 1, 2268, 'Delete', 1),
       (228, 1, 2269, 'Export', 1),
       (229, 1, 2270, 'Print', 1),
       (230, 1, 2271, 'Default Analytics', 1),
       (231, 1, 2272, 'Marketplace Profiles', 1),
       (232, 1, 2273, 'New Prospect', 1),
       (233, 1, 2274, 'Change/Save Profile', 1),
       (234, 1, 2275, 'Delete Prospect', 1),
       (235, 1, 2276, 'Convert to client', 1),
       (236, 1, 2277, 'Advanced search', 1),
       (237, 1, 2278, 'Export', 1),
       (238, 1, 2279, 'Print', 1),
       (239, 1, 2280, 'Prospect Notes', 1),
       (240, 1, 2281, 'Add Notes', 1),
       (241, 1, 2282, 'Edit Notes', 1),
       (242, 1, 2283, 'Delete Notes', 1),
       (243, 1, 2284, 'Prospect Documents', 1),
       (244, 3, 2285, 'Marketplace', 1),
       (245, 3, 2286, 'Convert to client', 1),
       (246, 3, 2287, 'Advanced search', 1),
       (247, 3, 2288, 'Export', 1),
       (248, 3, 2289, 'Print', 1),
       (249, 3, 2290, 'Prospect Notes', 1),
       (250, 3, 2291, 'Add Notes', 1),
       (251, 3, 2292, 'Edit Notes', 1),
       (252, 3, 2293, 'Delete Notes', 1),
       (253, 3, 2294, 'Prospect Documents', 1),
       (254, 1, 2295, 'Add Clients Tasks', 1),
       (255, 1, 2296, 'Add Tasks', 1),
       (256, 1, 2297, 'Add Prospects Tasks', 1),
       (257, 1, 2298, 'PDF Version Checker', 1);

-- --------------------------------------------------------

--
-- Table structure for table `pricing_categories`
--

CREATE TABLE `pricing_categories`
(
    `pricing_category_id`       int(11) UNSIGNED          NOT NULL,
    `name`                      varchar(255)              NOT NULL,
    `expiry_date`               date                               DEFAULT NULL,
    `key_string`                varchar(255)                       DEFAULT NULL,
    `default_subscription_term` enum ('annual','monthly') NOT NULL DEFAULT 'annual',
    `replacing_general`         enum ('Y','N')            NOT NULL DEFAULT 'N'
) ENGINE = InnoDB
  DEFAULT CHARSET = utf8 COMMENT ='Contains general and promotional pricing categories.';

--
-- Dumping data for table `pricing_categories`
--

INSERT INTO `pricing_categories` (`pricing_category_id`, `name`, `expiry_date`, `key_string`,
                                  `default_subscription_term`, `replacing_general`)
VALUES (1, 'General', NULL, '', 'annual', 'N');

-- --------------------------------------------------------

--
-- Table structure for table `pricing_category_details`
--

CREATE TABLE `pricing_category_details`
(
    `pricing_category_detail_id` int(11) UNSIGNED NOT NULL,
    `pricing_category_id`        int(11) UNSIGNED          DEFAULT NULL,
    `subscription_id`            varchar(255)     NOT NULL,
    `price_storage_1_gb_annual`  double           NOT NULL,
    `price_storage_1_gb_monthly` double           NOT NULL,
    `price_license_user_annual`  double           NOT NULL,
    `price_license_user_monthly` double           NOT NULL,
    `price_package_2_years`      double           NOT NULL,
    `price_package_monthly`      double           NOT NULL,
    `price_package_yearly`       double           NOT NULL,
    `users_add_over_limit`       int(11)          NOT NULL,
    `user_included`              int(11)          NOT NULL,
    `free_storage`               int(11)          NOT NULL,
    `free_clients`               int(11) UNSIGNED NOT NULL DEFAULT '0'
) ENGINE = InnoDB
  DEFAULT CHARSET = utf8 COMMENT ='Contains general and promotional pricing categories details.';

--
-- Dumping data for table `pricing_category_details`
--

INSERT INTO `pricing_category_details` (`pricing_category_detail_id`, `pricing_category_id`, `subscription_id`,
                                        `price_storage_1_gb_annual`, `price_storage_1_gb_monthly`,
                                        `price_license_user_annual`, `price_license_user_monthly`,
                                        `price_package_2_years`, `price_package_monthly`, `price_package_yearly`,
                                        `users_add_over_limit`, `user_included`, `free_storage`, `free_clients`)
VALUES (1, 1, 'lite', 5, 0.5, 699, 69, 1275, 69, 699, 0, 1, 2, 0),
       (2, 1, 'pro', 5, 0.5, 699, 69, 1799, 99, 999, 1, 1, 10, 0),
       (3, 1, 'ultimate', 5, 0.5, 999, 99, 2380, 129, 1299, 1, 1, 50, 0),
       (10, 1, 'starter', 5, 0.5, 699, 69, 1275, 69, 699, 0, 1, 2, 10);

-- --------------------------------------------------------

--
-- Table structure for table `prospects`
--

CREATE TABLE `prospects`
(
    `prospect_id`                int(11) UNSIGNED NOT NULL,
    `company_id`                 bigint(20)                            DEFAULT NULL,
    `salutation`                 varchar(255)                          DEFAULT NULL,
    `name`                       varchar(255)                          DEFAULT NULL,
    `last_name`                  varchar(255)                          DEFAULT NULL,
    `company`                    varchar(255)                          DEFAULT NULL,
    `company_abn`                varchar(255)                          DEFAULT NULL,
    `email`                      varchar(255)                          DEFAULT NULL,
    `phone_w`                    varchar(255)                          DEFAULT NULL,
    `phone_m`                    varchar(255)                          DEFAULT NULL,
    `source`                     varchar(255)                          DEFAULT NULL,
    `key`                        varchar(255)                          DEFAULT NULL,
    `key_status`                 enum ('Active','Used Once','Disable') DEFAULT 'Active',
    `address`                    tinytext,
    `city`                       varchar(255)                          DEFAULT NULL,
    `state`                      varchar(255)                          DEFAULT NULL,
    `country`                    varchar(3)                            DEFAULT NULL,
    `zip`                        varchar(50)                           DEFAULT NULL,
    `package_type`               varchar(255)                          DEFAULT NULL,
    `support`                    enum ('Y','N')                        DEFAULT NULL,
    `payment_term`               varchar(255)                          DEFAULT NULL,
    `paymentech_profile_id`      varchar(255)                          DEFAULT NULL,
    `paymentech_mode_of_payment` enum ('Visa','Mastercard')            DEFAULT NULL,
    `status`                     enum ('Active','Closed')              DEFAULT 'Active',
    `notes`                      tinytext,
    `sign_in_date`               date                                  DEFAULT NULL,
    `subscription_fee`           double(11, 2) UNSIGNED                DEFAULT NULL,
    `support_fee`                double(11, 2) UNSIGNED                DEFAULT NULL,
    `free_users`                 int(11) UNSIGNED                      DEFAULT NULL,
    `free_clients`               int(11) UNSIGNED                      DEFAULT '0',
    `extra_users`                int(11) UNSIGNED                      DEFAULT NULL,
    `free_storage`               int(11) UNSIGNED                      DEFAULT NULL,
    `pricing_category_id`        int(11) UNSIGNED                      DEFAULT NULL
) ENGINE = InnoDB
  DEFAULT CHARSET = utf8 COMMENT ='List of prospects is saved here. Prospect is a record that is converted to company after the more detailed registration.';

-- --------------------------------------------------------

--
-- Table structure for table `reconciliation_log`
--

CREATE TABLE `reconciliation_log`
(
    `reconciliation_id`   int(11) UNSIGNED         NOT NULL,
    `reconciliation_type` enum ('general','iccrc') NOT NULL DEFAULT 'general',
    `ta_id`               int(11) UNSIGNED                  DEFAULT NULL,
    `author_id`           int(11) UNSIGNED                  DEFAULT NULL,
    `recon_date`          date                              DEFAULT NULL,
    `create_date`         date                              DEFAULT NULL
) ENGINE = InnoDB
  DEFAULT CHARSET = utf8 COMMENT ='Trust account can be reconciliated, date is saved here. We allow to do this only once per month.';

-- --------------------------------------------------------

--
-- Table structure for table `rss_black_list`
--

CREATE TABLE `rss_black_list`
(
    `id`     int(11) NOT NULL,
    `domain` varchar(128) DEFAULT NULL
) ENGINE = InnoDB
  DEFAULT CHARSET = utf8 COMMENT ='List of urls that will be ignored/not showed during rss links parsing.';

--
-- Dumping data for table `rss_black_list`
--

INSERT INTO `rss_black_list` (`id`, `domain`)
VALUES (1, 'cicnews.com'),
       (2, 'cicsnews.com'),
       (3, 'dailymarkets.com'),
       (4, 'marketwire.com'),
       (5, 'workpermit.com'),
       (6, 'nationalpost.com'),
       (7, 'tricitynews.com'),
       (8, 'Inquirer.net'),
       (9, 'newswire.ca'),
       (10, 'business-standard.com'),
       (11, 'imao.us'),
       (12, 'marxist.com');

-- --------------------------------------------------------

--
-- Table structure for table `schema_version`
--

CREATE TABLE `schema_version`
(
    `version`    bigint(20) NOT NULL,
    `start_time` timestamp  NOT NULL DEFAULT CURRENT_TIMESTAMP,
    `end_time`   timestamp  NOT NULL DEFAULT CURRENT_TIMESTAMP
) ENGINE = InnoDB
  DEFAULT CHARSET = utf8;

--
-- Dumping data for table `schema_version`
--

INSERT INTO `schema_version` (`version`, `start_time`, `end_time`)
VALUES (20151229151811, '2019-03-23 11:41:28', '2019-03-23 11:41:28'),
       (20160111131954, '2019-03-23 11:41:28', '2019-03-23 11:41:28'),
       (20160118121213, '2019-03-23 11:41:28', '2019-03-23 11:41:28'),
       (20160120120621, '2019-03-23 11:41:28', '2019-03-23 11:41:28'),
       (20160125140121, '2019-03-23 11:41:28', '2019-03-23 11:41:28'),
       (20160126121235, '2019-03-23 11:41:28', '2019-03-23 11:41:28'),
       (20160210152511, '2019-03-23 11:41:28', '2019-03-23 11:41:28'),
       (20160215161236, '2019-03-23 11:41:28', '2019-03-23 11:41:28'),
       (20160217125130, '2019-03-23 11:41:28', '2019-03-23 11:41:28'),
       (20160217144523, '2019-03-23 11:41:28', '2019-03-23 11:41:28'),
       (20160219153130, '2019-03-23 11:41:28', '2019-03-23 11:41:29'),
       (20160225104837, '2019-03-23 11:41:29', '2019-03-23 11:41:29'),
       (20160303155202, '2019-03-23 11:41:29', '2019-03-23 11:41:29'),
       (20160310161245, '2019-03-23 11:41:29', '2019-03-23 11:41:29'),
       (20160322113017, '2019-03-23 11:41:29', '2019-03-23 11:41:29'),
       (20160322113028, '2019-03-23 11:41:29', '2019-03-23 11:41:29'),
       (20160325083134, '2019-03-23 11:41:29', '2019-03-23 11:41:29'),
       (20160405162107, '2019-03-23 11:41:29', '2019-03-23 11:41:30'),
       (20160428131110, '2019-03-23 11:41:30', '2019-03-23 11:41:30'),
       (20160513121235, '2019-03-23 11:41:30', '2019-03-23 11:41:30'),
       (20160516124632, '2019-03-23 11:41:30', '2019-03-23 11:41:30'),
       (20160520145621, '2019-03-23 11:41:30', '2019-03-23 11:41:30'),
       (20160616170523, '2019-03-23 11:41:30', '2019-03-23 11:41:30'),
       (20160713141423, '2019-03-23 11:41:30', '2019-03-23 11:41:30'),
       (20160915124932, '2019-03-23 11:41:30', '2019-03-23 11:41:30'),
       (20160919124932, '2019-03-23 11:41:30', '2019-03-23 11:41:30'),
       (20160919125449, '2019-03-23 11:41:30', '2019-03-23 11:41:30'),
       (20161003564430, '2019-03-23 11:41:30', '2019-03-23 11:41:30'),
       (20161005436539, '2019-03-23 11:41:30', '2019-03-23 11:41:30'),
       (20161014150214, '2019-03-23 11:41:30', '2019-03-23 11:41:30'),
       (20161019172301, '2019-03-23 11:41:30', '2019-03-23 11:41:30'),
       (20161024124302, '2019-03-23 11:41:30', '2019-03-23 11:41:30'),
       (20161116162105, '2019-03-23 11:41:30', '2019-03-23 11:41:30'),
       (20161116204937, '2019-03-23 11:41:30', '2019-03-23 11:41:30'),
       (20161122122047, '2019-03-23 11:41:30', '2019-03-23 11:41:30'),
       (20161122144546, '2019-03-23 11:41:30', '2019-03-23 11:41:30'),
       (20161201130216, '2019-03-23 11:41:30', '2019-03-23 11:41:30'),
       (20161206125501, '2019-03-23 11:41:30', '2019-03-23 11:41:30'),
       (20161221180601, '2019-03-23 11:41:30', '2019-03-23 11:41:30'),
       (20161221180602, '2019-03-23 11:41:30', '2019-03-23 11:41:30'),
       (20161221180603, '2019-03-23 11:41:30', '2019-03-23 11:41:31'),
       (20161221180604, '2019-03-23 11:41:31', '2019-03-23 11:41:31'),
       (20161221180605, '2019-03-23 11:41:31', '2019-03-23 11:41:31'),
       (20170116151707, '2019-03-23 11:41:31', '2019-03-23 11:41:31'),
       (20170123164834, '2019-03-23 11:41:31', '2019-03-23 11:41:31'),
       (20170209121419, '2019-03-23 11:41:31', '2019-03-23 11:41:31'),
       (20170214161505, '2019-03-23 11:41:31', '2019-03-23 11:41:31'),
       (20170227100001, '2019-03-23 11:41:31', '2019-03-23 11:41:31'),
       (20170227121834, '2019-03-23 11:41:31', '2019-03-23 11:41:31'),
       (20170302171157, '2019-03-23 11:41:31', '2019-03-23 11:41:31'),
       (20170303120000, '2019-03-23 11:41:31', '2019-03-23 11:41:31'),
       (20170307145011, '2019-03-23 11:41:31', '2019-03-23 11:41:31'),
       (20170309124326, '2019-03-23 11:41:31', '2019-03-23 11:41:31'),
       (20170309153042, '2019-03-23 11:41:31', '2019-03-23 11:41:31'),
       (20170314182500, '2019-03-23 11:41:31', '2019-03-23 11:41:31'),
       (20170321140000, '2019-03-23 11:41:31', '2019-03-23 11:41:31'),
       (20170324150000, '2019-03-23 11:41:31', '2019-03-23 11:41:31'),
       (20170331124015, '2019-03-23 11:41:31', '2019-03-23 11:41:31'),
       (20170403154000, '2019-03-23 11:41:31', '2019-03-23 11:41:31'),
       (20170403173819, '2019-03-23 11:41:31', '2019-03-23 11:41:31'),
       (20170403181532, '2019-03-23 11:41:31', '2019-03-23 11:41:31'),
       (20170413153811, '2019-03-23 11:41:31', '2019-03-23 11:41:31'),
       (20170511093615, '2019-03-23 11:41:31', '2019-03-23 11:41:31'),
       (20170512141500, '2019-03-23 11:41:31', '2019-03-23 11:41:32'),
       (20170526161525, '2019-03-23 11:41:32', '2019-03-23 11:41:32'),
       (20170526164301, '2019-03-23 11:41:32', '2019-03-23 11:41:32'),
       (20170606124105, '2019-03-23 11:41:32', '2019-03-23 11:41:32'),
       (20170609131741, '2019-03-23 11:41:32', '2019-03-23 11:41:32'),
       (20170612030000, '2019-03-23 11:41:32', '2019-03-23 11:41:32'),
       (20170612180009, '2019-03-23 11:41:32', '2019-03-23 11:41:32'),
       (20170613130441, '2019-03-23 11:41:32', '2019-03-23 11:41:32'),
       (20170613150000, '2019-03-23 11:41:32', '2019-03-23 11:41:32'),
       (20170615160000, '2019-03-23 11:41:32', '2019-03-23 11:41:32'),
       (20170621150001, '2019-03-23 11:41:32', '2019-03-23 11:41:32'),
       (20170622120000, '2019-03-23 11:41:32', '2019-03-23 11:41:32'),
       (20170623113915, '2019-03-23 11:41:32', '2019-03-23 11:41:32'),
       (20170623140001, '2019-03-23 11:43:01', '2019-03-23 11:43:01'),
       (20170629110000, '2019-03-23 11:43:01', '2019-03-23 11:43:01'),
       (20170704124000, '2019-03-23 11:43:01', '2019-03-23 11:43:01'),
       (20170706115000, '2019-03-23 11:43:01', '2019-03-23 11:43:01'),
       (20170707070707, '2019-03-23 11:43:01', '2019-03-23 11:43:02'),
       (20170711113610, '2019-03-23 11:43:02', '2019-03-23 11:43:02'),
       (20170711161302, '2019-03-23 11:43:02', '2019-03-23 11:43:02'),
       (20170713101715, '2019-03-23 11:43:02', '2019-03-23 11:43:02'),
       (20170713121500, '2019-03-23 11:43:02', '2019-03-23 11:43:02'),
       (20170713141920, '2019-03-23 11:43:02', '2019-03-23 11:43:02'),
       (20170714143825, '2019-03-23 11:43:02', '2019-03-23 11:43:02'),
       (20170719111400, '2019-03-23 11:43:02', '2019-03-23 11:43:02'),
       (20170719172700, '2019-03-23 11:43:02', '2019-03-23 11:43:02'),
       (20170720084030, '2019-03-23 11:43:02', '2019-03-23 11:43:02'),
       (20170725162915, '2019-03-23 11:43:02', '2019-03-23 11:43:02'),
       (20170801113420, '2019-03-23 11:43:02', '2019-03-23 11:43:02'),
       (20170801160611, '2019-03-23 11:43:02', '2019-03-23 11:43:02'),
       (20170807160230, '2019-03-23 11:43:02', '2019-03-23 11:43:02'),
       (20170808153535, '2019-03-23 11:43:02', '2019-03-23 11:43:02'),
       (20170810153737, '2019-03-23 11:43:02', '2019-03-23 11:43:02'),
       (20170811133838, '2019-03-23 11:43:02', '2019-03-23 11:43:02'),
       (20170811171707, '2019-03-23 11:43:02', '2019-03-23 11:43:02'),
       (20170818133208, '2019-03-23 11:43:02', '2019-03-23 11:43:02'),
       (20170818141930, '2019-03-23 11:43:02', '2019-03-23 11:43:02'),
       (20170823144900, '2019-03-23 11:43:02', '2019-03-23 11:43:02'),
       (20170831120000, '2019-03-23 11:43:02', '2019-03-23 11:43:02'),
       (20170901131203, '2020-01-06 22:18:32', '2020-01-06 22:18:32'),
       (20170901164801, '2019-03-23 11:43:02', '2019-03-23 11:43:02'),
       (20170907115802, '2019-03-23 11:43:02', '2019-03-23 11:43:02'),
       (20170918120456, '2019-03-23 11:43:02', '2019-03-23 11:43:02'),
       (20170929115332, '2019-03-23 11:43:02', '2019-03-23 11:43:02'),
       (20170929150000, '2019-03-23 11:43:02', '2019-03-23 11:43:02'),
       (20170929171035, '2019-03-23 11:43:02', '2019-03-23 11:43:02'),
       (20171010132701, '2019-03-23 11:43:02', '2019-03-23 11:43:02'),
       (20171018121212, '2019-03-23 11:43:02', '2019-03-23 11:43:02'),
       (20171103083910, '2019-03-23 11:43:02', '2019-03-23 11:43:02'),
       (20171109120000, '2019-03-23 11:43:02', '2019-03-23 11:43:02'),
       (20171116120000, '2019-03-23 11:43:02', '2019-03-23 11:43:02'),
       (20171116174215, '2019-03-23 11:43:02', '2019-03-23 11:43:02'),
       (20171127120000, '2019-03-23 11:43:02', '2019-03-23 11:43:02'),
       (20171129160451, '2019-03-23 11:43:02', '2019-03-23 11:43:02'),
       (20171129172606, '2019-03-23 11:43:02', '2019-03-23 11:43:02'),
       (20171130120000, '2019-03-23 11:43:02', '2019-03-23 11:43:02'),
       (20171201140000, '2019-03-23 11:43:03', '2019-03-23 11:43:03'),
       (20171201150000, '2019-03-23 11:43:03', '2019-03-23 11:43:03'),
       (20171201181010, '2019-03-23 11:43:03', '2019-03-23 11:43:03'),
       (20171206165605, '2019-03-23 11:43:03', '2019-03-23 11:43:03'),
       (20171207100000, '2019-03-23 11:43:03', '2019-03-23 11:43:03'),
       (20171222150111, '2019-03-23 11:43:03', '2019-03-23 11:43:03'),
       (20180125183250, '2019-03-23 11:43:03', '2019-03-23 11:43:03'),
       (20180206164550, '2019-03-23 11:43:03', '2019-03-23 11:43:03'),
       (20180207160430, '2019-03-23 11:43:03', '2019-03-23 11:43:03'),
       (20180220160430, '2019-03-23 11:43:03', '2019-03-23 11:43:03'),
       (20180410120000, '2019-03-23 11:43:03', '2019-03-23 11:43:03'),
       (20180411150000, '2019-03-23 11:43:03', '2019-03-23 11:43:03'),
       (20180428175154, '2019-03-23 11:43:03', '2019-03-23 11:43:03'),
       (20180502181930, '2019-03-23 11:43:03', '2019-03-23 11:43:03'),
       (20180514141402, '2019-03-23 11:43:03', '2019-03-23 11:43:03'),
       (20180517165000, '2019-03-23 11:43:03', '2019-03-23 11:43:03'),
       (20180604153007, '2019-03-23 11:43:03', '2019-03-23 11:43:03'),
       (20180613115000, '2019-03-23 11:43:03', '2019-03-23 11:43:03'),
       (20180618151515, '2019-03-23 11:43:03', '2019-03-23 11:43:03'),
       (20180619134302, '2019-03-23 11:43:03', '2019-03-23 11:43:03'),
       (20180626171954, '2019-03-23 11:43:03', '2019-03-23 11:43:03'),
       (20180628170000, '2019-03-23 11:43:03', '2019-03-23 11:43:03'),
       (20180628180000, '2019-03-23 11:43:03', '2019-03-23 11:43:03'),
       (20180706121212, '2019-03-23 11:43:03', '2019-03-23 11:43:03'),
       (20181001141414, '2019-03-23 11:43:03', '2019-03-23 11:43:04'),
       (20181026121314, '2019-03-23 11:43:04', '2019-03-23 11:43:04'),
       (20181120202020, '2019-03-23 11:43:04', '2019-03-23 11:43:04'),
       (20181126122820, '2019-03-23 11:43:04', '2019-03-23 11:43:04'),
       (20181128171205, '2019-03-23 11:43:04', '2019-03-23 11:43:04'),
       (20181206170503, '2019-03-23 11:43:04', '2019-03-23 11:43:04'),
       (20181224170707, '2019-03-23 11:43:04', '2019-03-23 11:43:04'),
       (20190108160000, '2019-03-23 11:43:04', '2019-03-23 11:43:04'),
       (20190109103000, '2019-03-23 11:43:04', '2019-03-23 11:43:04'),
       (20190111115400, '2019-03-23 11:43:04', '2019-03-23 11:43:04'),
       (20190114113500, '2019-03-23 11:43:04', '2019-03-23 11:43:04'),
       (20190116112300, '2019-03-23 11:43:04', '2019-03-23 11:43:04'),
       (20190116161616, '2019-03-23 11:43:04', '2019-03-23 11:43:04'),
       (20190124000001, '2019-03-23 11:43:04', '2019-03-23 11:43:04'),
       (20190124000002, '2019-03-23 11:43:04', '2019-03-23 11:43:04'),
       (20190124000003, '2019-03-23 11:43:04', '2019-03-23 11:43:04'),
       (20190124000004, '2019-03-23 11:43:04', '2019-03-23 11:43:04'),
       (20190124000005, '2019-03-23 11:43:04', '2019-03-23 11:43:04'),
       (20190124000006, '2019-03-23 11:43:04', '2019-03-23 11:43:04'),
       (20190124000007, '2019-03-23 11:43:04', '2019-03-23 11:43:04'),
       (20190124000008, '2019-03-23 11:43:04', '2019-03-23 11:43:04'),
       (20190124000009, '2019-03-23 11:43:04', '2019-03-23 11:43:04'),
       (20190124000010, '2019-03-23 11:43:04', '2019-03-23 11:43:04'),
       (20190124000011, '2019-03-23 11:43:04', '2019-03-23 11:43:04'),
       (20190124000012, '2019-03-23 11:43:04', '2019-03-23 11:43:04'),
       (20190124000013, '2019-03-23 11:43:04', '2019-03-23 11:43:04'),
       (20190124000014, '2019-03-23 11:43:04', '2019-03-23 11:43:04'),
       (20190124000015, '2019-03-23 11:43:04', '2019-03-23 11:43:04'),
       (20190124000016, '2019-03-23 11:43:04', '2019-03-23 11:43:04'),
       (20190124000017, '2019-03-23 11:43:04', '2019-03-23 11:43:04'),
       (20190124000018, '2019-03-23 11:43:04', '2019-03-23 11:43:05'),
       (20190124000019, '2019-03-23 11:43:05', '2019-03-23 11:43:05'),
       (20190124000020, '2019-03-23 11:43:05', '2019-03-23 11:43:05'),
       (20190124000021, '2019-03-23 11:43:05', '2019-03-23 11:43:05'),
       (20190124000022, '2019-03-23 11:43:05', '2019-03-23 11:43:05'),
       (20190124000023, '2019-03-23 11:43:05', '2019-03-23 11:43:05'),
       (20190124000024, '2019-03-23 11:43:05', '2019-03-23 11:43:05'),
       (20190124000025, '2019-03-23 11:43:05', '2019-03-23 11:43:05'),
       (20190124000026, '2019-03-23 11:43:05', '2019-03-23 11:43:05'),
       (20190124000027, '2019-03-23 11:43:05', '2019-03-23 11:43:05'),
       (20190212121200, '2019-04-25 15:11:53', '2019-04-25 15:11:53'),
       (20190216161616, '2019-04-25 15:11:53', '2019-04-25 15:11:53'),
       (20190322133401, '2019-04-25 15:11:53', '2019-04-25 15:11:53'),
       (20190322184301, '2019-04-25 15:11:53', '2019-04-25 15:11:53'),
       (20190322184302, '2019-04-25 15:11:53', '2019-04-25 15:11:56'),
       (20190331103100, '2019-04-25 15:11:56', '2019-04-25 15:11:56'),
       (20190403145126, '2019-04-25 15:11:56', '2019-04-25 15:11:56'),
       (20190404174815, '2019-04-25 15:11:56', '2019-04-25 15:11:56'),
       (20190417171717, '2019-04-25 15:11:56', '2019-04-25 15:11:57'),
       (20190421171700, '2019-04-25 15:11:57', '2019-04-25 15:11:57'),
       (20190422161107, '2019-04-27 15:09:14', '2019-04-27 15:09:14'),
       (20190423155032, '2019-04-27 15:09:14', '2019-04-27 15:09:14'),
       (20190423232323, '2019-04-27 15:09:14', '2019-04-27 15:09:14'),
       (20190425121212, '2019-04-27 15:09:14', '2019-04-27 15:09:14'),
       (20190430124316, '2019-04-30 15:41:37', '2019-04-30 15:41:41'),
       (20190430145000, '2019-04-30 15:41:41', '2019-04-30 15:41:41'),
       (20190502155600, '2019-05-07 23:48:04', '2019-05-07 23:48:04'),
       (20190506125700, '2019-06-18 22:23:41', '2019-06-18 22:23:41'),
       (20190511151429, '2019-09-05 15:05:07', '2019-09-05 15:05:08'),
       (20190529124100, '2019-05-29 15:31:53', '2019-05-29 15:31:57'),
       (20190605101010, '2019-06-18 22:23:41', '2019-06-18 22:23:41'),
       (20190612154433, '2019-06-14 22:32:00', '2019-06-14 22:32:00'),
       (20190704161159, '2019-07-30 21:51:37', '2019-07-30 21:51:37'),
       (20190712162020, '2020-01-06 22:18:32', '2020-01-06 22:18:32'),
       (20190801161159, '2019-08-01 23:08:43', '2019-08-01 23:08:43'),
       (20190806161159, '2019-08-06 21:43:19', '2019-08-06 21:43:19'),
       (20190816164900, '2019-08-17 00:31:49', '2019-08-17 00:31:49'),
       (20190903152300, '2020-01-06 22:18:32', '2020-01-06 22:18:32'),
       (20190910101010, '2020-01-06 22:18:32', '2020-01-06 22:18:32'),
       (20191007135948, '2020-01-06 22:18:32', '2020-01-06 22:18:32'),
       (20191011161243, '2020-01-06 22:18:32', '2020-01-06 22:18:32'),
       (20191016185518, '2020-01-06 22:18:32', '2020-01-06 22:18:32'),
       (20191018185518, '2020-01-06 22:18:32', '2020-01-06 22:18:32'),
       (20191025151515, '2020-01-06 22:18:32', '2020-01-06 22:18:32'),
       (20191112111111, '2020-01-06 22:18:32', '2020-01-06 22:18:32'),
       (20191112121212, '2020-01-06 22:18:32', '2020-01-06 22:18:32'),
       (20191904171000, '2020-01-06 22:18:32', '2020-01-06 22:18:32');

-- --------------------------------------------------------

--
-- Table structure for table `searches`
--

CREATE TABLE `searches`
(
    `search_id`   int(11)                     NOT NULL,
    `search_type` enum ('clients','contacts') NOT NULL DEFAULT 'clients',
    `author_id`   bigint(20)                           DEFAULT NULL,
    `company_id`  bigint(20)                           DEFAULT NULL,
    `title`       char(255)                            DEFAULT NULL,
    `query`       text,
    `columns`     text
) ENGINE = InnoDB
  DEFAULT CHARSET = utf8 COMMENT ='List of advanced searches. Each user can have own customized searches.';

--
-- Dumping data for table `searches`
--

INSERT INTO `searches` (`search_id`, `search_type`, `author_id`, `company_id`, `title`, `query`, `columns`)
VALUES (10778, 'clients', 1, 0, 'All Active Cases',
        '{"max_rows_count":"1","field_type_1":"checkbox","operator_1":"and","field_client_type_1":"case","field_1":"Client_file_status","filter_1":"is_not_empty","active-clients":"1"}',
        '["individual_family_name","individual_given_names","case_file_number","case_file_status"]'),
       (10805, 'clients', NULL, 2, 'All Active Cases',
        '{"max_rows_count":"1","field_type_1":"checkbox","operator_1":"and","field_client_type_1":"case","field_1":"Client_file_status","filter_1":"is_not_empty","active-clients":"1"}',
        '["individual_family_name","individual_given_names","case_file_number","case_file_status"]'),
       (10806, 'clients', NULL, 2, 'My Monthly Review',
        '{"max_rows_count":"1","field_client_type_1":"case","field_type_1":"date","operator_1":"and","field_client_type_radio_1":"case","field_1":"created_on","filter_1":"is_after","date_1":"2019-04-01","active-clients":"1","related-cases":"1"}',
        '{"arrColumns":[{"id":"individual_first_name","width":150},{"id":"individual_last_name","width":150},{"id":"case_file_number","width":150},{"id":"case_file_status","width":150},{"id":"case_category","width":150},{"id":"case_decision_letter_sent_date","width":150},{"id":"case_exit_interview_date","width":150}],"arrSortInfo":{"sort":"individual_last_name","dir":"ASC"}}'),
       (10807, 'clients', NULL, 2, 'Monthly Review',
        '{"max_rows_count":"1","field_client_type_1":"case","field_type_1":"date","operator_1":"and","field_client_type_radio_1":"case","field_1":"created_on","filter_1":"is_in_this_month","active-clients":"1","related-cases":"1"}',
        '{"arrColumns":[{"id":"individual_first_name","width":150},{"id":"individual_last_name","width":150},{"id":"case_file_number","width":150},{"id":"case_file_status","width":150},{"id":"case_category","width":150},{"id":"case_decision_letter_sent_date","width":150},{"id":"case_exit_interview_date","width":150},{"id":"individual_country","width":150},{"id":"individual_country_of_birth","width":150},{"id":"case_application_decision_date","width":150}],"arrSortInfo":{"sort":"individual_last_name","dir":"ASC"}}');

-- --------------------------------------------------------

--
-- Table structure for table `snapshots`
--

CREATE TABLE `snapshots`
(
    `id`               int(10)   NOT NULL,
    `url`              char(255)        DEFAULT NULL,
    `assigned_form_id` int(10) UNSIGNED DEFAULT NULL,
    `url_description`  text,
    `created`          timestamp NULL   DEFAULT CURRENT_TIMESTAMP,
    `updated`          timestamp NULL   DEFAULT NULL,
    `hash`             char(255)        DEFAULT NULL
) ENGINE = InnoDB
  DEFAULT CHARSET = utf8 COMMENT ='Contains URLs for PDF Version Checker in SuperAdmin';

-- --------------------------------------------------------

--
-- Table structure for table `states`
--

CREATE TABLE `states`
(
    `state_id`    int(11) UNSIGNED NOT NULL,
    `country_id`  int(11)          NOT NULL,
    `state_name`  varchar(250)     NOT NULL,
    `state_order` int(11)          NOT NULL DEFAULT '0'
) ENGINE = InnoDB
  DEFAULT CHARSET = utf8 COMMENT ='List of states. Only CA and AU are supported for now. taxes are calculated in relation to the company''s state.';

--
-- Dumping data for table `states`
--

INSERT INTO `states` (`state_id`, `country_id`, `state_name`, `state_order`)
VALUES (1, 38, 'Alberta', 0),
       (2, 38, 'British Columbia', 1),
       (3, 38, 'Manitoba', 2),
       (4, 38, 'New Brunswick', 3),
       (5, 38, 'Newfoundland and Labrador', 4),
       (6, 38, 'Northwest Territories', 5),
       (7, 38, 'Nova Scotia', 6),
       (8, 38, 'Nunavut', 7),
       (9, 38, 'Ontario', 8),
       (10, 38, 'Prince Edward Island', 9),
       (11, 38, 'Quebec', 10),
       (12, 38, 'Saskatchewan', 11),
       (13, 38, 'Yukon', 12),
       (14, 13, 'Queensland', 0),
       (15, 13, 'New South Wales', 1),
       (16, 13, 'Victoria', 2),
       (17, 13, 'Australian Capital Territory', 3),
       (18, 13, 'South Australia', 4),
       (19, 13, 'Western Australia', 5),
       (20, 13, 'Northern Territory', 6),
       (21, 13, 'Tasmania', 7);

-- --------------------------------------------------------

--
-- Table structure for table `subscriptions`
--

CREATE TABLE `subscriptions`
(
    `subscription_id`     varchar(255)   NOT NULL,
    `subscription_name`   varchar(255)            DEFAULT NULL,
    `subscription_hidden` enum ('Y','N') NOT NULL DEFAULT 'N',
    `subscription_order`  tinyint(3) UNSIGNED     DEFAULT NULL
) ENGINE = InnoDB
  DEFAULT CHARSET = utf8 COMMENT ='Contains list of all supported subscriptions that can be assigned to companies.';

--
-- Dumping data for table `subscriptions`
--

INSERT INTO `subscriptions` (`subscription_id`, `subscription_name`, `subscription_hidden`, `subscription_order`)
VALUES ('lite', 'OfficioLite', 'N', 1),
       ('pro', 'OfficioPro', 'N', 2),
       ('pro13', 'OfficioPro (with Pack 1 and 3)', 'N', 3),
       ('ultimate', 'OfficioUltimate', 'N', 4),
       ('ultimate_plus', 'OfficioUltimatePlus', 'Y', 5),
       ('starter', 'Starter', 'Y', 0);

-- --------------------------------------------------------

--
-- Table structure for table `subscriptions_packages`
--

CREATE TABLE `subscriptions_packages`
(
    `subscription_id` varchar(255) NOT NULL,
    `package_id`      int(11)      NOT NULL
) ENGINE = InnoDB
  DEFAULT CHARSET = utf8 COMMENT ='Contains matching between subscriptions and packages.';

--
-- Dumping data for table `subscriptions_packages`
--

INSERT INTO `subscriptions_packages` (`subscription_id`, `package_id`)
VALUES ('lite', 1),
       ('pro', 1),
       ('pro', 2),
       ('pro13', 1),
       ('pro13', 3),
       ('ultimate', 1),
       ('ultimate', 2),
       ('ultimate', 3),
       ('ultimate_plus', 1),
       ('ultimate_plus', 2),
       ('ultimate_plus', 3),
       ('ultimate_plus', 4),
       ('starter', 1);

-- --------------------------------------------------------

--
-- Table structure for table `superadmin_searches`
--

CREATE TABLE `superadmin_searches`
(
    `search_id`    int(11) NOT NULL,
    `search_title` char(255) DEFAULT NULL,
    `search_query` text
) ENGINE = InnoDB
  DEFAULT CHARSET = utf8 COMMENT ='Searches that are used by superadmin users (to filter companies).';

--
-- Dumping data for table `superadmin_searches`
--

INSERT INTO `superadmin_searches` (`search_id`, `search_title`, `search_query`)
VALUES (4, 'This month Subscriptions',
        '{"max_rows_count":"2","operator_1":"and","field_1":"company_next_billing_date","filter_1":"is_in_this_month","date_from_1":"2050-10-01T00:00:00","date_to_1":"","text_1":"","field_type_1":"short_date","operator_2":"and","field_2":"company_account_trial","filter_2":"no","date_from_2":"","date_to_2":"","text_2":"","field_type_2":"yes_no"}'),
       (6, 'This month Annual Subscriptions',
        '{"max_rows_count":"3","operator_1":"and","field_1":"company_next_billing_date","filter_1":"is_in_this_month","date_from_1":"2060-01-01T00:00:00","date_to_1":"","text_1":"","field_type_1":"short_date","operator_2":"and","field_2":"company_billing_frequency","filter_2":2,"date_from_2":"","date_to_2":"","text_2":"","field_type_2":"billing_frequency"}'),
       (7, 'This month Biannual Subscription',
        '{"max_rows_count":"2","operator_1":"and","field_1":"company_next_billing_date","filter_1":"is_in_this_month","date_from_1":"2059-12-31T00:00:00","date_to_1":"","text_1":"","field_type_1":"short_date","operator_2":"and","field_2":"company_billing_frequency","filter_2":3,"date_from_2":"","date_to_2":"","text_2":"","field_type_2":"billing_frequency"}'),
       (8, 'This month subs until 15th',
        '{"max_rows_count":"2","operator_1":"and","field_1":"company_next_billing_date","filter_1":"is_between_today_and_date","date_from_1":"2013-03-16T00:00:00","date_to_1":"","text_1":"","field_type_1":"short_date","operator_2":"and","field_2":"company_account_trial","filter_2":"no","date_from_2":"","date_to_2":"","text_2":"","field_type_2":"yes_no"}'),
       (9, 'September Sign ups',
        '{"max_rows_count":"1","operator_1":"and","field_1":"company_setup_on","filter_1":"is_between_2_dates","date_from_1":"2015-09-01T00:00:00","date_to_1":"2015-09-30T00:00:00","text_1":"","field_type_1":"date"}');

-- --------------------------------------------------------

--
-- Table structure for table `superadmin_smtp`
--

CREATE TABLE `superadmin_smtp`
(
    `smtp_id`       int(11) UNSIGNED      NOT NULL,
    `smtp_on`       enum ('Y','N')  DEFAULT 'N',
    `smtp_server`   char(255)       DEFAULT NULL,
    `smtp_port`     int(4) UNSIGNED DEFAULT NULL,
    `smtp_username` char(255)       DEFAULT NULL,
    `smtp_password` text,
    `smtp_use_ssl`  enum ('','ssl','tls') NOT NULL
) ENGINE = InnoDB
  DEFAULT CHARSET = utf8 COMMENT ='SMTP settings are used as default during emails sending.';

--
-- Dumping data for table `superadmin_smtp`
--

INSERT INTO `superadmin_smtp` (`smtp_id`, `smtp_on`, `smtp_server`, `smtp_port`, `smtp_username`, `smtp_password`,
                               `smtp_use_ssl`)
VALUES (1, 'N', '', 0, '',
        'eNoBLQHS_nM6MjkyOlwiXDABjzEcar3ktTaVdNSJTaTQTgFcMGnMXCJyobQMVnsoJbnty-lyOjqua7Ls0fwpuXDpHiPYheIok4GiQywClvQ0Ep0h0y8rpdVKfdpyuz4WVSH8SBqagdjuqtn4Ow8y0KTkR9-aXDBT1CDfdfIkawU6qoiQ5uVC0jybW3IEgHlKHYLDzekvGWnC3Z6TKsOpPKd_TyVT2BUSWfJW-SbpbZqiB0ya02jkRU4whMBbQb93DPlicmlLFBrl48t7-Heq7zTTD8JU40S3xUa9QNXXYzeKJR5cIlwihNFBat-_6pjtXFxcIkVyc9nwmV4d2Ar4QeVtHhPbZ5i-rO8GSjGGSVwiXunE_WE-ENrwkt__s4--uwv7pzV57RG31TcW9DnyMPFPgRNjFXYznkTnKVwiO8SQkxY,',
        ''),
       (2, 'N', '', 0, '',
        'eNoBLQHS_nM6MjkyOlwiXDABjzEcar3ktTaVdNSJTaTQTgFcMB9ghmws4hLrF4gOIE8HzHSWgPXor2kGIVTXOMCtKjMr_glFV-l_pvMxVVr44aXFu6xNPMZJ9UCxxDT9UOSAbPi-LuIVF77MPQNZC8br4EDXNRHOwmAOflB_ghcTOcIQx2vaGPRHftc5L1Skd0XTmDDuwjDmr6Hwmjp69l2YZ3y4Vf5k4VJcJ1wwdepSnPMFix1x9X5pmEtirD0YywwgolF3ygMWYOA7Dmw9s9MGqJ9ls72w2gHQ6v-MNzTqi9mK0KZcXEMoFp2DMLRvdhdcIqOVnuaNXCddtnXHOTy_TEsgeTq98RCyybSKhK60fdg16KD7AbyXGHc93Cx_bMKY-zGxx-RlXqidEdYrud-72vuIqBlKA_1cIjtcJzqSlA,,',
        '');

-- --------------------------------------------------------

--
-- Table structure for table `system_templates`
--

CREATE TABLE `system_templates`
(
    `system_template_id` int(11) UNSIGNED                     NOT NULL,
    `type`               enum ('system','mass_email','other') NOT NULL DEFAULT 'other',
    `title`              varchar(255)                                  DEFAULT NULL,
    `subject`            varchar(255)                                  DEFAULT NULL,
    `from`               varchar(255)                                  DEFAULT NULL,
    `to`                 varchar(255)                                  DEFAULT NULL,
    `cc`                 varchar(255)                                  DEFAULT NULL,
    `bcc`                varchar(255)                                  DEFAULT NULL,
    `template`           text,
    `create_date`        date                                          DEFAULT NULL
) ENGINE = InnoDB
  DEFAULT CHARSET = utf8 COMMENT ='Email and Invoice templates are used during superadmin actions (e.g. during company charging).';

--
-- Dumping data for table `system_templates`
--

INSERT INTO `system_templates` (`system_template_id`, `type`, `title`, `subject`, `from`, `to`, `cc`, `bcc`, `template`,
                                `create_date`)
VALUES (1, 'system', 'First Invoice', 'Sign up Invoice for {prospects: package}', 'support@officio.com.au',
        '{prospects: email}', '', 'support@officio.com.au',
        '<table style="width: 81.28%; height: 197px;" border="1" cellpadding="5" cellspacing="0">\n<tbody>\n<tr>\n<td>BILL TO</td></tr>\n<tr>\n<td>{prospects: salutation} {prospects: name} {prospects: last name}<br>{prospects: company}<br>{prospects: address}<br>{prospects: city} {prospects: province/state}{prospects: postal code/zip} <br>{prospects: country}</td></tr></tbody></table><br><br><br>\n<table style="width: 70%;" border="1" cellpadding="5" cellspacing="0">\n<tbody>\n<tr>\n<td align="center">INVOICE NO.</td>\n<td align="center">DATE</td>\n<td align="center">TERMS</td></tr>\n<tr>\n<td align="left">{invoice: number}</td>\n<td align="center">{invoice: date}</td>\n<td><br></td></tr></tbody></table><br><br>\n<table border="1" cellpadding="5" cellspacing="0">\n<tbody>\n<tr>\n<td align="center" width="50%">DESCRIPTION</td>\n<td align="center" width="20%">RATE</td>\n<td align="center" width="15%">QTY</td>\n<td align="center" width="15%">AMOUNT</td></tr>\n<tr>\n<td width="50%">{prospects: package}<br></td>\n<td align="center" width="20%"><br></td>\n<td align="center" width="15%"><br></td>\n<td align="right" width="15%">${invoice: subscription fee}</td></tr>\n<tr>\n<td width="50%">Support and Training</td>\n<td align="center" width="20%"><br></td>\n<td align="center" width="15%"><br></td>\n<td align="right" width="15%">${invoice: support fee}</td></tr>\n<tr>\n<td width="50%">Additional Users</td>\n<td align="center" width="20%">${invoice: price per user}/user</td>\n<td align="center" width="15%">{invoice: additional users}</td>\n<td align="right" width="15%">${invoice: additional users fee}</td></tr>\n<tr>\n<td width="50%">Additional Storage</td>\n<td align="center" width="20%">${invoice: price per storage}/1Gb</td>\n<td align="center" width="15%">{invoice: additional storage}</td>\n<td align="right" width="15%">${invoice: additional storage charges}</td></tr>\n<tr>\n<td colspan="3" width="85%"><br></td>\n<td align="right" width="15%"><b>${invoice: subtotal}</b></td></tr>\n<tr>\n<td colspan="4" width="100%"><br></td></tr>\n<tr>\n<td colspan="3" align="left" width="85%"><br></td>\n<td align="right" width="15%">${invoice: gst/hst fee}</td></tr>\n<tr>\n<td colspan="4" width="100%"><br></td></tr>\n<tr>\n<td colspan="3" align="right" width="85%"><b>TOTAL</b></td>\n<td align="right" width="15%"><b>${invoice: total}</b></td></tr></tbody></table><br>\n<div>\n<center><b>Thank you for using our services. Please do not hesitate to contact us, if we can be of further assistance in the future.</b></center></div>',
        '2010-07-14'),
       (2, 'system', 'Recurring Invoice',
        '{billing frequency} recurring subscription invoice for {subscription description}', '', '', '', '',
        '<br>\n<table style="width: 89.07%; height: 123px;" border="1" cellpadding="5" cellspacing="0">\n<tbody>\n<tr>\n<td>BILL TO</td></tr>\n<tr>\n<td>{admin first name} {admin last name}<br>{company name}<br>{company address}<br>{company city} {company province/state} {company postal code/zip}<br>{company country}</td></tr></tbody></table><br><br><br>\n<table style="width: 70%;" border="1" cellpadding="5" cellspacing="0">\n<tbody>\n<tr>\n<td align="middle">INVOICE NO.</td>\n<td align="middle">DATE</td>\n<td align="middle">TERMS</td></tr>\n<tr>\n<td align="left">{invoice: number}</td>\n<td align="middle">{invoice: date}</td>\n<td><br></td></tr></tbody></table>\n<br><br><br><div>&nbsp;<br><br><br></div>\n<table style="width: 100%;" border="1" cellpadding="5" cellspacing="0">\n<tbody>\n<tr>\n<td align="middle" width="50%">DESCRIPTION</td>\n<td align="middle" width="20%">RATE</td>\n<td align="middle" width="15%">QTY</td>\n<td align="middle" width="15%">AMOUNT</td></tr>\n<tr>\n<td width="50%">{subscription description}<br></td>\n<td align="middle" width="20%"><br></td>\n<td align="middle" width="15%"><br></td>\n<td align="right" width="15%">${invoice: subscription fee}</td></tr>\n<tr>\n<td width="50%">Additional Users</td>\n<td align="middle" width="20%">${invoice: price per user}/user</td>\n<td align="middle" width="15%">{invoice: additional users}</td>\n<td align="right" width="15%">${invoice: additional users fee}</td></tr>\n<tr>\n<td width="50%">Additional Storage</td>\n<td align="middle" width="20%">${invoice: price per storage} / 1Gb</td>\n<td align="middle" width="15%">{invoice: additional storage}</td>\n<td align="right" width="15%">${invoice: additional storage charges}</td></tr>\n<tr>\n<td colspan="3" width="85%"><br></td>\n<td align="right" width="15%"><b>${invoice: subtotal}</b></td></tr>\n<tr>\n<td colspan="4" width="100%"><br></td></tr>\n<tr>\n<td colspan="3" align="left" width="85%"><br></td>\n<td align="right" width="15%">${invoice: gst/hst fee}</td></tr>\n<tr>\n<td colspan="4" width="100%"><br></td></tr>\n<tr>\n<td colspan="3" align="right" width="85%"><b>TOTAL</b></td>\n<td align="right" width="15%"><b>${invoice: total}</b></td></tr></tbody></table><br>\n<div>\n<center><b>Thank you for using our services. Please do not hesitate to contact us, if we can be of further assistance in the future.</b></center></div>',
        '2010-07-14'),
       (3, 'system', 'Reply to Request a Demo', 'Officio request for demo', 'support@officio.com.au',
        '{prospects: email}', 'support@officio.com.au', 'bateni@officio.com.au',
        '<p><font size="2" style="font-family: arial; font-size: 12px;">Dear {prospects: salutation} {prospects: last name};<br><br>Thank you for your interest in Officio, the ultimate in Migration Practice Management software.<br><br></font><font size="2"><font face="arial"><span style="font-size: 12px;">To learn more about Officio, please&nbsp;</span>suggest<span style="font-size: 12px;">&nbsp;a suitable time when we can arrange for an online demo.</span></font></font></p><p style="font-family: arial; font-size: 12px;"><span style="font-size: small;">If we can be of any further assistance, please do not hesitate to contact us.<br></span><span style="font-size: small;"><br>Best regards,<br></span><span style="font-size: small;">Officio Team</span></p>\n<p><font size="2"><font face="arial">_______________________________________ </font><br><br><font face="arial">Officio Australia</font><br><font face="arial">T:+61 7 3040 8008&nbsp;</font><br><font face="arial"><span style="font-size: 12px;">Level 7, 199 George Street, Brisbane, QLD, 4000</span></font><br><font face="arial"><span style="font-size: 12px;"><a href="http://www.officio.com.au">www.officio.com.au</a><a href="http://www.uniques.ca" rel="nofollow" target="_blank"></a></span></font></font></p>',
        '2011-04-15'),
       (4, 'system', 'Support Email', 'Officio Support {support email counter}', '{support request: email}',
        'support@officio.com.au', '', 'bateni@officio.com.au',
        '<font face="arial">Dear {support request: name},<br><br>Thank you for your inquiry.<br><br><br><br><br>If we can be of further assistance, please do not hesitate to contact us.<br><br>Best regards,<br>Officio Support Team<br><br>----------------------------------------------------------------------------------<br><br>Name: {support request: name}<br>Company: {support request: company}<br>Tel: {support request: phone}<br>Email: {support request: email}<br>Your Request:<br><br>{support request: request}</font><br>',
        '2010-05-26'),
       (5, 'system', 'Signup Completed', 'Welcome to Officio. Your online office.', 'support@officio.com.au',
        '{prospects: email}', 'support@officio.com.au', 'bateni@officio.com.au',
        '<p><font face="arial" size="2">Dear {prospects: salutation} {prospects: last name};<br><br>Thank you for signing up with Officio, the ultimate in migration practice management software.<br><br>Before using Officio, you need to setup your account. If you have not already set up your account, please click on the following link:<a style="font-family: arial; font-size: 12px;"><br><br>http://secure.officio.com.au/companywizard</a><a href="http://secure.officio.com.au/companywizard?key=%7Bprospects:%20reg.%20key%7D" style="font-family: arial; font-size: 12px;">?key={prospects: reg. key}</a><br><br><span style="font-size: 12px;">This link takes you thru a simple step-by-step wizard to customize the software to your requirements. Once the setup is complete, you can start using Officio immediately.</span><br><br><span style="font-size: 12px;">If we can be of any further assistance, please do not hesitate to contact us by replying to this email.</span><br><br><span style="font-size: 12px;">Regards,</span><br><span style="font-size: 12px;">Officio Support Team</span><br><span style="font-size: 12px;">---------------------------------------------------</span><br><span style="font-size: 12px;">Officio Pty Ltd.</span><br><span style="font-size: 12px;">T:&nbsp;</span>+61 7 3040 8008<span style="font-size: 12px;">&nbsp;</span><br><span style="font-size: 12px;">Level 7, 199 George Street, Brisbane, QLD, 4000</span><br><span style="font-size: 12px;">www.officio.com.au</span></font><br></p>',
        '2011-04-15'),
       (7, 'other', 'follow up 1', 'follow up to your last demo request', 'support@officio.com.au',
        '{prospects: email}', '', '',
        'Dear {prospects: name} {prospects: last name};<br><br>I hope you have had a chance to review our demo video.&nbsp;&nbsp; If you have any questions or require more information about a specific requirement you have, please reply to this email with your questions.<br><br>Regards<br>Officio Sales Team<br>',
        '2009-12-27'),
       (8, 'system', 'New user notification on Company Creation', 'Your Officio account information',
        'support@officio.com.au', '{user: email}', '', 'support@officio.com.au',
        '<font face="arial" size="2">Dear {user: first name},</font>\n<div><font face="arial" size="2"><br>Welcome to Officio.com.au, the ultimate in Migration Practice Management software.<br><br>1. You have been added to Officio by your company Admin.&nbsp;You can login to Officio by clicking on the following link:</font></div>\n<div><font face="arial" size="2"><br><a href="http://secure.officio.com.au">http://secure.officio.com.au</a> <br><br></font></div>\n\n<div><div><font face="arial" size="2">The followings are your login details:</font></div>\n<div><font face="arial" size="2"><br></font></div>\n<div><font face="arial" size="2">Username:&nbsp; <b>{user: username}</b></font><font face="arial" size="2"><br>Password: &nbsp; &nbsp;<b>{user: password}</b></font><font face="arial" size="2"><br><br></font>\n<div><font face="arial" size="2">For the security of your data, please ensure to always log out from Officio when you finish work.<br><br>2. To learn more about Officio, please ensure to visit the help, where you can access tutorials for various sections of the program. This helps you get familiar with the program more quickly. Please ensure to configure your email and calendar to start using these components as well.<br><br></font><font face="arial" size="2"><br><br>We hope you enjoy your experience with Officio.</font><font face="arial" size="2"> If we can do anything to enhance your experience with Officio, please do not hesitate to let us know.<br><br>Regards,</font><font face="arial" size="2"><br>Officio Support Team</font></div></div>\n<div><font face="arial"><br></font></div>\n<div><font face="arial"><br></font></div></div>',
        '2011-04-15'),
       (9, 'system', 'Forgotten Email', 'Your login details to Officio', 'support@officio.com.au', '{user: email}', '',
        '',
        '<div><font face="arial"><span style="FONT-SIZE: small">Dear {user: first name} {user: last name};</span></font></div>\n<div><font face="arial"><span style="FONT-SIZE: small"><br></span></font></div>\n<div><font face="arial"><span style="FONT-SIZE: small">As per your request, please find below your login details:</span></font></div>\n<div><font face="arial"><span style="FONT-SIZE: small"><br></span></font></div>\n<div><font face="arial"><span style="FONT-SIZE: small">User ID: <b>{user: username}</b></span></font></div>\n<div><font face="arial"><span style="FONT-SIZE: small">Link to reset password: <b><a href="https://secure.officio.com.au/auth/recovery/hash/{user: password hash}">click here</a></b></span></font></div>\n<div><font face="arial"><span style="FONT-SIZE: small"><br></span></font></div>\n<div><font face="arial"><span style="FONT-SIZE: small">For the security of your data, please ensure to always logout from Officio when you finish work.</span></font></div>\n<div><font face="arial"><span style="FONT-SIZE: small"><br></span></font></div>\n<div><font face="arial"><span style="FONT-SIZE: small">Regards,</span></font></div>\n<div><font face="arial"><span style="FONT-SIZE: small">Officio Support Team</span></font></div>\n<div><font face="arial"><span style="FONT-SIZE: small"><br></span></font></div><br>',
        '2011-04-15'),
       (10, 'system', 'Special CC Charge', '{special cc charge: notes}', '', '', '', '',
        '&nbsp; \n<table style="width: 451px; height: 137px;" border="1" cellpadding="5" cellspacing="0">\n<tbody>\n<tr>\n<td>BILL TO</td></tr>\n<tr>\n<td>{admin first name} {admin last name}<br>{company name}<br>{company address}<br>{company city} {company province/state} {company postal code/zip}<br>{company country}</td></tr></tbody></table><br><br><br>\n<table border="1" cellpadding="5" cellspacing="0">\n<tbody>\n<tr>\n<td align="center">INVOICE NO.</td>\n<td align="center">DATE</td>\n<td align="center">TERMS</td></tr>\n<tr>\n<td align="left">{invoice: number}</td>\n<td align="center">{invoice: date}</td>\n<td><br></td></tr></tbody></table><br><br><br><br><br><br><br>\n<table border="1" cellpadding="5" cellspacing="0">\n<tbody>\n<tr>\n<td align="center" width="50%">DESCRIPTION</td>\n<td align="center" width="20%">RATE</td>\n<td align="center" width="15%">QTY</td>\n<td align="center" width="15%">AMOUNT</td></tr>\n<tr>\n<td width="50%">{subscription description}<br></td>\n<td align="center" width="20%"><br></td>\n<td align="center" width="15%"><br></td>\n<td align="right" width="15%">${invoice: subscription fee}</td></tr>\n<tr>\n<td width="50%">Support and Training</td>\n<td align="center" width="20%"><br></td>\n<td align="center" width="15%"><br></td>\n<td align="right" width="15%">${invoice: support fee}</td></tr>\n<tr>\n<td width="50%">Additional Users</td>\n<td align="center" width="20%">${invoice: price per user}/user</td>\n<td align="center" width="15%">{invoice: additional users}</td>\n<td align="right" width="15%">${invoice: additional users fee}</td></tr>\n<tr>\n<td width="50%">Additional Storage</td>\n<td align="center" width="20%">${invoice: price per storage}/1Gb</td>\n<td align="center" width="15%">{invoice: additional storage}</td>\n<td align="right" width="15%">${invoice: additional storage charges}</td></tr>\n<tr>\n<td colspan="3" width="85%"><br></td>\n<td align="right" width="15%"><b>${invoice: subtotal}</b></td></tr>\n<tr>\n<td colspan="4" width="100%"><br></td></tr>\n<tr>\n<td colspan="3" align="left" width="85%">GST<br></td>\n<td align="right" width="15%">${invoice: gst/hst fee}</td></tr>\n<tr>\n<td colspan="4" width="100%"><br></td></tr>\n<tr>\n<td colspan="3" align="right" width="85%"><b>TOTAL</b></td>\n<td align="right" width="15%">${special cc charge: amount}</td></tr></tbody></table><br>\n<p></p>\n<center><b>Thank you for using our services. Please do not hesitate to contact us, if we can be of further assistance in the future.</b></center>\n<p></p>',
        '2010-07-14'),
       (11, 'system', 'Credit Card Processing Error', 'Officio Billing - Please update your credit card information',
        'support@officio.com.au', 'support@officio.com.au', '', 'shahram@officio.com.au',
        '<font face="arial" size="2">Dear </font><font face="arial" size="2">{admin first name} {admin last name};<br><br>Our automated billing system has encountered the following error in processing your credit card:<br></font><font size="2"><font face="arial"><br><b>{error message}</b></font><br></font><font face="arial" size="2"><br>To update your credit card details, please take the following steps:<br><br>- Login to Officio, <br>- On the top-right corner of the screen, click on <b>Admin</b><br>- On the left, click on <b>Company Details</b><br>- Click on <b>Account Details</b><br>- Click on <b>Update Credit Card on File</b><br>- Update your credit card information and click on Save<br><br>We will be automatically notified of this change, and your account will be reinstated automatically.<br><br>If we can be of any further assistance, please do not hesitate to contact us by replying to this email.<br><br>Best regards,<br>Officio Billing Team<br></font><font size="2"><span style="FONT-FAMILY: arial"><br>_______________________________________ </span><br style="FONT-FAMILY: arial"><br style="FONT-FAMILY: arial">Officio Pty Ltd.<br>T: +61 7 3212-2266 F: +61 7 3212-2211<br>Level 7, 199 George Street, Brisbane, QLD, 4000<br>www.officio.com.au</font><br><br>',
        '2010-05-28'),
       (12, 'system', 'Credit card on file was updated by admin',
        'Admin of {company name} updated their credit card on file', 'support@officio.com.au',
        'Support@officio.com.au', '', 'shahram@officio.com.au',
        '<br>The following company has updated their credit card information on file.&nbsp;&nbsp; Please check their account and process any invoice that is outstanding.<br><br>Their detail:<br>Company Name: {company name}<br>Company City: {company city}<br>Company Phone 1: {company phone 1}<br>Company Phone 2: {company phone 2}<br>Admin:{admin first name} {admin last name}<br>Admin email: {admin email}',
        '2010-05-28'),
       (13, 'system', 'Notes or Special Invoice', '{special cc charge: notes}', '', '', '', '',
        '<br>\n<table border="1" cellpadding="5" cellspacing="0" height="157" width="260">\n<tbody>\n<tr>\n<td>BILL TO</td></tr>\n<tr>\n<td>{admin first name} {admin last name}<br>{company name}<br>{company address}<br>{company city} {company province/state} {company postal code/zip}<br>{company country}</td></tr></tbody></table><br><br><br>\n<table style="width: 70%;" align="right" border="1" cellpadding="5" cellspacing="0">\n<tbody>\n<tr>\n<td align="center">INVOICE NO.</td>\n<td align="center">DATE</td>\n<td align="center">TERMS</td></tr>\n<tr>\n<td align="left">{invoice: number}</td>\n<td align="center">{invoice: date}</td>\n<td><br></td></tr></tbody></table><br><br><br>\n<table style="width: 100%;" border="1" cellpadding="5" cellspacing="0">\n<tbody>\n<tr>\n<td align="center" width="50%">DESCRIPTION</td>\n<td align="center" width="20%">RATE</td>\n<td align="center" width="15%">QTY</td>\n<td align="center" width="15%">AMOUNT</td></tr>\n<tr>\n<td width="50%">{subscription description}<br></td>\n<td align="center" width="20%"><br></td>\n<td align="center" width="15%"><br></td>\n<td align="right" width="15%">$ {invoice: subscription fee}</td></tr>\n<tr>\n<td width="50%">Additional Users</td>\n<td align="center" width="20%">${invoice: price per user}/user</td>\n<td align="center" width="15%">{invoice: additional users}</td>\n<td align="right" width="15%">${invoice: additional users fee}</td></tr>\n<tr>\n<td width="50%">Additional Storage</td>\n<td align="center" width="20%">${invoice: price per storage}/ 1Gb</td>\n<td align="center" width="15%">{invoice: additional storage}</td>\n<td align="right" width="15%">${invoice: additional storage charges}</td></tr>\n<tr>\n<td colspan="3" width="85%"><br></td>\n<td align="right" width="15%"><b>${invoice: subtotal}</b></td></tr>\n<tr>\n<td colspan="4" width="100%"><br></td></tr>\n<tr>\n<td colspan="3" align="left" width="85%">GST ()</td>\n<td align="right" width="15%">${invoice: gst/hst fee}</td></tr>\n<tr>\n<td colspan="4" width="100%"><br></td></tr>\n<tr>\n<td colspan="3" align="right" width="85%"><b>TOTAL</b></td>\n<td align="right" width="15%"><strong>${special cc charge: amount}</strong></td></tr></tbody></table><br>\n<div>\n<center><b>Thank you for using our services. Please do not hesitate to contact us, if we can be of further assistance in the future.</b></center></div>\n<p></p>',
        '2010-07-14'),
       (14, 'system', 'Subscription Invoice', 'Invoice for {company package} - {billing frequency} Subscription',
        'support@officio.com.au', '{company email}', '', 'support@officio.com.au',
        '<table>\n  <tbody><tr>\n   <td>\n   <img src="{settings: images path}/default/officio_logo_with_bg.png" alt="logo" height="94" width="600">\n   </td>\n  </tr>\n\n  <tr>\n\n  <td>\n  <table align="center" bgcolor="#b3bcbf" border="0" cellpadding="6" cellspacing="1" width="600">\n   <tbody>\n   <tr>\n   <td bgcolor="#ffffff">\n  <table border="0" cellpadding="5" cellspacing="0" width="100%">\n  <tbody>\n  <tr>\n  <td style="font: 11px Arial,Helvetica,sans-serif; text-align: left;" bgcolor="#f0f0f0">\n\n   <table border="0" cellpadding="5" width="100%">\n   <tbody>\n  <tr>\n  <td>\n  <div style="font: 11px Arial,Helvetica,sans-serif;">Dear {admin first name} {admin last name},<br><br>Thank you for your order. Here are your order details:</div>\n  </td>\n  </tr>\n   </tbody>\n   </table>\n\n   <table border="1" cellpadding="6" width="100%">\n   <tbody>\n   <tr>\n  <td bgcolor="#ffffff">\n  <table border="0" cellpadding="0" cellspacing="0" width="100%">\n  <tbody>\n  <tr>\n   <td style="font: 11px Arial,Helvetica,sans-serif;" nowrap="nowrap"><span style="color: #4F8CBC; font-weight: bold;">{company package} - {billing frequency} Subscription</span><br>\n   <strong>Licensee Name:</strong>&nbsp;&nbsp;{company name}\n   </td>\n  </tr>\n  </tbody>\n  </table>\n  </td>\n   </tr>\n   </tbody>\n   </table>\n\n   <br>\n\n   <table bgcolor="#f0f0f0" border="0" cellpadding="0" cellspacing="0" width="100%">\n   <tbody>\n   <tr>\n  <td colspan="4" style="font: 11px Arial,Helvetica,sans-serif;" bgcolor="#e3e2e2" nowrap="nowrap">\n  <span style="font: 11px Arial,Helvetica,sans-serif; font-weight: bold;">Your order summary:</span><br>\n  <table border="0" cellpadding="5" cellspacing="0" width="100%">\n  <tbody>\n   <tr>\n   <td style="font: 11px Arial,Helvetica,sans-serif; font-weight: bold;" width="20%">Invoice #:</td>\n   <td style="font: 11px Arial,Helvetica,sans-serif;">{invoice: number}</td>\n   </tr>\n   <tr>\n   <td style="font: 11px Arial,Helvetica,sans-serif; font-weight: bold;">Date:</td>\n   <td style="font: 11px Arial,Helvetica,sans-serif;">{invoice: date}</td>\n   </tr>\n   <tr>\n   <td style="font: 11px Arial,Helvetica,sans-serif; font-weight: bold;">Next billing date:</td>\n   <td style="font: 11px Arial,Helvetica,sans-serif;">{next billing date}</td>\n   </tr>\n  </tbody>\n  </table>\n  </td>\n   </tr>\n   </tbody>\n   </table>\n   \n   <br>\n\n   <table style="background: url(&quot;{settings: images path}/default/officio_watermark.png&quot;) no-repeat center;" bgcolor="#f0f0f0" border="0" cellpadding="3" cellspacing="0" width="100%">\n  <tbody><tr>\n  <td style="font: 11px Arial,Helvetica,sans-serif;" width="40%"><strong>Description</strong></td>\n  <td style="font: 11px Arial,Helvetica,sans-serif;" align="center" width="20%"><strong>Qty</strong></td>\n  <td style="font: 11px Arial,Helvetica,sans-serif;" align="center" width="20%"><strong>Unit Price</strong></td>\n  <td style="font: 11px Arial,Helvetica,sans-serif;" align="right" width="20%"><strong>Amount</strong></td>\n  </tr>\n  <tr>\n  <td style="font: 11px Arial,Helvetica,sans-serif;"><span style="font-weight: bold;">{company package} - {billing frequency} Subscription</span>\n   <br>Includes:<br>\n   - {invoice: free storage} Gb of space<br>\n   - {invoice: free users} user license(s)\n  </td>\n  <td style="font: 11px Arial,Helvetica,sans-serif;" align="center">{invoice: quantity}</td>\n  <td style="font: 11px Arial,Helvetica,sans-serif;" align="center">{invoice: currency} {invoice: subscription fee}</td>\n  <td style="font: 11px Arial,Helvetica,sans-serif;" align="right">{invoice: currency} {invoice: subscription fee}</td>\n  </tr>\n  <tr {invoice:="" hide="" if="" empty="" discount}="">\n  <td style="font: 11px Arial,Helvetica,sans-serif;">Discount</td>\n  <td style="font: 11px Arial,Helvetica,sans-serif;" align="center">&nbsp;</td>\n  <td style="font: 11px Arial,Helvetica,sans-serif;" align="center">&nbsp;</td>\n  <td style="font: 11px Arial,Helvetica,sans-serif;" align="right">{invoice: currency} -{invoice: discount}</td>\n  </tr>\n  <tr>\n  <td style="font: 11px Arial,Helvetica,sans-serif; font-weight: bold;">Additional user license(s)</td>\n  <td style="font: 11px Arial,Helvetica,sans-serif;" align="center">{invoice: additional users}</td>\n  <td style="font: 11px Arial,Helvetica,sans-serif;" align="center">{invoice: currency} {invoice: price per user}</td>\n  <td style="font: 11px Arial,Helvetica,sans-serif;" align="right">{invoice: currency} {invoice: additional users fee}</td>\n  </tr>\n  <tr><td colspan="4"><hr></td></tr>\n  <tr>\n  <td style="font: 11px Arial,Helvetica,sans-serif;">&nbsp;</td>\n  <td style="font: 11px Arial,Helvetica,sans-serif;" align="center">&nbsp;</td>\n  <td style="font: 11px Arial,Helvetica,sans-serif;" align="right">Sub Total</td>\n  <td style="font: 11px Arial,Helvetica,sans-serif;" align="right">{invoice: currency} {invoice: subtotal}</td>\n  </tr>\n  <tr>\n  <td colspan="3" style="font: 11px Arial,Helvetica,sans-serif;" align="right">GST ()</td>\n  <td style="font: 11px Arial,Helvetica,sans-serif;" align="right">{invoice: currency} {invoice: gst/hst fee}</td>\n  </tr>\n  <tr>\n  <td style="font: 11px Arial,Helvetica,sans-serif;">&nbsp;</td>\n  <td style="font: 11px Arial,Helvetica,sans-serif;" align="center">&nbsp;</td>\n  <td style="font: 11px Arial,Helvetica,sans-serif; font-weight: bold;" align="right">Total</td>\n  <td style="font: 11px Arial,Helvetica,sans-serif;" align="right">{invoice: currency} {invoice: total}</td>\n  </tr>\n  <tr>\n  <td style="font: 11px Arial,Helvetica,sans-serif;">&nbsp;</td>\n  <td style="font: 11px Arial,Helvetica,sans-serif;" align="center">&nbsp;</td>\n  <td style="font: 11px Arial,Helvetica,sans-serif; font-weight: bold;" align="right">Paid</td>\n  <td style="font: 11px Arial,Helvetica,sans-serif;" align="right">{invoice: currency} -{invoice: amount paid}</td>\n  </tr>\n  <tr>\n  <td colspan="4" height="38" nowrap="nowrap">\n  <table border="0" width="100%">\n   <tbody><tr>\n   <td style="font: 11px Arial,Helvetica,sans-serif;" nowrap="nowrap" width="18%"><strong>Payment method:</strong></td>\n   <td style="font: 11px Arial,Helvetica,sans-serif;" width="82%">{invoice: payment method}</td>\n   </tr>\n  </tbody></table>\n  </td>\n  </tr>\n   </tbody></table>\n\n   <table border="0" cellpadding="5" width="100%">\n   <tbody>\n  <tr>\n  <td style="font: 11px Arial,Helvetica,sans-serif;">\n  <p><strong>A couple of quick notes and reminders:</strong></p>\n  <ul>\n   <li><strong>Payment:</strong> Your credit card&nbsp; has been debited with {invoice: currency} {invoice: amount paid}, your card statement will list "Officio Pty Ltd".</li>\n   <li><strong>My account:</strong> You can always access your invoices by logging into Officio, and going to Admin | Company Details | Company Invoices. </li>\n  </ul>\n  <p>Thank you for your order. If we can do anything to enhance your experience with Officio, please do not hesitate to let us know.</p>\n  <br><br>\n  <p>Best regards,</p>\n  <p><strong>The Officio Team</strong></p>\n  <p><br></p>\n  </td>\n  </tr>\n   </tbody>\n   </table>\n\n   <p>\n  </p></td>\n  </tr>\n  </tbody>\n  </table>\n   </td>\n   </tr>\n   </tbody>\n  </table>\n  </td>\n  </tr>\n</tbody></table>',
        '2011-03-17'),
       (15, 'system', 'Renew Invoice', 'Invoice for {company package} - {billing frequency} Renew',
        'support@officio.com.au', '{company email}', '', 'support@officio.com.au',
        '<table>\n  <tbody><tr>\n   <td>\n   <img src="{settings: images path}/default/officio_logo_with_bg.png" alt="logo" height="94" width="600">\n   </td>\n  </tr>\n\n  <tr>\n\n  <td>\n  <table align="center" bgcolor="#b3bcbf" border="0" cellpadding="6" cellspacing="1" width="600">\n   <tbody>\n   <tr>\n   <td bgcolor="#ffffff">\n  <table border="0" cellpadding="5" cellspacing="0" width="100%">\n  <tbody>\n  <tr>\n  <td style="font: 11px Arial,Helvetica,sans-serif; text-align: left;" bgcolor="#f0f0f0">\n\n   <table border="0" cellpadding="5" width="100%">\n   <tbody>\n  <tr>\n  <td>\n  <div style="font: 11px Arial,Helvetica,sans-serif;">Dear {admin first name} {admin last name},<br><br>Thank you for your order. Here are your order details:</div>\n  </td>\n  </tr>\n   </tbody>\n   </table>\n\n   <table border="1" cellpadding="6" width="100%">\n   <tbody>\n   <tr>\n  <td bgcolor="#ffffff">\n  <table border="0" cellpadding="0" cellspacing="0" width="100%">\n  <tbody>\n  <tr>\n   <td style="font: 11px Arial,Helvetica,sans-serif;" nowrap="nowrap"><span style="color: #4F8CBC; font-weight: bold;">{company package} - {billing frequency} Subscription</span><br>\n   <strong>Licensee Name:</strong>&nbsp;&nbsp;{company name}\n   </td>\n  </tr>\n  </tbody>\n  </table>\n  </td>\n   </tr>\n   </tbody>\n   </table>\n\n   <br>\n\n   <table bgcolor="#f0f0f0" border="0" cellpadding="0" cellspacing="0" width="100%">\n   <tbody>\n   <tr>\n  <td colspan="4" style="font: 11px Arial,Helvetica,sans-serif;" bgcolor="#e3e2e2" nowrap="nowrap">\n  <span style="font: 11px Arial,Helvetica,sans-serif; font-weight: bold;">Your order summary:</span><br>\n  <table border="0" cellpadding="5" cellspacing="0" width="100%">\n  <tbody>\n   <tr>\n   <td style="font: 11px Arial,Helvetica,sans-serif; font-weight: bold;" width="20%">Invoice #:</td>\n   <td style="font: 11px Arial,Helvetica,sans-serif;">{invoice: number}</td>\n   </tr>\n   <tr>\n   <td style="font: 11px Arial,Helvetica,sans-serif; font-weight: bold;">Date:</td>\n   <td style="font: 11px Arial,Helvetica,sans-serif;">{invoice: date}</td>\n   </tr>\n   <tr>\n   <td style="font: 11px Arial,Helvetica,sans-serif; font-weight: bold;">Next billing date:</td>\n   <td style="font: 11px Arial,Helvetica,sans-serif;">{next billing date}</td>\n   </tr>\n  </tbody>\n  </table>\n  </td>\n   </tr>\n   </tbody>\n   </table>\n   \n   <br>\n\n   <table style="background: url(&quot;{settings: images path}/default/officio_watermark.png&quot;) no-repeat center;" bgcolor="#f0f0f0" border="0" cellpadding="3" cellspacing="0" width="100%">\n  <tbody><tr>\n  <td style="font: 11px Arial,Helvetica,sans-serif;" width="40%"><strong>Description</strong></td>\n  <td style="font: 11px Arial,Helvetica,sans-serif;" align="center" width="20%"><strong>Qty</strong></td>\n  <td style="font: 11px Arial,Helvetica,sans-serif;" align="center" width="20%"><strong>Unit Price</strong></td>\n  <td style="font: 11px Arial,Helvetica,sans-serif;" align="right" width="20%"><strong>Amount</strong></td>\n  </tr>\n  <tr>\n  <td style="font: 11px Arial,Helvetica,sans-serif;"><span style="font-weight: bold;">{company package} - {billing frequency} Subscription</span>\n   <br>Includes:<br>\n   - {invoice: free storage} Gb of space<br>\n   - {invoice: free users} user license(s)\n  </td>\n  <td style="font: 11px Arial,Helvetica,sans-serif;" align="center">{invoice: quantity}</td>\n  <td style="font: 11px Arial,Helvetica,sans-serif;" align="center">{invoice: currency} {invoice: subscription fee}</td>\n  <td style="font: 11px Arial,Helvetica,sans-serif;" align="right">{invoice: currency} {invoice: subscription fee}</td>\n  </tr>\n  <tr {invoice:="" hide="" if="" empty="" discount}="">\n  <td style="font: 11px Arial,Helvetica,sans-serif;">Discount</td>\n  <td style="font: 11px Arial,Helvetica,sans-serif;" align="center">&nbsp;</td>\n  <td style="font: 11px Arial,Helvetica,sans-serif;" align="center">&nbsp;</td>\n  <td style="font: 11px Arial,Helvetica,sans-serif;" align="right">{invoice: currency} -{invoice: discount}</td>\n  </tr>\n  <tr>\n  <td style="font: 11px Arial,Helvetica,sans-serif; font-weight: bold;">Additional user license(s)</td>\n  <td style="font: 11px Arial,Helvetica,sans-serif;" align="center">{invoice: additional users}</td>\n  <td style="font: 11px Arial,Helvetica,sans-serif;" align="center">{invoice: currency} {invoice: price per user}</td>\n  <td style="font: 11px Arial,Helvetica,sans-serif;" align="right">{invoice: currency} {invoice: additional users fee}</td>\n  </tr>\n  <tr><td colspan="4"><hr></td></tr>\n  <tr>\n  <td style="font: 11px Arial,Helvetica,sans-serif;">&nbsp;</td>\n  <td style="font: 11px Arial,Helvetica,sans-serif;" align="center">&nbsp;</td>\n  <td style="font: 11px Arial,Helvetica,sans-serif;" align="right">Sub Total</td>\n  <td style="font: 11px Arial,Helvetica,sans-serif;" align="right">{invoice: currency} {invoice: subtotal}</td>\n  </tr>\n  <tr>\n  <td colspan="3" style="font: 11px Arial,Helvetica,sans-serif;" align="right">GST ()</td>\n  <td style="font: 11px Arial,Helvetica,sans-serif;" align="right">{invoice: currency} {invoice: gst/hst fee}</td>\n  </tr>\n  <tr>\n  <td style="font: 11px Arial,Helvetica,sans-serif;">&nbsp;</td>\n  <td style="font: 11px Arial,Helvetica,sans-serif;" align="center">&nbsp;</td>\n  <td style="font: 11px Arial,Helvetica,sans-serif; font-weight: bold;" align="right">Total</td>\n  <td style="font: 11px Arial,Helvetica,sans-serif;" align="right">{invoice: currency} {invoice: total}</td>\n  </tr>\n  <tr>\n  <td style="font: 11px Arial,Helvetica,sans-serif;">&nbsp;</td>\n  <td style="font: 11px Arial,Helvetica,sans-serif;" align="center">&nbsp;</td>\n  <td style="font: 11px Arial,Helvetica,sans-serif; font-weight: bold;" align="right">Paid</td>\n  <td style="font: 11px Arial,Helvetica,sans-serif;" align="right">{invoice: currency} -{invoice: amount paid}</td>\n  </tr>\n  <tr>\n  <td colspan="4" height="38" nowrap="nowrap">\n  <table border="0" width="100%">\n   <tbody><tr>\n   <td style="font: 11px Arial,Helvetica,sans-serif;" nowrap="nowrap" width="18%"><strong>Payment method:</strong></td>\n   <td style="font: 11px Arial,Helvetica,sans-serif;" width="82%">{invoice: payment method}</td>\n   </tr>\n  </tbody></table>\n  </td>\n  </tr>\n   </tbody></table>\n\n   <table border="0" cellpadding="5" width="100%">\n   <tbody>\n  <tr>\n  <td style="font: 11px Arial,Helvetica,sans-serif;">\n  <p><strong>A couple of quick notes and reminders:</strong></p>\n  <ul>\n   <li><strong>Payment:</strong> Your credit card&nbsp; has been debited with {invoice: currency} {invoice: amount paid}, your card statement will list "Officio PTY Ltd.".</li>\n   <li><strong>My account:</strong> You can always access your invoices by logging into Officio, and going to Admin | Company Details | Company Invoices. </li>\n  </ul>\n  <p>Thank you for your order. If we can do anything to enhance your experience with Officio, please do not hesitate to let us know.</p>\n  <br><br>\n  <p>Best regards,</p>\n  <p><strong>The Officio Team</strong></p>\n  <p><br></p>\n  </td>\n  </tr>\n   </tbody>\n   </table>\n\n   <p>\n  </p></td>\n  </tr>\n  </tbody>\n  </table>\n   </td>\n   </tr>\n   </tbody>\n  </table>\n  </td>\n  </tr>\n</tbody></table>',
        '2011-03-17'),
       (18, 'mass_email', 'Scheduled Maintenance', 'Scheduled Maintenance', 'Officio Support "support@uniques.ca"', '',
        '', '',
        '<font face="arial"><br>Dear {user: first name},<br><br>We will be conducting a scheduled maintenance on one of Officio\'s servers on Saturday, Feb. 2nd, 2013, starting at 00:05AM AST. D</font><font face="arial"><font face="arial">uring this time service will not be available to you.<br></font><br>While our intent is to minimize the downtime, the server should be back online by 9:00AM AST on Saturday.&nbsp; <br><br>Officio is growing very quickly, thanks to users like you.&nbsp; This scheduled maintenance is part one of a 2-step process to expand our servers capacities.<br><br>Apart from working on infrastructure, we will be releasing a new upgrade that includes:<br>- Improved and faster performing Document-Management<br>- Time-Management Module<br>- Task-Management Module<br><br>We will be sending you additional emails with instructions on how to use these new features.<br><br>We apologize for any inconvenience this may cause. I trust you will like the new improvements.<br><br>If we can be of any further assistance, please do not hesitate to contact us.<br><br>do not hesitate to contact us.<br><br></font><font size="2">Best regards,<br>Officio Team<br></font>\n<p style="font-family: arial;"><font size="2">_______________________________________ <br><br>Officio Pty Ltd.<br>T: +61 7 3212-2266 F: +61 7 3212-2211<br>Level 7, 199 George Street, Brisbane, QLD, 4000<br>www.officio.com.au</font></p><p><font face="arial"><br></font></p><font face="arial"><br><br></font>',
        '2011-11-17'),
       (19, 'mass_email', 'Officio Update 2013', 'Officio Update 2013', 'support@officio.com.au', '', '',
        'shahram@officio.com.au',
        '<p></p><p><font color="#000000"><font face="arial"><br>Dear {user: first name},<br><br>I\'m excited to announce the release of Officio-2013. This version includes the following key features:<br><br>- Immigration News section<br>- Time Management<br></font></font><span style="font-family: arial;">- Task Management<br></span><span style="font-family: arial;">- Improved Document Management<br></span><span style="font-family: arial;"><br>To learn more, please watch the following 10-minute video:<br></span><span style="font-family: arial;"></span></p><p><span style="font-family: arial;">&lt;link&gt;</span></p><p><span style="font-family: arial;"></span><span style="font-family: arial;"><br>These features are available to you at no extra cost. I hope you\'ll find them useful in your day-to-day operation.</span><span style="font-family: arial;"><br><br>If we can be of any further assistance, please do not hesitate to contact us.<br></span><span style="font-family: arial;"><br>Best regards,<br></span><span style="font-family: arial;">Officio Team<br></span></p><p><font color="#000000"><font face="arial">_______________________________________<br><br>Officio Pty Ltd.<br>T: +61 7 3212-2266&nbsp;&nbsp;&nbsp; F: +61 7 3212-2211<br>Level 7, 199 George Street, Brisbane, QLD, 4000<br>www.officio.com.au</font></font></p><p></p>',
        '2013-02-04'),
       (21, 'mass_email', 'Scheduled Maintenance 2', 'Scheduled Maintenance',
        'Officio Support "support@officio.com.au"', '', '', '',
        '<font face="arial"><br>Dear {user: first name},<br><br>We will be performing a software upgrade on one of Officio\'s servers on Saturday, April 6th, 2013, starting at 01:00AM AST. D</font><font face="arial"><font face="arial">uring this time service will not be available to you.<br></font><br>While our intent is to minimize the downtime, the server should be back online by 9:00AM AST on Saturday. <br><br>We apologize for any inconvenience this may cause. I trust you will like the new improvements.<br><br></font><font face="arial"><font face="arial">Officio is growing very quickly, thanks to users like you. </font>If you have any suggestions or improving ideas, please do not hesitate to contact us.<br><br>Best regards, <br>Officio Team<br>_______________________________________  <br><br>Officio Pty Ltd.<br>T: +61 7 3212-2266&nbsp;&nbsp;&nbsp; F: +61 7 3212-2211<br>Level 7, 199 George Street, Brisbane, QLD, 4000<br>www.officio.com.au<a href="http://www.officio.ca"></a></font><p><font face="arial"><br></font></p><font face="arial"><br><br></font>',
        '2013-04-04'),
       (22, 'system', 'Password Changed', 'Officio - Password Changed', 'support@officio.com.au', '{user: email}', '',
        '', '<font face="arial" size="2">Dear {user: first name},</font>\n<div>Your password was changed.</div>',
        '2014-04-25'),
       (23, 'system', 'User account locked', 'Officio - User account locked', 'support@officio.com.au',
        'support@officio.com.au', '', 'bateni@officio.com.au', '<div>User account locked: {user: username}.</div>',
        '2014-04-26'),
       (24, 'system', 'Upgrade to OfficioSolo', 'Upgrade to Solo', 'support@officio.com.au', '{company email}', '',
        'support@officio.com.au',
        '<table>   <tr>  <td>  <img src="{settings: images path}/default/officio_logo_with_bg.png" alt="logo" width="600" height="94" />  </td>   </tr>  <tr>  <td>  <table width="600" align="center" bgcolor="#b3bcbf" border="0" cellpadding="6" cellspacing="1">  <tbody>  <tr>  <td bgcolor="#ffffff">   <table width="100%" border="0" cellpadding="5" cellspacing="0">   <tbody>   <tr>  <td style="font: 11px Arial,Helvetica,sans-serif; text-align: left;" bgcolor="#f0f0f0">   <table width="100%" border="0" cellpadding="5">  <tbody>   <tr>   <td>  <div style="font: 11px Arial,Helvetica,sans-serif;">Dear {admin first name} {admin last name},<br><br>Thank you for your order. Here are your order details:</div>   </td>   </tr>  </tbody>  </table>   <table width="100%" border="1" cellpadding="6">  <tbody>  <tr>   <td bgcolor="#ffffff">   <table width="100%" border="0" cellpadding="0" cellspacing="0">   <tbody>  <tr>  <td style="font: 11px Arial,Helvetica,sans-serif;" nowrap="nowrap"><span style="color: #4F8CBC; font-weight: bold;">Upgrade to Solo - Prorated</span><br>  <strong>Licensee Name:</strong>&nbsp;&nbsp;{company name}  </td>  </tr>   </tbody>   </table>   </td>  </tr>  </tbody>  </table>   <br>   <table width="100%" bgcolor="#f0f0f0" border="0" cellpadding="0" cellspacing="0">  <tbody>  <tr>   <td colspan="4" style="font: 11px Arial,Helvetica,sans-serif;" bgcolor="#e3e2e2" nowrap="nowrap">   <span style="font: 11px Arial,Helvetica,sans-serif; font-weight: bold;">Your order summary:</span><br>   <table width="100%" border="0" cellpadding="5" cellspacing="0">   <tbody>  <tr>  <td style="font: 11px Arial,Helvetica,sans-serif; font-weight: bold;" width="20%">Invoice #:</td>  <td style="font: 11px Arial,Helvetica,sans-serif;">{invoice: number}</td>  </tr>  <tr>  <td style="font: 11px Arial,Helvetica,sans-serif; font-weight: bold;">Date:</td>  <td style="font: 11px Arial,Helvetica,sans-serif;">{invoice: date}</td>  </tr>  <tr>  <td style="font: 11px Arial,Helvetica,sans-serif; font-weight: bold;">Next billing date:</td>  <td style="font: 11px Arial,Helvetica,sans-serif;">{next billing date}</td>  </tr>   </tbody>   </table>   </td>  </tr>  </tbody>  </table>  <br>   <table width="100%" bgcolor="#f0f0f0" border="0" cellpadding="3" cellspacing="0" style=\'background: url("{settings: images path}/default/officio_watermark.png") no-repeat center;\'>   <tr>  <td style="font: 11px Arial,Helvetica,sans-serif;" width="40%"><strong>Description</strong></td>  <td style="font: 11px Arial,Helvetica,sans-serif;" align="center" width="20%"><strong>Qty</strong></td>  <td style="font: 11px Arial,Helvetica,sans-serif;" align="center" width="20%"><strong>Unit Price</strong></td>  <td style="font: 11px Arial,Helvetica,sans-serif;" align="right" width="20%"><strong>Amount</strong></td>   </tr>   <tr>  <td style="font: 11px Arial,Helvetica,sans-serif;"><span style="font-weight: bold;">Upgrade to Solo - Prorated</span>  <br/>Includes:<br>  - {invoice: free storage} Gb of space<br>  - {invoice: free users} user license(s)  </td>  <td style="font: 11px Arial,Helvetica,sans-serif;" align="center">{invoice: quantity}</td>  <td style="font: 11px Arial,Helvetica,sans-serif;" align="center">{invoice: currency} {invoice: subscription fee}</td>  <td style="font: 11px Arial,Helvetica,sans-serif;" align="right">{invoice: currency} {invoice: subscription fee}</td>   </tr>   <tr {invoice: hide if empty discount}>  <td style="font: 11px Arial,Helvetica,sans-serif;">Discount</td>  <td style="font: 11px Arial,Helvetica,sans-serif;" align="center">&nbsp;</td>  <td style="font: 11px Arial,Helvetica,sans-serif;" align="center">&nbsp;</td>  <td style="font: 11px Arial,Helvetica,sans-serif;" align="right">{invoice: currency} -{invoice: discount}</td>   </tr>   <tr>   <td style="font: 11px Arial,Helvetica,sans-serif; font-weight: bold;">Additional user license(s)</td>   <td style="font: 11px Arial,Helvetica,sans-serif;" align="center">{invoice: additional users}</td>   <td style="font: 11px Arial,Helvetica,sans-serif;" align="center">{invoice: currency} {invoice: price per user}</td>   <td style="font: 11px Arial,Helvetica,sans-serif;" align="right">{invoice: currency} {invoice: additional users fee}</td>   </tr>   <tr><td colspan="4"><hr></td></tr>   <tr>  <td style="font: 11px Arial,Helvetica,sans-serif;">&nbsp;</td>  <td style="font: 11px Arial,Helvetica,sans-serif;" align="center">&nbsp;</td>  <td style="font: 11px Arial,Helvetica,sans-serif;" align="right">Sub Total</td>  <td style="font: 11px Arial,Helvetica,sans-serif;" align="right">{invoice: currency} {invoice: subtotal}</td>   </tr>   <tr>  <td colspan="3" style="font: 11px Arial,Helvetica,sans-serif;" align="right">GST</td>  <td style="font: 11px Arial,Helvetica,sans-serif;" align="right">{invoice: currency} {invoice: gst/hst fee}</td>   </tr>   <tr>  <td style="font: 11px Arial,Helvetica,sans-serif;">&nbsp;</td>  <td style="font: 11px Arial,Helvetica,sans-serif;" align="center">&nbsp;</td>  <td style="font: 11px Arial,Helvetica,sans-serif; font-weight: bold;" align="right">Total</td>  <td style="font: 11px Arial,Helvetica,sans-serif;" align="right">{invoice: currency} {invoice: total}</td>   </tr>   <tr>  <td style="font: 11px Arial,Helvetica,sans-serif;">&nbsp;</td>  <td style="font: 11px Arial,Helvetica,sans-serif;" align="center">&nbsp;</td>  <td style="font: 11px Arial,Helvetica,sans-serif; font-weight: bold;" align="right">Paid</td>  <td style="font: 11px Arial,Helvetica,sans-serif;" align="right">{invoice: currency} -{invoice: amount paid}</td>   </tr>   <tr>   <td colspan="4" nowrap="nowrap" height="38">   <table width="100%" border="0">  <tr>  <td style="font: 11px Arial,Helvetica,sans-serif;" width="18%" nowrap="nowrap"><strong>Payment method:</strong></td>  <td style="font: 11px Arial,Helvetica,sans-serif;" width="82%">{invoice: payment method}</td>  </tr>   </table>   </td>   </tr>  </table>   <table width="100%" border="0" cellpadding="5">  <tbody>   <tr>   <td style="font: 11px Arial,Helvetica,sans-serif;">  <p><strong>A couple of quick notes and reminders:</strong></p>  <ul>  <li><strong>Payment:</strong> Your credit card&nbsp; has been debited with {invoice: currency} {invoice: amount paid}, your card statement will list &quot;UNIQUES SOFTWARE&quot;.</li>  <li><strong>My account:</strong> You can always access your invoices by logging into Officio, and going to Admin | Company Details | Company Invoices. </li>  </ul>  <p>Thank you for your order. If we can do anything to enhance your experience with Officio, please do not hesitate to let us know.</p></td>   </tr>  </tbody>  </table>   <p>  </td>   </tr>   </tbody>   </table>  </td>  </tr>  </tbody>  </table>   </td>   </tr> </table>',
        '2019-03-23'),
       (25, 'system', 'Certificate of Naturalisation (for PDF generation)',
        'Certificate of Naturalisation (for PDF generation)', '', '', '', '',
        '<table border="0" cellpadding="3" align="left" width="100%">\n   <tr>\n  <td width="75%" style="font-weight: bold;">COMMONWEALTH OF DOMINICA CITIZENSHIP ACT (Ch.1:10)</td>\n  <td width="25%" align="right" style="font-weight: bold;">SECTION 8</td>\n   </tr>\n  </table>\n  <h1 align="center">CERTIFICATE OF NATURALISATION</h1>\n  <p style="text-indent: 30px;">WHEREAS <i><b>{main_applicant_name}</b></i> has applied to the Minister responsible for citizenship in the Government of Dominica for a certificate of naturalisation, alleging with respect to {self_name} the particulars set out below, and has satisfied the Minister that the conditions laid down in the Constitution and in the Citizenship Act Chapter 1:10 for the grant of a certificate of naturalisation are fulfilled:</p>\n  <p style="text-indent: 30px;">Now, THEREFORE, the Minister, in exercise of the powers conferred upon him by the said Constitution and Act, grants to the said <i><b>{main_applicant_name_2}</b></i> this Certificate of Naturalisation, and declares that upon taking the oath or affirmation of allegiance in the manner required by the Act shall be a citizen of Dominica as from the date of this certificate.</p>\n  <p style="text-indent: 30px;">In witness whereof I have hereto subscribed my name this ____ day of _________, ______.</p>\n  <p></p>\n  <p></p>\n  <p></p>\n  <table border="0" cellpadding="3" align="left" width="100%">\n   <tr>\n  <td width="65%"></td>\n  <td width="35%" style="font-size: 8px; font-style: italic;"><br />MINISTER FOR JUSTICE, IMMIGRATION <br />AND NATIONAL SECURITY</td>\n   </tr>\n  </table>\n  <p></p>\n  <p align="center" style="font-weight: bold; font-size: 10px;">Particulars relating to applicant</p>\n  <table border="0" cellpadding="0" align="left" width="100%" style="font-size: 10px;">\n   <tr>\n  <td width="32%"></td>\n  <td width="25%">FULL NAME:</td>\n  <td width="43%">{main_applicant_name_3}</td>\n   </tr>\n   <tr><td colspan="3"></td></tr>\n   <tr>\n  <td width="32%"></td>\n  <td width="25%">ADDRESS:</td>\n  <td width="43%">{address}</td>\n   </tr>\n   <tr><td colspan="3"></td></tr>\n   <tr>\n  <td width="32%"></td>\n  <td width="25%">PROFESSION/<br />OCCUPATION:</td>\n  <td width="43%">{occupation}</td>\n   </tr>\n   <tr><td colspan="3"></td></tr>\n   <tr>\n  <td width="32%"></td>\n  <td width="25%">PLACE OF BIRTH:</td>\n  <td width="43%">{place_of_birth}</td>\n   </tr>\n   <tr><td colspan="3"></td></tr>\n   <tr>\n  <td width="32%"></td>\n  <td width="25%">DATE OF BIRTH:</td>\n  <td width="43%">{date_of_birth}</td>\n   </tr>\n   <tr><td colspan="3"></td></tr>\n   <tr>\n  <td width="32%"></td>\n  <td width="25%">SINGLE/MARRIED, etc.:</td>\n  <td width="43%">{marital_status}</td>\n   </tr>\n   <tr><td colspan="3"></td></tr>\n   <tr>\n  <td width="32%"></td>\n  <td width="25%">NAME OF SPOUSE:</td>\n  <td width="43%">{name_of_spouse}</td>\n   </tr>\n  </table>',
        '2019-03-23');
INSERT INTO `system_templates` (`system_template_id`, `type`, `title`, `subject`, `from`, `to`, `cc`, `bcc`, `template`,
                                `create_date`)
VALUES (26, 'system', 'Certificate of Naturalisation (for HTML preview)',
        'Certificate of Naturalisation (for HTML preview)', NULL, NULL, NULL, NULL,
        '<div style="font-size: 17px; border: 1px solid #ccc; padding: 10px 10px 40px 10px; margin: 5px 5px 30px 5px; background-color: white;">\n  <div style="float: right; margin: 10px 0;"><input type="text" name="con_number_{page_number}" size="30" value="{con_number}" /></div>\n  <table border="0" cellpadding="3" width="100%">\n  <tr>\n   <td width="75%" style="font-weight: bold;">COMMONWEALTH OF DOMINICA CITIZENSHIP ACT (Ch.1:10)</td>\n   <td width="25%" align="right" style="font-weight: bold;">SECTION 8</td>\n  </tr>\n  </table>\n  <h1 align="center" style="font-size: 22px; margin: 20px">CERTIFICATE OF NATURALISATION</h1>\n  <p style="text-indent: 30px; padding-bottom: 15px;">\n  WHEREAS <i><b><input type="text" name="main_applicant_name_{page_number}" size="30" value="{main_applicant_name}"/></b></i> has applied to the Minister responsible for citizenship in the Government of Dominica for a certificate of naturalisation, alleging with respect to <input type="text" name="self_name_{page_number}" size="30" value="{self_name}"/> the particulars set out below, and has satisfied the Minister that\n  the conditions laid down in the Constitution and in the Citizenship Act Chapter 1:10 for the grant of a certificate of naturalisation are fulfilled:\n  </p>\n  <p style="text-indent: 30px; padding-bottom: 15px;">\n  Now, THEREFORE, the Minister, in exercise of the powers conferred upon him by the said Constitution and Act, grants to the said <i><b><input type="text" name="main_applicant_name_2_{page_number}" size="30" value="{main_applicant_name_2}"/></b></i> this Certificate of Naturalisation, and declares that upon taking the oath or affirmation of allegiance in the manner required by the Act shall be a citizen of Dominica as from the\n  date of this certificate.\n  </p>\n  <p style="text-indent: 30px; padding-bottom: 75px;">In witness whereof I have hereto subscribed my name this ____ day of _________, ______.</p>\n   \n  <table border="0" cellpadding="3" width="100%">\n  <tr>\n   <td width="65%"></td>\n   <td width="35%" style="font-style: italic; font-size: smaller;">.....................................................................<br/>MINISTER FOR JUSTICE, IMMIGRATION <br/>AND NATIONAL SECURITY</td>\n  </tr>\n  </table>\n   \n  <p align="center" style="font-weight: bold; padding: 40px 0 10px;">Particulars relating to applicant</p>\n   \n  <table border="0" cellpadding="2" width="100%">\n  <tr>\n   <td width="37%" rowspan="7" style="text-align: center">{photo}<input type="hidden" name="photo_path_{page_number}" value="{photo_path}"/></td>\n   <td width="30%" height="30px"><label for="main_applicant_name_3_{page_number}">FULL NAME:</label></td>\n   <td width="33%" height="30px"><textarea id="main_applicant_name_3_{page_number}" name="main_applicant_name_3_{page_number}" cols="37" rows="2">{main_applicant_name_3}</textarea></td>\n  </tr>\n  <tr>\n   <td width="30%" height="70px"><label for="address_{page_number}">ADDRESS:</label></td>\n   <td width="33%" height="70px"><textarea id="address_{page_number}" name="address_{page_number}" cols="37" rows="5">{address}</textarea></td>\n  </tr>\n  <tr>\n   <td width="30%" height="30px"><label for="occupation_{page_number}">PROFESSION/<br/>OCCUPATION:</label></td>\n   <td width="33%" height="30px"><textarea id="occupation_{page_number}" name="occupation_{page_number}" cols="37" rows="2">{occupation}</textarea></td>\n  </tr>\n  <tr>\n   <td width="30%"><label for="place_of_birth_{page_number}">PLACE OF BIRTH:</label></td>\n   <td width="33%"><input type="text" id="place_of_birth_{page_number}" name="place_of_birth_{page_number}" value="{place_of_birth}" size="37"/></td>\n  </tr>\n  <tr>\n   <td width="30%"><label for="date_of_birth_{page_number}">DATE OF BIRTH:</label></td>\n   <td width="33%"><input type="text" id="date_of_birth_{page_number}" name="date_of_birth_{page_number}" value="{date_of_birth}" size="37"/></td>\n  </tr>\n  <tr>\n   <td width="30%"><label for="marital_status_{page_number}">SINGLE/MARRIED, etc.:</label></td>\n   <td width="33%"><input type="text" id="marital_status_{page_number}" name="marital_status_{page_number}" value="{marital_status}" size="37"/></td>\n  </tr>\n  <tr>\n   <td width="30%" height="30px"><label for="name_of_spouse_{page_number}">NAME OF SPOUSE:</label></td>\n   <td width="33%" height="30px"><textarea id="name_of_spouse_{page_number}" name="name_of_spouse_{page_number}" cols="37" rows="2">{name_of_spouse}</textarea></td>\n  </tr>\n  </table>\n   </div>',
        '2019-03-23'),
       (27, 'system', 'Marketplace Prospect to Client Fee', 'Marketplace prospect to client conversion',
        'support@officio.com.au', '', '', 'support@officio.com.au',
        '<table border="1" cellpadding="5" cellspacing="0">\r\n  <tbody>\r\n  <tr>\r\n   <td>BILL TO</td>\r\n  </tr>\r\n  <tr>\r\n   <td>{admin first name} {admin last name}<br>{company name}<br>{company address}<br>{company city} {company province/state} {company postal code/zip}<br>{company country}\r\n   </td>\r\n  </tr>\r\n  </tbody>\r\n</table><br><br><br>\r\n<table border="1" cellpadding="5" cellspacing="0">\r\n  <tbody>\r\n  <tr>\r\n   <td align="middle">INVOICE NO.</td>\r\n   <td align="middle">DATE</td>\r\n   <td align="middle">TERMS</td>\r\n  </tr>\r\n  <tr>\r\n   <td align="left">{invoice: number}</td>\r\n   <td align="middle">{invoice: date}</td>\r\n   <td><br></td>\r\n  </tr>\r\n  </tbody>\r\n</table><br><br>\r\n<table border="1" cellpadding="5" cellspacing="0">\r\n  <tbody>\r\n  <tr>\r\n   <td align="middle" width="50%">DESCRIPTION</td>\r\n   <td align="middle" width="20%">RATE</td>\r\n   <td align="middle" width="15%">QTY</td>\r\n   <td align="middle" width="15%">AMOUNT</td>\r\n  </tr>\r\n  <tr>\r\n   <td width="50%">Fee for the Marketplace prospect lead<br></td>\r\n   <td align="middle" width="20%">${company prospect: conversion rate}</td>\r\n   <td align="middle" width="15%">{company prospect: conversion quantity}</td>\r\n   <td align="right" width="15%">${invoice: subtotal}</td>\r\n  </tr>\r\n  <tr>\r\n   <td colspan="3" width="85%"><br></td>\r\n   <td align="right" width="15%"><b>${invoice: subtotal}</b></td>\r\n  </tr>\r\n  <tr>\r\n   <td colspan="4" width="100%"><br></td>\r\n  </tr>\r\n  <tr>\r\n   <td colspan="3" align="left" width="85%">GST/HST (Registration No. 896191244)</td>\r\n   <td align="right" width="15%">${invoice: gst/hst fee}</td>\r\n  </tr>\r\n  <tr>\r\n   <td colspan="4" width="100%"><br></td>\r\n  </tr>\r\n  <tr>\r\n   <td colspan="3" align="right" width="85%"><b>TOTAL</b></td>\r\n   <td align="right" width="15%"><b>${invoice: total}</b></td>\r\n  </tr>\r\n  </tbody>\r\n</table><br>\r\n<p></p>\r\n<center>\r\n  <b>Thank you for using our services. Please do not hesitate to contact us, if we can be of further assistance in the future.</b>\r\n</center>\r\n<p></p>',
        '2019-03-23');

-- --------------------------------------------------------

--
-- Table structure for table `templates`
--

CREATE TABLE `templates`
(
    `template_id`     int(11) UNSIGNED NOT NULL,
    `member_id`       bigint(20)       NOT NULL,
    `folder_id`       int(11) UNSIGNED                                                               DEFAULT NULL,
    `order`           int(11) UNSIGNED                                                               DEFAULT '0',
    `templates_for`   enum ('Invoice','Payment','General','Password','Request','Prospect','Welcome') DEFAULT 'General',
    `templates_type`  enum ('Email','Letter')                                                        DEFAULT 'Email',
    `name`            char(255)                                                                      DEFAULT NULL,
    `subject`         char(255)                                                                      DEFAULT NULL,
    `from`            char(255)                                                                      DEFAULT NULL,
    `cc`              char(255)                                                                      DEFAULT NULL,
    `bcc`             char(255)                                                                      DEFAULT NULL,
    `message`         longtext,
    `create_date`     date                                                                           DEFAULT NULL,
    `default`         enum ('Y','N')                                                                 DEFAULT 'N',
    `attachments_pdf` tinyint(1)                                                                     DEFAULT '0'
) ENGINE = InnoDB
  DEFAULT CHARSET = utf8 COMMENT ='List of templates that can be used in different situations by company users.';

--
-- Dumping data for table `templates`
--

INSERT INTO `templates` (`template_id`, `member_id`, `folder_id`, `order`, `templates_for`, `templates_type`, `name`,
                         `subject`, `from`, `cc`, `bcc`, `message`, `create_date`, `default`, `attachments_pdf`)
VALUES (9287, 1, 7174, 0, 'General', 'Email', 'Default Template', 'RE: Email Received', '', '', '',
        '<font size="2" face="tahoma, arial, helvetica, sans-serif">Dear &lt;%first_name%&gt; &lt;%last_name%&gt;;</font><br><br><font size="2" face="tahoma, arial, helvetica, sans-serif">\nThank you for your email, we will </font><font size="2" face="tahoma, arial, helvetica, sans-serif">to reply as soon as possible.</font><br><br><br><br><font size="2" face="tahoma, arial, helvetica, sans-serif">\nRegards,</font><br><font size="2" face="tahoma, arial, helvetica, sans-serif">\n&lt;%current_user_email_signature%&gt;</font>',
        '2014-06-05', 'Y', NULL),
       (9320, 1, 7174, 0, 'General', 'Email', 'Default Email', 'RE: Email Received', '', '', '',
        'Dear &lt;%first_name%&gt; &lt;%last_name%&gt;;<br><br>Thank you for your email.<br><br><br><br>Regards,<br>&lt;%current_user_email_signature%&gt;',
        '2014-06-05', 'N', NULL),
       (9363, 2, 7206, 18, 'General', 'Email', 'Default Template', 'RE: Email Received', 'noreply@gov.nt.ca', '', '',
        '<div>Dear &lt;%first_name%&gt; &lt;%last_name%&gt;;<br />\n<br />\nThank you for your email, we will to reply as soon as possible.<br />\n<br />\n<br />\n<br />\nRegards,<br />\n&lt;%current_user_email_signature%&gt;</div>',
        '2019-03-26', 'Y', 0),
       (9364, 2, 7207, 16, 'General', 'Email', 'Default Email', 'RE: Email Received', 'noreply@gov.nt.ca', '', '',
        '<div>Dear &lt;%first_name%&gt; &lt;%last_name%&gt;;<br />\n<br />\nThank you for your email.<br />\n<br />\n<br />\n<br />\nRegards,<br />\n&lt;%current_user_email_signature%&gt;</div>',
        '2019-03-26', 'N', 0),
       (9366, 2, 7206, 18, 'General', 'Email', 'BNP - Step 2 - Reminder - 1 week prior to face-to-face interview',
        'Reminder: Complete Step 2: Pre Interview Submission', 'noreply@gov.nt.ca', '', '',
        '<div>Hello &lt;%title%&gt; &lt;%last_name%&gt;,</div>\n\n<div>&nbsp;</div>\n\n<div>Please be reminded that&nbsp;you are required to complete the pre-interview submission in your online account a minimum of one (1) week prior to your interview. This includes uploading the following attachment:</div>\n\n<ul>\n	<li>IELTS or CELPIP language test results confirming that the prospective applicant has reached a level 4 in English against the CLB, or equivalent level in French.</li>\n</ul>\n\n<div>&nbsp;</div>\n\n<div>As well, please be reminded that you must provide NTNP staff a summary of your business concept a minimum of twenty-four (24) hours prior to your interiew date. This can be done when you complete the&nbsp;&quot;Pre-Interview Submission&quot; in your online account, or you can e-mail a summary of your business concept directly to NTNP staff at the contact information below.&nbsp;</div>\n\n<div>&nbsp;</div>\n\n<div>Please be advised that failure to submit these documents by the noted deadline will result in the interview being cancelled.</div>\n\n<div>&nbsp;</div>\n\n<div>Please contact our program staff directly if you have any questions.</div>\n\n<div>&nbsp;</div>\n\n<div>&nbsp;</div>\n\n<div>Thank you,</div>\n\n<div>&lt;%current_user_fName%&gt;&nbsp;&lt;%current_user_lName%&gt;</div>\n\n<div>&lt;%current_user_email%&gt;</div>',
        '2019-04-02', 'N', 0),
       (9367, 2, 7206, 18, 'General', 'Email', 'BNP -   Step 2 - Results of Face-to-Face interview - Negative Outcome',
        'NTNP -   Step 2 - Results of Face-to-Face interview', 'noreply@gov.nt.ca', '', '',
        '<div>\n<div>Dear &lt;%title%&gt; &lt;%last_name%&gt;,</div>\n\n<div>&nbsp;</div>\n\n<div>Thank you for coming in for the face-to-face interview with NTNP program staff on&nbsp;&lt;%interview_date%&gt; in Interview Location Date.&nbsp; This e-mail is to inform you that you did not pass &ldquo;<em>Step2: Further Investigation and Face-to-Face Interviews</em>&rdquo;.</div>\n\n<div>&nbsp;</div>\n\n<div><span style="background-color:#FFFF00">Although your proposed business concept is interesting and eligible for the purposes of the program, the NTNP does not feel that there is a substantial case for its economic viability in the Northwest Territories (NWT).</span></div>\n\n<div>&nbsp;</div>\n\n<div><span style="background-color:#FFFF00">While you cannot move forward in the NTNP application process under the business concept presented in your face-to-face interview, I do want to note that you are an otherwise good candidate for our program.&nbsp; I would encourage you to continue to research the business environment of the NWT and present a different business concept for your application.&nbsp; Should you wish to continue to research further and present a new business concept, the NTNP will not require you to pay the application fee for a second time.</span></div>\n\n<div>&nbsp;</div>\n\n<div>Please contact our program staff directly if you have any questions.</div>\n\n<div>&nbsp;</div>\n\n<div>Thank you,</div>\n\n<div>&nbsp;</div>\n\n<div>NTNP Business Stream</div>\n</div>',
        '2019-04-02', 'N', 0),
       (9368, 2, 7206, 18, 'General', 'Email', 'BNP - Step 3 - Expression of Interest (Positive Interview Outcome)',
        'NTNP- Step 3 - Expression of Interest', 'noreply@gov.nt.ca', '', '',
        '<div>Dear &lt;%title%&gt; &lt;%last_name%&gt;,</div>\n\n<div>&nbsp;</div>\n\n<div>Thank you for coming in for the face-to-face interview and completing Step 2 of the NTNP Application Guidelines on&nbsp;&lt;%interview_date%&gt;&nbsp;. This e-mail is to inform you that you have passed &ldquo;Step 2: Further Investigations and Face-to-Face Interview (s)&rdquo;.&nbsp;</div>\n\n<div>&nbsp;</div>\n\n<div>To proceed to &ldquo;Step 3: Initiating the Application Process and Pre-Screening,&rdquo; please complete the &ldquo;BNP Expression of Interest&rdquo; in your online NTNP account. Ensure that complete all sections and upload the following documents:</div>\n\n<div>&nbsp;</div>\n\n<ol>\n	<li>Interview and Visit Event(s) Summary (applicants may wish to use the attached Appendix B: Interview and Visit Event(s) Summary Template in the Business Stream Application Guidelines).</li>\n	<li>A completed summary of your findings from the business trip to the Northwest Territories.&nbsp;</li>\n</ol>\n\n<div>Please note that you have <strong>sixty (60) days</strong> from the date of this e-mail to complete the&nbsp;<span style="background-color:rgb(255, 255, 255); color:rgb(51, 51, 51); font-family:arial,sans-serif,verdana,trebuchet ms; font-size:12px">&ldquo;BNP Expression of Interest&rdquo; in your online NTNP account.&nbsp;</span></div>\n\n<div>&nbsp;</div>\n\n<div>If the Department of ITI:</div>\n\n<ul>\n	<li>&nbsp;is satisfied with the information provided;</li>\n	<li>approves the prospective applicant&rsquo;s business concept;</li>\n	<li>is satisfied the prospective applicant has the requisite business and communication skills;\n	<ul>\n		<li>based on the interview</li>\n	</ul>\n	</li>\n	<li>believes the prospective applicant is sincere in their desire to move to and settle in the Northwest Territories</li>\n</ul>\n\n<div>you will be invited in writing to formally apply to the Nominee Program, at which time you are to submit your formal business plan and undergo the Financial Verification.</div>\n\n<div>&nbsp;</div>\n\n<div>We look forward to receiving the required documents in Step 3.</div>\n\n<div>&nbsp;</div>\n\n<div>Thank you,</div>\n\n<div>&nbsp;</div>\n\n<div>NTNP Business Stream</div>\n\n<div>&nbsp;</div>',
        '2019-04-02', 'N', 0),
       (9369, 2, 7206, 18, 'General', 'Letter', 'Appendix B - Visit Summary Template', '', '', '', '', '', '2019-04-02',
        'N', 0),
       (9371, 2, 7206, 18, 'General', 'Email', 'BNP - Step 4 - Invite to Apply to the Business Stream of the NTNP',
        'Step 4 - Invite to Apply to the Business Stream of the NTNP', 'noreply@gov.nt.ca', '', '',
        '<div>\n<div>Dear&nbsp;&lt;%title%&gt; &lt;%last_name%&gt;,</div>\n\n<div>&nbsp;</div>\n\n<div>Thank you for completing <em>Step 3: Expression of Interest </em>in your application for the Business Stream of the Northwest Territories Nominee Program (NTNP). The Department of Industry, Tourism and Investment has reviewed the information provided &ndash; Congratulations, you are being formally invited to apply to the NTNP. A copy of your formal invite letter is attached in this email, and upon request can be mailed to you in hard-copy. Please see below for information on how to complete <em>Step 4: Submitting a Formal Application: </em></div>\n\n<div>&nbsp;</div>\n\n<div>It is important to note that you have<strong> six (6) months from today</strong>&nbsp;to apply, and that only <strong>complete </strong>applications will be reviewed. A complete application consists of the following:</div>\n\n<div>&nbsp;</div>\n\n<ul>\n	<li>A formal application requires that an applicant completes all sections of the&nbsp; &ldquo;BNP Formal Application Submission&rdquo; section of their online NTNP account&nbsp;and uploads all required documentation. The documents that are required for your formal application are detailed on the NTNP-03: <em>Business Stream Nominee Program Checklist.</em>&nbsp;The NTNP-03:&nbsp;<em>Business Stream Nominee Program Checklist</em> can be found here: <a href="https://www.immigratenwt.ca/sites/default/files/NTNP-03%20Business%20Stream%20Nominee%20Application%20Checklist.pdf">https://www.immigratenwt.ca/sites/default/files/NTNP-03%20Business%20Stream%20Nominee%20Application%20Checklist.pdf</a></li>\n</ul>\n\n<div>&nbsp;</div>\n\n<ul>\n	<li>The <em>Third Party Financial Verification Report&nbsp; </em>and NTNP-04: Personal Statement of Financial Affairs form referred to in&nbsp;Appendix E of the Buisiness Stream Application Guidelines must be completed and submitted for an application to be considered. The <em>Third Party Financial Verification Report </em>must be completed by the accounting firm <strong>Crowe Mackay in Yellowknife or MNP LLP in Vancouver, BC</strong>. The applicant will work directly with either firm on obtaining their Financial Verification Report. Contact information can be found here:</li>\n</ul>\n\n<div>&nbsp;</div>\n\n<ul>\n	<li>Celestino Oh (Partner, Crowe MacKay LLP)</li>\n</ul>\n\n<div style="margin-left:1.0in">+1-867-765-4411</div>\n\n<div style="margin-left:.5in">&nbsp;&nbsp;&nbsp;&nbsp;&nbsp;&nbsp;&nbsp;&nbsp;&nbsp;&nbsp;&nbsp;&nbsp;&nbsp;&nbsp;&nbsp;&nbsp;<span style="color:#44546A"><a href="mailto:celestino.oh@crowemackay.ca"><span style="color:blue">celestino.oh@crowemackay.ca</span></a></span></div>\n\n<div style="margin-left:.5in">&nbsp;&nbsp;&nbsp;&nbsp;&nbsp;&nbsp;&nbsp;&nbsp;&nbsp;&nbsp;&nbsp;&nbsp;&nbsp;&nbsp;&nbsp;&nbsp;<span style="color:#44546A"><a href="http://www.crowemackay.ca/"><span style="color:blue">www.crowemackay.ca</span></a> </span></div>\n\n<div style="margin-left:.5in">&nbsp;</div>\n\n<ul>\n	<li><span style="color:windowtext">Roy Tong (Senior Manager, Provincial Nominee Program Services, MNP LLP) </span></li>\n</ul>\n\n<div style="margin-left:1.0in">+1-778-374-2102</div>\n\n<div style="margin-left:1.0in">or <a href="mailto:NTNP@mnp.ca"><span style="color:blue">NTNP@mnp.ca</span></a></div>\n\n<div style="margin-left:.5in">&nbsp;</div>\n\n<ul>\n	<li>Please ensure that your submission includes a detailed business plan outlining your proposed business concept. Details on the information that must be included in the business plan can be found under Appendix D: Business Plan Considerations of the Business Stream Application Guidelines.&nbsp;</li>\n</ul>\n\n<div>&nbsp;</div>\n\n<div>If an incomplete application is received, Nominee Program staff will advise the applicant that the application will not be assessed until all documentation is submitted. When an application is complete, an e-mail will be sent confirming that the application is complete and is now being assessed by Nominee Program Staff under <em>Step 5: Application Review. </em></div>\n\n<div>&nbsp;</div>\n\n<div>In addition, should we have questions or need more information about your business plan, we will contact you separately.</div>\n\n<div>&nbsp;</div>\n\n<div>Please contact our program staff directly if you have any questions.</div>\n\n<div>&nbsp;</div>\n\n<div>Thank you,</div>\n\n<div>&nbsp;</div>\n\n<div>NTNP&nbsp; Business Stream</div>\n\n<div>&nbsp;</div>\n\n<div>&nbsp;</div>\n</div>',
        '2019-04-02', 'N', 0),
       (9374, 2, 7206, 18, 'General', 'Email', 'BNP -  Results of Step 5: Application Review - Negative Outcome',
        'NTNP -  Results of Step 5: Application Review', 'noreply@gov.nt.ca', '', '',
        '<div>Dear&nbsp;&lt;%title%&gt; &lt;%last_name%&gt;,</div>\n\n<div>&nbsp;</div>\n\n<div>Please find the attached letter regarding the results of <em>Step 5: Application Review</em> for your NTNP application.</div>\n\n<div>&nbsp;</div>\n\n<div>Please contact our program staff directly if you have any questions.</div>\n\n<div>&nbsp;</div>\n\n<div>&nbsp;</div>\n\n<div>&nbsp;</div>\n\n<div>Thank you,</div>\n\n<div>&nbsp;</div>\n\n<div>&lt;%current_user_fName%&gt;&nbsp;&lt;%current_user_lName%&gt;</div>\n\n<div>&lt;%current_user_email%&gt;</div>\n\n<div>&nbsp;</div>',
        '2019-04-02', 'N', 0),
       (9375, 2, 7206, 3, 'General', 'Email', 'BNP - Completing Step 5 and moving to Step 6',
        'NTNP - Completing Step 5 and moving to Step 6', 'noreply@gov.nt.ca', '', '',
        '<div>\n<div>Hello Mr. or Ms. &lt;%last_name%&gt;,</div>\n\n<div>&nbsp;</div>\n\n<div>Please be advised that the NTNP has reviewed the business plan you submitted for your business concept.&nbsp; Congratulations, your&nbsp; application had been conditionally accepted into the Business Stream of the NTNP.</div>\n\n<div>&nbsp;</div>\n\n<div>To move on to the next steps in the application process, we require the following:</div>\n\n<ul>\n	<li>Sign and return the Business Performance Agreement (BPA) within 30 days of receipt. &ndash; <strong>Please note that the BPA will be sent to you in a separate email.</strong></li>\n	<li>Complete <em>NTNP-07: Business Stream Nominee Entrepreneur Deposit Form</em>; and</li>\n	<li>Make the required $75,000 Good Faith Deposit and provide proof of the deposit.</li>\n</ul>\n\n<div>&nbsp;</div>\n\n<div>As per the BPA, within 2 months of the date that appears as the &ldquo;date signed&rdquo; on the Government of Canada temporary work permit issued, the Applicant must sit down with the Program staff and provide a completed <em>NTNP-08: Business Stream Arrival</em> <em>Report Form</em> and all required documentation, including proof of funds from a Canadian financial institution and thereafter must advise the Program staff of any changes to such information.</div>\n\n<div>&nbsp;</div>\n\n<div>&nbsp;</div>\n\n<div>Please contact our program staff if you have any questions.</div>\n\n<div>&nbsp;</div>\n\n<div>Thank you,</div>\n\n<div>&nbsp;</div>\n\n<div>NTNP Business Stream</div>\n</div>',
        '2019-04-02', 'N', 0),
       (9378, 2, 7206, 18, 'General', 'Email', 'BNP -  Results of Step 5: Application Review - Positive Outcome (BPA)',
        'NTNP -  Results of Step 5: Application Review', 'noreply@gov.nt.ca', '', '',
        '<div>\n<div>Hello&nbsp;&lt;%title%&gt; &lt;%last_name%&gt;,</div>\n\n<div>&nbsp;</div>\n\n<div>Please be advised that the NTNP has reviewed your complete Business Stream application, including the detailed business plan for &lt;%name_of_business%&gt;.&nbsp; Congratulations, your&nbsp; application had been conditionally accepted into the Business Stream of the NTNP.</div>\n\n<div>&nbsp;</div>\n\n<div>To move on to the next steps in the application process, we require the following:</div>\n\n<ul>\n	<li>Sign and return the attached Business Performance Agreement (BPA) to the program staff&nbsp;noted below; BPAs must be returned within 30 days of receipt.&nbsp;</li>\n	<li>Make the required $75,000 Good Faith Deposit via wire transfer. Details on how to complete the wire transfer can be found here: <a href="https://www.immigratenwt.ca/sites/default/files/NTNP07%20-%20Entrepreneur%20Deposit%20Form_2018_P1.pdf">https://www.immigratenwt.ca/sites/default/files/NTNP07%20-%20Entrepreneur%20Deposit%20Form_2018_P1.pdf</a></li>\n	<li>Complete the NTNP Good Faith Deposit Submission section in your online NTNP account and upload your proof of the deposit.</li>\n</ul>\n\n<div>&nbsp;</div>\n\n<div>As per the BPA, within 2 months of the date that appears as the &ldquo;date signed&rdquo; on your Government of Canada temporary work permit, you must complete the BNP Arrival Report section of your NTNP online account and schedule the required arrival interview. When completing the arrival report section, please ensure you upload all required documentation, including proof of funds from a Canadian financial institution and thereafter advise program staff of any changes to such information.</div>\n\n<div>&nbsp;</div>\n\n<div>&nbsp;</div>\n\n<div>Please contact our program staff if you have any questions.</div>\n\n<div>&nbsp;</div>\n\n<div>Thank you,</div>\n\n<div>&lt;%current_user_fName%&gt;&nbsp;&lt;%current_user_lName%&gt;</div>\n\n<div>&lt;%current_user_email%&gt;</div>\n</div>',
        '2019-04-02', 'N', 0),
       (9379, 2, 7206, 20, 'General', 'Email', 'BNP - Step 6:  Business Performance Agreement & Letter of Support',
        'NTNP - Step 6:  Business Performance Agreement & Letter of Support', 'noreply@gov.nt.ca', '', '',
        '<div>\n<div>\n<div>Hello&nbsp;&lt;%title%&gt;&nbsp;&lt;%last_name%&gt;,</div>\n\n<div>&nbsp;</div>\n\n<div>Please find attached your signed Business Performance Agreement (BPA) and Letter of Support for your temporary work permit application &ndash; Congratulations!</div>\n\n<div>&nbsp;</div>\n\n<div>A couple of things to note:</div>\n\n<div>&nbsp;</div>\n\n<ul>\n	<li>You have&nbsp;<strong>three (3) months&nbsp;</strong>from todays date to submit your application for a two-year temporary&nbsp;work permit to Immigration, Refugees and Citizenship Canada,&nbsp;or your Letter of Support as a NTNP Business Stream&nbsp;nominee candidate&nbsp;will be invalid. Please be advised that only in cases of exceptional circumstances will the NTNP provide a new work permit support letter.</li>\n</ul>\n\n<div>&nbsp;</div>\n\n<ul>\n	<li>Please advise the NTNP program staff when your work permit is approved and when you arrive in Canada &ndash; we require a copy of your work permit as soon as you receive it.</li>\n</ul>\n\n<div>&nbsp;</div>\n\n<ul>\n	<li>Within two (2) months of the date signed on your Government of Canada temporary work permit, you must complete BNP Arrival Report section in your NTNP online account and schedule your arrival interview. When completing the arrival report section, please ensure you upload all required documentation, including proof of funds from a Canadian financial institution. Thereafter, you&nbsp;must advise the program staff of any changes to your information.&nbsp;</li>\n</ul>\n\n<div>&nbsp;</div>\n\n<div>&nbsp;</div>\n\n<div>Please contact our program staff directly if you have any questions and if you would like hard copies of the BPA and Letter of Support mailed to you.</div>\n\n<div>&nbsp;</div>\n\n<div>&nbsp;</div>\n\n<div>&nbsp;</div>\n\n<div>Thank you,</div>\n\n<div>&nbsp;</div>\n\n<div>NTNP Business Stream</div>\n</div>\n</div>',
        '2019-04-02', 'N', 0),
       (9380, 2, 7206, 18, 'General', 'Email',
        'BNP -  NTNP-10  Business Performance Agreement Interim Report Due - Reminder',
        'Reminder: Business Performance Agreement Interim Report Due', 'noreply@gov.nt.ca', '', '',
        '<div>Hello&nbsp;&lt;%title%&gt; &lt;%last_name%&gt;,</div>\n\n<div>&nbsp;</div>\n\n<div>Please note that you must complete the BNP Business Performance Agreement Interim Report section in your online NTNP account one (1) month from today&rsquo;s date. Please ensure that you have collected and uploaded all required documentation.</div>\n\n<div>&nbsp;</div>\n\n<div>&nbsp;</div>\n\n<div>Please contact our program staff directly if you have any questions.</div>\n\n<div>&nbsp;</div>\n\n<div>&nbsp;</div>\n\n<div>Thank you,</div>\n\n<div>&nbsp;</div>\n\n<div>&lt;%current_user_fName%&gt;&nbsp;&lt;%current_user_lName%&gt;</div>\n\n<div>&lt;%current_user_email%&gt;</div>\n\n<div>&nbsp;</div>',
        '2019-04-02', 'N', 0),
       (9381, 2, 7206, 37, 'General', 'Email', 'BNP - NTNP-11  Business Stream Final Report',
        'NTNP Business Stream Final Report', 'noreply@gov.nt.ca', '', '',
        '<div>Hello&nbsp;&lt;%title%&gt; &lt;%last_name%&gt;,</div>\n\n<div>&nbsp;</div>\n\n<div>Please note that you are now eligible to complete&nbsp;the BNP Final Report section in your online NTNP account. Please ensure that you have collected and uploaded all required documentation.</div>\n\n<div>&nbsp;</div>\n\n<div>Once received, NTNP staff will contact you to schedule your final site visit and exit interview.&nbsp;</div>\n\n<div>&nbsp;</div>\n\n<div>Please contact our program staff directly if you have any questions.</div>\n\n<div>&nbsp;</div>\n\n<div>&nbsp;</div>\n\n<div>Thank you,</div>\n\n<div>&nbsp;</div>\n\n<div>NTNP Business Stream&nbsp;</div>\n\n<div>&nbsp;</div>\n\n<div>&nbsp;</div>',
        '2019-04-02', 'N', 0),
       (9382, 2, 7206, 38, 'General', 'Email', 'BNP - Step 8:  Nomination', 'NTNP Nomination', 'noreply@gov.nt.ca', '',
        '',
        '<div>Hello&nbsp;&lt;%title%&gt; &lt;%last_name%&gt;,</div>\n\n<div>&nbsp;</div>\n\n<div>I am very happy to advise that you have been officially approved for nomination under the Business Stream of the Northwest Territories Nominee Program (NTNP) &ndash; Congratulations!</div>\n\n<div>&nbsp;</div>\n\n<div>Please find attached a confirmation letter regarding your nomination and your actual nomination certificate that must be submitted with your application for permanent residency. Please ensure that you apply for permanent residency by &lt;%nomination_certificate_expiry_date%&gt;&ndash; this is very important as the NTNP does not issue extensions for nomination certificates.</div>\n\n<div>&nbsp;</div>\n\n<div>As well, please be advised that once you have submitted your application for permanent residency, you are able to apply for a bridging open work permit (if required).</div>\n\n<div>&nbsp;</div>\n\n<div>In order to return your $75,000 Good Faith Deposit, you must be set up as a vendor to recieve direct deposit. Please fill out the the following two forms and return to NTNP staff.</div>\n\n<div>&nbsp;</div>\n\n<div><a class="yiv6631387874ydp81d61aa2yiv3615660690moz-txt-link-freetext" href="https://ntnp.immigratenwt.ca/Vendor%20Customer%20Setup%20Request%20Form.pdf" rel="nofollow" style="color: rgb(25, 106, 212); text-decoration: underline; font-family: &quot;Helvetica Neue&quot;, Helvetica, Arial, sans-serif; font-size: 13px; font-style: normal; font-variant-ligatures: normal; font-variant-caps: normal; font-weight: 400; letter-spacing: normal; orphans: 2; text-align: left; text-indent: 0px; text-transform: none; white-space: normal; widows: 2; word-spacing: 0px; -webkit-text-stroke-width: 0px; background-color: rgb(255, 255, 255);" target="_blank">https://ntnp.immigratenwt.ca/Vendor%20Customer%20Setup%20Request%20Form.pdf</a><br />\n<a class="yiv6631387874ydp81d61aa2yiv3615660690moz-txt-link-freetext" href="https://ntnp.immigratenwt.ca/Vendor%20Direct%20Deposit%20Authorization%20Form.pdf" rel="nofollow" style="color: rgb(25, 106, 212); text-decoration: underline; font-family: &quot;Helvetica Neue&quot;, Helvetica, Arial, sans-serif; font-size: 13px; font-style: normal; font-variant-ligatures: normal; font-variant-caps: normal; font-weight: 400; letter-spacing: normal; orphans: 2; text-align: left; text-indent: 0px; text-transform: none; white-space: normal; widows: 2; word-spacing: 0px; -webkit-text-stroke-width: 0px; background-color: rgb(255, 255, 255);" target="_blank">https://ntnp.immigratenwt.ca/Vendor%20Direct%20Deposit%20Authorization%20Form.pdf</a></div>\n\n<div>&nbsp;</div>\n\n<div>Such exciting news!&nbsp; Please contact NTNP staff directly if you have any questions.</div>\n\n<div>&nbsp;</div>\n\n<div>&nbsp;</div>\n\n<div>Thank you,</div>\n\n<div>&nbsp;</div>\n\n<div>NTNP Business Stream</div>\n\n<div>&nbsp;</div>',
        '2019-04-02', 'N', 0),
       (9385, 2, 7206, 3, 'General', 'Email', 'EDS - Standard Reply', 'NTNP Employer Stream - Standard Reply',
        'noreply@gov.nt.ca', '', '',
        '<div>\n<div>Hello,</div>\n\n<div>&nbsp;</div>\n\n<div>Thank you for your inquiry about the Northwest Territories&rsquo; Nominee Program Employer Driven streams.</div>\n\n<div>&nbsp;</div>\n\n<div>The Nominee Programs&rsquo; Critical Impact Worker, Skilled Worker, and Express Entry System for Skilled Worker streams are Employer Driven.&nbsp; This means that a foreign national must already be employed or have arranged employment anywhere in the Northwest Territories, Canada.</div>\n\n<div>&nbsp;</div>\n\n<div>Should you wish to learn more about the Employer Driven streams and/or obtain program guidelines or forms, please visit our website at <a href="https://www.immigratenwt.ca/employers-northwest-territories">https://www.immigratenwt.ca/employers-northwest-territories</a>.</div>\n\n<div>&nbsp;</div>\n\n<div>Sincerely,</div>\n\n<div>&nbsp;</div>\n\n<div>NT Nominee Program Staff</div>\n\n<div>Department of Education, Culture and Employment</div>\n<span style="font-family:calibri,sans-serif"><span style="font-size:10.0pt">Government of the Northwest Territories</span></span></div>',
        '2019-04-02', 'N', 0),
       (9386, 2, 7206, 5, 'General', 'Email', 'EDS - Standards Reply w Jobs',
        'NTNP Employer Stream - Standards Reply w Jobs', 'noreply@gov.nt.ca', '', '',
        '<div>\n<div>Hello,</div>\n\n<div>&nbsp;</div>\n\n<div>Thank you for your inquiry about the Northwest Territories&rsquo; Nominee Program Employer Driven streams.</div>\n\n<div>&nbsp;</div>\n\n<div>The Nominee Programs&rsquo; Critical Impact Worker, Skilled Worker, and Express Entry for Skilled Worker streams are Employer Driven.&nbsp; This means that a foreign national must already be employed or have arranged employment anywhere in the Northwest Territories, Canada. The following websites list some employment opportunities in the Northwest Territories:</div>\n\n<div>&nbsp;</div>\n\n<div><a href="http://www.edgenorth.ca/jobsnorth">http://www.edgenorth.ca/jobsnorth</a></div>\n\n<div>https://jobbank.gc.ca &nbsp;(search Northwest Territories)</div>\n\n<div><a href="https://jobbank.gc.ca/jobsearch/jobsearch?searchstring=Northwest%20Territories#results-list-content%20http://careers.hr.gov.nt.ca/en/search/job">http://careers.hr.gov.nt.ca/en/search/job</a></div>\n\n<div><a href="https://www.nnsl.com/northern-jobs/">https://www.nnsl.com/northern-jobs/</a></div>\n\n<div>&nbsp;</div>\n\n<div>Should you wish to learn more about the Employer Driven streams and/or obtain program guidelines or forms, please visit our website at <a href="https://www.immigratenwt.ca/employers-northwest-territories">https://www.immigratenwt.ca/employers-northwest-territories</a>.</div>\n\n<div>&nbsp;</div>\n\n<div>Sincerely,</div>\n\n<div>&nbsp;</div>\n\n<div>NT Nominee Program Staff</div>\n\n<div>Department of Education, Culture and Employment</div>\n<span style="font-family:calibri,sans-serif"><span style="font-size:10.0pt">Government of the Northwest Territories</span></span></div>',
        '2019-04-02', 'N', 0),
       (9389, 2, 7206, 2, 'General', 'Email', 'EDS - Application Approval',
        'NTNP Employer Stream - Application Approval', 'noreply@gov.nt.ca', '', '',
        '<div>\n<div>Hello <strong>Mr./Ms. Employer Last Name, </strong></div>\n\n<div>&nbsp;</div>\n\n<div>I am pleased to inform you that the application submitted on behalf of <strong>EMPLOYER</strong> to nominate <strong>Mr./Ms. NOMINEE NAME</strong>, has been approved (<strong>NTNP</strong> <strong>FILE NUMBER</strong>). Please see the attached Nomination Certificate Letters.</div>\n\n<div>&nbsp;</div>\n\n<div>Please note that as per the Nominee Program&rsquo;s criteria, <strong>EMPLOYER </strong>will be required to sign a Memorandum of Understanding with the nominee and the Department of Education, Culture and Employment. Nominee Program Staff will be in contact with you within the next 7-10 business days to schedule an appointment to complete this requirement.</div>\n\n<div>&nbsp;</div>\n\n<div>Please do not hesitate to contact our office for any questions for concerns.</div>\n\n<div>&nbsp;</div>\n\n<div>Sincerely,</div>\n\n<div>&nbsp;</div>\n\n<div>NT Nominee Program Staff</div>\n\n<div>Department of Education, Culture and Employment</div>\n<span style="font-family:calibri,sans-serif"><span style="font-size:10.0pt">Government of the Northwest Territories</span></span></div>',
        '2019-04-02', 'N', 0),
       (9390, 2, 7206, 7, 'General', 'Email', 'EDS - Application Denial', 'NTNP Employer Stream - Application Denial',
        'noreply@gov.nt.ca', '', '',
        '<div>\n<div>Hello <strong>Mr/Ms. Employer Name</strong>,</div>\n\n<div>&nbsp;</div>\n\n<div>Please be advised that the application submitted on behalf of the <strong>Employer Name</strong> to nominate <strong>Nominee Name</strong> (<strong>NTNP XXX 19 - xxx</strong>) has been denied. Please find attached a signed denial letter with further information.</div>\n\n<div>&nbsp;</div>\n\n<div>Thank you for your interest in the Northwest Territories Nominee Program.</div>\n\n<div>&nbsp;</div>\n\n<div>Sincerely,</div>\n\n<div>&nbsp;</div>\n\n<div>NT Nominee Program Staff</div>\n\n<div>Department of Education, Culture and Employment</div>\n<span style="font-family:calibri,sans-serif"><span style="font-size:10.0pt">Government of the Northwest Territories</span></span></div>',
        '2019-04-02', 'N', 0),
       (9391, 2, 7206, 4, 'General', 'Email', 'EDS - Application Withdrawn',
        'NTNP Employer Stream - Application Withdrawn', 'noreply@gov.nt.ca', '', '',
        '<div>\n<div>Hello <strong>Mr./Ms. Employer Name</strong>,</div>\n\n<div>&nbsp;</div>\n\n<div>Please be advised that the applications submitted on behalf of <strong>Business Name</strong> to nominate <strong>Mr/Ms. First Name Last Name</strong>(<strong>NTNP XXX 19 - ***</strong>) has been withdrawn.</div>\n\n<div>&nbsp;</div>\n\n<div>The applications did not meet the following required program criteria:</div>\n\n<div>&nbsp;</div>\n\n<div>&bull;&nbsp;&nbsp;&nbsp;</div>\n\n<div>&nbsp;</div>\n\n<div><strong>Please note</strong>: <strong>any additional explanation or clarification of withdraw</strong></div>\n\n<div>&nbsp;</div>\n\n<div>If all required program criteria can be met at a later date, you may resubmit an application.</div>\n\n<div>&nbsp;</div>\n\n<div>Do not hesitate to contact us with any questions or concerns.</div>\n\n<div>&nbsp;</div>\n\n<div>Sincerely,</div>\n\n<div>&nbsp;</div>\n\n<div>NT Nominee Program Staff</div>\n\n<div>Department of Education, Culture and Employment</div>\n<span style="font-family:calibri,sans-serif"><span style="font-size:10.0pt">Government of the Northwest Territories</span></span></div>',
        '2019-04-02', 'N', 0),
       (9409, 2, 7206, 1, 'General', 'Letter', 'EDS - Approval Letter (CIW - Employer)', '', '', '', '', '',
        '2019-04-08', 'N', 0),
       (9410, 2, 7206, 12, 'General', 'Letter', 'EDS - Approval Letter (CIW - Nominee)', '', '', '', '', '',
        '2019-04-08', 'N', 0),
       (9411, 2, 7206, 1, 'General', 'Letter', 'EDS - Approval Letter (EE - Employer)', '', '', '', '', '',
        '2019-04-08', 'N', 0),
       (9412, 2, 7206, 10, 'General', 'Letter', 'EDS - Approval Letter (EE - Nominee)', '', '', '', '', '',
        '2019-04-08', 'N', 0),
       (9413, 2, 7206, 1, 'General', 'Letter', 'EDS - Approval Letter (SW - Employer)', '', '', '', '', '',
        '2019-04-08', 'N', 0),
       (9415, 2, 7206, 9, 'General', 'Letter', 'EDS - Denial Letter', '', '', '', '', '', '2019-04-08', 'N', 0),
       (9416, 2, 7206, 8, 'General', 'Letter', 'EDS - Revocation of Nomination Letter', '', '', '', '', '',
        '2019-04-08', 'N', 0),
       (9417, 2, 7206, 6, 'General', 'Letter', 'EDS - Work Permit Support Letter (R204(c))', '', '', '', '', '',
        '2019-04-08', 'N', 0),
       (9418, 2, 7206, 16, 'General', 'Letter', 'Generic Letter Template', '', '', '', '', '', '2019-06-20', 'N', 0),
       (9419, 2, 7206, 17, 'General', 'Email', 'Invitation to Apply', 'Invitation Letter to Apply', '', '', '',
        '<div>Test test test</div>\n\n<div>&nbsp;</div>\n\n<div>Craig Stone | Officio<br />\n&lt;%current_user_email_signature%&gt;</div>\n\n<div>&nbsp;</div>\n\n<div>&lt;%current_user_email%&gt;</div>\n\n<div>&lt;%current_user_fName%&gt;</div>\n\n<div>&lt;%current_user_lName%&gt;</div>\n\n<div>&lt;%current_user_username%&gt;</div>',
        '2019-06-20', 'N', 1),
       (9420, 2, 7206, 14, 'General', 'Letter', 'Copy of EDS - Approval Letter (CIW - Employer)', '', '', '', '', '',
        '2019-06-20', 'N', 0),
       (9421, 2, 7206, 18, 'General', 'Email', 'BNP - Welcome to NTNP Business Stream',
        'Welcome to the NTNP Business Stream', 'noreply@gov.nt.ca', '', '',
        '<div>Dear&nbsp;&lt;%first_name%&gt; &lt;%last_name%&gt;,</div>\n\n<div>&nbsp;</div>\n\n<div>Thank you for registering for the Business Stream of the Northwest Territories Nominee Program.</div>\n\n<div>&nbsp;</div>\n\n<div>Your registration has been recieved. NTNP Program Staff will be in contact to confirm your in-person interview date and location.&nbsp;</div>\n\n<div>&nbsp;</div>\n\n<div>Thank you,</div>\n\n<div>NTNP Business Stream&nbsp;</div>',
        '2019-06-20', 'N', 0),
       (9422, 2, 7206, 39, 'General', 'Email', 'BNP - Reminder to Submit Pre-Interview Business Concept Summary',
        'Reminder: Submit Business Concept Summary', 'noreply@gov.nt.ca', '', '',
        '<div>Hello &lt;%title%&gt; &lt;%last_name%&gt;,&nbsp;</div>\n\n<div>&nbsp;</div>\n\n<div>Please be advised that in advance of your Step 2: Further Investigations and Face-to-Face Interview scheduled on&nbsp;&lt;%interview_date%&gt;, you are required to submit a summary of your business concept to NTNP staff twenty-four (24) hours in advance of your interview.</div>\n\n<div>&nbsp;</div>\n\n<div>Please note that the NTNP did not recieve&nbsp;a summary of your proposed business concept with your online BNP - Pre-Interview Submission. Please submit your business concept summary to NTNP Program Staff at the contact information below.&nbsp;</div>\n\n<div>&nbsp;</div>\n\n<div>Thank you,</div>\n\n<div>&lt;%current_user_fName%&gt;&nbsp;&lt;%current_user_lName%&gt;&nbsp;</div>\n\n<div>&lt;%current_user_email%&gt;</div>\n\n<div>&nbsp;</div>\n\n<div>&nbsp;</div>',
        '2019-06-28', 'N', 0),
       (9423, 2, 7206, 18, 'General', 'Email', 'BNP - Step 3 - Reminder to Submit Express of Interest',
        'Reminder: Submit BNP - Expression of Interest', '', '', '',
        '<div>\n<div>Hello&nbsp;&lt;%title%&gt;&nbsp;&lt;%last_name%&gt;</div>\n\n<div>&nbsp;</div>\n\n<div>Please be advised that the NTNP has still not recieved your online Step 3: Expression of Interest submission. As per the Business Stream Application Guidelines you are required to submit your Step 3: Expression of Interest information within sixty (60) days of being notified of a positive outcome for the Step 2: Face-to-Face interview.&nbsp;</div>\n\n<div>&nbsp;</div>\n\n<div>Please note that you have&nbsp;<strong>one (1) week&nbsp;</strong>from today&#39;s date to compelete the &quot;BNP - Expression of Interst&quot; section of your online NTNP Application. If you do not submit the required information within the timeframe noted, your application will be closed.&nbsp;</div>\n\n<div>&nbsp;</div>\n\n<div>If you are no longer interested in pursuing your application with the Business Stream of the NTNP, please advise program staff at the contact information below.</div>\n\n<div>&nbsp;</div>\n\n<div>Thank you,</div>\n\n<div>&lt;%current_user_fName%&gt;&nbsp;&lt;%current_user_lName%&gt;</div>\n\n<div>&lt;%current_user_email%&gt;</div>\n</div>',
        '2019-06-28', 'N', 0),
       (9424, 2, 7206, 17, 'General', 'Email', 'Test- Missing document', 'Missing document', '', '', '',
        '<div>The following documents are missing.&nbsp; &nbsp;Please provide them before we can :</div>\n\n<div>&lt;%missing_documents_or_additional_info%&gt;</div>',
        '2019-06-28', 'N', 0),
       (9425, 2, 7206, 40, 'General', 'Email', 'BNP - Reminder to Submit Complete Application',
        'Reminder: Submit Complete NTNP Application', 'noreply@gov.nt.ca', '', '',
        '<div>Hello,</div>\n\n<div>&nbsp;</div>\n\n<div>Please see the attached letter in regards to your BNP - Formal Application Submission section of your online profile.</div>\n\n<div>&nbsp;</div>\n\n<div>If you have any questions, please contact NTNP Program Staff directly.&nbsp;</div>\n\n<div>&nbsp;</div>\n\n<div>Thank you,</div>\n\n<div>&lt;%current_user_fName%&gt;&nbsp;&lt;%current_user_lName%&gt;</div>\n\n<div>&lt;%current_user_email%&gt;</div>',
        '2019-07-04', 'N', 1),
       (9426, 2, 7206, 42, 'General', 'Email', 'BNP - NTNP-08 Arrival Report Form - Reminder',
        'Reminder: Submit Arrival Report', 'noreply@gov.nt.ca', '', '',
        '<div>Dear&nbsp;&lt;%title%&gt; &lt;%last_name%&gt;,&nbsp;</div>\n\n<div>\n<div>&nbsp;</div>\n\n<div>Please be reminded that you have thirty (30) days remaining to complete the&nbsp;BNP - Arrival Report section of your online NTNP profile. As per your signed Business Performance Agreement and the Business Stream Application Guidelines, within two (2) months of the date signed on the Government of Canada temporary work permit, applicants must provide their arrival information and participate in a face-to-face arrival interview with NTNP staff.</div>\n\n<div>&nbsp;</div>\n\n<div><span style="background-color:rgb(255, 255, 255); color:rgb(51, 51, 51); font-family:arial,sans-serif,verdana,trebuchet ms; font-size:12px">When completing the arrival report section, please ensure you upload all required documentation, including proof of funds from a Canadian financial institution and thereafter must advise the program staff of any changes to such information.&nbsp;</span></div>\n\n<div>&nbsp;</div>\n\n<div><span style="background-color:rgb(255, 255, 255); color:rgb(51, 51, 51); font-family:arial,sans-serif,verdana,trebuchet ms; font-size:12px">If you have&nbsp;any questions or concerns regarding this email, please contact program staff directly.&nbsp;</span></div>\n\n<div>&nbsp;</div>\n\n<div><span style="background-color:rgb(255, 255, 255); color:rgb(51, 51, 51); font-family:arial,sans-serif,verdana,trebuchet ms; font-size:12px">Thank you,</span></div>\n\n<div>&nbsp;</div>\n\n<div><span style="background-color:rgb(255, 255, 255); color:rgb(51, 51, 51); font-family:arial,sans-serif,verdana,trebuchet ms; font-size:12px">&lt;%current_user_fName%&gt;&nbsp;&lt;%current_user_lName%&gt;</span></div>\n\n<div><span style="background-color:rgb(255, 255, 255); color:rgb(51, 51, 51); font-family:arial,sans-serif,verdana,trebuchet ms; font-size:12px">&lt;%current_user_email%&gt;</span></div>\n\n<div>&nbsp;</div>\n\n<div>&nbsp;</div>\n</div>',
        '2019-07-05', 'N', 0),
       (9427, 2, 7206, 41, 'General', 'Email', 'BNP - Step 6 - Reminder to Return Signed BPA',
        'NTNP - Reminder to Return Signed BPA', 'noreply@gov.nt.ca', '', '',
        '<div>Dear&nbsp;&lt;%title%&gt;&nbsp;&lt;%last_name%&gt;,&nbsp;</div>\n\n<div>&nbsp;</div>\n\n<div>This e-mail is to remind you that your signed Business Performance Agreement (BPA) is due&nbsp;<strong>one (1) week&nbsp;</strong>from todays date. If you have not already done so, you must submit your signed BPA to Business Stream program staff at the contact information below. If you have already submittted your signed BPA, you can ignore this email.&nbsp;</div>\n\n<div>&nbsp;</div>\n\n<div>Please contact program staff directly if you have any questions or concerns.&nbsp;</div>\n\n<div>&nbsp;</div>\n\n<div>Thank you,</div>\n\n<div>&lt;%current_user_fName%&gt;&nbsp;&lt;%current_user_lName%&gt;</div>\n\n<div>&lt;%current_user_email%&gt;</div>',
        '2019-08-07', 'N', 0),
       (9429, 2, 7206, 13, 'General', 'Email', 'EDS- Acknowledgment Receipt',
        'NTNP Employer Stream - Acknowledgment Receipt', 'noreply@gov.nt.ca', '', '',
        '<div>\n<div>Hello,</div>\n\n<div>&nbsp;</div>\n\n<div>Thank you for submitting an application under the Employer Driven Stream of the Northwest Territories Nominee Program.</div>\n\n<div>&nbsp;</div>\n\n<div>This is an automatic acknowledgement indicating we have received your application and it is now in queue for assessment.&nbsp;Applications are assessed within ten (10) weeks from the submission date.&nbsp;</div>\n\n<div>&nbsp;</div>\n\n<div>Should you need to discuss your applicaion&#39;s status in the future, please refer to file number&nbsp;&lt;%file_number%&gt;&nbsp; in all corrspondence.&nbsp;</div>\n\n<div>&nbsp;</div>\n\n<div>Sincerely,</div>\n\n<div>&nbsp;</div>\n\n<div>NT Nominee Program Staff</div>\n\n<div>Department of Education, Culture and Employment</div>\n<span style="background-color:rgb(255, 255, 255); color:rgb(51, 51, 51); font-family:calibri,sans-serif; font-size:12px"><span style="font-size:10pt">Government of the Northwest Territories</span></span></div>',
        '2019-08-19', 'N', 0),
       (9430, 2, 7206, 15, 'General', 'Email', 'EDS- Employer Reminder- Info Requested',
        'NTNP Employer Driven Streams- Reminder- Info Requested', 'noreply@gov.nt.ca', '', '',
        '<div>Hello&nbsp;&lt;%employer_contact%&gt;,</div>\n\n<div>&nbsp;</div>\n\n<div>This email is a reminder that the information requested on&nbsp;&lt;%additional_info_requested_date%&gt; after the assessment of the&nbsp;application submitted by&nbsp;&lt;%entity_name%&gt; to nominate&nbsp;&lt;%first_name%&gt;&lt;%last_name%&gt; (&lt;%file_number%&gt;) is due in four (4) days. If the requested information is not received by the due date the application will be withdrawn.&nbsp;</div>\n\n<div>&nbsp;</div>\n\n<div>If you have any questions please do not hesitate to contact us.&nbsp;</div>\n\n<div>&nbsp;</div>\n\n<div>Sincerely,&nbsp;</div>\n\n<div>&nbsp;</div>\n\n<div>NT Nominee Program Staff</div>\n\n<div>\n<div>Department of Education, Culture and Employment</div>\n<span style="background-color:rgb(255, 255, 255); color:rgb(51, 51, 51); font-family:calibri,sans-serif; font-size:12px"><span style="font-size:10pt">Government of the Northwest Territories</span></span></div>',
        '2019-08-19', 'N', 0),
       (9431, 2, 7206, 16, 'General', 'Email', 'EDS- Employer Reminder- Information Due',
        'NTNP Employer Driven Streams- Information Due Today', 'noreply@gov.nt.ca', '', '',
        '<div>Hello&nbsp;&lt;%employer_contact%&gt;,</div>\n\n<div>&nbsp;</div>\n\n<div>This email is a reminder that the information requested on&nbsp;&lt;%additional_info_requested_date%&gt; after the assessment of the&nbsp;application submitted by&nbsp;&lt;%entity_name%&gt; to nominate&nbsp;&lt;%first_name%&gt;&lt;%last_name%&gt; (&lt;%file_number%&gt;) is due today. If the requested information is not received by the due date the application will be withdrawn.&nbsp;</div>\n\n<div>&nbsp;</div>\n\n<div>If you have any questions please do not hesitate to contact us.&nbsp;</div>\n\n<div>&nbsp;</div>\n\n<div>Sincerely,&nbsp;</div>\n\n<div>&nbsp;</div>\n\n<div>NT Nominee Program Staff</div>\n\n<div>\n<div>Department of Education, Culture and Employment</div>\n<span style="background-color:rgb(255, 255, 255); color:rgb(51, 51, 51); font-family:calibri,sans-serif; font-size:12px"><span style="font-size:10pt">Government of the Northwest Territories</span></span></div>',
        '2019-08-19', 'N', 0),
       (9432, 2, 7206, 44, 'General', 'Email', 'EDS- Employer MOU Reminder', 'NTNP Employer Streams- MOU Reminder',
        'noreply@gov.nt.ca', '<%email%>', '',
        '<div>Hello&nbsp;&lt;%employer_contact%&gt;,&nbsp;</div>\n\n<div>&nbsp;</div>\n\n<div>This email is a reminder that the Memorandum of Understanding signing for&nbsp;&lt;%file_number%&gt; is scheduled for tomorrow,&nbsp;&lt;%MOU_signing_appointment%&gt;. If you or&nbsp;&lt;%first_name%&gt; is unable to attend please let us know and we will re-schedule.&nbsp;</div>\n\n<div>&nbsp;</div>\n\n<div>Sincerlery,</div>\n\n<div>&nbsp;</div>\n\n<div>NT Nominee Program&nbsp;</div>\n\n<div>\n<div>Department of Education, Culture and Employment</div>\n<span style="background-color:rgb(255, 255, 255); color:rgb(51, 51, 51); font-family:calibri,sans-serif; font-size:12px"><span style="font-size:10pt">Government of the Northwest Territories</span></span></div>',
        '2019-08-19', 'N', 0),
       (9433, 2, 7206, 18, 'General', 'Letter',
        'Testing- BNP- Shahram - letterhead - Delete later - confirmation of nomination', '', '', '', '', '',
        '2019-08-20', 'N', 0),
       (9434, 2, 7206, 18, 'General', 'Letter', 'Testing - BNP- Shahram- Page break', '', '', '', '', '', '2019-08-20',
        'N', 0),
       (9450, 2, 7206, 18, 'General', 'Letter', 'NTNP - BNP Ltr - Invite to Canada', '', '', '', '', '', '2019-08-27',
        'N', 0),
       (9454, 2, 7206, 18, 'General', 'Letter', 'NTNP - BNP Ltr - Invite to Apply', '', '', '', '', '', '2019-08-27',
        'N', 0),
       (9457, 2, 7206, 22, 'General', 'Letter', 'NTNP- BNP Ltr - Reminder to Apply', '', '', '', '', '', '2019-08-27',
        'N', 0),
       (9458, 2, 7206, 18, 'General', 'Letter', 'NTNP - BNP Ltr - Application Review', '', '', '', '', '', '2019-08-27',
        'N', 0),
       (9460, 2, 7206, 18, 'General', 'Letter', 'NTNP - BNP Ltr - Letter of Support', '', '', '', '', '', '2019-08-27',
        'N', 0),
       (9466, 2, 7206, 21, 'General', 'Letter', 'NTNP - BNP Ltr - Confirmation of Nomination & Nomination Certificate',
        '', '', '', '', '', '2019-08-27', 'N', 0);

-- --------------------------------------------------------

--
-- Table structure for table `template_attachments`
--

CREATE TABLE `template_attachments`
(
    `email_template_id`  int(11) UNSIGNED NOT NULL,
    `letter_template_id` int(11) UNSIGNED NOT NULL
) ENGINE = InnoDB
  DEFAULT CHARSET = utf8 COMMENT ='Contains links between email templates and attached to them letter templates.';

-- --------------------------------------------------------

--
-- Table structure for table `template_file_attachments`
--

CREATE TABLE `template_file_attachments`
(
    `id`          int(11)          NOT NULL,
    `template_id` int(11) UNSIGNED NOT NULL,
    `member_id`   bigint(20)       NOT NULL,
    `name`        varchar(255) DEFAULT NULL,
    `size`        int(11)      DEFAULT NULL
) ENGINE = InnoDB
  DEFAULT CHARSET = utf8 COMMENT ='Contains info about attachments in email templates';

-- --------------------------------------------------------

--
-- Table structure for table `tickets`
--

CREATE TABLE `tickets`
(
    `ticket_id`         int(11) UNSIGNED                       NOT NULL,
    `company_id`        bigint(20)                                      DEFAULT NULL,
    `company_member_id` bigint(20)                                      DEFAULT NULL,
    `author_id`         bigint(20)                                      DEFAULT NULL,
    `ticket`            text,
    `contacted_by`      enum ('phone','email','chat','system') NOT NULL DEFAULT 'phone',
    `status`            enum ('resolved','not_resolved')       NOT NULL DEFAULT 'not_resolved',
    `create_date`       datetime                                        DEFAULT NULL
) ENGINE = InnoDB
  DEFAULT CHARSET = utf8 COMMENT ='List of tickets that are used as notes for companies (for superadmin section only).';

--
-- Dumping data for table `tickets`
--

INSERT INTO `tickets` (`ticket_id`, `company_id`, `company_member_id`, `author_id`, `ticket`, `contacted_by`, `status`,
                       `create_date`)
VALUES (32, 2, NULL, 1, 'subscription was changed from "OfficioUltimatePlus" to "OfficioUltimate"', 'system',
        'resolved', '2019-04-08 01:27:40'),
       (33, 2, NULL, 1, 'subscription was changed from "OfficioUltimate" to "OfficioUltimatePlus"', 'system',
        'resolved', '2019-04-08 01:31:12'),
       (34, 2, NULL, 1, 'payment_term was changed from "Unknown" to "Monthly"', 'system', 'resolved',
        '2019-04-08 01:31:12');

-- --------------------------------------------------------

--
-- Table structure for table `time_tracker`
--

CREATE TABLE `time_tracker`
(
    `track_id`                  bigint(20)     NOT NULL,
    `track_member_id`           bigint(20)              DEFAULT NULL,
    `track_company_id`          bigint(20)              DEFAULT NULL,
    `track_posted_on`           date           NOT NULL,
    `track_posted_by_member_id` bigint(20)     NOT NULL,
    `track_time_billed`         int(11)        NOT NULL COMMENT 'in min',
    `track_time_actual`         int(11)        NOT NULL COMMENT 'in min',
    `track_round_up`            tinyint(4)     NOT NULL DEFAULT '0',
    `track_rate`                double(12, 2)  NOT NULL,
    `track_total`               double(12, 2)  NOT NULL,
    `track_comment`             text           NOT NULL,
    `track_billed`              enum ('Y','N') NOT NULL DEFAULT 'N'
) ENGINE = InnoDB
  DEFAULT CHARSET = utf8 COMMENT ='List of records that are used in time tracker module.';

-- --------------------------------------------------------

--
-- Table structure for table `users`
--

CREATE TABLE `users`
(
    `user_id`                    bigint(20)     NOT NULL,
    `member_id`                  bigint(20)              DEFAULT NULL,
    `notes`                      text,
    `activationCode`             varchar(50)    NOT NULL DEFAULT '',
    `city`                       varchar(255)   NOT NULL DEFAULT '',
    `state`                      varchar(255)   NOT NULL DEFAULT '',
    `country`                    int(11)                 DEFAULT NULL,
    `homePhone`                  varchar(30)    NOT NULL DEFAULT '',
    `workPhone`                  varchar(30)    NOT NULL DEFAULT '',
    `mobilePhone`                varchar(30)    NOT NULL DEFAULT '',
    `fax`                        varchar(50)    NOT NULL DEFAULT '',
    `zip`                        varchar(10)    NOT NULL DEFAULT '',
    `address`                    text           NOT NULL,
    `timeZone`                   int(2)         NOT NULL DEFAULT '0',
    `code`                       varchar(255)            DEFAULT NULL,
    `user_is_rma`                enum ('Y','N') NOT NULL DEFAULT 'N',
    `user_migration_number`      varchar(15)             DEFAULT NULL,
    `time_tracker_enable`        enum ('Y','N') NOT NULL DEFAULT 'N',
    `time_tracker_disable_popup` enum ('Y','N') NOT NULL DEFAULT 'N',
    `time_tracker_rate`          float UNSIGNED          DEFAULT NULL,
    `time_tracker_round_up`      tinyint(4)     NOT NULL DEFAULT '0',
    `queue_show_in_left_panel`   enum ('Y','N') NOT NULL DEFAULT 'N',
    `vevo_login`                 varchar(255)            DEFAULT NULL,
    `vevo_password`              text
) ENGINE = InnoDB
  DEFAULT CHARSET = utf8 COMMENT ='Users related info is saved here.';

--
-- Dumping data for table `users`
--

INSERT INTO `users` (`user_id`, `member_id`, `notes`, `activationCode`, `city`, `state`, `country`, `homePhone`,
                     `workPhone`, `mobilePhone`, `fax`, `zip`, `address`, `timeZone`, `code`, `user_is_rma`,
                     `user_migration_number`, `time_tracker_enable`, `time_tracker_disable_popup`, `time_tracker_rate`,
                     `time_tracker_round_up`, `queue_show_in_left_panel`, `vevo_login`, `vevo_password`)
VALUES (1, 2, '', '', '', '', NULL, '', '', '', '', '', '', 0, NULL, 'N', '', 'N', 'N', NULL, 0, 'N', '', '');

-- --------------------------------------------------------

--
-- Table structure for table `usertypes`
--

CREATE TABLE `usertypes`
(
    `usertype_id`   int(11)     NOT NULL,
    `role_type`     varchar(50) NOT NULL,
    `usertype_name` varchar(50) NOT NULL DEFAULT ''
) ENGINE = InnoDB
  DEFAULT CHARSET = utf8 COMMENT ='List of supported user types. Used to identify which type of role it is.';

--
-- Dumping data for table `usertypes`
--

INSERT INTO `usertypes` (`usertype_id`, `role_type`, `usertype_name`)
VALUES (1, 'superadmin', 'Super Admin'),
       (2, 'admin', 'Company Admin'),
       (3, 'client', 'Client'),
       (4, 'user', 'Company Staff');

-- --------------------------------------------------------

--
-- Table structure for table `user_smtp`
--

CREATE TABLE `user_smtp`
(
    `smtp_id`             int(11) UNSIGNED      NOT NULL,
    `member_id`           bigint(20)      DEFAULT NULL,
    `email_signature`     text,
    `email_friendly_name` char(255)       DEFAULT NULL,
    `smtp_use_own`        enum ('Y','N')  DEFAULT 'N',
    `smtp_host`           char(255)       DEFAULT NULL,
    `smtp_port`           int(4) UNSIGNED DEFAULT NULL,
    `smtp_username`       char(255)       DEFAULT NULL,
    `smtp_password`       text,
    `smtp_use_ssl`        enum ('','ssl','tls') NOT NULL
) ENGINE = InnoDB
  DEFAULT CHARSET = utf8 COMMENT ='Contains user SMTP settings.';

-- --------------------------------------------------------

--
-- Table structure for table `u_assigned_deposits`
--

CREATE TABLE `u_assigned_deposits`
(
    `deposit_id`             int(11) NOT NULL,
    `author_id`              bigint(20)          DEFAULT NULL,
    `company_ta_id`          int(11) NOT NULL,
    `trust_account_id`       int(11)             DEFAULT NULL,
    `template_id`            int(11) UNSIGNED    DEFAULT NULL,
    `deposit`                double(12, 2)       DEFAULT '0.00',
    `member_id`              bigint(20)          DEFAULT NULL,
    `special_transaction`    tinytext,
    `special_transaction_id` tinyint(3) UNSIGNED DEFAULT NULL,
    `date_of_event`          datetime            DEFAULT NULL,
    `description`            tinytext,
    `notes`                  varchar(255)        DEFAULT NULL,
    `receipt_number`         bigint(20) UNSIGNED DEFAULT NULL
) ENGINE = InnoDB
  DEFAULT CHARSET = utf8 COMMENT ='Contains mapping between deposit records from trust account and specific case.';

-- --------------------------------------------------------

--
-- Table structure for table `u_assigned_withdrawals`
--

CREATE TABLE `u_assigned_withdrawals`
(
    `withdrawal_id`              int(11) NOT NULL,
    `author_id`                  bigint(20)          DEFAULT NULL,
    `member_id`                  bigint(20)          DEFAULT NULL,
    `company_ta_id`              int(11) NOT NULL,
    `trust_account_id`           int(11)             DEFAULT NULL,
    `withdrawal`                 double(12, 2)       DEFAULT '0.00',
    `invoice_id`                 int(11)             DEFAULT NULL,
    `special_transaction`        tinytext,
    `special_transaction_id`     tinyint(3) UNSIGNED DEFAULT NULL,
    `returned_payment_member_id` bigint(20)          DEFAULT NULL,
    `destination_account_id`     int(11)             DEFAULT NULL,
    `destination_account_other`  tinytext,
    `date_of_event`              datetime            DEFAULT NULL,
    `notes`                      varchar(255)        DEFAULT NULL
) ENGINE = InnoDB
  DEFAULT CHARSET = utf8 COMMENT ='Contains mapping between withdrawal records from trust account and specific case.';

-- --------------------------------------------------------

--
-- Table structure for table `u_deposit_types`
--

CREATE TABLE `u_deposit_types`
(
    `dtl_id`      int(11)    NOT NULL,
    `company_id`  bigint(20) NOT NULL,
    `author_id`   bigint(20)          DEFAULT NULL,
    `name`        tinytext,
    `unique_name` varchar(255)        DEFAULT NULL,
    `amount`      double(8, 2)        DEFAULT '0.00',
    `order`       tinyint(3) UNSIGNED DEFAULT '0',
    `locked`      enum ('Y','N')      DEFAULT 'N'
) ENGINE = InnoDB
  DEFAULT CHARSET = utf8 COMMENT ='List of supported deposit types for deposit records (unique for each company).';

--
-- Dumping data for table `u_deposit_types`
--

INSERT INTO `u_deposit_types` (`dtl_id`, `company_id`, `author_id`, `name`, `unique_name`, `amount`, `order`, `locked`)
VALUES (2573, 0, 1, 'Interest Credit', NULL, 0.00, 0, 'N'),
       (2574, 0, 1, 'Bank Error', 'bank_error', 0.00, 0, 'Y'),
       (2575, 0, 1, 'Interest Earned', 'interest', 0.00, 1, 'Y'),
       (2579, 2, NULL, 'Interest Credit', NULL, 0.00, 0, 'N'),
       (2580, 2, NULL, 'Bank Error', 'bank_error', 0.00, 0, 'Y'),
       (2581, 2, NULL, 'Interest Earned', 'interest', 0.00, 1, 'Y');

-- --------------------------------------------------------

--
-- Table structure for table `u_destination_types`
--

CREATE TABLE `u_destination_types`
(
    `destination_account_id` int(11)    NOT NULL,
    `company_id`             bigint(20) NOT NULL,
    `author_id`              bigint(20)          DEFAULT NULL,
    `name`                   tinytext,
    `order`                  tinyint(3) UNSIGNED DEFAULT '0'
) ENGINE = InnoDB
  DEFAULT CHARSET = utf8 COMMENT ='List of supported destination types for withdrawal records (unique for each company).';

-- --------------------------------------------------------

--
-- Table structure for table `u_folders`
--

CREATE TABLE `u_folders`
(
    `folder_id`   int(11) UNSIGNED                                  NOT NULL,
    `parent_id`   int(11) UNSIGNED                                           DEFAULT NULL,
    `company_id`  bigint(20)                                                 DEFAULT NULL,
    `author_id`   bigint(20)                                                 DEFAULT NULL,
    `folder_name` char(255)                                                  DEFAULT NULL,
    `upd_date`    datetime                                                   DEFAULT NULL,
    `type`        enum ('D','C','F','T','ST','CD','SD','SDR','STR') NOT NULL DEFAULT 'D' COMMENT 'D=dir, C=correspondence, F=submisions(forms), T=templates, ST=Shared Templates CD=Client Documents, SD=Shared Workspace, SDR=Root Shared Workspace,STR=Root Shared Templates'
) ENGINE = InnoDB
  DEFAULT CHARSET = utf8 COMMENT ='List of folders that are showed in My Docs and Client''s Docs tabs.';

--
-- Dumping data for table `u_folders`
--

INSERT INTO `u_folders` (`folder_id`, `parent_id`, `company_id`, `author_id`, `folder_name`, `upd_date`, `type`)
VALUES (7170, 0, NULL, 1, 'Correspondence', '2014-06-05 03:15:41', 'C'),
       (7172, 0, NULL, 1, 'Applications', '2014-06-05 03:15:41', 'CD'),
       (7173, 0, NULL, 1, 'Documents', '2014-06-05 03:15:41', 'CD'),
       (7174, 0, NULL, 1, 'Shared Templates', '2014-06-05 03:15:41', 'STR'),
       (7175, 0, NULL, 1, 'My Templates', '2014-06-05 03:15:41', 'T'),
       (7176, 0, NULL, 1, 'Shared Workspace', '2014-06-05 03:15:41', 'SDR'),
       (7177, 0, NULL, 1, 'My Documents', '2014-06-05 03:15:41', 'D'),
       (7178, 0, NULL, 1, 'Client Uploaded Documents', '2014-06-05 03:15:41', 'CD'),
       (7179, 0, NULL, 1, 'Submissions', '2014-06-05 03:15:41', 'F'),
       (7180, 0, NULL, 1, 'Accounting', '2014-06-05 03:15:41', 'CD'),
       (7181, 0, 0, 1, 'Correspondence', '2014-06-05 03:15:41', 'C'),
       (7182, 0, 0, 1, 'Miscellaneous', '2014-06-05 03:15:41', 'CD'),
       (7183, 0, 0, 1, 'Applications', '2014-06-05 03:15:41', 'CD'),
       (7184, 0, 0, 1, 'Documents', '2014-06-05 03:15:41', 'CD'),
       (7185, 0, 0, 1, 'Shared Templates', '2014-06-05 03:15:41', 'STR'),
       (7186, 0, 0, 1, 'My Templates', '2014-06-05 03:15:41', 'T'),
       (7187, 0, 0, 1, 'Shared Workspace', '2014-06-05 03:15:41', 'SDR'),
       (7188, 0, 0, 1, 'My Documents', '2014-06-05 03:15:41', 'D'),
       (7189, 0, 0, 1, 'Client Uploaded Documents', '2014-06-05 03:15:41', 'CD'),
       (7190, 0, 0, 1, 'Submissions', '2014-06-05 03:15:41', 'F'),
       (7191, 0, 0, 1, 'Accounting', '2014-06-05 03:15:41', 'CD'),
       (7203, 0, 2, 2, 'Correspondence', '2019-03-26 10:26:16', 'C'),
       (7204, 0, 2, 2, 'Applications', '2019-03-26 10:26:16', 'CD'),
       (7205, 0, 2, 2, 'Documents', '2019-03-26 10:26:16', 'CD'),
       (7206, 0, 2, 2, 'Shared Templates', '2019-03-26 10:26:16', 'STR'),
       (7207, 0, 2, 2, 'My Templates', '2019-03-26 10:26:16', 'T'),
       (7208, 0, 2, 2, 'Shared Workspace', '2019-03-26 10:26:16', 'SDR'),
       (7209, 0, 2, 2, 'My Documents', '2019-03-26 10:26:16', 'D'),
       (7210, 0, 2, 2, 'Client Uploaded Documents', '2019-03-26 10:26:16', 'CD'),
       (7211, 0, 2, 2, 'Submissions', '2019-03-26 10:26:16', 'F'),
       (7212, 0, 2, 2, 'Accounting', '2019-03-26 10:26:16', 'CD');

-- --------------------------------------------------------

--
-- Table structure for table `u_import_transactions`
--

CREATE TABLE `u_import_transactions`
(
    `import_transaction_id` int(11) NOT NULL,
    `company_ta_id`         int(11) NOT NULL,
    `author_id`             bigint(20) DEFAULT NULL,
    `dt_start`              date       DEFAULT NULL,
    `dt_end`                date       DEFAULT NULL,
    `bankid`                int(11)    DEFAULT NULL,
    `import_datetime`       datetime   DEFAULT NULL,
    `records`               int(4)     DEFAULT NULL,
    `filename`              char(255)  DEFAULT NULL
) ENGINE = InnoDB
  DEFAULT CHARSET = utf8 COMMENT ='This is a log of records that were imported to trust account.';

-- --------------------------------------------------------

--
-- Table structure for table `u_invoice`
--

CREATE TABLE `u_invoice`
(
    `invoice_id`                  int(11)        NOT NULL,
    `member_id`                   bigint(20)              DEFAULT NULL,
    `company_ta_id`               int(11)        NOT NULL,
    `author_id`                   bigint(20)              DEFAULT NULL,
    `invoice_num`                 varchar(255)   NOT NULL,
    `cheque_num`                  varchar(255)   NOT NULL,
    `amount`                      double(12, 2)  NOT NULL,
    `fee`                         double(12, 2)  NOT NULL,
    `tax`                         double(12, 2)  NOT NULL,
    `description`                 tinytext       NOT NULL,
    `transfer_from_company_ta_id` int(11)                 DEFAULT NULL,
    `transfer_from_amount`        double(12, 2)           DEFAULT NULL,
    `destination_account_id`      int(11)                 DEFAULT NULL,
    `destination_account_other`   tinytext,
    `date_of_invoice`             date           NOT NULL,
    `date_of_creation`            datetime       NOT NULL,
    `notes`                       varchar(255)            DEFAULT NULL,
    `received`                    enum ('Y','N') NOT NULL DEFAULT 'Y',
    `type`                        varchar(255)   NOT NULL DEFAULT 'invoice'
) ENGINE = InnoDB
  DEFAULT CHARSET = utf8 COMMENT ='Contains mapping between invoice records from trust account and specific case.';

-- --------------------------------------------------------

--
-- Table structure for table `u_links`
--

CREATE TABLE `u_links`
(
    `link_id`   int(11) NOT NULL,
    `title`     char(255)  DEFAULT NULL,
    `url`       text,
    `member_id` bigint(20) DEFAULT NULL
) ENGINE = InnoDB
  DEFAULT CHARSET = utf8 COMMENT ='List of links that are saved for each user, are showed in the Links section on the home page.';

-- --------------------------------------------------------

--
-- Table structure for table `u_links_sharing`
--

CREATE TABLE `u_links_sharing`
(
    `link_id` int(11) NOT NULL,
    `role_id` int(11) NOT NULL
) ENGINE = InnoDB
  DEFAULT CHARSET = utf8 COMMENT ='Share links based on roles';

-- --------------------------------------------------------

--
-- Table structure for table `u_log`
--

CREATE TABLE `u_log`
(
    `log_id`           int(11) NOT NULL,
    `trust_account_id` int(11) NOT NULL,
    `action_id`        int(10) NOT NULL COMMENT '1 - assign, 2 - import_transaction, 3 - send_receipt_of_payment, 4 - update_transaction, 5 - unassign, 6 - reconcile',
    `author_id`        bigint(20) DEFAULT NULL,
    `date_of_event`    datetime   DEFAULT NULL
) ENGINE = InnoDB
  DEFAULT CHARSET = utf8 COMMENT ='This is log of actions that were applied to specific trust account records. E.g. reconcile, assign, etc.';

-- --------------------------------------------------------

--
-- Table structure for table `u_notes`
--

CREATE TABLE `u_notes`
(
    `note_id`            int(11) UNSIGNED         NOT NULL,
    `member_id`          bigint(20)                        DEFAULT NULL,
    `company_id`         bigint(20)                        DEFAULT NULL,
    `author_id`          int(11) UNSIGNED                  DEFAULT NULL,
    `note`               text,
    `create_date`        datetime                          DEFAULT NULL,
    `visible_to_clients` enum ('Y','N')           NOT NULL DEFAULT 'N',
    `rtl`                enum ('Y','N')           NOT NULL DEFAULT 'N',
    `note_color`         tinyint(1)               NOT NULL DEFAULT '0',
    `type`               enum ('general','draft') NOT NULL DEFAULT 'general'
) ENGINE = InnoDB
  DEFAULT CHARSET = utf8 COMMENT ='Contains notes records that are showed in Client''s Notes tab.';

-- --------------------------------------------------------

--
-- Table structure for table `u_payment`
--

CREATE TABLE `u_payment`
(
    `payment_id`          int(11)        NOT NULL,
    `payment_schedule_id` int(11)                 DEFAULT NULL,
    `member_id`           bigint(20)              DEFAULT NULL,
    `author_id`           bigint(20)              DEFAULT NULL,
    `company_ta_id`       int(11)        NOT NULL,
    `transaction_id`      tinytext,
    `invoice_number`      int(11)                 DEFAULT NULL,
    `invoice_id`          int(11)                 DEFAULT NULL,
    `trust_account_id`    int(11)                 DEFAULT NULL,
    `deposit`             double(12, 2)           DEFAULT '0.00',
    `withdrawal`          double(12, 2)           DEFAULT '0.00',
    `description`         tinytext,
    `payment_made_by`     tinytext,
    `date_of_event`       datetime                DEFAULT NULL,
    `gst`                 float(13, 4)            DEFAULT NULL,
    `gst_province_id`     int(11) UNSIGNED        DEFAULT NULL,
    `gst_tax_label`       char(255)               DEFAULT '',
    `notes`               varchar(255)            DEFAULT NULL,
    `company_agent`       enum ('Y','N') NOT NULL DEFAULT 'N'
) ENGINE = InnoDB
  DEFAULT CHARSET = utf8 COMMENT ='Payment records are created when payment schedule records are due.';

-- --------------------------------------------------------

--
-- Table structure for table `u_payment_invoices`
--

CREATE TABLE `u_payment_invoices`
(
    `u_payment_invoice_id`   int(11) UNSIGNED   NOT NULL,
    `member_id`              bigint(20)         NOT NULL,
    `company_ta_id`          int(11)            NOT NULL,
    `amount`                 double(11, 2)      NOT NULL,
    `message`                text,
    `tranpage_approval_code` varchar(12)                 DEFAULT NULL,
    `invoice_date`           datetime           NOT NULL,
    `status`                 enum ('C','F','Q') NOT NULL DEFAULT 'Q' COMMENT 'C - complete, F - failed, Q - queued'
) ENGINE = InnoDB
  DEFAULT CHARSET = utf8 COMMENT ='TranPage invoices will be saved here';

-- --------------------------------------------------------

--
-- Table structure for table `u_payment_schedule`
--

CREATE TABLE `u_payment_schedule`
(
    `payment_schedule_id`         int(11)       NOT NULL,
    `member_id`                   bigint(20)       DEFAULT NULL,
    `description`                 tinytext,
    `amount`                      double(12, 2) NOT NULL,
    `based_on_date`               date             DEFAULT NULL,
    `based_on_profile_date_field` int(11) UNSIGNED DEFAULT NULL,
    `based_on_account`            int(3)           DEFAULT NULL,
    `status`                      tinyint(3)       DEFAULT '0',
    `gst`                         float(13, 4)     DEFAULT '0.0000',
    `gst_province_id`             int(11) UNSIGNED DEFAULT NULL,
    `gst_tax_label`               char(255)        DEFAULT '',
    `template_id`                 int(11) UNSIGNED DEFAULT NULL
) ENGINE = InnoDB
  DEFAULT CHARSET = utf8 COMMENT ='Records that are showed in payment schedule in Accounting tab for each case.';

-- --------------------------------------------------------

--
-- Table structure for table `u_payment_templates`
--

CREATE TABLE `u_payment_templates`
(
    `saved_payment_template_id` int(11) UNSIGNED NOT NULL,
    `company_id`                bigint(20)       NOT NULL,
    `name`                      varchar(255) DEFAULT NULL,
    `payments`                  text,
    `created_date`              date         DEFAULT NULL
) ENGINE = InnoDB
  DEFAULT CHARSET = utf8 COMMENT ='List of templates that can be used to quickly generate records in payment schedule grid.';

-- --------------------------------------------------------

--
-- Table structure for table `u_sms`
--

CREATE TABLE `u_sms`
(
    `id`       int(10)      NOT NULL,
    `number`   varchar(20)  NOT NULL,
    `message`  varchar(200) NOT NULL,
    `email`    varchar(200) NOT NULL,
    `attempts` tinyint(1)   NOT NULL DEFAULT '0'
) ENGINE = InnoDB
  DEFAULT CHARSET = utf8 COMMENT ='Contains list of sms records that must be processed (sent to phone number).';

-- --------------------------------------------------------

--
-- Table structure for table `u_tasks`
--

CREATE TABLE `u_tasks`
(
    `task_id`        int(11) UNSIGNED           NOT NULL,
    `member_id`      bigint(20)                          DEFAULT NULL,
    `company_id`     bigint(20)                          DEFAULT NULL,
    `client_type`    enum ('client','prospect') NOT NULL DEFAULT 'client',
    `task`           text,
    `type`           enum ('S','C','B','P')              DEFAULT 'S',
    `number`         int(11) UNSIGNED                    DEFAULT NULL,
    `days`           enum ('CALENDAR','BUSINESS')        DEFAULT 'CALENDAR',
    `ba`             enum ('BEFORE','AFTER')             DEFAULT 'AFTER',
    `prof`           int(11) UNSIGNED                    DEFAULT NULL,
    `due_on`         date                                DEFAULT NULL,
    `create_date`    datetime                            DEFAULT NULL,
    `author_id`      bigint(20)                          DEFAULT NULL,
    `notify_client`  enum ('Y','N')                      DEFAULT 'N',
    `is_due`         enum ('Y','N')             NOT NULL DEFAULT 'N',
    `completed`      enum ('Y','N')             NOT NULL DEFAULT 'N',
    `sms_processed`  tinyint(4)                 NOT NULL DEFAULT '0',
    `deadline`       date                                DEFAULT NULL,
    `flag`           tinyint(4)                          DEFAULT '0',
    `auto_task_type` tinyint(4)                          DEFAULT NULL COMMENT 'null - not auto-task, 1 - Payment is due, 2 - Client mark a form as Complete, 3 - Client uploads Documents , 10 - Based on a date in the "Client''s Profile", 11 - Based on File Status on Profile Info',
    `from`           char(255)                           DEFAULT NULL,
    `cc`             char(255)                           DEFAULT NULL
) ENGINE = InnoDB
  DEFAULT CHARSET = utf8 COMMENT ='List of tasks that are showed in My Tasks and Client''s Tasks tabs.';

-- --------------------------------------------------------

--
-- Table structure for table `u_tasks_assigned_to`
--

CREATE TABLE `u_tasks_assigned_to`
(
    `id`        int(11) UNSIGNED NOT NULL,
    `task_id`   int(11) UNSIGNED NOT NULL,
    `member_id` bigint(20)                DEFAULT NULL,
    `to_cc`     enum ('to','cc') NOT NULL DEFAULT 'to'
) ENGINE = InnoDB
  DEFAULT CHARSET = utf8 COMMENT ='Relation between task and this task''s owner.';

-- --------------------------------------------------------

--
-- Table structure for table `u_tasks_messages`
--

CREATE TABLE `u_tasks_messages`
(
    `id`            int(10) UNSIGNED NOT NULL,
    `task_id`       int(11) UNSIGNED NOT NULL,
    `member_id`     bigint(20)                DEFAULT NULL,
    `message`       text             NOT NULL,
    `timestamp`     int(10)          NOT NULL,
    `officio_said`  tinyint(4)       NOT NULL DEFAULT '0',
    `from_template` tinyint(1)       NOT NULL DEFAULT '0'
) ENGINE = InnoDB
  DEFAULT CHARSET = utf8 COMMENT ='Messages that are related to tasks.';

-- --------------------------------------------------------

--
-- Table structure for table `u_tasks_priority`
--

CREATE TABLE `u_tasks_priority`
(
    `id`        int(10)                                           NOT NULL,
    `task_id`   int(11) UNSIGNED                                  NOT NULL,
    `member_id` bigint(20)                                        NOT NULL,
    `priority`  enum ('low','regular','medium','high','critical') NOT NULL
) ENGINE = InnoDB
  DEFAULT CHARSET = utf8 COMMENT ='List of priorities in relation to the task and its owner/relating person.';

-- --------------------------------------------------------

--
-- Table structure for table `u_tasks_read`
--

CREATE TABLE `u_tasks_read`
(
    `id`        int(10)          NOT NULL,
    `task_id`   int(11) UNSIGNED NOT NULL,
    `member_id` bigint(20)       NOT NULL
) ENGINE = InnoDB
  DEFAULT CHARSET = utf8 COMMENT ='Indicates which tasks were read and by whom.';

-- --------------------------------------------------------

--
-- Table structure for table `u_trust_account`
--

CREATE TABLE `u_trust_account`
(
    `trust_account_id` int(11) NOT NULL,
    `company_ta_id`    int(11) NOT NULL,
    `import_id`        int(11)       DEFAULT NULL,
    `fit`              char(40)      DEFAULT NULL,
    `date_from_bank`   date          DEFAULT NULL,
    `description`      tinytext,
    `deposit`          double(12, 2) DEFAULT NULL,
    `withdrawal`       double(12, 2) DEFAULT NULL,
    `balance`          double(12, 2) DEFAULT NULL,
    `notes`            tinytext,
    `payment_made_by`  tinytext,
    `purpose`          tinytext
) ENGINE = InnoDB
  DEFAULT CHARSET = utf8 COMMENT ='Records that are showed in trust account section.';

-- --------------------------------------------------------

--
-- Table structure for table `u_variable`
--

CREATE TABLE `u_variable`
(
    `name`  varchar(255) NOT NULL DEFAULT '',
    `value` longtext     NOT NULL
) ENGINE = InnoDB
  DEFAULT CHARSET = utf8 COMMENT ='Site related specific settings. Some of them can be changed by superadmin. E.g. packages prices.';

--
-- Dumping data for table `u_variable`
--

INSERT INTO `u_variable` (`name`, `value`)
VALUES ('cutting_of_service_days', '32'),
       ('dateFormatFull', 'd M Y'),
       ('dateFormatShort', 'd/m/Y'),
       ('datePickerFormat', 'dd/mm/yy'),
       ('datetimeFormatFull', 'd/M/Y'),
       ('dateZendFormatFull', 'dd MMM yyyy'),
       ('description_antigua_development_fund_contribution', 'NDF Contribution'),
       ('description_antigua_due_diligence_fee', 'Due Diligence Fee'),
       ('description_antigua_passport_fee', 'Passport Fee'),
       ('description_antigua_processing_fee', 'Processing Fee'),
       ('description_antigua_real_estate_contribution', 'Real Estate Contribution'),
       ('description_antigua_system_access_fee', 'System Access Fee'),
       ('description_dm_certificate_of_naturalization_fee', 'Fee for Certificate of Naturalization'),
       ('description_dm_due_diligence_fee', 'Due Diligence Fee'),
       ('description_dm_expedited_passport_issue_fee', 'Expedited Passport Issue Fee'),
       ('description_dm_government_fund_fee', 'Government Fund'),
       ('description_dm_processing_fee', 'Processing Fee'),
       ('description_dm_real_estate_fee', 'Real Estate'),
       ('description_dm_system_access_fee', 'System Access Fee'),
       ('free_storage_lite', '2'),
       ('free_storage_pro', '10'),
       ('free_storage_ultimate', '50'),
       ('GST', '5.00'),
       ('last_charge_failed_show_days', '6'),
       ('noc_url_details', 'http://www5.hrsdc.gc.ca/NOC/English/NOC/2011/Profile.aspx?val=0&val1=XXXX'),
       ('noc_url_education_job_requirements',
        'http://www.workingincanada.gc.ca/report-eng.do?area=25565&lang=eng&noc=XXXX&action=final&backurl=http%3A%2F&ln=n&s=3#report_tabs_container2'),
       ('noc_url_jobs',
        'http://www.workingincanada.gc.ca/report-eng.do?area=25565&lang=eng&noc=XXXX&action=final&backurl=http%3A%2F&ln=n&s=0#report_tabs_container2'),
       ('noc_url_outlook',
        'http://www.workingincanada.gc.ca/report-eng.do?area=25565&lang=eng&noc=XXXX&action=final&backurl=http%3A%2F&ln=n&s=2#report_tabs_container2'),
       ('noc_url_prevailing',
        'http://www.workingincanada.gc.ca/report-eng.do?area=25565&lang=eng&noc=XXXX&action=final&backurl=http%3A%2F&ln=n&s=1#wages'),
       ('price_antigua_due_diligence_fee_dependent_12_to_17', '2000.00'),
       ('price_antigua_due_diligence_fee_dependent_18_and_over', '4000.00'),
       ('price_antigua_due_diligence_fee_dependent_parent_over_65', '4000.00'),
       ('price_antigua_due_diligence_fee_main_applicant', '7500.00'),
       ('price_antigua_due_diligence_fee_spouse', '7500.00'),
       ('price_antigua_national_development_fund_contribution_main_applicant', '100000.00'),
       ('price_antigua_national_development_fund_contribution_more_than_4_persons', '125000.00'),
       ('price_antigua_national_development_fund_contribution_up_to_4_persons', '100000.00'),
       ('price_antigua_national_development_fund_fee_additional_dependent', '15000.00'),
       ('price_antigua_national_development_fund_fee_main_applicant', '25000.00'),
       ('price_antigua_national_development_fund_fee_up_to_4_persons', '25000.00'),
       ('price_antigua_passport_fee', '300.00'),
       ('price_antigua_real_estate_contribution_main_applicant', '400000.00'),
       ('price_antigua_real_estate_contribution_more_than_4_persons', '400000.00'),
       ('price_antigua_real_estate_contribution_up_to_4_persons', '400000.00'),
       ('price_antigua_real_estate_fee_additional_dependent', '15000.00'),
       ('price_antigua_real_estate_fee_main_applicant', '50000.00'),
       ('price_antigua_real_estate_fee_up_to_4_persons', '50000.00'),
       ('price_antigua_system_access_fee', '1000.00'),
       ('price_dm_certificate_of_naturalization_fee', '750.00'),
       ('price_dm_due_diligence_fee_dependent', '4000.00'),
       ('price_dm_due_diligence_fee_main_applicant', '7500.00'),
       ('price_dm_due_diligence_fee_spouse', '7500.00'),
       ('price_dm_expedited_passport_issue_fee', '1200.00'),
       ('price_dm_government_fund_fee_additional_dependent', '50000.00'),
       ('price_dm_government_fund_fee_main_and_spouse', '175000.00'),
       ('price_dm_government_fund_fee_single_applicant', '100000.00'),
       ('price_dm_government_fund_fee_up_to_4_persons', '200000.00'),
       ('price_dm_government_fund_fee_up_to_5_persons', '200000.00'),
       ('price_dm_processing_fee', '3000.00'),
       ('price_dm_real_estate_fee_additional_dependent_over_18_years', '25000.00'),
       ('price_dm_real_estate_fee_additional_dependent_under_18_years', '20000.00'),
       ('price_dm_real_estate_fee_single_applicant', '50000.00'),
       ('price_dm_real_estate_fee_up_to_4_persons', '75000.00'),
       ('price_dm_real_estate_fee_up_to_6_persons', '100000.00'),
       ('price_dm_system_access_fee', '1000.00'),
       ('price_lite_license_user_annual', '699.00'),
       ('price_lite_license_user_monthly', '69.00'),
       ('price_lite_package_2_years', '1275.00'),
       ('price_lite_package_monthly', '69.00'),
       ('price_lite_package_yearly', '799.00'),
       ('price_marketplace_prospect_convert', '100.00'),
       ('price_pro_license_user_annual', '699.00'),
       ('price_pro_license_user_monthly', '69.00'),
       ('price_pro_package_2_years', '1799.00'),
       ('price_pro_package_monthly', '99.00'),
       ('price_pro_package_yearly', '1199.00'),
       ('price_storage_1_gb_annual', '20.00'),
       ('price_storage_1_gb_monthly', '2.00'),
       ('price_training', '125.00'),
       ('price_ultimate_license_user_annual', '999.00'),
       ('price_ultimate_license_user_monthly', '99.00'),
       ('price_ultimate_package_2_years', '2380.00'),
       ('price_ultimate_package_monthly', '129.00'),
       ('price_ultimate_package_yearly', '1499.00'),
       ('support_request_count', '101241'),
       ('trial_after_exp_discount_label',
        'Subscribe now and receive <span style="color: rgb(255, 0, 0);">30%</span> off the regular pricing.'),
       ('trial_after_exp_fee_annual', '699.00'),
       ('trial_after_exp_fee_annual_discount', '0.00'),
       ('trial_after_exp_fee_monthly', '69.00'),
       ('trial_after_exp_fee_monthly_discount', '0.00'),
       ('trial_after_exp_free_users', '3'),
       ('trial_after_exp_license_annual', '999.00'),
       ('trial_after_exp_license_monthly', '99.00'),
       ('trial_before_exp_discount_label',
        'Subscribe now and receive <span style="color: rgb(255, 0, 0);">30%</span> off the regular pricing.'),
       ('trial_before_exp_fee_annual', '699.00'),
       ('trial_before_exp_fee_annual_discount', '0.00'),
       ('trial_before_exp_fee_monthly', '69.00'),
       ('trial_before_exp_fee_monthly_discount', '0.00'),
       ('trial_before_exp_free_users', '3'),
       ('trial_before_exp_license_annual', '999.00'),
       ('trial_before_exp_license_monthly', '99.00'),
       ('users_add_over_limit_lite', ''),
       ('users_add_over_limit_pro', '1'),
       ('users_add_over_limit_ultimate', '1'),
       ('user_included_lite', '1'),
       ('user_included_pro', '1'),
       ('user_included_ultimate', '1');

-- --------------------------------------------------------

--
-- Table structure for table `u_withdrawal_types`
--

CREATE TABLE `u_withdrawal_types`
(
    `wtl_id`      int(11)    NOT NULL,
    `company_id`  bigint(20) NOT NULL,
    `author_id`   bigint(20)          DEFAULT NULL,
    `name`        tinytext,
    `order`       tinyint(3) UNSIGNED DEFAULT '0',
    `locked`      enum ('Y','N')      DEFAULT 'N',
    `unique_name` enum ('Y','N')      DEFAULT 'N',
    `amount`      double(8, 2)        DEFAULT '0.00'
) ENGINE = InnoDB
  DEFAULT CHARSET = utf8 COMMENT ='List of supported withdrawal types for withdrawal records (unique for each company).';

--
-- Dumping data for table `u_withdrawal_types`
--

INSERT INTO `u_withdrawal_types` (`wtl_id`, `company_id`, `author_id`, `name`, `order`, `locked`, `unique_name`,
                                  `amount`)
VALUES (2561, 0, 1, 'Bank Account Service Charge', 1, 'N', 'N', 0.00),
       (2562, 0, 1, 'Banking Fees', 0, '', '', 0.00),
       (2565, 2, NULL, 'Bank Account Service Charge', 1, 'N', 'N', 0.00),
       (2566, 2, NULL, 'Banking Fees', 0, '', '', 0.00);

-- --------------------------------------------------------

--
-- Stand-in structure for view `view_active_users`
--
CREATE TABLE `view_active_users`
(
    `company_id`         bigint(20),
    `active_users_count` bigint(21)
);

-- --------------------------------------------------------

--
-- Stand-in structure for view `view_clients_count`
--
CREATE TABLE `view_clients_count`
(
    `company_id`    bigint(20),
    `clients_count` bigint(21)
);

-- --------------------------------------------------------

--
-- Stand-in structure for view `view_last_mail_used`
--
CREATE TABLE `view_last_mail_used`
(
    `company_id`        bigint(20),
    `last_manual_check` int(11),
    `last_mass_mail`    int(11)
);

-- --------------------------------------------------------

--
-- Stand-in structure for view `view_last_ta_uploaded`
--
CREATE TABLE `view_last_ta_uploaded`
(
    `company_id`            bigint(20),
    `last_ta_uploaded_date` datetime
);

-- --------------------------------------------------------

--
-- Table structure for table `zoho_keys`
--

CREATE TABLE `zoho_keys`
(
    `zoho_key`        varchar(255)                NOT NULL DEFAULT '',
    `zoho_key_status` enum ('enabled','disabled') NOT NULL DEFAULT 'enabled'
) ENGINE = InnoDB
  DEFAULT CHARSET = utf8 COMMENT ='List of Zoho API keys that are used during communicating with Zoho service. Allows enable/disable specific keys that can be used in GUI.';

--
-- Dumping data for table `zoho_keys`
--

INSERT INTO `zoho_keys` (`zoho_key`, `zoho_key_status`)
VALUES ('51e994c53ffb597111a81a63dcaef0bd', 'enabled');

-- --------------------------------------------------------

--
-- Structure for view `view_active_users`
--
DROP TABLE IF EXISTS `view_active_users`;

CREATE VIEW `view_active_users` AS
select `c`.`company_id` AS `company_id`, count(`m`.`member_id`) AS `active_users_count`
from (`company` `c`
         left join `members` `m` on ((`m`.`company_id` = `c`.`company_id`)))
where ((`m`.`userType` in (2, 4)) and (`m`.`status` = 1))
group by `c`.`company_id`;

-- --------------------------------------------------------

--
-- Structure for view `view_clients_count`
--
DROP TABLE IF EXISTS `view_clients_count`;

CREATE VIEW `view_clients_count` AS
select `c`.`company_id` AS `company_id`, count(`m`.`member_id`) AS `clients_count`
from (`company` `c`
         left join `members` `m` on ((`m`.`company_id` = `c`.`company_id`)))
where (`m`.`userType` = 3)
group by `c`.`company_id`;

-- --------------------------------------------------------

--
-- Structure for view `view_last_mail_used`
--
DROP TABLE IF EXISTS `view_last_mail_used`;

CREATE VIEW `view_last_mail_used` AS
select `c`.`company_id`             AS `company_id`,
       max(`a`.`last_manual_check`) AS `last_manual_check`,
       max(`a`.`last_mass_mail`)    AS `last_mass_mail`
from ((`company` `c` left join `members` `m` on ((`m`.`company_id` = `c`.`company_id`)))
         left join `eml_accounts` `a` on ((`m`.`member_id` = `a`.`member_id`)))
group by `c`.`company_id`;

-- --------------------------------------------------------

--
-- Structure for view `view_last_ta_uploaded`
--
DROP TABLE IF EXISTS `view_last_ta_uploaded`;

CREATE VIEW `view_last_ta_uploaded` AS
select `c`.`company_id` AS `company_id`, max(`i`.`import_datetime`) AS `last_ta_uploaded_date`
from ((`company` `c` left join `company_ta` `ta` on ((`c`.`company_id` = `ta`.`company_id`)))
         left join `u_import_transactions` `i` on ((`i`.`company_ta_id` = `ta`.`company_ta_id`)))
group by `c`.`company_id`;

--
-- Indexes for dumped tables
--

--
-- Indexes for table `access_logs`
--
ALTER TABLE `access_logs`
    ADD PRIMARY KEY (`log_id`),
    ADD KEY `FK_access_logs_company` (`log_company_id`),
    ADD KEY `FK_access_logs_members` (`log_created_by`),
    ADD KEY `FK_access_logs_members_2` (`log_action_applied_to`);

--
-- Indexes for table `acl_modules`
--
ALTER TABLE `acl_modules`
    ADD PRIMARY KEY (`module_id`);

--
-- Indexes for table `acl_roles`
--
ALTER TABLE `acl_roles`
    ADD PRIMARY KEY (`role_parent_id`),
    ADD KEY `role_id` (`role_id`),
    ADD KEY `FK_acl_roles_company` (`company_id`),
    ADD KEY `FK_roles_divisions_groups` (`division_group_id`);

--
-- Indexes for table `acl_role_access`
--
ALTER TABLE `acl_role_access`
    ADD PRIMARY KEY (`role_id`, `rule_id`),
    ADD KEY `FK_acl_role_access_1` (`rule_id`);

--
-- Indexes for table `acl_rules`
--
ALTER TABLE `acl_rules`
    ADD PRIMARY KEY (`rule_id`);

--
-- Indexes for table `acl_rule_details`
--
ALTER TABLE `acl_rule_details`
    ADD PRIMARY KEY (`rule_id`, `module_id`, `resource_id`, `resource_privilege`);

--
-- Indexes for table `admin_navigation`
--
ALTER TABLE `admin_navigation`
    ADD PRIMARY KEY (`navigation_id`);

--
-- Indexes for table `admin_navigation_sections`
--
ALTER TABLE `admin_navigation_sections`
    ADD PRIMARY KEY (`section_id`);

--
-- Indexes for table `analytics`
--
ALTER TABLE `analytics`
    ADD PRIMARY KEY (`analytics_id`),
    ADD KEY `FK_analytics_company` (`company_id`);

--
-- Indexes for table `applicant_form_blocks`
--
ALTER TABLE `applicant_form_blocks`
    ADD PRIMARY KEY (`applicant_block_id`),
    ADD KEY `FK_applicant_form_blocks_1` (`member_type_id`),
    ADD KEY `FK_applicant_form_blocks_2` (`company_id`),
    ADD KEY `FK_applicant_form_blocks_3` (`applicant_type_id`);

--
-- Indexes for table `applicant_form_data`
--
ALTER TABLE `applicant_form_data`
    ADD KEY `FK_applicant_form_data_1` (`applicant_id`),
    ADD KEY `FK_applicant_form_data_2` (`applicant_field_id`);

--
-- Indexes for table `applicant_form_default`
--
ALTER TABLE `applicant_form_default`
    ADD PRIMARY KEY (`applicant_form_default_id`),
    ADD KEY `FK_applicant_form_default_1` (`applicant_field_id`);

--
-- Indexes for table `applicant_form_fields`
--
ALTER TABLE `applicant_form_fields`
    ADD PRIMARY KEY (`applicant_field_id`),
    ADD KEY `FK_applicant_form_fields_1` (`member_type_id`),
    ADD KEY `FK_applicant_form_fields_2` (`company_id`);

--
-- Indexes for table `applicant_form_fields_access`
--
ALTER TABLE `applicant_form_fields_access`
    ADD PRIMARY KEY (`role_id`, `applicant_group_id`, `applicant_field_id`),
    ADD KEY `FK_applicant_form_fields_access_2` (`applicant_group_id`),
    ADD KEY `FK_applicant_form_fields_access_3` (`applicant_field_id`);

--
-- Indexes for table `applicant_form_fields_access_default`
--
ALTER TABLE `applicant_form_fields_access_default`
    ADD KEY `FK_applicant_form_fields_access_default_acl_roles` (`role_id`),
    ADD KEY `FK_applicant_form_fields_access_default_applicant_form_fields` (`applicant_field_id`);

--
-- Indexes for table `applicant_form_groups`
--
ALTER TABLE `applicant_form_groups`
    ADD PRIMARY KEY (`applicant_group_id`),
    ADD KEY `FK_applicant_form_groups_1` (`applicant_block_id`),
    ADD KEY `FK_applicant_form_groups_2` (`company_id`);

--
-- Indexes for table `applicant_form_order`
--
ALTER TABLE `applicant_form_order`
    ADD PRIMARY KEY (`applicant_group_id`, `applicant_field_id`),
    ADD KEY `FK_applicant_form_order_2` (`applicant_field_id`);

--
-- Indexes for table `applicant_types`
--
ALTER TABLE `applicant_types`
    ADD PRIMARY KEY (`applicant_type_id`),
    ADD KEY `FK_client_types_company` (`company_id`),
    ADD KEY `FK_applicant_types_2` (`member_type_id`);

--
-- Indexes for table `automated_billing_blacklist`
--
ALTER TABLE `automated_billing_blacklist`
    ADD PRIMARY KEY (`pt_error_id`);

--
-- Indexes for table `automated_billing_log`
--
ALTER TABLE `automated_billing_log`
    ADD PRIMARY KEY (`log_id`),
    ADD KEY `FK_automated_billing_log_automated_billing_log_sessions` (`log_session_id`);

--
-- Indexes for table `automated_billing_log_sessions`
--
ALTER TABLE `automated_billing_log_sessions`
    ADD PRIMARY KEY (`log_session_id`),
    ADD KEY `log_session_date` (`log_session_date`);

--
-- Indexes for table `automatic_reminders`
--
ALTER TABLE `automatic_reminders`
    ADD PRIMARY KEY (`automatic_reminder_id`),
    ADD KEY `FK_automatic_reminders_company` (`company_id`);

--
-- Indexes for table `automatic_reminders_processed`
--
ALTER TABLE `automatic_reminders_processed`
    ADD PRIMARY KEY (`automatic_reminders_processed_id`),
    ADD KEY `FK_automatic_reminders_processed_automatic_reminders` (`automatic_reminder_id`),
    ADD KEY `FK_automatic_reminders_processed_members` (`member_id`);

--
-- Indexes for table `automatic_reminder_actions`
--
ALTER TABLE `automatic_reminder_actions`
    ADD PRIMARY KEY (`automatic_reminder_action_id`),
    ADD KEY `FK_automatic_reminder_actions_automatic_reminders` (`automatic_reminder_id`),
    ADD KEY `FK_automatic_reminder_actions_automatic_reminder_action_types` (`automatic_reminder_action_type_id`),
    ADD KEY `FK_automatic_reminder_actions_company` (`company_id`);

--
-- Indexes for table `automatic_reminder_action_types`
--
ALTER TABLE `automatic_reminder_action_types`
    ADD PRIMARY KEY (`automatic_reminder_action_type_id`);

--
-- Indexes for table `automatic_reminder_conditions`
--
ALTER TABLE `automatic_reminder_conditions`
    ADD PRIMARY KEY (`automatic_reminder_condition_id`),
    ADD KEY `FK_automatic_reminder_conditions_automatic_reminders` (`automatic_reminder_id`),
    ADD KEY `FK_automatic_reminder_conditions_company` (`company_id`),
    ADD KEY `FK_automatic_reminder_conditions_condition_types` (`automatic_reminder_condition_type_id`);

--
-- Indexes for table `automatic_reminder_condition_types`
--
ALTER TABLE `automatic_reminder_condition_types`
    ADD PRIMARY KEY (`automatic_reminder_condition_type_id`);

--
-- Indexes for table `automatic_reminder_schedule`
--
ALTER TABLE `automatic_reminder_schedule`
    ADD PRIMARY KEY (`automatic_reminder_schedule_id`),
    ADD KEY `FK_automatic_reminder_schedule_automatic_reminders` (`automatic_reminder_id`),
    ADD KEY `FK_automatic_reminder_schedule_trigger_types` (`automatic_reminder_trigger_type_id`);

--
-- Indexes for table `automatic_reminder_triggers`
--
ALTER TABLE `automatic_reminder_triggers`
    ADD PRIMARY KEY (`automatic_reminder_trigger_id`),
    ADD KEY `FK_automatic_reminder_triggers_automatic_reminders` (`automatic_reminder_id`),
    ADD KEY `FK_automatic_reminder_triggers_company` (`company_id`),
    ADD KEY `FK_automatic_reminder_triggers_automatic_reminder_trigger_types` (`automatic_reminder_trigger_type_id`);

--
-- Indexes for table `automatic_reminder_trigger_types`
--
ALTER TABLE `automatic_reminder_trigger_types`
    ADD PRIMARY KEY (`automatic_reminder_trigger_type_id`);

--
-- Indexes for table `business_hours_holidays`
--
ALTER TABLE `business_hours_holidays`
    ADD KEY `FK_business_hours_holidays_id` (`holiday_id`),
    ADD KEY `FK_business_hours_holidays_members` (`member_id`),
    ADD KEY `FK_business_hours_holidays_company` (`company_id`);

--
-- Indexes for table `business_hours_workdays`
--
ALTER TABLE `business_hours_workdays`
    ADD KEY `FK_business_hours_time_members` (`member_id`),
    ADD KEY `FK_business_hours_time_company` (`company_id`);

--
-- Indexes for table `clients`
--
ALTER TABLE `clients`
    ADD PRIMARY KEY (`client_id`),
    ADD KEY `FK_clients_1` (`member_id`),
    ADD KEY `FK_clients_client_types` (`client_type_id`),
    ADD KEY `FK_clients_applicant_types` (`applicant_type_id`),
    ADD KEY `fileNumber` (`fileNumber`),
    ADD KEY `FK_clients_members` (`modified_by`);

--
-- Indexes for table `clients_import`
--
ALTER TABLE `clients_import`
    ADD PRIMARY KEY (`id`),
    ADD KEY `FK1_company_id_to_clients_import` (`company_id`),
    ADD KEY `FK2_creator_id_to_members` (`creator_id`);

--
-- Indexes for table `client_form_data`
--
ALTER TABLE `client_form_data`
    ADD KEY `FK_client_form_data_1` (`field_id`),
    ADD KEY `FK_client_form_data_2` (`member_id`);

--
-- Indexes for table `client_form_default`
--
ALTER TABLE `client_form_default`
    ADD PRIMARY KEY (`form_default_id`),
    ADD KEY `FK_client_form_default_1` (`field_id`);

--
-- Indexes for table `client_form_dependents`
--
ALTER TABLE `client_form_dependents`
    ADD PRIMARY KEY (`dependent_id`),
    ADD KEY `FK_client_form_dependents_1` (`member_id`);

--
-- Indexes for table `client_form_dependents_required_files`
--
ALTER TABLE `client_form_dependents_required_files`
    ADD KEY `required_file_id` (`required_file_id`),
    ADD KEY `FK_client_form_dependents_required_files_company` (`company_id`);

--
-- Indexes for table `client_form_dependents_uploaded_files`
--
ALTER TABLE `client_form_dependents_uploaded_files`
    ADD KEY `uploaded_file_id` (`uploaded_file_id`),
    ADD KEY `FK_client_form_dependents_uploaded_files_client_form_dependents` (`dependent_id`),
    ADD KEY `FK_client_form_dependents_uploaded_files_client_required_files` (`required_file_id`),
    ADD KEY `FK_client_form_dependents_uploaded_files_members` (`member_id`);

--
-- Indexes for table `client_form_dependents_uploaded_file_tags`
--
ALTER TABLE `client_form_dependents_uploaded_file_tags`
    ADD KEY `FK_client_form_dependents_uploaded_file_tags` (`uploaded_file_id`),
    ADD KEY `FK_client_form_dependents_uploaded_file_tags_company` (`company_id`);

--
-- Indexes for table `client_form_dependents_visa_survey`
--
ALTER TABLE `client_form_dependents_visa_survey`
    ADD KEY `visa_survey_id` (`visa_survey_id`),
    ADD KEY `FK_client_form_dependents_visa_survey_dependents` (`dependent_id`),
    ADD KEY `FK_client_form_dependents_visa_survey_members` (`member_id`),
    ADD KEY `FK_client_form_dependents_visa_survey_country_master` (`visa_country_id`);

--
-- Indexes for table `client_form_fields`
--
ALTER TABLE `client_form_fields`
    ADD PRIMARY KEY (`field_id`),
    ADD KEY `FK_client_form_fields_company` (`company_id`),
    ADD KEY `FK_client_form_fields_field_types` (`type`);

--
-- Indexes for table `client_form_fields_access_default`
--
ALTER TABLE `client_form_fields_access_default`
    ADD KEY `FK_client_form_fields_access_default_acl_roles` (`role_id`),
    ADD KEY `FK_client_form_fields_access_default_applicant_form_fields` (`client_field_id`);

--
-- Indexes for table `client_form_field_access`
--
ALTER TABLE `client_form_field_access`
    ADD PRIMARY KEY (`access_id`),
    ADD KEY `FK_client_form_field_access_1` (`field_id`),
    ADD KEY `FK_client_form_field_access_client_types` (`client_type_id`),
    ADD KEY `FK_client_form_field_access_acl_roles` (`role_id`);

--
-- Indexes for table `client_form_field_conditions`
--
ALTER TABLE `client_form_field_conditions`
    ADD PRIMARY KEY (`field_condition_id`),
    ADD KEY `FK_client_form_field_conditions_client_types` (`client_type_id`),
    ADD KEY `FK_client_form_field_conditions_client_form_fields` (`field_id`),
    ADD KEY `FK_client_form_field_conditions_client_form_default` (`field_option_id`);

--
-- Indexes for table `client_form_field_condition_hidden_fields`
--
ALTER TABLE `client_form_field_condition_hidden_fields`
    ADD UNIQUE KEY `field_condition_id_field_id` (`field_condition_id`, `field_id`),
    ADD KEY `FK_client_form_field_condition_hidden_fields_client_form_fields` (`field_id`);

--
-- Indexes for table `client_form_field_condition_hidden_groups`
--
ALTER TABLE `client_form_field_condition_hidden_groups`
    ADD UNIQUE KEY `field_condition_id_group_id` (`field_condition_id`, `group_id`),
    ADD KEY `FK_client_form_field_condition_hidden_groups_client_form_groups` (`group_id`);

--
-- Indexes for table `client_form_groups`
--
ALTER TABLE `client_form_groups`
    ADD PRIMARY KEY (`group_id`),
    ADD KEY `FK_client_form_groups_company` (`company_id`),
    ADD KEY `FK_client_form_groups_client_types` (`client_type_id`);

--
-- Indexes for table `client_form_group_access`
--
ALTER TABLE `client_form_group_access`
    ADD PRIMARY KEY (`access_id`),
    ADD KEY `FK_client_form_group_access_1` (`group_id`),
    ADD KEY `FK_client_form_group_access_acl_roles` (`role_id`);

--
-- Indexes for table `client_form_order`
--
ALTER TABLE `client_form_order`
    ADD PRIMARY KEY (`order_id`),
    ADD KEY `FK_client_form_order_1` (`group_id`),
    ADD KEY `FK_client_form_order_2` (`field_id`);

--
-- Indexes for table `client_notes_attachments`
--
ALTER TABLE `client_notes_attachments`
    ADD PRIMARY KEY (`id`),
    ADD KEY `FK_client_notes_attachments_u_notes` (`note_id`),
    ADD KEY `FK_client_notes_attachments_members` (`member_id`);

--
-- Indexes for table `client_types`
--
ALTER TABLE `client_types`
    ADD PRIMARY KEY (`client_type_id`),
    ADD KEY `FK_client_types_company` (`company_id`),
    ADD KEY `FK_client_types_templates` (`email_template_id`);

--
-- Indexes for table `client_types_forms`
--
ALTER TABLE `client_types_forms`
    ADD KEY `FK_client_types_forms_client_types` (`client_type_id`),
    ADD KEY `FK_client_types_forms_formversion` (`form_version_id`);

--
-- Indexes for table `client_types_kinds`
--
ALTER TABLE `client_types_kinds`
    ADD KEY `FK_client_types_kinds_client_types` (`client_type_id`),
    ADD KEY `FK_client_types_kinds_client_types_2` (`member_type_id`);

--
-- Indexes for table `company`
--
ALTER TABLE `company`
    ADD PRIMARY KEY (`company_id`),
    ADD KEY `FK_company_members` (`admin_id`),
    ADD KEY `FK_company_country_master` (`country`);

--
-- Indexes for table `company_cmi`
--
ALTER TABLE `company_cmi`
    ADD PRIMARY KEY (`cmi_id`, `regulator_id`),
    ADD KEY `FK_company_cmi_company` (`company_id`);

--
-- Indexes for table `company_default_options`
--
ALTER TABLE `company_default_options`
    ADD PRIMARY KEY (`default_option_id`),
    ADD KEY `FK_company_default_options` (`company_id`);

--
-- Indexes for table `company_details`
--
ALTER TABLE `company_details`
    ADD PRIMARY KEY (`company_id`),
    ADD KEY `FK_company_details_pricing_categories` (`pricing_category_id`),
    ADD KEY `FK_company_details_subscriptions` (`subscription`);

--
-- Indexes for table `company_invoice`
--
ALTER TABLE `company_invoice`
    ADD PRIMARY KEY (`company_invoice_id`),
    ADD KEY `company_id` (`company_id`),
    ADD KEY `FK_company_invoice_prospects` (`prospect_id`);

--
-- Indexes for table `company_marketplace_profiles`
--
ALTER TABLE `company_marketplace_profiles`
    ADD UNIQUE KEY `company_id_marketplace_profile_id` (`company_id`, `marketplace_profile_id`),
    ADD KEY `FK_company_marketplace_profiles_company` (`company_id`);

--
-- Indexes for table `company_packages`
--
ALTER TABLE `company_packages`
    ADD PRIMARY KEY (`company_id`, `package_id`);

--
-- Indexes for table `company_prospects`
--
ALTER TABLE `company_prospects`
    ADD PRIMARY KEY (`prospect_id`),
    ADD KEY `FK_company_prospects_company` (`company_id`),
    ADD KEY `FK_company_prospects_company_default_options` (`visa`),
    ADD KEY `qualified` (`qualified`),
    ADD KEY `status` (`status`),
    ADD KEY `FK_company_prospects_members` (`agent_id`);

--
-- Indexes for table `company_prospects_activities`
--
ALTER TABLE `company_prospects_activities`
    ADD KEY `FK_company_prospects_activities_company` (`company_id`),
    ADD KEY `FK_company_prospects_activities_company_prospects` (`prospect_id`),
    ADD KEY `FK_company_prospects_activities_members` (`member_id`);

--
-- Indexes for table `company_prospects_categories`
--
ALTER TABLE `company_prospects_categories`
    ADD PRIMARY KEY (`prospect_category_id`);

--
-- Indexes for table `company_prospects_converted`
--
ALTER TABLE `company_prospects_converted`
    ADD UNIQUE KEY `prospect_id_member_id_company_invoice_id` (`prospect_id`, `member_id`, `company_invoice_id`),
    ADD KEY `FK_company_prospects_converted_invoice` (`company_invoice_id`),
    ADD KEY `FK_company_prospects_converted_prospects` (`prospect_id`),
    ADD KEY `FK_company_prospects_converted_members` (`member_id`);

--
-- Indexes for table `company_prospects_data`
--
ALTER TABLE `company_prospects_data`
    ADD PRIMARY KEY (`prospect_id`, `q_field_id`),
    ADD KEY `FK_company_prospects_data_q_fields` (`q_field_id`);

--
-- Indexes for table `company_prospects_data_categories`
--
ALTER TABLE `company_prospects_data_categories`
    ADD PRIMARY KEY (`prospect_id`, `prospect_category_id`),
    ADD KEY `FK_company_prospects_categories2` (`prospect_category_id`);

--
-- Indexes for table `company_prospects_divisions`
--
ALTER TABLE `company_prospects_divisions`
    ADD KEY `FK_company_prospects_divisions_1` (`prospect_id`),
    ADD KEY `FK_company_prospects_divisions_2` (`office_id`),
    ADD KEY `prospect_id_office_id` (`prospect_id`, `office_id`);

--
-- Indexes for table `company_prospects_invited`
--
ALTER TABLE `company_prospects_invited`
    ADD UNIQUE KEY `company_id_prospect_id` (`company_id`, `prospect_id`),
    ADD KEY `FK_company_prospects_invited_company_prospects` (`prospect_id`);

--
-- Indexes for table `company_prospects_job`
--
ALTER TABLE `company_prospects_job`
    ADD PRIMARY KEY (`qf_job_id`),
    ADD KEY `FK_company_prospects_job_company_prospects` (`prospect_id`);

--
-- Indexes for table `company_prospects_notes`
--
ALTER TABLE `company_prospects_notes`
    ADD PRIMARY KEY (`note_id`),
    ADD KEY `FK_company_prospects_notes_company_prospects` (`prospect_id`),
    ADD KEY `FK_company_prospects_notes_company` (`company_id`);

--
-- Indexes for table `company_prospects_selected_categories`
--
ALTER TABLE `company_prospects_selected_categories`
    ADD PRIMARY KEY (`company_id`, `prospect_category_id`),
    ADD KEY `FK_company_prospects_2` (`prospect_category_id`);

--
-- Indexes for table `company_prospects_settings`
--
ALTER TABLE `company_prospects_settings`
    ADD UNIQUE KEY `company_id_prospect_id` (`company_id`, `prospect_id`),
    ADD KEY `FK_company_prospects_settings_company_prospects` (`prospect_id`);

--
-- Indexes for table `company_prospects_templates`
--
ALTER TABLE `company_prospects_templates`
    ADD PRIMARY KEY (`prospect_template_id`),
    ADD KEY `FK_company_prospects_templates_company` (`company_id`),
    ADD KEY `FK_company_prospects_templates_members` (`author_id`);

--
-- Indexes for table `company_prospect_notes_attachments`
--
ALTER TABLE `company_prospect_notes_attachments`
    ADD PRIMARY KEY (`id`),
    ADD KEY `FK_company_prospect_notes_attachments_company_prospects_notes` (`note_id`),
    ADD KEY `FK_company_prospect_notes_attachments_company_prospects` (`prospect_id`);

--
-- Indexes for table `company_questionnaires`
--
ALTER TABLE `company_questionnaires`
    ADD PRIMARY KEY (`q_id`, `company_id`),
    ADD KEY `FK_company_questionnaires_1` (`company_id`),
    ADD KEY `FK_company_questionnaires_2` (`q_created_by`),
    ADD KEY `FK_company_questionnaires_3` (`q_updated_by`),
    ADD KEY `FK_company_questionnaires_divisions` (`q_office_id`),
    ADD KEY `FK_company_questionnaires_members` (`q_agent_id`);

--
-- Indexes for table `company_questionnaires_category_template`
--
ALTER TABLE `company_questionnaires_category_template`
    ADD PRIMARY KEY (`q_id`, `prospect_category_id`, `prospect_template_id`),
    ADD KEY `FK_company_questionnaires_category_template_2` (`prospect_category_id`),
    ADD KEY `FK_company_questionnaires_category_template_3` (`prospect_template_id`);

--
-- Indexes for table `company_questionnaires_fields`
--
ALTER TABLE `company_questionnaires_fields`
    ADD PRIMARY KEY (`q_field_id`, `q_section_id`),
    ADD KEY `FK_company_questionnaires_fields_1` (`q_section_id`);

--
-- Indexes for table `company_questionnaires_fields_custom_options`
--
ALTER TABLE `company_questionnaires_fields_custom_options`
    ADD PRIMARY KEY (`q_field_custom_option_id`, `q_id`, `q_field_id`),
    ADD KEY `FK_company_questionnaires_fields_custom_options_1` (`q_id`),
    ADD KEY `FK_company_questionnaires_fields_custom_options_2` (`q_field_id`);

--
-- Indexes for table `company_questionnaires_fields_options`
--
ALTER TABLE `company_questionnaires_fields_options`
    ADD PRIMARY KEY (`q_field_option_id`, `q_field_id`),
    ADD KEY `FK_company_questionnaires_fields_options_1` (`q_field_id`);

--
-- Indexes for table `company_questionnaires_fields_options_templates`
--
ALTER TABLE `company_questionnaires_fields_options_templates`
    ADD PRIMARY KEY (`q_field_option_id`, `q_id`),
    ADD KEY `FK_company_questionnaires_fields_options_templates_1` (`q_id`);

--
-- Indexes for table `company_questionnaires_fields_templates`
--
ALTER TABLE `company_questionnaires_fields_templates`
    ADD PRIMARY KEY (`q_field_id`, `q_id`),
    ADD KEY `FK_company_questionnaires_fields_templates_1` (`q_id`);

--
-- Indexes for table `company_questionnaires_sections`
--
ALTER TABLE `company_questionnaires_sections`
    ADD PRIMARY KEY (`q_section_id`);

--
-- Indexes for table `company_questionnaires_sections_templates`
--
ALTER TABLE `company_questionnaires_sections_templates`
    ADD PRIMARY KEY (`q_section_id`, `q_id`),
    ADD KEY `FK_company_questionnaires_sections_templates_1` (`q_id`);

--
-- Indexes for table `company_ta`
--
ALTER TABLE `company_ta`
    ADD PRIMARY KEY (`company_ta_id`),
    ADD KEY `FK_company_ta_company` (`company_id`);

--
-- Indexes for table `company_ta_divisions`
--
ALTER TABLE `company_ta_divisions`
    ADD KEY `FK_u_trust_account_divisions_divisions` (`division_id`),
    ADD KEY `FK_company_ta_divisions_company_ta` (`company_ta_id`);

--
-- Indexes for table `company_trial`
--
ALTER TABLE `company_trial`
    ADD KEY `FK_company_trial_company` (`company_id`);

--
-- Indexes for table `company_types`
--
ALTER TABLE `company_types`
    ADD PRIMARY KEY (`company_type_id`),
    ADD KEY `company_type_name` (`company_type_name`);

--
-- Indexes for table `company_websites`
--
ALTER TABLE `company_websites`
    ADD PRIMARY KEY (`id`),
    ADD UNIQUE KEY `entrance_name` (`entrance_name`),
    ADD KEY `FK_company_websites_company` (`company_id`),
    ADD KEY `FK_company_websites_company_websites_templates` (`template_id`);

--
-- Indexes for table `company_websites_templates`
--
ALTER TABLE `company_websites_templates`
    ADD PRIMARY KEY (`id`);

--
-- Indexes for table `country_master`
--
ALTER TABLE `country_master`
    ADD PRIMARY KEY (`countries_id`),
    ADD KEY `IDX_COUNTRIES_NAME` (`countries_name`);

--
-- Indexes for table `default_searches`
--
ALTER TABLE `default_searches`
    ADD KEY `FK_default_searches_members` (`member_id`);

--
-- Indexes for table `divisions`
--
ALTER TABLE `divisions`
    ADD PRIMARY KEY (`division_id`),
    ADD KEY `FK_divisions_company` (`company_id`),
    ADD KEY `FK_divisions_divisions_groups` (`division_group_id`);

--
-- Indexes for table `divisions_groups`
--
ALTER TABLE `divisions_groups`
    ADD PRIMARY KEY (`division_group_id`),
    ADD KEY `FK_divisions_company` (`company_id`);

--
-- Indexes for table `eml_accounts`
--
ALTER TABLE `eml_accounts`
    ADD PRIMARY KEY (`id`),
    ADD KEY `FK_eml_accounts_members` (`member_id`);

--
-- Indexes for table `eml_attachments`
--
ALTER TABLE `eml_attachments`
    ADD PRIMARY KEY (`id`),
    ADD KEY `msg_id` (`id_message`);

--
-- Indexes for table `eml_cron`
--
ALTER TABLE `eml_cron`
    ADD PRIMARY KEY (`id`);

--
-- Indexes for table `eml_cron_accounts`
--
ALTER TABLE `eml_cron_accounts`
    ADD PRIMARY KEY (`id`),
    ADD KEY `account_id` (`account_id`),
    ADD KEY `FK_eml_cron_accounts_eml_cron` (`cron_id`);

--
-- Indexes for table `eml_deleted_messages`
--
ALTER TABLE `eml_deleted_messages`
    ADD KEY `id_account` (`id_account`),
    ADD KEY `uid` (`uid`);

--
-- Indexes for table `eml_folders`
--
ALTER TABLE `eml_folders`
    ADD PRIMARY KEY (`id`),
    ADD KEY `FK_eml_folders_eml_accounts` (`id_account`);

--
-- Indexes for table `eml_messages`
--
ALTER TABLE `eml_messages`
    ADD PRIMARY KEY (`id`),
    ADD KEY `fldr_id` (`id_folder`),
    ADD KEY `acc_id` (`id_account`);

--
-- Indexes for table `eml_sample_server_settings`
--
ALTER TABLE `eml_sample_server_settings`
    ADD PRIMARY KEY (`id`);

--
-- Indexes for table `faq`
--
ALTER TABLE `faq`
    ADD PRIMARY KEY (`faq_id`),
    ADD KEY `FK_faq_faq_sections` (`faq_section_id`);

--
-- Indexes for table `faq_sections`
--
ALTER TABLE `faq_sections`
    ADD PRIMARY KEY (`faq_section_id`),
    ADD KEY `FK_faq_sections_faq_sections` (`parent_section_id`);

--
-- Indexes for table `field_types`
--
ALTER TABLE `field_types`
    ADD PRIMARY KEY (`field_type_id`);

--
-- Indexes for table `file_number_reservations`
--
ALTER TABLE `file_number_reservations`
    ADD PRIMARY KEY (`id`),
    ADD UNIQUE KEY `file_number` (`company_id`, `file_number`);

--
-- Indexes for table `folder_access`
--
ALTER TABLE `folder_access`
    ADD KEY `FK_folder_access_u_folders` (`folder_id`),
    ADD KEY `FK_folder_access_acl_roles` (`role_id`);

--
-- Indexes for table `folder_access_by_division`
--
ALTER TABLE `folder_access_by_division`
    ADD KEY `division_id_folder_name` (`division_id`, `folder_name`);

--
-- Indexes for table `FormAssigned`
--
ALTER TABLE `FormAssigned`
    ADD PRIMARY KEY (`FormAssignedId`),
    ADD KEY `FK_FormAssigned_members` (`ClientMemberId`),
    ADD KEY `FK_FormAssigned_FormVersion` (`FormVersionId`);

--
-- Indexes for table `FormFolder`
--
ALTER TABLE `FormFolder`
    ADD PRIMARY KEY (`FolderId`);

--
-- Indexes for table `FormLanding`
--
ALTER TABLE `FormLanding`
    ADD PRIMARY KEY (`FolderId`);

--
-- Indexes for table `FormMap`
--
ALTER TABLE `FormMap`
    ADD PRIMARY KEY (`FormMapId`),
    ADD KEY `FK_FormMap_FormSynField` (`FromSynFieldId`),
    ADD KEY `FK_FormMap_FormSynField_2` (`ToSynFieldId`),
    ADD KEY `FK_formMap_members_types` (`parent_member_type`);

--
-- Indexes for table `FormProcessed`
--
ALTER TABLE `FormProcessed`
    ADD PRIMARY KEY (`form_processed_id`),
    ADD KEY `FK_FormProcessed_FormTemplates` (`template_id`);

--
-- Indexes for table `FormRevision`
--
ALTER TABLE `FormRevision`
    ADD PRIMARY KEY (`FormRevisionId`),
    ADD KEY `FK_FormRevision_FormAssigned` (`FormAssignedId`),
    ADD KEY `FK_FormRevision_members` (`UploadedBy`);

--
-- Indexes for table `FormSynField`
--
ALTER TABLE `FormSynField`
    ADD PRIMARY KEY (`SynFieldId`);

--
-- Indexes for table `FormTemplates`
--
ALTER TABLE `FormTemplates`
    ADD PRIMARY KEY (`template_id`);

--
-- Indexes for table `FormUpload`
--
ALTER TABLE `FormUpload`
    ADD PRIMARY KEY (`FormId`),
    ADD KEY `FK_FormUpload_FormFolder` (`FolderId`);

--
-- Indexes for table `FormVersion`
--
ALTER TABLE `FormVersion`
    ADD PRIMARY KEY (`FormVersionId`);

--
-- Indexes for table `form_default`
--
ALTER TABLE `form_default`
    ADD PRIMARY KEY (`form_default_id`),
    ADD KEY `FK_form_default_company` (`company_id`),
    ADD KEY `FK_form_default_members` (`updated_by`),
    ADD KEY `FK_form_default_FormVersion` (`form_version_id`);

--
-- Indexes for table `hst_companies`
--
ALTER TABLE `hst_companies`
    ADD PRIMARY KEY (`province_id`);

--
-- Indexes for table `hst_officio`
--
ALTER TABLE `hst_officio`
    ADD PRIMARY KEY (`province_id`);

--
-- Indexes for table `letterheads`
--
ALTER TABLE `letterheads`
    ADD PRIMARY KEY (`letterhead_id`),
    ADD KEY `FK_company_id` (`company_id`),
    ADD KEY `FK_created_by` (`created_by`);

--
-- Indexes for table `letterheads_files`
--
ALTER TABLE `letterheads_files`
    ADD PRIMARY KEY (`letterhead_file_id`),
    ADD KEY `FK_letterhead_id` (`letterhead_id`);

--
-- Indexes for table `members`
--
ALTER TABLE `members`
    ADD PRIMARY KEY (`member_id`),
    ADD KEY `FK_members_company` (`company_id`),
    ADD KEY `FK_members_members_types` (`userType`),
    ADD KEY `FK_members_divisions_groups` (`division_group_id`);

--
-- Indexes for table `members_divisions`
--
ALTER TABLE `members_divisions`
    ADD UNIQUE KEY `member_id_division_id_type` (`member_id`, `division_id`, `type`),
    ADD KEY `FK_members_divisions_1` (`member_id`),
    ADD KEY `FK_members_divisions_divisions` (`division_id`);

--
-- Indexes for table `members_last_access`
--
ALTER TABLE `members_last_access`
    ADD PRIMARY KEY (`member_id`, `view_member_id`),
    ADD KEY `FK_members_last_access_members` (`view_member_id`);

--
-- Indexes for table `members_last_passwords`
--
ALTER TABLE `members_last_passwords`
    ADD KEY `FK_members_last_passwords_members` (`member_id`);

--
-- Indexes for table `members_password_retrievals`
--
ALTER TABLE `members_password_retrievals`
    ADD PRIMARY KEY (`id`),
    ADD KEY `FK_passwd_retr_members` (`member_id`);

--
-- Indexes for table `members_pua`
--
ALTER TABLE `members_pua`
    ADD PRIMARY KEY (`pua_id`),
    ADD KEY `FK_members_pua_members` (`member_id`),
    ADD KEY `FK_members_pua_members_2` (`pua_created_by`),
    ADD KEY `FK_members_pua_members_3` (`pua_updated_by`);

--
-- Indexes for table `members_queues`
--
ALTER TABLE `members_queues`
    ADD KEY `FK_members_queues_members` (`member_id`);

--
-- Indexes for table `members_relations`
--
ALTER TABLE `members_relations`
    ADD KEY `FK_members_relations_2` (`child_member_id`),
    ADD KEY `FK_members_relations_3` (`applicant_group_id`),
    ADD KEY `FK_members_relations` (`parent_member_id`);

--
-- Indexes for table `members_roles`
--
ALTER TABLE `members_roles`
    ADD KEY `FK_members_roles_members` (`member_id`),
    ADD KEY `FK_members_roles_acl_roles` (`role_id`);

--
-- Indexes for table `members_ta`
--
ALTER TABLE `members_ta`
    ADD PRIMARY KEY (`members_ta_id`),
    ADD KEY `FK_members_ta_members` (`member_id`),
    ADD KEY `FK_members_ta_company_ta` (`company_ta_id`);

--
-- Indexes for table `members_types`
--
ALTER TABLE `members_types`
    ADD PRIMARY KEY (`member_type_id`),
    ADD KEY `members_types` (`member_type_id`);

--
-- Indexes for table `members_vevo_mapping`
--
ALTER TABLE `members_vevo_mapping`
    ADD KEY `FK_members_vevo_mapping_members` (`from_member_id`),
    ADD KEY `FK_members_vevo_mapping_members_2` (`to_member_id`);

--
-- Indexes for table `news`
--
ALTER TABLE `news`
    ADD PRIMARY KEY (`news_id`);

--
-- Indexes for table `packages`
--
ALTER TABLE `packages`
    ADD PRIMARY KEY (`package_id`);

--
-- Indexes for table `packages_details`
--
ALTER TABLE `packages_details`
    ADD PRIMARY KEY (`package_detail_id`),
    ADD KEY `FK_packages_details_packages` (`package_id`),
    ADD KEY `FK_packages_details_acl_rules` (`rule_id`);

--
-- Indexes for table `pricing_categories`
--
ALTER TABLE `pricing_categories`
    ADD KEY `pricing_category_id` (`pricing_category_id`);

--
-- Indexes for table `pricing_category_details`
--
ALTER TABLE `pricing_category_details`
    ADD PRIMARY KEY (`pricing_category_detail_id`),
    ADD KEY `FK_pricing_category_details_pricing_categories` (`pricing_category_id`),
    ADD KEY `FK_pricing_category_details_subscriptions` (`subscription_id`);

--
-- Indexes for table `prospects`
--
ALTER TABLE `prospects`
    ADD PRIMARY KEY (`prospect_id`),
    ADD KEY `FK_prospects_company` (`company_id`),
    ADD KEY `FK_prospects_pricing_categories` (`pricing_category_id`),
    ADD KEY `FK_prospects_subscriptions` (`package_type`);

--
-- Indexes for table `reconciliation_log`
--
ALTER TABLE `reconciliation_log`
    ADD PRIMARY KEY (`reconciliation_id`);

--
-- Indexes for table `rss_black_list`
--
ALTER TABLE `rss_black_list`
    ADD PRIMARY KEY (`id`);

--
-- Indexes for table `schema_version`
--
ALTER TABLE `schema_version`
    ADD PRIMARY KEY (`version`);

--
-- Indexes for table `searches`
--
ALTER TABLE `searches`
    ADD PRIMARY KEY (`search_id`),
    ADD KEY `FK_searches_company` (`company_id`),
    ADD KEY `FK_searches_members` (`author_id`);

--
-- Indexes for table `snapshots`
--
ALTER TABLE `snapshots`
    ADD PRIMARY KEY (`id`),
    ADD KEY `FK_snapshots_FormUpload` (`assigned_form_id`);

--
-- Indexes for table `states`
--
ALTER TABLE `states`
    ADD PRIMARY KEY (`state_id`),
    ADD KEY `FK_states_country_master` (`country_id`);

--
-- Indexes for table `subscriptions`
--
ALTER TABLE `subscriptions`
    ADD KEY `subscription_id` (`subscription_id`);

--
-- Indexes for table `subscriptions_packages`
--
ALTER TABLE `subscriptions_packages`
    ADD KEY `FK_subscriptions_packages_subscriptions` (`subscription_id`),
    ADD KEY `FK_subscriptions_packages_packages` (`package_id`);

--
-- Indexes for table `superadmin_searches`
--
ALTER TABLE `superadmin_searches`
    ADD PRIMARY KEY (`search_id`);

--
-- Indexes for table `superadmin_smtp`
--
ALTER TABLE `superadmin_smtp`
    ADD PRIMARY KEY (`smtp_id`);

--
-- Indexes for table `system_templates`
--
ALTER TABLE `system_templates`
    ADD PRIMARY KEY (`system_template_id`);

--
-- Indexes for table `templates`
--
ALTER TABLE `templates`
    ADD PRIMARY KEY (`template_id`),
    ADD KEY `FK_templates_members` (`member_id`),
    ADD KEY `FK_templates_u_folders` (`folder_id`);

--
-- Indexes for table `template_attachments`
--
ALTER TABLE `template_attachments`
    ADD KEY `FK_template_attachments_email_templates` (`email_template_id`),
    ADD KEY `FK_template_attachments_letter_templates` (`letter_template_id`);

--
-- Indexes for table `template_file_attachments`
--
ALTER TABLE `template_file_attachments`
    ADD PRIMARY KEY (`id`),
    ADD KEY `FK_template_file_attachments_templates` (`template_id`),
    ADD KEY `FK_template_file_attachments_members` (`member_id`);

--
-- Indexes for table `tickets`
--
ALTER TABLE `tickets`
    ADD PRIMARY KEY (`ticket_id`),
    ADD KEY `FK_tickets_author` (`author_id`),
    ADD KEY `FK_tickets_company_member` (`company_member_id`),
    ADD KEY `FK_tickets_company` (`company_id`);

--
-- Indexes for table `time_tracker`
--
ALTER TABLE `time_tracker`
    ADD PRIMARY KEY (`track_id`),
    ADD KEY `FK_clients_time_tracker_members` (`track_member_id`),
    ADD KEY `FK_time_tracker_company` (`track_company_id`);

--
-- Indexes for table `users`
--
ALTER TABLE `users`
    ADD PRIMARY KEY (`user_id`),
    ADD KEY `FK_users_members` (`member_id`),
    ADD KEY `FK_users_country_master` (`country`);

--
-- Indexes for table `usertypes`
--
ALTER TABLE `usertypes`
    ADD PRIMARY KEY (`usertype_id`);

--
-- Indexes for table `user_smtp`
--
ALTER TABLE `user_smtp`
    ADD PRIMARY KEY (`smtp_id`),
    ADD KEY `FK_user_smtp_1` (`member_id`);

--
-- Indexes for table `u_assigned_deposits`
--
ALTER TABLE `u_assigned_deposits`
    ADD PRIMARY KEY (`deposit_id`),
    ADD KEY `FK_u_assigned_deposits_members` (`author_id`),
    ADD KEY `FK_u_assigned_deposits_company_ta` (`company_ta_id`),
    ADD KEY `FK_u_assigned_deposits_u_trust_account` (`trust_account_id`),
    ADD KEY `FK_u_assigned_deposits_members_2` (`member_id`),
    ADD KEY `FK_u_assigned_deposits_templates` (`template_id`);

--
-- Indexes for table `u_assigned_withdrawals`
--
ALTER TABLE `u_assigned_withdrawals`
    ADD PRIMARY KEY (`withdrawal_id`),
    ADD KEY `company_ta_id` (`company_ta_id`),
    ADD KEY `trust_account_id` (`trust_account_id`),
    ADD KEY `invoice_id` (`invoice_id`),
    ADD KEY `returned_payment_member_id` (`returned_payment_member_id`),
    ADD KEY `FK_u_assigned_withdrawals_members` (`author_id`),
    ADD KEY `FK_u_member_id` (`member_id`);

--
-- Indexes for table `u_deposit_types`
--
ALTER TABLE `u_deposit_types`
    ADD PRIMARY KEY (`dtl_id`),
    ADD KEY `FK_u_deposit_types_company` (`company_id`),
    ADD KEY `FK_u_deposit_types_members` (`author_id`);

--
-- Indexes for table `u_destination_types`
--
ALTER TABLE `u_destination_types`
    ADD PRIMARY KEY (`destination_account_id`),
    ADD KEY `FK_u_destination_types_company` (`company_id`),
    ADD KEY `FK_u_destination_types_members` (`author_id`);

--
-- Indexes for table `u_folders`
--
ALTER TABLE `u_folders`
    ADD PRIMARY KEY (`folder_id`),
    ADD KEY `FK_u_folders_company` (`company_id`),
    ADD KEY `FK_u_folders_members` (`author_id`);

--
-- Indexes for table `u_import_transactions`
--
ALTER TABLE `u_import_transactions`
    ADD PRIMARY KEY (`import_transaction_id`),
    ADD KEY `FK_u_import_transactions_company_ta` (`company_ta_id`),
    ADD KEY `FK_u_import_transactions_members` (`author_id`);

--
-- Indexes for table `u_invoice`
--
ALTER TABLE `u_invoice`
    ADD PRIMARY KEY (`invoice_id`),
    ADD KEY `FK_u_invoice_members` (`member_id`),
    ADD KEY `FK_u_invoice_company_ta` (`company_ta_id`),
    ADD KEY `FK_u_invoice_members1` (`author_id`);

--
-- Indexes for table `u_links`
--
ALTER TABLE `u_links`
    ADD PRIMARY KEY (`link_id`),
    ADD KEY `FK_u_links_members` (`member_id`);

--
-- Indexes for table `u_links_sharing`
--
ALTER TABLE `u_links_sharing`
    ADD UNIQUE KEY `link_id_role_id` (`link_id`, `role_id`),
    ADD KEY `FK_u_links_sharing_acl_roles` (`role_id`);

--
-- Indexes for table `u_log`
--
ALTER TABLE `u_log`
    ADD PRIMARY KEY (`log_id`),
    ADD KEY `FK_u_log_u_trust_account` (`trust_account_id`),
    ADD KEY `FK_u_log_members` (`author_id`);

--
-- Indexes for table `u_notes`
--
ALTER TABLE `u_notes`
    ADD PRIMARY KEY (`note_id`),
    ADD KEY `FK_u_notes_members` (`member_id`),
    ADD KEY `FK_u_notes_company` (`company_id`);

--
-- Indexes for table `u_payment`
--
ALTER TABLE `u_payment`
    ADD PRIMARY KEY (`payment_id`),
    ADD KEY `company_ta_id` (`company_ta_id`),
    ADD KEY `trust_account_id` (`trust_account_id`),
    ADD KEY `FK_u_payment_members` (`member_id`),
    ADD KEY `FK_u_payment_u_payment_schedule` (`payment_schedule_id`),
    ADD KEY `FK_author_id_u_payment` (`author_id`),
    ADD KEY `FK_u_invoice_id` (`invoice_id`);

--
-- Indexes for table `u_payment_invoices`
--
ALTER TABLE `u_payment_invoices`
    ADD PRIMARY KEY (`u_payment_invoice_id`),
    ADD KEY `FK_u_payment_invoices_members` (`member_id`),
    ADD KEY `FK_u_payment_invoices_company_ta` (`company_ta_id`);

--
-- Indexes for table `u_payment_schedule`
--
ALTER TABLE `u_payment_schedule`
    ADD PRIMARY KEY (`payment_schedule_id`),
    ADD KEY `FK_u_payment_schedule_members` (`member_id`),
    ADD KEY `FK_u_template_id` (`template_id`);

--
-- Indexes for table `u_payment_templates`
--
ALTER TABLE `u_payment_templates`
    ADD PRIMARY KEY (`saved_payment_template_id`),
    ADD KEY `FK_u_payment_templates_company` (`company_id`);

--
-- Indexes for table `u_sms`
--
ALTER TABLE `u_sms`
    ADD PRIMARY KEY (`id`);

--
-- Indexes for table `u_tasks`
--
ALTER TABLE `u_tasks`
    ADD PRIMARY KEY (`task_id`),
    ADD KEY `FK_u_tasks_company` (`company_id`),
    ADD KEY `FK_u_tasks_members` (`author_id`);

--
-- Indexes for table `u_tasks_assigned_to`
--
ALTER TABLE `u_tasks_assigned_to`
    ADD PRIMARY KEY (`id`),
    ADD KEY `FK_u_tasks_assigned_to_u_tasks` (`task_id`),
    ADD KEY `FK_u_tasks_assigned_to_members` (`member_id`);

--
-- Indexes for table `u_tasks_messages`
--
ALTER TABLE `u_tasks_messages`
    ADD PRIMARY KEY (`id`),
    ADD KEY `FK_u_tasks_messages_u_tasks` (`task_id`),
    ADD KEY `FK_u_tasks_messages_members` (`member_id`);

--
-- Indexes for table `u_tasks_priority`
--
ALTER TABLE `u_tasks_priority`
    ADD PRIMARY KEY (`id`),
    ADD KEY `FK_u_tasks_priority_u_tasks` (`task_id`),
    ADD KEY `FK_u_tasks_priority_members` (`member_id`);

--
-- Indexes for table `u_tasks_read`
--
ALTER TABLE `u_tasks_read`
    ADD PRIMARY KEY (`id`),
    ADD KEY `FK__u_tasks` (`task_id`),
    ADD KEY `FK__members` (`member_id`);

--
-- Indexes for table `u_trust_account`
--
ALTER TABLE `u_trust_account`
    ADD PRIMARY KEY (`trust_account_id`),
    ADD KEY `FK_u_trust_account_company_ta` (`company_ta_id`);

--
-- Indexes for table `u_variable`
--
ALTER TABLE `u_variable`
    ADD PRIMARY KEY (`name`);

--
-- Indexes for table `u_withdrawal_types`
--
ALTER TABLE `u_withdrawal_types`
    ADD PRIMARY KEY (`wtl_id`),
    ADD KEY `FK_u_withdrawal_types_company` (`company_id`),
    ADD KEY `FK_u_withdrawal_types_members` (`author_id`);

--
-- Indexes for table `zoho_keys`
--
ALTER TABLE `zoho_keys`
    ADD PRIMARY KEY (`zoho_key`);

--
-- AUTO_INCREMENT for dumped tables
--

--
-- AUTO_INCREMENT for table `access_logs`
--
ALTER TABLE `access_logs`
    MODIFY `log_id` bigint(20) UNSIGNED NOT NULL AUTO_INCREMENT,
    AUTO_INCREMENT = 9046;
--
-- AUTO_INCREMENT for table `acl_roles`
--
ALTER TABLE `acl_roles`
    MODIFY `role_id` int(11) NOT NULL AUTO_INCREMENT,
    AUTO_INCREMENT = 4944;
--
-- AUTO_INCREMENT for table `acl_rules`
--
ALTER TABLE `acl_rules`
    MODIFY `rule_id` int(11) NOT NULL AUTO_INCREMENT,
    AUTO_INCREMENT = 2299;
--
-- AUTO_INCREMENT for table `admin_navigation`
--
ALTER TABLE `admin_navigation`
    MODIFY `navigation_id` int(11) NOT NULL AUTO_INCREMENT,
    AUTO_INCREMENT = 61;
--
-- AUTO_INCREMENT for table `admin_navigation_sections`
--
ALTER TABLE `admin_navigation_sections`
    MODIFY `section_id` int(11) NOT NULL AUTO_INCREMENT,
    AUTO_INCREMENT = 5;
--
-- AUTO_INCREMENT for table `analytics`
--
ALTER TABLE `analytics`
    MODIFY `analytics_id` int(11) NOT NULL AUTO_INCREMENT;
--
-- AUTO_INCREMENT for table `applicant_form_blocks`
--
ALTER TABLE `applicant_form_blocks`
    MODIFY `applicant_block_id` int(11) UNSIGNED NOT NULL AUTO_INCREMENT,
    AUTO_INCREMENT = 1428;
--
-- AUTO_INCREMENT for table `applicant_form_default`
--
ALTER TABLE `applicant_form_default`
    MODIFY `applicant_form_default_id` int(11) UNSIGNED NOT NULL AUTO_INCREMENT,
    AUTO_INCREMENT = 870;
--
-- AUTO_INCREMENT for table `applicant_form_fields`
--
ALTER TABLE `applicant_form_fields`
    MODIFY `applicant_field_id` int(11) UNSIGNED NOT NULL AUTO_INCREMENT,
    AUTO_INCREMENT = 6952;
--
-- AUTO_INCREMENT for table `applicant_form_groups`
--
ALTER TABLE `applicant_form_groups`
    MODIFY `applicant_group_id` int(11) UNSIGNED NOT NULL AUTO_INCREMENT,
    AUTO_INCREMENT = 3476;
--
-- AUTO_INCREMENT for table `applicant_types`
--
ALTER TABLE `applicant_types`
    MODIFY `applicant_type_id` int(11) UNSIGNED NOT NULL AUTO_INCREMENT,
    AUTO_INCREMENT = 41;
--
-- AUTO_INCREMENT for table `automated_billing_blacklist`
--
ALTER TABLE `automated_billing_blacklist`
    MODIFY `pt_error_id` int(11) UNSIGNED NOT NULL AUTO_INCREMENT,
    AUTO_INCREMENT = 11;
--
-- AUTO_INCREMENT for table `automated_billing_log`
--
ALTER TABLE `automated_billing_log`
    MODIFY `log_id` int(11) UNSIGNED NOT NULL AUTO_INCREMENT;
--
-- AUTO_INCREMENT for table `automated_billing_log_sessions`
--
ALTER TABLE `automated_billing_log_sessions`
    MODIFY `log_session_id` int(11) UNSIGNED NOT NULL AUTO_INCREMENT;
--
-- AUTO_INCREMENT for table `automatic_reminders`
--
ALTER TABLE `automatic_reminders`
    MODIFY `automatic_reminder_id` int(11) UNSIGNED NOT NULL AUTO_INCREMENT,
    AUTO_INCREMENT = 4333;
--
-- AUTO_INCREMENT for table `automatic_reminders_processed`
--
ALTER TABLE `automatic_reminders_processed`
    MODIFY `automatic_reminders_processed_id` int(11) UNSIGNED NOT NULL AUTO_INCREMENT;
--
-- AUTO_INCREMENT for table `automatic_reminder_actions`
--
ALTER TABLE `automatic_reminder_actions`
    MODIFY `automatic_reminder_action_id` int(11) UNSIGNED NOT NULL AUTO_INCREMENT,
    AUTO_INCREMENT = 76;
--
-- AUTO_INCREMENT for table `automatic_reminder_action_types`
--
ALTER TABLE `automatic_reminder_action_types`
    MODIFY `automatic_reminder_action_type_id` int(11) UNSIGNED NOT NULL AUTO_INCREMENT,
    AUTO_INCREMENT = 4;
--
-- AUTO_INCREMENT for table `automatic_reminder_conditions`
--
ALTER TABLE `automatic_reminder_conditions`
    MODIFY `automatic_reminder_condition_id` int(11) UNSIGNED NOT NULL AUTO_INCREMENT,
    AUTO_INCREMENT = 133;
--
-- AUTO_INCREMENT for table `automatic_reminder_condition_types`
--
ALTER TABLE `automatic_reminder_condition_types`
    MODIFY `automatic_reminder_condition_type_id` int(11) UNSIGNED NOT NULL AUTO_INCREMENT,
    AUTO_INCREMENT = 8;
--
-- AUTO_INCREMENT for table `automatic_reminder_schedule`
--
ALTER TABLE `automatic_reminder_schedule`
    MODIFY `automatic_reminder_schedule_id` bigint(20) UNSIGNED NOT NULL AUTO_INCREMENT;
--
-- AUTO_INCREMENT for table `automatic_reminder_triggers`
--
ALTER TABLE `automatic_reminder_triggers`
    MODIFY `automatic_reminder_trigger_id` int(11) UNSIGNED NOT NULL AUTO_INCREMENT,
    AUTO_INCREMENT = 123;
--
-- AUTO_INCREMENT for table `automatic_reminder_trigger_types`
--
ALTER TABLE `automatic_reminder_trigger_types`
    MODIFY `automatic_reminder_trigger_type_id` int(11) UNSIGNED NOT NULL AUTO_INCREMENT,
    AUTO_INCREMENT = 9;
--
-- AUTO_INCREMENT for table `business_hours_holidays`
--
ALTER TABLE `business_hours_holidays`
    MODIFY `holiday_id` bigint(20) UNSIGNED NOT NULL AUTO_INCREMENT;
--
-- AUTO_INCREMENT for table `clients`
--
ALTER TABLE `clients`
    MODIFY `client_id` bigint(20) NOT NULL AUTO_INCREMENT,
    AUTO_INCREMENT = 536;
--
-- AUTO_INCREMENT for table `clients_import`
--
ALTER TABLE `clients_import`
    MODIFY `id` int(10) UNSIGNED NOT NULL AUTO_INCREMENT;
--
-- AUTO_INCREMENT for table `client_form_default`
--
ALTER TABLE `client_form_default`
    MODIFY `form_default_id` int(11) UNSIGNED NOT NULL AUTO_INCREMENT,
    AUTO_INCREMENT = 150466;
--
-- AUTO_INCREMENT for table `client_form_dependents`
--
ALTER TABLE `client_form_dependents`
    MODIFY `dependent_id` bigint(20) UNSIGNED NOT NULL AUTO_INCREMENT;
--
-- AUTO_INCREMENT for table `client_form_dependents_required_files`
--
ALTER TABLE `client_form_dependents_required_files`
    MODIFY `required_file_id` bigint(20) UNSIGNED NOT NULL AUTO_INCREMENT,
    AUTO_INCREMENT = 25;
--
-- AUTO_INCREMENT for table `client_form_dependents_uploaded_files`
--
ALTER TABLE `client_form_dependents_uploaded_files`
    MODIFY `uploaded_file_id` bigint(20) UNSIGNED NOT NULL AUTO_INCREMENT;
--
-- AUTO_INCREMENT for table `client_form_dependents_visa_survey`
--
ALTER TABLE `client_form_dependents_visa_survey`
    MODIFY `visa_survey_id` bigint(20) UNSIGNED NOT NULL AUTO_INCREMENT;
--
-- AUTO_INCREMENT for table `client_form_fields`
--
ALTER TABLE `client_form_fields`
    MODIFY `field_id` int(11) UNSIGNED NOT NULL AUTO_INCREMENT,
    AUTO_INCREMENT = 69534;
--
-- AUTO_INCREMENT for table `client_form_field_access`
--
ALTER TABLE `client_form_field_access`
    MODIFY `access_id` int(11) UNSIGNED NOT NULL AUTO_INCREMENT,
    AUTO_INCREMENT = 821685;
--
-- AUTO_INCREMENT for table `client_form_field_conditions`
--
ALTER TABLE `client_form_field_conditions`
    MODIFY `field_condition_id` bigint(20) UNSIGNED NOT NULL AUTO_INCREMENT;
--
-- AUTO_INCREMENT for table `client_form_groups`
--
ALTER TABLE `client_form_groups`
    MODIFY `group_id` int(11) UNSIGNED NOT NULL AUTO_INCREMENT,
    AUTO_INCREMENT = 9968;
--
-- AUTO_INCREMENT for table `client_form_group_access`
--
ALTER TABLE `client_form_group_access`
    MODIFY `access_id` int(11) UNSIGNED NOT NULL AUTO_INCREMENT,
    AUTO_INCREMENT = 46272;
--
-- AUTO_INCREMENT for table `client_form_order`
--
ALTER TABLE `client_form_order`
    MODIFY `order_id` int(11) UNSIGNED NOT NULL AUTO_INCREMENT,
    AUTO_INCREMENT = 136334;
--
-- AUTO_INCREMENT for table `client_notes_attachments`
--
ALTER TABLE `client_notes_attachments`
    MODIFY `id` int(11) NOT NULL AUTO_INCREMENT;
--
-- AUTO_INCREMENT for table `client_types`
--
ALTER TABLE `client_types`
    MODIFY `client_type_id` int(11) UNSIGNED NOT NULL AUTO_INCREMENT,
    AUTO_INCREMENT = 1127;
--
-- AUTO_INCREMENT for table `company`
--
ALTER TABLE `company`
    MODIFY `company_id` bigint(20) NOT NULL AUTO_INCREMENT,
    AUTO_INCREMENT = 3;
--
-- AUTO_INCREMENT for table `company_default_options`
--
ALTER TABLE `company_default_options`
    MODIFY `default_option_id` int(11) UNSIGNED NOT NULL AUTO_INCREMENT,
    AUTO_INCREMENT = 471;
--
-- AUTO_INCREMENT for table `company_invoice`
--
ALTER TABLE `company_invoice`
    MODIFY `company_invoice_id` int(11) UNSIGNED NOT NULL AUTO_INCREMENT;
--
-- AUTO_INCREMENT for table `company_prospects`
--
ALTER TABLE `company_prospects`
    MODIFY `prospect_id` bigint(20) NOT NULL AUTO_INCREMENT;
--
-- AUTO_INCREMENT for table `company_prospects_categories`
--
ALTER TABLE `company_prospects_categories`
    MODIFY `prospect_category_id` int(11) UNSIGNED NOT NULL AUTO_INCREMENT,
    AUTO_INCREMENT = 2;
--
-- AUTO_INCREMENT for table `company_prospects_job`
--
ALTER TABLE `company_prospects_job`
    MODIFY `qf_job_id` bigint(20) NOT NULL AUTO_INCREMENT;
--
-- AUTO_INCREMENT for table `company_prospects_notes`
--
ALTER TABLE `company_prospects_notes`
    MODIFY `note_id` bigint(20) UNSIGNED NOT NULL AUTO_INCREMENT;
--
-- AUTO_INCREMENT for table `company_prospects_templates`
--
ALTER TABLE `company_prospects_templates`
    MODIFY `prospect_template_id` int(11) UNSIGNED NOT NULL AUTO_INCREMENT,
    AUTO_INCREMENT = 2251;
--
-- AUTO_INCREMENT for table `company_prospect_notes_attachments`
--
ALTER TABLE `company_prospect_notes_attachments`
    MODIFY `id` int(11) NOT NULL AUTO_INCREMENT;
--
-- AUTO_INCREMENT for table `company_questionnaires`
--
ALTER TABLE `company_questionnaires`
    MODIFY `q_id` int(11) UNSIGNED NOT NULL AUTO_INCREMENT,
    AUTO_INCREMENT = 2;
--
-- AUTO_INCREMENT for table `company_questionnaires_fields`
--
ALTER TABLE `company_questionnaires_fields`
    MODIFY `q_field_id` int(11) UNSIGNED NOT NULL AUTO_INCREMENT,
    AUTO_INCREMENT = 127;
--
-- AUTO_INCREMENT for table `company_questionnaires_fields_custom_options`
--
ALTER TABLE `company_questionnaires_fields_custom_options`
    MODIFY `q_field_custom_option_id` int(11) UNSIGNED NOT NULL AUTO_INCREMENT,
    AUTO_INCREMENT = 8;
--
-- AUTO_INCREMENT for table `company_questionnaires_fields_options`
--
ALTER TABLE `company_questionnaires_fields_options`
    MODIFY `q_field_option_id` int(11) UNSIGNED NOT NULL AUTO_INCREMENT,
    AUTO_INCREMENT = 397;
--
-- AUTO_INCREMENT for table `company_questionnaires_sections`
--
ALTER TABLE `company_questionnaires_sections`
    MODIFY `q_section_id` int(11) UNSIGNED NOT NULL AUTO_INCREMENT,
    AUTO_INCREMENT = 14;
--
-- AUTO_INCREMENT for table `company_ta`
--
ALTER TABLE `company_ta`
    MODIFY `company_ta_id` int(11) NOT NULL AUTO_INCREMENT;
--
-- AUTO_INCREMENT for table `company_types`
--
ALTER TABLE `company_types`
    MODIFY `company_type_id` int(10) NOT NULL AUTO_INCREMENT,
    AUTO_INCREMENT = 8;
--
-- AUTO_INCREMENT for table `company_websites`
--
ALTER TABLE `company_websites`
    MODIFY `id` smallint(5) UNSIGNED NOT NULL AUTO_INCREMENT,
    AUTO_INCREMENT = 11;
--
-- AUTO_INCREMENT for table `company_websites_templates`
--
ALTER TABLE `company_websites_templates`
    MODIFY `id` tinyint(3) UNSIGNED NOT NULL AUTO_INCREMENT,
    AUTO_INCREMENT = 6;
--
-- AUTO_INCREMENT for table `country_master`
--
ALTER TABLE `country_master`
    MODIFY `countries_id` int(11) NOT NULL AUTO_INCREMENT,
    AUTO_INCREMENT = 763;
--
-- AUTO_INCREMENT for table `divisions`
--
ALTER TABLE `divisions`
    MODIFY `division_id` int(11) UNSIGNED NOT NULL AUTO_INCREMENT,
    AUTO_INCREMENT = 256;
--
-- AUTO_INCREMENT for table `divisions_groups`
--
ALTER TABLE `divisions_groups`
    MODIFY `division_group_id` int(11) UNSIGNED NOT NULL AUTO_INCREMENT,
    AUTO_INCREMENT = 4;
--
-- AUTO_INCREMENT for table `eml_accounts`
--
ALTER TABLE `eml_accounts`
    MODIFY `id` int(11) UNSIGNED NOT NULL AUTO_INCREMENT,
    AUTO_INCREMENT = 25;
--
-- AUTO_INCREMENT for table `eml_attachments`
--
ALTER TABLE `eml_attachments`
    MODIFY `id` bigint(20) NOT NULL AUTO_INCREMENT;
--
-- AUTO_INCREMENT for table `eml_cron`
--
ALTER TABLE `eml_cron`
    MODIFY `id` int(11) UNSIGNED NOT NULL AUTO_INCREMENT;
--
-- AUTO_INCREMENT for table `eml_cron_accounts`
--
ALTER TABLE `eml_cron_accounts`
    MODIFY `id` int(11) UNSIGNED NOT NULL AUTO_INCREMENT;
--
-- AUTO_INCREMENT for table `eml_folders`
--
ALTER TABLE `eml_folders`
    MODIFY `id` int(11) UNSIGNED NOT NULL AUTO_INCREMENT,
    AUTO_INCREMENT = 97;
--
-- AUTO_INCREMENT for table `eml_messages`
--
ALTER TABLE `eml_messages`
    MODIFY `id` bigint(20) NOT NULL AUTO_INCREMENT,
    AUTO_INCREMENT = 63;
--
-- AUTO_INCREMENT for table `eml_sample_server_settings`
--
ALTER TABLE `eml_sample_server_settings`
    MODIFY `id` int(11) UNSIGNED NOT NULL AUTO_INCREMENT,
    AUTO_INCREMENT = 53;
--
-- AUTO_INCREMENT for table `faq`
--
ALTER TABLE `faq`
    MODIFY `faq_id` int(11) UNSIGNED NOT NULL AUTO_INCREMENT,
    AUTO_INCREMENT = 2;
--
-- AUTO_INCREMENT for table `faq_sections`
--
ALTER TABLE `faq_sections`
    MODIFY `faq_section_id` int(11) UNSIGNED NOT NULL AUTO_INCREMENT,
    AUTO_INCREMENT = 2;
--
-- AUTO_INCREMENT for table `field_types`
--
ALTER TABLE `field_types`
    MODIFY `field_type_id` int(11) UNSIGNED NOT NULL AUTO_INCREMENT,
    AUTO_INCREMENT = 45;
--
-- AUTO_INCREMENT for table `file_number_reservations`
--
ALTER TABLE `file_number_reservations`
    MODIFY `id` int(11) UNSIGNED NOT NULL AUTO_INCREMENT;
--
-- AUTO_INCREMENT for table `FormAssigned`
--
ALTER TABLE `FormAssigned`
    MODIFY `FormAssignedId` int(10) UNSIGNED NOT NULL AUTO_INCREMENT,
    AUTO_INCREMENT = 239;
--
-- AUTO_INCREMENT for table `FormFolder`
--
ALTER TABLE `FormFolder`
    MODIFY `FolderId` int(10) UNSIGNED NOT NULL AUTO_INCREMENT,
    AUTO_INCREMENT = 33;
--
-- AUTO_INCREMENT for table `FormLanding`
--
ALTER TABLE `FormLanding`
    MODIFY `FolderId` int(11) UNSIGNED NOT NULL AUTO_INCREMENT;
--
-- AUTO_INCREMENT for table `FormMap`
--
ALTER TABLE `FormMap`
    MODIFY `FormMapId` int(10) UNSIGNED NOT NULL AUTO_INCREMENT,
    AUTO_INCREMENT = 924;
--
-- AUTO_INCREMENT for table `FormProcessed`
--
ALTER TABLE `FormProcessed`
    MODIFY `form_processed_id` int(11) UNSIGNED NOT NULL AUTO_INCREMENT;
--
-- AUTO_INCREMENT for table `FormRevision`
--
ALTER TABLE `FormRevision`
    MODIFY `FormRevisionId` int(10) UNSIGNED NOT NULL AUTO_INCREMENT;
--
-- AUTO_INCREMENT for table `FormSynField`
--
ALTER TABLE `FormSynField`
    MODIFY `SynFieldId` int(10) UNSIGNED NOT NULL AUTO_INCREMENT,
    AUTO_INCREMENT = 1179;
--
-- AUTO_INCREMENT for table `FormTemplates`
--
ALTER TABLE `FormTemplates`
    MODIFY `template_id` int(11) UNSIGNED NOT NULL AUTO_INCREMENT;
--
-- AUTO_INCREMENT for table `FormUpload`
--
ALTER TABLE `FormUpload`
    MODIFY `FormId` int(10) UNSIGNED NOT NULL AUTO_INCREMENT,
    AUTO_INCREMENT = 13;
--
-- AUTO_INCREMENT for table `FormVersion`
--
ALTER TABLE `FormVersion`
    MODIFY `FormVersionId` int(10) UNSIGNED NOT NULL AUTO_INCREMENT,
    AUTO_INCREMENT = 13;
--
-- AUTO_INCREMENT for table `form_default`
--
ALTER TABLE `form_default`
    MODIFY `form_default_id` int(10) UNSIGNED NOT NULL AUTO_INCREMENT;
--
-- AUTO_INCREMENT for table `hst_companies`
--
ALTER TABLE `hst_companies`
    MODIFY `province_id` int(11) UNSIGNED NOT NULL AUTO_INCREMENT,
    AUTO_INCREMENT = 17;
--
-- AUTO_INCREMENT for table `hst_officio`
--
ALTER TABLE `hst_officio`
    MODIFY `province_id` int(11) UNSIGNED NOT NULL AUTO_INCREMENT,
    AUTO_INCREMENT = 17;
--
-- AUTO_INCREMENT for table `letterheads`
--
ALTER TABLE `letterheads`
    MODIFY `letterhead_id` int(11) NOT NULL AUTO_INCREMENT;
--
-- AUTO_INCREMENT for table `letterheads_files`
--
ALTER TABLE `letterheads_files`
    MODIFY `letterhead_file_id` int(11) NOT NULL AUTO_INCREMENT;
--
-- AUTO_INCREMENT for table `members`
--
ALTER TABLE `members`
    MODIFY `member_id` bigint(20) NOT NULL AUTO_INCREMENT,
    AUTO_INCREMENT = 562;
--
-- AUTO_INCREMENT for table `members_password_retrievals`
--
ALTER TABLE `members_password_retrievals`
    MODIFY `id` int(11) UNSIGNED NOT NULL AUTO_INCREMENT,
    AUTO_INCREMENT = 2;
--
-- AUTO_INCREMENT for table `members_pua`
--
ALTER TABLE `members_pua`
    MODIFY `pua_id` int(11) UNSIGNED NOT NULL AUTO_INCREMENT;
--
-- AUTO_INCREMENT for table `members_ta`
--
ALTER TABLE `members_ta`
    MODIFY `members_ta_id` int(11) NOT NULL AUTO_INCREMENT;
--
-- AUTO_INCREMENT for table `members_types`
--
ALTER TABLE `members_types`
    MODIFY `member_type_id` int(2) UNSIGNED NOT NULL AUTO_INCREMENT,
    AUTO_INCREMENT = 11;
--
-- AUTO_INCREMENT for table `news`
--
ALTER TABLE `news`
    MODIFY `news_id` int(11) UNSIGNED NOT NULL AUTO_INCREMENT,
    AUTO_INCREMENT = 3;
--
-- AUTO_INCREMENT for table `packages`
--
ALTER TABLE `packages`
    MODIFY `package_id` int(11) NOT NULL AUTO_INCREMENT,
    AUTO_INCREMENT = 5;
--
-- AUTO_INCREMENT for table `packages_details`
--
ALTER TABLE `packages_details`
    MODIFY `package_detail_id` int(11) NOT NULL AUTO_INCREMENT,
    AUTO_INCREMENT = 258;
--
-- AUTO_INCREMENT for table `pricing_categories`
--
ALTER TABLE `pricing_categories`
    MODIFY `pricing_category_id` int(11) UNSIGNED NOT NULL AUTO_INCREMENT,
    AUTO_INCREMENT = 2;
--
-- AUTO_INCREMENT for table `pricing_category_details`
--
ALTER TABLE `pricing_category_details`
    MODIFY `pricing_category_detail_id` int(11) UNSIGNED NOT NULL AUTO_INCREMENT,
    AUTO_INCREMENT = 11;
--
-- AUTO_INCREMENT for table `prospects`
--
ALTER TABLE `prospects`
    MODIFY `prospect_id` int(11) UNSIGNED NOT NULL AUTO_INCREMENT;
--
-- AUTO_INCREMENT for table `reconciliation_log`
--
ALTER TABLE `reconciliation_log`
    MODIFY `reconciliation_id` int(11) UNSIGNED NOT NULL AUTO_INCREMENT;
--
-- AUTO_INCREMENT for table `rss_black_list`
--
ALTER TABLE `rss_black_list`
    MODIFY `id` int(11) NOT NULL AUTO_INCREMENT,
    AUTO_INCREMENT = 13;
--
-- AUTO_INCREMENT for table `searches`
--
ALTER TABLE `searches`
    MODIFY `search_id` int(11) NOT NULL AUTO_INCREMENT,
    AUTO_INCREMENT = 10808;
--
-- AUTO_INCREMENT for table `snapshots`
--
ALTER TABLE `snapshots`
    MODIFY `id` int(10) NOT NULL AUTO_INCREMENT;
--
-- AUTO_INCREMENT for table `states`
--
ALTER TABLE `states`
    MODIFY `state_id` int(11) UNSIGNED NOT NULL AUTO_INCREMENT,
    AUTO_INCREMENT = 22;
--
-- AUTO_INCREMENT for table `superadmin_searches`
--
ALTER TABLE `superadmin_searches`
    MODIFY `search_id` int(11) NOT NULL AUTO_INCREMENT,
    AUTO_INCREMENT = 10;
--
-- AUTO_INCREMENT for table `superadmin_smtp`
--
ALTER TABLE `superadmin_smtp`
    MODIFY `smtp_id` int(11) UNSIGNED NOT NULL AUTO_INCREMENT,
    AUTO_INCREMENT = 3;
--
-- AUTO_INCREMENT for table `system_templates`
--
ALTER TABLE `system_templates`
    MODIFY `system_template_id` int(11) UNSIGNED NOT NULL AUTO_INCREMENT,
    AUTO_INCREMENT = 28;
--
-- AUTO_INCREMENT for table `templates`
--
ALTER TABLE `templates`
    MODIFY `template_id` int(11) UNSIGNED NOT NULL AUTO_INCREMENT,
    AUTO_INCREMENT = 9467;
--
-- AUTO_INCREMENT for table `template_file_attachments`
--
ALTER TABLE `template_file_attachments`
    MODIFY `id` int(11) NOT NULL AUTO_INCREMENT;
--
-- AUTO_INCREMENT for table `tickets`
--
ALTER TABLE `tickets`
    MODIFY `ticket_id` int(11) UNSIGNED NOT NULL AUTO_INCREMENT,
    AUTO_INCREMENT = 35;
--
-- AUTO_INCREMENT for table `time_tracker`
--
ALTER TABLE `time_tracker`
    MODIFY `track_id` bigint(20) NOT NULL AUTO_INCREMENT;
--
-- AUTO_INCREMENT for table `users`
--
ALTER TABLE `users`
    MODIFY `user_id` bigint(20) NOT NULL AUTO_INCREMENT,
    AUTO_INCREMENT = 2;
--
-- AUTO_INCREMENT for table `usertypes`
--
ALTER TABLE `usertypes`
    MODIFY `usertype_id` int(11) NOT NULL AUTO_INCREMENT,
    AUTO_INCREMENT = 5;
--
-- AUTO_INCREMENT for table `user_smtp`
--
ALTER TABLE `user_smtp`
    MODIFY `smtp_id` int(11) UNSIGNED NOT NULL AUTO_INCREMENT;
--
-- AUTO_INCREMENT for table `u_assigned_deposits`
--
ALTER TABLE `u_assigned_deposits`
    MODIFY `deposit_id` int(11) NOT NULL AUTO_INCREMENT;
--
-- AUTO_INCREMENT for table `u_assigned_withdrawals`
--
ALTER TABLE `u_assigned_withdrawals`
    MODIFY `withdrawal_id` int(11) NOT NULL AUTO_INCREMENT;
--
-- AUTO_INCREMENT for table `u_deposit_types`
--
ALTER TABLE `u_deposit_types`
    MODIFY `dtl_id` int(11) NOT NULL AUTO_INCREMENT,
    AUTO_INCREMENT = 2582;
--
-- AUTO_INCREMENT for table `u_destination_types`
--
ALTER TABLE `u_destination_types`
    MODIFY `destination_account_id` int(11) NOT NULL AUTO_INCREMENT;
--
-- AUTO_INCREMENT for table `u_folders`
--
ALTER TABLE `u_folders`
    MODIFY `folder_id` int(11) UNSIGNED NOT NULL AUTO_INCREMENT,
    AUTO_INCREMENT = 7213;
--
-- AUTO_INCREMENT for table `u_import_transactions`
--
ALTER TABLE `u_import_transactions`
    MODIFY `import_transaction_id` int(11) NOT NULL AUTO_INCREMENT;
--
-- AUTO_INCREMENT for table `u_invoice`
--
ALTER TABLE `u_invoice`
    MODIFY `invoice_id` int(11) NOT NULL AUTO_INCREMENT;
--
-- AUTO_INCREMENT for table `u_links`
--
ALTER TABLE `u_links`
    MODIFY `link_id` int(11) NOT NULL AUTO_INCREMENT,
    AUTO_INCREMENT = 3;
--
-- AUTO_INCREMENT for table `u_log`
--
ALTER TABLE `u_log`
    MODIFY `log_id` int(11) NOT NULL AUTO_INCREMENT;
--
-- AUTO_INCREMENT for table `u_notes`
--
ALTER TABLE `u_notes`
    MODIFY `note_id` int(11) UNSIGNED NOT NULL AUTO_INCREMENT;
--
-- AUTO_INCREMENT for table `u_payment`
--
ALTER TABLE `u_payment`
    MODIFY `payment_id` int(11) NOT NULL AUTO_INCREMENT;
--
-- AUTO_INCREMENT for table `u_payment_invoices`
--
ALTER TABLE `u_payment_invoices`
    MODIFY `u_payment_invoice_id` int(11) UNSIGNED NOT NULL AUTO_INCREMENT;
--
-- AUTO_INCREMENT for table `u_payment_schedule`
--
ALTER TABLE `u_payment_schedule`
    MODIFY `payment_schedule_id` int(11) NOT NULL AUTO_INCREMENT;
--
-- AUTO_INCREMENT for table `u_payment_templates`
--
ALTER TABLE `u_payment_templates`
    MODIFY `saved_payment_template_id` int(11) UNSIGNED NOT NULL AUTO_INCREMENT;
--
-- AUTO_INCREMENT for table `u_sms`
--
ALTER TABLE `u_sms`
    MODIFY `id` int(10) NOT NULL AUTO_INCREMENT;
--
-- AUTO_INCREMENT for table `u_tasks`
--
ALTER TABLE `u_tasks`
    MODIFY `task_id` int(11) UNSIGNED NOT NULL AUTO_INCREMENT,
    AUTO_INCREMENT = 60;
--
-- AUTO_INCREMENT for table `u_tasks_assigned_to`
--
ALTER TABLE `u_tasks_assigned_to`
    MODIFY `id` int(11) UNSIGNED NOT NULL AUTO_INCREMENT,
    AUTO_INCREMENT = 318;
--
-- AUTO_INCREMENT for table `u_tasks_messages`
--
ALTER TABLE `u_tasks_messages`
    MODIFY `id` int(10) UNSIGNED NOT NULL AUTO_INCREMENT,
    AUTO_INCREMENT = 147;
--
-- AUTO_INCREMENT for table `u_tasks_priority`
--
ALTER TABLE `u_tasks_priority`
    MODIFY `id` int(10) NOT NULL AUTO_INCREMENT,
    AUTO_INCREMENT = 3;
--
-- AUTO_INCREMENT for table `u_tasks_read`
--
ALTER TABLE `u_tasks_read`
    MODIFY `id` int(10) NOT NULL AUTO_INCREMENT,
    AUTO_INCREMENT = 34;
--
-- AUTO_INCREMENT for table `u_trust_account`
--
ALTER TABLE `u_trust_account`
    MODIFY `trust_account_id` int(11) NOT NULL AUTO_INCREMENT;
--
-- AUTO_INCREMENT for table `u_withdrawal_types`
--
ALTER TABLE `u_withdrawal_types`
    MODIFY `wtl_id` int(11) NOT NULL AUTO_INCREMENT,
    AUTO_INCREMENT = 2567;
--
-- Constraints for dumped tables
--

--
-- Constraints for table `access_logs`
--
ALTER TABLE `access_logs`
    ADD CONSTRAINT `FK_access_logs_company` FOREIGN KEY (`log_company_id`) REFERENCES `company` (`company_id`) ON DELETE CASCADE ON UPDATE CASCADE,
    ADD CONSTRAINT `FK_access_logs_members` FOREIGN KEY (`log_created_by`) REFERENCES `members` (`member_id`) ON DELETE CASCADE ON UPDATE CASCADE,
    ADD CONSTRAINT `FK_access_logs_members_2` FOREIGN KEY (`log_action_applied_to`) REFERENCES `members` (`member_id`) ON DELETE CASCADE ON UPDATE CASCADE;

--
-- Constraints for table `acl_roles`
--
ALTER TABLE `acl_roles`
    ADD CONSTRAINT `FK_acl_roles_company` FOREIGN KEY (`company_id`) REFERENCES `company` (`company_id`) ON DELETE CASCADE ON UPDATE CASCADE,
    ADD CONSTRAINT `FK_roles_divisions_groups` FOREIGN KEY (`division_group_id`) REFERENCES `divisions_groups` (`division_group_id`) ON DELETE CASCADE ON UPDATE CASCADE;

--
-- Constraints for table `acl_role_access`
--
ALTER TABLE `acl_role_access`
    ADD CONSTRAINT `FK_acl_role_access_1` FOREIGN KEY (`rule_id`) REFERENCES `acl_rules` (`rule_id`) ON DELETE CASCADE ON UPDATE CASCADE,
    ADD CONSTRAINT `FK_acl_role_access_acl_roles` FOREIGN KEY (`role_id`) REFERENCES `acl_roles` (`role_parent_id`) ON DELETE CASCADE ON UPDATE CASCADE;

--
-- Constraints for table `acl_rule_details`
--
ALTER TABLE `acl_rule_details`
    ADD CONSTRAINT `FK_acl_rule_details_1` FOREIGN KEY (`rule_id`) REFERENCES `acl_rules` (`rule_id`) ON DELETE CASCADE ON UPDATE CASCADE;

--
-- Constraints for table `analytics`
--
ALTER TABLE `analytics`
    ADD CONSTRAINT `FK_analytics_company` FOREIGN KEY (`company_id`) REFERENCES `company` (`company_id`) ON DELETE CASCADE ON UPDATE CASCADE;

--
-- Constraints for table `applicant_form_blocks`
--
ALTER TABLE `applicant_form_blocks`
    ADD CONSTRAINT `FK_applicant_form_blocks_1` FOREIGN KEY (`member_type_id`) REFERENCES `members_types` (`member_type_id`) ON DELETE CASCADE ON UPDATE CASCADE,
    ADD CONSTRAINT `FK_applicant_form_blocks_2` FOREIGN KEY (`company_id`) REFERENCES `company` (`company_id`) ON DELETE CASCADE ON UPDATE CASCADE,
    ADD CONSTRAINT `FK_applicant_form_blocks_3` FOREIGN KEY (`applicant_type_id`) REFERENCES `applicant_types` (`applicant_type_id`) ON DELETE CASCADE ON UPDATE CASCADE;

--
-- Constraints for table `applicant_form_data`
--
ALTER TABLE `applicant_form_data`
    ADD CONSTRAINT `FK_applicant_form_data_1` FOREIGN KEY (`applicant_id`) REFERENCES `members` (`member_id`) ON DELETE CASCADE ON UPDATE CASCADE,
    ADD CONSTRAINT `FK_applicant_form_data_2` FOREIGN KEY (`applicant_field_id`) REFERENCES `applicant_form_fields` (`applicant_field_id`) ON DELETE CASCADE ON UPDATE CASCADE;

--
-- Constraints for table `applicant_form_default`
--
ALTER TABLE `applicant_form_default`
    ADD CONSTRAINT `FK_applicant_form_default_1` FOREIGN KEY (`applicant_field_id`) REFERENCES `applicant_form_fields` (`applicant_field_id`) ON DELETE CASCADE ON UPDATE CASCADE;

--
-- Constraints for table `applicant_form_fields`
--
ALTER TABLE `applicant_form_fields`
    ADD CONSTRAINT `FK_applicant_form_fields_1` FOREIGN KEY (`member_type_id`) REFERENCES `members_types` (`member_type_id`) ON DELETE CASCADE ON UPDATE CASCADE,
    ADD CONSTRAINT `FK_applicant_form_fields_2` FOREIGN KEY (`company_id`) REFERENCES `company` (`company_id`) ON DELETE CASCADE ON UPDATE CASCADE;

--
-- Constraints for table `applicant_form_fields_access`
--
ALTER TABLE `applicant_form_fields_access`
    ADD CONSTRAINT `FK_applicant_form_fields_access_1` FOREIGN KEY (`role_id`) REFERENCES `acl_roles` (`role_id`) ON DELETE CASCADE ON UPDATE CASCADE,
    ADD CONSTRAINT `FK_applicant_form_fields_access_2` FOREIGN KEY (`applicant_group_id`) REFERENCES `applicant_form_groups` (`applicant_group_id`) ON DELETE CASCADE ON UPDATE CASCADE,
    ADD CONSTRAINT `FK_applicant_form_fields_access_3` FOREIGN KEY (`applicant_field_id`) REFERENCES `applicant_form_fields` (`applicant_field_id`) ON DELETE CASCADE ON UPDATE CASCADE;

--
-- Constraints for table `applicant_form_fields_access_default`
--
ALTER TABLE `applicant_form_fields_access_default`
    ADD CONSTRAINT `FK_applicant_form_fields_access_default_acl_roles` FOREIGN KEY (`role_id`) REFERENCES `acl_roles` (`role_id`) ON DELETE CASCADE ON UPDATE CASCADE,
    ADD CONSTRAINT `FK_applicant_form_fields_access_default_applicant_form_fields` FOREIGN KEY (`applicant_field_id`) REFERENCES `applicant_form_fields` (`applicant_field_id`) ON DELETE CASCADE ON UPDATE CASCADE;

--
-- Constraints for table `applicant_form_groups`
--
ALTER TABLE `applicant_form_groups`
    ADD CONSTRAINT `FK_applicant_form_groups_1` FOREIGN KEY (`applicant_block_id`) REFERENCES `applicant_form_blocks` (`applicant_block_id`) ON DELETE CASCADE ON UPDATE CASCADE,
    ADD CONSTRAINT `FK_applicant_form_groups_2` FOREIGN KEY (`company_id`) REFERENCES `company` (`company_id`) ON DELETE CASCADE ON UPDATE CASCADE;

--
-- Constraints for table `applicant_form_order`
--
ALTER TABLE `applicant_form_order`
    ADD CONSTRAINT `FK_applicant_form_order_1` FOREIGN KEY (`applicant_group_id`) REFERENCES `applicant_form_groups` (`applicant_group_id`) ON DELETE CASCADE ON UPDATE CASCADE,
    ADD CONSTRAINT `FK_applicant_form_order_2` FOREIGN KEY (`applicant_field_id`) REFERENCES `applicant_form_fields` (`applicant_field_id`) ON DELETE CASCADE ON UPDATE CASCADE;

--
-- Constraints for table `applicant_types`
--
ALTER TABLE `applicant_types`
    ADD CONSTRAINT `FK_applicant_types_1` FOREIGN KEY (`company_id`) REFERENCES `company` (`company_id`) ON DELETE CASCADE ON UPDATE CASCADE,
    ADD CONSTRAINT `FK_applicant_types_2` FOREIGN KEY (`member_type_id`) REFERENCES `members_types` (`member_type_id`) ON DELETE CASCADE ON UPDATE CASCADE;

--
-- Constraints for table `automated_billing_log`
--
ALTER TABLE `automated_billing_log`
    ADD CONSTRAINT `FK_automated_billing_log_automated_billing_log_sessions` FOREIGN KEY (`log_session_id`) REFERENCES `automated_billing_log_sessions` (`log_session_id`) ON DELETE NO ACTION ON UPDATE NO ACTION;

--
-- Constraints for table `automatic_reminders`
--
ALTER TABLE `automatic_reminders`
    ADD CONSTRAINT `FK_automatic_reminders_company` FOREIGN KEY (`company_id`) REFERENCES `company` (`company_id`) ON DELETE CASCADE ON UPDATE CASCADE;

--
-- Constraints for table `automatic_reminders_processed`
--
ALTER TABLE `automatic_reminders_processed`
    ADD CONSTRAINT `FK_automatic_reminders_processed_automatic_reminders` FOREIGN KEY (`automatic_reminder_id`) REFERENCES `automatic_reminders` (`automatic_reminder_id`) ON DELETE CASCADE ON UPDATE CASCADE,
    ADD CONSTRAINT `FK_automatic_reminders_processed_members` FOREIGN KEY (`member_id`) REFERENCES `members` (`member_id`) ON DELETE CASCADE ON UPDATE CASCADE;

--
-- Constraints for table `automatic_reminder_actions`
--
ALTER TABLE `automatic_reminder_actions`
    ADD CONSTRAINT `FK_automatic_reminder_actions_automatic_reminder_action_types` FOREIGN KEY (`automatic_reminder_action_type_id`) REFERENCES `automatic_reminder_action_types` (`automatic_reminder_action_type_id`) ON DELETE CASCADE ON UPDATE CASCADE,
    ADD CONSTRAINT `FK_automatic_reminder_actions_automatic_reminders` FOREIGN KEY (`automatic_reminder_id`) REFERENCES `automatic_reminders` (`automatic_reminder_id`) ON DELETE CASCADE ON UPDATE CASCADE,
    ADD CONSTRAINT `FK_automatic_reminder_actions_company` FOREIGN KEY (`company_id`) REFERENCES `company` (`company_id`) ON DELETE CASCADE ON UPDATE CASCADE;

--
-- Constraints for table `automatic_reminder_conditions`
--
ALTER TABLE `automatic_reminder_conditions`
    ADD CONSTRAINT `FK_automatic_reminder_conditions_automatic_reminders` FOREIGN KEY (`automatic_reminder_id`) REFERENCES `automatic_reminders` (`automatic_reminder_id`) ON DELETE CASCADE ON UPDATE CASCADE,
    ADD CONSTRAINT `FK_automatic_reminder_conditions_company` FOREIGN KEY (`company_id`) REFERENCES `company` (`company_id`) ON DELETE CASCADE ON UPDATE CASCADE,
    ADD CONSTRAINT `FK_automatic_reminder_conditions_condition_types` FOREIGN KEY (`automatic_reminder_condition_type_id`) REFERENCES `automatic_reminder_condition_types` (`automatic_reminder_condition_type_id`) ON DELETE CASCADE ON UPDATE CASCADE;

--
-- Constraints for table `automatic_reminder_schedule`
--
ALTER TABLE `automatic_reminder_schedule`
    ADD CONSTRAINT `FK_automatic_reminder_schedule_automatic_reminders` FOREIGN KEY (`automatic_reminder_id`) REFERENCES `automatic_reminders` (`automatic_reminder_id`) ON DELETE CASCADE ON UPDATE CASCADE,
    ADD CONSTRAINT `FK_automatic_reminder_schedule_trigger_types` FOREIGN KEY (`automatic_reminder_trigger_type_id`) REFERENCES `automatic_reminder_trigger_types` (`automatic_reminder_trigger_type_id`) ON DELETE CASCADE ON UPDATE CASCADE;

--
-- Constraints for table `automatic_reminder_triggers`
--
ALTER TABLE `automatic_reminder_triggers`
    ADD CONSTRAINT `FK_automatic_reminder_triggers_automatic_reminder_trigger_types` FOREIGN KEY (`automatic_reminder_trigger_type_id`) REFERENCES `automatic_reminder_trigger_types` (`automatic_reminder_trigger_type_id`) ON DELETE CASCADE ON UPDATE CASCADE,
    ADD CONSTRAINT `FK_automatic_reminder_triggers_automatic_reminders` FOREIGN KEY (`automatic_reminder_id`) REFERENCES `automatic_reminders` (`automatic_reminder_id`) ON DELETE CASCADE ON UPDATE CASCADE,
    ADD CONSTRAINT `FK_automatic_reminder_triggers_company` FOREIGN KEY (`company_id`) REFERENCES `company` (`company_id`) ON DELETE CASCADE ON UPDATE CASCADE;

--
-- Constraints for table `business_hours_holidays`
--
ALTER TABLE `business_hours_holidays`
    ADD CONSTRAINT `FK_business_hours_holidays_company` FOREIGN KEY (`company_id`) REFERENCES `company` (`company_id`) ON DELETE CASCADE ON UPDATE CASCADE,
    ADD CONSTRAINT `FK_business_hours_holidays_members` FOREIGN KEY (`member_id`) REFERENCES `members` (`member_id`) ON DELETE CASCADE ON UPDATE CASCADE;

--
-- Constraints for table `business_hours_workdays`
--
ALTER TABLE `business_hours_workdays`
    ADD CONSTRAINT `FK_business_hours_time_company` FOREIGN KEY (`company_id`) REFERENCES `company` (`company_id`) ON DELETE CASCADE ON UPDATE CASCADE,
    ADD CONSTRAINT `FK_business_hours_time_members` FOREIGN KEY (`member_id`) REFERENCES `members` (`member_id`) ON DELETE CASCADE ON UPDATE CASCADE;

--
-- Constraints for table `clients`
--
ALTER TABLE `clients`
    ADD CONSTRAINT `FK_clients_1` FOREIGN KEY (`member_id`) REFERENCES `members` (`member_id`) ON DELETE CASCADE ON UPDATE CASCADE,
    ADD CONSTRAINT `FK_clients_applicant_types` FOREIGN KEY (`applicant_type_id`) REFERENCES `applicant_types` (`applicant_type_id`) ON DELETE CASCADE ON UPDATE CASCADE,
    ADD CONSTRAINT `FK_clients_client_types` FOREIGN KEY (`client_type_id`) REFERENCES `client_types` (`client_type_id`) ON DELETE CASCADE ON UPDATE CASCADE,
    ADD CONSTRAINT `FK_clients_members` FOREIGN KEY (`modified_by`) REFERENCES `members` (`member_id`) ON DELETE SET NULL ON UPDATE CASCADE;

--
-- Constraints for table `clients_import`
--
ALTER TABLE `clients_import`
    ADD CONSTRAINT `FK1_company_id_to_clients_import` FOREIGN KEY (`company_id`) REFERENCES `company` (`company_id`) ON DELETE CASCADE ON UPDATE CASCADE,
    ADD CONSTRAINT `FK2_creator_id_to_members` FOREIGN KEY (`creator_id`) REFERENCES `members` (`member_id`) ON DELETE SET NULL ON UPDATE CASCADE;

--
-- Constraints for table `client_form_data`
--
ALTER TABLE `client_form_data`
    ADD CONSTRAINT `FK_client_form_data_1` FOREIGN KEY (`field_id`) REFERENCES `client_form_fields` (`field_id`) ON DELETE CASCADE ON UPDATE CASCADE,
    ADD CONSTRAINT `FK_client_form_data_2` FOREIGN KEY (`member_id`) REFERENCES `members` (`member_id`) ON DELETE CASCADE ON UPDATE CASCADE;

--
-- Constraints for table `client_form_default`
--
ALTER TABLE `client_form_default`
    ADD CONSTRAINT `FK_client_form_default_1` FOREIGN KEY (`field_id`) REFERENCES `client_form_fields` (`field_id`) ON DELETE CASCADE ON UPDATE CASCADE;

--
-- Constraints for table `client_form_dependents`
--
ALTER TABLE `client_form_dependents`
    ADD CONSTRAINT `FK_client_form_dependents_1` FOREIGN KEY (`member_id`) REFERENCES `members` (`member_id`) ON DELETE CASCADE ON UPDATE CASCADE;

--
-- Constraints for table `client_form_dependents_required_files`
--
ALTER TABLE `client_form_dependents_required_files`
    ADD CONSTRAINT `FK_client_form_dependents_required_files_company` FOREIGN KEY (`company_id`) REFERENCES `company` (`company_id`) ON DELETE CASCADE ON UPDATE CASCADE;

--
-- Constraints for table `client_form_dependents_uploaded_files`
--
ALTER TABLE `client_form_dependents_uploaded_files`
    ADD CONSTRAINT `FK_client_form_dependents_uploaded_files_client_form_dependents` FOREIGN KEY (`dependent_id`) REFERENCES `client_form_dependents` (`dependent_id`) ON DELETE CASCADE ON UPDATE CASCADE,
    ADD CONSTRAINT `FK_client_form_dependents_uploaded_files_client_required_files` FOREIGN KEY (`required_file_id`) REFERENCES `client_form_dependents_required_files` (`required_file_id`) ON DELETE CASCADE ON UPDATE CASCADE,
    ADD CONSTRAINT `FK_client_form_dependents_uploaded_files_members` FOREIGN KEY (`member_id`) REFERENCES `members` (`member_id`) ON DELETE CASCADE ON UPDATE CASCADE;

--
-- Constraints for table `client_form_dependents_uploaded_file_tags`
--
ALTER TABLE `client_form_dependents_uploaded_file_tags`
    ADD CONSTRAINT `FK_client_form_dependents_uploaded_file_tags` FOREIGN KEY (`uploaded_file_id`) REFERENCES `client_form_dependents_uploaded_files` (`uploaded_file_id`) ON DELETE CASCADE ON UPDATE CASCADE,
    ADD CONSTRAINT `FK_client_form_dependents_uploaded_file_tags_company` FOREIGN KEY (`company_id`) REFERENCES `company` (`company_id`) ON DELETE CASCADE ON UPDATE CASCADE;

--
-- Constraints for table `client_form_dependents_visa_survey`
--
ALTER TABLE `client_form_dependents_visa_survey`
    ADD CONSTRAINT `FK_client_form_dependents_visa_survey_dependents` FOREIGN KEY (`dependent_id`) REFERENCES `client_form_dependents` (`dependent_id`) ON DELETE CASCADE ON UPDATE CASCADE,
    ADD CONSTRAINT `FK_client_form_dependents_visa_survey_members` FOREIGN KEY (`member_id`) REFERENCES `members` (`member_id`) ON DELETE CASCADE ON UPDATE CASCADE;

--
-- Constraints for table `client_form_fields`
--
ALTER TABLE `client_form_fields`
    ADD CONSTRAINT `FK_client_form_fields_company` FOREIGN KEY (`company_id`) REFERENCES `company` (`company_id`) ON DELETE CASCADE ON UPDATE CASCADE,
    ADD CONSTRAINT `FK_client_form_fields_field_types` FOREIGN KEY (`type`) REFERENCES `field_types` (`field_type_id`) ON DELETE CASCADE ON UPDATE CASCADE;

--
-- Constraints for table `client_form_fields_access_default`
--
ALTER TABLE `client_form_fields_access_default`
    ADD CONSTRAINT `FK_client_form_fields_access_default_acl_roles` FOREIGN KEY (`role_id`) REFERENCES `acl_roles` (`role_id`) ON DELETE CASCADE ON UPDATE CASCADE,
    ADD CONSTRAINT `FK_client_form_fields_access_default_client_form_fields` FOREIGN KEY (`client_field_id`) REFERENCES `client_form_fields` (`field_id`) ON DELETE CASCADE ON UPDATE CASCADE;

--
-- Constraints for table `client_form_field_access`
--
ALTER TABLE `client_form_field_access`
    ADD CONSTRAINT `FK_client_form_field_access_1` FOREIGN KEY (`field_id`) REFERENCES `client_form_fields` (`field_id`) ON DELETE CASCADE ON UPDATE CASCADE,
    ADD CONSTRAINT `FK_client_form_field_access_acl_roles` FOREIGN KEY (`role_id`) REFERENCES `acl_roles` (`role_id`) ON DELETE CASCADE ON UPDATE CASCADE,
    ADD CONSTRAINT `FK_client_form_field_access_client_types` FOREIGN KEY (`client_type_id`) REFERENCES `client_types` (`client_type_id`) ON DELETE NO ACTION ON UPDATE NO ACTION;

--
-- Constraints for table `client_form_field_conditions`
--
ALTER TABLE `client_form_field_conditions`
    ADD CONSTRAINT `FK_client_form_field_conditions_client_form_default` FOREIGN KEY (`field_option_id`) REFERENCES `client_form_default` (`form_default_id`) ON DELETE CASCADE ON UPDATE CASCADE,
    ADD CONSTRAINT `FK_client_form_field_conditions_client_form_fields` FOREIGN KEY (`field_id`) REFERENCES `client_form_fields` (`field_id`) ON DELETE CASCADE ON UPDATE CASCADE,
    ADD CONSTRAINT `FK_client_form_field_conditions_client_types` FOREIGN KEY (`client_type_id`) REFERENCES `client_types` (`client_type_id`) ON DELETE CASCADE ON UPDATE CASCADE;

--
-- Constraints for table `client_form_field_condition_hidden_fields`
--
ALTER TABLE `client_form_field_condition_hidden_fields`
    ADD CONSTRAINT `FK_client_form_field_condition_hidden_fields_client_form_fields` FOREIGN KEY (`field_id`) REFERENCES `client_form_fields` (`field_id`) ON DELETE CASCADE ON UPDATE CASCADE,
    ADD CONSTRAINT `FK_client_form_field_condition_hidden_fields_conditions` FOREIGN KEY (`field_condition_id`) REFERENCES `client_form_field_conditions` (`field_condition_id`) ON DELETE CASCADE ON UPDATE CASCADE;

--
-- Constraints for table `client_form_field_condition_hidden_groups`
--
ALTER TABLE `client_form_field_condition_hidden_groups`
    ADD CONSTRAINT `FK_client_form_field_condition_hidden_groups_client_form_groups` FOREIGN KEY (`group_id`) REFERENCES `client_form_groups` (`group_id`) ON DELETE CASCADE ON UPDATE CASCADE,
    ADD CONSTRAINT `FK_client_form_field_condition_hidden_groups_conditions` FOREIGN KEY (`field_condition_id`) REFERENCES `client_form_field_conditions` (`field_condition_id`) ON DELETE CASCADE ON UPDATE CASCADE;

--
-- Constraints for table `client_form_groups`
--
ALTER TABLE `client_form_groups`
    ADD CONSTRAINT `FK_client_form_groups_client_types` FOREIGN KEY (`client_type_id`) REFERENCES `client_types` (`client_type_id`) ON DELETE CASCADE ON UPDATE CASCADE,
    ADD CONSTRAINT `FK_client_form_groups_company` FOREIGN KEY (`company_id`) REFERENCES `company` (`company_id`) ON DELETE CASCADE ON UPDATE CASCADE;

--
-- Constraints for table `client_form_group_access`
--
ALTER TABLE `client_form_group_access`
    ADD CONSTRAINT `FK_client_form_group_access_1` FOREIGN KEY (`group_id`) REFERENCES `client_form_groups` (`group_id`) ON DELETE CASCADE ON UPDATE CASCADE,
    ADD CONSTRAINT `FK_client_form_group_access_acl_roles` FOREIGN KEY (`role_id`) REFERENCES `acl_roles` (`role_id`) ON DELETE CASCADE ON UPDATE CASCADE;

--
-- Constraints for table `client_form_order`
--
ALTER TABLE `client_form_order`
    ADD CONSTRAINT `FK_client_form_order_1` FOREIGN KEY (`group_id`) REFERENCES `client_form_groups` (`group_id`) ON DELETE CASCADE ON UPDATE CASCADE,
    ADD CONSTRAINT `FK_client_form_order_2` FOREIGN KEY (`field_id`) REFERENCES `client_form_fields` (`field_id`) ON DELETE CASCADE ON UPDATE CASCADE;

--
-- Constraints for table `client_notes_attachments`
--
ALTER TABLE `client_notes_attachments`
    ADD CONSTRAINT `FK_client_notes_attachments_members` FOREIGN KEY (`member_id`) REFERENCES `members` (`member_id`) ON DELETE CASCADE ON UPDATE CASCADE,
    ADD CONSTRAINT `FK_client_notes_attachments_u_notes` FOREIGN KEY (`note_id`) REFERENCES `u_notes` (`note_id`) ON DELETE CASCADE ON UPDATE CASCADE;

--
-- Constraints for table `client_types`
--
ALTER TABLE `client_types`
    ADD CONSTRAINT `FK_client_types_company` FOREIGN KEY (`company_id`) REFERENCES `company` (`company_id`) ON DELETE CASCADE ON UPDATE CASCADE,
    ADD CONSTRAINT `FK_client_types_templates` FOREIGN KEY (`email_template_id`) REFERENCES `templates` (`template_id`) ON DELETE SET NULL ON UPDATE CASCADE;

--
-- Constraints for table `client_types_forms`
--
ALTER TABLE `client_types_forms`
    ADD CONSTRAINT `FK_client_types_forms_client_types` FOREIGN KEY (`client_type_id`) REFERENCES `client_types` (`client_type_id`) ON DELETE CASCADE ON UPDATE CASCADE,
    ADD CONSTRAINT `FK_client_types_forms_formversion` FOREIGN KEY (`form_version_id`) REFERENCES `FormVersion` (`FormVersionId`) ON DELETE CASCADE ON UPDATE CASCADE;

--
-- Constraints for table `client_types_kinds`
--
ALTER TABLE `client_types_kinds`
    ADD CONSTRAINT `FK_client_types_kinds_client_types` FOREIGN KEY (`client_type_id`) REFERENCES `client_types` (`client_type_id`) ON DELETE CASCADE ON UPDATE CASCADE,
    ADD CONSTRAINT `FK_client_types_kinds_client_types_2` FOREIGN KEY (`member_type_id`) REFERENCES `members_types` (`member_type_id`) ON DELETE CASCADE ON UPDATE CASCADE;

--
-- Constraints for table `company`
--
ALTER TABLE `company`
    ADD CONSTRAINT `FK_company_country_master` FOREIGN KEY (`country`) REFERENCES `country_master` (`countries_id`) ON DELETE SET NULL ON UPDATE CASCADE,
    ADD CONSTRAINT `FK_company_members` FOREIGN KEY (`admin_id`) REFERENCES `members` (`member_id`) ON DELETE SET NULL ON UPDATE CASCADE;

--
-- Constraints for table `company_cmi`
--
ALTER TABLE `company_cmi`
    ADD CONSTRAINT `FK_company_cmi_company` FOREIGN KEY (`company_id`) REFERENCES `company` (`company_id`) ON DELETE CASCADE ON UPDATE CASCADE;

--
-- Constraints for table `company_default_options`
--
ALTER TABLE `company_default_options`
    ADD CONSTRAINT `FK_company_default_options` FOREIGN KEY (`company_id`) REFERENCES `company` (`company_id`) ON DELETE CASCADE ON UPDATE CASCADE;

--
-- Constraints for table `company_details`
--
ALTER TABLE `company_details`
    ADD CONSTRAINT `FK_company_details_company` FOREIGN KEY (`company_id`) REFERENCES `company` (`company_id`) ON DELETE CASCADE ON UPDATE CASCADE,
    ADD CONSTRAINT `FK_company_details_pricing_categories` FOREIGN KEY (`pricing_category_id`) REFERENCES `pricing_categories` (`pricing_category_id`) ON DELETE SET NULL ON UPDATE SET NULL,
    ADD CONSTRAINT `FK_company_details_subscriptions` FOREIGN KEY (`subscription`) REFERENCES `subscriptions` (`subscription_id`) ON DELETE SET NULL ON UPDATE CASCADE;

--
-- Constraints for table `company_invoice`
--
ALTER TABLE `company_invoice`
    ADD CONSTRAINT `FK_company_invoice_company` FOREIGN KEY (`company_id`) REFERENCES `company` (`company_id`) ON DELETE CASCADE ON UPDATE CASCADE,
    ADD CONSTRAINT `FK_company_invoice_prospects` FOREIGN KEY (`prospect_id`) REFERENCES `prospects` (`prospect_id`) ON DELETE SET NULL ON UPDATE CASCADE;

--
-- Constraints for table `company_marketplace_profiles`
--
ALTER TABLE `company_marketplace_profiles`
    ADD CONSTRAINT `FK_company_marketplace_profiles_company` FOREIGN KEY (`company_id`) REFERENCES `company` (`company_id`) ON DELETE CASCADE ON UPDATE CASCADE;

--
-- Constraints for table `company_packages`
--
ALTER TABLE `company_packages`
    ADD CONSTRAINT `FK_company_packages_company` FOREIGN KEY (`company_id`) REFERENCES `company` (`company_id`) ON DELETE CASCADE ON UPDATE CASCADE;

--
-- Constraints for table `company_prospects`
--
ALTER TABLE `company_prospects`
    ADD CONSTRAINT `FK_company_prospects_company` FOREIGN KEY (`company_id`) REFERENCES `company` (`company_id`) ON DELETE CASCADE ON UPDATE CASCADE,
    ADD CONSTRAINT `FK_company_prospects_company_default_options` FOREIGN KEY (`visa`) REFERENCES `company_default_options` (`default_option_id`) ON DELETE SET NULL ON UPDATE SET NULL,
    ADD CONSTRAINT `FK_company_prospects_members` FOREIGN KEY (`agent_id`) REFERENCES `members` (`member_id`) ON DELETE SET NULL ON UPDATE CASCADE;

--
-- Constraints for table `company_prospects_activities`
--
ALTER TABLE `company_prospects_activities`
    ADD CONSTRAINT `FK_company_prospects_activities_company` FOREIGN KEY (`company_id`) REFERENCES `company` (`company_id`) ON DELETE CASCADE ON UPDATE CASCADE,
    ADD CONSTRAINT `FK_company_prospects_activities_company_prospects` FOREIGN KEY (`prospect_id`) REFERENCES `company_prospects` (`prospect_id`) ON DELETE CASCADE ON UPDATE CASCADE,
    ADD CONSTRAINT `FK_company_prospects_activities_members` FOREIGN KEY (`member_id`) REFERENCES `members` (`member_id`) ON DELETE CASCADE ON UPDATE CASCADE;

--
-- Constraints for table `company_prospects_converted`
--
ALTER TABLE `company_prospects_converted`
    ADD CONSTRAINT `FK_company_prospects_converted_invoice` FOREIGN KEY (`company_invoice_id`) REFERENCES `company_invoice` (`company_invoice_id`) ON DELETE SET NULL ON UPDATE CASCADE,
    ADD CONSTRAINT `FK_company_prospects_converted_members` FOREIGN KEY (`member_id`) REFERENCES `members` (`member_id`) ON DELETE CASCADE ON UPDATE CASCADE,
    ADD CONSTRAINT `FK_company_prospects_converted_prospects` FOREIGN KEY (`prospect_id`) REFERENCES `company_prospects` (`prospect_id`) ON DELETE CASCADE ON UPDATE CASCADE;

--
-- Constraints for table `company_prospects_data`
--
ALTER TABLE `company_prospects_data`
    ADD CONSTRAINT `FK_company_prospects_data_company_prospects` FOREIGN KEY (`prospect_id`) REFERENCES `company_prospects` (`prospect_id`) ON DELETE CASCADE ON UPDATE CASCADE,
    ADD CONSTRAINT `FK_company_prospects_data_q_fields` FOREIGN KEY (`q_field_id`) REFERENCES `company_questionnaires_fields` (`q_field_id`) ON DELETE CASCADE ON UPDATE CASCADE;

--
-- Constraints for table `company_prospects_data_categories`
--
ALTER TABLE `company_prospects_data_categories`
    ADD CONSTRAINT `FK_company_prospects_categories2` FOREIGN KEY (`prospect_category_id`) REFERENCES `company_prospects_categories` (`prospect_category_id`) ON DELETE CASCADE ON UPDATE CASCADE,
    ADD CONSTRAINT `FK_company_prospects_categories_1` FOREIGN KEY (`prospect_id`) REFERENCES `company_prospects` (`prospect_id`) ON DELETE CASCADE ON UPDATE CASCADE;

--
-- Constraints for table `company_prospects_divisions`
--
ALTER TABLE `company_prospects_divisions`
    ADD CONSTRAINT `FK_company_prospects_divisions_divisions` FOREIGN KEY (`office_id`) REFERENCES `divisions` (`division_id`) ON DELETE CASCADE ON UPDATE CASCADE,
    ADD CONSTRAINT `FK_company_prospects_divisions_prospects` FOREIGN KEY (`prospect_id`) REFERENCES `company_prospects` (`prospect_id`) ON DELETE CASCADE ON UPDATE CASCADE;

--
-- Constraints for table `company_prospects_invited`
--
ALTER TABLE `company_prospects_invited`
    ADD CONSTRAINT `FK_company_prospects_invited_company` FOREIGN KEY (`company_id`) REFERENCES `company` (`company_id`) ON DELETE CASCADE ON UPDATE CASCADE,
    ADD CONSTRAINT `FK_company_prospects_invited_company_prospects` FOREIGN KEY (`prospect_id`) REFERENCES `company_prospects` (`prospect_id`) ON DELETE CASCADE ON UPDATE CASCADE;

--
-- Constraints for table `company_prospects_job`
--
ALTER TABLE `company_prospects_job`
    ADD CONSTRAINT `FK_company_prospects_job_company_prospects` FOREIGN KEY (`prospect_id`) REFERENCES `company_prospects` (`prospect_id`) ON DELETE CASCADE ON UPDATE CASCADE;

--
-- Constraints for table `company_prospects_notes`
--
ALTER TABLE `company_prospects_notes`
    ADD CONSTRAINT `FK_company_prospects_notes_company` FOREIGN KEY (`company_id`) REFERENCES `company` (`company_id`) ON DELETE CASCADE,
    ADD CONSTRAINT `FK_company_prospects_notes_company_prospects` FOREIGN KEY (`prospect_id`) REFERENCES `company_prospects` (`prospect_id`) ON DELETE CASCADE ON UPDATE CASCADE;

--
-- Constraints for table `company_prospects_selected_categories`
--
ALTER TABLE `company_prospects_selected_categories`
    ADD CONSTRAINT `FK_company_prospects_1` FOREIGN KEY (`company_id`) REFERENCES `company` (`company_id`) ON DELETE CASCADE ON UPDATE CASCADE,
    ADD CONSTRAINT `FK_company_prospects_2` FOREIGN KEY (`prospect_category_id`) REFERENCES `company_prospects_categories` (`prospect_category_id`) ON DELETE CASCADE ON UPDATE CASCADE;

--
-- Constraints for table `company_prospects_settings`
--
ALTER TABLE `company_prospects_settings`
    ADD CONSTRAINT `FK_company_prospects_settings_company` FOREIGN KEY (`company_id`) REFERENCES `company` (`company_id`) ON DELETE CASCADE ON UPDATE CASCADE,
    ADD CONSTRAINT `FK_company_prospects_settings_company_prospects` FOREIGN KEY (`prospect_id`) REFERENCES `company_prospects` (`prospect_id`) ON DELETE CASCADE ON UPDATE CASCADE;

--
-- Constraints for table `company_prospects_templates`
--
ALTER TABLE `company_prospects_templates`
    ADD CONSTRAINT `FK_company_prospects_templates_company` FOREIGN KEY (`company_id`) REFERENCES `company` (`company_id`) ON DELETE CASCADE ON UPDATE CASCADE,
    ADD CONSTRAINT `FK_company_prospects_templates_members` FOREIGN KEY (`author_id`) REFERENCES `members` (`member_id`) ON DELETE SET NULL ON UPDATE CASCADE;

--
-- Constraints for table `company_prospect_notes_attachments`
--
ALTER TABLE `company_prospect_notes_attachments`
    ADD CONSTRAINT `FK_client_notes_attachments_company_prospects` FOREIGN KEY (`prospect_id`) REFERENCES `company_prospects` (`prospect_id`) ON DELETE CASCADE ON UPDATE CASCADE,
    ADD CONSTRAINT `FK_client_notes_attachments_company_prospects_notes` FOREIGN KEY (`note_id`) REFERENCES `company_prospects_notes` (`note_id`) ON DELETE CASCADE ON UPDATE CASCADE;

--
-- Constraints for table `company_questionnaires`
--
ALTER TABLE `company_questionnaires`
    ADD CONSTRAINT `FK_company_questionnaires_1` FOREIGN KEY (`company_id`) REFERENCES `company` (`company_id`) ON DELETE CASCADE ON UPDATE CASCADE,
    ADD CONSTRAINT `FK_company_questionnaires_2` FOREIGN KEY (`q_created_by`) REFERENCES `members` (`member_id`) ON DELETE CASCADE ON UPDATE CASCADE,
    ADD CONSTRAINT `FK_company_questionnaires_3` FOREIGN KEY (`q_updated_by`) REFERENCES `members` (`member_id`) ON DELETE SET NULL ON UPDATE CASCADE,
    ADD CONSTRAINT `FK_company_questionnaires_divisions` FOREIGN KEY (`q_office_id`) REFERENCES `divisions` (`division_id`) ON DELETE SET NULL ON UPDATE CASCADE,
    ADD CONSTRAINT `FK_company_questionnaires_members` FOREIGN KEY (`q_agent_id`) REFERENCES `members` (`member_id`) ON DELETE SET NULL ON UPDATE CASCADE;

--
-- Constraints for table `company_questionnaires_category_template`
--
ALTER TABLE `company_questionnaires_category_template`
    ADD CONSTRAINT `FK_company_questionnaires_category_template_1` FOREIGN KEY (`q_id`) REFERENCES `company_questionnaires` (`q_id`) ON DELETE CASCADE ON UPDATE CASCADE,
    ADD CONSTRAINT `FK_company_questionnaires_category_template_2` FOREIGN KEY (`prospect_category_id`) REFERENCES `company_prospects_categories` (`prospect_category_id`) ON DELETE CASCADE ON UPDATE CASCADE,
    ADD CONSTRAINT `FK_company_questionnaires_category_template_3` FOREIGN KEY (`prospect_template_id`) REFERENCES `company_prospects_templates` (`prospect_template_id`) ON DELETE CASCADE ON UPDATE CASCADE;

--
-- Constraints for table `company_questionnaires_fields`
--
ALTER TABLE `company_questionnaires_fields`
    ADD CONSTRAINT `FK_company_questionnaires_fields_1` FOREIGN KEY (`q_section_id`) REFERENCES `company_questionnaires_sections` (`q_section_id`) ON DELETE CASCADE ON UPDATE CASCADE;

--
-- Constraints for table `company_questionnaires_fields_custom_options`
--
ALTER TABLE `company_questionnaires_fields_custom_options`
    ADD CONSTRAINT `FK_company_questionnaires_fields_custom_options_1` FOREIGN KEY (`q_id`) REFERENCES `company_questionnaires` (`q_id`) ON DELETE CASCADE ON UPDATE CASCADE,
    ADD CONSTRAINT `FK_company_questionnaires_fields_custom_options_2` FOREIGN KEY (`q_field_id`) REFERENCES `company_questionnaires_fields` (`q_field_id`) ON DELETE CASCADE ON UPDATE CASCADE;

--
-- Constraints for table `company_questionnaires_fields_options`
--
ALTER TABLE `company_questionnaires_fields_options`
    ADD CONSTRAINT `FK_company_questionnaires_fields_options_1` FOREIGN KEY (`q_field_id`) REFERENCES `company_questionnaires_fields` (`q_field_id`) ON DELETE CASCADE ON UPDATE CASCADE;

--
-- Constraints for table `company_questionnaires_fields_options_templates`
--
ALTER TABLE `company_questionnaires_fields_options_templates`
    ADD CONSTRAINT `FK_company_questionnaires_fields_options_templates_1` FOREIGN KEY (`q_id`) REFERENCES `company_questionnaires` (`q_id`) ON DELETE CASCADE ON UPDATE CASCADE,
    ADD CONSTRAINT `FK_company_questionnaires_fields_options_templates_2` FOREIGN KEY (`q_field_option_id`) REFERENCES `company_questionnaires_fields_options` (`q_field_option_id`) ON DELETE CASCADE ON UPDATE CASCADE;

--
-- Constraints for table `company_questionnaires_fields_templates`
--
ALTER TABLE `company_questionnaires_fields_templates`
    ADD CONSTRAINT `FK_company_questionnaires_fields_templates_1` FOREIGN KEY (`q_id`) REFERENCES `company_questionnaires` (`q_id`) ON DELETE CASCADE ON UPDATE CASCADE,
    ADD CONSTRAINT `FK_company_questionnaires_fields_templates_2` FOREIGN KEY (`q_field_id`) REFERENCES `company_questionnaires_fields` (`q_field_id`) ON DELETE CASCADE ON UPDATE CASCADE;

--
-- Constraints for table `company_questionnaires_sections_templates`
--
ALTER TABLE `company_questionnaires_sections_templates`
    ADD CONSTRAINT `FK_company_questionnaires_sections_templates_1` FOREIGN KEY (`q_id`) REFERENCES `company_questionnaires` (`q_id`) ON DELETE CASCADE ON UPDATE CASCADE,
    ADD CONSTRAINT `FK_company_questionnaires_sections_templates_2` FOREIGN KEY (`q_section_id`) REFERENCES `company_questionnaires_sections` (`q_section_id`) ON DELETE CASCADE ON UPDATE CASCADE;

--
-- Constraints for table `company_ta`
--
ALTER TABLE `company_ta`
    ADD CONSTRAINT `FK_company_ta_company` FOREIGN KEY (`company_id`) REFERENCES `company` (`company_id`) ON DELETE CASCADE ON UPDATE CASCADE;

--
-- Constraints for table `company_ta_divisions`
--
ALTER TABLE `company_ta_divisions`
    ADD CONSTRAINT `FK_company_ta_divisions_company_ta` FOREIGN KEY (`company_ta_id`) REFERENCES `company_ta` (`company_ta_id`) ON DELETE CASCADE ON UPDATE CASCADE,
    ADD CONSTRAINT `FK_u_trust_account_divisions_divisions` FOREIGN KEY (`division_id`) REFERENCES `divisions` (`division_id`) ON DELETE CASCADE ON UPDATE CASCADE;

--
-- Constraints for table `company_trial`
--
ALTER TABLE `company_trial`
    ADD CONSTRAINT `FK_company_trial_company` FOREIGN KEY (`company_id`) REFERENCES `company` (`company_id`) ON DELETE CASCADE ON UPDATE CASCADE;

--
-- Constraints for table `company_websites`
--
ALTER TABLE `company_websites`
    ADD CONSTRAINT `FK_company_websites_company` FOREIGN KEY (`company_id`) REFERENCES `company` (`company_id`) ON DELETE CASCADE ON UPDATE NO ACTION,
    ADD CONSTRAINT `FK_company_websites_company_websites_templates` FOREIGN KEY (`template_id`) REFERENCES `company_websites_templates` (`id`) ON DELETE CASCADE ON UPDATE NO ACTION;

--
-- Constraints for table `default_searches`
--
ALTER TABLE `default_searches`
    ADD CONSTRAINT `FK_default_searches_members` FOREIGN KEY (`member_id`) REFERENCES `members` (`member_id`) ON DELETE CASCADE ON UPDATE CASCADE;

--
-- Constraints for table `divisions`
--
ALTER TABLE `divisions`
    ADD CONSTRAINT `FK_divisions_company` FOREIGN KEY (`company_id`) REFERENCES `company` (`company_id`) ON DELETE CASCADE ON UPDATE CASCADE,
    ADD CONSTRAINT `FK_divisions_divisions_groups` FOREIGN KEY (`division_group_id`) REFERENCES `divisions_groups` (`division_group_id`) ON DELETE CASCADE ON UPDATE CASCADE;

--
-- Constraints for table `divisions_groups`
--
ALTER TABLE `divisions_groups`
    ADD CONSTRAINT `FK_divisions_groups_company` FOREIGN KEY (`company_id`) REFERENCES `company` (`company_id`) ON DELETE CASCADE ON UPDATE CASCADE;

--
-- Constraints for table `eml_accounts`
--
ALTER TABLE `eml_accounts`
    ADD CONSTRAINT `FK_eml_accounts_members` FOREIGN KEY (`member_id`) REFERENCES `members` (`member_id`) ON DELETE CASCADE ON UPDATE CASCADE;

--
-- Constraints for table `eml_attachments`
--
ALTER TABLE `eml_attachments`
    ADD CONSTRAINT `FK_eml_attachments` FOREIGN KEY (`id_message`) REFERENCES `eml_messages` (`id`) ON DELETE CASCADE ON UPDATE CASCADE;

--
-- Constraints for table `eml_cron_accounts`
--
ALTER TABLE `eml_cron_accounts`
    ADD CONSTRAINT `FK_eml_cron_accounts_eml_accounts` FOREIGN KEY (`account_id`) REFERENCES `eml_accounts` (`id`) ON DELETE CASCADE ON UPDATE CASCADE,
    ADD CONSTRAINT `FK_eml_cron_accounts_eml_cron` FOREIGN KEY (`cron_id`) REFERENCES `eml_cron` (`id`) ON DELETE CASCADE ON UPDATE CASCADE;

--
-- Constraints for table `eml_deleted_messages`
--
ALTER TABLE `eml_deleted_messages`
    ADD CONSTRAINT `FK_eml_deleted_messages_eml_accounts` FOREIGN KEY (`id_account`) REFERENCES `eml_accounts` (`id`) ON DELETE CASCADE ON UPDATE CASCADE;

--
-- Constraints for table `eml_folders`
--
ALTER TABLE `eml_folders`
    ADD CONSTRAINT `FK_eml_folders_eml_accounts` FOREIGN KEY (`id_account`) REFERENCES `eml_accounts` (`id`) ON DELETE CASCADE ON UPDATE CASCADE;

--
-- Constraints for table `eml_messages`
--
ALTER TABLE `eml_messages`
    ADD CONSTRAINT `FK_eml_messages_eml_accounts` FOREIGN KEY (`id_account`) REFERENCES `eml_accounts` (`id`) ON DELETE CASCADE ON UPDATE CASCADE,
    ADD CONSTRAINT `FK_eml_messages_eml_folders` FOREIGN KEY (`id_folder`) REFERENCES `eml_folders` (`id`) ON DELETE CASCADE ON UPDATE CASCADE;

--
-- Constraints for table `faq`
--
ALTER TABLE `faq`
    ADD CONSTRAINT `FK_faq_faq_sections` FOREIGN KEY (`faq_section_id`) REFERENCES `faq_sections` (`faq_section_id`) ON DELETE SET NULL ON UPDATE CASCADE;

--
-- Constraints for table `faq_sections`
--
ALTER TABLE `faq_sections`
    ADD CONSTRAINT `FK_faq_sections_faq_sections` FOREIGN KEY (`parent_section_id`) REFERENCES `faq_sections` (`faq_section_id`) ON DELETE NO ACTION ON UPDATE NO ACTION;

--
-- Constraints for table `file_number_reservations`
--
ALTER TABLE `file_number_reservations`
    ADD CONSTRAINT `FK_file_number_reservations_company` FOREIGN KEY (`company_id`) REFERENCES `company` (`company_id`) ON DELETE CASCADE ON UPDATE CASCADE;

--
-- Constraints for table `folder_access`
--
ALTER TABLE `folder_access`
    ADD CONSTRAINT `FK_folder_access_acl_roles` FOREIGN KEY (`role_id`) REFERENCES `acl_roles` (`role_id`) ON DELETE CASCADE ON UPDATE CASCADE,
    ADD CONSTRAINT `FK_folder_access_u_folders` FOREIGN KEY (`folder_id`) REFERENCES `u_folders` (`folder_id`) ON DELETE CASCADE ON UPDATE CASCADE;

--
-- Constraints for table `folder_access_by_division`
--
ALTER TABLE `folder_access_by_division`
    ADD CONSTRAINT `FK_folder_access_by_office_divisions` FOREIGN KEY (`division_id`) REFERENCES `divisions` (`division_id`) ON DELETE CASCADE ON UPDATE CASCADE;

--
-- Constraints for table `FormAssigned`
--
ALTER TABLE `FormAssigned`
    ADD CONSTRAINT `FK_FormAssigned_FormVersion` FOREIGN KEY (`FormVersionId`) REFERENCES `FormVersion` (`FormVersionId`) ON DELETE CASCADE ON UPDATE CASCADE,
    ADD CONSTRAINT `FK_FormAssigned_members` FOREIGN KEY (`ClientMemberId`) REFERENCES `members` (`member_id`) ON DELETE CASCADE ON UPDATE CASCADE;

--
-- Constraints for table `FormMap`
--
ALTER TABLE `FormMap`
    ADD CONSTRAINT `FK_FormMap_FormSynField` FOREIGN KEY (`FromSynFieldId`) REFERENCES `FormSynField` (`SynFieldId`) ON DELETE CASCADE ON UPDATE CASCADE,
    ADD CONSTRAINT `FK_FormMap_FormSynField_2` FOREIGN KEY (`ToSynFieldId`) REFERENCES `FormSynField` (`SynFieldId`) ON DELETE CASCADE ON UPDATE CASCADE,
    ADD CONSTRAINT `FK_formMap_members_types` FOREIGN KEY (`parent_member_type`) REFERENCES `members_types` (`member_type_id`) ON DELETE CASCADE ON UPDATE CASCADE;

--
-- Constraints for table `FormProcessed`
--
ALTER TABLE `FormProcessed`
    ADD CONSTRAINT `FK_FormProcessed_FormTemplates` FOREIGN KEY (`template_id`) REFERENCES `FormTemplates` (`template_id`) ON DELETE CASCADE ON UPDATE CASCADE;

--
-- Constraints for table `FormRevision`
--
ALTER TABLE `FormRevision`
    ADD CONSTRAINT `FK_FormRevision_FormAssigned` FOREIGN KEY (`FormAssignedId`) REFERENCES `FormAssigned` (`FormAssignedId`) ON DELETE CASCADE ON UPDATE CASCADE;

--
-- Constraints for table `FormUpload`
--
ALTER TABLE `FormUpload`
    ADD CONSTRAINT `FK_FormUpload_FormFolder` FOREIGN KEY (`FolderId`) REFERENCES `FormFolder` (`FolderId`) ON DELETE CASCADE ON UPDATE CASCADE;

--
-- Constraints for table `form_default`
--
ALTER TABLE `form_default`
    ADD CONSTRAINT `FK_form_default_FormVersion` FOREIGN KEY (`form_version_id`) REFERENCES `FormVersion` (`FormVersionId`) ON DELETE CASCADE ON UPDATE CASCADE,
    ADD CONSTRAINT `FK_form_default_company` FOREIGN KEY (`company_id`) REFERENCES `company` (`company_id`) ON DELETE CASCADE ON UPDATE CASCADE,
    ADD CONSTRAINT `FK_form_default_members` FOREIGN KEY (`updated_by`) REFERENCES `members` (`member_id`) ON DELETE SET NULL ON UPDATE CASCADE;

--
-- Constraints for table `letterheads`
--
ALTER TABLE `letterheads`
    ADD CONSTRAINT `FK_company_id` FOREIGN KEY (`company_id`) REFERENCES `company` (`company_id`) ON DELETE CASCADE ON UPDATE CASCADE,
    ADD CONSTRAINT `FK_created_by` FOREIGN KEY (`created_by`) REFERENCES `members` (`member_id`) ON DELETE CASCADE ON UPDATE CASCADE;

--
-- Constraints for table `letterheads_files`
--
ALTER TABLE `letterheads_files`
    ADD CONSTRAINT `FK_letterhead_id` FOREIGN KEY (`letterhead_id`) REFERENCES `letterheads` (`letterhead_id`) ON DELETE CASCADE ON UPDATE CASCADE;

--
-- Constraints for table `members`
--
ALTER TABLE `members`
    ADD CONSTRAINT `FK_members_company` FOREIGN KEY (`company_id`) REFERENCES `company` (`company_id`) ON DELETE CASCADE ON UPDATE CASCADE,
    ADD CONSTRAINT `FK_members_divisions_groups` FOREIGN KEY (`division_group_id`) REFERENCES `divisions_groups` (`division_group_id`) ON DELETE CASCADE ON UPDATE CASCADE,
    ADD CONSTRAINT `FK_members_members_types` FOREIGN KEY (`userType`) REFERENCES `members_types` (`member_type_id`) ON DELETE CASCADE ON UPDATE CASCADE;

--
-- Constraints for table `members_divisions`
--
ALTER TABLE `members_divisions`
    ADD CONSTRAINT `FK_members_divisions_divisions` FOREIGN KEY (`division_id`) REFERENCES `divisions` (`division_id`) ON DELETE CASCADE ON UPDATE CASCADE,
    ADD CONSTRAINT `FK_members_divisions_members` FOREIGN KEY (`member_id`) REFERENCES `members` (`member_id`) ON DELETE CASCADE ON UPDATE CASCADE;

--
-- Constraints for table `members_last_access`
--
ALTER TABLE `members_last_access`
    ADD CONSTRAINT `FK_members_last_access_1` FOREIGN KEY (`member_id`) REFERENCES `members` (`member_id`) ON DELETE CASCADE ON UPDATE CASCADE,
    ADD CONSTRAINT `FK_members_last_access_members` FOREIGN KEY (`view_member_id`) REFERENCES `members` (`member_id`) ON DELETE CASCADE ON UPDATE CASCADE;

--
-- Constraints for table `members_last_passwords`
--
ALTER TABLE `members_last_passwords`
    ADD CONSTRAINT `FK_members_last_passwords_members` FOREIGN KEY (`member_id`) REFERENCES `members` (`member_id`) ON DELETE CASCADE ON UPDATE CASCADE;

--
-- Constraints for table `members_password_retrievals`
--
ALTER TABLE `members_password_retrievals`
    ADD CONSTRAINT `FK_passwd_retr_members` FOREIGN KEY (`member_id`) REFERENCES `members` (`member_id`) ON DELETE CASCADE ON UPDATE CASCADE;

--
-- Constraints for table `members_pua`
--
ALTER TABLE `members_pua`
    ADD CONSTRAINT `FK_members_pua_members` FOREIGN KEY (`member_id`) REFERENCES `members` (`member_id`) ON DELETE CASCADE ON UPDATE CASCADE,
    ADD CONSTRAINT `FK_members_pua_members_2` FOREIGN KEY (`pua_created_by`) REFERENCES `members` (`member_id`) ON DELETE SET NULL ON UPDATE SET NULL,
    ADD CONSTRAINT `FK_members_pua_members_3` FOREIGN KEY (`pua_updated_by`) REFERENCES `members` (`member_id`) ON DELETE SET NULL ON UPDATE SET NULL;

--
-- Constraints for table `members_queues`
--
ALTER TABLE `members_queues`
    ADD CONSTRAINT `FK_members_queues_members` FOREIGN KEY (`member_id`) REFERENCES `members` (`member_id`) ON DELETE CASCADE ON UPDATE CASCADE;

--
-- Constraints for table `members_relations`
--
ALTER TABLE `members_relations`
    ADD CONSTRAINT `FK_members_relations_1` FOREIGN KEY (`parent_member_id`) REFERENCES `members` (`member_id`) ON DELETE CASCADE ON UPDATE CASCADE,
    ADD CONSTRAINT `FK_members_relations_2` FOREIGN KEY (`child_member_id`) REFERENCES `members` (`member_id`) ON DELETE CASCADE ON UPDATE CASCADE,
    ADD CONSTRAINT `FK_members_relations_3` FOREIGN KEY (`applicant_group_id`) REFERENCES `applicant_form_groups` (`applicant_group_id`) ON DELETE CASCADE ON UPDATE CASCADE;

--
-- Constraints for table `members_roles`
--
ALTER TABLE `members_roles`
    ADD CONSTRAINT `FK_members_roles_acl_roles` FOREIGN KEY (`role_id`) REFERENCES `acl_roles` (`role_id`) ON DELETE CASCADE ON UPDATE CASCADE,
    ADD CONSTRAINT `FK_members_roles_members` FOREIGN KEY (`member_id`) REFERENCES `members` (`member_id`) ON DELETE CASCADE ON UPDATE CASCADE;

--
-- Constraints for table `members_ta`
--
ALTER TABLE `members_ta`
    ADD CONSTRAINT `FK_members_ta_company_ta` FOREIGN KEY (`company_ta_id`) REFERENCES `company_ta` (`company_ta_id`) ON DELETE CASCADE ON UPDATE CASCADE,
    ADD CONSTRAINT `FK_members_ta_members` FOREIGN KEY (`member_id`) REFERENCES `members` (`member_id`) ON DELETE CASCADE ON UPDATE CASCADE;

--
-- Constraints for table `members_vevo_mapping`
--
ALTER TABLE `members_vevo_mapping`
    ADD CONSTRAINT `FK_members_vevo_mapping_members` FOREIGN KEY (`from_member_id`) REFERENCES `members` (`member_id`) ON DELETE CASCADE ON UPDATE CASCADE,
    ADD CONSTRAINT `FK_members_vevo_mapping_members_2` FOREIGN KEY (`to_member_id`) REFERENCES `members` (`member_id`) ON DELETE CASCADE ON UPDATE CASCADE;

--
-- Constraints for table `packages_details`
--
ALTER TABLE `packages_details`
    ADD CONSTRAINT `FK_packages_details_acl_rules` FOREIGN KEY (`rule_id`) REFERENCES `acl_rules` (`rule_id`) ON DELETE CASCADE ON UPDATE CASCADE,
    ADD CONSTRAINT `FK_packages_details_packages` FOREIGN KEY (`package_id`) REFERENCES `packages` (`package_id`) ON DELETE CASCADE ON UPDATE CASCADE;

--
-- Constraints for table `pricing_category_details`
--
ALTER TABLE `pricing_category_details`
    ADD CONSTRAINT `FK_pricing_category_details_pricing_categories` FOREIGN KEY (`pricing_category_id`) REFERENCES `pricing_categories` (`pricing_category_id`) ON DELETE CASCADE ON UPDATE CASCADE,
    ADD CONSTRAINT `FK_pricing_category_details_subscriptions` FOREIGN KEY (`subscription_id`) REFERENCES `subscriptions` (`subscription_id`) ON DELETE CASCADE ON UPDATE CASCADE;

--
-- Constraints for table `prospects`
--
ALTER TABLE `prospects`
    ADD CONSTRAINT `FK_prospects_company` FOREIGN KEY (`company_id`) REFERENCES `company` (`company_id`) ON DELETE SET NULL ON UPDATE CASCADE,
    ADD CONSTRAINT `FK_prospects_pricing_categories` FOREIGN KEY (`pricing_category_id`) REFERENCES `pricing_categories` (`pricing_category_id`) ON DELETE SET NULL ON UPDATE SET NULL,
    ADD CONSTRAINT `FK_prospects_subscriptions` FOREIGN KEY (`package_type`) REFERENCES `subscriptions` (`subscription_id`) ON DELETE SET NULL ON UPDATE CASCADE;

--
-- Constraints for table `searches`
--
ALTER TABLE `searches`
    ADD CONSTRAINT `FK_searches_company` FOREIGN KEY (`company_id`) REFERENCES `company` (`company_id`) ON DELETE CASCADE ON UPDATE CASCADE,
    ADD CONSTRAINT `FK_searches_members` FOREIGN KEY (`author_id`) REFERENCES `members` (`member_id`) ON DELETE SET NULL ON UPDATE CASCADE;

--
-- Constraints for table `snapshots`
--
ALTER TABLE `snapshots`
    ADD CONSTRAINT `FK_snapshots_FormUpload` FOREIGN KEY (`assigned_form_id`) REFERENCES `FormUpload` (`FormId`) ON DELETE SET NULL ON UPDATE CASCADE;

--
-- Constraints for table `states`
--
ALTER TABLE `states`
    ADD CONSTRAINT `FK_states_country_master` FOREIGN KEY (`country_id`) REFERENCES `country_master` (`countries_id`) ON DELETE CASCADE ON UPDATE CASCADE;

--
-- Constraints for table `subscriptions_packages`
--
ALTER TABLE `subscriptions_packages`
    ADD CONSTRAINT `FK_subscriptions_packages_packages` FOREIGN KEY (`package_id`) REFERENCES `packages` (`package_id`) ON DELETE CASCADE ON UPDATE CASCADE,
    ADD CONSTRAINT `FK_subscriptions_packages_subscriptions` FOREIGN KEY (`subscription_id`) REFERENCES `subscriptions` (`subscription_id`) ON DELETE CASCADE ON UPDATE CASCADE;

--
-- Constraints for table `templates`
--
ALTER TABLE `templates`
    ADD CONSTRAINT `FK_templates_members` FOREIGN KEY (`member_id`) REFERENCES `members` (`member_id`) ON DELETE CASCADE ON UPDATE CASCADE,
    ADD CONSTRAINT `FK_templates_u_folders` FOREIGN KEY (`folder_id`) REFERENCES `u_folders` (`folder_id`) ON DELETE CASCADE ON UPDATE CASCADE;

--
-- Constraints for table `template_attachments`
--
ALTER TABLE `template_attachments`
    ADD CONSTRAINT `FK_template_attachments_email_templates` FOREIGN KEY (`email_template_id`) REFERENCES `templates` (`template_id`) ON DELETE CASCADE ON UPDATE CASCADE,
    ADD CONSTRAINT `FK_template_attachments_letter_templates` FOREIGN KEY (`letter_template_id`) REFERENCES `templates` (`template_id`) ON DELETE CASCADE ON UPDATE CASCADE;

--
-- Constraints for table `template_file_attachments`
--
ALTER TABLE `template_file_attachments`
    ADD CONSTRAINT `FK_template_file_attachments_members` FOREIGN KEY (`member_id`) REFERENCES `members` (`member_id`) ON DELETE CASCADE ON UPDATE CASCADE,
    ADD CONSTRAINT `FK_template_file_attachments_templates` FOREIGN KEY (`template_id`) REFERENCES `templates` (`template_id`) ON DELETE CASCADE ON UPDATE CASCADE;

--
-- Constraints for table `tickets`
--
ALTER TABLE `tickets`
    ADD CONSTRAINT `FK_tickets_author` FOREIGN KEY (`author_id`) REFERENCES `members` (`member_id`) ON DELETE CASCADE ON UPDATE CASCADE,
    ADD CONSTRAINT `FK_tickets_company` FOREIGN KEY (`company_id`) REFERENCES `company` (`company_id`) ON DELETE CASCADE ON UPDATE CASCADE,
    ADD CONSTRAINT `FK_tickets_company_member` FOREIGN KEY (`company_member_id`) REFERENCES `members` (`member_id`) ON DELETE CASCADE ON UPDATE CASCADE;

--
-- Constraints for table `time_tracker`
--
ALTER TABLE `time_tracker`
    ADD CONSTRAINT `FK_clients_time_tracker_members` FOREIGN KEY (`track_member_id`) REFERENCES `members` (`member_id`) ON DELETE CASCADE ON UPDATE CASCADE,
    ADD CONSTRAINT `FK_time_tracker_company` FOREIGN KEY (`track_company_id`) REFERENCES `company` (`company_id`) ON DELETE CASCADE ON UPDATE CASCADE;

--
-- Constraints for table `users`
--
ALTER TABLE `users`
    ADD CONSTRAINT `FK_users_country_master` FOREIGN KEY (`country`) REFERENCES `country_master` (`countries_id`) ON DELETE SET NULL ON UPDATE CASCADE,
    ADD CONSTRAINT `FK_users_members` FOREIGN KEY (`member_id`) REFERENCES `members` (`member_id`) ON DELETE CASCADE ON UPDATE CASCADE;

--
-- Constraints for table `user_smtp`
--
ALTER TABLE `user_smtp`
    ADD CONSTRAINT `FK_user_smtp_1` FOREIGN KEY (`member_id`) REFERENCES `members` (`member_id`) ON DELETE CASCADE ON UPDATE CASCADE;

--
-- Constraints for table `u_assigned_deposits`
--
ALTER TABLE `u_assigned_deposits`
    ADD CONSTRAINT `FK_u_assigned_deposits_company_ta` FOREIGN KEY (`company_ta_id`) REFERENCES `company_ta` (`company_ta_id`) ON DELETE CASCADE ON UPDATE CASCADE,
    ADD CONSTRAINT `FK_u_assigned_deposits_members` FOREIGN KEY (`author_id`) REFERENCES `members` (`member_id`) ON DELETE SET NULL ON UPDATE CASCADE,
    ADD CONSTRAINT `FK_u_assigned_deposits_members_2` FOREIGN KEY (`member_id`) REFERENCES `members` (`member_id`) ON DELETE CASCADE ON UPDATE CASCADE,
    ADD CONSTRAINT `FK_u_assigned_deposits_templates` FOREIGN KEY (`template_id`) REFERENCES `templates` (`template_id`) ON DELETE SET NULL ON UPDATE SET NULL,
    ADD CONSTRAINT `FK_u_assigned_deposits_u_trust_account` FOREIGN KEY (`trust_account_id`) REFERENCES `u_trust_account` (`trust_account_id`) ON DELETE CASCADE ON UPDATE CASCADE;

--
-- Constraints for table `u_assigned_withdrawals`
--
ALTER TABLE `u_assigned_withdrawals`
    ADD CONSTRAINT `FK_company_ta_id` FOREIGN KEY (`company_ta_id`) REFERENCES `company_ta` (`company_ta_id`) ON DELETE CASCADE ON UPDATE CASCADE,
    ADD CONSTRAINT `FK_invoice_id` FOREIGN KEY (`invoice_id`) REFERENCES `u_invoice` (`invoice_id`) ON DELETE CASCADE ON UPDATE CASCADE,
    ADD CONSTRAINT `FK_returned_payment_member_id` FOREIGN KEY (`returned_payment_member_id`) REFERENCES `members` (`member_id`) ON DELETE CASCADE ON UPDATE CASCADE,
    ADD CONSTRAINT `FK_trust_account_id` FOREIGN KEY (`trust_account_id`) REFERENCES `u_trust_account` (`trust_account_id`) ON DELETE CASCADE ON UPDATE CASCADE,
    ADD CONSTRAINT `FK_u_assigned_withdrawals_members` FOREIGN KEY (`author_id`) REFERENCES `members` (`member_id`) ON DELETE SET NULL ON UPDATE CASCADE,
    ADD CONSTRAINT `FK_u_member_id` FOREIGN KEY (`member_id`) REFERENCES `members` (`member_id`) ON DELETE CASCADE ON UPDATE CASCADE;

--
-- Constraints for table `u_deposit_types`
--
ALTER TABLE `u_deposit_types`
    ADD CONSTRAINT `FK_u_deposit_types_company` FOREIGN KEY (`company_id`) REFERENCES `company` (`company_id`) ON DELETE CASCADE ON UPDATE CASCADE,
    ADD CONSTRAINT `FK_u_deposit_types_members` FOREIGN KEY (`author_id`) REFERENCES `members` (`member_id`) ON DELETE SET NULL ON UPDATE CASCADE;

--
-- Constraints for table `u_destination_types`
--
ALTER TABLE `u_destination_types`
    ADD CONSTRAINT `FK_u_destination_types_company` FOREIGN KEY (`company_id`) REFERENCES `company` (`company_id`) ON DELETE CASCADE ON UPDATE CASCADE,
    ADD CONSTRAINT `FK_u_destination_types_members` FOREIGN KEY (`author_id`) REFERENCES `members` (`member_id`) ON DELETE SET NULL ON UPDATE CASCADE;

--
-- Constraints for table `u_folders`
--
ALTER TABLE `u_folders`
    ADD CONSTRAINT `FK_u_folders_company` FOREIGN KEY (`company_id`) REFERENCES `company` (`company_id`) ON DELETE CASCADE ON UPDATE CASCADE,
    ADD CONSTRAINT `FK_u_folders_members` FOREIGN KEY (`author_id`) REFERENCES `members` (`member_id`) ON DELETE SET NULL ON UPDATE CASCADE;

--
-- Constraints for table `u_import_transactions`
--
ALTER TABLE `u_import_transactions`
    ADD CONSTRAINT `FK_u_import_transactions_company_ta` FOREIGN KEY (`company_ta_id`) REFERENCES `company_ta` (`company_ta_id`) ON DELETE CASCADE ON UPDATE CASCADE,
    ADD CONSTRAINT `FK_u_import_transactions_members` FOREIGN KEY (`author_id`) REFERENCES `members` (`member_id`) ON DELETE SET NULL ON UPDATE CASCADE;

--
-- Constraints for table `u_invoice`
--
ALTER TABLE `u_invoice`
    ADD CONSTRAINT `FK_u_invoice_company_ta` FOREIGN KEY (`company_ta_id`) REFERENCES `company_ta` (`company_ta_id`) ON DELETE CASCADE ON UPDATE CASCADE,
    ADD CONSTRAINT `FK_u_invoice_members` FOREIGN KEY (`member_id`) REFERENCES `members` (`member_id`) ON DELETE CASCADE ON UPDATE CASCADE,
    ADD CONSTRAINT `FK_u_invoice_members1` FOREIGN KEY (`author_id`) REFERENCES `members` (`member_id`) ON DELETE SET NULL ON UPDATE CASCADE;

--
-- Constraints for table `u_links`
--
ALTER TABLE `u_links`
    ADD CONSTRAINT `FK_u_links_members` FOREIGN KEY (`member_id`) REFERENCES `members` (`member_id`) ON DELETE CASCADE ON UPDATE CASCADE;

--
-- Constraints for table `u_links_sharing`
--
ALTER TABLE `u_links_sharing`
    ADD CONSTRAINT `FK_u_links_sharing_acl_roles` FOREIGN KEY (`role_id`) REFERENCES `acl_roles` (`role_id`) ON DELETE CASCADE ON UPDATE CASCADE,
    ADD CONSTRAINT `FK_u_links_sharing_u_links` FOREIGN KEY (`link_id`) REFERENCES `u_links` (`link_id`) ON DELETE CASCADE ON UPDATE CASCADE;

--
-- Constraints for table `u_log`
--
ALTER TABLE `u_log`
    ADD CONSTRAINT `FK_u_log_members` FOREIGN KEY (`author_id`) REFERENCES `members` (`member_id`) ON DELETE SET NULL ON UPDATE CASCADE,
    ADD CONSTRAINT `FK_u_log_u_trust_account` FOREIGN KEY (`trust_account_id`) REFERENCES `u_trust_account` (`trust_account_id`) ON DELETE CASCADE ON UPDATE CASCADE;

--
-- Constraints for table `u_notes`
--
ALTER TABLE `u_notes`
    ADD CONSTRAINT `FK_u_notes_company` FOREIGN KEY (`company_id`) REFERENCES `company` (`company_id`) ON DELETE CASCADE ON UPDATE CASCADE,
    ADD CONSTRAINT `FK_u_notes_members` FOREIGN KEY (`member_id`) REFERENCES `members` (`member_id`) ON DELETE CASCADE ON UPDATE CASCADE;

--
-- Constraints for table `u_payment`
--
ALTER TABLE `u_payment`
    ADD CONSTRAINT `FK_author_id_u_payment` FOREIGN KEY (`author_id`) REFERENCES `members` (`member_id`) ON DELETE SET NULL ON UPDATE SET NULL,
    ADD CONSTRAINT `FK_company_ta_id_2_u_payment` FOREIGN KEY (`company_ta_id`) REFERENCES `company_ta` (`company_ta_id`) ON DELETE CASCADE ON UPDATE CASCADE,
    ADD CONSTRAINT `FK_trust_account_id_2_u_payment` FOREIGN KEY (`trust_account_id`) REFERENCES `u_trust_account` (`trust_account_id`) ON DELETE CASCADE ON UPDATE CASCADE,
    ADD CONSTRAINT `FK_u_invoice_id` FOREIGN KEY (`invoice_id`) REFERENCES `u_invoice` (`invoice_id`) ON DELETE SET NULL ON UPDATE CASCADE,
    ADD CONSTRAINT `FK_u_payment_members` FOREIGN KEY (`member_id`) REFERENCES `members` (`member_id`) ON DELETE CASCADE ON UPDATE CASCADE,
    ADD CONSTRAINT `FK_u_payment_u_payment_schedule` FOREIGN KEY (`payment_schedule_id`) REFERENCES `u_payment_schedule` (`payment_schedule_id`) ON DELETE CASCADE ON UPDATE CASCADE;

--
-- Constraints for table `u_payment_invoices`
--
ALTER TABLE `u_payment_invoices`
    ADD CONSTRAINT `FK_u_payment_invoices_company_ta` FOREIGN KEY (`company_ta_id`) REFERENCES `company_ta` (`company_ta_id`) ON DELETE CASCADE ON UPDATE CASCADE,
    ADD CONSTRAINT `FK_u_payment_invoices_members` FOREIGN KEY (`member_id`) REFERENCES `members` (`member_id`) ON DELETE CASCADE ON UPDATE CASCADE;

--
-- Constraints for table `u_payment_schedule`
--
ALTER TABLE `u_payment_schedule`
    ADD CONSTRAINT `FK_u_payment_schedule_members` FOREIGN KEY (`member_id`) REFERENCES `members` (`member_id`) ON DELETE CASCADE ON UPDATE CASCADE,
    ADD CONSTRAINT `FK_u_template_id` FOREIGN KEY (`template_id`) REFERENCES `templates` (`template_id`) ON DELETE SET NULL ON UPDATE CASCADE;

--
-- Constraints for table `u_payment_templates`
--
ALTER TABLE `u_payment_templates`
    ADD CONSTRAINT `FK_u_payment_templates_company` FOREIGN KEY (`company_id`) REFERENCES `company` (`company_id`) ON DELETE CASCADE ON UPDATE CASCADE;

--
-- Constraints for table `u_tasks`
--
ALTER TABLE `u_tasks`
    ADD CONSTRAINT `FK_u_tasks_company` FOREIGN KEY (`company_id`) REFERENCES `company` (`company_id`) ON DELETE CASCADE ON UPDATE CASCADE,
    ADD CONSTRAINT `FK_u_tasks_members` FOREIGN KEY (`author_id`) REFERENCES `members` (`member_id`) ON DELETE SET NULL ON UPDATE CASCADE;

--
-- Constraints for table `u_tasks_assigned_to`
--
ALTER TABLE `u_tasks_assigned_to`
    ADD CONSTRAINT `FK_u_tasks_assigned_to_members` FOREIGN KEY (`member_id`) REFERENCES `members` (`member_id`) ON DELETE CASCADE ON UPDATE CASCADE,
    ADD CONSTRAINT `FK_u_tasks_assigned_to_u_tasks` FOREIGN KEY (`task_id`) REFERENCES `u_tasks` (`task_id`) ON DELETE CASCADE ON UPDATE CASCADE;

--
-- Constraints for table `u_tasks_messages`
--
ALTER TABLE `u_tasks_messages`
    ADD CONSTRAINT `FK_u_tasks_messages_members` FOREIGN KEY (`member_id`) REFERENCES `members` (`member_id`) ON DELETE CASCADE ON UPDATE CASCADE,
    ADD CONSTRAINT `FK_u_tasks_messages_u_tasks` FOREIGN KEY (`task_id`) REFERENCES `u_tasks` (`task_id`) ON DELETE CASCADE ON UPDATE CASCADE;

--
-- Constraints for table `u_tasks_priority`
--
ALTER TABLE `u_tasks_priority`
    ADD CONSTRAINT `FK_u_tasks_priority_members` FOREIGN KEY (`member_id`) REFERENCES `members` (`member_id`) ON DELETE CASCADE ON UPDATE CASCADE,
    ADD CONSTRAINT `FK_u_tasks_priority_u_tasks` FOREIGN KEY (`task_id`) REFERENCES `u_tasks` (`task_id`) ON DELETE CASCADE ON UPDATE CASCADE;

--
-- Constraints for table `u_tasks_read`
--
ALTER TABLE `u_tasks_read`
    ADD CONSTRAINT `FK__members` FOREIGN KEY (`member_id`) REFERENCES `members` (`member_id`) ON DELETE CASCADE ON UPDATE CASCADE,
    ADD CONSTRAINT `FK__u_tasks` FOREIGN KEY (`task_id`) REFERENCES `u_tasks` (`task_id`) ON DELETE CASCADE ON UPDATE CASCADE;

--
-- Constraints for table `u_trust_account`
--
ALTER TABLE `u_trust_account`
    ADD CONSTRAINT `FK_u_trust_account_company_ta` FOREIGN KEY (`company_ta_id`) REFERENCES `company_ta` (`company_ta_id`) ON DELETE CASCADE ON UPDATE CASCADE;

--
-- Constraints for table `u_withdrawal_types`
--
ALTER TABLE `u_withdrawal_types`
    ADD CONSTRAINT `FK_u_withdrawal_types_company` FOREIGN KEY (`company_id`) REFERENCES `company` (`company_id`) ON DELETE CASCADE ON UPDATE CASCADE,
    ADD CONSTRAINT `FK_u_withdrawal_types_members` FOREIGN KEY (`author_id`) REFERENCES `members` (`member_id`) ON DELETE SET NULL ON UPDATE CASCADE;
