DELETE FROM `company_questionnaires` WHERE  `q_id`!=1;
UPDATE `company_questionnaires` SET `q_name`='Default Prospect Questionnaire' WHERE  `q_id`=1 AND `company_id`=0;

DELETE FROM company_prospects_categories;
INSERT INTO `company_prospects_categories` (`prospect_category_id`, `prospect_category_unique_id`, `prospect_category_name`, `prospect_category_short_name`, `prospect_category_show_in_settings`, `prospect_category_order`) VALUES
(1, 'qualified', 'Qualified', 'qualified', 'Y', 0);


DELETE FROM company_questionnaires_fields;
DELETE FROM company_questionnaires_sections;

INSERT INTO `company_questionnaires_sections` (`q_section_id`, `q_section_step`, `q_section_order`) VALUES
  (1, 1, 1),
  (2, 1, 2),
  (3, 1, 3),
  (4, 2, 4),
  (5, 2, 5),
  (6, 2, 7),
  (7, 3, 7),
  (8, 3, 8),
  (9, 4, 9),
  (10, 2, 10),
  (11, 2, 11),
  (12, 2, 6)
;


INSERT INTO `company_questionnaires_sections_templates` (`q_id`, `q_section_id`, `q_section_template_name`, `q_section_prospect_profile`, `q_section_help`, `q_section_help_show`) VALUES
  (1, 1, 'PERSONAL INFORMATION', 'PERSONAL INFORMATION', '<br>', 'N'),
  (1, 2, 'CURRENT ADDRESS IN AUSTRALIA', 'CURRENT ADDRESS IN AUSTRALIA', NULL, 'N'),
  (1, 3, 'SPOUSE/PARTNER\'S PERSONAL INFORMATION', 'SPOUSE/PARTNER\'S PERSONAL INFORMATION', NULL, 'N'),
  (1, 4, 'FAMILY COMPOSITION', 'FAMILY COMPOSITION', NULL, 'N'),
  (1, 5, 'EDUCATION', 'EDUCATION', NULL, 'N'),
  (1, 6, 'LANGUAGE', 'LANGUAGE', NULL, 'N'),
  (1, 7, 'EMPLOYMENT', 'EMPLOYMENT', NULL, 'N'),
  (1, 8, 'SPOUSE/PARTNER\'S EMPLOYMENT', 'SPOUSE/PARTNER\'S EMPLOYMENT', NULL, 'N'),
  (1, 9, 'BUSINESS OR SIGNIFICANT INVESTMENT INFORMATION', 'BUSINESS OR SIGNIFICANT INVESTMENT INFORMATION', NULL, 'N'),
  (1, 10, 'STATE SPONSORSHIP INFORMATION', 'STATE SPONSORSHIP INFORMATION', NULL, 'N'),
  (1, 11, 'SPONSORING EMPLOYER DETAILS', 'SPONSORING EMPLOYER DETAILS', NULL, 'N'),
  (1, 12, 'PROFESSIONAL PROGRAMS', 'PROFESSIONAL PROGRAMS', NULL, 'N')
;


INSERT INTO `company_questionnaires_fields` (`q_field_id`, `q_field_unique_id`, `q_section_id`, `q_field_type`, `q_field_required`, `q_field_show_in_prospect_profile`, `q_field_show_please_select`, `q_field_order`) VALUES
  (2, 'qf_last_name', 1, 'textfield', 'Y', 'Y', 'N', 2),
  (3, 'qf_first_name', 1, 'textfield', 'Y', 'Y', 'N', 1),
  (4, 'qf_age', 1, 'date', 'Y', 'Y', 'N', 3),
  (5, 'qf_country_of_citizenship', 1, 'country', 'Y', 'Y', 'Y', 6),
  (6, 'qf_country_of_residence', 1, 'country', 'N', 'Y', 'Y', 7),
  (7, 'qf_email', 1, 'email', 'Y', 'Y', 'N', 5),
  (8, 'qf_phone', 1, 'textfield', 'N', 'Y', 'N', 4),
  (9, 'qf_current_address_visa_type', 1, 'textfield', 'N', 'Y', 'N', 9),
  (10, 'qf_current_address_street_address_1', 2, 'textfield', 'N', 'Y', 'N', 10),
  (11, 'qf_current_address_street_address_2', 2, 'textfield', 'N', 'Y', 'N', 11),
  (12, 'qf_current_address_suburb', 2, 'textfield', 'N', 'Y', 'N', 12),
  (13, 'qf_current_address_state', 2, 'textfield', 'N', 'Y', 'N', 13),
  (14, 'qf_current_address_postal_code', 2, 'textfield', 'N', 'Y', 'N', 14),
  (15, 'qf_applied_for_visa_before', 1, 'radio', 'N', 'Y', 'N', 15),
  (16, 'qf_visa_refused_or_cancelled', 1, 'radio', 'N', 'Y', 'N', 16),
  (17, 'qf_marital_status', 1, 'combo', 'N', 'Y', 'N', 17),
  (18, 'qf_area_of_interest', 1, 'checkbox', 'Y', 'Y', 'N', 18),
  (19, 'qf_spouse_first_name', 3, 'textfield', 'Y', 'Y', 'N', 19),
  (20, 'qf_spouse_last_name', 3, 'textfield', 'Y', 'Y', 'N', 20),
  (21, 'qf_spouse_date_of_birth', 3, 'date', 'Y', 'Y', 'N', 21),
  (22, 'qf_spouse_country_of_passport', 3, 'country', 'Y', 'Y', 'N', 22),
  (23, 'qf_spouse_country_of_current_residence', 3, 'country', 'N', 'Y', 'N', 23),
  (24, 'qf_spouse_is_resident_of_australia', 3, 'radio', 'N', 'Y', 'N', 24),
  (25, 'qf_spouse_is_resident_of_new_zealand', 3, 'radio', 'N', 'Y', 'N', 25),
  (26, 'qf_education_highest_qualification', 5, 'combo', 'N', 'Y', 'N', 2),
  (27, 'qf_education_name_qualification', 5, 'textfield', 'N', 'Y', 'N', 3),
  (28, 'qf_education_name_bachelor_degree', 5, 'textfield', 'N', 'Y', 'N', 4),
  (29, 'qf_education_country_of_education', 5, 'country', 'N', 'Y', 'N', 5),
  (30, 'qf_education_duration_of_course', 5, 'number', 'N', 'Y', 'N', 6),
  (31, 'qf_education_was_course_in_regional', 5, 'radio', 'N', 'Y', 'N', 7),
  (32, 'qf_education_completion_date', 5, 'date', 'N', 'Y', 'N', 8),
  (33, 'qf_language_have_taken_ielts', 6, 'radio', 'N', 'Y', 'N', 2),
  (34, 'qf_language_date_of_test', 6, 'date', 'N', 'Y', 'N', 3),
  (35, 'qf_language_listening_score', 6, 'combo', 'N', 'Y', 'N', 4),
  (36, 'qf_language_reading_score', 6, 'combo', 'N', 'Y', 'N', 5),
  (37, 'qf_language_writing_score', 6, 'combo', 'N', 'Y', 'N', 6),
  (38, 'qf_language_speaking_score', 6, 'combo', 'N', 'Y', 'N', 7),
  (39, 'qf_job_title', 7, 'job_and_noc', 'Y', 'Y', 'N', 1),
  (40, 'qf_job_employer', 7, 'textfield', 'N', 'Y', 'N', 3),
  (41, 'qf_job_text_title', 7, 'textfield', 'N', 'Y', 'N', 4),
  (42, 'qf_job_country_of_employment', 7, 'country', 'N', 'Y', 'N', 5),
  (43, 'qf_job_start_date', 7, 'date', 'N', 'Y', 'N', 6),
  (44, 'qf_job_end_date', 7, 'date', 'N', 'Y', 'N', 7),
  (51, 'qf_total_number_of_children', 4, 'number', 'N', 'Y', 'N', 26),
  (52, 'qf_number_of_children_australian_residents', 4, 'number', 'N', 'Y', 'N', 27),
  (53, 'qf_education_spouse_highest_qualification', 5, 'combo', 'N', 'Y', 'N', 10),
  (54, 'qf_education_spouse_name_qualification', 5, 'textfield', 'N', 'Y', 'N', 11),
  (55, 'qf_education_spouse_name_bachelor_degree', 5, 'textfield', 'N', 'Y', 'N', 12),
  (56, 'qf_education_spouse_country_of_education', 5, 'country', 'N', 'Y', 'N', 13),
  (57, 'qf_education_spouse_completion_date', 5, 'date', 'N', 'Y', 'N', 14),
  (58, 'qf_language_spouse_have_taken_ielts', 6, 'radio', 'N', 'Y', 'N', 10),
  (59, 'qf_language_spouse_date_of_test', 6, 'date', 'N', 'Y', 'N', 11),
  (60, 'qf_language_spouse_listening_score', 6, 'combo', 'N', 'Y', 'N', 12),
  (61, 'qf_language_spouse_reading_score', 6, 'combo', 'N', 'Y', 'N', 13),
  (62, 'qf_language_spouse_writing_score', 6, 'combo', 'N', 'Y', 'N', 14),
  (63, 'qf_language_spouse_speaking_score', 6, 'combo', 'N', 'Y', 'N', 15),
  (64, 'qf_language_spouse_overall_score', 6, 'combo', 'N', 'Y', 'N', 16),
  (68, 'qf_job_spouse_title', 8, 'job_and_noc', 'N', 'Y', 'N', 8),
  (69, 'qf_job_spouse_employer', 8, 'textfield', 'N', 'Y', 'N', 10),
  (70, 'qf_job_spouse_text_title', 8, 'textfield', 'N', 'Y', 'N', 11),
  (71, 'qf_job_spouse_country_of_employment', 8, 'country', 'N', 'Y', 'N', 12),
  (72, 'qf_job_spouse_start_date', 8, 'date', 'N', 'Y', 'N', 13),
  (73, 'qf_job_spouse_end_date', 8, 'date', 'N', 'Y', 'N', 14),
  (80, 'qf_prepared_to_invest', 9, 'radio', 'N', 'Y', 'N', 80),
  (81, 'qf_have_experience_in_managing', 9, 'radio', 'N', 'Y', 'N', 81),
  (82, 'qf_was_the_turnover_greater', 9, 'radio', 'N', 'Y', 'N', 82),
  (83, 'qf_is_your_net_worth', 9, 'radio', 'N', 'Y', 'N', 83),
  (84, 'qf_states_of_interest', 10, 'checkbox', 'N', 'Y', 'N', 84),
  (85, 'qf_have_you_completed_any_qualification', 10, 'radio', 'N', 'Y', 'N', 85),
  (86, 'qf_currently_have_a_job_offer', 10, 'radio', 'N', 'Y', 'N', 86),
  (87, 'qf_position_job_title', 11, 'textfield', 'N', 'Y', 'N', 87),
  (88, 'qf_name_of_the_business', 11, 'textfield', 'N', 'Y', 'N', 88),
  (89, 'qf_address_of_the_employer', 11, 'textfield', 'N', 'Y', 'N', 89),
  (90, 'qf_phone_number', 11, 'textfield', 'N', 'Y', 'N', 90),
  (91, 'qf_email_address', 11, 'email', 'N', 'Y', 'N', 91),
  (92, 'qf_contact_person', 11, 'textfield', 'N', 'Y', 'N', 92),
  (93, 'qf_education_your_label_au', 5, 'label', 'N', 'Y', 'N', 1),
  (94, 'qf_education_spouse_label_au', 5, 'label', 'N', 'Y', 'N', 9),
  (95, 'qf_language_your_label_au', 6, 'label', 'N', 'Y', 'N', 1),
  (96, 'qf_language_spouse_label_au', 6, 'label', 'N', 'Y', 'N', 9),
  (97, 'qf_language_overall_score', 6, 'combo', 'N', 'Y', 'N', 8),
  (100, 'qf_job_spouse_resume', 8, 'file', 'Y', 'Y', 'N', 0),
  (101, 'qf_job_resume', 7, 'file', 'Y', 'Y', 'N', 0),
  (102, 'qf_email_confirmation', 1, 'email', 'Y', 'N', 'N', 5),
  (103, 'qf_date_permanent_residency_obtained', 1, 'date', 'N', 'Y', 'N', 20),
  (104, 'qf_programs_completed_professional_year', 12, 'radio', 'N', 'Y', 'Y', 16),
  (105, 'qf_programs_name', 12, 'textfield', 'N', 'Y', 'N', 17),
  (106, 'qf_programs_year_completed', 12, 'textfield', 'N', 'Y', 'N', 18),
  (107, 'qf_programs_have_credentialed_language_qualification', 12, 'radio', 'N', 'Y', 'Y', 19),
  (108, 'qf_area_of_interest_other1', 1, 'textarea', 'N', 'N', 'N', '19');
;


INSERT INTO `company_questionnaires_fields_options` (`q_field_option_id`, `q_field_id`, `q_field_option_unique_id`, `q_field_option_selected`, `q_field_option_order`) VALUES
  (1, 15, 'yes', 'N', 0),
  (2, 15, 'no', 'N', 1),
  (3, 16, 'yes', 'N', 0),
  (4, 16, 'no', 'N', 1),
  (5, 17, 'never_married', 'N', 0),
  (6, 17, 'divorced', 'N', 1),
  (7, 17, 'married', 'N', 2),
  (8, 17, 'engaged', 'N', 3),
  (9, 18, 'skilled_independent_visa', 'N', 0),
  (10, 18, 'employer_sponsored_visa', 'N', 1),
  (11, 18, 'partner_visa', 'N', 2),
  (12, 18, 'parent_visa', 'N', 3),
  (13, 18, 'student_visa', 'N', 4),
  (14, 18, 'business_investment_visa', 'N', 5),
  (15, 18, 'state_sponsorship_visa', 'N', 6),
  (16, 24, 'yes', 'N', 0),
  (17, 24, 'no', 'N', 1),
  (18, 25, 'yes', 'N', 0),
  (19, 25, 'no', 'N', 1),
  (20, 26, 'phd', 'N', 0),
  (22, 26, 'masters_degree', 'N', 2),
  (24, 26, 'bachelor_degree', 'N', 4),
  (25, 26, 'associate_degree', 'N', 5),
  (26, 26, 'advanced_diploma', 'N', 6),
  (27, 26, 'diploma', 'N', 7),
  (28, 26, 'trade_certificate', 'N', 8),
  (29, 33, 'yes', 'N', 0),
  (30, 33, 'no', 'N', 1),
  (31, 31, 'yes', 'N', 0),
  (32, 31, 'no', 'N', 1),
  (33, 39, 'anzsco', 'N', 0),
  (34, 39, 'choice_2', 'N', 1),
  (37, 53, 'phd', 'N', 0),
  (39, 53, 'masters_degree', 'N', 2),
  (41, 53, 'bachelor_degree', 'N', 4),
  (42, 53, 'associate_degree', 'N', 5),
  (43, 53, 'advanced_diploma', 'N', 6),
  (44, 53, 'diploma', 'N', 7),
  (45, 53, 'trade_certificate', 'N', 8),
  (46, 58, 'yes', 'N', 0),
  (47, 58, 'no', 'N', 1),
  (52, 68, 'anzsco', 'N', 0),
  (53, 68, 'choice_2', 'N', 1),
  (59, 80, 'yes', 'N', 0),
  (60, 80, 'no', 'N', 1),
  (61, 81, 'yes', 'N', 0),
  (62, 81, 'no', 'N', 1),
  (63, 82, 'yes', 'N', 0),
  (64, 82, 'no', 'N', 1),
  (65, 83, 'yes', 'N', 0),
  (66, 83, 'no', 'N', 1),
  (67, 84, 'queensland', 'N', 0),
  (68, 84, 'new_south_wales', 'N', 1),
  (69, 84, 'victoria', 'N', 2),
  (70, 84, 'act', 'N', 3),
  (71, 84, 'tasmania', 'N', 4),
  (72, 84, 'western_australia', 'N', 5),
  (73, 84, 'northern_territory', 'N', 6),
  (75, 84, 'south_australia', 'N', 7),
  (76, 85, 'yes', 'N', 0),
  (77, 85, 'no', 'N', 1),
  (78, 86, 'yes', 'N', 0),
  (79, 86, 'no', 'N', 1),
  (80, 35, '0', 'N', 1),
  (81, 35, '0.5', 'N', 2),
  (82, 35, '1', 'N', 3),
  (83, 35, '1.5', 'N', 4),
  (84, 35, '2', 'N', 5),
  (85, 35, '2.5', 'N', 6),
  (86, 35, '3', 'N', 7),
  (87, 35, '3.5', 'N', 8),
  (88, 35, '4', 'N', 9),
  (89, 35, '4.5', 'N', 10),
  (90, 35, '5', 'N', 11),
  (91, 35, '5.5', 'N', 12),
  (92, 35, '6', 'N', 13),
  (93, 35, '6.5', 'N', 14),
  (94, 35, '7', 'N', 15),
  (95, 35, '7.5', 'N', 16),
  (96, 35, '8', 'N', 17),
  (97, 35, '8.5', 'N', 18),
  (98, 35, '9', 'N', 19),
  (100, 36, '0', 'N', 1),
  (101, 36, '0.5', 'N', 2),
  (102, 36, '1', 'N', 3),
  (103, 36, '1.5', 'N', 4),
  (104, 36, '2', 'N', 5),
  (105, 36, '2.5', 'N', 6),
  (106, 36, '3', 'N', 7),
  (107, 36, '3.5', 'N', 8),
  (108, 36, '4', 'N', 9),
  (109, 36, '4.5', 'N', 10),
  (110, 36, '5', 'N', 11),
  (111, 36, '5.5', 'N', 12),
  (112, 36, '6', 'N', 13),
  (113, 36, '6.5', 'N', 14),
  (114, 36, '7', 'N', 15),
  (115, 36, '7.5', 'N', 16),
  (116, 36, '8', 'N', 17),
  (117, 36, '8.5', 'N', 18),
  (118, 36, '9', 'N', 19),
  (120, 37, '0', 'N', 1),
  (121, 37, '0.5', 'N', 2),
  (122, 37, '1', 'N', 3),
  (123, 37, '1.5', 'N', 4),
  (124, 37, '2', 'N', 5),
  (125, 37, '2.5', 'N', 6),
  (126, 37, '3', 'N', 7),
  (127, 37, '3.5', 'N', 8),
  (128, 37, '4', 'N', 9),
  (129, 37, '4.5', 'N', 10),
  (130, 37, '5', 'N', 11),
  (131, 37, '5.5', 'N', 12),
  (132, 37, '6', 'N', 13),
  (133, 37, '6.5', 'N', 14),
  (134, 37, '7', 'N', 15),
  (135, 37, '7.5', 'N', 16),
  (136, 37, '8', 'N', 17),
  (137, 37, '8.5', 'N', 18),
  (138, 37, '9', 'N', 19),
  (151, 38, '0', 'N', 1),
  (152, 38, '0.5', 'N', 2),
  (153, 38, '1', 'N', 3),
  (154, 38, '1.5', 'N', 4),
  (155, 38, '2', 'N', 5),
  (156, 38, '2.5', 'N', 6),
  (157, 38, '3', 'N', 7),
  (158, 38, '3.5', 'N', 8),
  (159, 38, '4', 'N', 9),
  (160, 38, '4.5', 'N', 10),
  (161, 38, '5', 'N', 11),
  (162, 38, '5.5', 'N', 12),
  (163, 38, '6', 'N', 13),
  (164, 38, '6.5', 'N', 14),
  (165, 38, '7', 'N', 15),
  (166, 38, '7.5', 'N', 16),
  (167, 38, '8', 'N', 17),
  (168, 38, '8.5', 'N', 18),
  (169, 38, '9', 'N', 19),
  (182, 60, '0', 'N', 1),
  (183, 60, '0.5', 'N', 2),
  (184, 60, '1', 'N', 3),
  (185, 60, '1.5', 'N', 4),
  (186, 60, '2', 'N', 5),
  (187, 60, '2.5', 'N', 6),
  (188, 60, '3', 'N', 7),
  (189, 60, '3.5', 'N', 8),
  (190, 60, '4', 'N', 9),
  (191, 60, '4.5', 'N', 10),
  (192, 60, '5', 'N', 11),
  (193, 60, '5.5', 'N', 12),
  (194, 60, '6', 'N', 13),
  (195, 60, '6.5', 'N', 14),
  (196, 60, '7', 'N', 15),
  (197, 60, '7.5', 'N', 16),
  (198, 60, '8', 'N', 17),
  (199, 60, '8.5', 'N', 18),
  (200, 60, '9', 'N', 19),
  (213, 61, '0', 'N', 1),
  (214, 61, '0.5', 'N', 2),
  (215, 61, '1', 'N', 3),
  (216, 61, '1.5', 'N', 4),
  (217, 61, '2', 'N', 5),
  (218, 61, '2.5', 'N', 6),
  (219, 61, '3', 'N', 7),
  (220, 61, '3.5', 'N', 8),
  (221, 61, '4', 'N', 9),
  (222, 61, '4.5', 'N', 10),
  (223, 61, '5', 'N', 11),
  (224, 61, '5.5', 'N', 12),
  (225, 61, '6', 'N', 13),
  (226, 61, '6.5', 'N', 14),
  (227, 61, '7', 'N', 15),
  (228, 61, '7.5', 'N', 16),
  (229, 61, '8', 'N', 17),
  (230, 61, '8.5', 'N', 18),
  (231, 61, '9', 'N', 19),
  (244, 62, '0', 'N', 1),
  (245, 62, '0.5', 'N', 2),
  (246, 62, '1', 'N', 3),
  (247, 62, '1.5', 'N', 4),
  (248, 62, '2', 'N', 5),
  (249, 62, '2.5', 'N', 6),
  (250, 62, '3', 'N', 7),
  (251, 62, '3.5', 'N', 8),
  (252, 62, '4', 'N', 9),
  (253, 62, '4.5', 'N', 10),
  (254, 62, '5', 'N', 11),
  (255, 62, '5.5', 'N', 12),
  (256, 62, '6', 'N', 13),
  (257, 62, '6.5', 'N', 14),
  (258, 62, '7', 'N', 15),
  (259, 62, '7.5', 'N', 16),
  (260, 62, '8', 'N', 17),
  (261, 62, '8.5', 'N', 18),
  (262, 62, '9', 'N', 19),
  (275, 63, '0', 'N', 1),
  (276, 63, '0.5', 'N', 2),
  (277, 63, '1', 'N', 3),
  (278, 63, '1.5', 'N', 4),
  (279, 63, '2', 'N', 5),
  (280, 63, '2.5', 'N', 6),
  (281, 63, '3', 'N', 7),
  (282, 63, '3.5', 'N', 8),
  (283, 63, '4', 'N', 9),
  (284, 63, '4.5', 'N', 10),
  (285, 63, '5', 'N', 11),
  (286, 63, '5.5', 'N', 12),
  (287, 63, '6', 'N', 13),
  (288, 63, '6.5', 'N', 14),
  (289, 63, '7', 'N', 15),
  (290, 63, '7.5', 'N', 16),
  (291, 63, '8', 'N', 17),
  (292, 63, '8.5', 'N', 18),
  (293, 63, '9', 'N', 19),
  (306, 64, '0', 'N', 1),
  (307, 64, '0.5', 'N', 2),
  (308, 64, '1', 'N', 3),
  (309, 64, '1.5', 'N', 4),
  (310, 64, '2', 'N', 5),
  (311, 64, '2.5', 'N', 6),
  (312, 64, '3', 'N', 7),
  (313, 64, '3.5', 'N', 8),
  (314, 64, '4', 'N', 9),
  (315, 64, '4.5', 'N', 10),
  (316, 64, '5', 'N', 11),
  (317, 64, '5.5', 'N', 12),
  (318, 64, '6', 'N', 13),
  (319, 64, '6.5', 'N', 14),
  (320, 64, '7', 'N', 15),
  (321, 64, '7.5', 'N', 16),
  (322, 64, '8', 'N', 17),
  (323, 64, '8.5', 'N', 18),
  (324, 64, '9', 'N', 19),
  (337, 97, '0', 'N', 1),
  (338, 97, '0.5', 'N', 2),
  (339, 97, '1', 'N', 3),
  (340, 97, '1.5', 'N', 4),
  (341, 97, '2', 'N', 5),
  (342, 97, '2.5', 'N', 6),
  (343, 97, '3', 'N', 7),
  (344, 97, '3.5', 'N', 8),
  (345, 97, '4', 'N', 9),
  (346, 97, '4.5', 'N', 10),
  (347, 97, '5', 'N', 11),
  (348, 97, '5.5', 'N', 12),
  (349, 97, '6', 'N', 13),
  (350, 97, '6.5', 'N', 14),
  (351, 97, '7', 'N', 15),
  (352, 97, '7.5', 'N', 16),
  (353, 97, '8', 'N', 17),
  (354, 97, '8.5', 'N', 18),
  (355, 97, '9', 'N', 19),
  (356, 17, 'common_law', 'N', 4),
  (357, 18, 'citizenship', 'N', 7),
  (358, 26, 'high_school', 'N', 9),
  (359, 53, 'high_school', 'N', 9),
  (360, 104, 'yes', 'N', 0),
  (361, 104, 'no', 'N', 1),
  (362, 107, 'yes', 'N', 0),
  (363, 107, 'no', 'N', 1),
  (366, 18,'other', 8)
;


INSERT INTO `company_questionnaires_fields_options_templates` (`q_id`, `q_field_option_id`, `q_field_option_label`, `q_field_option_visible`) VALUES
  (1, 1, 'Yes', 'Y'),
  (1, 2, 'No', 'Y'),
  (1, 3, 'Yes', 'Y'),
  (1, 4, 'No', 'Y'),
  (1, 5, 'Never Married', 'Y'),
  (1, 6, 'Divorced', 'Y'),
  (1, 7, 'Married', 'Y'),
  (1, 8, 'Engaged', 'Y'),
  (1, 9, 'Skilled Independent Visa', 'Y'),
  (1, 10, 'Employer Sponsored Visa', 'Y'),
  (1, 11, 'Partner Visa', 'Y'),
  (1, 12, 'Parent Visa', 'Y'),
  (1, 13, 'Student Visa', 'Y'),
  (1, 14, 'Business/Significant Investment Visa', 'Y'),
  (1, 15, 'State Sponsorship Visa', 'Y'),
  (1, 16, 'Yes', 'Y'),
  (1, 17, 'No', 'Y'),
  (1, 18, 'Yes', 'Y'),
  (1, 19, 'No', 'Y'),
  (1, 20, 'PhD', 'Y'),
  (1, 22, 'Masters Degree', 'Y'),
  (1, 24, 'Bachelor Degree', 'Y'),
  (1, 25, 'Associate Degree', 'Y'),
  (1, 26, 'Advanced Diploma', 'Y'),
  (1, 27, 'Diploma', 'Y'),
  (1, 28, 'Trade Certificate', 'Y'),
  (1, 29, 'Yes', 'Y'),
  (1, 30, 'No', 'Y'),
  (1, 31, 'Yes', 'Y'),
  (1, 32, 'No', 'Y'),
  (1, 33, 'ANZSCO Occupations', 'Y'),
  (1, 34, 'Choice 2', 'Y'),
  (1, 37, 'PhD', 'Y'),
  (1, 39, 'Masters Degree', 'Y'),
  (1, 41, 'Bachelor Degree', 'Y'),
  (1, 42, 'Associate Degree', 'Y'),
  (1, 43, 'Advanced Diploma', 'Y'),
  (1, 44, 'Diploma', 'Y'),
  (1, 45, 'Trade Certificate', 'Y'),
  (1, 46, 'Yes', 'Y'),
  (1, 47, 'No', 'Y'),
  (1, 52, 'ANZSCO Occupations', 'Y'),
  (1, 53, 'Choice 2', 'Y'),
  (1, 59, 'Yes', 'Y'),
  (1, 60, 'No', 'Y'),
  (1, 61, 'Yes', 'Y'),
  (1, 62, 'No', 'Y'),
  (1, 63, 'Yes', 'Y'),
  (1, 64, 'No', 'Y'),
  (1, 65, 'Yes', 'Y'),
  (1, 66, 'No', 'Y'),
  (1, 67, 'Queensland', 'Y'),
  (1, 68, 'New South Wales', 'Y'),
  (1, 69, 'Victoria', 'Y'),
  (1, 70, 'ACT', 'Y'),
  (1, 71, 'Tasmania', 'Y'),
  (1, 72, 'Western Australia', 'Y'),
  (1, 73, 'Northern Territory', 'Y'),
  (1, 75, 'South Australia', 'Y'),
  (1, 76, 'Yes', 'Y'),
  (1, 77, 'No', 'Y'),
  (1, 78, 'Yes', 'Y'),
  (1, 79, 'No', 'Y'),
  (1, 80, '0', 'Y'),
  (1, 81, '0.5', 'Y'),
  (1, 82, '1.0', 'Y'),
  (1, 83, '1.5', 'Y'),
  (1, 84, '2.0', 'Y'),
  (1, 85, '2.5', 'Y'),
  (1, 86, '3.0', 'Y'),
  (1, 87, '3.5', 'Y'),
  (1, 88, '4.0', 'Y'),
  (1, 89, '4.5', 'Y'),
  (1, 90, '5.0', 'Y'),
  (1, 91, '5.5', 'Y'),
  (1, 92, '6.0', 'Y'),
  (1, 93, '6.5', 'Y'),
  (1, 94, '7.0', 'Y'),
  (1, 95, '7.5', 'Y'),
  (1, 96, '8.0', 'Y'),
  (1, 97, '8.5', 'Y'),
  (1, 98, '9.0', 'Y'),
  (1, 100, '0', 'Y'),
  (1, 101, '0.5', 'Y'),
  (1, 102, '1.0', 'Y'),
  (1, 103, '1.5', 'Y'),
  (1, 104, '2.0', 'Y'),
  (1, 105, '2.5', 'Y'),
  (1, 106, '3.0', 'Y'),
  (1, 107, '3.5', 'Y'),
  (1, 108, '4.0', 'Y'),
  (1, 109, '4.5', 'Y'),
  (1, 110, '5.0', 'Y'),
  (1, 111, '5.5', 'Y'),
  (1, 112, '6.0', 'Y'),
  (1, 113, '6.5', 'Y'),
  (1, 114, '7.0', 'Y'),
  (1, 115, '7.5', 'Y'),
  (1, 116, '8.0', 'Y'),
  (1, 117, '8.5', 'Y'),
  (1, 118, '9.0', 'Y'),
  (1, 120, '0', 'Y'),
  (1, 121, '0.5', 'Y'),
  (1, 122, '1.0', 'Y'),
  (1, 123, '1.5', 'Y'),
  (1, 124, '2.0', 'Y'),
  (1, 125, '2.5', 'Y'),
  (1, 126, '3.0', 'Y'),
  (1, 127, '3.5', 'Y'),
  (1, 128, '4.0', 'Y'),
  (1, 129, '4.5', 'Y'),
  (1, 130, '5.0', 'Y'),
  (1, 131, '5.5', 'Y'),
  (1, 132, '6.0', 'Y'),
  (1, 133, '6.5', 'Y'),
  (1, 134, '7.0', 'Y'),
  (1, 135, '7.5', 'Y'),
  (1, 136, '8.0', 'Y'),
  (1, 137, '8.5', 'Y'),
  (1, 138, '9.0', 'Y'),
  (1, 151, '0', 'Y'),
  (1, 152, '0.5', 'Y'),
  (1, 153, '1.0', 'Y'),
  (1, 154, '1.5', 'Y'),
  (1, 155, '2.0', 'Y'),
  (1, 156, '2.5', 'Y'),
  (1, 157, '3.0', 'Y'),
  (1, 158, '3.5', 'Y'),
  (1, 159, '4.0', 'Y'),
  (1, 160, '4.5', 'Y'),
  (1, 161, '5.0', 'Y'),
  (1, 162, '5.5', 'Y'),
  (1, 163, '6.0', 'Y'),
  (1, 164, '6.5', 'Y'),
  (1, 165, '7.0', 'Y'),
  (1, 166, '7.5', 'Y'),
  (1, 167, '8.0', 'Y'),
  (1, 168, '8.5', 'Y'),
  (1, 169, '9.0', 'Y'),
  (1, 182, '0', 'Y'),
  (1, 183, '0.5', 'Y'),
  (1, 184, '1.0', 'Y'),
  (1, 185, '1.5', 'Y'),
  (1, 186, '2.0', 'Y'),
  (1, 187, '2.5', 'Y'),
  (1, 188, '3.0', 'Y'),
  (1, 189, '3.5', 'Y'),
  (1, 190, '4.0', 'Y'),
  (1, 191, '4.5', 'Y'),
  (1, 192, '5.0', 'Y'),
  (1, 193, '5.5', 'Y'),
  (1, 194, '6.0', 'Y'),
  (1, 195, '6.5', 'Y'),
  (1, 196, '7.0', 'Y'),
  (1, 197, '7.5', 'Y'),
  (1, 198, '8.0', 'Y'),
  (1, 199, '8.5', 'Y'),
  (1, 200, '9.0', 'Y'),
  (1, 213, '0', 'Y'),
  (1, 214, '0.5', 'Y'),
  (1, 215, '1.0', 'Y'),
  (1, 216, '1.5', 'Y'),
  (1, 217, '2.0', 'Y'),
  (1, 218, '2.5', 'Y'),
  (1, 219, '3.0', 'Y'),
  (1, 220, '3.5', 'Y'),
  (1, 221, '4.0', 'Y'),
  (1, 222, '4.5', 'Y'),
  (1, 223, '5.0', 'Y'),
  (1, 224, '5.5', 'Y'),
  (1, 225, '6.0', 'Y'),
  (1, 226, '6.5', 'Y'),
  (1, 227, '7.0', 'Y'),
  (1, 228, '7.5', 'Y'),
  (1, 229, '8.0', 'Y'),
  (1, 230, '8.5', 'Y'),
  (1, 231, '9.0', 'Y'),
  (1, 244, '0', 'Y'),
  (1, 245, '0.5', 'Y'),
  (1, 246, '1.0', 'Y'),
  (1, 247, '1.5', 'Y'),
  (1, 248, '2.0', 'Y'),
  (1, 249, '2.5', 'Y'),
  (1, 250, '3.0', 'Y'),
  (1, 251, '3.5', 'Y'),
  (1, 252, '4.0', 'Y'),
  (1, 253, '4.5', 'Y'),
  (1, 254, '5.0', 'Y'),
  (1, 255, '5.5', 'Y'),
  (1, 256, '6.0', 'Y'),
  (1, 257, '6.5', 'Y'),
  (1, 258, '7.0', 'Y'),
  (1, 259, '7.5', 'Y'),
  (1, 260, '8.0', 'Y'),
  (1, 261, '8.5', 'Y'),
  (1, 262, '9.0', 'Y'),
  (1, 275, '0', 'Y'),
  (1, 276, '0.5', 'Y'),
  (1, 277, '1.0', 'Y'),
  (1, 278, '1.5', 'Y'),
  (1, 279, '2.0', 'Y'),
  (1, 280, '2.5', 'Y'),
  (1, 281, '3.0', 'Y'),
  (1, 282, '3.5', 'Y'),
  (1, 283, '4.0', 'Y'),
  (1, 284, '4.5', 'Y'),
  (1, 285, '5.0', 'Y'),
  (1, 286, '5.5', 'Y'),
  (1, 287, '6.0', 'Y'),
  (1, 288, '6.5', 'Y'),
  (1, 289, '7.0', 'Y'),
  (1, 290, '7.5', 'Y'),
  (1, 291, '8.0', 'Y'),
  (1, 292, '8.5', 'Y'),
  (1, 293, '9.0', 'Y'),
  (1, 306, '0', 'Y'),
  (1, 307, '0.5', 'Y'),
  (1, 308, '1.0', 'Y'),
  (1, 309, '1.5', 'Y'),
  (1, 310, '2.0', 'Y'),
  (1, 311, '2.5', 'Y'),
  (1, 312, '3.0', 'Y'),
  (1, 313, '3.5', 'Y'),
  (1, 314, '4.0', 'Y'),
  (1, 315, '4.5', 'Y'),
  (1, 316, '5.0', 'Y'),
  (1, 317, '5.5', 'Y'),
  (1, 318, '6.0', 'Y'),
  (1, 319, '6.5', 'Y'),
  (1, 320, '7.0', 'Y'),
  (1, 321, '7.5', 'Y'),
  (1, 322, '8.0', 'Y'),
  (1, 323, '8.5', 'Y'),
  (1, 324, '9.0', 'Y'),
  (1, 337, '0', 'Y'),
  (1, 338, '0.5', 'Y'),
  (1, 339, '1.0', 'Y'),
  (1, 340, '1.5', 'Y'),
  (1, 341, '2.0', 'Y'),
  (1, 342, '2.5', 'Y'),
  (1, 343, '3.0', 'Y'),
  (1, 344, '3.5', 'Y'),
  (1, 345, '4.0', 'Y'),
  (1, 346, '4.5', 'Y'),
  (1, 347, '5.0', 'Y'),
  (1, 348, '5.5', 'Y'),
  (1, 349, '6.0', 'Y'),
  (1, 350, '6.5', 'Y'),
  (1, 351, '7.0', 'Y'),
  (1, 352, '7.5', 'Y'),
  (1, 353, '8.0', 'Y'),
  (1, 354, '8.5', 'Y'),
  (1, 355, '9.0', 'Y'),
  (1, 356, 'De-Facto/Common Law', 'Y'),
  (1, 357, 'Citizenship', 'Y'),
  (1, 358, 'High School', 'Y'),
  (1, 359, 'High School', 'Y'),
  (1, 360, 'Yes', 'Y'),
  (1, 361, 'No', 'Y'),
  (1, 362, 'Yes', 'Y'),
  (1, 363, 'No', 'Y')
;


INSERT INTO `company_questionnaires_fields_templates` (`q_id`, `q_field_id`, `q_field_label`, `q_field_prospect_profile_label`, `q_field_help`, `q_field_help_show`) VALUES
  (1, 2, 'Family name:', '', NULL, 'N'),
  (1, 3, 'Given names:', '', NULL, 'N'),
  (1, 4, 'Date of birth:', '', NULL, 'N'),
  (1, 5, 'Country of Passport:', '', NULL, 'N'),
  (1, 6, 'Country of current Residence:', '', NULL, 'N'),
  (1, 7, 'Email:', '', NULL, 'N'),
  (1, 8, 'Phone number:', '', NULL, 'N'),
  (1, 9, 'Current Visa Type (e.g.: Student Visa):', '', NULL, 'N'),
  (1, 10, 'Street Address 1:', '', NULL, 'N'),
  (1, 11, 'Street Address 2:', '', NULL, 'N'),
  (1, 12, 'Suburb:', '', NULL, 'N'),
  (1, 13, 'State:', '', NULL, 'N'),
  (1, 14, 'Postal code:', '', NULL, 'N'),
  (1, 15, 'Have you ever applied for an Australian visa before?', '', NULL, 'N'),
  (1, 16, 'Was your visa ever refused or cancelled?', '', NULL, 'N'),
  (1, 17, 'Relationship Status:', '', NULL, 'N'),
  (1, 18, 'Area of Interest:', '', NULL, 'N'),
  (1, 19, 'Family Name of partner/spouse:', '', NULL, 'N'),
  (1, 20, 'Given Name of partner/spouse:', '', NULL, 'N'),
  (1, 21, 'Date of Birth of partner/spouse:', '', NULL, 'N'),
  (1, 22, 'Partner/Spouse\'s Country of Passport:', '', NULL, 'N'),
  (1, 23, 'Partner/Spouse\'s country of current residence:', '', NULL, 'N'),
  (1, 24, 'Is partner/spouse a permanent resident/citizen of Australia?', '', NULL, 'N'),
  (1, 25, 'Is partner/spouse a permanent resident/citizen of New Zealand?', '', NULL, 'N'),
  (1, 26, 'Highest Qualification:', '', NULL, 'N'),
  (1, 27, 'Name of the Qualification:', '', NULL, 'N'),
  (1, 28, 'Name of Bachelor Degree:', '', NULL, 'N'),
  (1, 29, 'Country of Education:', '', NULL, 'N'),
  (1, 30, 'Duration of Course (in years):', '', NULL, 'N'),
  (1, 31, 'Was your course conducted in regional Australia?', '', NULL, 'N'),
  (1, 32, 'Completion Date:', '', NULL, 'N'),
  (1, 33, 'Have you taken an IELTS test in last 36 months?', '', NULL, 'N'),
  (1, 34, 'Date of Test:', '', NULL, 'N'),
  (1, 35, 'Listening Score:', '', NULL, 'N'),
  (1, 36, 'Reading Score:', '', NULL, 'N'),
  (1, 37, 'Writing Score:', '', NULL, 'N'),
  (1, 38, 'Speaking Score:', '', NULL, 'N'),
  (1, 39, 'Occupation:', '', NULL, 'N'),
  (1, 40, 'Name of the employer:', '', NULL, 'N'),
  (1, 41, 'Job Title:', '', NULL, 'N'),
  (1, 42, 'Country of Employment:', '', NULL, 'N'),
  (1, 43, 'Start Date:', '', NULL, 'N'),
  (1, 44, 'End Date:', '', NULL, 'N'),
  (1, 51, 'Total number of children of the applicant and/or spouse:', '', NULL, 'N'),
  (1, 52, 'Number of these children who are Australian permanent residents or citizens:', '', NULL, 'N'),
  (1, 53, 'Highest Qualification:', '', NULL, 'N'),
  (1, 54, 'Name of the Qualification:', '', NULL, 'N'),
  (1, 55, 'Name of Bachelor Degree:', '', NULL, 'N'),
  (1, 56, 'Country of Education:', '', NULL, 'N'),
  (1, 57, 'Completion Date:', '', NULL, 'N'),
  (1, 58, 'Has your partner/spouse taken an IELTS test in last 36 months?', '', NULL, 'N'),
  (1, 59, 'Date of Test:', '', NULL, 'N'),
  (1, 60, 'Listening Score:', '', NULL, 'N'),
  (1, 61, 'Reading Score:', '', NULL, 'N'),
  (1, 62, 'Writing Score:', '', NULL, 'N'),
  (1, 63, 'Speaking Score:', '', NULL, 'N'),
  (1, 64, 'Overall Score:', '', NULL, 'N'),
  (1, 68, 'Occupation:', '', NULL, 'N'),
  (1, 69, 'Name of the employer:', '', NULL, 'N'),
  (1, 70, 'Job Title:', '', NULL, 'N'),
  (1, 71, 'Country of Employment:', '', NULL, 'N'),
  (1, 72, 'Start Date:', '', NULL, 'N'),
  (1, 73, 'End Date:', '', NULL, 'N'),
  (1, 80, 'Are you prepared to invest at least AUD 1.5 Million in  Australian business and Australian government bonds?', '', NULL, 'N'),
  (1, 81, 'Do you have experience in managing a business?', '', NULL, 'N'),
  (1, 82, 'Was the turnover of the business greater than AUD 500,000?', '', NULL, 'N'),
  (1, 83, 'Is your net worth more than AUD 2.25 Million?', '', NULL, 'N'),
  (1, 84, 'States of interest:', '', NULL, 'N'),
  (1, 85, 'Have you completed any qualification from the above mentioned state?', '', NULL, 'N'),
  (1, 86, 'Do you currently have a job offer from the above mentioned state?', '', NULL, 'N'),
  (1, 87, 'Position/Job Title:', '', NULL, 'N'),
  (1, 88, 'Name of the Business:', '', NULL, 'N'),
  (1, 89, 'Address of the employer:', '', NULL, 'N'),
  (1, 90, 'Phone Number:', '', NULL, 'N'),
  (1, 91, 'E-mail Address:', '', NULL, 'N'),
  (1, 92, 'Contact person:', '', NULL, 'N'),
  (1, 93, 'Your Education:', '', NULL, 'N'),
  (1, 94, 'Your Spouse/Partner\'s Education:', '', NULL, 'N'),
  (1, 95, 'You:', '', NULL, 'N'),
  (1, 96, 'Your Spouse/Partner:', '', NULL, 'N'),
  (1, 97, 'Overall Score:', '', NULL, 'N'),
  (1, 100, 'Attach Your Spouse/Partner\'s Most Recent CV/Resume:', '', NULL, 'N'),
  (1, 101, 'Attach Your Most Recent CV/Resume:', '', NULL, 'N'),
  (1, 102, 'Email (please confirm again):', '', NULL, 'N'),
  (1, 103, 'Date Permanent Residency Obtained:', '', NULL, 'N'),
  (1, 104, 'Have you completed a Professional Year for a period of at least 12 months in past four years?', 'Completed a Professional Year for a period of at least 12 months in past four years?', NULL, 'N'),
  (1, 105, 'Name of Professional Year Program:', '', NULL, 'N'),
  (1, 106, 'Year Completed:', '', NULL, 'N'),
  (1, 107, 'Do you have a credentialed community language qualification?', 'Have a credentialed community language qualification?', NULL, 'N')
;


UPDATE `company_questionnaires_fields` SET `q_field_use_in_search`='N' WHERE  `q_field_type` IN ('checkbox');
UPDATE `company_questionnaires_fields`
SET `q_field_use_in_search`='N'
WHERE  q_field_unique_id LIKE 'qf_job_%';