-- MySQL dump 10.13  Distrib 8.0.31, for Win64 (x86_64)
--
-- Host: 54.200.247.83    Database: bcpnp_backend
-- ------------------------------------------------------
-- Server version	8.0.31-0ubuntu0.22.04.1

/*!40101 SET @OLD_CHARACTER_SET_CLIENT = @@CHARACTER_SET_CLIENT */;
/*!40101 SET @OLD_CHARACTER_SET_RESULTS = @@CHARACTER_SET_RESULTS */;
/*!40101 SET @OLD_COLLATION_CONNECTION = @@COLLATION_CONNECTION */;
/*!50503 SET NAMES utf8 */;
/*!40103 SET @OLD_TIME_ZONE = @@TIME_ZONE */;
/*!40103 SET TIME_ZONE = '+00:00' */;
/*!40014 SET @OLD_UNIQUE_CHECKS = @@UNIQUE_CHECKS, UNIQUE_CHECKS = 0 */;
/*!40014 SET @OLD_FOREIGN_KEY_CHECKS = @@FOREIGN_KEY_CHECKS, FOREIGN_KEY_CHECKS = 0 */;
/*!40101 SET @OLD_SQL_MODE = @@SQL_MODE, SQL_MODE = 'NO_AUTO_VALUE_ON_ZERO' */;
/*!40111 SET @OLD_SQL_NOTES = @@SQL_NOTES, SQL_NOTES = 0 */;

--
-- Table structure for table `2fa_reserve_tokens`
--

DROP TABLE IF EXISTS `2fa_reserve_tokens`;
/*!40101 SET @saved_cs_client = @@character_set_client */;
/*!50503 SET character_set_client = utf8mb4 */;
CREATE TABLE `2fa_reserve_tokens`
(
    `id` int NOT NULL AUTO_INCREMENT,
    PRIMARY KEY (`id`)
) ENGINE = InnoDB
  DEFAULT CHARSET = utf8mb3;
/*!40101 SET character_set_client = @saved_cs_client */;

--
-- Dumping data for table `2fa_reserve_tokens`
--

LOCK TABLES `2fa_reserve_tokens` WRITE;
/*!40000 ALTER TABLE `2fa_reserve_tokens`
    DISABLE KEYS */;
/*!40000 ALTER TABLE `2fa_reserve_tokens`
    ENABLE KEYS */;
UNLOCK TABLES;

--
-- Table structure for table `access_logs`
--

DROP TABLE IF EXISTS `access_logs`;
/*!40101 SET @saved_cs_client = @@character_set_client */;
/*!50503 SET character_set_client = utf8mb4 */;
CREATE TABLE `access_logs`
(
    `log_id`                bigint unsigned NOT NULL AUTO_INCREMENT,
    `log_section`           varchar(100) DEFAULT NULL,
    `log_action`            varchar(100) DEFAULT NULL,
    `log_description`       varchar(255) DEFAULT NULL,
    `log_company_id`        bigint       DEFAULT NULL,
    `log_created_by`        bigint       DEFAULT NULL,
    `log_created_on`        datetime        NOT NULL,
    `log_action_applied_to` bigint       DEFAULT NULL,
    `log_ip`                varchar(39)  DEFAULT NULL,
    PRIMARY KEY (`log_id`),
    KEY `FK_access_logs_company` (`log_company_id`),
    KEY `FK_access_logs_members` (`log_created_by`),
    KEY `FK_access_logs_members_2` (`log_action_applied_to`),
    CONSTRAINT `FK_access_logs_company` FOREIGN KEY (`log_company_id`) REFERENCES `company` (`company_id`) ON DELETE CASCADE ON UPDATE CASCADE,
    CONSTRAINT `FK_access_logs_members` FOREIGN KEY (`log_created_by`) REFERENCES `members` (`member_id`) ON DELETE CASCADE ON UPDATE CASCADE,
    CONSTRAINT `FK_access_logs_members_2` FOREIGN KEY (`log_action_applied_to`) REFERENCES `members` (`member_id`) ON DELETE CASCADE ON UPDATE CASCADE
) ENGINE = InnoDB
  DEFAULT CHARSET = utf8mb3;
/*!40101 SET character_set_client = @saved_cs_client */;

--
-- Dumping data for table `access_logs`
--

LOCK TABLES `access_logs` WRITE;
/*!40000 ALTER TABLE `access_logs`
    DISABLE KEYS */;
/*!40000 ALTER TABLE `access_logs`
    ENABLE KEYS */;
UNLOCK TABLES;

--
-- Table structure for table `acl_modules`
--

DROP TABLE IF EXISTS `acl_modules`;
/*!40101 SET @saved_cs_client = @@character_set_client */;
/*!50503 SET character_set_client = utf8mb4 */;
CREATE TABLE `acl_modules`
(
    `module_id`   varchar(50)  NOT NULL,
    `module_name` varchar(100) NOT NULL,
    PRIMARY KEY (`module_id`)
) ENGINE = InnoDB
  DEFAULT CHARSET = utf8mb3;
/*!40101 SET character_set_client = @saved_cs_client */;

--
-- Dumping data for table `acl_modules`
--

LOCK TABLES `acl_modules` WRITE;
/*!40000 ALTER TABLE `acl_modules`
    DISABLE KEYS */;
INSERT INTO `acl_modules`
VALUES ('applicants', 'Applicants'),
       ('calendar', 'Calendar'),
       ('clients', 'Clients'),
       ('companywizard', 'Company Wizard (allows companies registration)'),
       ('crm', 'CRM Admin'),
       ('documents', 'Files & Folders'),
       ('forms', 'Forms'),
       ('help', 'Help'),
       ('links', 'Links'),
       ('mailer', 'Mail'),
       ('news', 'Announcements'),
       ('notes', 'Notes'),
       ('officio', 'Staff Tabs'),
       ('profile', 'User Profile'),
       ('prospects', 'Prospects'),
       ('qnr', 'Questionnaires'),
       ('rss', 'Immigration News'),
       ('signup', 'Signup'),
       ('superadmin', 'Make the user an Admin, show admin tab, and give access to all offices to the user.'),
       ('system', 'System'),
       ('tasks', 'Tasks'),
       ('templates', 'Templates'),
       ('trust-account', 'Client Account'),
       ('websites', 'Company Websites');
/*!40000 ALTER TABLE `acl_modules`
    ENABLE KEYS */;
UNLOCK TABLES;

--
-- Table structure for table `acl_role_access`
--

DROP TABLE IF EXISTS `acl_role_access`;
/*!40101 SET @saved_cs_client = @@character_set_client */;
/*!50503 SET character_set_client = utf8mb4 */;
CREATE TABLE `acl_role_access`
(
    `role_id` varchar(50) NOT NULL,
    `rule_id` int         NOT NULL,
    PRIMARY KEY (`role_id`, `rule_id`),
    KEY `FK_acl_role_access_1` (`rule_id`),
    CONSTRAINT `FK_acl_role_access_1` FOREIGN KEY (`rule_id`) REFERENCES `acl_rules` (`rule_id`) ON DELETE CASCADE ON UPDATE CASCADE,
    CONSTRAINT `FK_acl_role_access_acl_roles` FOREIGN KEY (`role_id`) REFERENCES `acl_roles` (`role_parent_id`) ON DELETE CASCADE ON UPDATE CASCADE
) ENGINE = InnoDB
  DEFAULT CHARSET = utf8mb3;
/*!40101 SET character_set_client = @saved_cs_client */;

--
-- Dumping data for table `acl_role_access`
--

LOCK TABLES `acl_role_access` WRITE;
/*!40000 ALTER TABLE `acl_role_access`
    DISABLE KEYS */;
INSERT INTO `acl_role_access`
VALUES ('guest', 1),
       ('guest', 2),
       ('superadmin', 3),
       ('company_0_admin', 4),
       ('company_1_admin', 4),
       ('siteadmin', 4),
       ('supportadmin', 4),
       ('supportadmin_ca', 4),
       ('company_1_admin', 5),
       ('company_0_admin', 6),
       ('company_0_crmuser', 6),
       ('company_0_employer_client', 6),
       ('company_0_individual_client', 6),
       ('company_1_admin', 6),
       ('company_1_crmuser', 6),
       ('company_1_employer_client', 6),
       ('company_1_individual_client', 6),
       ('siteadmin', 6),
       ('supportadmin', 6),
       ('supportadmin_ca', 6),
       ('company_0_admin', 7),
       ('company_0_crmuser', 7),
       ('company_1_admin', 7),
       ('company_1_crmuser', 7),
       ('company_0_admin', 10),
       ('company_0_employer_client', 10),
       ('company_0_individual_client', 10),
       ('company_1_admin', 10),
       ('company_1_employer_client', 10),
       ('company_1_individual_client', 10),
       ('siteadmin', 10),
       ('supportadmin', 10),
       ('supportadmin_ca', 10),
       ('company_0_admin', 11),
       ('company_1_admin', 11),
       ('company_0_admin', 12),
       ('company_1_admin', 12),
       ('company_0_admin', 13),
       ('company_1_admin', 13),
       ('company_0_admin', 20),
       ('company_1_admin', 20),
       ('company_0_admin', 21),
       ('company_1_admin', 21),
       ('company_0_admin', 25),
       ('company_0_employer_client', 25),
       ('company_1_admin', 25),
       ('company_1_employer_client', 25),
       ('siteadmin', 25),
       ('supportadmin', 25),
       ('company_0_admin', 30),
       ('company_0_employer_client', 30),
       ('company_0_individual_client', 30),
       ('company_1_admin', 30),
       ('company_1_employer_client', 30),
       ('company_1_individual_client', 30),
       ('siteadmin', 30),
       ('supportadmin', 30),
       ('supportadmin_ca', 30),
       ('company_0_admin', 31),
       ('company_1_admin', 31),
       ('siteadmin', 31),
       ('supportadmin', 31),
       ('supportadmin_ca', 31),
       ('company_0_admin', 32),
       ('company_1_admin', 32),
       ('siteadmin', 32),
       ('supportadmin', 32),
       ('supportadmin_ca', 32),
       ('company_0_admin', 33),
       ('company_1_admin', 33),
       ('siteadmin', 33),
       ('superadmin', 33),
       ('supportadmin', 33),
       ('company_0_admin', 60),
       ('company_0_employer_client', 60),
       ('company_0_individual_client', 60),
       ('company_1_admin', 60),
       ('company_1_employer_client', 60),
       ('company_1_individual_client', 60),
       ('siteadmin', 60),
       ('supportadmin', 60),
       ('supportadmin_ca', 60),
       ('company_0_admin', 61),
       ('company_1_admin', 61),
       ('siteadmin', 61),
       ('supportadmin', 61),
       ('company_0_admin', 70),
       ('company_1_admin', 70),
       ('company_1_admin', 80),
       ('siteadmin', 80),
       ('superadmin', 80),
       ('supportadmin', 80),
       ('company_1_admin', 81),
       ('siteadmin', 81),
       ('superadmin', 81),
       ('supportadmin', 81),
       ('company_1_admin', 82),
       ('siteadmin', 82),
       ('superadmin', 82),
       ('supportadmin', 82),
       ('company_1_admin', 83),
       ('siteadmin', 83),
       ('superadmin', 83),
       ('supportadmin', 83),
       ('company_1_admin', 84),
       ('siteadmin', 84),
       ('superadmin', 84),
       ('supportadmin', 84),
       ('company_1_admin', 85),
       ('siteadmin', 85),
       ('superadmin', 85),
       ('supportadmin', 85),
       ('company_0_admin', 90),
       ('company_1_admin', 90),
       ('siteadmin', 90),
       ('superadmin', 90),
       ('supportadmin', 90),
       ('supportadmin_ca', 90),
       ('company_0_admin', 91),
       ('company_1_admin', 91),
       ('siteadmin', 91),
       ('superadmin', 91),
       ('supportadmin', 91),
       ('supportadmin_ca', 91),
       ('company_0_admin', 92),
       ('company_1_admin', 92),
       ('siteadmin', 92),
       ('superadmin', 92),
       ('supportadmin', 92),
       ('supportadmin_ca', 92),
       ('company_0_admin', 95),
       ('company_1_admin', 95),
       ('company_0_admin', 96),
       ('company_1_admin', 96),
       ('company_0_admin', 97),
       ('company_1_admin', 97),
       ('company_0_admin', 98),
       ('company_1_admin', 98),
       ('company_0_admin', 99),
       ('company_1_admin', 99),
       ('company_0_admin', 100),
       ('company_1_admin', 100),
       ('siteadmin', 100),
       ('superadmin', 100),
       ('supportadmin', 100),
       ('supportadmin_ca', 100),
       ('company_1_admin', 101),
       ('siteadmin', 101),
       ('supportadmin', 101),
       ('supportadmin_ca', 101),
       ('company_1_admin', 102),
       ('siteadmin', 102),
       ('supportadmin', 102),
       ('supportadmin_ca', 102),
       ('company_1_admin', 103),
       ('siteadmin', 103),
       ('supportadmin', 103),
       ('supportadmin_ca', 103),
       ('company_1_admin', 104),
       ('siteadmin', 104),
       ('supportadmin', 104),
       ('supportadmin_ca', 104),
       ('company_1_admin', 105),
       ('siteadmin', 105),
       ('supportadmin', 105),
       ('company_1_admin', 106),
       ('siteadmin', 106),
       ('superadmin', 106),
       ('supportadmin', 106),
       ('supportadmin_ca', 106),
       ('company_1_admin', 110),
       ('siteadmin', 110),
       ('supportadmin', 110),
       ('supportadmin_ca', 110),
       ('company_0_admin', 130),
       ('company_0_crmuser', 130),
       ('company_1_admin', 130),
       ('company_1_crmuser', 130),
       ('company_0_admin', 140),
       ('company_0_employer_client', 140),
       ('company_0_individual_client', 140),
       ('company_1_admin', 140),
       ('company_1_employer_client', 140),
       ('company_1_individual_client', 140),
       ('company_0_admin', 141),
       ('company_1_admin', 141),
       ('company_1_admin', 142),
       ('company_1_admin', 143),
       ('company_0_employer_client', 144),
       ('company_0_individual_client', 144),
       ('company_1_admin', 144),
       ('company_1_employer_client', 144),
       ('company_1_individual_client', 144),
       ('company_1_admin', 150),
       ('siteadmin', 150),
       ('supportadmin', 150),
       ('supportadmin_ca', 150),
       ('company_0_admin', 160),
       ('company_1_admin', 160),
       ('siteadmin', 160),
       ('supportadmin', 160),
       ('supportadmin_ca', 160),
       ('company_0_admin', 170),
       ('company_0_crmuser', 170),
       ('company_1_admin', 170),
       ('company_1_crmuser', 170),
       ('company_1_admin', 175),
       ('company_0_admin', 180),
       ('company_0_crmuser', 180),
       ('company_1_admin', 180),
       ('company_1_crmuser', 180),
       ('siteadmin', 180),
       ('supportadmin', 180),
       ('supportadmin_ca', 180),
       ('company_0_admin', 181),
       ('company_0_crmuser', 181),
       ('company_1_admin', 181),
       ('company_1_crmuser', 181),
       ('siteadmin', 181),
       ('supportadmin', 181),
       ('supportadmin_ca', 181),
       ('company_0_admin', 190),
       ('company_0_crmuser', 190),
       ('company_0_employer_client', 190),
       ('company_0_individual_client', 190),
       ('company_1_admin', 190),
       ('company_1_crmuser', 190),
       ('company_1_employer_client', 190),
       ('company_1_individual_client', 190),
       ('company_1_admin', 191),
       ('company_1_admin', 192),
       ('guest', 192),
       ('company_0_employer_client', 200),
       ('company_1_admin', 200),
       ('company_1_employer_client', 200),
       ('company_0_employer_client', 201),
       ('company_1_admin', 201),
       ('company_1_employer_client', 201),
       ('company_0_admin', 210),
       ('company_1_admin', 210),
       ('siteadmin', 210),
       ('superadmin', 210),
       ('supportadmin', 210),
       ('supportadmin_ca', 210),
       ('company_0_admin', 220),
       ('company_0_employer_client', 220),
       ('company_0_individual_client', 220),
       ('company_1_admin', 220),
       ('company_1_admin', 300),
       ('guest', 300),
       ('company_1_admin', 400),
       ('company_1_admin', 401),
       ('company_1_admin', 402),
       ('company_1_admin', 403),
       ('company_0_admin', 500),
       ('company_1_admin', 500),
       ('siteadmin', 500),
       ('superadmin', 500),
       ('supportadmin', 500),
       ('supportadmin_ca', 500),
       ('company_0_admin', 1000),
       ('company_1_admin', 1000),
       ('siteadmin', 1000),
       ('supportadmin', 1000),
       ('company_0_admin', 1010),
       ('company_1_admin', 1010),
       ('siteadmin', 1010),
       ('supportadmin', 1010),
       ('supportadmin_ca', 1010),
       ('company_0_admin', 1011),
       ('company_1_admin', 1011),
       ('siteadmin', 1011),
       ('supportadmin', 1011),
       ('company_0_admin', 1012),
       ('company_1_admin', 1012),
       ('siteadmin', 1012),
       ('supportadmin', 1012),
       ('supportadmin_ca', 1012),
       ('company_0_admin', 1013),
       ('company_1_admin', 1013),
       ('siteadmin', 1013),
       ('supportadmin', 1013),
       ('company_0_admin', 1014),
       ('company_1_admin', 1014),
       ('siteadmin', 1014),
       ('superadmin', 1014),
       ('supportadmin', 1014),
       ('company_1_admin', 1020),
       ('company_1_admin', 1021),
       ('company_1_admin', 1022),
       ('company_1_admin', 1023),
       ('company_0_admin', 1030),
       ('company_1_admin', 1030),
       ('supportadmin_ca', 1030),
       ('company_0_admin', 1031),
       ('company_1_admin', 1031),
       ('company_0_admin', 1032),
       ('company_1_admin', 1032),
       ('supportadmin_ca', 1032),
       ('company_0_admin', 1033),
       ('company_1_admin', 1033),
       ('company_0_admin', 1034),
       ('company_1_admin', 1034),
       ('siteadmin', 1034),
       ('superadmin', 1034),
       ('supportadmin', 1034),
       ('company_1_admin', 1035),
       ('supportadmin_ca', 1035),
       ('company_0_admin', 1040),
       ('company_1_admin', 1040),
       ('siteadmin', 1040),
       ('supportadmin', 1040),
       ('supportadmin_ca', 1040),
       ('company_1_admin', 1041),
       ('company_0_admin', 1042),
       ('company_1_admin', 1042),
       ('supportadmin_ca', 1042),
       ('company_1_admin', 1043),
       ('company_1_admin', 1044),
       ('company_1_admin', 1046),
       ('company_1_admin', 1047),
       ('siteadmin', 1047),
       ('supportadmin', 1047),
       ('supportadmin_ca', 1047),
       ('company_1_admin', 1048),
       ('siteadmin', 1048),
       ('superadmin', 1048),
       ('supportadmin', 1048),
       ('company_1_admin', 1049),
       ('company_0_admin', 1050),
       ('company_1_admin', 1050),
       ('company_0_admin', 1051),
       ('company_1_admin', 1051),
       ('company_0_admin', 1052),
       ('company_1_admin', 1052),
       ('company_0_admin', 1053),
       ('company_1_admin', 1053),
       ('company_0_admin', 1054),
       ('company_1_admin', 1054),
       ('company_1_admin', 1060),
       ('company_1_admin', 1061),
       ('siteadmin', 1061),
       ('superadmin', 1061),
       ('supportadmin', 1061),
       ('company_1_admin', 1070),
       ('siteadmin', 1070),
       ('supportadmin', 1070),
       ('company_1_admin', 1080),
       ('siteadmin', 1080),
       ('supportadmin', 1080),
       ('company_1_admin', 1090),
       ('siteadmin', 1090),
       ('supportadmin', 1090),
       ('company_1_admin', 1100),
       ('supportadmin_ca', 1100),
       ('company_0_admin', 1120),
       ('company_1_admin', 1120),
       ('siteadmin', 1120),
       ('supportadmin', 1120),
       ('company_1_admin', 1130),
       ('company_1_admin', 1140),
       ('siteadmin', 1140),
       ('supportadmin', 1140),
       ('company_1_admin', 1150),
       ('company_1_admin', 1160),
       ('company_1_admin', 1170),
       ('company_1_admin', 1180),
       ('company_0_admin', 1190),
       ('company_1_admin', 1190),
       ('siteadmin', 1190),
       ('supportadmin', 1190),
       ('company_1_admin', 1200),
       ('company_1_admin', 1210),
       ('company_1_admin', 1220),
       ('company_1_admin', 1230),
       ('supportadmin_ca', 1230),
       ('company_1_admin', 1240),
       ('company_1_admin', 1250),
       ('company_1_admin', 1260),
       ('company_1_admin', 1270),
       ('company_1_admin', 1280),
       ('company_0_admin', 1290),
       ('company_1_admin', 1290),
       ('company_1_admin', 1300),
       ('company_1_admin', 1310),
       ('company_0_admin', 1311),
       ('company_1_admin', 1311),
       ('company_1_admin', 1320),
       ('company_1_admin', 1330),
       ('company_1_admin', 1350),
       ('company_1_admin', 1360),
       ('siteadmin', 1360),
       ('superadmin', 1360),
       ('supportadmin', 1360),
       ('supportadmin_ca', 1360),
       ('company_1_admin', 1370),
       ('company_1_admin', 1380),
       ('company_1_admin', 1390),
       ('siteadmin', 1390),
       ('superadmin', 1390),
       ('supportadmin', 1390),
       ('company_0_admin', 1410),
       ('company_1_admin', 1410),
       ('company_0_admin', 1411),
       ('company_1_admin', 1411),
       ('company_1_admin', 1420),
       ('supportadmin_ca', 1420),
       ('company_1_admin', 1421),
       ('company_1_admin', 1430),
       ('supportadmin_ca', 1430),
       ('company_1_admin', 1440),
       ('siteadmin', 1440),
       ('superadmin', 1440),
       ('supportadmin', 1440),
       ('supportadmin_ca', 1440),
       ('company_1_admin', 1441),
       ('siteadmin', 1441),
       ('superadmin', 1441),
       ('supportadmin', 1441),
       ('supportadmin_ca', 1441),
       ('company_1_admin', 1442),
       ('siteadmin', 1442),
       ('superadmin', 1442),
       ('supportadmin', 1442),
       ('supportadmin_ca', 1442),
       ('company_1_admin', 1450),
       ('siteadmin', 1450),
       ('superadmin', 1450),
       ('supportadmin', 1450),
       ('supportadmin_ca', 1450),
       ('company_1_admin', 2000),
       ('company_1_admin', 2001),
       ('company_1_admin', 2002),
       ('company_1_admin', 2003),
       ('company_1_admin', 2010),
       ('company_1_admin', 2011),
       ('company_1_admin', 2100),
       ('company_1_admin', 2101),
       ('company_1_admin', 2102),
       ('company_1_admin', 2103),
       ('company_1_admin', 2200),
       ('company_1_admin', 2201),
       ('company_1_admin', 2202),
       ('company_1_admin', 2203),
       ('company_1_admin', 2204),
       ('company_0_admin', 2210),
       ('company_1_admin', 2210),
       ('siteadmin', 2210),
       ('superadmin', 2210),
       ('supportadmin', 2210),
       ('supportadmin_ca', 2210),
       ('superadmin', 2211),
       ('superadmin', 2212),
       ('superadmin', 2213),
       ('superadmin', 2214),
       ('company_0_admin', 2215),
       ('company_1_admin', 2215),
       ('company_0_admin', 2216),
       ('company_1_admin', 2216),
       ('siteadmin', 2216),
       ('superadmin', 2216),
       ('supportadmin', 2216),
       ('supportadmin_ca', 2216),
       ('company_1_admin', 2217),
       ('company_0_admin', 2218),
       ('company_1_admin', 2218),
       ('company_0_admin', 2219),
       ('company_1_admin', 2219),
       ('company_0_admin', 2220),
       ('company_1_admin', 2220),
       ('company_0_admin', 2221),
       ('company_1_admin', 2221),
       ('company_0_admin', 2222),
       ('company_1_admin', 2222),
       ('company_0_admin', 2223),
       ('company_1_admin', 2223),
       ('company_0_admin', 2224),
       ('company_1_admin', 2224),
       ('company_0_admin', 2225),
       ('company_1_admin', 2225),
       ('company_0_admin', 2226),
       ('company_1_admin', 2226),
       ('company_0_admin', 2227),
       ('company_1_admin', 2227),
       ('siteadmin', 2227),
       ('supportadmin', 2227),
       ('supportadmin_ca', 2227),
       ('company_0_admin', 2228),
       ('company_1_admin', 2228),
       ('siteadmin', 2228),
       ('supportadmin', 2228),
       ('supportadmin_ca', 2228),
       ('company_0_admin', 2229),
       ('company_1_admin', 2229),
       ('siteadmin', 2229),
       ('supportadmin', 2229),
       ('supportadmin_ca', 2229),
       ('company_0_admin', 2230),
       ('company_1_admin', 2230),
       ('company_0_admin', 2231),
       ('company_1_admin', 2231),
       ('siteadmin', 2233),
       ('superadmin', 2233),
       ('supportadmin', 2233),
       ('supportadmin_ca', 2233),
       ('supportadmin_ca', 2234),
       ('company_0_admin', 2242),
       ('company_1_admin', 2242),
       ('supportadmin_ca', 2242),
       ('company_0_admin', 2243),
       ('company_1_admin', 2243),
       ('supportadmin_ca', 2243),
       ('company_0_admin', 2244),
       ('company_1_admin', 2244),
       ('supportadmin_ca', 2244),
       ('company_0_admin', 2245),
       ('company_1_admin', 2245),
       ('supportadmin_ca', 2245),
       ('company_0_admin', 2246),
       ('company_1_admin', 2246),
       ('supportadmin_ca', 2246),
       ('company_0_admin', 2247),
       ('company_1_admin', 2247),
       ('supportadmin_ca', 2247),
       ('company_0_admin', 2248),
       ('company_1_admin', 2248),
       ('supportadmin_ca', 2248),
       ('company_0_admin', 2249),
       ('company_1_admin', 2249),
       ('supportadmin_ca', 2249),
       ('company_0_admin', 2250),
       ('company_1_admin', 2250),
       ('supportadmin_ca', 2250),
       ('company_0_admin', 2251),
       ('company_1_admin', 2251),
       ('supportadmin_ca', 2251),
       ('company_0_admin', 2252),
       ('company_1_admin', 2252),
       ('supportadmin_ca', 2252),
       ('company_0_admin', 2253),
       ('company_1_admin', 2253),
       ('supportadmin_ca', 2253),
       ('company_0_admin', 2254),
       ('company_1_admin', 2254),
       ('supportadmin_ca', 2254),
       ('company_0_admin', 2255),
       ('company_1_admin', 2255),
       ('supportadmin_ca', 2255),
       ('company_1_admin', 2256),
       ('company_1_admin', 2257),
       ('company_1_admin', 2258),
       ('company_0_admin', 2259),
       ('company_0_employer_client', 2259),
       ('company_0_individual_client', 2259),
       ('company_1_admin', 2259),
       ('company_1_employer_client', 2259),
       ('company_1_individual_client', 2259),
       ('siteadmin', 2259),
       ('supportadmin', 2259),
       ('supportadmin_ca', 2259),
       ('company_0_admin', 2260),
       ('company_0_employer_client', 2260),
       ('company_0_individual_client', 2260),
       ('company_1_admin', 2260),
       ('company_1_employer_client', 2260),
       ('company_1_individual_client', 2260),
       ('siteadmin', 2260),
       ('supportadmin', 2260),
       ('supportadmin_ca', 2260),
       ('company_0_admin', 2261),
       ('company_0_employer_client', 2261),
       ('company_0_individual_client', 2261),
       ('company_1_admin', 2261),
       ('company_1_employer_client', 2261),
       ('company_1_individual_client', 2261),
       ('siteadmin', 2261),
       ('supportadmin', 2261),
       ('supportadmin_ca', 2261),
       ('company_0_admin', 2262),
       ('company_0_employer_client', 2262),
       ('company_0_individual_client', 2262),
       ('company_1_admin', 2262),
       ('company_1_employer_client', 2262),
       ('company_1_individual_client', 2262),
       ('siteadmin', 2262),
       ('supportadmin', 2262),
       ('supportadmin_ca', 2262),
       ('company_0_admin', 2263),
       ('company_0_employer_client', 2263),
       ('company_0_individual_client', 2263),
       ('company_1_admin', 2263),
       ('company_1_employer_client', 2263),
       ('company_1_individual_client', 2263),
       ('siteadmin', 2263),
       ('supportadmin', 2263),
       ('supportadmin_ca', 2263),
       ('company_0_admin', 2264),
       ('company_0_employer_client', 2264),
       ('company_0_individual_client', 2264),
       ('company_1_admin', 2264),
       ('company_1_employer_client', 2264),
       ('company_1_individual_client', 2264),
       ('siteadmin', 2264),
       ('supportadmin', 2264),
       ('supportadmin_ca', 2264),
       ('company_1_admin', 2265),
       ('company_1_admin', 2266),
       ('company_1_admin', 2267),
       ('company_1_admin', 2268),
       ('company_1_admin', 2269),
       ('company_1_admin', 2270),
       ('company_1_admin', 2271),
       ('siteadmin', 2271),
       ('supportadmin', 2271),
       ('company_0_employer_client', 2273),
       ('company_1_admin', 2273),
       ('company_1_employer_client', 2273),
       ('company_0_employer_client', 2274),
       ('company_1_admin', 2274),
       ('company_1_employer_client', 2274),
       ('company_0_employer_client', 2275),
       ('company_1_admin', 2275),
       ('company_1_employer_client', 2275),
       ('company_0_employer_client', 2276),
       ('company_1_admin', 2276),
       ('company_1_employer_client', 2276),
       ('company_0_employer_client', 2277),
       ('company_1_admin', 2277),
       ('company_1_employer_client', 2277),
       ('company_0_employer_client', 2278),
       ('company_1_admin', 2278),
       ('company_1_employer_client', 2278),
       ('company_0_employer_client', 2279),
       ('company_1_admin', 2279),
       ('company_1_employer_client', 2279),
       ('company_0_employer_client', 2280),
       ('company_1_admin', 2280),
       ('company_1_employer_client', 2280),
       ('company_0_employer_client', 2281),
       ('company_1_admin', 2281),
       ('company_1_employer_client', 2281),
       ('company_0_employer_client', 2282),
       ('company_1_admin', 2282),
       ('company_1_employer_client', 2282),
       ('company_0_employer_client', 2283),
       ('company_1_admin', 2283),
       ('company_1_employer_client', 2283),
       ('company_0_employer_client', 2284),
       ('company_1_admin', 2284),
       ('company_1_employer_client', 2284),
       ('company_0_admin', 2295),
       ('company_0_employer_client', 2295),
       ('company_1_admin', 2295),
       ('company_1_employer_client', 2295),
       ('siteadmin', 2295),
       ('supportadmin', 2295),
       ('company_0_admin', 2296),
       ('company_1_admin', 2296),
       ('siteadmin', 2296),
       ('superadmin', 2296),
       ('supportadmin', 2296),
       ('supportadmin_ca', 2296),
       ('company_0_employer_client', 2297),
       ('company_1_admin', 2297),
       ('company_1_employer_client', 2297),
       ('company_0_admin', 2299),
       ('company_1_admin', 2299),
       ('company_0_admin', 2301),
       ('company_1_admin', 2301),
       ('siteadmin', 2301),
       ('supportadmin', 2301),
       ('supportadmin_ca', 2301),
       ('company_0_admin', 2302),
       ('company_1_admin', 2302),
       ('siteadmin', 2302),
       ('superadmin', 2302),
       ('supportadmin', 2302),
       ('supportadmin_ca', 2302),
       ('superadmin', 2303),
       ('company_0_admin', 2304),
       ('company_1_admin', 2304),
       ('company_0_admin', 2305),
       ('company_1_admin', 2305);
/*!40000 ALTER TABLE `acl_role_access`
    ENABLE KEYS */;
UNLOCK TABLES;

--
-- Table structure for table `acl_roles`
--

DROP TABLE IF EXISTS `acl_roles`;
/*!40101 SET @saved_cs_client = @@character_set_client */;
/*!50503 SET character_set_client = utf8mb4 */;
CREATE TABLE `acl_roles`
(
    `role_id`           int         NOT NULL AUTO_INCREMENT,
    `company_id`        bigint      NOT NULL DEFAULT '0',
    `division_group_id` int unsigned         DEFAULT NULL,
    `role_name`         varchar(50) NOT NULL,
    `role_type`         varchar(50) NOT NULL,
    `role_parent_id`    varchar(50) NOT NULL,
    `role_child_id`     varchar(50)          DEFAULT NULL,
    `role_visible`      tinyint(1)  NOT NULL DEFAULT '0',
    `role_status`       int         NOT NULL DEFAULT '1',
    `role_regTime`      int         NOT NULL DEFAULT '0',
    PRIMARY KEY (`role_parent_id`),
    KEY `role_id` (`role_id`),
    KEY `FK_acl_roles_company` (`company_id`),
    KEY `FK_roles_divisions_groups` (`division_group_id`),
    CONSTRAINT `FK_acl_roles_company` FOREIGN KEY (`company_id`) REFERENCES `company` (`company_id`) ON DELETE CASCADE ON UPDATE CASCADE,
    CONSTRAINT `FK_roles_divisions_groups` FOREIGN KEY (`division_group_id`) REFERENCES `divisions_groups` (`division_group_id`) ON DELETE CASCADE ON UPDATE CASCADE
) ENGINE = InnoDB
  AUTO_INCREMENT = 4933
  DEFAULT CHARSET = utf8mb3;
/*!40101 SET character_set_client = @saved_cs_client */;

--
-- Dumping data for table `acl_roles`
--

LOCK TABLES `acl_roles` WRITE;
/*!40000 ALTER TABLE `acl_roles`
    DISABLE KEYS */;
INSERT INTO `acl_roles`
VALUES (4816, 0, 1, 'Admin', 'admin', 'company_0_admin', 'guest', 1, 1, 1401902139),
       (4818, 0, 1, 'CRM Admin role', 'crmuser', 'company_0_crmuser', 'guest', 1, 1, 1401902139),
       (4822, 0, 1, 'Employer Client', 'employer_client', 'company_0_employer_client', 'guest', 1, 1, 1401902139),
       (4817, 0, 1, 'Individual Client', 'individual_client', 'company_0_individual_client', 'guest', 1, 1, 1401902139),
       (4929, 1, 2, 'Admin', 'admin', 'company_1_admin', 'guest', 1, 1, 1435116957),
       (4930, 1, 2, 'CRM Admin role', 'crmuser', 'company_1_crmuser', 'guest', 1, 1, 1435116957),
       (4931, 1, 2, 'Employer Client', 'employer_client', 'company_1_employer_client', 'guest', 1, 1, 1435116957),
       (4932, 1, 2, 'Individual Client', 'individual_client', 'company_1_individual_client', 'guest', 1, 1, 1435116957),
       (1, 0, 1, 'Default Guest Role', 'guest', 'guest', NULL, 0, 1, 1246366684),
       (4796, 0, 1, 'Site Admin', 'superadmin', 'siteadmin', 'guest', 0, 1, 1378459176),
       (5, 0, 1, 'Default Superadmin Role', 'superadmin', 'superadmin', 'guest', 0, 1, 1246366684),
       (4808, 0, 1, 'Support Admin', 'superadmin', 'supportadmin', 'guest', 0, 1, 1394194654),
       (4915, 0, 1, 'Support-CA', 'superadmin', 'supportadmin_ca', 'guest', 0, 1, 1394194654);
/*!40000 ALTER TABLE `acl_roles`
    ENABLE KEYS */;
UNLOCK TABLES;

--
-- Table structure for table `acl_rule_details`
--

DROP TABLE IF EXISTS `acl_rule_details`;
/*!40101 SET @saved_cs_client = @@character_set_client */;
/*!50503 SET character_set_client = utf8mb4 */;
CREATE TABLE `acl_rule_details`
(
    `rule_id`            int         NOT NULL,
    `module_id`          varchar(50) NOT NULL,
    `resource_id`        varchar(50) NOT NULL DEFAULT '',
    `resource_privilege` varchar(50) NOT NULL DEFAULT '',
    `rule_allow`         tinyint(1)  NOT NULL DEFAULT '1',
    PRIMARY KEY (`rule_id`, `module_id`, `resource_id`, `resource_privilege`),
    CONSTRAINT `FK_acl_rule_details_1` FOREIGN KEY (`rule_id`) REFERENCES `acl_rules` (`rule_id`) ON DELETE CASCADE ON UPDATE CASCADE
) ENGINE = InnoDB
  DEFAULT CHARSET = utf8mb3;
/*!40101 SET character_set_client = @saved_cs_client */;

--
-- Dumping data for table `acl_rule_details`
--

LOCK TABLES `acl_rule_details` WRITE;
/*!40000 ALTER TABLE `acl_rule_details`
    DISABLE KEYS */;
INSERT INTO `acl_rule_details`
VALUES (1, 'api', 'gv', '', 1),
       (1, 'api', 'index', 'add-company', 1),
       (1, 'api', 'index', 'add-prospect', 1),
       (1, 'api', 'index', 'add-recurring-invoice', 1),
       (1, 'api', 'index', 'check-username', 1),
       (1, 'api', 'index', 'get-clients-list', 1),
       (1, 'api', 'index', 'get-prices', 1),
       (1, 'api', 'index', 'receive-eml-file', 1),
       (1, 'api', 'index', 'register-agent', 1),
       (1, 'api', 'index', 'run-recurring-payments', 1),
       (1, 'api', 'index', 'save-smtp-settings', 1),
       (1, 'api', 'index', 'send-support-request', 1),
       (1, 'api', 'marketplace', '', 1),
       (1, 'api', 'remote', '', 1),
       (1, 'calendar', 'index', 'get-public-application', 1),
       (1, 'calendar', 'index', 'public', 1),
       (1, 'cmi-signup', 'index', '', 1),
       (1, 'companywizard', 'index', '', 1),
       (1, 'documents', 'index', 'get-file', 1),
       (1, 'documents', 'index', 'get-pdf', 1),
       (1, 'documents', 'index', 'open-pdf', 1),
       (1, 'documents', 'index', 'save-file', 1),
       (1, 'forms', 'sync', '', 1),
       (1, 'freetrial', 'index', '', 1),
       (1, 'officio', 'auth', '', 1),
       (1, 'officio', 'error', '', 1),
       (1, 'officio', 'index', 'cron', 1),
       (1, 'officio', 'index', 'min', 1),
       (1, 'officio', 'index', 'privacy', 1),
       (1, 'officio', 'index', 'terms', 1),
       (1, 'prospects', 'index', 'get-file', 1),
       (1, 'prospects', 'index', 'save-file', 1),
       (1, 'qnr', 'index', 'get-noc-url-by-code', 1),
       (1, 'qnr', 'index', 'index', 1),
       (1, 'qnr', 'index', 'save', 1),
       (1, 'qnr', 'index', 'search', 1),
       (1, 'signup', 'index', '', 1),
       (1, 'specialoffer', 'index', '', 1),
       (1, 'templates', 'index', 'get-file', 1),
       (1, 'uforms-v2', 'index', 'new-prototype', 1),
       (1, 'wizard', 'index', '', 1),
       (2, 'superadmin', 'auth', '', 1),
       (2, 'superadmin', 'error', '', 1),
       (3, 'applicants', 'search', '', 1),
       (3, 'calendar', '', '', 1),
       (3, 'clients', '', '', 1),
       (3, 'crm', '', '', 1),
       (3, 'documents', '', '', 1),
       (3, 'forms', '', '', 1),
       (3, 'help', '', '', 1),
       (3, 'links', '', '', 1),
       (3, 'mailer', '', '', 1),
       (3, 'news', '', '', 1),
       (3, 'notes', '', '', 1),
       (3, 'officio', '', '', 1),
       (3, 'prospects', '', '', 1),
       (3, 'qnr', '', '', 1),
       (3, 'signup', '', '', 1),
       (3, 'superadmin', '', '', 1),
       (3, 'system', '', '', 1),
       (3, 'tasks', '', '', 1),
       (3, 'templates', '', '', 1),
       (3, 'trust-account', '', '', 1),
       (3, 'websites', '', '', 1),
       (4, 'documents', 'manager', '', 1),
       (4, 'superadmin', 'index', '', 1),
       (6, 'documents', 'manager', '', 1),
       (6, 'homepage', 'index', '', 1),
       (6, 'officio', 'admin', '', 1),
       (6, 'officio', 'index', '', 1),
       (6, 'officio', 'trial', '', 1),
       (7, 'notes', 'index', 'add', 1),
       (7, 'notes', 'index', 'delete', 1),
       (7, 'notes', 'index', 'edit', 1),
       (7, 'notes', 'index', 'get-note', 1),
       (7, 'notes', 'index', 'get-notes-list', 1),
       (10, 'applicants', 'index', '', 1),
       (10, 'applicants', 'profile', 'change-my-password', 1),
       (10, 'applicants', 'profile', 'check-employer-case', 1),
       (10, 'applicants', 'profile', 'get-case-file-status-history', 1),
       (10, 'applicants', 'profile', 'get-login-info', 1),
       (10, 'applicants', 'profile', 'get-profile-image', 1),
       (10, 'applicants', 'profile', 'index', 1),
       (10, 'applicants', 'profile', 'load', 1),
       (10, 'applicants', 'profile', 'load-employer-cases-list', 1),
       (10, 'applicants', 'profile', 'load-short-info', 1),
       (10, 'applicants', 'profile', 'view-image', 1),
       (10, 'applicants', 'search', '', 1),
       (10, 'clients', 'index', 'get-sub-tab', 1),
       (11, 'applicants', 'profile', 'create-case', 1),
       (11, 'applicants', 'profile', 'delete-file', 1),
       (11, 'applicants', 'profile', 'download-file', 1),
       (11, 'applicants', 'profile', 'generate-case-number', 1),
       (11, 'applicants', 'profile', 'generate-ks-key', 1),
       (11, 'applicants', 'profile', 'get-assigned-client-referrals', 1),
       (11, 'applicants', 'profile', 'get-client-referrals', 1),
       (11, 'applicants', 'profile', 'get-reference-field-view', 1),
       (11, 'applicants', 'profile', 'get-vevo-country-suggestions', 1),
       (11, 'applicants', 'profile', 'get-vevo-info', 1),
       (11, 'applicants', 'profile', 'link-case-to-case', 1),
       (11, 'applicants', 'profile', 'link-case-to-employer', 1),
       (11, 'applicants', 'profile', 'remove-client-referrals', 1),
       (11, 'applicants', 'profile', 'save', 1),
       (11, 'applicants', 'profile', 'save-client-referral', 1),
       (11, 'applicants', 'profile', 'unassign-case', 1),
       (11, 'applicants', 'profile', 'update-login-info', 1),
       (11, 'applicants', 'profile', 'update-vevo-info', 1),
       (11, 'applicants', 'profile', 'upgrade-subscription-plan', 1),
       (12, 'applicants', 'profile', 'delete', 1),
       (13, 'applicants', 'profile', 'get-vevo-country-suggestions', 1),
       (13, 'applicants', 'profile', 'get-vevo-info', 1),
       (13, 'applicants', 'profile', 'save', 1),
       (13, 'applicants', 'profile', 'update-login-info', 1),
       (13, 'applicants', 'profile', 'update-vevo-info', 1),
       (20, 'applicants', 'index', 'index', 1),
       (21, 'applicants', 'index', 'index', 1),
       (25, 'tasks', 'index', '', 1),
       (30, 'notes', 'index', 'get-note', 1),
       (30, 'notes', 'index', 'get-notes', 1),
       (30, 'notes', 'index', 'get-notes-list', 1),
       (31, 'notes', 'index', 'add', 1),
       (31, 'notes', 'index', 'download-attachment', 1),
       (31, 'notes', 'index', 'upload-attachments', 1),
       (32, 'notes', 'index', 'download-attachment', 1),
       (32, 'notes', 'index', 'edit', 1),
       (32, 'notes', 'index', 'upload-attachments', 1),
       (33, 'notes', 'index', 'delete', 1),
       (60, 'documents', 'index', '', 1),
       (61, 'superadmin', 'client-documents', '', 1),
       (70, 'clients', 'accounting', '', 1),
       (70, 'officio', 'tran-page', 'process-payment', 1),
       (70, 'templates', 'index', 'show-pdf', 1),
       (70, 'templates', 'index', 'view-pdf', 1),
       (80, 'clients', 'time-tracker', 'index', 1),
       (80, 'clients', 'time-tracker', 'print', 1),
       (81, 'clients', 'time-tracker', 'create', 1),
       (82, 'clients', 'time-tracker', 'get-list', 1),
       (82, 'clients', 'time-tracker', 'mark-billed', 1),
       (83, 'clients', 'time-tracker', 'add', 1),
       (84, 'clients', 'time-tracker', 'edit', 1),
       (85, 'clients', 'time-tracker', 'delete', 1),
       (90, 'applicants', 'search', 'run-search', 1),
       (91, 'applicants', 'search', 'export-to-excel', 1),
       (92, 'applicants', 'search', 'print', 1),
       (95, 'applicants', 'queue', 'load-queues-with-count', 1),
       (95, 'applicants', 'queue', 'load-settings', 1),
       (95, 'applicants', 'queue', 'run', 1),
       (95, 'applicants', 'queue', 'run-and-get-main-info', 1),
       (95, 'applicants', 'queue', 'save-settings', 1),
       (96, 'applicants', 'queue', 'export-to-excel', 1),
       (97, 'applicants', 'queue', 'print', 1),
       (98, 'applicants', 'queue', 'pull-from-queue', 1),
       (98, 'applicants', 'queue', 'push-to-queue', 1),
       (99, 'applicants', 'queue', 'change-file-status', 1),
       (100, 'documents', 'index', '', 1),
       (101, 'trust-account', 'history', '', 1),
       (102, 'trust-account', 'import', '', 1),
       (103, 'trust-account', 'assign', '', 1),
       (104, 'trust-account', 'edit', '', 1),
       (105, 'superadmin', 'trust-account-settings', '', 1),
       (105, 'superadmin', 'trust-account-settings', 'settings', 1),
       (106, 'documents', 'index', 'get-letterheads-list', 1),
       (110, 'clients', 'accounting', '', 1),
       (110, 'officio', 'deposit-types', '', 1),
       (110, 'officio', 'destination-account', '', 1),
       (110, 'officio', 'withdrawal-types', '', 1),
       (110, 'trust-account', 'index', '', 1),
       (130, 'links', 'index', '', 1),
       (140, 'forms', 'angular-forms', 'load', 1),
       (140, 'forms', 'angular-forms', 'save', 1),
       (140, 'forms', 'forms-folders', 'files', 1),
       (140, 'forms', 'forms-folders', 'list', 1),
       (140, 'forms', 'index', 'delete', 1),
       (140, 'forms', 'index', 'download-revision', 1),
       (140, 'forms', 'index', 'edit-alias', 1),
       (140, 'forms', 'index', 'email', 1),
       (140, 'forms', 'index', 'get-family-members', 1),
       (140, 'forms', 'index', 'list', 1),
       (140, 'forms', 'index', 'load-settings', 1),
       (140, 'forms', 'index', 'open-assigned-pdf', 1),
       (140, 'forms', 'index', 'open-assigned-xfdf', 1),
       (140, 'forms', 'index', 'open-embed-pdf', 1),
       (140, 'forms', 'index', 'open-pdf-and-xfdf', 1),
       (140, 'forms', 'index', 'open-pdf-print', 1),
       (140, 'forms', 'index', 'open-version-pdf', 1),
       (140, 'forms', 'index', 'open-xdp', 1),
       (140, 'forms', 'index', 'open-xod', 1),
       (140, 'forms', 'index', 'print', 1),
       (140, 'forms', 'index', 'search', 1),
       (140, 'forms', 'index', 'upload-revision', 1),
       (140, 'forms', 'sync', 'save-xod', 1),
       (140, 'templates', 'index', 'show-pdf', 1),
       (140, 'templates', 'index', 'view-pdf', 1),
       (141, 'forms', 'index', 'assign', 1),
       (141, 'forms', 'index', 'assign-officio-form', 1),
       (141, 'forms', 'index', 'load-form-setting', 1),
       (141, 'forms', 'index', 'load-setting', 1),
       (141, 'forms', 'index', 'save-form-setting', 1),
       (142, 'forms', 'index', 'finalize', 1),
       (143, 'forms', 'index', 'lock-and-unlock', 1),
       (144, 'forms', 'index', 'complete', 1),
       (150, 'calendar', 'index', '', 1),
       (160, 'mailer', 'index', '', 1),
       (160, 'mailer', 'settings', '', 1),
       (170, 'news', 'index', '', 1),
       (175, 'rss', 'index', '', 1),
       (180, 'templates', 'index', 'get-email-template', 1),
       (180, 'templates', 'index', 'get-message', 1),
       (180, 'templates', 'index', 'get-templates-list', 1),
       (180, 'templates', 'index', 'show-pdf', 1),
       (180, 'templates', 'index', 'view-pdf', 1),
       (181, 'templates', 'index', '', 1),
       (190, 'help', 'index', '', 1),
       (192, 'help', 'public', '', 1),
       (200, 'prospects', 'index', 'export-to-pdf', 1),
       (200, 'prospects', 'index', 'get-all-prospects-list', 1),
       (200, 'prospects', 'index', 'get-done-tasks-list', 1),
       (200, 'prospects', 'index', 'get-prospect-title', 1),
       (200, 'prospects', 'index', 'get-prospects-list', 1),
       (200, 'prospects', 'index', 'get-prospects-page', 1),
       (200, 'prospects', 'index', 'get-prospects-unread-counts', 1),
       (200, 'prospects', 'index', 'get-recent-prospects', 1),
       (200, 'prospects', 'index', 'index', 1),
       (200, 'prospects', 'index', 'mark', 1),
       (200, 'superadmin', 'manage-company-prospects', 'get-templates-list', 1),
       (201, 'tasks', 'index', '', 1),
       (210, 'tasks', 'index', '', 1),
       (220, 'applicants', 'index', 'open-link', 1),
       (300, 'websites', 'index', '', 1),
       (400, 'applicants', 'index', '', 1),
       (400, 'applicants', 'profile', 'check-employer-case', 1),
       (400, 'applicants', 'profile', 'get-login-info', 1),
       (400, 'applicants', 'profile', 'index', 1),
       (400, 'applicants', 'profile', 'load', 1),
       (400, 'applicants', 'profile', 'load-employer-cases-list', 1),
       (400, 'applicants', 'profile', 'load-short-info', 1),
       (400, 'applicants', 'profile', 'view-image', 1),
       (400, 'applicants', 'search', '', 1),
       (401, 'applicants', 'profile', 'delete-image', 1),
       (401, 'applicants', 'profile', 'get-vevo-country-suggestions', 1),
       (401, 'applicants', 'profile', 'get-vevo-info', 1),
       (401, 'applicants', 'profile', 'save', 1),
       (401, 'applicants', 'profile', 'update-login-info', 1),
       (401, 'applicants', 'profile', 'update-vevo-info', 1),
       (402, 'applicants', 'profile', 'delete', 1),
       (403, 'applicants', 'profile', 'get-vevo-country-suggestions', 1),
       (403, 'applicants', 'profile', 'get-vevo-info', 1),
       (403, 'applicants', 'profile', 'save', 1),
       (403, 'applicants', 'profile', 'update-login-info', 1),
       (403, 'applicants', 'profile', 'update-vevo-info', 1),
       (500, 'profile', 'index', '', 1),
       (1000, 'superadmin', 'change-my-password', '', 1),
       (1005, 'superadmin', 'manage-members-pua', 'delete', 1),
       (1005, 'superadmin', 'manage-members-pua', 'delete-designation-form', 1),
       (1005, 'superadmin', 'manage-members-pua', 'download-designation-form', 1),
       (1005, 'superadmin', 'manage-members-pua', 'export', 1),
       (1005, 'superadmin', 'manage-members-pua', 'get-designation-form', 1),
       (1005, 'superadmin', 'manage-members-pua', 'index', 1),
       (1005, 'superadmin', 'manage-members-pua', 'list', 1),
       (1005, 'superadmin', 'manage-members-pua', 'manage', 1),
       (1005, 'superadmin', 'manage-members-pua', 'upload-designation-form', 1),
       (1010, 'superadmin', 'roles', 'index', 1),
       (1011, 'superadmin', 'roles', 'add', 1),
       (1011, 'superadmin', 'roles', 'check-role', 1),
       (1012, 'superadmin', 'roles', 'check-role', 1),
       (1012, 'superadmin', 'roles', 'edit', 1),
       (1013, 'superadmin', 'roles', 'delete', 1),
       (1014, 'superadmin', 'roles', 'edit-extra-details', 1),
       (1020, 'superadmin', 'manage-admin-users', 'index', 1),
       (1021, 'superadmin', 'manage-admin-users', 'add', 1),
       (1021, 'superadmin', 'manage-admin-users', 'check-username', 1),
       (1022, 'superadmin', 'manage-admin-users', 'check-username', 1),
       (1022, 'superadmin', 'manage-admin-users', 'edit', 1),
       (1023, 'superadmin', 'manage-admin-users', 'delete', 1),
       (1030, 'superadmin', 'manage-members', 'delete-email-account', 1),
       (1030, 'superadmin', 'manage-members', 'enable-lms-user', 1),
       (1030, 'superadmin', 'manage-members', 'get-email-accounts', 1),
       (1030, 'superadmin', 'manage-members', 'index', 1),
       (1030, 'superadmin', 'manage-members', 'list', 1),
       (1030, 'superadmin', 'manage-members', 'save-email-account', 1),
       (1030, 'superadmin', 'manage-members', 'set-email-account-by-default', 1),
       (1030, 'superadmin', 'manage-members', 'test-mail-settings', 1),
       (1031, 'superadmin', 'manage-members', 'add', 1),
       (1031, 'superadmin', 'manage-members', 'check-is-user-exists', 1),
       (1032, 'superadmin', 'manage-members', 'change-vevo-credentials', 1),
       (1032, 'superadmin', 'manage-members', 'check-vevo-account', 1),
       (1032, 'superadmin', 'manage-members', 'edit', 1),
       (1033, 'superadmin', 'manage-members', 'delete', 1),
       (1034, 'superadmin', 'manage-members', 'change-status', 1),
       (1034, 'superadmin', 'manage-members', 'edit-extra-details', 1),
       (1035, 'superadmin', 'manage-members', 'change-password', 1),
       (1040, 'superadmin', 'manage-company', 'check-cc-info', 1),
       (1040, 'superadmin', 'manage-company', 'get-company-details', 1),
       (1040, 'superadmin', 'manage-company', 'get-company-logo', 1),
       (1040, 'superadmin', 'manage-company', 'get-invoice', 1),
       (1040, 'superadmin', 'manage-company', 'index', 1),
       (1040, 'superadmin', 'manage-company', 'show-invoice-pdf', 1),
       (1040, 'superadmin', 'manage-company', 'update-packages-cc', 1),
       (1040, 'superadmin', 'manage-own-company', 'category', 1),
       (1040, 'superadmin', 'manage-own-company', 'file', 1),
       (1040, 'superadmin', 'manage-own-company', 'index', 1),
       (1040, 'superadmin', 'manage-own-company', 'visa', 1),
       (1041, 'superadmin', 'manage-company', 'add', 1),
       (1042, 'superadmin', 'manage-company', 'edit', 1),
       (1042, 'superadmin', 'manage-company', 'remove-company-logo', 1),
       (1042, 'superadmin', 'manage-company', 'update-default-company-admin', 1),
       (1042, 'superadmin', 'manage-vac', '', 1),
       (1043, 'superadmin', 'manage-company', 'delete', 1),
       (1043, 'superadmin', 'manage-company', 'export-companies-main-info', 1),
       (1044, 'superadmin', 'manage-company-as-admin', 'index', 1),
       (1046, 'superadmin', 'manage-company', 'get-failed-invoices', 1),
       (1046, 'superadmin', 'manage-company', 'update-status', 1),
       (1047, 'superadmin', 'manage-company', 'get-companies', 1),
       (1048, 'superadmin', 'manage-company', 'email', 1),
       (1049, 'superadmin', 'manage-company', 'index', 1),
       (1050, 'superadmin', 'conditional-fields', '', 1),
       (1050, 'superadmin', 'manage-company', 'options-delete', 1),
       (1050, 'superadmin', 'manage-company', 'options-get', 1),
       (1050, 'superadmin', 'manage-company', 'options-manage', 1),
       (1050, 'superadmin', 'manage-company-case-statuses', '', 1),
       (1050, 'superadmin', 'manage-fields-groups', '', 1),
       (1051, 'superadmin', 'manage-applicant-fields-groups', 'add-block', 1),
       (1051, 'superadmin', 'manage-applicant-fields-groups', 'add-group', 1),
       (1051, 'superadmin', 'manage-applicant-fields-groups', 'delete-field', 1),
       (1051, 'superadmin', 'manage-applicant-fields-groups', 'delete-group', 1),
       (1051, 'superadmin', 'manage-applicant-fields-groups', 'edit-block', 1),
       (1051, 'superadmin', 'manage-applicant-fields-groups', 'edit-field', 1),
       (1051, 'superadmin', 'manage-applicant-fields-groups', 'edit-group', 1),
       (1051, 'superadmin', 'manage-applicant-fields-groups', 'get-contact-fields', 1),
       (1051, 'superadmin', 'manage-applicant-fields-groups', 'get-field-info', 1),
       (1051, 'superadmin', 'manage-applicant-fields-groups', 'index', 1),
       (1051, 'superadmin', 'manage-applicant-fields-groups', 'individuals', 1),
       (1051, 'superadmin', 'manage-applicant-fields-groups', 'remove-block', 1),
       (1051, 'superadmin', 'manage-applicant-fields-groups', 'save-order', 1),
       (1051, 'superadmin', 'manage-applicant-fields-groups', 'toggle-contact-fields', 1),
       (1052, 'superadmin', 'manage-applicant-fields-groups', 'add-block', 1),
       (1052, 'superadmin', 'manage-applicant-fields-groups', 'add-group', 1),
       (1052, 'superadmin', 'manage-applicant-fields-groups', 'delete-field', 1),
       (1052, 'superadmin', 'manage-applicant-fields-groups', 'delete-group', 1),
       (1052, 'superadmin', 'manage-applicant-fields-groups', 'edit-block', 1),
       (1052, 'superadmin', 'manage-applicant-fields-groups', 'edit-field', 1),
       (1052, 'superadmin', 'manage-applicant-fields-groups', 'edit-group', 1),
       (1052, 'superadmin', 'manage-applicant-fields-groups', 'employers', 1),
       (1052, 'superadmin', 'manage-applicant-fields-groups', 'get-contact-fields', 1),
       (1052, 'superadmin', 'manage-applicant-fields-groups', 'get-field-info', 1),
       (1052, 'superadmin', 'manage-applicant-fields-groups', 'index', 1),
       (1052, 'superadmin', 'manage-applicant-fields-groups', 'remove-block', 1),
       (1052, 'superadmin', 'manage-applicant-fields-groups', 'save-order', 1),
       (1052, 'superadmin', 'manage-applicant-fields-groups', 'toggle-contact-fields', 1),
       (1053, 'superadmin', 'manage-applicant-fields-groups', 'add-applicant-type', 1),
       (1053, 'superadmin', 'manage-applicant-fields-groups', 'add-block', 1),
       (1053, 'superadmin', 'manage-applicant-fields-groups', 'add-group', 1),
       (1053, 'superadmin', 'manage-applicant-fields-groups', 'applicant-types', 1),
       (1053, 'superadmin', 'manage-applicant-fields-groups', 'contacts', 1),
       (1053, 'superadmin', 'manage-applicant-fields-groups', 'delete-applicant-type', 1),
       (1053, 'superadmin', 'manage-applicant-fields-groups', 'delete-field', 1),
       (1053, 'superadmin', 'manage-applicant-fields-groups', 'delete-group', 1),
       (1053, 'superadmin', 'manage-applicant-fields-groups', 'edit-block', 1),
       (1053, 'superadmin', 'manage-applicant-fields-groups', 'edit-field', 1),
       (1053, 'superadmin', 'manage-applicant-fields-groups', 'edit-group', 1),
       (1053, 'superadmin', 'manage-applicant-fields-groups', 'get-applicant-types', 1),
       (1053, 'superadmin', 'manage-applicant-fields-groups', 'get-contact-fields', 1),
       (1053, 'superadmin', 'manage-applicant-fields-groups', 'get-field-info', 1),
       (1053, 'superadmin', 'manage-applicant-fields-groups', 'index', 1),
       (1053, 'superadmin', 'manage-applicant-fields-groups', 'remove-block', 1),
       (1053, 'superadmin', 'manage-applicant-fields-groups', 'save-order', 1),
       (1053, 'superadmin', 'manage-applicant-fields-groups', 'toggle-contact-fields', 1),
       (1053, 'superadmin', 'manage-applicant-fields-groups', 'update-applicant-type', 1),
       (1054, 'superadmin', 'manage-applicant-fields-groups', 'add-block', 1),
       (1054, 'superadmin', 'manage-applicant-fields-groups', 'add-group', 1),
       (1054, 'superadmin', 'manage-applicant-fields-groups', 'delete-field', 1),
       (1054, 'superadmin', 'manage-applicant-fields-groups', 'delete-group', 1),
       (1054, 'superadmin', 'manage-applicant-fields-groups', 'edit-block', 1),
       (1054, 'superadmin', 'manage-applicant-fields-groups', 'edit-field', 1),
       (1054, 'superadmin', 'manage-applicant-fields-groups', 'edit-group', 1),
       (1054, 'superadmin', 'manage-applicant-fields-groups', 'get-contact-fields', 1),
       (1054, 'superadmin', 'manage-applicant-fields-groups', 'get-field-info', 1),
       (1054, 'superadmin', 'manage-applicant-fields-groups', 'index', 1),
       (1054, 'superadmin', 'manage-applicant-fields-groups', 'internals', 1),
       (1054, 'superadmin', 'manage-applicant-fields-groups', 'remove-block', 1),
       (1054, 'superadmin', 'manage-applicant-fields-groups', 'save-order', 1),
       (1054, 'superadmin', 'manage-applicant-fields-groups', 'toggle-contact-fields', 1),
       (1060, 'forms', 'forms-folders', '', 1),
       (1060, 'forms', 'index', 'open-version-pdf', 1),
       (1060, 'forms', 'index', 'open-xod', 1),
       (1060, 'forms', 'index', 'search', 1),
       (1060, 'superadmin', 'forms', '', 1),
       (1060, 'superadmin', 'forms-maps', '', 1),
       (1061, 'superadmin', 'landing-pages', 'manage-landing-pages', 1),
       (1070, 'superadmin', 'news', '', 1),
       (1080, 'superadmin', 'shared-templates', '', 1),
       (1090, 'applicants', 'search', 'load-search', 1),
       (1090, 'applicants', 'search', 'save-search', 1),
       (1090, 'superadmin', 'default-searches', '', 1),
       (1090, 'templates', 'index', 'get-email-template', 1),
       (1100, 'superadmin', 'manage-templates', '', 1),
       (1120, 'superadmin', 'automatic-reminder-actions', '', 1),
       (1120, 'superadmin', 'automatic-reminder-conditions', '', 1),
       (1120, 'superadmin', 'automatic-reminder-triggers', '', 1),
       (1120, 'superadmin', 'automatic-reminders', '', 1),
       (1130, 'system', 'import', '', 1),
       (1130, 'system', 'index', '', 1),
       (1140, 'help', 'index', '', 1),
       (1140, 'superadmin', 'manage-faq', '', 1),
       (1150, 'superadmin', 'manage-prospects', '', 1),
       (1170, 'superadmin', 'smtp', '', 1),
       (1180, 'superadmin', 'last-logged-in', '', 1),
       (1190, 'superadmin', 'manage-company-prospects', '', 1),
       (1200, 'superadmin', 'manage-hst', '', 1),
       (1210, 'superadmin', 'manage-cmi', '', 1),
       (1220, 'superadmin', 'manage-trial-pricing', '', 1),
       (1230, 'superadmin', 'manage-company', 'generate-invoice-template', 1),
       (1230, 'superadmin', 'manage-company', 'run-charge', 1),
       (1230, 'superadmin', 'manage-invoices', '', 1),
       (1240, 'superadmin', 'manage-pricing', '', 1),
       (1250, 'superadmin', 'manage-bad-debts-log', '', 1),
       (1260, 'superadmin', 'automated-billing-log', '', 1),
       (1270, 'superadmin', 'manage-pt-error-codes', '', 1),
       (1280, 'superadmin', 'accounts', '', 1),
       (1290, 'superadmin', 'forms-default', '', 1),
       (1300, 'superadmin', 'statistics', '', 1),
       (1310, 'superadmin', 'import-clients', '', 1),
       (1311, 'superadmin', 'import-client-notes', '', 1),
       (1320, 'superadmin', 'prospects-matching', '', 1),
       (1330, 'superadmin', 'manage-rss-feed', '', 1),
       (1350, 'superadmin', 'advanced-search', '', 1),
       (1360, 'superadmin', 'manage-company', 'company-search', 1),
       (1370, 'superadmin', 'manage-company', 'download-exported-profiles-and-cases', 1),
       (1370, 'superadmin', 'manage-company', 'export', 1),
       (1370, 'superadmin', 'manage-company', 'export-emails', 1),
       (1370, 'superadmin', 'manage-company', 'export-profiles-and-cases', 1),
       (1370, 'superadmin', 'manage-company', 'generate-profiles-and-cases-export-file', 1),
       (1370, 'superadmin', 'manage-company', 'get-export-email-accounts', 1),
       (1370, 'superadmin', 'manage-company', 'get-export-email-accounts-folders', 1),
       (1370, 'superadmin', 'manage-company', 'get-export-email-users', 1),
       (1380, 'superadmin', 'system-variables', '', 1),
       (1390, 'superadmin', 'index', 'index', 1),
       (1390, 'superadmin', 'manage-company', 'index', 1),
       (1400, 'superadmin', 'company-website', '', 1),
       (1410, 'superadmin', 'access-logs', 'index', 1),
       (1410, 'superadmin', 'access-logs', 'list', 1),
       (1411, 'superadmin', 'access-logs', 'delete', 1),
       (1420, 'superadmin', 'manage-company', 'generate-invoice-template', 1),
       (1420, 'superadmin', 'manage-company', 'run-charge', 1),
       (1420, 'superadmin', 'manage-company', 'save-packages', 1),
       (1420, 'superadmin', 'manage-company-packages', 'index', 1),
       (1420, 'superadmin', 'manage-templates', 'create-invoice', 1),
       (1421, 'superadmin', 'manage-company-packages', 'edit-extra-details', 1),
       (1430, 'superadmin', 'manage-company', 'mass-email', 1),
       (1440, 'superadmin', 'tickets', 'get-ticket', 1),
       (1440, 'superadmin', 'tickets', 'get-tickets', 1),
       (1441, 'superadmin', 'tickets', 'add', 1),
       (1442, 'superadmin', 'tickets', 'change-status', 1),
       (1450, 'superadmin', 'zoho', '', 1),
       (2000, 'crm', 'index', '', 1),
       (2001, 'crm', 'admin', 'index', 1),
       (2002, 'crm', 'define-users', '', 1),
       (2003, 'crm', 'define-roles', '', 1),
       (2010, 'crm', 'settings', 'index', 1),
       (2011, 'crm', 'settings', 'update-pass', 1),
       (2100, 'crm', 'companies', 'index', 1),
       (2101, 'crm', 'companies', 'add', 1),
       (2102, 'crm', 'companies', 'edit', 1),
       (2103, 'crm', 'companies', 'delete', 1),
       (2200, 'crm', 'prospects', 'index', 1),
       (2201, 'crm', 'prospects', 'add', 1),
       (2202, 'crm', 'prospects', 'edit', 1),
       (2203, 'crm', 'prospects', 'delete', 1),
       (2204, 'superadmin', 'manage-company-contacts-types', '', 1),
       (2210, 'superadmin', 'letterheads', '', 1),
       (2211, 'superadmin', 'roles', '', 1),
       (2212, 'superadmin', 'roles', 'add', 1),
       (2213, 'superadmin', 'roles', 'edit', 1),
       (2214, 'superadmin', 'roles', 'delete', 1),
       (2215, 'tasks', 'index', 'delete', 1),
       (2216, 'tasks', 'index', 'delete', 1),
       (2217, 'tasks', 'index', 'delete', 1),
       (2218, 'clients', 'accounting', 'index', 1),
       (2219, 'clients', 'accounting', 'index', 1),
       (2219, 'mailer', 'index', 'send', 1),
       (2220, 'clients', 'accounting', 'index', 1),
       (2221, 'clients', 'accounting', 'index', 1),
       (2222, 'clients', 'accounting', 'index', 1),
       (2223, 'clients', 'accounting', 'index', 1),
       (2224, 'clients', 'accounting', 'index', 1),
       (2225, 'clients', 'accounting', 'index', 1),
       (2226, 'clients', 'accounting', 'index', 1),
       (2227, 'superadmin', 'manage-divisions-groups', '', 1),
       (2228, 'superadmin', 'manage-offices', '', 1),
       (2229, 'superadmin', 'manage-company', 'case-number-settings', 1),
       (2229, 'superadmin', 'manage-company', 'case-number-settings-reset-counter', 1),
       (2229, 'superadmin', 'manage-company', 'case-number-settings-save', 1),
       (2230, 'applicants', 'queue', 'change-assigned-staff', 1),
       (2231, 'applicants', 'queue', 'change-visa-subclass', 1),
       (2232, 'superadmin', 'import-bcpnp', '', 1),
       (2233, 'superadmin', 'manage-default-mail-servers', '', 1),
       (2234, 'superadmin', 'manage-company', 'delete-invoice', 1),
       (2235, 'applicants', 'profile', 'export-con', 1),
       (2235, 'applicants', 'profile', 'generate-con', 1),
       (2236, 'documents', 'checklist', 'get-family-members', 1),
       (2236, 'documents', 'checklist', 'get-list', 1),
       (2237, 'documents', 'checklist', 'upload', 1),
       (2238, 'documents', 'checklist', 'delete', 1),
       (2239, 'documents', 'checklist', 'download', 1),
       (2240, 'documents', 'checklist', 'get-all-tags', 1),
       (2240, 'documents', 'checklist', 'set-tags', 1),
       (2241, 'documents', 'checklist', 'reassign', 1),
       (2242, 'superadmin', 'manage-business-hours', 'index', 1),
       (2243, 'superadmin', 'manage-business-hours', 'load-workdays-data', 1),
       (2244, 'superadmin', 'manage-business-hours', 'save-workdays-data', 1),
       (2245, 'superadmin', 'manage-business-hours', 'holidays-view', 1),
       (2246, 'superadmin', 'manage-business-hours', 'holidays-add', 1),
       (2247, 'superadmin', 'manage-business-hours', 'holidays-edit', 1),
       (2248, 'superadmin', 'manage-business-hours', 'holidays-delete', 1),
       (2249, 'superadmin', 'manage-business-hours', 'index', 1),
       (2250, 'superadmin', 'manage-business-hours', 'load-workdays-data', 1),
       (2251, 'superadmin', 'manage-business-hours', 'save-workdays-data', 1),
       (2252, 'superadmin', 'manage-business-hours', 'holidays-view', 1),
       (2253, 'superadmin', 'manage-business-hours', 'holidays-add', 1),
       (2254, 'superadmin', 'manage-business-hours', 'holidays-edit', 1),
       (2255, 'superadmin', 'manage-business-hours', 'holidays-delete', 1),
       (2256, 'applicants', 'search', 'run-search', 1),
       (2257, 'applicants', 'search', 'export-to-excel', 1),
       (2258, 'applicants', 'search', 'print', 1),
       (2259, 'applicants', 'analytics', 'get-analytics-data', 1),
       (2259, 'applicants', 'analytics', 'load-list', 1),
       (2260, 'applicants', 'analytics', 'add', 1),
       (2261, 'applicants', 'analytics', 'edit', 1),
       (2262, 'applicants', 'analytics', 'delete', 1),
       (2263, 'applicants', 'analytics', 'export', 1),
       (2264, 'applicants', 'analytics', 'print', 1),
       (2265, 'applicants', 'analytics', 'get-analytics-data', 1),
       (2265, 'applicants', 'analytics', 'load-list', 1),
       (2266, 'applicants', 'analytics', 'add', 1),
       (2267, 'applicants', 'analytics', 'edit', 1),
       (2268, 'applicants', 'analytics', 'delete', 1),
       (2269, 'applicants', 'analytics', 'export', 1),
       (2270, 'applicants', 'analytics', 'print', 1),
       (2271, 'superadmin', 'manage-default-analytics', '', 1),
       (2272, 'superadmin', 'marketplace', '', 1),
       (2273, 'prospects', 'index', 'save', 1),
       (2274, 'prospects', 'index', 'delete-resume', 1),
       (2274, 'prospects', 'index', 'download-resume', 1),
       (2274, 'prospects', 'index', 'save', 1),
       (2274, 'prospects', 'index', 'save-assessment', 1),
       (2274, 'prospects', 'index', 'save-business', 1),
       (2274, 'prospects', 'index', 'save-occupations', 1),
       (2275, 'prospects', 'index', 'delete-prospect', 1),
       (2276, 'prospects', 'index', 'convert-to-client', 1),
       (2277, 'prospects', 'index', 'get-adv-search-fields', 1),
       (2278, 'prospects', 'index', 'export-to-excel', 1),
       (2279, 'prospects', 'index', 'index', 1),
       (2280, 'prospects', 'index', 'get-note', 1),
       (2280, 'prospects', 'index', 'get-notes', 1),
       (2281, 'prospects', 'index', 'download-attachment', 1),
       (2281, 'prospects', 'index', 'notes-add', 1),
       (2281, 'prospects', 'index', 'upload-attachments', 1),
       (2282, 'prospects', 'index', 'download-attachment', 1),
       (2282, 'prospects', 'index', 'notes-edit', 1),
       (2282, 'prospects', 'index', 'upload-attachments', 1),
       (2283, 'prospects', 'index', 'notes-delete', 1),
       (2284, 'prospects', 'index', 'add-folder', 1),
       (2284, 'prospects', 'index', 'convert-to-pdf', 1),
       (2284, 'prospects', 'index', 'copy-files', 1),
       (2284, 'prospects', 'index', 'create-letter', 1),
       (2284, 'prospects', 'index', 'delete', 1),
       (2284, 'prospects', 'index', 'download-email', 1),
       (2284, 'prospects', 'index', 'drag-and-drop', 1),
       (2284, 'prospects', 'index', 'files-upload', 1),
       (2284, 'prospects', 'index', 'files-upload-from-dropbox', 1),
       (2284, 'prospects', 'index', 'files-upload-from-google-drive', 1),
       (2284, 'prospects', 'index', 'get-documents-tree', 1),
       (2284, 'prospects', 'index', 'get-file-download-url', 1),
       (2284, 'prospects', 'index', 'get-pdf', 1),
       (2284, 'prospects', 'index', 'move-files', 1),
       (2284, 'prospects', 'index', 'new-file', 1),
       (2284, 'prospects', 'index', 'open-pdf', 1),
       (2284, 'prospects', 'index', 'preview', 1),
       (2284, 'prospects', 'index', 'rename-file', 1),
       (2284, 'prospects', 'index', 'rename-folder', 1),
       (2284, 'prospects', 'index', 'save-file', 1),
       (2284, 'prospects', 'index', 'save-file-to-google-drive', 1),
       (2284, 'prospects', 'index', 'save-to-inbox', 1),
       (2285, 'prospects', 'index', 'download-resume', 1),
       (2285, 'prospects', 'index', 'export-to-pdf', 1),
       (2285, 'prospects', 'index', 'get-all-prospects-list', 1),
       (2285, 'prospects', 'index', 'get-done-tasks-list', 1),
       (2285, 'prospects', 'index', 'get-prospect-title', 1),
       (2285, 'prospects', 'index', 'get-prospects-list', 1),
       (2285, 'prospects', 'index', 'get-prospects-page', 1),
       (2285, 'prospects', 'index', 'get-prospects-unread-counts', 1),
       (2285, 'prospects', 'index', 'index', 1),
       (2285, 'prospects', 'index', 'mark', 1),
       (2285, 'superadmin', 'manage-company-prospects', 'get-templates-list', 1),
       (2286, 'prospects', 'index', 'convert-to-client', 1),
       (2287, 'prospects', 'index', 'get-adv-search-fields', 1),
       (2288, 'prospects', 'index', 'export-to-excel', 1),
       (2289, 'prospects', 'index', 'index', 1),
       (2290, 'prospects', 'index', 'get-note', 1),
       (2290, 'prospects', 'index', 'get-notes', 1),
       (2291, 'prospects', 'index', 'notes-add', 1),
       (2292, 'prospects', 'index', 'notes-edit', 1),
       (2293, 'prospects', 'index', 'notes-delete', 1),
       (2294, 'prospects', 'index', 'add-folder', 1),
       (2294, 'prospects', 'index', 'copy-files', 1),
       (2294, 'prospects', 'index', 'create-letter', 1),
       (2294, 'prospects', 'index', 'delete', 1),
       (2294, 'prospects', 'index', 'download-email', 1),
       (2294, 'prospects', 'index', 'drag-and-drop', 1),
       (2294, 'prospects', 'index', 'files-upload', 1),
       (2294, 'prospects', 'index', 'get-documents-tree', 1),
       (2294, 'prospects', 'index', 'get-pdf', 1),
       (2294, 'prospects', 'index', 'move-files', 1),
       (2294, 'prospects', 'index', 'new-file', 1),
       (2294, 'prospects', 'index', 'open-pdf', 1),
       (2294, 'prospects', 'index', 'preview', 1),
       (2294, 'prospects', 'index', 'rename-file', 1),
       (2294, 'prospects', 'index', 'rename-folder', 1),
       (2294, 'prospects', 'index', 'save-file', 1),
       (2294, 'prospects', 'index', 'save-to-inbox', 1),
       (2295, 'tasks', 'index', 'add', 1),
       (2296, 'tasks', 'index', 'add', 1),
       (2297, 'tasks', 'index', 'add', 1),
       (2298, 'superadmin', 'url-checker', '', 1),
       (2299, 'templates', 'index', '', 1),
       (2300, 'applicants', 'profile', 'generate-pdf-letter', 1),
       (2300, 'applicants', 'profile', 'get-letter-templates-by-type', 1),
       (2301, 'mailer', 'index', '', 1),
       (2302, 'tasks', 'index', 'index', 1),
       (2303, 'superadmin', 'trust-account-settings', '', 1),
       (2304, 'officio', 'index', 'generate-lms-url', 1),
       (2304, 'superadmin', 'manage-members', 'enable-lms-user', 1),
       (2305, 'clients', 'time-tracker', 'time-log-summary-export', 1),
       (2305, 'clients', 'time-tracker', 'time-log-summary-load', 1);
/*!40000 ALTER TABLE `acl_rule_details`
    ENABLE KEYS */;
UNLOCK TABLES;

--
-- Table structure for table `acl_rules`
--

DROP TABLE IF EXISTS `acl_rules`;
/*!40101 SET @saved_cs_client = @@character_set_client */;
/*!50503 SET character_set_client = utf8mb4 */;
CREATE TABLE `acl_rules`
(
    `rule_id`          int            NOT NULL AUTO_INCREMENT,
    `rule_parent_id`   int                     DEFAULT NULL,
    `module_id`        varchar(50)    NOT NULL,
    `rule_description` varchar(100)   NOT NULL,
    `rule_check_id`    varchar(100)   NOT NULL,
    `superadmin_only`  tinyint(1)     NOT NULL DEFAULT '0',
    `crm_only`         enum ('Y','N') NOT NULL DEFAULT 'N',
    `rule_visible`     tinyint(1)     NOT NULL DEFAULT '0',
    `rule_order`       int            NOT NULL DEFAULT '0',
    PRIMARY KEY (`rule_id`)
) ENGINE = InnoDB
  AUTO_INCREMENT = 2306
  DEFAULT CHARSET = utf8mb3;
/*!40101 SET character_set_client = @saved_cs_client */;

--
-- Dumping data for table `acl_rules`
--

LOCK TABLES `acl_rules` WRITE;
/*!40000 ALTER TABLE `acl_rules`
    DISABLE KEYS */;
INSERT INTO `acl_rules`
VALUES (1, NULL, 'officio', 'Default access rights in default module', 'access-to-default', 0, 'N', 0, 0),
       (2, NULL, 'superadmin', 'Default access rights in superadmin module', 'access-to-superadmin', 0, 'N', 0, 0),
       (3, NULL, '', 'Default full access to whole web site', 'whole-web-site', 0, 'N', 0, 0),
       (4, NULL, 'superadmin', 'Admin Tab', 'admin-view', 0, 'N', 1, 0),
       (5, NULL, 'officio', 'Staff Tabs', 'staff-tabs-view', 0, 'Y', 1, 0),
       (6, 5, 'officio', 'Home page', 'index-view', 0, 'Y', 1, 2),
       (7, 6, 'notes', 'Notes on Homepage', 'user-notes-view', 0, 'Y', 1, 0),
       (10, 5, 'clients', 'Clients', 'clients-view', 0, 'N', 1, 4),
       (11, 10, 'clients', 'Change/Save Profile', 'clients-profile-edit', 0, 'N', 1, 6),
       (12, 10, 'clients', 'Delete client', 'clients-profile-delete', 0, 'N', 1, 2),
       (13, 10, 'clients', 'New Client', 'clients-profile-new', 0, 'N', 1, 4),
       (20, 10, 'clients', 'Employer Client Login', 'clients-employer-client-login', 0, 'N', 1, 6),
       (21, 10, 'clients', 'Individual Client Login', 'clients-individual-client-login', 0, 'N', 1, 6),
       (25, 10, 'tasks', 'Tasks', 'clients-tasks-view', 0, 'N', 1, 7),
       (30, 10, 'notes', 'Notes and Activities', 'clients-notes-view', 0, 'N', 1, 8),
       (31, 30, 'notes', 'Add Notes', 'clients-notes-add', 0, 'N', 1, 0),
       (32, 30, 'notes', 'Edit Notes', 'clients-notes-edit', 0, 'N', 1, 0),
       (33, 30, 'notes', 'Delete Notes', 'clients-notes-delete', 0, 'N', 1, 0),
       (60, 10, 'clients', 'Client Documents', 'client-documents-view', 0, 'N', 1, 12),
       (61, 4, 'superadmin', 'Client Documents Settings', 'client-documents-settings-view', 0, 'N', 1, 10),
       (70, 10, 'clients', 'Accounting', 'clients-accounting-view', 0, 'N', 1, 14),
       (80, 10, 'clients', 'Time Tracker', 'clients-time-tracker', 0, 'N', 1, 15),
       (81, 80, 'clients', 'Popup Time Tracker Dialog', 'clients-time-tracker-popup-dialog', 0, 'N', 1, 16),
       (82, 80, 'clients', 'Show Time Log', 'clients-time-tracker-show', 0, 'N', 1, 17),
       (83, 82, 'clients', 'Time Log Add', 'clients-time-tracker-add', 0, 'N', 1, 18),
       (84, 82, 'clients', 'Time Log Edit', 'clients-time-tracker-edit', 0, 'N', 1, 19),
       (85, 82, 'clients', 'Time Log Delete', 'clients-time-tracker-delete', 0, 'N', 1, 20),
       (90, 10, 'clients', 'Advanced search', 'clients-advanced-search-run', 0, 'N', 1, 21),
       (91, 90, 'clients', 'Export', 'clients-advanced-search-export', 0, 'N', 1, 0),
       (92, 90, 'clients', 'Print', 'clients-advanced-search-print', 0, 'N', 1, 0),
       (95, 10, 'applicants', 'Office/Queue', 'clients-queue-run', 0, 'N', 1, 22),
       (96, 95, 'applicants', 'Export', 'clients-queue-export', 0, 'N', 1, 0),
       (97, 95, 'applicants', 'Print', 'clients-queue-print', 0, 'N', 1, 0),
       (98, 95, 'applicants', 'Push to Office/Queue', 'clients-queue-push-to-queue', 0, 'N', 1, 0),
       (99, 95, 'applicants', 'Change File Status', 'clients-queue-change-file-status', 0, 'N', 1, 0),
       (100, 5, 'documents', 'My Documents', 'my-documents-view', 0, 'Y', 1, 10),
       (101, 110, 'trust-account', '%ta_label% History', 'trust-account-history-view', 0, 'N', 1, 0),
       (102, 110, 'trust-account', '%ta_label% Import', 'trust-account-import-view', 0, 'N', 1, 0),
       (103, 110, 'trust-account', '%ta_label% Assign payments to invoices', 'trust-account-assign-view', 0, 'N', 1, 0),
       (104, 110, 'trust-account', '%ta_label% Edit', 'trust-account-edit-view', 0, 'N', 1, 0),
       (105, 110, 'superadmin', '%ta_label% Transaction Settings', 'trust-account-settings-view', 0, 'N', 1, 0),
       (106, 100, 'documents', 'New Letter on Letterhead', 'new-letter-on-letterhead', 0, 'N', 1, 0),
       (110, 5, 'trust-account', '%ta_label%', 'trust-account-view', 0, 'N', 1, 14),
       (130, 6, 'links', 'My Bookmarks', 'links-view', 0, 'Y', 1, 0),
       (140, 10, 'forms', 'Forms', 'forms-view', 0, 'N', 1, 10),
       (141, 140, 'forms', 'Enable Assign Forms', 'forms-assign', 0, 'N', 1, 0),
       (142, 140, 'forms', 'Can Finalize a Form', 'forms-finalize', 0, 'N', 1, 0),
       (143, 140, 'forms', 'Can Lock and Unlock Forms', 'forms-lock-unlock', 0, 'N', 1, 0),
       (144, 140, 'forms', 'Can Complete a Form', 'forms-complete', 0, 'N', 1, 0),
       (150, 5, 'calendar', 'Calendar', 'calendar-view', 0, 'Y', 1, 8),
       (160, 5, 'mailer', 'Send Email Option', 'mail-view', 0, 'Y', 1, 6),
       (170, 6, 'news', 'Announcements', 'news-view', 0, 'Y', 1, 0),
       (175, 6, 'rss', 'Immigration News', 'rss-view', 0, 'N', 1, 0),
       (180, 5, 'templates', 'Templates', 'templates-view', 0, 'Y', 1, 12),
       (181, 180, 'templates', 'Manage Own Templates', 'templates-manage', 0, 'N', 1, 0),
       (190, 5, 'help', 'Help', 'help-view', 0, 'Y', 1, 18),
       (191, 5, 'help', 'F.A.Q.', 'faq-view', 0, 'N', 1, 19),
       (192, 5, 'help', 'F.A.Q.', 'faq-public-view', 0, 'N', 0, 20),
       (200, 5, 'prospects', 'Prospects', 'prospects-view', 0, 'N', 1, 20),
       (201, 200, 'tasks', 'Tasks', 'prospects-tasks-view', 0, 'N', 1, 21),
       (210, 5, 'tasks', 'My Tasks', 'tasks-view', 0, 'N', 1, 11),
       (220, 10, 'applicants', 'ABN/ACN Check', 'abn-check', 0, 'N', 1, 0),
       (300, 3, 'websites', 'Company Websites', 'websites-view', 0, 'N', 1, 0),
       (400, 5, 'applicants', 'Contacts', 'contacts-view', 0, 'N', 1, 30),
       (401, 400, 'applicants', 'Change/Save Profile', 'contacts-profile-edit', 0, 'N', 1, 31),
       (402, 400, 'applicants', 'Delete Contact', 'contacts-profile-delete', 0, 'N', 1, 32),
       (403, 400, 'applicants', 'New Contact', 'contacts-profile-new', 0, 'N', 1, 33),
       (500, 5, 'profile', 'User Profile', 'user-profile-view', 0, 'N', 1, 34),
       (1000, 4, 'superadmin', 'Change My Password Page', 'admin-mypassword', 0, 'N', 1, 0),
       (1005, 4, 'superadmin', 'PUA Planning', 'pua-planning', 0, 'N', 1, 0),
       (1010, 4, 'superadmin', 'Manage Roles', 'admin-roles-view', 0, 'N', 1, 0),
       (1011, 1010, 'superadmin', 'Add New Roles', 'admin-roles-add', 0, 'N', 1, 0),
       (1012, 1010, 'superadmin', 'View Roles Details', 'admin-roles-view-details', 0, 'N', 1, 0),
       (1013, 1010, 'superadmin', 'Delete Roles', 'admin-roles-delete', 0, 'N', 1, 0),
       (1014, 1012, 'superadmin', 'Edit Roles ', 'admin-roles-edit', 0, 'N', 1, 0),
       (1020, 4, 'superadmin', 'Manage Super Admin Users', 'manage-admin-user-view', 1, 'N', 1, 0),
       (1021, 1020, 'superadmin', 'Add New Super Admin User', 'manage-admin-user-add', 1, 'N', 1, 0),
       (1022, 1020, 'superadmin', 'Edit Super Admin User', 'manage-admin-user-edit', 1, 'N', 1, 0),
       (1023, 1020, 'superadmin', 'Delete Super Admin User', 'manage-admin-user-delete', 1, 'N', 1, 0),
       (1030, 4, 'superadmin', 'Manage Users', 'manage-members', 0, 'N', 1, 0),
       (1031, 1030, 'superadmin', 'Add Users', 'manage-members-add', 0, 'N', 1, 0),
       (1032, 1030, 'superadmin', 'View Users Details', 'manage-members-view-details', 0, 'N', 1, 0),
       (1033, 1030, 'superadmin', 'Delete Users', 'manage-members-delete', 0, 'N', 1, 0),
       (1034, 1032, 'superadmin', 'Edit Users', 'manage-members-edit', 0, 'N', 1, 0),
       (1035, 1032, 'superadmin', 'Change Users Password', 'manage-members-change-password', 0, 'N', 1, 0),
       (1040, 4, 'superadmin', 'Manage Companies', 'manage-company', 0, 'N', 1, 0),
       (1041, 1040, 'superadmin', 'Add Company', 'manage-company-add', 1, 'N', 1, 0),
       (1042, 1040, 'superadmin', 'Edit Company', 'manage-company-edit', 0, 'N', 1, 1),
       (1043, 1040, 'superadmin', 'Delete Company', 'manage-company-delete', 1, 'N', 1, 2),
       (1044, 1040, 'superadmin', 'Login as User/Admin', 'manage-company-as-admin', 0, 'N', 1, 3),
       (1046, 1040, 'superadmin', 'Change Company Status', 'manage-company-change-status', 1, 'N', 1, 4),
       (1047, 1040, 'superadmin', 'View Companies List', 'manage-company-view-companies', 1, 'N', 1, 5),
       (1048, 1040, 'superadmin', 'Manage Company Email', 'manage-company-email', 1, 'N', 1, 0),
       (1049, 1042, 'superadmin', 'Edit Company Extra Details', 'edit-company-extra-details', 0, 'N', 1, 0),
       (1050, 4, 'superadmin', 'Manage Cases fields/groups/layouts', 'manage-groups-view', 0, 'N', 1, 0),
       (1051, 4, 'superadmin', 'Manage Individuals fields/groups/layouts', 'manage-individuals-fields', 0, 'N', 1, 0),
       (1052, 4, 'superadmin', 'Manage Employers fields/groups/layouts', 'manage-employers-fields', 0, 'N', 1, 0),
       (1053, 4, 'superadmin', 'Manage Contacts fields/groups/layouts', 'manage-contacts-fields', 0, 'N', 1, 0),
       (1054, 4, 'superadmin', 'Manage Internals fields/groups/layouts', 'manage-internals-fields', 0, 'N', 1, 0),
       (1060, 4, 'superadmin', 'Manage forms', 'manage-forms-view', 1, 'N', 1, 0),
       (1061, 1060, 'superadmin', 'Manage Landing Pages', 'manage-forms-view-landing-pages', 1, 'N', 1, 0),
       (1070, 4, 'superadmin', 'Announcements', 'manage-news-view', 1, 'N', 1, 0),
       (1080, 4, 'superadmin', 'Shared Templates', 'shared-templates-view', 1, 'N', 1, 0),
       (1090, 4, 'superadmin', 'Default Searches', 'default-searches-view', 1, 'N', 1, 0),
       (1100, 4, 'superadmin', 'Manage Templates', 'faq-view', 1, 'N', 1, 0),
       (1120, 4, 'superadmin', 'Automatic Tasks', 'automatic-reminders', 0, 'N', 1, 0),
       (1130, 4, 'system', 'System', 'system', 1, 'N', 1, 0),
       (1140, 4, 'superadmin', 'Manage Help', 'manage-faq-view', 1, 'N', 1, 0),
       (1150, 4, 'superadmin', 'Manage Prospects', 'manage-prospects', 1, 'N', 1, 0),
       (1160, 5, 'signup', 'Signup', 'signup', 0, 'N', 0, 0),
       (1170, 4, 'superadmin', 'Mail Server Settings', 'smtp-view', 1, 'N', 1, 0),
       (1180, 4, 'superadmin', 'Last Logged In Info', 'last-logged-in-view', 1, 'N', 1, 0),
       (1190, 4, 'superadmin', 'Manage Company Prospects', 'manage-company-prospects', 0, 'N', 1, 0),
       (1200, 4, 'superadmin', 'Manage GST/HST', 'manage-hst', 1, 'N', 1, 0),
       (1210, 4, 'superadmin', 'Manage CMI', 'manage-cmi', 1, 'N', 1, 0),
       (1220, 4, 'superadmin', 'Trial users pricing', 'manage-trial-users-pricing', 1, 'N', 1, 0),
       (1230, 4, 'superadmin', 'Manage PT Invoices', 'manage-invoices', 1, 'N', 1, 0),
       (1240, 4, 'superadmin', 'Manage pricing', 'manage-pricing', 1, 'N', 1, 0),
       (1250, 4, 'superadmin', 'Bad debts log', 'manage-bad-debts-log', 1, 'N', 1, 0),
       (1260, 4, 'superadmin', 'Automated billing log', 'automated-billing-log', 1, 'N', 1, 0),
       (1270, 4, 'superadmin', 'Manage PT Error codes', 'manage-pt-error-codes', 1, 'N', 1, 0),
       (1280, 4, 'superadmin', 'Accounts', 'manage-accounts-view', 1, 'N', 1, 0),
       (1290, 4, 'superadmin', 'Customize Forms', 'forms-default', 0, 'N', 1, 0),
       (1300, 4, 'superadmin', 'Statistics', 'statistics', 1, 'N', 1, 0),
       (1310, 4, 'superadmin', 'Import Clients', 'import-clients-view', 0, 'N', 1, 0),
       (1311, 4, 'superadmin', 'Import Client Notes', 'import-client-notes-view', 0, 'N', 1, 0),
       (1320, 4, 'superadmin', 'Prospects Matching', 'prospects-matching', 1, 'N', 1, 0),
       (1330, 4, 'superadmin', 'Manage RSS feed', 'manage-rss-feed', 1, 'N', 1, 0),
       (1350, 1040, 'superadmin', 'Advanced Search', 'manage-advanced-search', 1, 'N', 1, 0),
       (1360, 1040, 'superadmin', 'Quick Search', 'run-companies-search', 1, 'N', 1, 0),
       (1370, 1040, 'superadmin', 'Export clients, prospects, etc.', 'allow-export', 0, 'N', 1, 0),
       (1380, 4, 'superadmin', 'Manage system variables', 'system-variables', 1, 'N', 1, 0),
       (1390, 4, 'superadmin', 'View Superadmin Tab', 'admin-tab-view', 1, 'N', 1, 0),
       (1400, 4, 'superadmin', 'Company Website', 'company-website', 0, 'N', 1, 0),
       (1410, 4, 'superadmin', 'Access Logs', 'access-logs-view', 0, 'N', 1, 0),
       (1411, 1410, 'superadmin', 'Delete Events Entry', 'access-logs-delete', 0, 'N', 1, 0),
       (1420, 1040, 'superadmin', 'Manage Company Packages', 'manage-company-packages', 1, 'N', 1, 4),
       (1421, 1420, 'superadmin', 'Manage Company Packages Extra Details', 'manage-company-packages-extra-details', 1, 'N', 1, 0),
       (1430, 1040, 'superadmin', 'Send Mass Email', 'mass-email', 1, 'N', 1, 0),
       (1440, 1040, 'superadmin', 'Manage Company Tickets', 'manage-company-tickets', 1, 'N', 1, 0),
       (1441, 1440, 'superadmin', 'Add Company Tickets', 'manage-company-tickets-add', 1, 'N', 1, 0),
       (1442, 1440, 'superadmin', 'Manage Company Tickets Status', 'manage-company-tickets-status', 1, 'N', 1, 0),
       (1450, 4, 'superadmin', 'Manage Zoho settings', 'zoho-settings', 1, 'N', 1, 0),
       (2000, NULL, 'crm', 'CRM Manage', 'crm-manage', 1, 'Y', 1, 0),
       (2001, 2000, 'crm', 'Manage Users', 'crm-admin', 1, 'Y', 1, 0),
       (2002, 2001, 'crm', 'Define CRM users', 'crm-manage-users', 1, 'Y', 1, 0),
       (2003, 2001, 'crm', 'Define CRM roles', 'crm-manage-roles', 1, 'Y', 1, 0),
       (2010, 2000, 'crm', 'Settings', 'crm-settings', 1, 'Y', 1, 1),
       (2011, 2010, 'crm', 'Change own password', 'crm-manage-own-password', 1, 'Y', 1, 0),
       (2100, 5, 'crm', 'Companies', 'crm-companies-view', 1, 'Y', 1, 3),
       (2101, 2100, 'crm', 'New company', 'crm-companies-add', 1, 'Y', 1, 0),
       (2102, 2100, 'crm', 'Edit company', 'crm-companies-edit', 1, 'Y', 1, 0),
       (2103, 2100, 'crm', 'Delete company', 'crm-companies-delete', 1, 'Y', 1, 0),
       (2200, 5, 'crm', 'Prospects', 'crm-prospects-view', 1, 'Y', 1, 4),
       (2201, 2200, 'crm', 'New prospect', 'crm-prospect-add', 1, 'Y', 1, 0),
       (2202, 2200, 'crm', 'Edit prospect', 'crm-prospect-edit', 1, 'Y', 1, 0),
       (2203, 2200, 'crm', 'Delete prospect', 'crm-prospect-delete', 1, 'Y', 1, 0),
       (2204, 4, 'superadmin', 'Contacts', 'manage-company-contacts-types', 0, 'N', 1, 0),
       (2210, 4, 'superadmin', 'Letterheads', 'manage-letterheads', 0, 'N', 1, 0),
       (2211, 4, 'superadmin', 'Manage Super Admin Roles', 'manage-superadmin-roles', 1, 'N', 1, 0),
       (2212, 2211, 'superadmin', 'Add Super Admin Role', 'manage-superadmin-roles-add', 1, 'N', 1, 0),
       (2213, 2211, 'superadmin', 'Edit Super Admin Role', 'manage-superadmin-roles-edit', 1, 'N', 1, 0),
       (2214, 2211, 'superadmin', 'delete Super Admin Role', 'manage-superadmin-roles-delete', 1, 'N', 1, 0),
       (2215, 25, 'tasks', 'Delete Tasks', 'clients-tasks-delete', 0, 'N', 1, 1),
       (2216, 210, 'tasks', 'Delete Tasks', 'tasks-delete', 0, 'N', 1, 1),
       (2217, 201, 'tasks', 'Delete Tasks', 'prospects-tasks-delete', 0, 'N', 1, 1),
       (2218, 70, 'clients', 'General: Change Currency or %ta_label%', 'clients-accounting-change-currency', 0, 'N', 1, 0),
       (2219, 70, 'clients', 'General: Email Case Accounting', 'clients-accounting-email-accounting', 0, 'N', 1, 1),
       (2220, 70, 'clients', 'General: Generate Reports', 'clients-accounting-reports', 0, 'N', 1, 2),
       (2221, 70, 'clients', 'General: Print', 'clients-accounting-print', 0, 'N', 1, 3),
       (2222, 70, 'clients', 'New Fees or Disbursements i.e. charge client', 'clients-accounting-ft-add-fees-due', 0, 'N', 1, 4),
       (2223, 70, 'clients', 'Pay Now', 'clients-accounting-ft-add-fees-received', 0, 'N', 1, 5),
       (2224, 70, 'clients', 'Generate Invoice', 'clients-accounting-ft-generate-invoice', 0, 'N', 1, 6),
       (2225, 70, 'clients', 'Generate Receipt', 'clients-accounting-ft-generate-receipt', 0, 'N', 1, 7),
       (2226, 70, 'clients', 'Fees & Disbursements: Delete', 'clients-accounting-ft-error-correction', 0, 'N', 1, 8),
       (2227, 1040, 'superadmin', 'Define Authorised Agents', 'define-authorised-agents', 0, 'N', 1, 4),
       (2228, 1040, 'superadmin', 'Define %office_label%', 'manage-offices', 0, 'N', 1, 5),
       (2229, 1040, 'superadmin', 'Define Case File Number Settings', 'manage-case-reference-number-settings', 0, 'N', 1, 6),
       (2230, 95, 'applicants', 'Change Assigned Staff', 'clients-queue-change-assigned-staff', 0, 'N', 1, 0),
       (2231, 95, 'applicants', 'Change Visa Subclass', 'clients-queue-change-visa-subclass', 0, 'N', 1, 1),
       (2232, 4, 'superadmin', 'BC PNP Import', 'import-bcpnp', 0, 'N', 1, 0),
       (2233, 4, 'superadmin', 'Manage Default Mail Servers', 'manage-default-mail-servers', 1, 'N', 1, 0),
       (2234, 1042, 'superadmin', 'Delete Company Invoices', 'delete-company-invoices', 1, 'N', 1, 1),
       (2235, 10, 'applicants', 'Generate CON', 'generate-con', 0, 'N', 1, 23),
       (2236, 10, 'documents', 'Client Documents Checklist', 'client-documents-checklist-view', 0, 'N', 1, 13),
       (2237, 2236, 'documents', 'Upload Documents', 'client-documents-checklist-upload', 0, 'N', 1, 0),
       (2238, 2236, 'documents', 'Delete Documents', 'client-documents-checklist-delete', 0, 'N', 1, 1),
       (2239, 2236, 'documents', 'Download Documents', 'client-documents-checklist-download', 0, 'N', 1, 2),
       (2240, 2236, 'documents', 'Set Tags', 'client-documents-checklist-change-tags', 0, 'N', 1, 3),
       (2241, 2236, 'documents', 'Reassign File', 'client-documents-checklist-reassign', 0, 'N', 1, 4),
       (2242, 1032, 'superadmin', 'Business Hours', 'manage-members-business-hours', 0, 'N', 1, 0),
       (2243, 2242, 'superadmin', 'View Workdays', 'manage-members-business-hours-workdays-view', 0, 'N', 1, 0),
       (2244, 2242, 'superadmin', 'Update Workdays', 'manage-members-business-hours-workdays-update', 0, 'N', 1, 1),
       (2245, 2242, 'superadmin', 'View Holidays', 'manage-members-business-hours-holidays-view', 0, 'N', 1, 2),
       (2246, 2242, 'superadmin', 'Add Holidays', 'manage-members-business-hours-holidays-add', 0, 'N', 1, 3),
       (2247, 2242, 'superadmin', 'Edit Holidays', 'manage-members-business-hours-holidays-edit', 0, 'N', 1, 4),
       (2248, 2242, 'superadmin', 'Delete Holidays', 'manage-members-business-hours-holidays-delete', 0, 'N', 1, 5),
       (2249, 1042, 'superadmin', 'Business Hours', 'manage-company-business-hours', 0, 'N', 1, 0),
       (2250, 2249, 'superadmin', 'View Workdays', 'manage-company-business-hours-workdays-view', 0, 'N', 1, 0),
       (2251, 2249, 'superadmin', 'Update Workdays', 'manage-company-business-hours-workdays-update', 0, 'N', 1, 1),
       (2252, 2249, 'superadmin', 'View Holidays', 'manage-company-business-hours-holidays-view', 0, 'N', 1, 2),
       (2253, 2249, 'superadmin', 'Add Holidays', 'manage-company-business-hours-holidays-add', 0, 'N', 1, 3),
       (2254, 2249, 'superadmin', 'Edit Holidays', 'manage-company-business-hours-holidays-edit', 0, 'N', 1, 4),
       (2255, 2249, 'superadmin', 'Delete Holidays', 'manage-company-business-hours-holidays-delete', 0, 'N', 1, 5),
       (2256, 400, 'clients', 'Advanced search', 'contacts-advanced-search-run', 0, 'N', 1, 0),
       (2257, 2256, 'applicants', 'Export', 'contacts-advanced-search-export', 0, 'N', 1, 0),
       (2258, 2256, 'applicants', 'Print', 'contacts-advanced-search-print', 0, 'N', 1, 1),
       (2259, 10, 'applicants', 'Analytics', 'applicants-analytics-view', 0, 'N', 1, 21),
       (2260, 2259, 'applicants', 'Add', 'applicants-analytics-add', 0, 'N', 1, 0),
       (2261, 2259, 'applicants', 'Edit', 'applicants-analytics-edit', 0, 'N', 1, 1),
       (2262, 2259, 'applicants', 'Delete', 'applicants-analytics-delete', 0, 'N', 1, 2),
       (2263, 2259, 'applicants', 'Export', 'applicants-analytics-export', 0, 'N', 1, 3),
       (2264, 2259, 'applicants', 'Print', 'applicants-analytics-print', 0, 'N', 1, 4),
       (2265, 400, 'applicants', 'Analytics', 'contacts-analytics-view', 0, 'N', 1, 21),
       (2266, 2265, 'applicants', 'Add', 'contacts-analytics-add', 0, 'N', 1, 0),
       (2267, 2265, 'applicants', 'Edit', 'contacts-analytics-edit', 0, 'N', 1, 1),
       (2268, 2265, 'applicants', 'Delete', 'contacts-analytics-delete', 0, 'N', 1, 2),
       (2269, 2265, 'applicants', 'Export', 'contacts-analytics-export', 0, 'N', 1, 3),
       (2270, 2265, 'applicants', 'Print', 'contacts-analytics-print', 0, 'N', 1, 4),
       (2271, 4, 'superadmin', 'Default Analytics', 'manage-default-analytics', 1, 'N', 1, 0),
       (2272, 4, 'superadmin', 'Marketplace Profiles', 'manage-marketplace', 0, 'N', 1, 0),
       (2273, 200, 'prospects', 'New Prospect', 'prospects-add', 0, 'N', 1, 0),
       (2274, 200, 'prospects', 'Change/Save Profile', 'prospects-edit', 0, 'N', 1, 1),
       (2275, 200, 'prospects', 'Delete Prospect', 'prospects-delete', 0, 'N', 1, 2),
       (2276, 200, 'prospects', 'Convert to Client', 'prospects-convert-to-client', 0, 'N', 1, 3),
       (2277, 200, 'prospects', 'Advanced search', 'prospects-advanced-search-run', 0, 'N', 1, 4),
       (2278, 2277, 'prospects', 'Export', 'prospects-advanced-search-export', 0, 'N', 1, 0),
       (2279, 2277, 'prospects', 'Print', 'prospects-advanced-search-print', 0, 'N', 1, 1),
       (2280, 200, 'prospects', 'Prospect Notes', 'prospects-notes-view', 0, 'N', 1, 5),
       (2281, 2280, 'prospects', 'Add Notes', 'prospects-notes-add', 0, 'N', 1, 0),
       (2282, 2280, 'prospects', 'Edit Notes', 'prospects-notes-edit', 0, 'N', 1, 1),
       (2283, 2280, 'prospects', 'Delete Notes', 'prospects-notes-delete', 0, 'N', 1, 2),
       (2284, 200, 'prospects', 'Prospect Documents', 'prospects-documents', 0, 'N', 1, 6),
       (2285, 5, 'prospects', 'Marketplace', 'marketplace-view', 0, 'N', 1, 25),
       (2286, 2285, 'prospects', 'Convert to Client', 'marketplace-convert-to-client', 0, 'N', 1, 0),
       (2287, 2285, 'prospects', 'Advanced search', 'marketplace-advanced-search-run', 0, 'N', 1, 1),
       (2288, 2287, 'prospects', 'Export', 'marketplace-advanced-search-export', 0, 'N', 1, 0),
       (2289, 2287, 'prospects', 'Print', 'marketplace-advanced-search-print', 0, 'N', 1, 1),
       (2290, 2285, 'prospects', 'Prospect Notes', 'marketplace-notes-view', 0, 'N', 1, 2),
       (2291, 2290, 'prospects', 'Add Notes', 'marketplace-notes-add', 0, 'N', 1, 0),
       (2292, 2290, 'prospects', 'Edit Notes', 'marketplace-notes-edit', 0, 'N', 1, 1),
       (2293, 2290, 'prospects', 'Delete Notes', 'marketplace-notes-delete', 0, 'N', 1, 2),
       (2294, 2285, 'prospects', 'Prospect Documents', 'marketplace-documents', 0, 'N', 1, 3),
       (2295, 25, 'tasks', 'Add Tasks', 'clients-tasks-add', 0, 'N', 1, 0),
       (2296, 210, 'tasks', 'Add Tasks', 'tasks-add', 0, 'N', 1, 0),
       (2297, 201, 'tasks', 'Add Tasks', 'prospects-tasks-add', 0, 'N', 1, 0),
       (2298, 4, 'superadmin', 'PDF Version Checker', 'url-checker', 1, 'N', 1, 1),
       (2299, 181, 'templates', 'Manage Shared Templates', 'templates-manage-shared', 0, 'N', 1, 0),
       (2300, 10, 'applicants', 'Generate Comfort Letter', 'generate-pdf-letter', 0, 'N', 1, 24),
       (2301, 160, 'mailer', 'Webmail Module', 'mail-module', 0, 'N', 1, 0),
       (2302, 210, 'tasks', 'Access To View Tasks Assigned To A User', 'tasks-view-users', 0, 'N', 1, 2),
       (2303, 4, 'superadmin', '%ta_label% Transaction Settings', 'superadmin-trust-account-settings', 1, 'N', 1, 0),
       (2304, 5, 'officio', 'Officio Studio Module', 'lms-view', 0, 'N', 1, 40),
       (2305, 5, 'clients', 'Time Log Summary', 'clients-time-log-summary', 0, 'N', 1, 45);
/*!40000 ALTER TABLE `acl_rules`
    ENABLE KEYS */;
UNLOCK TABLES;

--
-- Table structure for table `analytics`
--

DROP TABLE IF EXISTS `analytics`;
/*!40101 SET @saved_cs_client = @@character_set_client */;
/*!50503 SET character_set_client = utf8mb4 */;
CREATE TABLE `analytics`
(
    `analytics_id`     int                            NOT NULL AUTO_INCREMENT,
    `analytics_type`   enum ('applicants','contacts') NOT NULL DEFAULT 'applicants',
    `company_id`       bigint                                  DEFAULT NULL,
    `analytics_name`   char(255)                               DEFAULT NULL,
    `analytics_params` text,
    PRIMARY KEY (`analytics_id`),
    KEY `FK_analytics_company` (`company_id`),
    CONSTRAINT `FK_analytics_company` FOREIGN KEY (`company_id`) REFERENCES `company` (`company_id`) ON DELETE CASCADE ON UPDATE CASCADE
) ENGINE = InnoDB
  DEFAULT CHARSET = utf8mb3 COMMENT ='Contains saved analytics params about client and case fields data.';
/*!40101 SET character_set_client = @saved_cs_client */;

--
-- Dumping data for table `analytics`
--

LOCK TABLES `analytics` WRITE;
/*!40000 ALTER TABLE `analytics`
    DISABLE KEYS */;
/*!40000 ALTER TABLE `analytics`
    ENABLE KEYS */;
UNLOCK TABLES;

--
-- Table structure for table `applicant_form_blocks`
--

DROP TABLE IF EXISTS `applicant_form_blocks`;
/*!40101 SET @saved_cs_client = @@character_set_client */;
/*!50503 SET character_set_client = utf8mb4 */;
CREATE TABLE `applicant_form_blocks`
(
    `applicant_block_id` int unsigned   NOT NULL AUTO_INCREMENT,
    `member_type_id`     int unsigned   NOT NULL,
    `company_id`         bigint         NOT NULL,
    `applicant_type_id`  int unsigned            DEFAULT NULL,
    `contact_block`      enum ('Y','N') NOT NULL DEFAULT 'N',
    `repeatable`         enum ('Y','N') NOT NULL DEFAULT 'N',
    `order`              int unsigned            DEFAULT NULL,
    PRIMARY KEY (`applicant_block_id`),
    KEY `FK_applicant_form_blocks_1` (`member_type_id`),
    KEY `FK_applicant_form_blocks_2` (`company_id`),
    KEY `FK_applicant_form_blocks_3` (`applicant_type_id`),
    CONSTRAINT `FK_applicant_form_blocks_1` FOREIGN KEY (`member_type_id`) REFERENCES `members_types` (`member_type_id`) ON DELETE CASCADE ON UPDATE CASCADE,
    CONSTRAINT `FK_applicant_form_blocks_2` FOREIGN KEY (`company_id`) REFERENCES `company` (`company_id`) ON DELETE CASCADE ON UPDATE CASCADE,
    CONSTRAINT `FK_applicant_form_blocks_3` FOREIGN KEY (`applicant_type_id`) REFERENCES `applicant_types` (`applicant_type_id`) ON DELETE CASCADE ON UPDATE CASCADE
) ENGINE = InnoDB
  AUTO_INCREMENT = 185
  DEFAULT CHARSET = utf8mb3;
/*!40101 SET character_set_client = @saved_cs_client */;

--
-- Dumping data for table `applicant_form_blocks`
--

LOCK TABLES `applicant_form_blocks` WRITE;
/*!40000 ALTER TABLE `applicant_form_blocks`
    DISABLE KEYS */;
INSERT INTO `applicant_form_blocks`
VALUES (131, 8, 0, NULL, 'Y', 'N', 0),
       (132, 8, 0, NULL, 'N', 'N', 1),
       (133, 7, 0, NULL, 'Y', 'N', 0),
       (134, 7, 0, NULL, 'Y', 'Y', 1),
       (135, 10, 0, 19, 'Y', 'N', 0),
       (136, 7, 0, NULL, 'N', 'N', 2),
       (137, 10, 0, 20, 'Y', 'N', 0),
       (138, 10, 0, 21, 'Y', 'N', 0),
       (139, 10, 0, 22, 'Y', 'N', 0),
       (140, 10, 0, 23, 'Y', 'N', 0),
       (141, 10, 0, 24, 'Y', 'N', 0),
       (142, 10, 0, 25, 'Y', 'N', 0),
       (143, 10, 0, 26, 'Y', 'N', 0),
       (170, 8, 1, NULL, 'Y', 'N', 0),
       (171, 8, 1, NULL, 'N', 'N', 1),
       (172, 7, 1, NULL, 'Y', 'N', 0),
       (173, 7, 1, NULL, 'Y', 'Y', 1),
       (174, 10, 1, 43, 'Y', 'N', 0),
       (175, 7, 1, NULL, 'N', 'N', 2),
       (176, 10, 1, 44, 'Y', 'N', 0),
       (177, 10, 1, 45, 'Y', 'N', 0),
       (178, 10, 1, 46, 'Y', 'N', 0),
       (179, 10, 1, 47, 'Y', 'N', 0),
       (180, 10, 1, 48, 'Y', 'N', 0),
       (181, 10, 1, 49, 'Y', 'N', 0),
       (182, 10, 1, 50, 'Y', 'N', 0),
       (183, 9, 0, NULL, 'N', 'N', 0),
       (184, 9, 1, NULL, 'N', 'N', 0);
/*!40000 ALTER TABLE `applicant_form_blocks`
    ENABLE KEYS */;
UNLOCK TABLES;

--
-- Table structure for table `applicant_form_data`
--

DROP TABLE IF EXISTS `applicant_form_data`;
/*!40101 SET @saved_cs_client = @@character_set_client */;
/*!50503 SET character_set_client = utf8mb4 */;
CREATE TABLE `applicant_form_data`
(
    `applicant_id`       bigint           NOT NULL,
    `applicant_field_id` int unsigned     NOT NULL,
    `value`              text,
    `row`                tinyint unsigned NOT NULL,
    `row_id`             varchar(32) DEFAULT NULL,
    KEY `FK_applicant_form_data_1` (`applicant_id`),
    KEY `FK_applicant_form_data_2` (`applicant_field_id`),
    CONSTRAINT `FK_applicant_form_data_1` FOREIGN KEY (`applicant_id`) REFERENCES `members` (`member_id`) ON DELETE CASCADE ON UPDATE CASCADE,
    CONSTRAINT `FK_applicant_form_data_2` FOREIGN KEY (`applicant_field_id`) REFERENCES `applicant_form_fields` (`applicant_field_id`) ON DELETE CASCADE ON UPDATE CASCADE
) ENGINE = InnoDB
  DEFAULT CHARSET = utf8mb3;
/*!40101 SET character_set_client = @saved_cs_client */;

--
-- Dumping data for table `applicant_form_data`
--

LOCK TABLES `applicant_form_data` WRITE;
/*!40000 ALTER TABLE `applicant_form_data`
    DISABLE KEYS */;
/*!40000 ALTER TABLE `applicant_form_data`
    ENABLE KEYS */;
UNLOCK TABLES;

--
-- Table structure for table `applicant_form_default`
--

DROP TABLE IF EXISTS `applicant_form_default`;
/*!40101 SET @saved_cs_client = @@character_set_client */;
/*!50503 SET character_set_client = utf8mb4 */;
CREATE TABLE `applicant_form_default`
(
    `applicant_form_default_id` int unsigned NOT NULL AUTO_INCREMENT,
    `applicant_field_id`        int unsigned     DEFAULT NULL,
    `value`                     text,
    `order`                     tinyint unsigned DEFAULT NULL,
    PRIMARY KEY (`applicant_form_default_id`),
    KEY `FK_applicant_form_default_1` (`applicant_field_id`),
    CONSTRAINT `FK_applicant_form_default_1` FOREIGN KEY (`applicant_field_id`) REFERENCES `applicant_form_fields` (`applicant_field_id`) ON DELETE CASCADE ON UPDATE CASCADE
) ENGINE = InnoDB
  AUTO_INCREMENT = 623
  DEFAULT CHARSET = utf8mb3;
/*!40101 SET character_set_client = @saved_cs_client */;

--
-- Dumping data for table `applicant_form_default`
--

LOCK TABLES `applicant_form_default` WRITE;
/*!40000 ALTER TABLE `applicant_form_default`
    DISABLE KEYS */;
INSERT INTO `applicant_form_default`
VALUES (111, 695, 'HR representative', 0),
       (112, 695, 'Mobility advisor', 1),
       (113, 695, 'Team lead', 2),
       (114, 695, 'Legal counsel', 3),
       (115, 695, 'Other', 4),
       (116, 696, 'Mr.', 0),
       (117, 696, 'Ms.', 1),
       (118, 696, 'Mrs.', 2),
       (119, 696, 'Miss', 3),
       (120, 696, 'Dr.', 4),
       (121, 714, 'Email', 0),
       (122, 714, 'Fax', 1),
       (123, 714, 'Phone', 2),
       (124, 720, 'Active', 0),
       (125, 720, 'Closed', 1),
       (126, 720, 'Archived', 2),
       (127, 730, '', 0),
       (128, 733, '', 0),
       (129, 735, '', 0),
       (130, 736, '', 0),
       (131, 737, '', 0),
       (132, 738, '', 0),
       (133, 727, '', 0),
       (134, 741, 'Male', 0),
       (135, 741, 'Female', 1),
       (136, 742, 'Never Married', 0),
       (137, 742, 'Married', 1),
       (138, 742, 'Engaged', 2),
       (139, 742, 'Widowed', 3),
       (140, 742, 'Separated', 4),
       (141, 742, 'Divorced', 5),
       (142, 752, 'Enabled', 0),
       (143, 752, 'Disabled', 1),
       (144, 753, 'Enabled', 0),
       (145, 753, 'Disabled', 1),
       (146, 742, 'De-Facto/Common Law', 6),
       (147, 732, 'Accommodation & Food Services', 1),
       (148, 732, 'Administrative & Support Services', 2),
       (149, 732, 'Agriculture, Forestry and Fishing', 3),
       (150, 732, 'Arts & Recreation Services', 4),
       (151, 732, 'Construction', 5),
       (152, 732, 'Education and Training', 6),
       (153, 732, 'Electricity, Gas, Water and Waste Services', 7),
       (154, 732, 'Financial and Insurance Services', 8),
       (155, 732, 'Health Care and Social Assistance', 9),
       (156, 732, 'Information Media and Telecommunications', 10),
       (157, 732, 'Manufacturing', 11),
       (158, 732, 'Mining', 12),
       (159, 732, 'Other Services', 13),
       (160, 732, 'Professional, Scientific and Technical Services', 14),
       (161, 732, 'Public Administration and Safety', 15),
       (162, 732, 'Rental, Hiring and Real Estate Services', 16),
       (163, 732, 'Retail Trade', 17),
       (164, 732, 'Transport, Postal and Warehousing', 18),
       (165, 734, '', 0),
       (441, 1097, 'Yes', 0),
       (448, 1097, 'No', 1),
       (563, 1249, 'HR representative', 0),
       (564, 1249, 'Mobility advisor', 1),
       (565, 1249, 'Team lead', 2),
       (566, 1249, 'Legal counsel', 3),
       (567, 1249, 'Other', 4),
       (568, 1250, 'Mr.', 0),
       (569, 1250, 'Ms.', 1),
       (570, 1250, 'Mrs.', 2),
       (571, 1250, 'Miss', 3),
       (572, 1250, 'Dr.', 4),
       (573, 1268, 'Email', 0),
       (574, 1268, 'Fax', 1),
       (575, 1268, 'Phone', 2),
       (576, 1274, 'Active', 0),
       (577, 1274, 'Closed', 1),
       (578, 1274, 'Archived', 2),
       (579, 1284, '', 0),
       (580, 1287, '', 0),
       (581, 1289, '', 0),
       (582, 1290, '', 0),
       (583, 1291, '', 0),
       (584, 1292, '', 0),
       (585, 1281, '', 0),
       (586, 1295, 'Male', 0),
       (587, 1295, 'Female', 1),
       (588, 1296, 'Never Married', 0),
       (589, 1296, 'Married', 1),
       (590, 1296, 'Engaged', 2),
       (591, 1296, 'Widowed', 3),
       (592, 1296, 'Separated', 4),
       (593, 1296, 'Divorced', 5),
       (594, 1306, 'Enabled', 0),
       (595, 1306, 'Disabled', 1),
       (596, 1307, 'Enabled', 0),
       (597, 1307, 'Disabled', 1),
       (598, 1296, 'De-Facto/Common Law', 6),
       (599, 1286, 'Accommodation & Food Services', 1),
       (600, 1286, 'Administrative & Support Services', 2),
       (601, 1286, 'Agriculture, Forestry and Fishing', 3),
       (602, 1286, 'Arts & Recreation Services', 4),
       (603, 1286, 'Construction', 5),
       (604, 1286, 'Education and Training', 6),
       (605, 1286, 'Electricity, Gas, Water and Waste Services', 7),
       (606, 1286, 'Financial and Insurance Services', 8),
       (607, 1286, 'Health Care and Social Assistance', 9),
       (608, 1286, 'Information Media and Telecommunications', 10),
       (609, 1286, 'Manufacturing', 11),
       (610, 1286, 'Mining', 12),
       (611, 1286, 'Other Services', 13),
       (612, 1286, 'Professional, Scientific and Technical Services', 14),
       (613, 1286, 'Public Administration and Safety', 15),
       (614, 1286, 'Rental, Hiring and Real Estate Services', 16),
       (615, 1286, 'Retail Trade', 17),
       (616, 1286, 'Transport, Postal and Warehousing', 18),
       (617, 1288, '', 0),
       (618, 1310, 'Yes', 0),
       (619, 1310, 'No', 1),
       (620, 741, 'X', 2),
       (621, 1295, 'X', 2);
/*!40000 ALTER TABLE `applicant_form_default`
    ENABLE KEYS */;
UNLOCK TABLES;

--
-- Table structure for table `applicant_form_fields`
--

DROP TABLE IF EXISTS `applicant_form_fields`;
/*!40101 SET @saved_cs_client = @@character_set_client */;
/*!50503 SET character_set_client = utf8mb4 */;
CREATE TABLE `applicant_form_fields`
(
    `applicant_field_id`        int unsigned                                                                                                                                                                                                                                                                                                                                                                                                  NOT NULL AUTO_INCREMENT,
    `member_type_id`            int unsigned                                                                                                                                                                                                                                                                                                                                                                                                  NOT NULL,
    `company_id`                bigint                                                                                                                                                                                                                                                                                                                                                                                                        NOT NULL,
    `applicant_field_unique_id` varchar(100)                                                                                                                                                                                                                                                                                                                                                                                                           DEFAULT NULL,
    `type`                      enum ('text','password','number','email','phone','memo','combo','country','agents','office','office_multi','assigned_to','radio','checkbox','date','date_repeatable','photo','file','office_change_date_time','multiple_text_fields','html_editor','kskeydid','case_internal_id','applicant_internal_id','multiple_combo','reference','authorized_agents','hyperlink','client_referrals','client_profile_id') NOT NULL DEFAULT 'text',
    `label`                     char(255)                                                                                                                                                                                                                                                                                                                                                                                                              DEFAULT NULL,
    `maxlength`                 int unsigned                                                                                                                                                                                                                                                                                                                                                                                                           DEFAULT NULL,
    `encrypted`                 enum ('Y','N')                                                                                                                                                                                                                                                                                                                                                                                                NOT NULL DEFAULT 'N',
    `required`                  enum ('Y','N')                                                                                                                                                                                                                                                                                                                                                                                                NOT NULL DEFAULT 'N',
    `required_for_submission`   enum ('Y','N')                                                                                                                                                                                                                                                                                                                                                                                                NOT NULL DEFAULT 'N',
    `disabled`                  enum ('Y','N')                                                                                                                                                                                                                                                                                                                                                                                                NOT NULL DEFAULT 'N',
    `blocked`                   enum ('Y','N')                                                                                                                                                                                                                                                                                                                                                                                                NOT NULL DEFAULT 'N',
    `multiple_values`           enum ('Y','N')                                                                                                                                                                                                                                                                                                                                                                                                NOT NULL DEFAULT 'N',
    `skip_access_requirements`  enum ('Y','N')                                                                                                                                                                                                                                                                                                                                                                                                NOT NULL DEFAULT 'N',
    `custom_height`             int unsigned                                                                                                                                                                                                                                                                                                                                                                                                  NOT NULL DEFAULT '0',
    PRIMARY KEY (`applicant_field_id`),
    KEY `FK_applicant_form_fields_1` (`member_type_id`),
    KEY `FK_applicant_form_fields_2` (`company_id`),
    CONSTRAINT `FK_applicant_form_fields_1` FOREIGN KEY (`member_type_id`) REFERENCES `members_types` (`member_type_id`) ON DELETE CASCADE ON UPDATE CASCADE,
    CONSTRAINT `FK_applicant_form_fields_2` FOREIGN KEY (`company_id`) REFERENCES `company` (`company_id`) ON DELETE CASCADE ON UPDATE CASCADE
) ENGINE = InnoDB
  AUTO_INCREMENT = 1421
  DEFAULT CHARSET = utf8mb3;
/*!40101 SET character_set_client = @saved_cs_client */;

--
-- Dumping data for table `applicant_form_fields`
--

LOCK TABLES `applicant_form_fields` WRITE;
/*!40000 ALTER TABLE `applicant_form_fields`
    DISABLE KEYS */;
INSERT INTO `applicant_form_fields`
VALUES (688, 9, 0, 'first_name', 'text', 'First Name', 255, 'N', 'Y', 'N', 'N', 'N', 'N', 'N', 0),
       (689, 9, 0, 'last_name', 'text', 'Last Name', 255, 'N', 'Y', 'N', 'N', 'N', 'N', 'N', 0),
       (690, 9, 0, 'phone_h', 'phone', 'Phone (Home)', NULL, 'N', 'N', 'N', 'N', 'N', 'N', 'N', 0),
       (691, 9, 0, 'phone_secondary', 'phone', 'Phone (Secondary)', NULL, 'N', 'N', 'N', 'N', 'N', 'N', 'N', 0),
       (692, 9, 0, 'phone', 'phone', 'Phone Number', NULL, 'N', 'N', 'N', 'N', 'N', 'N', 'N', 0),
       (693, 9, 0, 'email', 'email', 'Email Address', NULL, 'N', 'N', 'N', 'N', 'N', 'N', 'N', 0),
       (694, 9, 0, 'email_1', 'email', 'Email (Other)', NULL, 'N', 'N', 'N', 'N', 'N', 'N', 'N', 0),
       (695, 9, 0, 'contact_type', 'combo', 'Contact type', NULL, 'N', 'N', 'N', 'N', 'N', 'N', 'N', 0),
       (696, 9, 0, 'title', 'combo', 'Salutation', NULL, 'N', 'N', 'N', 'N', 'N', 'N', 'N', 0),
       (697, 9, 0, 'DOB', 'date_repeatable', 'Date of Birth', NULL, 'N', 'N', 'N', 'N', 'N', 'N', 'N', 0),
       (698, 9, 0, 'passport_number', 'text', 'Passport Number', 20, 'N', 'N', 'N', 'N', 'N', 'N', 'N', 0),
       (699, 9, 0, 'passport_exp_date', 'date_repeatable', 'Passport Expiry Date', NULL, 'N', 'N', 'N', 'N', 'N', 'N', 'N', 0),
       (700, 9, 0, 'country_of_birth', 'country', 'Country of Birth', NULL, 'N', 'N', 'N', 'N', 'N', 'N', 'N', 0),
       (701, 9, 0, 'country_of_residence', 'country', 'Country of Residence', NULL, 'N', 'N', 'N', 'N', 'N', 'N', 'N', 0),
       (702, 9, 0, 'country_of_citizenship', 'country', 'Country of Citizenship', NULL, 'N', 'N', 'N', 'N', 'N', 'N', 'N', 0),
       (703, 9, 0, 'salutation_in_native_lang', 'text', 'Salutation in Native Language', 20, 'N', 'N', 'N', 'N', 'N', 'N', 'N', 0),
       (704, 9, 0, 'name_in_native_lang', 'text', 'Name in Native Language', 50, 'N', 'N', 'N', 'N', 'N', 'N', 'N', 0),
       (705, 9, 0, 'preferred_language', 'text', 'Preferred Language', 20, 'N', 'N', 'N', 'N', 'N', 'N', 'N', 0),
       (706, 9, 0, 'photo', 'photo', 'Photo', NULL, 'N', 'N', 'N', 'N', 'N', 'N', 'N', 0),
       (707, 9, 0, 'address_1', 'text', 'Address', NULL, 'N', 'N', 'N', 'N', 'N', 'N', 'N', 0),
       (708, 9, 0, 'address_2', 'text', 'Address 2', NULL, 'N', 'N', 'N', 'N', 'N', 'N', 'N', 0),
       (709, 9, 0, 'city', 'text', 'City/Town', 64, 'N', 'N', 'N', 'N', 'N', 'N', 'N', 0),
       (710, 9, 0, 'state', 'text', 'Province/State', 64, 'N', 'N', 'N', 'N', 'N', 'N', 'N', 0),
       (711, 9, 0, 'country', 'country', 'Country', NULL, 'N', 'N', 'N', 'N', 'N', 'N', 'N', 0),
       (712, 9, 0, 'zip_code', 'text', 'Postal/Zip code', 16, 'N', 'N', 'N', 'N', 'N', 'N', 'N', 0),
       (713, 9, 0, 'fax_w', 'phone', 'Fax', NULL, 'N', 'N', 'N', 'N', 'N', 'N', 'N', 0),
       (714, 9, 0, 'pref_contact_method', 'combo', 'Preferred Contact Method', NULL, 'N', 'N', 'N', 'N', 'N', 'N', 'N', 0),
       (715, 9, 0, 'special_instruction', 'memo', 'Special Instruction', NULL, 'N', 'N', 'N', 'N', 'N', 'N', 'N', 0),
       (716, 9, 0, 'entity_name', 'text', 'Entity Name', NULL, 'N', 'Y', 'N', 'N', 'N', 'N', 'N', 0),
       (717, 9, 0, 'company_legal_name', 'text', 'Company Legal Name', NULL, 'N', 'N', 'N', 'N', 'N', 'N', 'N', 0),
       (718, 9, 0, 'company_activity', 'text', 'Company Activity', NULL, 'N', 'N', 'N', 'N', 'N', 'N', 'N', 0),
       (719, 9, 0, 'website', 'text', 'Website', NULL, 'N', 'N', 'N', 'N', 'N', 'N', 'N', 0),
       (720, 9, 0, 'status', 'combo', 'Status', NULL, 'N', 'N', 'N', 'N', 'N', 'N', 'N', 0),
       (721, 9, 0, 'email_2', 'email', 'Email 2', NULL, 'N', 'N', 'N', 'N', 'N', 'N', 'N', 0),
       (722, 9, 0, 'fax_home', 'phone', 'Fax (Home)', NULL, 'N', 'N', 'N', 'N', 'N', 'N', 'N', 0),
       (723, 9, 0, 'fax_other', 'phone', 'Fax (Others)', NULL, 'N', 'N', 'N', 'N', 'N', 'N', 'N', 0),
       (724, 9, 0, 'notes', 'memo', 'Notes', NULL, 'N', 'N', 'N', 'N', 'N', 'N', 'N', 0),
       (725, 7, 0, 'office', 'office_multi', 'Agent\'s Office', NULL, 'N', 'Y', 'N', 'N', 'N', 'N', 'N', 0),
       (726, 8, 0, 'office', 'office_multi', 'Queue', NULL, 'N', 'Y', 'N', 'N', 'N', 'N', 'N', 0),
       (727, 8, 0, 'username', 'text', 'Username', 64, 'N', 'N', 'N', 'N', 'N', 'N', 'N', 0),
       (728, 8, 0, 'password', 'password', 'Password', 64, 'N', 'N', 'N', 'N', 'N', 'N', 'N', 0),
       (729, 10, 0, 'office', 'office_multi', 'Agent\'s Office', NULL, 'N', 'Y', 'N', 'N', 'N', 'N', 'N', 0),
       (730, 7, 0, 'username', 'text', 'Username', 0, 'N', 'N', 'N', 'N', 'N', 'N', 'N', 0),
       (731, 7, 0, 'password', 'password', 'Password', 0, 'N', 'N', 'N', 'N', 'N', 'N', 'N', 0),
       (732, 7, 0, 'industry_type', 'combo', 'Industry Type', 0, 'N', 'N', 'N', 'N', 'N', 'N', 'N', 0),
       (733, 7, 0, 'trading_name', 'text', 'Trading Name', 30, 'N', 'N', 'N', 'N', 'N', 'N', 'N', 0),
       (734, 7, 0, 'australian_business_number', 'text', 'Australian Business Number (ABN)', 30, 'N', 'N', 'N', 'N', 'N', 'N', 'N', 0),
       (735, 7, 0, 'australian_company_number', 'text', 'Australian Company Number (ACN)', 30, 'N', 'N', 'N', 'N', 'N', 'N', 'N', 0),
       (736, 7, 0, 'australian_registered_body_number', 'text', 'Australian Registered Body Number (ARBN)', 30, 'N', 'N', 'N', 'N', 'N', 'N', 'N', 0),
       (737, 7, 0, 'australian_securities_exchange_code', 'text', 'Australian Securities Exchange (ASX) Code', 30, 'N', 'N', 'N', 'N', 'N', 'N', 'N', 0),
       (738, 7, 0, 'operational_since', 'date', 'Operational Since', 0, 'N', 'N', 'N', 'N', 'N', 'N', 'N', 0),
       (739, 9, 0, 'position', 'text', 'Position', 30, 'N', 'N', 'N', 'N', 'N', 'N', 'N', 0),
       (740, 9, 0, 'other_names', 'text', 'Other Names', 64, 'N', 'N', 'N', 'N', 'N', 'N', 'N', 0),
       (741, 9, 0, 'sex', 'combo', 'Sex', NULL, 'N', 'N', 'N', 'N', 'N', 'N', 'N', 0),
       (742, 9, 0, 'relationship_status', 'combo', 'Relationship Status', NULL, 'N', 'N', 'N', 'N', 'N', 'N', 'N', 0),
       (743, 9, 0, 'nationality', 'text', 'Nationality', 64, 'N', 'N', 'N', 'N', 'N', 'N', 'N', 0),
       (744, 9, 0, 'passport_issuing_authority', 'text', 'Passport Issuing Authority', 64, 'N', 'N', 'N', 'N', 'N', 'N', 'N', 0),
       (745, 9, 0, 'passport_issue_date', 'date', 'Passport Issue Date', NULL, 'N', 'N', 'N', 'N', 'N', 'N', 'N', 0),
       (746, 9, 0, 'passport_expiry_date', 'date', 'Passport Expiry Date', NULL, 'N', 'N', 'N', 'N', 'N', 'N', 'N', 0),
       (747, 9, 0, 'current_visa', 'text', 'Current Visa', 64, 'N', 'N', 'N', 'N', 'N', 'N', 'N', 0),
       (748, 9, 0, 'visa_expiry_date', 'date', 'Visa Expiry Date', NULL, 'N', 'N', 'N', 'N', 'N', 'N', 'N', 0),
       (749, 9, 0, 'country_of_passport', 'text', 'Country of Issue', NULL, 'N', 'N', 'N', 'N', 'N', 'N', 'N', 0),
       (750, 9, 0, 'emergency_contact', 'text', 'Emergency Contact', 64, 'N', 'N', 'N', 'N', 'N', 'N', 'N', 0),
       (751, 9, 0, 'emergency_contact_phone_number', 'phone', 'Emergency Contact Phone Number', NULL, 'N', 'N', 'N', 'N', 'N', 'N', 'N', 0),
       (752, 8, 0, 'disable_login', 'combo', 'Client Login Access', 0, 'N', 'Y', 'N', 'N', 'N', 'N', 'N', 0),
       (753, 7, 0, 'disable_login', 'combo', 'Client Login Access', 0, 'N', 'Y', 'N', 'N', 'N', 'N', 'N', 0),
       (754, 9, 0, 'department', 'text', 'Department', NULL, 'N', 'N', 'N', 'N', 'N', 'N', 'N', 0),
       (1090, 9, 0, 'medical_expiration_date', 'date', 'Medical Expiration Date', NULL, 'N', 'N', 'N', 'N', 'N', 'N', 'N', 0),
       (1097, 9, 0, 'migrating', 'combo', 'Migrating', NULL, 'N', 'N', 'N', 'N', 'N', 'N', 'N', 0),
       (1170, 9, 0, 'entered_queue_on', 'office_change_date_time', 'Entered Queue On', NULL, 'N', 'N', 'N', 'N', 'N', 'N', 'N', 0),
       (1242, 9, 1, 'first_name', 'text', 'First Name', 255, 'N', 'Y', 'N', 'N', 'N', 'N', 'N', 0),
       (1243, 9, 1, 'last_name', 'text', 'Last Name', 255, 'N', 'Y', 'N', 'N', 'N', 'N', 'N', 0),
       (1244, 9, 1, 'phone_h', 'phone', 'Phone (Home)', NULL, 'N', 'N', 'N', 'N', 'N', 'N', 'N', 0),
       (1245, 9, 1, 'phone_secondary', 'phone', 'Phone (Secondary)', NULL, 'N', 'N', 'N', 'N', 'N', 'N', 'N', 0),
       (1246, 9, 1, 'phone', 'phone', 'Phone Number', NULL, 'N', 'N', 'N', 'N', 'N', 'N', 'N', 0),
       (1247, 9, 1, 'email', 'email', 'Email Address', NULL, 'N', 'N', 'N', 'N', 'N', 'N', 'N', 0),
       (1248, 9, 1, 'email_1', 'email', 'Email (Other)', NULL, 'N', 'N', 'N', 'N', 'N', 'N', 'N', 0),
       (1249, 9, 1, 'contact_type', 'combo', 'Contact type', NULL, 'N', 'N', 'N', 'N', 'N', 'N', 'N', 0),
       (1250, 9, 1, 'title', 'combo', 'Salutation', NULL, 'N', 'N', 'N', 'N', 'N', 'N', 'N', 0),
       (1251, 9, 1, 'DOB', 'date_repeatable', 'Date of Birth', NULL, 'N', 'N', 'N', 'N', 'N', 'N', 'N', 0),
       (1252, 9, 1, 'passport_number', 'text', 'Passport Number', 20, 'N', 'N', 'N', 'N', 'N', 'N', 'N', 0),
       (1253, 9, 1, 'passport_exp_date', 'date_repeatable', 'Passport Expiry Date', NULL, 'N', 'N', 'N', 'N', 'N', 'N', 'N', 0),
       (1254, 9, 1, 'country_of_birth', 'country', 'Country of Birth', NULL, 'N', 'N', 'N', 'N', 'N', 'N', 'N', 0),
       (1255, 9, 1, 'country_of_residence', 'country', 'Country of Residence', NULL, 'N', 'N', 'N', 'N', 'N', 'N', 'N', 0),
       (1256, 9, 1, 'country_of_citizenship', 'country', 'Country of Citizenship', NULL, 'N', 'N', 'N', 'N', 'N', 'N', 'N', 0),
       (1257, 9, 1, 'salutation_in_native_lang', 'text', 'Salutation in Native Language', 20, 'N', 'N', 'N', 'N', 'N', 'N', 'N', 0),
       (1258, 9, 1, 'name_in_native_lang', 'text', 'Name in Native Language', 50, 'N', 'N', 'N', 'N', 'N', 'N', 'N', 0),
       (1259, 9, 1, 'preferred_language', 'text', 'Preferred Language', 20, 'N', 'N', 'N', 'N', 'N', 'N', 'N', 0),
       (1260, 9, 1, 'photo', 'photo', 'Photo', NULL, 'N', 'N', 'N', 'N', 'N', 'N', 'N', 0),
       (1261, 9, 1, 'address_1', 'text', 'Address', NULL, 'N', 'N', 'N', 'N', 'N', 'N', 'N', 0),
       (1262, 9, 1, 'address_2', 'text', 'Address 2', NULL, 'N', 'N', 'N', 'N', 'N', 'N', 'N', 0),
       (1263, 9, 1, 'city', 'text', 'City/Town', 64, 'N', 'N', 'N', 'N', 'N', 'N', 'N', 0),
       (1264, 9, 1, 'state', 'text', 'Province/State', 64, 'N', 'N', 'N', 'N', 'N', 'N', 'N', 0),
       (1265, 9, 1, 'country', 'country', 'Country', NULL, 'N', 'N', 'N', 'N', 'N', 'N', 'N', 0),
       (1266, 9, 1, 'zip_code', 'text', 'Postal/Zip code', 16, 'N', 'N', 'N', 'N', 'N', 'N', 'N', 0),
       (1267, 9, 1, 'fax_w', 'phone', 'Fax', NULL, 'N', 'N', 'N', 'N', 'N', 'N', 'N', 0),
       (1268, 9, 1, 'pref_contact_method', 'combo', 'Preferred Contact Method', NULL, 'N', 'N', 'N', 'N', 'N', 'N', 'N', 0),
       (1269, 9, 1, 'special_instruction', 'memo', 'Special Instruction', NULL, 'N', 'N', 'N', 'N', 'N', 'N', 'N', 0),
       (1270, 9, 1, 'entity_name', 'text', 'Entity Name', NULL, 'N', 'Y', 'N', 'N', 'N', 'N', 'N', 0),
       (1271, 9, 1, 'company_legal_name', 'text', 'Company Legal Name', NULL, 'N', 'N', 'N', 'N', 'N', 'N', 'N', 0),
       (1272, 9, 1, 'company_activity', 'text', 'Company Activity', NULL, 'N', 'N', 'N', 'N', 'N', 'N', 'N', 0),
       (1273, 9, 1, 'website', 'text', 'Website', NULL, 'N', 'N', 'N', 'N', 'N', 'N', 'N', 0),
       (1274, 9, 1, 'status', 'combo', 'Status', NULL, 'N', 'N', 'N', 'N', 'N', 'N', 'N', 0),
       (1275, 9, 1, 'email_2', 'email', 'Email 2', NULL, 'N', 'N', 'N', 'N', 'N', 'N', 'N', 0),
       (1276, 9, 1, 'fax_home', 'phone', 'Fax (Home)', NULL, 'N', 'N', 'N', 'N', 'N', 'N', 'N', 0),
       (1277, 9, 1, 'fax_other', 'phone', 'Fax (Others)', NULL, 'N', 'N', 'N', 'N', 'N', 'N', 'N', 0),
       (1278, 9, 1, 'notes', 'memo', 'Notes', NULL, 'N', 'N', 'N', 'N', 'N', 'N', 'N', 0),
       (1279, 7, 1, 'office', 'office_multi', 'Queue', NULL, 'N', 'Y', 'N', 'N', 'N', 'N', 'N', 0),
       (1280, 8, 1, 'office', 'office_multi', 'Queue', NULL, 'N', 'Y', 'N', 'N', 'N', 'N', 'N', 0),
       (1281, 8, 1, 'username', 'text', 'Username', 64, 'N', 'N', 'N', 'N', 'N', 'N', 'N', 0),
       (1282, 8, 1, 'password', 'password', 'Password', 64, 'N', 'N', 'N', 'N', 'N', 'N', 'N', 0),
       (1283, 10, 1, 'office', 'office_multi', 'Queue', NULL, 'N', 'Y', 'N', 'N', 'N', 'N', 'N', 0),
       (1284, 7, 1, 'username', 'text', 'Username', 0, 'N', 'N', 'N', 'N', 'N', 'N', 'N', 0),
       (1285, 7, 1, 'password', 'password', 'Password', 0, 'N', 'N', 'N', 'N', 'N', 'N', 'N', 0),
       (1286, 7, 1, 'industry_type', 'combo', 'Industry Type', 0, 'N', 'N', 'N', 'N', 'N', 'N', 'N', 0),
       (1287, 7, 1, 'trading_name', 'text', 'Trading Name', 30, 'N', 'N', 'N', 'N', 'N', 'N', 'N', 0),
       (1288, 7, 1, 'australian_business_number', 'text', 'Australian Business Number (ABN)', 30, 'N', 'N', 'N', 'N', 'N', 'N', 'N', 0),
       (1289, 7, 1, 'australian_company_number', 'text', 'Australian Company Number (ACN)', 30, 'N', 'N', 'N', 'N', 'N', 'N', 'N', 0),
       (1290, 7, 1, 'australian_registered_body_number', 'text', 'Australian Registered Body Number (ARBN)', 30, 'N', 'N', 'N', 'N', 'N', 'N', 'N', 0),
       (1291, 7, 1, 'australian_securities_exchange_code', 'text', 'Australian Securities Exchange (ASX) Code', 30, 'N', 'N', 'N', 'N', 'N', 'N', 'N', 0),
       (1292, 7, 1, 'operational_since', 'date', 'Operational Since', 0, 'N', 'N', 'N', 'N', 'N', 'N', 'N', 0),
       (1293, 9, 1, 'position', 'text', 'Position', 30, 'N', 'N', 'N', 'N', 'N', 'N', 'N', 0),
       (1294, 9, 1, 'other_names', 'text', 'Other Names', 64, 'N', 'N', 'N', 'N', 'N', 'N', 'N', 0),
       (1295, 9, 1, 'sex', 'combo', 'Sex', NULL, 'N', 'N', 'N', 'N', 'N', 'N', 'N', 0),
       (1296, 9, 1, 'relationship_status', 'combo', 'Relationship Status', NULL, 'N', 'N', 'N', 'N', 'N', 'N', 'N', 0),
       (1297, 9, 1, 'nationality', 'text', 'Nationality', 64, 'N', 'N', 'N', 'N', 'N', 'N', 'N', 0),
       (1298, 9, 1, 'passport_issuing_authority', 'text', 'Passport Issuing Authority', 64, 'N', 'N', 'N', 'N', 'N', 'N', 'N', 0),
       (1299, 9, 1, 'passport_issue_date', 'date', 'Passport Issue Date', NULL, 'N', 'N', 'N', 'N', 'N', 'N', 'N', 0),
       (1300, 9, 1, 'passport_expiry_date', 'date', 'Passport Expiry Date', NULL, 'N', 'N', 'N', 'N', 'N', 'N', 'N', 0),
       (1301, 9, 1, 'current_visa', 'text', 'Current Visa', 64, 'N', 'N', 'N', 'N', 'N', 'N', 'N', 0),
       (1302, 9, 1, 'visa_expiry_date', 'date', 'Visa Expiry Date', NULL, 'N', 'N', 'N', 'N', 'N', 'N', 'N', 0),
       (1303, 9, 1, 'country_of_passport', 'text', 'Country of Issue', NULL, 'N', 'N', 'N', 'N', 'N', 'N', 'N', 0),
       (1304, 9, 1, 'emergency_contact', 'text', 'Emergency Contact', 64, 'N', 'N', 'N', 'N', 'N', 'N', 'N', 0),
       (1305, 9, 1, 'emergency_contact_phone_number', 'phone', 'Emergency Contact Phone Number', NULL, 'N', 'N', 'N', 'N', 'N', 'N', 'N', 0),
       (1306, 8, 1, 'disable_login', 'combo', 'Client Login Access', 0, 'N', 'Y', 'N', 'N', 'N', 'N', 'N', 0),
       (1307, 7, 1, 'disable_login', 'combo', 'Client Login Access', 0, 'N', 'Y', 'N', 'N', 'N', 'N', 'N', 0),
       (1308, 9, 1, 'department', 'text', 'Department', NULL, 'N', 'N', 'N', 'N', 'N', 'N', 'N', 0),
       (1309, 9, 1, 'medical_expiration_date', 'date', 'Medical Expiration Date', NULL, 'N', 'N', 'N', 'N', 'N', 'N', 'N', 0),
       (1310, 9, 1, 'migrating', 'combo', 'Migrating', NULL, 'N', 'N', 'N', 'N', 'N', 'N', 'N', 0),
       (1312, 9, 1, 'entered_queue_on', 'office_change_date_time', 'Entered Queue On', NULL, 'N', 'N', 'N', 'N', 'N', 'N', 'N', 0),
       (1313, 8, 0, 'representative_first_name', 'text', 'Given Name(s)', NULL, 'N', 'N', 'N', 'N', 'N', 'N', 'N', 0),
       (1314, 8, 1, 'representative_first_name', 'text', 'Given Name(s)', NULL, 'N', 'N', 'N', 'N', 'N', 'N', 'N', 0),
       (1315, 8, 0, 'representative_last_name', 'text', 'Family Name(s)', NULL, 'N', 'N', 'N', 'N', 'N', 'N', 'N', 0),
       (1316, 8, 1, 'representative_last_name', 'text', 'Family Name(s)', NULL, 'N', 'N', 'N', 'N', 'N', 'N', 'N', 0),
       (1317, 8, 0, 'representative_email', 'email', 'Email', NULL, 'N', 'N', 'N', 'N', 'N', 'N', 'N', 0),
       (1318, 8, 1, 'representative_email', 'email', 'Email', NULL, 'N', 'N', 'N', 'N', 'N', 'N', 'N', 0),
       (1319, 8, 0, 'ee_profile_number', 'text', 'Profile Number', NULL, 'N', 'N', 'N', 'N', 'N', 'N', 'N', 0),
       (1320, 8, 1, 'ee_profile_number', 'text', 'Profile Number', NULL, 'N', 'N', 'N', 'N', 'N', 'N', 'N', 0),
       (1321, 8, 0, 'ee_expiry_date', 'text', 'Profile Submission Expiry Date', NULL, 'N', 'N', 'N', 'N', 'N', 'N', 'N', 0),
       (1322, 8, 1, 'ee_expiry_date', 'text', 'Profile Submission Expiry Date', NULL, 'N', 'N', 'N', 'N', 'N', 'N', 'N', 0),
       (1323, 8, 0, 'ee_valid_code', 'text', 'Job Seeker Validation Code', NULL, 'N', 'N', 'N', 'N', 'N', 'N', 'N', 0),
       (1324, 8, 1, 'ee_valid_code', 'text', 'Job Seeker Validation Code', NULL, 'N', 'N', 'N', 'N', 'N', 'N', 'N', 0),
       (1325, 8, 0, 'ee_crs', 'text', 'CRS (Comprehensive Ranking Score)', NULL, 'N', 'N', 'N', 'N', 'N', 'N', 'N', 0),
       (1326, 8, 1, 'ee_crs', 'text', 'CRS (Comprehensive Ranking Score)', NULL, 'N', 'N', 'N', 'N', 'N', 'N', 'N', 0),
       (1328, 8, 0, 'representative_organization', 'text', 'Firm/Organization', NULL, 'N', 'N', 'N', 'N', 'N', 'N', 'N', 0),
       (1329, 8, 1, 'representative_organization', 'text', 'Firm/Organization', NULL, 'N', 'N', 'N', 'N', 'N', 'N', 'N', 0),
       (1330, 8, 0, 'representative_phone', 'text', 'Phone Number', NULL, 'N', 'N', 'N', 'N', 'N', 'N', 'N', 0),
       (1331, 8, 1, 'representative_phone', 'text', 'Phone Number', NULL, 'N', 'N', 'N', 'N', 'N', 'N', 'N', 0),
       (1332, 8, 0, 'representative_phone_alt', 'text', 'Secondary Phone Number', NULL, 'N', 'N', 'N', 'N', 'N', 'N', 'N', 0),
       (1333, 8, 1, 'representative_phone_alt', 'text', 'Secondary Phone Number', NULL, 'N', 'N', 'N', 'N', 'N', 'N', 'N', 0),
       (1334, 8, 0, 'representative_country', 'country', 'Country', NULL, 'N', 'N', 'N', 'N', 'N', 'N', 'N', 0),
       (1335, 8, 1, 'representative_country', 'country', 'Country', NULL, 'N', 'N', 'N', 'N', 'N', 'N', 'N', 0),
       (1336, 8, 0, 'representative_address_line', 'text', 'Address Line', NULL, 'N', 'N', 'N', 'N', 'N', 'N', 'N', 0),
       (1337, 8, 1, 'representative_address_line', 'text', 'Address Line', NULL, 'N', 'N', 'N', 'N', 'N', 'N', 'N', 0),
       (1338, 8, 0, 'representative_city', 'text', 'City', NULL, 'N', 'N', 'N', 'N', 'N', 'N', 'N', 0),
       (1339, 8, 1, 'representative_city', 'text', 'City', NULL, 'N', 'N', 'N', 'N', 'N', 'N', 'N', 0),
       (1340, 8, 0, 'representative_state', 'text', 'Province/State', NULL, 'N', 'N', 'N', 'N', 'N', 'N', 'N', 0),
       (1341, 8, 1, 'representative_state', 'text', 'Province/State', NULL, 'N', 'N', 'N', 'N', 'N', 'N', 'N', 0),
       (1342, 8, 0, 'representative_postal_code', 'text', 'Postal/Zip Code', NULL, 'N', 'N', 'N', 'N', 'N', 'N', 'N', 0),
       (1343, 8, 1, 'representative_postal_code', 'text', 'Postal/Zip Code', NULL, 'N', 'N', 'N', 'N', 'N', 'N', 'N', 0),
       (1344, 8, 0, 'representative_paid', 'text', 'Representative Paid', NULL, 'N', 'N', 'N', 'N', 'N', 'N', 'N', 0),
       (1345, 8, 1, 'representative_paid', 'text', 'Representative Paid', NULL, 'N', 'N', 'N', 'N', 'N', 'N', 'N', 0),
       (1346, 8, 0, 'representative_membership', 'text', 'Membership', NULL, 'N', 'N', 'N', 'N', 'N', 'N', 'N', 0),
       (1347, 8, 1, 'representative_membership', 'text', 'Membership', NULL, 'N', 'N', 'N', 'N', 'N', 'N', 'N', 0),
       (1348, 8, 0, 'representative_membership_id', 'text', 'Membership ID', NULL, 'N', 'N', 'N', 'N', 'N', 'N', 'N', 0),
       (1349, 8, 1, 'representative_membership_id', 'text', 'Membership ID', NULL, 'N', 'N', 'N', 'N', 'N', 'N', 'N', 0),
       (1350, 8, 0, 'representative_membership_province', 'text', 'Membership Province', NULL, 'N', 'N', 'N', 'N', 'N', 'N', 'N', 0),
       (1351, 8, 1, 'representative_membership_province', 'text', 'Membership Province', NULL, 'N', 'N', 'N', 'N', 'N', 'N', 'N', 0),
       (1352, 8, 0, 'representative_relationship', 'text', 'Relationship Type', NULL, 'N', 'N', 'N', 'N', 'N', 'N', 'N', 0),
       (1353, 8, 1, 'representative_relationship', 'text', 'Relationship Type', NULL, 'N', 'N', 'N', 'N', 'N', 'N', 'N', 0),
       (1354, 8, 0, 'birth_country', 'country', 'Country of Birth', NULL, 'N', 'N', 'N', 'N', 'N', 'N', 'N', 0),
       (1355, 8, 1, 'birth_country', 'country', 'Country of Birth', NULL, 'N', 'N', 'N', 'N', 'N', 'N', 'N', 0),
       (1357, 8, 0, 'marital_status', 'text', 'Marital Status', NULL, 'N', 'N', 'N', 'N', 'N', 'N', 'N', 0),
       (1358, 8, 1, 'marital_status', 'text', 'Marital Status', NULL, 'N', 'N', 'N', 'N', 'N', 'N', 'N', 0),
       (1360, 8, 0, 'has_children', 'text', 'Has Dependent Children', NULL, 'N', 'N', 'N', 'N', 'N', 'N', 'N', 0),
       (1361, 8, 1, 'has_children', 'text', 'Has Dependent Children', NULL, 'N', 'N', 'N', 'N', 'N', 'N', 'N', 0),
       (1363, 8, 0, 'phone_secondary_bcpnp', 'phone', 'Secondary Phone Number', NULL, 'N', 'N', 'N', 'N', 'N', 'N', 'N', 0),
       (1364, 8, 1, 'phone_secondary_bcpnp', 'phone', 'Secondary Phone Number', NULL, 'N', 'N', 'N', 'N', 'N', 'N', 'N', 0),
       (1366, 8, 0, 'phone_business_bcpnp', 'phone', 'Business Phone Number', NULL, 'N', 'N', 'N', 'N', 'N', 'N', 'N', 0),
       (1367, 8, 1, 'phone_business_bcpnp', 'phone', 'Business Phone Number', NULL, 'N', 'N', 'N', 'N', 'N', 'N', 'N', 0),
       (1369, 8, 0, 'res_addr_diff', 'text', 'Residential Address is Different From Mailing Address', NULL, 'N', 'N', 'N', 'N', 'N', 'N', 'N', 0),
       (1370, 8, 1, 'res_addr_diff', 'text', 'Residential Address is Different From Mailing Address', NULL, 'N', 'N', 'N', 'N', 'N', 'N', 'N', 0),
       (1372, 8, 0, 'res_addr', 'text', 'Residential Address', NULL, 'N', 'N', 'N', 'N', 'N', 'N', 'N', 0),
       (1373, 8, 1, 'res_addr', 'text', 'Residential Address', NULL, 'N', 'N', 'N', 'N', 'N', 'N', 'N', 0),
       (1375, 8, 0, 'res_city', 'text', 'Residential City', NULL, 'N', 'N', 'N', 'N', 'N', 'N', 'N', 0),
       (1376, 8, 1, 'res_city', 'text', 'Residential City', NULL, 'N', 'N', 'N', 'N', 'N', 'N', 'N', 0),
       (1378, 8, 0, 'res_province', 'text', 'Residential Province/State', NULL, 'N', 'N', 'N', 'N', 'N', 'N', 'N', 0),
       (1379, 8, 1, 'res_province', 'text', 'Residential Province/State', NULL, 'N', 'N', 'N', 'N', 'N', 'N', 'N', 0),
       (1381, 8, 0, 'res_country', 'country', 'Residential Country', NULL, 'N', 'N', 'N', 'N', 'N', 'N', 'N', 0),
       (1382, 8, 1, 'res_country', 'country', 'Residential Country', NULL, 'N', 'N', 'N', 'N', 'N', 'N', 'N', 0),
       (1384, 8, 0, 'res_postal_code', 'text', 'Residential Postal/Zip code', NULL, 'N', 'N', 'N', 'N', 'N', 'N', 'N', 0),
       (1385, 8, 1, 'res_postal_code', 'text', 'Residential Postal/Zip code', NULL, 'N', 'N', 'N', 'N', 'N', 'N', 'N', 0),
       (1387, 8, 0, 'spouse_last_name', 'text', 'Last Name', NULL, 'N', 'N', 'N', 'N', 'N', 'N', 'N', 0),
       (1388, 8, 1, 'spouse_last_name', 'text', 'Last Name', NULL, 'N', 'N', 'N', 'N', 'N', 'N', 'N', 0),
       (1390, 8, 0, 'spouse_first_name', 'text', 'First Name', NULL, 'N', 'N', 'N', 'N', 'N', 'N', 'N', 0),
       (1391, 8, 1, 'spouse_first_name', 'text', 'First Name', NULL, 'N', 'N', 'N', 'N', 'N', 'N', 'N', 0),
       (1393, 8, 0, 'spouse_dob', 'date', 'Date of Birth', NULL, 'N', 'N', 'N', 'N', 'N', 'N', 'N', 0),
       (1394, 8, 1, 'spouse_dob', 'date', 'Date of Birth', NULL, 'N', 'N', 'N', 'N', 'N', 'N', 'N', 0),
       (1396, 8, 0, 'spouse_birthplace', 'country', 'Birth Place', NULL, 'N', 'N', 'N', 'N', 'N', 'N', 'N', 0),
       (1397, 8, 1, 'spouse_birthplace', 'country', 'Birth Place', NULL, 'N', 'N', 'N', 'N', 'N', 'N', 'N', 0),
       (1399, 8, 0, 'spouse_sex', 'text', 'Sex', NULL, 'N', 'N', 'N', 'N', 'N', 'N', 'N', 0),
       (1400, 8, 1, 'spouse_sex', 'text', 'Sex', NULL, 'N', 'N', 'N', 'N', 'N', 'N', 'N', 0),
       (1402, 8, 0, 'spouse_citizenship', 'country', 'Citizenship', NULL, 'N', 'N', 'N', 'N', 'N', 'N', 'N', 0),
       (1403, 8, 1, 'spouse_citizenship', 'country', 'Citizenship', NULL, 'N', 'N', 'N', 'N', 'N', 'N', 'N', 0),
       (1404, 8, 0, 'birth_city', 'text', 'City of Birth', NULL, 'N', 'N', 'N', 'N', 'N', 'N', 'N', 0),
       (1405, 8, 1, 'birth_city', 'text', 'City of Birth', NULL, 'N', 'N', 'N', 'N', 'N', 'N', 'N', 0),
       (1407, 8, 0, 'other_first_names', 'text', 'Other Given Names', NULL, 'N', 'N', 'N', 'N', 'N', 'N', 'N', 0),
       (1408, 8, 1, 'other_first_names', 'text', 'Other Given Names', NULL, 'N', 'N', 'N', 'N', 'N', 'N', 'N', 0),
       (1410, 8, 0, 'other_last_names', 'text', 'Other Family Names', NULL, 'N', 'N', 'N', 'N', 'N', 'N', 'N', 0),
       (1411, 8, 1, 'other_last_names', 'text', 'Other Family Names', NULL, 'N', 'N', 'N', 'N', 'N', 'N', 'N', 0),
       (1413, 8, 0, 'bcpnp_knowledge_source', 'text', 'How knows about BC PNP', NULL, 'N', 'N', 'N', 'N', 'N', 'N', 'N', 0),
       (1414, 8, 1, 'bcpnp_knowledge_source', 'text', 'How knows about BC PNP', NULL, 'N', 'N', 'N', 'N', 'N', 'N', 'N', 0),
       (1416, 8, 0, 'bcpnp_knowledge_source_other', 'text', 'How knows about BC PNP (other)', NULL, 'N', 'N', 'N', 'N', 'N', 'N', 'N', 0),
       (1417, 8, 1, 'bcpnp_knowledge_source_other', 'text', 'How knows about BC PNP (other)', NULL, 'N', 'N', 'N', 'N', 'N', 'N', 'N', 0),
       (1419, 9, 0, 'client_profile_id', 'client_profile_id', 'Client Profile ID', NULL, 'N', 'N', 'N', 'N', 'N', 'N', 'N', 0),
       (1420, 9, 1, 'client_profile_id', 'client_profile_id', 'Client Profile ID', NULL, 'N', 'N', 'N', 'N', 'N', 'N', 'N', 0);
/*!40000 ALTER TABLE `applicant_form_fields`
    ENABLE KEYS */;
UNLOCK TABLES;

--
-- Table structure for table `applicant_form_fields_access`
--

DROP TABLE IF EXISTS `applicant_form_fields_access`;
/*!40101 SET @saved_cs_client = @@character_set_client */;
/*!50503 SET character_set_client = utf8mb4 */;
CREATE TABLE `applicant_form_fields_access`
(
    `role_id`            int            NOT NULL,
    `applicant_group_id` int unsigned   NOT NULL,
    `applicant_field_id` int unsigned   NOT NULL,
    `status`             enum ('R','F') NOT NULL DEFAULT 'R' COMMENT 'R=read only, F=full access',
    PRIMARY KEY (`role_id`, `applicant_group_id`, `applicant_field_id`),
    KEY `FK_applicant_form_fields_access_2` (`applicant_group_id`),
    KEY `FK_applicant_form_fields_access_3` (`applicant_field_id`),
    CONSTRAINT `FK_applicant_form_fields_access_1` FOREIGN KEY (`role_id`) REFERENCES `acl_roles` (`role_id`) ON DELETE CASCADE ON UPDATE CASCADE,
    CONSTRAINT `FK_applicant_form_fields_access_2` FOREIGN KEY (`applicant_group_id`) REFERENCES `applicant_form_groups` (`applicant_group_id`) ON DELETE CASCADE ON UPDATE CASCADE,
    CONSTRAINT `FK_applicant_form_fields_access_3` FOREIGN KEY (`applicant_field_id`) REFERENCES `applicant_form_fields` (`applicant_field_id`) ON DELETE CASCADE ON UPDATE CASCADE
) ENGINE = InnoDB
  DEFAULT CHARSET = utf8mb3;
/*!40101 SET character_set_client = @saved_cs_client */;

--
-- Dumping data for table `applicant_form_fields_access`
--

LOCK TABLES `applicant_form_fields_access` WRITE;
/*!40000 ALTER TABLE `applicant_form_fields_access`
    DISABLE KEYS */;
INSERT INTO `applicant_form_fields_access`
VALUES (4816, 161, 688, 'F'),
       (4816, 161, 689, 'F'),
       (4816, 161, 697, 'F'),
       (4816, 161, 698, 'F'),
       (4816, 161, 726, 'F'),
       (4816, 161, 745, 'F'),
       (4816, 161, 746, 'F'),
       (4816, 161, 749, 'F'),
       (4816, 161, 1170, 'F'),
       (4816, 162, 692, 'F'),
       (4816, 162, 693, 'F'),
       (4816, 162, 707, 'F'),
       (4816, 162, 709, 'F'),
       (4816, 162, 710, 'F'),
       (4816, 162, 711, 'F'),
       (4816, 162, 712, 'F'),
       (4816, 162, 1363, 'F'),
       (4816, 162, 1366, 'F'),
       (4816, 162, 1369, 'F'),
       (4816, 162, 1372, 'F'),
       (4816, 162, 1375, 'F'),
       (4816, 162, 1378, 'F'),
       (4816, 162, 1381, 'F'),
       (4816, 162, 1384, 'F'),
       (4816, 164, 716, 'F'),
       (4816, 164, 725, 'F'),
       (4816, 164, 732, 'F'),
       (4816, 164, 733, 'F'),
       (4816, 164, 734, 'F'),
       (4816, 164, 735, 'F'),
       (4816, 164, 736, 'F'),
       (4816, 164, 737, 'F'),
       (4816, 164, 738, 'F'),
       (4816, 165, 688, 'F'),
       (4816, 165, 689, 'F'),
       (4816, 165, 691, 'F'),
       (4816, 165, 692, 'F'),
       (4816, 165, 693, 'F'),
       (4816, 165, 694, 'F'),
       (4816, 165, 707, 'F'),
       (4816, 165, 708, 'F'),
       (4816, 165, 709, 'F'),
       (4816, 165, 710, 'F'),
       (4816, 165, 711, 'F'),
       (4816, 165, 712, 'F'),
       (4816, 165, 713, 'F'),
       (4816, 165, 739, 'F'),
       (4816, 166, 688, 'F'),
       (4816, 166, 689, 'F'),
       (4816, 166, 696, 'F'),
       (4816, 166, 729, 'F'),
       (4816, 166, 739, 'F'),
       (4816, 166, 754, 'F'),
       (4816, 167, 691, 'F'),
       (4816, 167, 692, 'F'),
       (4816, 167, 693, 'F'),
       (4816, 167, 694, 'F'),
       (4816, 167, 707, 'F'),
       (4816, 167, 708, 'F'),
       (4816, 167, 709, 'F'),
       (4816, 167, 710, 'F'),
       (4816, 167, 711, 'F'),
       (4816, 167, 712, 'F'),
       (4816, 167, 713, 'F'),
       (4816, 168, 724, 'F'),
       (4816, 170, 691, 'F'),
       (4816, 170, 692, 'F'),
       (4816, 170, 693, 'F'),
       (4816, 170, 694, 'F'),
       (4816, 170, 707, 'F'),
       (4816, 170, 708, 'F'),
       (4816, 170, 709, 'F'),
       (4816, 170, 710, 'F'),
       (4816, 170, 711, 'F'),
       (4816, 170, 712, 'F'),
       (4816, 170, 713, 'F'),
       (4816, 171, 688, 'F'),
       (4816, 171, 689, 'F'),
       (4816, 171, 696, 'F'),
       (4816, 171, 729, 'F'),
       (4816, 171, 739, 'F'),
       (4816, 171, 754, 'F'),
       (4816, 172, 691, 'F'),
       (4816, 172, 692, 'F'),
       (4816, 172, 693, 'F'),
       (4816, 172, 694, 'F'),
       (4816, 172, 707, 'F'),
       (4816, 172, 708, 'F'),
       (4816, 172, 709, 'F'),
       (4816, 172, 710, 'F'),
       (4816, 172, 711, 'F'),
       (4816, 172, 712, 'F'),
       (4816, 172, 713, 'F'),
       (4816, 173, 724, 'F'),
       (4816, 174, 688, 'F'),
       (4816, 174, 689, 'F'),
       (4816, 174, 696, 'F'),
       (4816, 174, 729, 'F'),
       (4816, 174, 739, 'F'),
       (4816, 174, 754, 'F'),
       (4816, 175, 691, 'F'),
       (4816, 175, 692, 'F'),
       (4816, 175, 693, 'F'),
       (4816, 175, 694, 'F'),
       (4816, 175, 707, 'F'),
       (4816, 175, 708, 'F'),
       (4816, 175, 709, 'F'),
       (4816, 175, 710, 'F'),
       (4816, 175, 711, 'F'),
       (4816, 175, 712, 'F'),
       (4816, 175, 713, 'F'),
       (4816, 176, 724, 'F'),
       (4816, 177, 688, 'F'),
       (4816, 177, 689, 'F'),
       (4816, 177, 696, 'F'),
       (4816, 177, 729, 'F'),
       (4816, 177, 739, 'F'),
       (4816, 177, 754, 'F'),
       (4816, 178, 691, 'F'),
       (4816, 178, 692, 'F'),
       (4816, 178, 693, 'F'),
       (4816, 178, 694, 'F'),
       (4816, 178, 707, 'F'),
       (4816, 178, 708, 'F'),
       (4816, 178, 709, 'F'),
       (4816, 178, 710, 'F'),
       (4816, 178, 711, 'F'),
       (4816, 178, 712, 'F'),
       (4816, 178, 713, 'F'),
       (4816, 179, 724, 'F'),
       (4816, 180, 688, 'F'),
       (4816, 180, 689, 'F'),
       (4816, 180, 696, 'F'),
       (4816, 180, 729, 'F'),
       (4816, 180, 739, 'F'),
       (4816, 180, 754, 'F'),
       (4816, 181, 691, 'F'),
       (4816, 181, 692, 'F'),
       (4816, 181, 693, 'F'),
       (4816, 181, 694, 'F'),
       (4816, 181, 707, 'F'),
       (4816, 181, 708, 'F'),
       (4816, 181, 709, 'F'),
       (4816, 181, 710, 'F'),
       (4816, 181, 711, 'F'),
       (4816, 181, 712, 'F'),
       (4816, 181, 713, 'F'),
       (4816, 182, 724, 'F'),
       (4816, 183, 688, 'F'),
       (4816, 183, 689, 'F'),
       (4816, 183, 696, 'F'),
       (4816, 183, 729, 'F'),
       (4816, 183, 739, 'F'),
       (4816, 183, 754, 'F'),
       (4816, 184, 691, 'F'),
       (4816, 184, 692, 'F'),
       (4816, 184, 693, 'F'),
       (4816, 184, 694, 'F'),
       (4816, 184, 707, 'F'),
       (4816, 184, 708, 'F'),
       (4816, 184, 709, 'F'),
       (4816, 184, 710, 'F'),
       (4816, 184, 711, 'F'),
       (4816, 184, 712, 'F'),
       (4816, 184, 713, 'F'),
       (4816, 185, 724, 'F'),
       (4816, 186, 688, 'F'),
       (4816, 186, 689, 'F'),
       (4816, 186, 696, 'F'),
       (4816, 186, 729, 'F'),
       (4816, 186, 739, 'F'),
       (4816, 186, 754, 'F'),
       (4816, 187, 691, 'F'),
       (4816, 187, 692, 'F'),
       (4816, 187, 693, 'F'),
       (4816, 187, 694, 'F'),
       (4816, 187, 707, 'F'),
       (4816, 187, 708, 'F'),
       (4816, 187, 709, 'F'),
       (4816, 187, 710, 'F'),
       (4816, 187, 711, 'F'),
       (4816, 187, 712, 'F'),
       (4816, 187, 713, 'F'),
       (4816, 188, 724, 'F'),
       (4816, 189, 688, 'F'),
       (4816, 189, 689, 'F'),
       (4816, 189, 696, 'F'),
       (4816, 189, 729, 'F'),
       (4816, 189, 739, 'F'),
       (4816, 189, 754, 'F'),
       (4816, 190, 691, 'F'),
       (4816, 190, 692, 'F'),
       (4816, 190, 693, 'F'),
       (4816, 190, 694, 'F'),
       (4816, 190, 707, 'F'),
       (4816, 190, 708, 'F'),
       (4816, 190, 709, 'F'),
       (4816, 190, 710, 'F'),
       (4816, 190, 711, 'F'),
       (4816, 190, 712, 'F'),
       (4816, 190, 713, 'F'),
       (4816, 191, 724, 'F'),
       (4816, 1774, 702, 'F'),
       (4816, 1774, 741, 'F'),
       (4816, 1774, 1354, 'F'),
       (4816, 1774, 1357, 'F'),
       (4816, 1774, 1360, 'F'),
       (4816, 1774, 1404, 'F'),
       (4816, 1774, 1407, 'F'),
       (4816, 1774, 1410, 'F'),
       (4816, 1774, 1413, 'F'),
       (4816, 1774, 1416, 'F'),
       (4816, 1873, 1313, 'F'),
       (4816, 1873, 1315, 'F'),
       (4816, 1873, 1317, 'F'),
       (4816, 1873, 1328, 'F'),
       (4816, 1873, 1330, 'F'),
       (4816, 1873, 1332, 'F'),
       (4816, 1873, 1334, 'F'),
       (4816, 1873, 1336, 'F'),
       (4816, 1873, 1338, 'F'),
       (4816, 1873, 1340, 'F'),
       (4816, 1873, 1342, 'F'),
       (4816, 1873, 1344, 'F'),
       (4816, 1873, 1346, 'F'),
       (4816, 1873, 1348, 'F'),
       (4816, 1873, 1350, 'F'),
       (4816, 1873, 1352, 'F'),
       (4816, 1875, 1319, 'F'),
       (4816, 1875, 1321, 'F'),
       (4816, 1875, 1323, 'F'),
       (4816, 1875, 1325, 'F'),
       (4816, 1877, 1387, 'F'),
       (4816, 1877, 1390, 'F'),
       (4816, 1877, 1393, 'F'),
       (4816, 1877, 1396, 'F'),
       (4816, 1877, 1399, 'F'),
       (4816, 1877, 1402, 'F'),
       (4817, 161, 688, 'R'),
       (4817, 161, 689, 'R'),
       (4817, 161, 697, 'R'),
       (4817, 161, 698, 'R'),
       (4817, 161, 700, 'R'),
       (4817, 161, 701, 'R'),
       (4817, 161, 706, 'R'),
       (4817, 161, 726, 'R'),
       (4817, 161, 740, 'R'),
       (4817, 161, 741, 'R'),
       (4817, 161, 742, 'R'),
       (4817, 161, 743, 'R'),
       (4817, 161, 744, 'R'),
       (4817, 161, 745, 'R'),
       (4817, 161, 746, 'R'),
       (4817, 161, 747, 'R'),
       (4817, 161, 748, 'R'),
       (4817, 161, 749, 'R'),
       (4817, 162, 691, 'R'),
       (4817, 162, 692, 'R'),
       (4817, 162, 693, 'R'),
       (4817, 162, 694, 'R'),
       (4817, 162, 707, 'R'),
       (4817, 162, 708, 'R'),
       (4817, 162, 709, 'R'),
       (4817, 162, 710, 'R'),
       (4817, 162, 711, 'R'),
       (4817, 162, 712, 'R'),
       (4817, 162, 714, 'R'),
       (4817, 162, 750, 'R'),
       (4817, 162, 751, 'R'),
       (4817, 164, 716, 'R'),
       (4817, 164, 725, 'R'),
       (4817, 164, 732, 'R'),
       (4817, 164, 733, 'R'),
       (4817, 164, 734, 'R'),
       (4817, 164, 735, 'R'),
       (4817, 164, 736, 'R'),
       (4817, 164, 737, 'R'),
       (4817, 164, 738, 'R'),
       (4817, 165, 688, 'R'),
       (4817, 165, 689, 'R'),
       (4817, 165, 691, 'R'),
       (4817, 165, 692, 'R'),
       (4817, 165, 693, 'R'),
       (4817, 165, 694, 'R'),
       (4817, 165, 707, 'R'),
       (4817, 165, 708, 'R'),
       (4817, 165, 709, 'R'),
       (4817, 165, 710, 'R'),
       (4817, 165, 711, 'R'),
       (4817, 165, 712, 'R'),
       (4817, 165, 713, 'R'),
       (4817, 165, 739, 'R'),
       (4817, 170, 691, 'R'),
       (4817, 170, 692, 'R'),
       (4817, 170, 693, 'R'),
       (4817, 170, 694, 'R'),
       (4817, 170, 707, 'R'),
       (4817, 170, 708, 'R'),
       (4817, 170, 709, 'R'),
       (4817, 170, 710, 'R'),
       (4817, 170, 711, 'R'),
       (4817, 170, 712, 'R'),
       (4817, 170, 713, 'R'),
       (4822, 161, 688, 'R'),
       (4822, 161, 689, 'R'),
       (4822, 161, 697, 'R'),
       (4822, 161, 706, 'R'),
       (4822, 161, 726, 'R'),
       (4822, 161, 741, 'R'),
       (4822, 161, 742, 'R'),
       (4822, 161, 748, 'R'),
       (4822, 164, 716, 'R'),
       (4822, 164, 732, 'R'),
       (4822, 164, 733, 'R'),
       (4822, 164, 734, 'R'),
       (4822, 164, 735, 'R'),
       (4822, 164, 736, 'R'),
       (4822, 164, 737, 'R'),
       (4822, 164, 738, 'R'),
       (4929, 1839, 1242, 'F'),
       (4929, 1839, 1243, 'F'),
       (4929, 1839, 1251, 'F'),
       (4929, 1839, 1252, 'F'),
       (4929, 1839, 1280, 'F'),
       (4929, 1839, 1299, 'F'),
       (4929, 1839, 1300, 'F'),
       (4929, 1839, 1303, 'F'),
       (4929, 1839, 1312, 'F'),
       (4929, 1840, 1246, 'F'),
       (4929, 1840, 1247, 'F'),
       (4929, 1840, 1261, 'F'),
       (4929, 1840, 1263, 'F'),
       (4929, 1840, 1264, 'F'),
       (4929, 1840, 1265, 'F'),
       (4929, 1840, 1266, 'F'),
       (4929, 1840, 1364, 'F'),
       (4929, 1840, 1367, 'F'),
       (4929, 1840, 1370, 'F'),
       (4929, 1840, 1373, 'F'),
       (4929, 1840, 1376, 'F'),
       (4929, 1840, 1379, 'F'),
       (4929, 1840, 1382, 'F'),
       (4929, 1840, 1385, 'F'),
       (4929, 1844, 1242, 'F'),
       (4929, 1844, 1243, 'F'),
       (4929, 1844, 1250, 'F'),
       (4929, 1844, 1283, 'F'),
       (4929, 1844, 1293, 'F'),
       (4929, 1844, 1308, 'F'),
       (4929, 1845, 1245, 'F'),
       (4929, 1845, 1246, 'F'),
       (4929, 1845, 1247, 'F'),
       (4929, 1845, 1248, 'F'),
       (4929, 1845, 1261, 'F'),
       (4929, 1845, 1262, 'F'),
       (4929, 1845, 1263, 'F'),
       (4929, 1845, 1264, 'F'),
       (4929, 1845, 1265, 'F'),
       (4929, 1845, 1266, 'F'),
       (4929, 1845, 1267, 'F'),
       (4929, 1846, 1278, 'F'),
       (4929, 1849, 1242, 'F'),
       (4929, 1849, 1243, 'F'),
       (4929, 1849, 1250, 'F'),
       (4929, 1849, 1283, 'F'),
       (4929, 1849, 1293, 'F'),
       (4929, 1849, 1308, 'F'),
       (4929, 1850, 1245, 'F'),
       (4929, 1850, 1246, 'F'),
       (4929, 1850, 1247, 'F'),
       (4929, 1850, 1248, 'F'),
       (4929, 1850, 1261, 'F'),
       (4929, 1850, 1262, 'F'),
       (4929, 1850, 1263, 'F'),
       (4929, 1850, 1264, 'F'),
       (4929, 1850, 1265, 'F'),
       (4929, 1850, 1266, 'F'),
       (4929, 1850, 1267, 'F'),
       (4929, 1851, 1278, 'F'),
       (4929, 1852, 1242, 'F'),
       (4929, 1852, 1243, 'F'),
       (4929, 1852, 1250, 'F'),
       (4929, 1852, 1283, 'F'),
       (4929, 1852, 1293, 'F'),
       (4929, 1852, 1308, 'F'),
       (4929, 1853, 1245, 'F'),
       (4929, 1853, 1246, 'F'),
       (4929, 1853, 1247, 'F'),
       (4929, 1853, 1248, 'F'),
       (4929, 1853, 1261, 'F'),
       (4929, 1853, 1262, 'F'),
       (4929, 1853, 1263, 'F'),
       (4929, 1853, 1264, 'F'),
       (4929, 1853, 1265, 'F'),
       (4929, 1853, 1266, 'F'),
       (4929, 1853, 1267, 'F'),
       (4929, 1854, 1278, 'F'),
       (4929, 1855, 1242, 'F'),
       (4929, 1855, 1243, 'F'),
       (4929, 1855, 1250, 'F'),
       (4929, 1855, 1283, 'F'),
       (4929, 1855, 1293, 'F'),
       (4929, 1855, 1308, 'F'),
       (4929, 1856, 1245, 'F'),
       (4929, 1856, 1246, 'F'),
       (4929, 1856, 1247, 'F'),
       (4929, 1856, 1248, 'F'),
       (4929, 1856, 1261, 'F'),
       (4929, 1856, 1262, 'F'),
       (4929, 1856, 1263, 'F'),
       (4929, 1856, 1264, 'F'),
       (4929, 1856, 1265, 'F'),
       (4929, 1856, 1266, 'F'),
       (4929, 1856, 1267, 'F'),
       (4929, 1857, 1278, 'F'),
       (4929, 1858, 1242, 'F'),
       (4929, 1858, 1243, 'F'),
       (4929, 1858, 1250, 'F'),
       (4929, 1858, 1283, 'F'),
       (4929, 1858, 1293, 'F'),
       (4929, 1858, 1308, 'F'),
       (4929, 1859, 1245, 'F'),
       (4929, 1859, 1246, 'F'),
       (4929, 1859, 1247, 'F'),
       (4929, 1859, 1248, 'F'),
       (4929, 1859, 1261, 'F'),
       (4929, 1859, 1262, 'F'),
       (4929, 1859, 1263, 'F'),
       (4929, 1859, 1264, 'F'),
       (4929, 1859, 1265, 'F'),
       (4929, 1859, 1266, 'F'),
       (4929, 1859, 1267, 'F'),
       (4929, 1860, 1278, 'F'),
       (4929, 1861, 1242, 'F'),
       (4929, 1861, 1243, 'F'),
       (4929, 1861, 1250, 'F'),
       (4929, 1861, 1283, 'F'),
       (4929, 1861, 1293, 'F'),
       (4929, 1861, 1308, 'F'),
       (4929, 1862, 1245, 'F'),
       (4929, 1862, 1246, 'F'),
       (4929, 1862, 1247, 'F'),
       (4929, 1862, 1248, 'F'),
       (4929, 1862, 1261, 'F'),
       (4929, 1862, 1262, 'F'),
       (4929, 1862, 1263, 'F'),
       (4929, 1862, 1264, 'F'),
       (4929, 1862, 1265, 'F'),
       (4929, 1862, 1266, 'F'),
       (4929, 1862, 1267, 'F'),
       (4929, 1863, 1278, 'F'),
       (4929, 1864, 1242, 'F'),
       (4929, 1864, 1243, 'F'),
       (4929, 1864, 1250, 'F'),
       (4929, 1864, 1283, 'F'),
       (4929, 1864, 1293, 'F'),
       (4929, 1864, 1308, 'F'),
       (4929, 1865, 1245, 'F'),
       (4929, 1865, 1246, 'F'),
       (4929, 1865, 1247, 'F'),
       (4929, 1865, 1248, 'F'),
       (4929, 1865, 1261, 'F'),
       (4929, 1865, 1262, 'F'),
       (4929, 1865, 1263, 'F'),
       (4929, 1865, 1264, 'F'),
       (4929, 1865, 1265, 'F'),
       (4929, 1865, 1266, 'F'),
       (4929, 1865, 1267, 'F'),
       (4929, 1866, 1278, 'F'),
       (4929, 1867, 1242, 'F'),
       (4929, 1867, 1243, 'F'),
       (4929, 1867, 1250, 'F'),
       (4929, 1867, 1283, 'F'),
       (4929, 1867, 1293, 'F'),
       (4929, 1867, 1308, 'F'),
       (4929, 1868, 1245, 'F'),
       (4929, 1868, 1246, 'F'),
       (4929, 1868, 1247, 'F'),
       (4929, 1868, 1248, 'F'),
       (4929, 1868, 1261, 'F'),
       (4929, 1868, 1262, 'F'),
       (4929, 1868, 1263, 'F'),
       (4929, 1868, 1264, 'F'),
       (4929, 1868, 1265, 'F'),
       (4929, 1868, 1266, 'F'),
       (4929, 1868, 1267, 'F'),
       (4929, 1869, 1278, 'F'),
       (4929, 1870, 1256, 'F'),
       (4929, 1870, 1295, 'F'),
       (4929, 1870, 1355, 'F'),
       (4929, 1870, 1358, 'F'),
       (4929, 1870, 1361, 'F'),
       (4929, 1870, 1405, 'F'),
       (4929, 1870, 1408, 'F'),
       (4929, 1870, 1411, 'F'),
       (4929, 1870, 1414, 'F'),
       (4929, 1870, 1417, 'F'),
       (4929, 1874, 1314, 'F'),
       (4929, 1874, 1316, 'F'),
       (4929, 1874, 1318, 'F'),
       (4929, 1874, 1329, 'F'),
       (4929, 1874, 1331, 'F'),
       (4929, 1874, 1333, 'F'),
       (4929, 1874, 1335, 'F'),
       (4929, 1874, 1337, 'F'),
       (4929, 1874, 1339, 'F'),
       (4929, 1874, 1341, 'F'),
       (4929, 1874, 1343, 'F'),
       (4929, 1874, 1345, 'F'),
       (4929, 1874, 1347, 'F'),
       (4929, 1874, 1349, 'F'),
       (4929, 1874, 1351, 'F'),
       (4929, 1874, 1353, 'F'),
       (4929, 1876, 1320, 'F'),
       (4929, 1876, 1322, 'F'),
       (4929, 1876, 1324, 'F'),
       (4929, 1876, 1326, 'F'),
       (4929, 1878, 1388, 'F'),
       (4929, 1878, 1391, 'F'),
       (4929, 1878, 1394, 'F'),
       (4929, 1878, 1397, 'F'),
       (4929, 1878, 1400, 'F'),
       (4929, 1878, 1403, 'F'),
       (4931, 1839, 1242, 'R'),
       (4931, 1839, 1243, 'R'),
       (4931, 1839, 1251, 'R'),
       (4931, 1839, 1260, 'R'),
       (4931, 1839, 1280, 'R'),
       (4931, 1839, 1295, 'R'),
       (4931, 1839, 1296, 'R'),
       (4931, 1839, 1302, 'R'),
       (4931, 1842, 1270, 'R'),
       (4931, 1842, 1286, 'R'),
       (4931, 1842, 1287, 'R'),
       (4931, 1842, 1288, 'R'),
       (4931, 1842, 1289, 'R'),
       (4931, 1842, 1290, 'R'),
       (4931, 1842, 1291, 'R'),
       (4931, 1842, 1292, 'R'),
       (4932, 1839, 1242, 'R'),
       (4932, 1839, 1243, 'R'),
       (4932, 1839, 1251, 'R'),
       (4932, 1839, 1252, 'R'),
       (4932, 1839, 1254, 'R'),
       (4932, 1839, 1255, 'R'),
       (4932, 1839, 1260, 'R'),
       (4932, 1839, 1280, 'R'),
       (4932, 1839, 1294, 'R'),
       (4932, 1839, 1295, 'R'),
       (4932, 1839, 1296, 'R'),
       (4932, 1839, 1297, 'R'),
       (4932, 1839, 1298, 'R'),
       (4932, 1839, 1299, 'R'),
       (4932, 1839, 1300, 'R'),
       (4932, 1839, 1301, 'R'),
       (4932, 1839, 1302, 'R'),
       (4932, 1839, 1303, 'R'),
       (4932, 1840, 1245, 'R'),
       (4932, 1840, 1246, 'R'),
       (4932, 1840, 1247, 'R'),
       (4932, 1840, 1248, 'R'),
       (4932, 1840, 1261, 'R'),
       (4932, 1840, 1262, 'R'),
       (4932, 1840, 1263, 'R'),
       (4932, 1840, 1264, 'R'),
       (4932, 1840, 1265, 'R'),
       (4932, 1840, 1266, 'R'),
       (4932, 1840, 1268, 'R'),
       (4932, 1840, 1304, 'R'),
       (4932, 1840, 1305, 'R'),
       (4932, 1842, 1270, 'R'),
       (4932, 1842, 1279, 'R'),
       (4932, 1842, 1286, 'R'),
       (4932, 1842, 1287, 'R'),
       (4932, 1842, 1288, 'R'),
       (4932, 1842, 1289, 'R'),
       (4932, 1842, 1290, 'R'),
       (4932, 1842, 1291, 'R'),
       (4932, 1842, 1292, 'R'),
       (4932, 1843, 1242, 'R'),
       (4932, 1843, 1243, 'R'),
       (4932, 1843, 1245, 'R'),
       (4932, 1843, 1246, 'R'),
       (4932, 1843, 1247, 'R'),
       (4932, 1843, 1248, 'R'),
       (4932, 1843, 1261, 'R'),
       (4932, 1843, 1262, 'R'),
       (4932, 1843, 1263, 'R'),
       (4932, 1843, 1264, 'R'),
       (4932, 1843, 1265, 'R'),
       (4932, 1843, 1266, 'R'),
       (4932, 1843, 1267, 'R'),
       (4932, 1843, 1293, 'R'),
       (4932, 1848, 1245, 'R'),
       (4932, 1848, 1246, 'R'),
       (4932, 1848, 1247, 'R'),
       (4932, 1848, 1248, 'R'),
       (4932, 1848, 1261, 'R'),
       (4932, 1848, 1262, 'R'),
       (4932, 1848, 1263, 'R'),
       (4932, 1848, 1264, 'R'),
       (4932, 1848, 1265, 'R'),
       (4932, 1848, 1266, 'R'),
       (4932, 1848, 1267, 'R');
/*!40000 ALTER TABLE `applicant_form_fields_access`
    ENABLE KEYS */;
UNLOCK TABLES;

--
-- Table structure for table `applicant_form_fields_access_default`
--

DROP TABLE IF EXISTS `applicant_form_fields_access_default`;
/*!40101 SET @saved_cs_client = @@character_set_client */;
/*!50503 SET character_set_client = utf8mb4 */;
CREATE TABLE `applicant_form_fields_access_default`
(
    `applicant_field_id` int unsigned   NOT NULL,
    `role_id`            int                     DEFAULT NULL,
    `access`             enum ('R','F') NOT NULL DEFAULT 'R' COMMENT 'R=read only, F=full access',
    `updated_on`         datetime                DEFAULT NULL,
    KEY `FK_applicant_form_fields_access_default_acl_roles` (`role_id`),
    KEY `FK_applicant_form_fields_access_default_applicant_form_fields` (`applicant_field_id`),
    CONSTRAINT `FK_applicant_form_fields_access_default_acl_roles` FOREIGN KEY (`role_id`) REFERENCES `acl_roles` (`role_id`) ON DELETE CASCADE ON UPDATE CASCADE,
    CONSTRAINT `FK_applicant_form_fields_access_default_applicant_form_fields` FOREIGN KEY (`applicant_field_id`) REFERENCES `applicant_form_fields` (`applicant_field_id`) ON DELETE CASCADE ON UPDATE CASCADE
) ENGINE = InnoDB
  DEFAULT CHARSET = utf8mb3 COMMENT ='Default access for applicant fields and created/future role';
/*!40101 SET character_set_client = @saved_cs_client */;

--
-- Dumping data for table `applicant_form_fields_access_default`
--

LOCK TABLES `applicant_form_fields_access_default` WRITE;
/*!40000 ALTER TABLE `applicant_form_fields_access_default`
    DISABLE KEYS */;
INSERT INTO `applicant_form_fields_access_default`
VALUES (688, 4816, 'F', '2014-06-04 10:15:39'),
       (689, 4816, 'F', '2014-06-04 10:15:39'),
       (697, 4816, 'F', '2014-06-04 10:15:39'),
       (698, 4816, 'F', '2014-06-04 10:15:39'),
       (726, 4816, 'F', '2014-06-04 10:15:39'),
       (745, 4816, 'F', '2014-06-04 10:15:39'),
       (746, 4816, 'F', '2014-06-04 10:15:39'),
       (749, 4816, 'F', '2014-06-04 10:15:39'),
       (1170, 4816, 'F', '2014-06-04 10:15:39'),
       (692, 4816, 'F', '2014-06-04 10:15:39'),
       (693, 4816, 'F', '2014-06-04 10:15:39'),
       (707, 4816, 'F', '2014-06-04 10:15:39'),
       (709, 4816, 'F', '2014-06-04 10:15:39'),
       (710, 4816, 'F', '2014-06-04 10:15:39'),
       (711, 4816, 'F', '2014-06-04 10:15:39'),
       (712, 4816, 'F', '2014-06-04 10:15:39'),
       (1363, 4816, 'F', '2014-06-04 10:15:39'),
       (1366, 4816, 'F', '2014-06-04 10:15:39'),
       (1369, 4816, 'F', '2014-06-04 10:15:39'),
       (1372, 4816, 'F', '2014-06-04 10:15:39'),
       (1375, 4816, 'F', '2014-06-04 10:15:39'),
       (1378, 4816, 'F', '2014-06-04 10:15:39'),
       (1381, 4816, 'F', '2014-06-04 10:15:39'),
       (1384, 4816, 'F', '2014-06-04 10:15:39'),
       (716, 4816, 'F', '2014-06-04 10:15:39'),
       (725, 4816, 'F', '2014-06-04 10:15:39'),
       (732, 4816, 'F', '2014-06-04 10:15:39'),
       (733, 4816, 'F', '2014-06-04 10:15:39'),
       (734, 4816, 'F', '2014-06-04 10:15:39'),
       (735, 4816, 'F', '2014-06-04 10:15:39'),
       (736, 4816, 'F', '2014-06-04 10:15:39'),
       (737, 4816, 'F', '2014-06-04 10:15:39'),
       (738, 4816, 'F', '2014-06-04 10:15:39'),
       (691, 4816, 'F', '2014-06-04 10:15:39'),
       (694, 4816, 'F', '2014-06-04 10:15:39'),
       (708, 4816, 'F', '2014-06-04 10:15:39'),
       (713, 4816, 'F', '2014-06-04 10:15:39'),
       (739, 4816, 'F', '2014-06-04 10:15:39'),
       (696, 4816, 'F', '2014-06-04 10:15:39'),
       (729, 4816, 'F', '2014-06-04 10:15:39'),
       (754, 4816, 'F', '2014-06-04 10:15:39'),
       (724, 4816, 'F', '2014-06-04 10:15:39'),
       (702, 4816, 'F', '2014-06-04 10:15:39'),
       (741, 4816, 'F', '2014-06-04 10:15:39'),
       (1354, 4816, 'F', '2014-06-04 10:15:39'),
       (1357, 4816, 'F', '2014-06-04 10:15:39'),
       (1360, 4816, 'F', '2014-06-04 10:15:39'),
       (1404, 4816, 'F', '2014-06-04 10:15:39'),
       (1407, 4816, 'F', '2014-06-04 10:15:39'),
       (1410, 4816, 'F', '2014-06-04 10:15:39'),
       (1413, 4816, 'F', '2014-06-04 10:15:39'),
       (1416, 4816, 'F', '2014-06-04 10:15:39'),
       (1313, 4816, 'F', '2014-06-04 10:15:39'),
       (1315, 4816, 'F', '2014-06-04 10:15:39'),
       (1317, 4816, 'F', '2014-06-04 10:15:39'),
       (1328, 4816, 'F', '2014-06-04 10:15:39'),
       (1330, 4816, 'F', '2014-06-04 10:15:39'),
       (1332, 4816, 'F', '2014-06-04 10:15:39'),
       (1334, 4816, 'F', '2014-06-04 10:15:39'),
       (1336, 4816, 'F', '2014-06-04 10:15:39'),
       (1338, 4816, 'F', '2014-06-04 10:15:39'),
       (1340, 4816, 'F', '2014-06-04 10:15:39'),
       (1342, 4816, 'F', '2014-06-04 10:15:39'),
       (1344, 4816, 'F', '2014-06-04 10:15:39'),
       (1346, 4816, 'F', '2014-06-04 10:15:39'),
       (1348, 4816, 'F', '2014-06-04 10:15:39'),
       (1350, 4816, 'F', '2014-06-04 10:15:39'),
       (1352, 4816, 'F', '2014-06-04 10:15:39'),
       (1319, 4816, 'F', '2014-06-04 10:15:39'),
       (1321, 4816, 'F', '2014-06-04 10:15:39'),
       (1323, 4816, 'F', '2014-06-04 10:15:39'),
       (1325, 4816, 'F', '2014-06-04 10:15:39'),
       (1387, 4816, 'F', '2014-06-04 10:15:39'),
       (1390, 4816, 'F', '2014-06-04 10:15:39'),
       (1393, 4816, 'F', '2014-06-04 10:15:39'),
       (1396, 4816, 'F', '2014-06-04 10:15:39'),
       (1399, 4816, 'F', '2014-06-04 10:15:39'),
       (1402, 4816, 'F', '2014-06-04 10:15:39'),
       (688, 4822, 'R', '2014-06-04 10:15:39'),
       (689, 4822, 'R', '2014-06-04 10:15:39'),
       (697, 4822, 'R', '2014-06-04 10:15:39'),
       (706, 4822, 'R', '2014-06-04 10:15:39'),
       (726, 4822, 'R', '2014-06-04 10:15:39'),
       (741, 4822, 'R', '2014-06-04 10:15:39'),
       (742, 4822, 'R', '2014-06-04 10:15:39'),
       (748, 4822, 'R', '2014-06-04 10:15:39'),
       (716, 4822, 'R', '2014-06-04 10:15:39'),
       (732, 4822, 'R', '2014-06-04 10:15:39'),
       (733, 4822, 'R', '2014-06-04 10:15:39'),
       (734, 4822, 'R', '2014-06-04 10:15:39'),
       (735, 4822, 'R', '2014-06-04 10:15:39'),
       (736, 4822, 'R', '2014-06-04 10:15:39'),
       (737, 4822, 'R', '2014-06-04 10:15:39'),
       (738, 4822, 'R', '2014-06-04 10:15:39'),
       (688, 4817, 'R', '2014-06-04 10:15:39'),
       (689, 4817, 'R', '2014-06-04 10:15:39'),
       (697, 4817, 'R', '2014-06-04 10:15:39'),
       (698, 4817, 'R', '2014-06-04 10:15:39'),
       (700, 4817, 'R', '2014-06-04 10:15:39'),
       (701, 4817, 'R', '2014-06-04 10:15:39'),
       (706, 4817, 'R', '2014-06-04 10:15:39'),
       (726, 4817, 'R', '2014-06-04 10:15:39'),
       (740, 4817, 'R', '2014-06-04 10:15:39'),
       (741, 4817, 'R', '2014-06-04 10:15:39'),
       (742, 4817, 'R', '2014-06-04 10:15:39'),
       (743, 4817, 'R', '2014-06-04 10:15:39'),
       (744, 4817, 'R', '2014-06-04 10:15:39'),
       (745, 4817, 'R', '2014-06-04 10:15:39'),
       (746, 4817, 'R', '2014-06-04 10:15:39'),
       (747, 4817, 'R', '2014-06-04 10:15:39'),
       (748, 4817, 'R', '2014-06-04 10:15:39'),
       (749, 4817, 'R', '2014-06-04 10:15:39'),
       (691, 4817, 'R', '2014-06-04 10:15:39'),
       (692, 4817, 'R', '2014-06-04 10:15:39'),
       (693, 4817, 'R', '2014-06-04 10:15:39'),
       (694, 4817, 'R', '2014-06-04 10:15:39'),
       (707, 4817, 'R', '2014-06-04 10:15:39'),
       (708, 4817, 'R', '2014-06-04 10:15:39'),
       (709, 4817, 'R', '2014-06-04 10:15:39'),
       (710, 4817, 'R', '2014-06-04 10:15:39'),
       (711, 4817, 'R', '2014-06-04 10:15:39'),
       (712, 4817, 'R', '2014-06-04 10:15:39'),
       (714, 4817, 'R', '2014-06-04 10:15:39'),
       (750, 4817, 'R', '2014-06-04 10:15:39'),
       (751, 4817, 'R', '2014-06-04 10:15:39'),
       (716, 4817, 'R', '2014-06-04 10:15:39'),
       (725, 4817, 'R', '2014-06-04 10:15:39'),
       (732, 4817, 'R', '2014-06-04 10:15:39'),
       (733, 4817, 'R', '2014-06-04 10:15:39'),
       (734, 4817, 'R', '2014-06-04 10:15:39'),
       (735, 4817, 'R', '2014-06-04 10:15:39'),
       (736, 4817, 'R', '2014-06-04 10:15:39'),
       (737, 4817, 'R', '2014-06-04 10:15:39'),
       (738, 4817, 'R', '2014-06-04 10:15:39'),
       (713, 4817, 'R', '2014-06-04 10:15:39'),
       (739, 4817, 'R', '2014-06-04 10:15:39'),
       (1242, 4929, 'F', '2015-06-23 20:35:57'),
       (1243, 4929, 'F', '2015-06-23 20:35:57'),
       (1251, 4929, 'F', '2015-06-23 20:35:57'),
       (1252, 4929, 'F', '2015-06-23 20:35:57'),
       (1280, 4929, 'F', '2015-06-23 20:35:57'),
       (1299, 4929, 'F', '2015-06-23 20:35:57'),
       (1300, 4929, 'F', '2015-06-23 20:35:57'),
       (1303, 4929, 'F', '2015-06-23 20:35:57'),
       (1312, 4929, 'F', '2015-06-23 20:35:57'),
       (1246, 4929, 'F', '2015-06-23 20:35:57'),
       (1247, 4929, 'F', '2015-06-23 20:35:57'),
       (1261, 4929, 'F', '2015-06-23 20:35:57'),
       (1263, 4929, 'F', '2015-06-23 20:35:57'),
       (1264, 4929, 'F', '2015-06-23 20:35:57'),
       (1265, 4929, 'F', '2015-06-23 20:35:57'),
       (1266, 4929, 'F', '2015-06-23 20:35:57'),
       (1364, 4929, 'F', '2015-06-23 20:35:57'),
       (1367, 4929, 'F', '2015-06-23 20:35:57'),
       (1370, 4929, 'F', '2015-06-23 20:35:57'),
       (1373, 4929, 'F', '2015-06-23 20:35:57'),
       (1376, 4929, 'F', '2015-06-23 20:35:57'),
       (1379, 4929, 'F', '2015-06-23 20:35:57'),
       (1382, 4929, 'F', '2015-06-23 20:35:57'),
       (1385, 4929, 'F', '2015-06-23 20:35:57'),
       (1250, 4929, 'F', '2015-06-23 20:35:57'),
       (1283, 4929, 'F', '2015-06-23 20:35:57'),
       (1293, 4929, 'F', '2015-06-23 20:35:57'),
       (1308, 4929, 'F', '2015-06-23 20:35:57'),
       (1245, 4929, 'F', '2015-06-23 20:35:57'),
       (1248, 4929, 'F', '2015-06-23 20:35:57'),
       (1262, 4929, 'F', '2015-06-23 20:35:57'),
       (1267, 4929, 'F', '2015-06-23 20:35:57'),
       (1278, 4929, 'F', '2015-06-23 20:35:57'),
       (1256, 4929, 'F', '2015-06-23 20:35:57'),
       (1295, 4929, 'F', '2015-06-23 20:35:57'),
       (1355, 4929, 'F', '2015-06-23 20:35:57'),
       (1358, 4929, 'F', '2015-06-23 20:35:57'),
       (1361, 4929, 'F', '2015-06-23 20:35:57'),
       (1405, 4929, 'F', '2015-06-23 20:35:57'),
       (1408, 4929, 'F', '2015-06-23 20:35:57'),
       (1411, 4929, 'F', '2015-06-23 20:35:57'),
       (1414, 4929, 'F', '2015-06-23 20:35:57'),
       (1417, 4929, 'F', '2015-06-23 20:35:57'),
       (1314, 4929, 'F', '2015-06-23 20:35:57'),
       (1316, 4929, 'F', '2015-06-23 20:35:57'),
       (1318, 4929, 'F', '2015-06-23 20:35:57'),
       (1329, 4929, 'F', '2015-06-23 20:35:57'),
       (1331, 4929, 'F', '2015-06-23 20:35:57'),
       (1333, 4929, 'F', '2015-06-23 20:35:57'),
       (1335, 4929, 'F', '2015-06-23 20:35:57'),
       (1337, 4929, 'F', '2015-06-23 20:35:57'),
       (1339, 4929, 'F', '2015-06-23 20:35:57'),
       (1341, 4929, 'F', '2015-06-23 20:35:57'),
       (1343, 4929, 'F', '2015-06-23 20:35:57'),
       (1345, 4929, 'F', '2015-06-23 20:35:57'),
       (1347, 4929, 'F', '2015-06-23 20:35:57'),
       (1349, 4929, 'F', '2015-06-23 20:35:57'),
       (1351, 4929, 'F', '2015-06-23 20:35:57'),
       (1353, 4929, 'F', '2015-06-23 20:35:57'),
       (1320, 4929, 'F', '2015-06-23 20:35:57'),
       (1322, 4929, 'F', '2015-06-23 20:35:57'),
       (1324, 4929, 'F', '2015-06-23 20:35:57'),
       (1326, 4929, 'F', '2015-06-23 20:35:57'),
       (1388, 4929, 'F', '2015-06-23 20:35:57'),
       (1391, 4929, 'F', '2015-06-23 20:35:57'),
       (1394, 4929, 'F', '2015-06-23 20:35:57'),
       (1397, 4929, 'F', '2015-06-23 20:35:57'),
       (1400, 4929, 'F', '2015-06-23 20:35:57'),
       (1403, 4929, 'F', '2015-06-23 20:35:57'),
       (1242, 4931, 'R', '2015-06-23 20:35:57'),
       (1243, 4931, 'R', '2015-06-23 20:35:57'),
       (1251, 4931, 'R', '2015-06-23 20:35:57'),
       (1260, 4931, 'R', '2015-06-23 20:35:57'),
       (1280, 4931, 'R', '2015-06-23 20:35:57'),
       (1295, 4931, 'R', '2015-06-23 20:35:57'),
       (1296, 4931, 'R', '2015-06-23 20:35:57'),
       (1302, 4931, 'R', '2015-06-23 20:35:57'),
       (1270, 4931, 'R', '2015-06-23 20:35:57'),
       (1286, 4931, 'R', '2015-06-23 20:35:57'),
       (1287, 4931, 'R', '2015-06-23 20:35:57'),
       (1288, 4931, 'R', '2015-06-23 20:35:57'),
       (1289, 4931, 'R', '2015-06-23 20:35:57'),
       (1290, 4931, 'R', '2015-06-23 20:35:57'),
       (1291, 4931, 'R', '2015-06-23 20:35:57'),
       (1292, 4931, 'R', '2015-06-23 20:35:57'),
       (1242, 4932, 'R', '2015-06-23 20:35:57'),
       (1243, 4932, 'R', '2015-06-23 20:35:57'),
       (1251, 4932, 'R', '2015-06-23 20:35:57'),
       (1252, 4932, 'R', '2015-06-23 20:35:57'),
       (1254, 4932, 'R', '2015-06-23 20:35:57'),
       (1255, 4932, 'R', '2015-06-23 20:35:57'),
       (1260, 4932, 'R', '2015-06-23 20:35:57'),
       (1280, 4932, 'R', '2015-06-23 20:35:57'),
       (1294, 4932, 'R', '2015-06-23 20:35:57'),
       (1295, 4932, 'R', '2015-06-23 20:35:57'),
       (1296, 4932, 'R', '2015-06-23 20:35:57'),
       (1297, 4932, 'R', '2015-06-23 20:35:57'),
       (1298, 4932, 'R', '2015-06-23 20:35:57'),
       (1299, 4932, 'R', '2015-06-23 20:35:57'),
       (1300, 4932, 'R', '2015-06-23 20:35:57'),
       (1301, 4932, 'R', '2015-06-23 20:35:57'),
       (1302, 4932, 'R', '2015-06-23 20:35:57'),
       (1303, 4932, 'R', '2015-06-23 20:35:57'),
       (1245, 4932, 'R', '2015-06-23 20:35:57'),
       (1246, 4932, 'R', '2015-06-23 20:35:57'),
       (1247, 4932, 'R', '2015-06-23 20:35:57'),
       (1248, 4932, 'R', '2015-06-23 20:35:57'),
       (1261, 4932, 'R', '2015-06-23 20:35:57'),
       (1262, 4932, 'R', '2015-06-23 20:35:57'),
       (1263, 4932, 'R', '2015-06-23 20:35:57'),
       (1264, 4932, 'R', '2015-06-23 20:35:57'),
       (1265, 4932, 'R', '2015-06-23 20:35:57'),
       (1266, 4932, 'R', '2015-06-23 20:35:57'),
       (1268, 4932, 'R', '2015-06-23 20:35:57'),
       (1304, 4932, 'R', '2015-06-23 20:35:57'),
       (1305, 4932, 'R', '2015-06-23 20:35:57'),
       (1270, 4932, 'R', '2015-06-23 20:35:57'),
       (1279, 4932, 'R', '2015-06-23 20:35:57'),
       (1286, 4932, 'R', '2015-06-23 20:35:57'),
       (1287, 4932, 'R', '2015-06-23 20:35:57'),
       (1288, 4932, 'R', '2015-06-23 20:35:57'),
       (1289, 4932, 'R', '2015-06-23 20:35:57'),
       (1290, 4932, 'R', '2015-06-23 20:35:57'),
       (1291, 4932, 'R', '2015-06-23 20:35:57'),
       (1292, 4932, 'R', '2015-06-23 20:35:57'),
       (1267, 4932, 'R', '2015-06-23 20:35:57'),
       (1293, 4932, 'R', '2015-06-23 20:35:57');
/*!40000 ALTER TABLE `applicant_form_fields_access_default`
    ENABLE KEYS */;
UNLOCK TABLES;

--
-- Table structure for table `applicant_form_groups`
--

DROP TABLE IF EXISTS `applicant_form_groups`;
/*!40101 SET @saved_cs_client = @@character_set_client */;
/*!50503 SET character_set_client = utf8mb4 */;
CREATE TABLE `applicant_form_groups`
(
    `applicant_group_id` int unsigned   NOT NULL AUTO_INCREMENT,
    `applicant_block_id` int unsigned   NOT NULL,
    `company_id`         bigint         NOT NULL,
    `title`              varchar(255)            DEFAULT NULL,
    `cols_count`         int unsigned   NOT NULL DEFAULT '3',
    `collapsed`          enum ('Y','N') NOT NULL DEFAULT 'N',
    `order`              int unsigned            DEFAULT NULL,
    PRIMARY KEY (`applicant_group_id`),
    KEY `FK_applicant_form_groups_1` (`applicant_block_id`),
    KEY `FK_applicant_form_groups_2` (`company_id`),
    CONSTRAINT `FK_applicant_form_groups_1` FOREIGN KEY (`applicant_block_id`) REFERENCES `applicant_form_blocks` (`applicant_block_id`) ON DELETE CASCADE ON UPDATE CASCADE,
    CONSTRAINT `FK_applicant_form_groups_2` FOREIGN KEY (`company_id`) REFERENCES `company` (`company_id`) ON DELETE CASCADE ON UPDATE CASCADE
) ENGINE = InnoDB
  AUTO_INCREMENT = 1879
  DEFAULT CHARSET = utf8mb3;
/*!40101 SET character_set_client = @saved_cs_client */;

--
-- Dumping data for table `applicant_form_groups`
--

LOCK TABLES `applicant_form_groups` WRITE;
/*!40000 ALTER TABLE `applicant_form_groups`
    DISABLE KEYS */;
INSERT INTO `applicant_form_groups`
VALUES (161, 131, 0, 'Applicant Passport Info', 4, 'N', 0),
       (162, 131, 0, 'Applicant Contact Info', 3, 'Y', 1),
       (163, 132, 0, 'Client Login', 3, 'Y', 1),
       (164, 133, 0, 'Business Info', 3, 'N', 0),
       (165, 134, 0, 'Authorised Contacts', 3, 'Y', 1),
       (166, 135, 0, 'Contact Information', 4, 'N', 0),
       (167, 135, 0, 'Address & Contact Details', 4, 'Y', 1),
       (168, 135, 0, 'Notes & Comments', 4, 'Y', 2),
       (169, 136, 0, 'Employer Login', 3, 'Y', 0),
       (170, 133, 0, 'Business Contact Info', 3, 'N', 1),
       (171, 137, 0, 'Contact Information', 4, 'N', 0),
       (172, 137, 0, 'Address & Contact Details', 4, 'Y', 1),
       (173, 137, 0, 'Notes & Comments', 4, 'Y', 2),
       (174, 138, 0, 'Contact Information', 4, 'N', 0),
       (175, 138, 0, 'Address & Contact Details', 4, 'Y', 1),
       (176, 138, 0, 'Notes & Comments', 4, 'Y', 2),
       (177, 139, 0, 'Contact Information', 4, 'N', 0),
       (178, 139, 0, 'Address & Contact Details', 4, 'Y', 1),
       (179, 139, 0, 'Notes & Comments', 4, 'Y', 2),
       (180, 140, 0, 'Contact Information', 4, 'N', 0),
       (181, 140, 0, 'Address & Contact Details', 4, 'Y', 1),
       (182, 140, 0, 'Notes & Comments', 4, 'Y', 2),
       (183, 141, 0, 'Contact Information', 4, 'N', 0),
       (184, 141, 0, 'Address & Contact Details', 4, 'Y', 1),
       (185, 141, 0, 'Notes & Comments', 4, 'Y', 2),
       (186, 142, 0, 'Contact Information', 4, 'N', 0),
       (187, 142, 0, 'Address & Contact Details', 4, 'Y', 1),
       (188, 142, 0, 'Notes & Comments', 4, 'Y', 2),
       (189, 143, 0, 'Contact Information', 4, 'N', 0),
       (190, 143, 0, 'Address & Contact Details', 4, 'Y', 1),
       (191, 143, 0, 'Notes & Comments', 4, 'Y', 2),
       (1774, 131, 0, 'Applicant Info', 3, 'N', 2),
       (1839, 170, 1, 'Applicant Passport Info', 4, 'N', 0),
       (1840, 170, 1, 'Applicant Contact Info', 3, 'Y', 1),
       (1841, 171, 1, 'Client Login', 3, 'Y', 1),
       (1842, 172, 1, 'Business Info', 3, 'N', 0),
       (1843, 173, 1, 'Authorised Contacts', 3, 'Y', 1),
       (1844, 174, 1, 'Contact Information', 4, 'N', 0),
       (1845, 174, 1, 'Address & Contact Details', 4, 'Y', 1),
       (1846, 174, 1, 'Notes & Comments', 4, 'Y', 2),
       (1847, 175, 1, 'Employer Login', 3, 'Y', 0),
       (1848, 172, 1, 'Business Contact Info', 3, 'N', 1),
       (1849, 176, 1, 'Contact Information', 4, 'N', 0),
       (1850, 176, 1, 'Address & Contact Details', 4, 'Y', 1),
       (1851, 176, 1, 'Notes & Comments', 4, 'Y', 2),
       (1852, 177, 1, 'Contact Information', 4, 'N', 0),
       (1853, 177, 1, 'Address & Contact Details', 4, 'Y', 1),
       (1854, 177, 1, 'Notes & Comments', 4, 'Y', 2),
       (1855, 178, 1, 'Contact Information', 4, 'N', 0),
       (1856, 178, 1, 'Address & Contact Details', 4, 'Y', 1),
       (1857, 178, 1, 'Notes & Comments', 4, 'Y', 2),
       (1858, 179, 1, 'Contact Information', 4, 'N', 0),
       (1859, 179, 1, 'Address & Contact Details', 4, 'Y', 1),
       (1860, 179, 1, 'Notes & Comments', 4, 'Y', 2),
       (1861, 180, 1, 'Contact Information', 4, 'N', 0),
       (1862, 180, 1, 'Address & Contact Details', 4, 'Y', 1),
       (1863, 180, 1, 'Notes & Comments', 4, 'Y', 2),
       (1864, 181, 1, 'Contact Information', 4, 'N', 0),
       (1865, 181, 1, 'Address & Contact Details', 4, 'Y', 1),
       (1866, 181, 1, 'Notes & Comments', 4, 'Y', 2),
       (1867, 182, 1, 'Contact Information', 4, 'N', 0),
       (1868, 182, 1, 'Address & Contact Details', 4, 'Y', 1),
       (1869, 182, 1, 'Notes & Comments', 4, 'Y', 2),
       (1870, 170, 1, 'Applicant Info', 3, 'N', 2),
       (1871, 183, 0, 'Main Group', 3, 'N', 0),
       (1872, 184, 1, 'Main Group', 3, 'N', 0),
       (1873, 131, 0, 'Applicant Representative', 3, 'N', 3),
       (1874, 170, 1, 'Applicant Representative', 3, 'N', 3),
       (1875, 131, 0, 'Express Entry Information', 4, 'N', 4),
       (1876, 170, 1, 'Express Entry Information', 4, 'N', 4),
       (1877, 131, 0, 'Spouse Information', 4, 'N', 5),
       (1878, 170, 1, 'Spouse Information', 4, 'N', 5);
/*!40000 ALTER TABLE `applicant_form_groups`
    ENABLE KEYS */;
UNLOCK TABLES;

--
-- Table structure for table `applicant_form_order`
--

DROP TABLE IF EXISTS `applicant_form_order`;
/*!40101 SET @saved_cs_client = @@character_set_client */;
/*!50503 SET character_set_client = utf8mb4 */;
CREATE TABLE `applicant_form_order`
(
    `applicant_group_id` int unsigned   NOT NULL,
    `applicant_field_id` int unsigned   NOT NULL,
    `use_full_row`       enum ('Y','N') NOT NULL DEFAULT 'N',
    `field_order`        tinyint unsigned        DEFAULT '1',
    PRIMARY KEY (`applicant_group_id`, `applicant_field_id`),
    KEY `FK_applicant_form_order_2` (`applicant_field_id`),
    CONSTRAINT `FK_applicant_form_order_1` FOREIGN KEY (`applicant_group_id`) REFERENCES `applicant_form_groups` (`applicant_group_id`) ON DELETE CASCADE ON UPDATE CASCADE,
    CONSTRAINT `FK_applicant_form_order_2` FOREIGN KEY (`applicant_field_id`) REFERENCES `applicant_form_fields` (`applicant_field_id`) ON DELETE CASCADE ON UPDATE CASCADE
) ENGINE = InnoDB
  DEFAULT CHARSET = utf8mb3;
/*!40101 SET character_set_client = @saved_cs_client */;

--
-- Dumping data for table `applicant_form_order`
--

LOCK TABLES `applicant_form_order` WRITE;
/*!40000 ALTER TABLE `applicant_form_order`
    DISABLE KEYS */;
INSERT INTO `applicant_form_order`
VALUES (161, 688, 'N', 1),
       (161, 689, 'N', 0),
       (161, 697, 'N', 2),
       (161, 698, 'N', 3),
       (161, 726, 'N', 7),
       (161, 745, 'N', 5),
       (161, 746, 'N', 6),
       (161, 749, 'N', 4),
       (161, 1170, 'N', 8),
       (161, 1419, 'N', 24),
       (162, 692, 'N', 2),
       (162, 693, 'N', 5),
       (162, 707, 'N', 0),
       (162, 709, 'N', 6),
       (162, 710, 'N', 3),
       (162, 711, 'N', 1),
       (162, 712, 'N', 4),
       (162, 1363, 'N', 98),
       (162, 1366, 'N', 99),
       (162, 1369, 'N', 100),
       (162, 1372, 'N', 101),
       (162, 1375, 'N', 102),
       (162, 1378, 'N', 103),
       (162, 1381, 'N', 104),
       (162, 1384, 'N', 105),
       (163, 727, 'N', 0),
       (163, 728, 'N', 1),
       (163, 752, 'N', 2),
       (164, 716, 'N', 0),
       (164, 725, 'N', 8),
       (164, 732, 'N', 2),
       (164, 733, 'N', 1),
       (164, 734, 'N', 3),
       (164, 735, 'N', 4),
       (164, 736, 'N', 5),
       (164, 737, 'N', 6),
       (164, 738, 'N', 7),
       (164, 1419, 'N', 7),
       (165, 688, 'N', 1),
       (165, 689, 'N', 0),
       (165, 691, 'N', 4),
       (165, 692, 'N', 3),
       (165, 693, 'N', 6),
       (165, 694, 'N', 7),
       (165, 707, 'N', 8),
       (165, 708, 'N', 9),
       (165, 709, 'N', 10),
       (165, 710, 'N', 11),
       (165, 711, 'N', 13),
       (165, 712, 'N', 12),
       (165, 713, 'N', 5),
       (165, 739, 'N', 2),
       (166, 688, 'N', 2),
       (166, 689, 'N', 1),
       (166, 696, 'N', 0),
       (166, 729, 'N', 5),
       (166, 739, 'N', 3),
       (166, 754, 'N', 4),
       (167, 691, 'N', 7),
       (167, 692, 'N', 6),
       (167, 693, 'N', 8),
       (167, 694, 'N', 9),
       (167, 707, 'N', 0),
       (167, 708, 'N', 1),
       (167, 709, 'N', 2),
       (167, 710, 'N', 3),
       (167, 711, 'N', 4),
       (167, 712, 'N', 5),
       (167, 713, 'N', 10),
       (168, 724, 'Y', 0),
       (169, 730, 'N', 0),
       (169, 731, 'N', 1),
       (169, 753, 'N', 2),
       (170, 691, 'N', 1),
       (170, 692, 'N', 0),
       (170, 693, 'N', 3),
       (170, 694, 'N', 4),
       (170, 707, 'N', 5),
       (170, 708, 'N', 6),
       (170, 709, 'N', 7),
       (170, 710, 'N', 8),
       (170, 711, 'N', 10),
       (170, 712, 'N', 9),
       (170, 713, 'N', 2),
       (171, 688, 'N', 2),
       (171, 689, 'N', 1),
       (171, 696, 'N', 0),
       (171, 729, 'N', 5),
       (171, 739, 'N', 3),
       (171, 754, 'N', 4),
       (172, 691, 'N', 7),
       (172, 692, 'N', 6),
       (172, 693, 'N', 8),
       (172, 694, 'N', 9),
       (172, 707, 'N', 0),
       (172, 708, 'N', 1),
       (172, 709, 'N', 2),
       (172, 710, 'N', 3),
       (172, 711, 'N', 4),
       (172, 712, 'N', 5),
       (172, 713, 'N', 10),
       (173, 724, 'Y', 0),
       (174, 688, 'N', 2),
       (174, 689, 'N', 1),
       (174, 696, 'N', 0),
       (174, 729, 'N', 5),
       (174, 739, 'N', 3),
       (174, 754, 'N', 4),
       (175, 691, 'N', 7),
       (175, 692, 'N', 6),
       (175, 693, 'N', 8),
       (175, 694, 'N', 9),
       (175, 707, 'N', 0),
       (175, 708, 'N', 1),
       (175, 709, 'N', 2),
       (175, 710, 'N', 3),
       (175, 711, 'N', 4),
       (175, 712, 'N', 5),
       (175, 713, 'N', 10),
       (176, 724, 'Y', 0),
       (177, 688, 'N', 2),
       (177, 689, 'N', 1),
       (177, 696, 'N', 0),
       (177, 729, 'N', 5),
       (177, 739, 'N', 3),
       (177, 754, 'N', 4),
       (178, 691, 'N', 7),
       (178, 692, 'N', 6),
       (178, 693, 'N', 8),
       (178, 694, 'N', 9),
       (178, 707, 'N', 0),
       (178, 708, 'N', 1),
       (178, 709, 'N', 2),
       (178, 710, 'N', 3),
       (178, 711, 'N', 4),
       (178, 712, 'N', 5),
       (178, 713, 'N', 10),
       (179, 724, 'Y', 0),
       (180, 688, 'N', 2),
       (180, 689, 'N', 1),
       (180, 696, 'N', 0),
       (180, 729, 'N', 5),
       (180, 739, 'N', 3),
       (180, 754, 'N', 4),
       (181, 691, 'N', 7),
       (181, 692, 'N', 6),
       (181, 693, 'N', 8),
       (181, 694, 'N', 9),
       (181, 707, 'N', 0),
       (181, 708, 'N', 1),
       (181, 709, 'N', 2),
       (181, 710, 'N', 3),
       (181, 711, 'N', 4),
       (181, 712, 'N', 5),
       (181, 713, 'N', 10),
       (182, 724, 'Y', 0),
       (183, 688, 'N', 2),
       (183, 689, 'N', 1),
       (183, 696, 'N', 0),
       (183, 729, 'N', 5),
       (183, 739, 'N', 3),
       (183, 754, 'N', 4),
       (184, 691, 'N', 7),
       (184, 692, 'N', 6),
       (184, 693, 'N', 8),
       (184, 694, 'N', 9),
       (184, 707, 'N', 0),
       (184, 708, 'N', 1),
       (184, 709, 'N', 2),
       (184, 710, 'N', 3),
       (184, 711, 'N', 4),
       (184, 712, 'N', 5),
       (184, 713, 'N', 10),
       (185, 724, 'Y', 0),
       (186, 688, 'N', 2),
       (186, 689, 'N', 1),
       (186, 696, 'N', 0),
       (186, 729, 'N', 5),
       (186, 739, 'N', 3),
       (186, 754, 'N', 4),
       (187, 691, 'N', 7),
       (187, 692, 'N', 6),
       (187, 693, 'N', 8),
       (187, 694, 'N', 9),
       (187, 707, 'N', 0),
       (187, 708, 'N', 1),
       (187, 709, 'N', 2),
       (187, 710, 'N', 3),
       (187, 711, 'N', 4),
       (187, 712, 'N', 5),
       (187, 713, 'N', 10),
       (188, 724, 'Y', 0),
       (189, 688, 'N', 2),
       (189, 689, 'N', 1),
       (189, 696, 'N', 0),
       (189, 729, 'N', 5),
       (189, 739, 'N', 3),
       (189, 754, 'N', 4),
       (190, 691, 'N', 7),
       (190, 692, 'N', 6),
       (190, 693, 'N', 8),
       (190, 694, 'N', 9),
       (190, 707, 'N', 0),
       (190, 708, 'N', 1),
       (190, 709, 'N', 2),
       (190, 710, 'N', 3),
       (190, 711, 'N', 4),
       (190, 712, 'N', 5),
       (190, 713, 'N', 10),
       (191, 724, 'Y', 0),
       (1774, 702, 'N', 1),
       (1774, 741, 'N', 0),
       (1774, 1354, 'N', 95),
       (1774, 1357, 'N', 96),
       (1774, 1360, 'N', 97),
       (1774, 1404, 'N', 112),
       (1774, 1407, 'N', 113),
       (1774, 1410, 'N', 114),
       (1774, 1413, 'N', 115),
       (1774, 1416, 'N', 116),
       (1839, 1242, 'N', 1),
       (1839, 1243, 'N', 0),
       (1839, 1251, 'N', 2),
       (1839, 1252, 'N', 3),
       (1839, 1280, 'N', 7),
       (1839, 1299, 'N', 5),
       (1839, 1300, 'N', 6),
       (1839, 1303, 'N', 4),
       (1839, 1312, 'N', 8),
       (1839, 1420, 'N', 24),
       (1840, 1246, 'N', 2),
       (1840, 1247, 'N', 5),
       (1840, 1261, 'N', 0),
       (1840, 1263, 'N', 6),
       (1840, 1264, 'N', 3),
       (1840, 1265, 'N', 1),
       (1840, 1266, 'N', 4),
       (1840, 1364, 'N', 98),
       (1840, 1367, 'N', 99),
       (1840, 1370, 'N', 100),
       (1840, 1373, 'N', 101),
       (1840, 1376, 'N', 102),
       (1840, 1379, 'N', 103),
       (1840, 1382, 'N', 104),
       (1840, 1385, 'N', 105),
       (1841, 1281, 'N', 0),
       (1841, 1282, 'N', 1),
       (1841, 1306, 'N', 2),
       (1842, 1270, 'N', 0),
       (1842, 1279, 'N', 8),
       (1842, 1286, 'N', 2),
       (1842, 1287, 'N', 1),
       (1842, 1288, 'N', 3),
       (1842, 1289, 'N', 4),
       (1842, 1290, 'N', 5),
       (1842, 1291, 'N', 6),
       (1842, 1292, 'N', 7),
       (1842, 1420, 'N', 7),
       (1843, 1242, 'N', 1),
       (1843, 1243, 'N', 0),
       (1843, 1245, 'N', 4),
       (1843, 1246, 'N', 3),
       (1843, 1247, 'N', 6),
       (1843, 1248, 'N', 7),
       (1843, 1261, 'N', 8),
       (1843, 1262, 'N', 9),
       (1843, 1263, 'N', 10),
       (1843, 1264, 'N', 11),
       (1843, 1265, 'N', 13),
       (1843, 1266, 'N', 12),
       (1843, 1267, 'N', 5),
       (1843, 1293, 'N', 2),
       (1844, 1242, 'N', 2),
       (1844, 1243, 'N', 1),
       (1844, 1250, 'N', 0),
       (1844, 1283, 'N', 5),
       (1844, 1293, 'N', 3),
       (1844, 1308, 'N', 4),
       (1845, 1245, 'N', 7),
       (1845, 1246, 'N', 6),
       (1845, 1247, 'N', 8),
       (1845, 1248, 'N', 9),
       (1845, 1261, 'N', 0),
       (1845, 1262, 'N', 1),
       (1845, 1263, 'N', 2),
       (1845, 1264, 'N', 3),
       (1845, 1265, 'N', 4),
       (1845, 1266, 'N', 5),
       (1845, 1267, 'N', 10),
       (1846, 1278, 'Y', 0),
       (1847, 1284, 'N', 0),
       (1847, 1285, 'N', 1),
       (1847, 1307, 'N', 2),
       (1848, 1245, 'N', 1),
       (1848, 1246, 'N', 0),
       (1848, 1247, 'N', 3),
       (1848, 1248, 'N', 4),
       (1848, 1261, 'N', 5),
       (1848, 1262, 'N', 6),
       (1848, 1263, 'N', 7),
       (1848, 1264, 'N', 8),
       (1848, 1265, 'N', 10),
       (1848, 1266, 'N', 9),
       (1848, 1267, 'N', 2),
       (1849, 1242, 'N', 2),
       (1849, 1243, 'N', 1),
       (1849, 1250, 'N', 0),
       (1849, 1283, 'N', 5),
       (1849, 1293, 'N', 3),
       (1849, 1308, 'N', 4),
       (1850, 1245, 'N', 7),
       (1850, 1246, 'N', 6),
       (1850, 1247, 'N', 8),
       (1850, 1248, 'N', 9),
       (1850, 1261, 'N', 0),
       (1850, 1262, 'N', 1),
       (1850, 1263, 'N', 2),
       (1850, 1264, 'N', 3),
       (1850, 1265, 'N', 4),
       (1850, 1266, 'N', 5),
       (1850, 1267, 'N', 10),
       (1851, 1278, 'Y', 0),
       (1852, 1242, 'N', 2),
       (1852, 1243, 'N', 1),
       (1852, 1250, 'N', 0),
       (1852, 1283, 'N', 5),
       (1852, 1293, 'N', 3),
       (1852, 1308, 'N', 4),
       (1853, 1245, 'N', 7),
       (1853, 1246, 'N', 6),
       (1853, 1247, 'N', 8),
       (1853, 1248, 'N', 9),
       (1853, 1261, 'N', 0),
       (1853, 1262, 'N', 1),
       (1853, 1263, 'N', 2),
       (1853, 1264, 'N', 3),
       (1853, 1265, 'N', 4),
       (1853, 1266, 'N', 5),
       (1853, 1267, 'N', 10),
       (1854, 1278, 'Y', 0),
       (1855, 1242, 'N', 2),
       (1855, 1243, 'N', 1),
       (1855, 1250, 'N', 0),
       (1855, 1283, 'N', 5),
       (1855, 1293, 'N', 3),
       (1855, 1308, 'N', 4),
       (1856, 1245, 'N', 7),
       (1856, 1246, 'N', 6),
       (1856, 1247, 'N', 8),
       (1856, 1248, 'N', 9),
       (1856, 1261, 'N', 0),
       (1856, 1262, 'N', 1),
       (1856, 1263, 'N', 2),
       (1856, 1264, 'N', 3),
       (1856, 1265, 'N', 4),
       (1856, 1266, 'N', 5),
       (1856, 1267, 'N', 10),
       (1857, 1278, 'Y', 0),
       (1858, 1242, 'N', 2),
       (1858, 1243, 'N', 1),
       (1858, 1250, 'N', 0),
       (1858, 1283, 'N', 5),
       (1858, 1293, 'N', 3),
       (1858, 1308, 'N', 4),
       (1859, 1245, 'N', 7),
       (1859, 1246, 'N', 6),
       (1859, 1247, 'N', 8),
       (1859, 1248, 'N', 9),
       (1859, 1261, 'N', 0),
       (1859, 1262, 'N', 1),
       (1859, 1263, 'N', 2),
       (1859, 1264, 'N', 3),
       (1859, 1265, 'N', 4),
       (1859, 1266, 'N', 5),
       (1859, 1267, 'N', 10),
       (1860, 1278, 'Y', 0),
       (1861, 1242, 'N', 2),
       (1861, 1243, 'N', 1),
       (1861, 1250, 'N', 0),
       (1861, 1283, 'N', 5),
       (1861, 1293, 'N', 3),
       (1861, 1308, 'N', 4),
       (1862, 1245, 'N', 7),
       (1862, 1246, 'N', 6),
       (1862, 1247, 'N', 8),
       (1862, 1248, 'N', 9),
       (1862, 1261, 'N', 0),
       (1862, 1262, 'N', 1),
       (1862, 1263, 'N', 2),
       (1862, 1264, 'N', 3),
       (1862, 1265, 'N', 4),
       (1862, 1266, 'N', 5),
       (1862, 1267, 'N', 10),
       (1863, 1278, 'Y', 0),
       (1864, 1242, 'N', 2),
       (1864, 1243, 'N', 1),
       (1864, 1250, 'N', 0),
       (1864, 1283, 'N', 5),
       (1864, 1293, 'N', 3),
       (1864, 1308, 'N', 4),
       (1865, 1245, 'N', 7),
       (1865, 1246, 'N', 6),
       (1865, 1247, 'N', 8),
       (1865, 1248, 'N', 9),
       (1865, 1261, 'N', 0),
       (1865, 1262, 'N', 1),
       (1865, 1263, 'N', 2),
       (1865, 1264, 'N', 3),
       (1865, 1265, 'N', 4),
       (1865, 1266, 'N', 5),
       (1865, 1267, 'N', 10),
       (1866, 1278, 'Y', 0),
       (1867, 1242, 'N', 2),
       (1867, 1243, 'N', 1),
       (1867, 1250, 'N', 0),
       (1867, 1283, 'N', 5),
       (1867, 1293, 'N', 3),
       (1867, 1308, 'N', 4),
       (1868, 1245, 'N', 7),
       (1868, 1246, 'N', 6),
       (1868, 1247, 'N', 8),
       (1868, 1248, 'N', 9),
       (1868, 1261, 'N', 0),
       (1868, 1262, 'N', 1),
       (1868, 1263, 'N', 2),
       (1868, 1264, 'N', 3),
       (1868, 1265, 'N', 4),
       (1868, 1266, 'N', 5),
       (1868, 1267, 'N', 10),
       (1869, 1278, 'Y', 0),
       (1870, 1256, 'N', 1),
       (1870, 1295, 'N', 0),
       (1870, 1355, 'N', 95),
       (1870, 1358, 'N', 96),
       (1870, 1361, 'N', 97),
       (1870, 1405, 'N', 112),
       (1870, 1408, 'N', 113),
       (1870, 1411, 'N', 114),
       (1870, 1414, 'N', 115),
       (1870, 1417, 'N', 116),
       (1871, 688, 'N', 0),
       (1871, 689, 'N', 1),
       (1871, 690, 'N', 2),
       (1871, 691, 'N', 3),
       (1871, 692, 'N', 4),
       (1871, 693, 'N', 5),
       (1871, 694, 'N', 6),
       (1871, 695, 'N', 7),
       (1871, 696, 'N', 8),
       (1871, 697, 'N', 9),
       (1871, 698, 'N', 10),
       (1871, 699, 'N', 11),
       (1871, 700, 'N', 12),
       (1871, 701, 'N', 13),
       (1871, 702, 'N', 14),
       (1871, 703, 'N', 15),
       (1871, 704, 'N', 16),
       (1871, 705, 'N', 17),
       (1871, 706, 'N', 18),
       (1871, 707, 'N', 19),
       (1871, 708, 'N', 20),
       (1871, 709, 'N', 21),
       (1871, 710, 'N', 22),
       (1871, 711, 'N', 23),
       (1871, 712, 'N', 24),
       (1871, 713, 'N', 25),
       (1871, 714, 'N', 26),
       (1871, 715, 'N', 27),
       (1871, 716, 'N', 28),
       (1871, 717, 'N', 29),
       (1871, 718, 'N', 30),
       (1871, 719, 'N', 31),
       (1871, 720, 'N', 32),
       (1871, 721, 'N', 33),
       (1871, 722, 'N', 34),
       (1871, 723, 'N', 35),
       (1871, 724, 'N', 36),
       (1871, 739, 'N', 37),
       (1871, 740, 'N', 38),
       (1871, 741, 'N', 39),
       (1871, 742, 'N', 40),
       (1871, 743, 'N', 41),
       (1871, 744, 'N', 42),
       (1871, 745, 'N', 43),
       (1871, 746, 'N', 44),
       (1871, 747, 'N', 45),
       (1871, 748, 'N', 46),
       (1871, 749, 'N', 47),
       (1871, 750, 'N', 48),
       (1871, 751, 'N', 49),
       (1871, 754, 'N', 50),
       (1871, 1090, 'N', 51),
       (1871, 1097, 'N', 52),
       (1871, 1170, 'N', 54),
       (1871, 1419, 'N', 66),
       (1872, 1242, 'N', 0),
       (1872, 1243, 'N', 1),
       (1872, 1244, 'N', 2),
       (1872, 1245, 'N', 3),
       (1872, 1246, 'N', 4),
       (1872, 1247, 'N', 5),
       (1872, 1248, 'N', 6),
       (1872, 1249, 'N', 7),
       (1872, 1250, 'N', 8),
       (1872, 1251, 'N', 9),
       (1872, 1252, 'N', 10),
       (1872, 1253, 'N', 11),
       (1872, 1254, 'N', 12),
       (1872, 1255, 'N', 13),
       (1872, 1256, 'N', 14),
       (1872, 1257, 'N', 15),
       (1872, 1258, 'N', 16),
       (1872, 1259, 'N', 17),
       (1872, 1260, 'N', 18),
       (1872, 1261, 'N', 19),
       (1872, 1262, 'N', 20),
       (1872, 1263, 'N', 21),
       (1872, 1264, 'N', 22),
       (1872, 1265, 'N', 23),
       (1872, 1266, 'N', 24),
       (1872, 1267, 'N', 25),
       (1872, 1268, 'N', 26),
       (1872, 1269, 'N', 27),
       (1872, 1270, 'N', 28),
       (1872, 1271, 'N', 29),
       (1872, 1272, 'N', 30),
       (1872, 1273, 'N', 31),
       (1872, 1274, 'N', 32),
       (1872, 1275, 'N', 33),
       (1872, 1276, 'N', 34),
       (1872, 1277, 'N', 35),
       (1872, 1278, 'N', 36),
       (1872, 1293, 'N', 37),
       (1872, 1294, 'N', 38),
       (1872, 1295, 'N', 39),
       (1872, 1296, 'N', 40),
       (1872, 1297, 'N', 41),
       (1872, 1298, 'N', 42),
       (1872, 1299, 'N', 43),
       (1872, 1300, 'N', 44),
       (1872, 1301, 'N', 45),
       (1872, 1302, 'N', 46),
       (1872, 1303, 'N', 47),
       (1872, 1304, 'N', 48),
       (1872, 1305, 'N', 49),
       (1872, 1308, 'N', 50),
       (1872, 1309, 'N', 51),
       (1872, 1310, 'N', 52),
       (1872, 1312, 'N', 54),
       (1872, 1420, 'N', 66),
       (1873, 1313, 'N', 55),
       (1873, 1315, 'N', 57),
       (1873, 1317, 'N', 59),
       (1873, 1328, 'N', 69),
       (1873, 1330, 'N', 71),
       (1873, 1332, 'N', 73),
       (1873, 1334, 'N', 75),
       (1873, 1336, 'N', 77),
       (1873, 1338, 'N', 79),
       (1873, 1340, 'N', 81),
       (1873, 1342, 'N', 83),
       (1873, 1344, 'N', 85),
       (1873, 1346, 'N', 87),
       (1873, 1348, 'N', 89),
       (1873, 1350, 'N', 91),
       (1873, 1352, 'N', 93),
       (1874, 1314, 'N', 56),
       (1874, 1316, 'N', 58),
       (1874, 1318, 'N', 60),
       (1874, 1329, 'N', 70),
       (1874, 1331, 'N', 72),
       (1874, 1333, 'N', 74),
       (1874, 1335, 'N', 76),
       (1874, 1337, 'N', 78),
       (1874, 1339, 'N', 80),
       (1874, 1341, 'N', 82),
       (1874, 1343, 'N', 84),
       (1874, 1345, 'N', 86),
       (1874, 1347, 'N', 88),
       (1874, 1349, 'N', 90),
       (1874, 1351, 'N', 92),
       (1874, 1353, 'N', 94),
       (1875, 1319, 'N', 61),
       (1875, 1321, 'N', 63),
       (1875, 1323, 'N', 65),
       (1875, 1325, 'N', 67),
       (1876, 1320, 'N', 62),
       (1876, 1322, 'N', 64),
       (1876, 1324, 'N', 66),
       (1876, 1326, 'N', 68),
       (1877, 1387, 'N', 106),
       (1877, 1390, 'N', 107),
       (1877, 1393, 'N', 108),
       (1877, 1396, 'N', 109),
       (1877, 1399, 'N', 110),
       (1877, 1402, 'N', 111),
       (1878, 1388, 'N', 106),
       (1878, 1391, 'N', 107),
       (1878, 1394, 'N', 108),
       (1878, 1397, 'N', 109),
       (1878, 1400, 'N', 110),
       (1878, 1403, 'N', 111);
/*!40000 ALTER TABLE `applicant_form_order`
    ENABLE KEYS */;
UNLOCK TABLES;

--
-- Table structure for table `applicant_types`
--

DROP TABLE IF EXISTS `applicant_types`;
/*!40101 SET @saved_cs_client = @@character_set_client */;
/*!50503 SET character_set_client = utf8mb4 */;
CREATE TABLE `applicant_types`
(
    `applicant_type_id`   int unsigned   NOT NULL AUTO_INCREMENT,
    `member_type_id`      int unsigned   NOT NULL,
    `company_id`          bigint                  DEFAULT NULL,
    `applicant_type_name` varchar(100)            DEFAULT NULL,
    `is_system`           enum ('Y','N') NOT NULL DEFAULT 'N',
    PRIMARY KEY (`applicant_type_id`),
    KEY `FK_client_types_company` (`company_id`),
    KEY `FK_applicant_types_2` (`member_type_id`),
    CONSTRAINT `FK_applicant_types_1` FOREIGN KEY (`company_id`) REFERENCES `company` (`company_id`) ON DELETE CASCADE ON UPDATE CASCADE,
    CONSTRAINT `FK_applicant_types_2` FOREIGN KEY (`member_type_id`) REFERENCES `members_types` (`member_type_id`) ON DELETE CASCADE ON UPDATE CASCADE
) ENGINE = InnoDB
  AUTO_INCREMENT = 51
  DEFAULT CHARSET = utf8mb3;
/*!40101 SET character_set_client = @saved_cs_client */;

--
-- Dumping data for table `applicant_types`
--

LOCK TABLES `applicant_types` WRITE;
/*!40000 ALTER TABLE `applicant_types`
    DISABLE KEYS */;
INSERT INTO `applicant_types`
VALUES (19, 10, 0, 'Sales Agent', 'Y'),
       (20, 10, 0, 'Legal Practitioner', 'N'),
       (21, 10, 0, 'Department of Immigration', 'N'),
       (22, 10, 0, 'State Government', 'N'),
       (23, 10, 0, 'Regional Body', 'N'),
       (24, 10, 0, 'Translator', 'N'),
       (25, 10, 0, 'Education Provider', 'N'),
       (26, 10, 0, 'Others', 'N'),
       (43, 10, 1, 'Sales Agent', 'Y'),
       (44, 10, 1, 'Legal Practitioner', 'N'),
       (45, 10, 1, 'Department of Immigration', 'N'),
       (46, 10, 1, 'State Government', 'N'),
       (47, 10, 1, 'Regional Body', 'N'),
       (48, 10, 1, 'Translator', 'N'),
       (49, 10, 1, 'Education Provider', 'N'),
       (50, 10, 1, 'Others', 'N');
/*!40000 ALTER TABLE `applicant_types`
    ENABLE KEYS */;
UNLOCK TABLES;

--
-- Table structure for table `auth_2fa_reserve_tokens`
--

DROP TABLE IF EXISTS `auth_2fa_reserve_tokens`;
/*!40101 SET @saved_cs_client = @@character_set_client */;
/*!50503 SET character_set_client = utf8mb4 */;
CREATE TABLE `auth_2fa_reserve_tokens`
(
    `id`      int         NOT NULL AUTO_INCREMENT,
    `user_id` bigint      NOT NULL,
    `token`   varchar(10) NOT NULL,
    `used`    int         NOT NULL,
    PRIMARY KEY (`id`),
    UNIQUE KEY `token` (`token`),
    KEY `user_id` (`user_id`),
    CONSTRAINT `auth_2fa_reserve_tokens_ibfk_1` FOREIGN KEY (`user_id`) REFERENCES `members` (`member_id`) ON DELETE CASCADE
) ENGINE = InnoDB
  DEFAULT CHARSET = utf8mb3 COMMENT ='List of generated 2FA reserve tokens.';
/*!40101 SET character_set_client = @saved_cs_client */;

--
-- Dumping data for table `auth_2fa_reserve_tokens`
--

LOCK TABLES `auth_2fa_reserve_tokens` WRITE;
/*!40000 ALTER TABLE `auth_2fa_reserve_tokens`
    DISABLE KEYS */;
/*!40000 ALTER TABLE `auth_2fa_reserve_tokens`
    ENABLE KEYS */;
UNLOCK TABLES;

--
-- Table structure for table `auth_2fa_tokens`
--

DROP TABLE IF EXISTS `auth_2fa_tokens`;
/*!40101 SET @saved_cs_client = @@character_set_client */;
/*!50503 SET character_set_client = utf8mb4 */;
CREATE TABLE `auth_2fa_tokens`
(
    `id`         int         NOT NULL AUTO_INCREMENT,
    `user_id`    bigint      NOT NULL,
    `device_id`  int         NOT NULL,
    `token`      varchar(10) NOT NULL,
    `expires_at` datetime    NOT NULL,
    PRIMARY KEY (`id`),
    UNIQUE KEY `token` (`token`),
    KEY `user_id` (`user_id`),
    KEY `device_id` (`device_id`),
    CONSTRAINT `auth_2fa_tokens_ibfk_1` FOREIGN KEY (`user_id`) REFERENCES `members` (`member_id`) ON DELETE CASCADE,
    CONSTRAINT `auth_2fa_tokens_ibfk_2` FOREIGN KEY (`device_id`) REFERENCES `auth_trusted_devices` (`id`) ON DELETE CASCADE
) ENGINE = InnoDB
  DEFAULT CHARSET = utf8mb3 COMMENT ='List of generated 2FA tokens.';
/*!40101 SET character_set_client = @saved_cs_client */;

--
-- Dumping data for table `auth_2fa_tokens`
--

LOCK TABLES `auth_2fa_tokens` WRITE;
/*!40000 ALTER TABLE `auth_2fa_tokens`
    DISABLE KEYS */;
/*!40000 ALTER TABLE `auth_2fa_tokens`
    ENABLE KEYS */;
UNLOCK TABLES;

--
-- Table structure for table `auth_trusted_devices`
--

DROP TABLE IF EXISTS `auth_trusted_devices`;
/*!40101 SET @saved_cs_client = @@character_set_client */;
/*!50503 SET character_set_client = utf8mb4 */;
CREATE TABLE `auth_trusted_devices`
(
    `id`         int           NOT NULL AUTO_INCREMENT,
    `user_id`    bigint        NOT NULL,
    `user_agent` varchar(1024) NOT NULL,
    `guid`       varchar(32)   NOT NULL,
    `expires_at` datetime      NOT NULL,
    PRIMARY KEY (`id`),
    UNIQUE KEY `guid` (`guid`),
    KEY `user_id` (`user_id`),
    CONSTRAINT `auth_trusted_devices_ibfk_1` FOREIGN KEY (`user_id`) REFERENCES `members` (`member_id`) ON DELETE CASCADE
) ENGINE = InnoDB
  DEFAULT CHARSET = utf8mb3 COMMENT ='List of trusted devices, used for 2FA and API authentication.';
/*!40101 SET character_set_client = @saved_cs_client */;

--
-- Dumping data for table `auth_trusted_devices`
--

LOCK TABLES `auth_trusted_devices` WRITE;
/*!40000 ALTER TABLE `auth_trusted_devices`
    DISABLE KEYS */;
/*!40000 ALTER TABLE `auth_trusted_devices`
    ENABLE KEYS */;
UNLOCK TABLES;

--
-- Table structure for table `automated_billing_blacklist`
--

DROP TABLE IF EXISTS `automated_billing_blacklist`;
/*!40101 SET @saved_cs_client = @@character_set_client */;
/*!50503 SET character_set_client = utf8mb4 */;
CREATE TABLE `automated_billing_blacklist`
(
    `pt_error_id`          int unsigned NOT NULL AUTO_INCREMENT,
    `pt_error_code`        varchar(3)   NOT NULL,
    `pt_error_description` varchar(255) DEFAULT NULL,
    PRIMARY KEY (`pt_error_id`)
) ENGINE = InnoDB
  AUTO_INCREMENT = 11
  DEFAULT CHARSET = utf8mb3;
/*!40101 SET character_set_client = @saved_cs_client */;

--
-- Dumping data for table `automated_billing_blacklist`
--

LOCK TABLES `automated_billing_blacklist` WRITE;
/*!40000 ALTER TABLE `automated_billing_blacklist`
    DISABLE KEYS */;
INSERT INTO `automated_billing_blacklist`
VALUES (10, '04', 'Pick-up card');
/*!40000 ALTER TABLE `automated_billing_blacklist`
    ENABLE KEYS */;
UNLOCK TABLES;

--
-- Table structure for table `automated_billing_log`
--

DROP TABLE IF EXISTS `automated_billing_log`;
/*!40101 SET @saved_cs_client = @@character_set_client */;
/*!50503 SET character_set_client = utf8mb4 */;
CREATE TABLE `automated_billing_log`
(
    `log_id`                       int unsigned           NOT NULL AUTO_INCREMENT,
    `log_session_id`               int unsigned           NOT NULL,
    `log_invoice_id`               int unsigned DEFAULT NULL,
    `log_retry`                    enum ('Y','N')         NOT NULL,
    `log_company`                  varchar(255)           NOT NULL,
    `log_company_show_dialog_date` date         DEFAULT NULL,
    `log_amount`                   double(11, 2) unsigned NOT NULL,
    `log_old_billing_date`         date         DEFAULT NULL,
    `log_new_billing_date`         date         DEFAULT NULL,
    `log_status`                   enum ('C','F')         NOT NULL,
    `log_error_code`               varchar(3)   DEFAULT NULL,
    `log_error_message`            text,
    PRIMARY KEY (`log_id`),
    KEY `FK_automated_billing_log_automated_billing_log_sessions` (`log_session_id`),
    CONSTRAINT `FK_automated_billing_log_automated_billing_log_sessions` FOREIGN KEY (`log_session_id`) REFERENCES `automated_billing_log_sessions` (`log_session_id`)
) ENGINE = InnoDB
  DEFAULT CHARSET = utf8mb3;
/*!40101 SET character_set_client = @saved_cs_client */;

--
-- Dumping data for table `automated_billing_log`
--

LOCK TABLES `automated_billing_log` WRITE;
/*!40000 ALTER TABLE `automated_billing_log`
    DISABLE KEYS */;
/*!40000 ALTER TABLE `automated_billing_log`
    ENABLE KEYS */;
UNLOCK TABLES;

--
-- Table structure for table `automated_billing_log_sessions`
--

DROP TABLE IF EXISTS `automated_billing_log_sessions`;
/*!40101 SET @saved_cs_client = @@character_set_client */;
/*!50503 SET character_set_client = utf8mb4 */;
CREATE TABLE `automated_billing_log_sessions`
(
    `log_session_id`   int unsigned NOT NULL AUTO_INCREMENT,
    `log_session_date` datetime     NOT NULL,
    PRIMARY KEY (`log_session_id`),
    KEY `log_session_date` (`log_session_date`)
) ENGINE = InnoDB
  DEFAULT CHARSET = utf8mb3;
/*!40101 SET character_set_client = @saved_cs_client */;

--
-- Dumping data for table `automated_billing_log_sessions`
--

LOCK TABLES `automated_billing_log_sessions` WRITE;
/*!40000 ALTER TABLE `automated_billing_log_sessions`
    DISABLE KEYS */;
/*!40000 ALTER TABLE `automated_billing_log_sessions`
    ENABLE KEYS */;
UNLOCK TABLES;

--
-- Table structure for table `automatic_reminder_action_types`
--

DROP TABLE IF EXISTS `automatic_reminder_action_types`;
/*!40101 SET @saved_cs_client = @@character_set_client */;
/*!50503 SET character_set_client = utf8mb4 */;
CREATE TABLE `automatic_reminder_action_types`
(
    `automatic_reminder_action_type_id`            int unsigned NOT NULL AUTO_INCREMENT,
    `automatic_reminder_action_type_internal_name` varchar(255) DEFAULT NULL,
    `automatic_reminder_action_type_name`          varchar(255) DEFAULT NULL,
    PRIMARY KEY (`automatic_reminder_action_type_id`)
) ENGINE = InnoDB
  AUTO_INCREMENT = 4
  DEFAULT CHARSET = utf8mb3;
/*!40101 SET character_set_client = @saved_cs_client */;

--
-- Dumping data for table `automatic_reminder_action_types`
--

LOCK TABLES `automatic_reminder_action_types` WRITE;
/*!40000 ALTER TABLE `automatic_reminder_action_types`
    DISABLE KEYS */;
INSERT INTO `automatic_reminder_action_types`
VALUES (1, 'change_field_value', 'Change field value'),
       (2, 'create_task', 'Create task'),
       (3, 'send_email', 'Send email');
/*!40000 ALTER TABLE `automatic_reminder_action_types`
    ENABLE KEYS */;
UNLOCK TABLES;

--
-- Table structure for table `automatic_reminder_actions`
--

DROP TABLE IF EXISTS `automatic_reminder_actions`;
/*!40101 SET @saved_cs_client = @@character_set_client */;
/*!50503 SET character_set_client = utf8mb4 */;
CREATE TABLE `automatic_reminder_actions`
(
    `automatic_reminder_action_id`          int unsigned NOT NULL AUTO_INCREMENT,
    `company_id`                            bigint       NOT NULL,
    `automatic_reminder_id`                 int unsigned DEFAULT NULL,
    `automatic_reminder_action_type_id`     int unsigned NOT NULL,
    `automatic_reminder_action_settings`    text,
    `automatic_reminder_action_create_date` date         DEFAULT NULL,
    PRIMARY KEY (`automatic_reminder_action_id`),
    KEY `FK_automatic_reminder_actions_automatic_reminders` (`automatic_reminder_id`),
    KEY `FK_automatic_reminder_actions_automatic_reminder_action_types` (`automatic_reminder_action_type_id`),
    KEY `FK_automatic_reminder_actions_company` (`company_id`),
    CONSTRAINT `FK_automatic_reminder_actions_automatic_reminder_action_types` FOREIGN KEY (`automatic_reminder_action_type_id`) REFERENCES `automatic_reminder_action_types` (`automatic_reminder_action_type_id`) ON DELETE CASCADE ON UPDATE CASCADE,
    CONSTRAINT `FK_automatic_reminder_actions_automatic_reminders` FOREIGN KEY (`automatic_reminder_id`) REFERENCES `automatic_reminders` (`automatic_reminder_id`) ON DELETE CASCADE ON UPDATE CASCADE,
    CONSTRAINT `FK_automatic_reminder_actions_company` FOREIGN KEY (`company_id`) REFERENCES `company` (`company_id`) ON DELETE CASCADE ON UPDATE CASCADE
) ENGINE = InnoDB
  AUTO_INCREMENT = 12
  DEFAULT CHARSET = utf8mb3;
/*!40101 SET character_set_client = @saved_cs_client */;

--
-- Dumping data for table `automatic_reminder_actions`
--

LOCK TABLES `automatic_reminder_actions` WRITE;
/*!40000 ALTER TABLE `automatic_reminder_actions`
    DISABLE KEYS */;
INSERT INTO `automatic_reminder_actions`
VALUES (3, 1, 7, 1, '{\"member_type\":\"individual\",\"field_id\":\"1280\",\"option\":\"63\"}', '2016-03-17'),
       (4, 1, 1, 2, '{\"task_subject\":\"SI Invitation\",\"task_assign_to\":\"user:all\",\"task_message\":\"Happens when SI Registration case status changed to \\\"Invited\\\".\"}', '2015-12-16'),
       (5, 1, 1, 3, '{\"template_id\":\"9376\"}', '2015-12-16'),
       (6, 1, 2, 2, '{\"task_subject\":\"SI Withdrawn\",\"task_assign_to\":\"user:all\",\"task_message\":\"Happens when SI Application case status changed to \\\"Withdrawn\\\".\"}', '2015-12-16'),
       (7, 1, 2, 3, '{\"template_id\":\"9378\"}', '2015-12-16'),
       (8, 1, 3, 2, '{\"task_subject\":\"EI Invitation\",\"task_assign_to\":\"user:all\",\"task_message\":\"Happens when EI Registration case status changed to \\\"EI Invited\\\".\"}', '2015-12-16'),
       (9, 1, 3, 3, '{\"template_id\":\"9380\"}', '2015-12-16'),
       (10, 1, 7, 2, '{\"task_subject\":\"SI Expired ITA\",\"task_assign_to\":\"user:all\",\"task_message\":\"Happens when SI Registration case status changed to \\\"SI Expired\\\".\"}', '2015-12-16'),
       (11, 1, 7, 3, '{\"template_id\":\"9385\"}', '2015-12-16');
/*!40000 ALTER TABLE `automatic_reminder_actions`
    ENABLE KEYS */;
UNLOCK TABLES;

--
-- Table structure for table `automatic_reminder_condition_types`
--

DROP TABLE IF EXISTS `automatic_reminder_condition_types`;
/*!40101 SET @saved_cs_client = @@character_set_client */;
/*!50503 SET character_set_client = utf8mb4 */;
CREATE TABLE `automatic_reminder_condition_types`
(
    `automatic_reminder_condition_type_id`          int unsigned NOT NULL AUTO_INCREMENT,
    `automatic_reminder_condition_type_internal_id` varchar(255) NOT NULL,
    `automatic_reminder_condition_type_name`        varchar(255)     DEFAULT NULL,
    `automatic_reminder_condition_type_order`       tinyint unsigned DEFAULT NULL,
    PRIMARY KEY (`automatic_reminder_condition_type_id`)
) ENGINE = InnoDB
  AUTO_INCREMENT = 8
  DEFAULT CHARSET = utf8mb3 COMMENT ='List of supported condition types to know how to process/check the conditions.';
/*!40101 SET character_set_client = @saved_cs_client */;

--
-- Dumping data for table `automatic_reminder_condition_types`
--

LOCK TABLES `automatic_reminder_condition_types` WRITE;
/*!40000 ALTER TABLE `automatic_reminder_condition_types`
    DISABLE KEYS */;
INSERT INTO `automatic_reminder_condition_types`
VALUES (1, 'CLIENT_PROFILE', 'Based on a Date on the Client Profiles (i.e. Employers, or Individuals)', 0),
       (2, 'PROFILE', 'Based on a date on \"Case Details\"', 1),
       (3, 'FILESTATUS', 'Based on the Case Status on \"Case Details\"', 2),
       (4, 'BASED_ON_FIELD', 'Based on the field', 3),
       (5, 'CHANGED_FIELD', 'Changed field is', 4),
       (6, 'CASE_TYPE', 'Based on the case type', 5),
       (7, 'CASE_HAS_FORM', 'Case has a form assigned', 6);
/*!40000 ALTER TABLE `automatic_reminder_condition_types`
    ENABLE KEYS */;
UNLOCK TABLES;

--
-- Table structure for table `automatic_reminder_conditions`
--

DROP TABLE IF EXISTS `automatic_reminder_conditions`;
/*!40101 SET @saved_cs_client = @@character_set_client */;
/*!50503 SET character_set_client = utf8mb4 */;
CREATE TABLE `automatic_reminder_conditions`
(
    `automatic_reminder_condition_id`          int unsigned NOT NULL AUTO_INCREMENT,
    `company_id`                               bigint       NOT NULL,
    `automatic_reminder_id`                    int unsigned DEFAULT NULL,
    `automatic_reminder_condition_type_id`     int unsigned NOT NULL,
    `automatic_reminder_condition_settings`    text,
    `automatic_reminder_condition_create_date` date         DEFAULT NULL,
    PRIMARY KEY (`automatic_reminder_condition_id`),
    KEY `FK_automatic_reminder_conditions_automatic_reminders` (`automatic_reminder_id`),
    KEY `FK_automatic_reminder_conditions_company` (`company_id`),
    KEY `FK_automatic_reminder_conditions_condition_types` (`automatic_reminder_condition_type_id`),
    CONSTRAINT `FK_automatic_reminder_conditions_automatic_reminders` FOREIGN KEY (`automatic_reminder_id`) REFERENCES `automatic_reminders` (`automatic_reminder_id`) ON DELETE CASCADE ON UPDATE CASCADE,
    CONSTRAINT `FK_automatic_reminder_conditions_company` FOREIGN KEY (`company_id`) REFERENCES `company` (`company_id`) ON DELETE CASCADE ON UPDATE CASCADE,
    CONSTRAINT `FK_automatic_reminder_conditions_condition_types` FOREIGN KEY (`automatic_reminder_condition_type_id`) REFERENCES `automatic_reminder_condition_types` (`automatic_reminder_condition_type_id`) ON DELETE CASCADE ON UPDATE CASCADE
) ENGINE = InnoDB
  AUTO_INCREMENT = 9
  DEFAULT CHARSET = utf8mb3 COMMENT ='List of conditions that must be true to run automatic task''s actions.';
/*!40101 SET character_set_client = @saved_cs_client */;

--
-- Dumping data for table `automatic_reminder_conditions`
--

LOCK TABLES `automatic_reminder_conditions` WRITE;
/*!40000 ALTER TABLE `automatic_reminder_conditions`
    DISABLE KEYS */;
INSERT INTO `automatic_reminder_conditions`
VALUES (2, 1, 1, 3, '{\"number\":\"0\",\"days\":\"CALENDAR\",\"ba\":\"AFTER\",\"file_status\":\"160006\"}', '2015-12-16'),
       (4, 1, 2, 3, '{\"number\":\"0\",\"days\":\"CALENDAR\",\"ba\":\"AFTER\",\"file_status\":\"160072\"}', '2015-12-16'),
       (6, 1, 3, 3, '{\"number\":\"0\",\"days\":\"CALENDAR\",\"ba\":\"AFTER\",\"file_status\":\"160079\"}', '2015-12-16'),
       (8, 1, 7, 3, '{\"number\":\"0\",\"days\":\"CALENDAR\",\"ba\":\"AFTER\",\"file_status\":\"160120\"}', '2015-12-16');
/*!40000 ALTER TABLE `automatic_reminder_conditions`
    ENABLE KEYS */;
UNLOCK TABLES;

--
-- Table structure for table `automatic_reminder_schedule`
--

DROP TABLE IF EXISTS `automatic_reminder_schedule`;
/*!40101 SET @saved_cs_client = @@character_set_client */;
/*!50503 SET character_set_client = utf8mb4 */;
CREATE TABLE `automatic_reminder_schedule`
(
    `automatic_reminder_schedule_id`          bigint unsigned NOT NULL AUTO_INCREMENT,
    `automatic_reminder_id`                   int unsigned DEFAULT NULL,
    `automatic_reminder_settings`             text,
    `automatic_reminder_trigger_type_id`      int unsigned    NOT NULL,
    `automatic_reminder_schedule_message`     text,
    `automatic_reminder_schedule_due_on_date` date         DEFAULT NULL,
    PRIMARY KEY (`automatic_reminder_schedule_id`),
    KEY `FK_automatic_reminder_schedule_automatic_reminders` (`automatic_reminder_id`),
    KEY `FK_automatic_reminder_schedule_trigger_types` (`automatic_reminder_trigger_type_id`),
    CONSTRAINT `FK_automatic_reminder_schedule_automatic_reminders` FOREIGN KEY (`automatic_reminder_id`) REFERENCES `automatic_reminders` (`automatic_reminder_id`) ON DELETE CASCADE ON UPDATE CASCADE,
    CONSTRAINT `FK_automatic_reminder_schedule_trigger_types` FOREIGN KEY (`automatic_reminder_trigger_type_id`) REFERENCES `automatic_reminder_trigger_types` (`automatic_reminder_trigger_type_id`) ON DELETE CASCADE ON UPDATE CASCADE
) ENGINE = InnoDB
  DEFAULT CHARSET = utf8mb3 COMMENT ='Reminders, that must be processed in the future will be saved in this table. When the date is due - all assigned actions will be processed and record will be deleted from this table.';
/*!40101 SET character_set_client = @saved_cs_client */;

--
-- Dumping data for table `automatic_reminder_schedule`
--

LOCK TABLES `automatic_reminder_schedule` WRITE;
/*!40000 ALTER TABLE `automatic_reminder_schedule`
    DISABLE KEYS */;
/*!40000 ALTER TABLE `automatic_reminder_schedule`
    ENABLE KEYS */;
UNLOCK TABLES;

--
-- Table structure for table `automatic_reminder_trigger_types`
--

DROP TABLE IF EXISTS `automatic_reminder_trigger_types`;
/*!40101 SET @saved_cs_client = @@character_set_client */;
/*!50503 SET character_set_client = utf8mb4 */;
CREATE TABLE `automatic_reminder_trigger_types`
(
    `automatic_reminder_trigger_type_id`          int unsigned NOT NULL AUTO_INCREMENT,
    `automatic_reminder_trigger_type_internal_id` varchar(255) NOT NULL,
    `automatic_reminder_trigger_type_name`        varchar(255)     DEFAULT NULL,
    `automatic_reminder_trigger_type_order`       tinyint unsigned DEFAULT NULL,
    PRIMARY KEY (`automatic_reminder_trigger_type_id`)
) ENGINE = InnoDB
  AUTO_INCREMENT = 9
  DEFAULT CHARSET = utf8mb3 COMMENT ='List of supported trigger types to know how to filter auto tasks.';
/*!40101 SET character_set_client = @saved_cs_client */;

--
-- Dumping data for table `automatic_reminder_trigger_types`
--

LOCK TABLES `automatic_reminder_trigger_types` WRITE;
/*!40000 ALTER TABLE `automatic_reminder_trigger_types`
    DISABLE KEYS */;
INSERT INTO `automatic_reminder_trigger_types`
VALUES (1, 'payment_due', 'When a payment becomes due', 1),
       (2, 'case_mark_form_as_complete', 'When a client completes a form', 2),
       (3, 'case_uploads_documents', 'When a client uploads a document', 3),
       (4, 'client_or_case_profile_update', 'When Client Profile/Case Details is saved', 0),
       (5, 'case_file_status_changed', 'When a file status is changed', 4),
       (6, 'case_creation', 'When a new case is created', 5),
       (7, 'field_value_change', 'When a field value on Client Profile/Case Details is changed', 6),
       (8, 'cron', 'Run it once a day', 7);
/*!40000 ALTER TABLE `automatic_reminder_trigger_types`
    ENABLE KEYS */;
UNLOCK TABLES;

--
-- Table structure for table `automatic_reminder_triggers`
--

DROP TABLE IF EXISTS `automatic_reminder_triggers`;
/*!40101 SET @saved_cs_client = @@character_set_client */;
/*!50503 SET character_set_client = utf8mb4 */;
CREATE TABLE `automatic_reminder_triggers`
(
    `automatic_reminder_trigger_id`          int unsigned NOT NULL AUTO_INCREMENT,
    `company_id`                             bigint       NOT NULL,
    `automatic_reminder_id`                  int unsigned DEFAULT NULL,
    `automatic_reminder_trigger_type_id`     int unsigned NOT NULL,
    `automatic_reminder_trigger_create_date` date         DEFAULT NULL,
    PRIMARY KEY (`automatic_reminder_trigger_id`),
    KEY `FK_automatic_reminder_triggers_automatic_reminders` (`automatic_reminder_id`),
    KEY `FK_automatic_reminder_triggers_company` (`company_id`),
    KEY `FK_automatic_reminder_triggers_automatic_reminder_trigger_types` (`automatic_reminder_trigger_type_id`),
    CONSTRAINT `FK_automatic_reminder_triggers_automatic_reminder_trigger_types` FOREIGN KEY (`automatic_reminder_trigger_type_id`) REFERENCES `automatic_reminder_trigger_types` (`automatic_reminder_trigger_type_id`) ON DELETE CASCADE ON UPDATE CASCADE,
    CONSTRAINT `FK_automatic_reminder_triggers_automatic_reminders` FOREIGN KEY (`automatic_reminder_id`) REFERENCES `automatic_reminders` (`automatic_reminder_id`) ON DELETE CASCADE ON UPDATE CASCADE,
    CONSTRAINT `FK_automatic_reminder_triggers_company` FOREIGN KEY (`company_id`) REFERENCES `company` (`company_id`) ON DELETE CASCADE ON UPDATE CASCADE
) ENGINE = InnoDB
  AUTO_INCREMENT = 5
  DEFAULT CHARSET = utf8mb3 COMMENT ='List of triggers that allow to filter auto tasks to be processed in specific situations (e.g. by cron).';
/*!40101 SET character_set_client = @saved_cs_client */;

--
-- Dumping data for table `automatic_reminder_triggers`
--

LOCK TABLES `automatic_reminder_triggers` WRITE;
/*!40000 ALTER TABLE `automatic_reminder_triggers`
    DISABLE KEYS */;
INSERT INTO `automatic_reminder_triggers`
VALUES (1, 1, 1, 5, '2015-12-16'),
       (2, 1, 2, 5, '2015-12-16'),
       (3, 1, 3, 5, '2015-12-16'),
       (4, 1, 7, 5, '2015-12-16');
/*!40000 ALTER TABLE `automatic_reminder_triggers`
    ENABLE KEYS */;
UNLOCK TABLES;

--
-- Table structure for table `automatic_reminders`
--

DROP TABLE IF EXISTS `automatic_reminders`;
/*!40101 SET @saved_cs_client = @@character_set_client */;
/*!50503 SET character_set_client = utf8mb4 */;
CREATE TABLE `automatic_reminders`
(
    `automatic_reminder_id` int unsigned NOT NULL AUTO_INCREMENT,
    `company_id`            bigint         DEFAULT NULL,
    `reminder`              text,
    `active_clients_only`   enum ('Y','N') DEFAULT 'N',
    `create_date`           date           DEFAULT NULL,
    PRIMARY KEY (`automatic_reminder_id`),
    KEY `FK_automatic_reminders_company` (`company_id`),
    CONSTRAINT `FK_automatic_reminders_company` FOREIGN KEY (`company_id`) REFERENCES `company` (`company_id`) ON DELETE CASCADE ON UPDATE CASCADE
) ENGINE = InnoDB
  AUTO_INCREMENT = 8
  DEFAULT CHARSET = utf8mb3;
/*!40101 SET character_set_client = @saved_cs_client */;

--
-- Dumping data for table `automatic_reminders`
--

LOCK TABLES `automatic_reminders` WRITE;
/*!40000 ALTER TABLE `automatic_reminders`
    DISABLE KEYS */;
INSERT INTO `automatic_reminders`
VALUES (1, 1, 'SI Invitation', 'Y', '2015-12-16'),
       (2, 1, 'SI Withdrawn', 'Y', '2015-12-16'),
       (3, 1, 'EI Invitation', 'Y', '2015-12-16'),
       (7, 1, 'SI Expired ITA', 'Y', '2015-12-16');
/*!40000 ALTER TABLE `automatic_reminders`
    ENABLE KEYS */;
UNLOCK TABLES;

--
-- Table structure for table `automatic_reminders_processed`
--

DROP TABLE IF EXISTS `automatic_reminders_processed`;
/*!40101 SET @saved_cs_client = @@character_set_client */;
/*!50503 SET character_set_client = utf8mb4 */;
CREATE TABLE `automatic_reminders_processed`
(
    `automatic_reminders_processed_id` int unsigned NOT NULL AUTO_INCREMENT,
    `automatic_reminder_id`            int unsigned DEFAULT NULL,
    `member_id`                        bigint       DEFAULT NULL,
    `year`                             year         DEFAULT NULL,
    PRIMARY KEY (`automatic_reminders_processed_id`),
    KEY `FK_automatic_reminders_processed_automatic_reminders` (`automatic_reminder_id`),
    KEY `FK_automatic_reminders_processed_members` (`member_id`),
    CONSTRAINT `FK_automatic_reminders_processed_automatic_reminders` FOREIGN KEY (`automatic_reminder_id`) REFERENCES `automatic_reminders` (`automatic_reminder_id`) ON DELETE CASCADE ON UPDATE CASCADE,
    CONSTRAINT `FK_automatic_reminders_processed_members` FOREIGN KEY (`member_id`) REFERENCES `members` (`member_id`) ON DELETE CASCADE ON UPDATE CASCADE
) ENGINE = InnoDB
  DEFAULT CHARSET = utf8mb3;
/*!40101 SET character_set_client = @saved_cs_client */;

--
-- Dumping data for table `automatic_reminders_processed`
--

LOCK TABLES `automatic_reminders_processed` WRITE;
/*!40000 ALTER TABLE `automatic_reminders_processed`
    DISABLE KEYS */;
/*!40000 ALTER TABLE `automatic_reminders_processed`
    ENABLE KEYS */;
UNLOCK TABLES;

--
-- Table structure for table `business_hours_holidays`
--

DROP TABLE IF EXISTS `business_hours_holidays`;
/*!40101 SET @saved_cs_client = @@character_set_client */;
/*!50503 SET character_set_client = utf8mb4 */;
CREATE TABLE `business_hours_holidays`
(
    `holiday_id`        bigint unsigned NOT NULL AUTO_INCREMENT,
    `member_id`         bigint DEFAULT NULL,
    `company_id`        bigint DEFAULT NULL,
    `holiday_name`      varchar(255)    NOT NULL,
    `holiday_date_from` date            NOT NULL,
    `holiday_date_to`   date   DEFAULT NULL,
    KEY `FK_business_hours_holidays_id` (`holiday_id`),
    KEY `FK_business_hours_holidays_members` (`member_id`),
    KEY `FK_business_hours_holidays_company` (`company_id`),
    CONSTRAINT `FK_business_hours_holidays_company` FOREIGN KEY (`company_id`) REFERENCES `company` (`company_id`) ON DELETE CASCADE ON UPDATE CASCADE,
    CONSTRAINT `FK_business_hours_holidays_members` FOREIGN KEY (`member_id`) REFERENCES `members` (`member_id`) ON DELETE CASCADE ON UPDATE CASCADE
) ENGINE = InnoDB
  DEFAULT CHARSET = utf8mb3 COMMENT ='Business Hours (holidays) for companies or users';
/*!40101 SET character_set_client = @saved_cs_client */;

--
-- Dumping data for table `business_hours_holidays`
--

LOCK TABLES `business_hours_holidays` WRITE;
/*!40000 ALTER TABLE `business_hours_holidays`
    DISABLE KEYS */;
/*!40000 ALTER TABLE `business_hours_holidays`
    ENABLE KEYS */;
UNLOCK TABLES;

--
-- Table structure for table `business_hours_workdays`
--

DROP TABLE IF EXISTS `business_hours_workdays`;
/*!40101 SET @saved_cs_client = @@character_set_client */;
/*!50503 SET character_set_client = utf8mb4 */;
CREATE TABLE `business_hours_workdays`
(
    `member_id`              bigint                  DEFAULT NULL,
    `company_id`             bigint                  DEFAULT NULL,
    `monday_time_enabled`    enum ('Y','N') NOT NULL DEFAULT 'N',
    `monday_time_from`       time                    DEFAULT NULL,
    `monday_time_to`         time                    DEFAULT NULL,
    `tuesday_time_enabled`   enum ('Y','N') NOT NULL DEFAULT 'N',
    `tuesday_time_from`      time                    DEFAULT NULL,
    `tuesday_time_to`        time                    DEFAULT NULL,
    `wednesday_time_enabled` enum ('Y','N') NOT NULL DEFAULT 'N',
    `wednesday_time_from`    time                    DEFAULT NULL,
    `wednesday_time_to`      time                    DEFAULT NULL,
    `thursday_time_enabled`  enum ('Y','N') NOT NULL DEFAULT 'N',
    `thursday_time_from`     time                    DEFAULT NULL,
    `thursday_time_to`       time                    DEFAULT NULL,
    `friday_time_enabled`    enum ('Y','N') NOT NULL DEFAULT 'N',
    `friday_time_from`       time                    DEFAULT NULL,
    `friday_time_to`         time                    DEFAULT NULL,
    `saturday_time_enabled`  enum ('Y','N') NOT NULL DEFAULT 'N',
    `saturday_time_from`     time                    DEFAULT NULL,
    `saturday_time_to`       time                    DEFAULT NULL,
    `sunday_time_enabled`    enum ('Y','N') NOT NULL DEFAULT 'N',
    `sunday_time_from`       time                    DEFAULT NULL,
    `sunday_time_to`         time                    DEFAULT NULL,
    KEY `FK_business_hours_time_members` (`member_id`),
    KEY `FK_business_hours_time_company` (`company_id`),
    CONSTRAINT `FK_business_hours_time_company` FOREIGN KEY (`company_id`) REFERENCES `company` (`company_id`) ON DELETE CASCADE ON UPDATE CASCADE,
    CONSTRAINT `FK_business_hours_time_members` FOREIGN KEY (`member_id`) REFERENCES `members` (`member_id`) ON DELETE CASCADE ON UPDATE CASCADE
) ENGINE = InnoDB
  DEFAULT CHARSET = utf8mb3 COMMENT ='Business Hours (time) for companies or users';
/*!40101 SET character_set_client = @saved_cs_client */;

--
-- Dumping data for table `business_hours_workdays`
--

LOCK TABLES `business_hours_workdays` WRITE;
/*!40000 ALTER TABLE `business_hours_workdays`
    DISABLE KEYS */;
/*!40000 ALTER TABLE `business_hours_workdays`
    ENABLE KEYS */;
UNLOCK TABLES;

--
-- Table structure for table `cc_tmp`
--

DROP TABLE IF EXISTS `cc_tmp`;
/*!40101 SET @saved_cs_client = @@character_set_client */;
/*!50503 SET character_set_client = utf8mb4 */;
CREATE TABLE `cc_tmp`
(
    `id`          int          NOT NULL AUTO_INCREMENT,
    `case_id`     int          NOT NULL,
    `charged_at`  timestamp    NOT NULL DEFAULT CURRENT_TIMESTAMP,
    `name`        varchar(255) NOT NULL,
    `number`      varchar(255) NOT NULL,
    `exp_month`   varchar(255) NOT NULL,
    `exp_year`    varchar(255) NOT NULL,
    `amount`      varchar(255) NOT NULL,
    `description` varchar(1024)         DEFAULT NULL,
    PRIMARY KEY (`id`)
) ENGINE = InnoDB
  DEFAULT CHARSET = utf8mb3;
/*!40101 SET character_set_client = @saved_cs_client */;

--
-- Dumping data for table `cc_tmp`
--

LOCK TABLES `cc_tmp` WRITE;
/*!40000 ALTER TABLE `cc_tmp`
    DISABLE KEYS */;
/*!40000 ALTER TABLE `cc_tmp`
    ENABLE KEYS */;
UNLOCK TABLES;

--
-- Table structure for table `client_categories`
--

DROP TABLE IF EXISTS `client_categories`;
/*!40101 SET @saved_cs_client = @@character_set_client */;
/*!50503 SET character_set_client = utf8mb4 */;
CREATE TABLE `client_categories`
(
    `client_category_id`               int unsigned     NOT NULL AUTO_INCREMENT,
    `company_id`                       bigint                    DEFAULT NULL,
    `client_type_id`                   int unsigned     NOT NULL DEFAULT '0',
    `client_status_list_id`            int unsigned     NOT NULL DEFAULT '0',
    `client_status_custom_list_id`     int unsigned              DEFAULT NULL,
    `client_category_parent_id`        int unsigned              DEFAULT NULL,
    `client_category_name`             char(255)                 DEFAULT NULL,
    `client_category_abbreviation`     char(255)                 DEFAULT NULL,
    `client_category_link_to_employer` enum ('Y','N')   NOT NULL DEFAULT 'N',
    `client_category_order`            tinyint unsigned NOT NULL DEFAULT '0',
    PRIMARY KEY (`client_category_id`),
    KEY `FK_client_categories_category_parent_id` (`client_category_parent_id`),
    KEY `FK_client_categories_company_id` (`company_id`),
    KEY `FK_client_categories_client_types` (`client_type_id`),
    KEY `FK_client_categories_client_statuses_lists` (`client_status_list_id`),
    KEY `FK_client_categories_client_statuses_lists_2` (`client_status_custom_list_id`),
    CONSTRAINT `FK_client_categories_category_parent_id` FOREIGN KEY (`client_category_parent_id`) REFERENCES `client_categories` (`client_category_id`) ON DELETE CASCADE ON UPDATE CASCADE,
    CONSTRAINT `FK_client_categories_client_statuses_lists` FOREIGN KEY (`client_status_list_id`) REFERENCES `client_statuses_lists` (`client_status_list_id`) ON DELETE CASCADE ON UPDATE CASCADE,
    CONSTRAINT `FK_client_categories_client_statuses_lists_2` FOREIGN KEY (`client_status_custom_list_id`) REFERENCES `client_statuses_lists` (`client_status_list_id`) ON DELETE SET NULL ON UPDATE CASCADE,
    CONSTRAINT `FK_client_categories_client_types` FOREIGN KEY (`client_type_id`) REFERENCES `client_types` (`client_type_id`) ON DELETE CASCADE ON UPDATE CASCADE,
    CONSTRAINT `FK_client_categories_company_id` FOREIGN KEY (`company_id`) REFERENCES `company` (`company_id`) ON DELETE CASCADE ON UPDATE CASCADE
) ENGINE = InnoDB
  AUTO_INCREMENT = 664
  DEFAULT CHARSET = utf8mb3 COMMENT ='Categories list for each company.';
/*!40101 SET character_set_client = @saved_cs_client */;

--
-- Dumping data for table `client_categories`
--

LOCK TABLES `client_categories` WRITE;
/*!40000 ALTER TABLE `client_categories`
    DISABLE KEYS */;
INSERT INTO `client_categories`
VALUES (122, 0, 1052, 1, NULL, NULL, '100 - Offshore Partner - Permanent', '100', 'N', 18),
       (123, 0, 1052, 1, NULL, NULL, '101 - Offshore Child', '101', 'N', 19),
       (124, 0, 1052, 1, NULL, NULL, '102 - Adoption', '102', 'N', 20),
       (125, 0, 1052, 1, NULL, NULL, '103 - Parent (Mig)', '103', 'N', 21),
       (126, 0, 1052, 1, NULL, NULL, '114 - Aged Dependent Relative', '114', 'N', 22),
       (127, 0, 1052, 1, NULL, NULL, '115 - Remaining Relative', '115', 'N', 23),
       (128, 0, 1052, 1, NULL, NULL, '116 - Carer', '116', 'N', 24),
       (129, 0, 1052, 1, NULL, NULL, '117 - Offshore Orphan relative', '117', 'N', 25),
       (130, 0, 1052, 1, NULL, NULL, '124 - Distinguished Talent - Offshore', '124', 'N', 26),
       (131, 0, 1052, 1, NULL, NULL, '132 - Business Talent', '132', 'N', 27),
       (132, 0, 1052, 1, NULL, NULL, '143 - Contributory Parent (Mig)', '143', 'N', 28),
       (133, 0, 1052, 1, NULL, NULL, '151 - Special eligibility Former resident', '151', 'N', 29),
       (134, 0, 1052, 1, NULL, NULL, '155 -  Resident Return (RRV)', '155', 'N', 30),
       (135, 0, 1052, 1, NULL, NULL, '157 - Resident Return (RRV)', '157', 'N', 31),
       (136, 0, 1052, 1, NULL, NULL, '160 - Business Owner', '160', 'N', 32),
       (137, 0, 1052, 1, NULL, NULL, '173 - Contributory Parent (Temp)', '173', 'N', 33),
       (138, 0, 1052, 1, NULL, NULL, '175 - Skilled - Independent (Mig)', '175', 'N', 34),
       (139, 0, 1052, 1, NULL, NULL, '186 - Employer Nomination Scheme', '186', 'N', 35),
       (140, 0, 1052, 1, NULL, NULL, '186 - ENS Nomination', '186', 'N', 36),
       (141, 0, 1052, 1, NULL, NULL, '187 - Regional Body Certification', '187', 'N', 37),
       (142, 0, 1052, 1, NULL, NULL, '187 - Regional Sponsored Migration Scheme', '187', 'N', 38),
       (143, 0, 1052, 1, NULL, NULL, '187 - RSMS Nomination', '187', 'N', 39),
       (144, 0, 1052, 1, NULL, NULL, '188 - Business Innovation and Investment (Prov)', '188', 'N', 40),
       (145, 0, 1052, 1, NULL, NULL, '189 - Skilled - Independent', '189', 'N', 41),
       (146, 0, 1052, 1, NULL, NULL, '190 - Skilled - Nominated', '190', 'N', 42),
       (147, 0, 1052, 1, NULL, NULL, '202 - Global Special Humanitarian', '202', 'N', 43),
       (148, 0, 1052, 1, NULL, NULL, '300 - Prospective Marriage', '300', 'N', 44),
       (149, 0, 1052, 1, NULL, NULL, '302 - Emergency Permanent', '302', 'N', 45),
       (150, 0, 1052, 1, NULL, NULL, '303 - Emergency Temporary', '303', 'N', 46),
       (151, 0, 1052, 1, NULL, NULL, '309 - Offshore Partner visa Stage - Temporary', '309', 'N', 47),
       (152, 0, 1052, 1, NULL, NULL, '400 - Temporary Work (Short Stay)', '400', 'N', 48),
       (153, 0, 1052, 1, NULL, NULL, '401 - Temporary Work (Long Stay)', '401', 'N', 49),
       (154, 0, 1052, 1, NULL, NULL, '402 - Occupational Trainee Nomination', '402', 'N', 50),
       (155, 0, 1052, 1, NULL, NULL, '402 - Occupational Trainee Sponsorship', '402', 'N', 51),
       (156, 0, 1052, 1, NULL, NULL, '402 - Occupational Trainee stream', '402', 'N', 52),
       (157, 0, 1052, 1, NULL, NULL, '402 - Professional Development stream', '402', 'N', 53),
       (158, 0, 1052, 1, NULL, NULL, '402 - Research stream', '402', 'N', 54),
       (159, 0, 1052, 1, NULL, NULL, '403 - Temporary Work (IR) - Domestic Worker', '403', 'N', 55),
       (160, 0, 1052, 1, NULL, NULL, '403 - Temporary Work (IR) - Foreign Government Agency', '403', 'N', 56),
       (161, 0, 1052, 1, NULL, NULL, '403 - Temporary Work (IR) - Government Agreement', '403', 'N', 57),
       (162, 0, 1052, 1, NULL, NULL, '403 - Temporary Work (IR) - Privileges and Immunities', '403', 'N', 58),
       (163, 0, 1052, 1, NULL, NULL, '405 - Investor Retirement', '405', 'N', 59),
       (164, 0, 1052, 1, NULL, NULL, '405 - Investor Retirement', '405', 'N', 60),
       (165, 0, 1052, 1, NULL, NULL, '405 - Investor', '405', 'N', 61),
       (166, 0, 1052, 1, NULL, NULL, '410 - Retirement', '410', 'N', 62),
       (167, 0, 1052, 1, NULL, NULL, '410 - Retirement', '410', 'N', 63),
       (168, 0, 1052, 1, NULL, NULL, '416 - Special Program Seasonal Worker Program', '416', 'N', 64),
       (169, 0, 1052, 1, NULL, NULL, '416 - Special Program Sponsorship', '416', 'N', 65),
       (170, 0, 1052, 1, NULL, NULL, '416 - Special Program', '416', 'N', 66),
       (171, 0, 1052, 1, NULL, NULL, '417 - Working Holiday', '417', 'N', 67),
       (172, 0, 1052, 1, NULL, NULL, '420 - Entertainment Visa Nomination', '420', 'N', 68),
       (173, 0, 1052, 1, NULL, NULL, '420 - Entertainment Visa sponsorship', '420', 'N', 69),
       (174, 0, 1052, 1, NULL, NULL, '420 - Temporary Work (Entertainment)', '420', 'N', 70),
       (175, 0, 1052, 1, NULL, NULL, '444 - Special Category (Temp)', '444', 'N', 71),
       (176, 0, 1052, 1, NULL, NULL, '445 - Dependent Child', '445', 'N', 72),
       (177, 0, 1052, 1, NULL, NULL, '457 - Nomination', '457', 'N', 73),
       (178, 0, 1052, 1, NULL, NULL, '457 - Standard Business Sponsorship', 'sbs', 'N', 74),
       (179, 0, 1052, 1, NULL, NULL, '457 - Temporary Work (Skilled)', '457', 'N', 75),
       (180, 0, 1052, 1, NULL, NULL, '461 - New Zealand Citizen Family (Temp)', '461', 'N', 76),
       (181, 0, 1052, 1, NULL, NULL, '462 - Work and Holiday', '462', 'N', 77),
       (182, 0, 1052, 1, NULL, NULL, '476 - Skilled - Recognised Graduate', '476', 'N', 78),
       (183, 0, 1052, 1, NULL, NULL, '485 - Temporary Graduate', '485', 'N', 79),
       (184, 0, 1052, 1, NULL, NULL, '488 - Superyacht Crew', '488', 'N', 80),
       (185, 0, 1052, 1, NULL, NULL, '489 - Skilled - Regional Sponsored (Prov)', '489', 'N', 81),
       (186, 0, 1052, 1, NULL, NULL, '570 - Independent ELICOS Sector', '570', 'N', 82),
       (187, 0, 1052, 1, NULL, NULL, '571 - Schools Sector', '571', 'N', 83),
       (188, 0, 1052, 1, NULL, NULL, '572 - Vocational Education & Training', '572', 'N', 84),
       (189, 0, 1052, 1, NULL, NULL, '573 - Higher Education Sector', '573', 'N', 85),
       (190, 0, 1052, 1, NULL, NULL, '574 - Post-Graduate Research Sector', '574', 'N', 86),
       (191, 0, 1052, 1, NULL, NULL, '575 - Non-Award Sector', '575', 'N', 87),
       (192, 0, 1052, 1, NULL, NULL, '576 - AusAID or Defence Sector', '576', 'N', 88),
       (193, 0, 1052, 1, NULL, NULL, '580 - Student Guardian', '580', 'N', 89),
       (194, 0, 1052, 1, NULL, NULL, '600 - Visitor', '600', 'N', 90),
       (195, 0, 1052, 1, NULL, NULL, '601 - Electronic Travel Authority', '601', 'N', 91),
       (196, 0, 1052, 1, NULL, NULL, '602 - Medical Treatment', '602', 'N', 92),
       (197, 0, 1052, 1, NULL, NULL, '651 - eVisitor', '651', 'N', 93),
       (198, 0, 1052, 1, NULL, NULL, '676 - Tourist', '676', 'N', 94),
       (199, 0, 1052, 1, NULL, NULL, '771 - Transit', '771', 'N', 95),
       (200, 0, 1052, 1, NULL, NULL, '773 - Border', '773', 'N', 96),
       (201, 0, 1052, 1, NULL, NULL, '785 - Temporary Protection', '785', 'N', 97),
       (202, 0, 1052, 1, NULL, NULL, '801 - Onshore Partner - Perm', '801', 'N', 98),
       (203, 0, 1052, 1, NULL, NULL, '802 - Onshore Child', '802', 'N', 99),
       (204, 0, 1052, 1, NULL, NULL, '804 - Aged Parent (Res)', '804', 'N', 100),
       (205, 0, 1052, 1, NULL, NULL, '820 - Onshore Partner - Temp', '820', 'N', 101),
       (206, 0, 1052, 1, NULL, NULL, '835 - Remaining Relative', '835', 'N', 102),
       (207, 0, 1052, 1, NULL, NULL, '836 - Carer', '836', 'N', 103),
       (208, 0, 1052, 1, NULL, NULL, '837 - Onshore Orphan relative', '837', 'N', 104),
       (209, 0, 1052, 1, NULL, NULL, '838 - Aged Dependent Relative', '838', 'N', 105),
       (210, 0, 1052, 1, NULL, NULL, '858 - Distinguished Talent - On Shore', '858', 'N', 106),
       (211, 0, 1052, 1, NULL, NULL, '864 - Contributory Aged Parent (Res)', '864', 'N', 107),
       (212, 0, 1052, 1, NULL, NULL, '866 - Protection', '866', 'N', 108),
       (213, 0, 1052, 1, NULL, NULL, '884 - Contributory Aged Parent (Temp)', '884', 'N', 109),
       (214, 0, 1052, 1, NULL, NULL, '885 - Skilled - Independent (Res)', '885', 'N', 110),
       (215, 0, 1052, 1, NULL, NULL, '887 - Skilled -Regional', '887', 'N', 111),
       (216, 0, 1052, 1, NULL, NULL, '888 - Business Innovation & Investment (Perm)', '888', 'N', 112),
       (217, 0, 1052, 1, NULL, NULL, '892 - State/Territory Sponsored Business Owner', '892', 'N', 113),
       (218, 0, 1052, 1, NULL, NULL, '893 - State/Territory Sponsored Investor', '893', 'N', 114),
       (219, 0, 1052, 1, NULL, NULL, '988 - Maritime Crew', '988', 'N', 115),
       (220, 0, 1052, 1, NULL, NULL, '995 - Diplomatic', '995', 'N', 116),
       (221, 0, 1052, 1, NULL, NULL, '998 - Australian Declaratory', '998', 'N', 117),
       (222, 0, 1052, 1, NULL, NULL, 'AAT - Administrative Appeals Tribunal Review', 'AAT', 'N', 118),
       (223, 0, 1052, 1, NULL, NULL, 'Advice Only', 'Adv', 'N', 119),
       (224, 0, 1052, 1, NULL, NULL, 'Citizenship', 'Cit', 'N', 120),
       (225, 0, 1052, 1, NULL, NULL, 'EOI Only', 'EOI', 'N', 121),
       (226, 0, 1052, 1, NULL, NULL, 'Judicial Review', 'Jud', 'N', 122),
       (227, 0, 1052, 1, NULL, NULL, 'Labour Agreement', 'Lab', 'N', 123),
       (228, 0, 1052, 1, NULL, NULL, 'Ministerial Intervention', 'Min', 'N', 124),
       (229, 0, 1052, 1, NULL, NULL, 'MRT - Migration Review Tribunal Review', 'MRT', 'N', 125),
       (230, 0, 1052, 1, NULL, NULL, 'Refugee and Humanitarian', 'Ref', 'N', 126),
       (231, 0, 1052, 1, NULL, NULL, 'RRT - Refugee Review Tribunal Review', 'RRT', 'N', 127),
       (232, 0, 1052, 1, NULL, NULL, 'Skills Assessment Only', 'Ski', 'N', 128),
       (233, 0, 1052, 1, NULL, NULL, 'State Sponsorship Only', 'Sta', 'N', 129),
       (582, 1, 1059, 2, NULL, NULL, 'basic::registration', 'BCER', 'N', 30),
       (583, 1, 1061, 2, NULL, NULL, 'entry-level::registration', 'BCSR', 'N', 21),
       (584, 1, 1061, 2, NULL, NULL, 'express-intl-grad::registration', 'BCSR', 'N', 22),
       (585, 1, 1061, 2, NULL, NULL, 'express-intl-postgrad::registration', 'BCSR', 'N', 23),
       (586, 1, 1061, 2, NULL, NULL, 'express-skilled::registration', 'BCSR', 'N', 24),
       (587, 1, 1061, 2, NULL, NULL, 'health-care::registration', 'BCSR', 'N', 25),
       (588, 1, 1061, 2, NULL, NULL, 'intl-grad::registration', 'BCSR', 'N', 26),
       (589, 1, 1061, 2, NULL, NULL, 'intl-postgrad::registration', 'BCSR', 'N', 27),
       (590, 1, 1061, 2, NULL, NULL, 'northeast::registration', 'BCSR', 'N', 28),
       (591, 1, 1061, 2, NULL, NULL, 'skilled::registration', 'BCSR', 'N', 29),
       (592, 1, 1061, 2, NULL, NULL, 'express-health-care::registration', 'BCSR', 'N', 20),
       (593, 1, 1058, 2, NULL, NULL, 'entry-level::application', 'BCSA', 'N', 31),
       (594, 1, 1058, 2, NULL, NULL, 'express-intl-grad::application', 'BCSA', 'N', 32),
       (595, 1, 1058, 2, NULL, NULL, 'express-intl-postgrad::application', 'BCSA', 'N', 33),
       (596, 1, 1058, 2, NULL, NULL, 'express-skilled::application', 'BCSA', 'N', 34),
       (597, 1, 1058, 2, NULL, NULL, 'health-care::application', 'BCSA', 'N', 35),
       (598, 1, 1058, 2, NULL, NULL, 'intl-grad::application', 'BCSA', 'N', 36),
       (599, 1, 1058, 2, NULL, NULL, 'intl-postgrad::application', 'BCSA', 'N', 37),
       (600, 1, 1058, 2, NULL, NULL, 'northeast::application', 'BCSA', 'N', 38),
       (601, 1, 1058, 2, NULL, NULL, 'skilled::application', 'BCSA', 'N', 39),
       (602, 1, 1058, 2, NULL, NULL, 'express-health-care::application', 'BCSA', 'N', 10),
       (608, 1, 1064, 2, NULL, NULL, 'basic::application', 'BCEA', 'N', 1),
       (612, 0, 1052, 1, NULL, NULL, 'basic::reviewRequest', 'BCERR', 'N', 0),
       (613, 1, 1069, 2, NULL, 612, 'basic::reviewRequest', 'BCERR', 'N', 2),
       (615, 0, 1052, 1, NULL, NULL, 'entry-level::reviewRequest', 'BCSRR', 'N', 1),
       (616, 1, 1069, 2, NULL, 615, 'entry-level::reviewRequest', 'BCSRR', 'N', 3),
       (617, 0, 1052, 1, NULL, NULL, 'express-heath-care::reviewRequest', 'BCSRR', 'N', 2),
       (618, 1, 1069, 2, NULL, 617, 'express-heath-care::reviewRequest', 'BCSRR', 'N', 4),
       (619, 0, 1052, 1, NULL, NULL, 'express-intl-grad::reviewRequest', 'BCSRR', 'N', 3),
       (620, 1, 1069, 2, NULL, 619, 'express-intl-grad::reviewRequest', 'BCSRR', 'N', 5),
       (621, 0, 1052, 1, NULL, NULL, 'express-intl-postgrad::reviewRequest', 'BCSRR', 'N', 4),
       (622, 1, 1069, 2, NULL, 621, 'express-intl-postgrad::reviewRequest', 'BCSRR', 'N', 6),
       (623, 0, 1052, 1, NULL, NULL, 'express-skilled::reviewRequest', 'BCSRR', 'N', 5),
       (624, 1, 1069, 2, NULL, 623, 'express-skilled::reviewRequest', 'BCSRR', 'N', 7),
       (625, 0, 1052, 1, NULL, NULL, 'heath-care::reviewRequest', 'BCSRR', 'N', 6),
       (626, 1, 1069, 2, NULL, 625, 'heath-care::reviewRequest', 'BCSRR', 'N', 8),
       (627, 0, 1052, 1, NULL, NULL, 'intl-grad::reviewRequest', 'BCSRR', 'N', 7),
       (628, 1, 1069, 2, NULL, 627, 'intl-grad::reviewRequest', 'BCSRR', 'N', 9),
       (629, 0, 1052, 1, NULL, NULL, 'intl-postgrad::reviewRequest', 'BCSRR', 'N', 8),
       (630, 1, 1069, 2, NULL, 629, 'intl-postgrad::reviewRequest', 'BCSRR', 'N', 0),
       (631, 0, 1052, 1, NULL, NULL, 'northeast::reviewRequest', 'BCSRR', 'N', 9),
       (646, 0, 1052, 1, NULL, NULL, 'keyStaff::application', 'BCEKS', 'N', 10),
       (647, 1, 1072, 2, NULL, 646, 'keyStaff::application', 'BCEKS', 'N', 12),
       (649, 0, 1052, 1, NULL, NULL, 'regional-pilot::registration', 'BCER', 'N', 11),
       (650, 1, 1059, 2, NULL, 649, 'regional-pilot::registration', 'BCER', 'N', 13),
       (651, 0, 1052, 1, NULL, NULL, 'regional-pilot::application', 'BCEA', 'N', 12),
       (652, 1, 1064, 2, NULL, 651, 'regional-pilot::application', 'BCEA', 'N', 14),
       (653, 0, 1052, 1, NULL, NULL, 'regional-pilot::reviewRequest', 'BCERR', 'N', 13),
       (654, 1, 1069, 2, NULL, 653, 'regional-pilot::reviewRequest', 'BCERR', 'N', 15),
       (656, 0, 1052, 1, NULL, NULL, 'wpsl', 'BCSPN', 'N', 14),
       (657, 1, 1075, 2, NULL, 656, 'wpsl', 'BCSPN', 'N', 16),
       (658, 0, 1052, 1, NULL, NULL, 'nom-ext-basic', 'BCSPN', 'N', 15),
       (659, 1, 1075, 2, NULL, 658, 'nom-ext-basic', 'BCSPN', 'N', 17),
       (660, 0, 1052, 1, NULL, NULL, 'nom-ext-enh', 'BCSPN', 'N', 16),
       (661, 1, 1075, 2, NULL, 660, 'nom-ext-enh', 'BCSPN', 'N', 18),
       (662, 0, 1052, 1, NULL, NULL, 'emp-change', 'BCSPN', 'N', 17),
       (663, 1, 1075, 2, NULL, 662, 'emp-change', 'BCSPN', 'N', 19);
/*!40000 ALTER TABLE `client_categories`
    ENABLE KEYS */;
UNLOCK TABLES;

--
-- Table structure for table `client_form_data`
--

DROP TABLE IF EXISTS `client_form_data`;
/*!40101 SET @saved_cs_client = @@character_set_client */;
/*!50503 SET character_set_client = utf8mb4 */;
CREATE TABLE `client_form_data`
(
    `member_id` bigint       NOT NULL,
    `field_id`  int unsigned NOT NULL,
    `value`     text,
    PRIMARY KEY (`member_id`, `field_id`),
    KEY `FK_client_form_data_1` (`field_id`),
    KEY `FK_client_form_data_2` (`member_id`),
    CONSTRAINT `FK_client_form_data_client_form_fields` FOREIGN KEY (`field_id`) REFERENCES `client_form_fields` (`field_id`) ON DELETE CASCADE ON UPDATE CASCADE,
    CONSTRAINT `FK_client_form_data_members` FOREIGN KEY (`member_id`) REFERENCES `members` (`member_id`) ON DELETE CASCADE ON UPDATE CASCADE
) ENGINE = InnoDB
  DEFAULT CHARSET = utf8mb3;
/*!40101 SET character_set_client = @saved_cs_client */;

--
-- Dumping data for table `client_form_data`
--

LOCK TABLES `client_form_data` WRITE;
/*!40000 ALTER TABLE `client_form_data`
    DISABLE KEYS */;
/*!40000 ALTER TABLE `client_form_data`
    ENABLE KEYS */;
UNLOCK TABLES;

--
-- Table structure for table `client_form_default`
--

DROP TABLE IF EXISTS `client_form_default`;
/*!40101 SET @saved_cs_client = @@character_set_client */;
/*!50503 SET character_set_client = utf8mb4 */;
CREATE TABLE `client_form_default`
(
    `form_default_id`        int unsigned   NOT NULL AUTO_INCREMENT,
    `parent_form_default_id` int unsigned            DEFAULT NULL,
    `field_id`               int unsigned            DEFAULT NULL,
    `value`                  text,
    `order`                  tinyint unsigned        DEFAULT NULL,
    `deleted`                enum ('Y','N') NOT NULL DEFAULT 'N',
    PRIMARY KEY (`form_default_id`),
    KEY `FK_client_form_default_1` (`field_id`),
    KEY `FK_client_form_default_client_form_default` (`parent_form_default_id`),
    CONSTRAINT `FK_client_form_default_1` FOREIGN KEY (`field_id`) REFERENCES `client_form_fields` (`field_id`) ON DELETE CASCADE ON UPDATE CASCADE,
    CONSTRAINT `FK_client_form_default_client_form_default` FOREIGN KEY (`parent_form_default_id`) REFERENCES `client_form_default` (`form_default_id`) ON DELETE CASCADE ON UPDATE CASCADE
) ENGINE = InnoDB
  AUTO_INCREMENT = 160210
  DEFAULT CHARSET = utf8mb3;
/*!40101 SET character_set_client = @saved_cs_client */;

--
-- Dumping data for table `client_form_default`
--

LOCK TABLES `client_form_default` WRITE;
/*!40000 ALTER TABLE `client_form_default`
    DISABLE KEYS */;
INSERT INTO `client_form_default`
VALUES (148362, NULL, 67650, '', 0, 'N'),
       (148363, NULL, 67651, '', 0, 'N'),
       (148364, NULL, 67652, '0', 0, 'N'),
       (148365, NULL, 67653, '', 0, 'N'),
       (148478, NULL, 67655, '', 0, 'N'),
       (148479, NULL, 67656, '', 0, 'N'),
       (148480, NULL, 67657, '', 0, 'N'),
       (148481, NULL, 67658, '', 0, 'N'),
       (148482, NULL, 67659, '', 0, 'N'),
       (148483, NULL, 67660, '', 0, 'N'),
       (148484, NULL, 67661, '', 0, 'N'),
       (148485, NULL, 67662, '', 0, 'N'),
       (148486, NULL, 67663, 'Queensland', 0, 'N'),
       (148487, NULL, 67663, 'New South Wales', 1, 'N'),
       (148488, NULL, 67663, 'Victoria', 2, 'N'),
       (148489, NULL, 67663, 'Australian Capital Territory', 3, 'N'),
       (148490, NULL, 67663, 'South Australia', 4, 'N'),
       (148491, NULL, 67663, 'Western Australia', 5, 'N'),
       (148492, NULL, 67663, 'Northern Territory', 6, 'N'),
       (148493, NULL, 67663, 'Tasmania', 7, 'N'),
       (148494, NULL, 67665, '', 0, 'N'),
       (148495, NULL, 67666, '', 0, 'N'),
       (148496, NULL, 67667, '', 0, 'N'),
       (148497, NULL, 67668, '', 0, 'N'),
       (148498, NULL, 67669, '', 0, 'N'),
       (148499, NULL, 67671, '', 0, 'N'),
       (148500, NULL, 67673, '', 0, 'N'),
       (148501, NULL, 67674, '', 0, 'N'),
       (148502, NULL, 67675, '', 0, 'N'),
       (148503, NULL, 67676, '', 0, 'N'),
       (148504, NULL, 67678, '', 0, 'N'),
       (148505, NULL, 67679, '', 0, 'N'),
       (148506, NULL, 67680, '', 0, 'N'),
       (148507, NULL, 67681, '', 0, 'N'),
       (148508, NULL, 67683, '', 0, 'N'),
       (148509, NULL, 67685, '', 0, 'N'),
       (148510, NULL, 67686, '', 0, 'N'),
       (148511, NULL, 67687, '', 0, 'N'),
       (148512, NULL, 67688, '', 0, 'N'),
       (148513, NULL, 67689, '', 0, 'N'),
       (148514, NULL, 67690, '', 0, 'N'),
       (148515, NULL, 67691, '', 0, 'N'),
       (148516, NULL, 67692, '', 0, 'N'),
       (148517, NULL, 67693, '', 0, 'N'),
       (148518, NULL, 67694, '', 0, 'N'),
       (148519, NULL, 67695, '', 0, 'N'),
       (148520, NULL, 67696, '', 0, 'N'),
       (148595, NULL, 67708, '', 0, 'N'),
       (148596, NULL, 67712, '', 0, 'N'),
       (148597, NULL, 67713, '', 0, 'N'),
       (148598, NULL, 67714, '', 0, 'N'),
       (148599, NULL, 67716, '', 0, 'N'),
       (148600, NULL, 67717, '', 0, 'N'),
       (148601, NULL, 67718, '', 0, 'N'),
       (148602, NULL, 67720, '', 0, 'N'),
       (148603, NULL, 67721, '', 0, 'N'),
       (148604, NULL, 67722, '', 0, 'N'),
       (148621, NULL, 67733, '', 0, 'N'),
       (148622, NULL, 67734, '', 0, 'N'),
       (148623, NULL, 67735, '', 0, 'N'),
       (148624, NULL, 67736, '', 0, 'N'),
       (148625, NULL, 67737, '', 0, 'N'),
       (148626, NULL, 67738, '', 0, 'N'),
       (148627, NULL, 67740, '', 0, 'N'),
       (148628, NULL, 67741, '', 0, 'N'),
       (148629, NULL, 67742, '', 0, 'N'),
       (148630, NULL, 67743, '', 0, 'N'),
       (148631, NULL, 67744, '', 0, 'N'),
       (148632, NULL, 67746, '', 0, 'N'),
       (148633, NULL, 67747, '', 0, 'N'),
       (148634, NULL, 67748, '', 0, 'N'),
       (148635, NULL, 67749, '', 0, 'N'),
       (148636, NULL, 67750, '', 0, 'N'),
       (148637, NULL, 67751, '', 0, 'N'),
       (148638, NULL, 67752, '', 0, 'N'),
       (148639, NULL, 67753, '', 0, 'N'),
       (148640, NULL, 67754, '', 0, 'N'),
       (148641, NULL, 67755, '', 0, 'N'),
       (148642, NULL, 67756, '', 0, 'N'),
       (148643, NULL, 67757, '', 0, 'N'),
       (148644, NULL, 67758, 'linked to the list of subclsses editable by admin.  coming soon.', 0, 'N'),
       (148645, NULL, 67760, '0', 0, 'N'),
       (148646, NULL, 67761, '', 0, 'N'),
       (148647, NULL, 67762, '', 0, 'N'),
       (148648, NULL, 67763, '', 0, 'N'),
       (148649, NULL, 67764, '', 0, 'N'),
       (159854, NULL, 74006, '', 0, 'N'),
       (159855, NULL, 74007, '', 0, 'N'),
       (159856, NULL, 74009, '0', 0, 'N'),
       (159857, NULL, 74010, '', 0, 'N'),
       (159858, NULL, 74013, '', 0, 'N'),
       (159859, NULL, 74015, '', 0, 'N'),
       (159860, NULL, 74016, '', 0, 'N'),
       (159861, NULL, 74017, '', 0, 'N'),
       (159862, NULL, 74018, '', 0, 'N'),
       (159863, NULL, 74019, '', 0, 'N'),
       (159864, NULL, 74020, '', 0, 'N'),
       (159865, NULL, 74021, '', 0, 'N'),
       (159866, NULL, 74022, '', 0, 'N'),
       (159867, NULL, 74023, '', 0, 'N'),
       (159868, NULL, 74024, 'Queensland', 0, 'N'),
       (159869, NULL, 74024, 'New South Wales', 1, 'N'),
       (159870, NULL, 74024, 'Victoria', 2, 'N'),
       (159871, NULL, 74024, 'Australian Capital Territory', 3, 'N'),
       (159872, NULL, 74024, 'South Australia', 4, 'N'),
       (159873, NULL, 74024, 'Western Australia', 5, 'N'),
       (159874, NULL, 74024, 'Northern Territory', 6, 'N'),
       (159875, NULL, 74024, 'Tasmania', 7, 'N'),
       (159876, NULL, 74025, '', 0, 'N'),
       (159877, NULL, 74026, '', 0, 'N'),
       (159878, NULL, 74027, '', 0, 'N'),
       (159879, NULL, 74029, '', 0, 'N'),
       (159880, NULL, 74030, '', 0, 'N'),
       (159881, NULL, 74032, '', 0, 'N'),
       (159882, NULL, 74033, '', 0, 'N'),
       (159883, NULL, 74034, '', 0, 'N'),
       (159884, NULL, 74036, '', 0, 'N'),
       (159885, NULL, 74037, '', 0, 'N'),
       (159886, NULL, 74038, '', 0, 'N'),
       (159887, NULL, 74040, '0', 0, 'N'),
       (159888, NULL, 74041, '', 0, 'N'),
       (159889, NULL, 74042, '', 0, 'N'),
       (159890, NULL, 74043, '', 0, 'N'),
       (159891, NULL, 74044, '', 0, 'N'),
       (159892, NULL, 74046, '', 0, 'N'),
       (159893, NULL, 74047, '', 0, 'N'),
       (159894, NULL, 74048, '', 0, 'N'),
       (159895, NULL, 74049, '', 0, 'N'),
       (159896, NULL, 74050, '', 0, 'N'),
       (159897, NULL, 74051, 'linked to the list of subclsses editable by admin.  coming soon.', 0, 'N'),
       (159898, NULL, 74052, '', 0, 'N'),
       (159899, NULL, 74053, '', 0, 'N'),
       (159900, NULL, 74054, '', 0, 'N'),
       (159901, NULL, 74055, '', 0, 'N'),
       (159902, NULL, 74057, '', 0, 'N'),
       (159903, NULL, 74058, '', 0, 'N'),
       (159904, NULL, 74059, '', 0, 'N'),
       (159905, NULL, 74060, '', 0, 'N'),
       (159906, NULL, 74061, '', 0, 'N'),
       (159907, NULL, 74062, '', 0, 'N'),
       (159908, NULL, 74063, '', 0, 'N'),
       (159909, NULL, 74064, '', 0, 'N'),
       (159910, NULL, 74065, '', 0, 'N'),
       (159911, NULL, 74066, '', 0, 'N'),
       (159912, NULL, 74081, '', 0, 'N'),
       (159977, NULL, 74084, '', 0, 'N'),
       (159978, NULL, 74085, '', 0, 'N'),
       (159979, NULL, 74086, '', 0, 'N'),
       (159980, NULL, 74087, '', 0, 'N'),
       (159981, NULL, 74089, '', 0, 'N'),
       (159982, NULL, 74090, '', 0, 'N'),
       (159983, NULL, 74091, '', 0, 'N'),
       (159984, NULL, 74092, '', 0, 'N'),
       (159985, NULL, 74093, '', 0, 'N'),
       (159986, NULL, 74094, '', 0, 'N'),
       (159987, NULL, 74095, '', 0, 'N'),
       (159988, NULL, 74097, '', 0, 'N'),
       (159989, NULL, 74098, '', 0, 'N'),
       (159990, NULL, 74099, '', 0, 'N'),
       (159991, NULL, 74100, '', 0, 'N'),
       (159992, NULL, 74101, '', 0, 'N'),
       (159993, NULL, 74102, '', 0, 'N'),
       (159994, NULL, 74103, '', 0, 'N'),
       (159995, NULL, 74104, '', 0, 'N'),
       (159996, NULL, 74105, '', 0, 'N'),
       (159997, NULL, 74106, '', 0, 'N'),
       (159998, NULL, 74109, '', 0, 'N'),
       (159999, NULL, 74110, '', 0, 'N'),
       (160000, NULL, 74111, '', 0, 'N'),
       (160001, NULL, 74112, '', 0, 'N'),
       (160002, NULL, 74113, '', 0, 'N'),
       (160003, NULL, 74114, '', 0, 'N'),
       (160008, NULL, 74256, 'scoreExperienceSI', 0, 'N'),
       (160009, NULL, 74257, 'scoreExperienceSI', 0, 'N'),
       (160010, NULL, 74256, 'scoreEducationSI', 1, 'N'),
       (160011, NULL, 74257, 'scoreEducationSI', 1, 'N'),
       (160012, NULL, 74256, 'scoreLanguageSI', 2, 'N'),
       (160013, NULL, 74257, 'scoreLanguageSI', 2, 'N'),
       (160014, NULL, 74256, 'scoreNocSI', 3, 'N'),
       (160015, NULL, 74257, 'scoreNocSI', 3, 'N'),
       (160016, NULL, 74256, 'scoreWageSI', 4, 'N'),
       (160017, NULL, 74257, 'scoreWageSI', 4, 'N'),
       (160018, NULL, 74256, 'scoreDistrictSI', 5, 'N'),
       (160019, NULL, 74257, 'scoreDistrictSI', 5, 'N'),
       (160020, NULL, 74268, 'verifiedExperienceEI', 0, 'N'),
       (160021, NULL, 74269, 'verifiedExperienceEI', 0, 'N'),
       (160022, NULL, 74268, 'verifiedNetworthEI', 1, 'N'),
       (160023, NULL, 74269, 'verifiedNetworthEI', 1, 'N'),
       (160024, NULL, 74268, 'verifiedInvestmentEI', 2, 'N'),
       (160025, NULL, 74269, 'verifiedInvestmentEI', 2, 'N'),
       (160026, NULL, 74268, 'verifiedJobCreationEI', 3, 'N'),
       (160027, NULL, 74269, 'verifiedJobCreationEI', 3, 'N'),
       (160028, NULL, 74268, 'verifiedAdaptabilityEI', 4, 'N'),
       (160029, NULL, 74269, 'verifiedAdaptabilityEI', 4, 'N'),
       (160030, NULL, 74278, 'busConceptEBEI', 0, 'N'),
       (160031, NULL, 74279, 'busConceptEBEI', 0, 'N'),
       (160032, NULL, 74278, 'busConceptCVEI', 1, 'N'),
       (160033, NULL, 74279, 'busConceptCVEI', 1, 'N'),
       (160034, NULL, 74278, 'busConceptSTEI', 2, 'N'),
       (160035, NULL, 74279, 'busConceptSTEI', 2, 'N'),
       (160036, NULL, 74280, 'verifiedExperienceEI', 0, 'N'),
       (160037, NULL, 74281, 'verifiedExperienceEI', 0, 'N'),
       (160038, NULL, 74280, 'verifiedNetworthEI', 1, 'N'),
       (160039, NULL, 74281, 'verifiedNetworthEI', 1, 'N'),
       (160040, NULL, 74280, 'verifiedInvestmentEI', 2, 'N'),
       (160041, NULL, 74281, 'verifiedInvestmentEI', 2, 'N'),
       (160042, NULL, 74280, 'verifiedJobCreationEI', 3, 'N'),
       (160043, NULL, 74281, 'verifiedJobCreationEI', 3, 'N'),
       (160044, NULL, 74280, 'verifiedAdaptabilityEI', 4, 'N'),
       (160045, NULL, 74281, 'verifiedAdaptabilityEI', 4, 'N'),
       (160046, NULL, 74280, 'busConceptEBEI', 5, 'N'),
       (160047, NULL, 74281, 'busConceptEBEI', 5, 'N'),
       (160048, NULL, 74280, 'busConceptCVEI', 6, 'N'),
       (160049, NULL, 74281, 'busConceptCVEI', 6, 'N'),
       (160050, NULL, 74280, 'busConceptSTEI', 7, 'N'),
       (160051, NULL, 74281, 'busConceptSTEI', 7, 'N'),
       (160081, NULL, 74270, 'keySectorEI', 0, 'N'),
       (160082, NULL, 74271, 'keySectorEI', 0, 'N'),
       (160083, NULL, 74270, 'districtEI', 1, 'N'),
       (160084, NULL, 74271, 'districtEI', 1, 'N'),
       (160091, NULL, 74272, 'businessModelEI', 0, 'N'),
       (160092, NULL, 74273, 'businessModelEI', 0, 'N'),
       (160093, NULL, 74272, 'marketEI', 0, 'N'),
       (160094, NULL, 74273, 'marketEI', 0, 'N'),
       (160095, NULL, 74272, 'uniqueSellingPointEI', 1, 'N'),
       (160096, NULL, 74273, 'uniqueSellingPointEI', 1, 'N'),
       (160097, NULL, 74272, 'dueDiligenceEI', 0, 'N'),
       (160098, NULL, 74273, 'dueDiligenceEI', 0, 'N'),
       (160099, NULL, 74272, 'ownershipEI', 0, 'N'),
       (160100, NULL, 74273, 'ownershipEI', 0, 'N'),
       (160101, NULL, 74272, 'riskFactorsEI', 1, 'N'),
       (160102, NULL, 74273, 'riskFactorsEI', 1, 'N'),
       (160187, NULL, 74521, 'scoreTotalEI', 0, 'N');
/*!40000 ALTER TABLE `client_form_default`
    ENABLE KEYS */;
UNLOCK TABLES;

--
-- Table structure for table `client_form_dependents`
--

DROP TABLE IF EXISTS `client_form_dependents`;
/*!40101 SET @saved_cs_client = @@character_set_client */;
/*!50503 SET character_set_client = utf8mb4 */;
CREATE TABLE `client_form_dependents`
(
    `dependent_id`                       bigint unsigned                                    NOT NULL AUTO_INCREMENT,
    `member_id`                          bigint                                             NOT NULL          DEFAULT '0',
    `relationship`                       enum ('parent','spouse','sibling','child','other') NOT NULL          DEFAULT 'spouse',
    `line`                               tinyint unsigned                                   NOT NULL          DEFAULT '0',
    `fName`                              char(255)                                                            DEFAULT NULL,
    `lName`                              char(255)                                                            DEFAULT NULL,
    `spouse_name`                        varchar(255)                                                         DEFAULT NULL,
    `sex`                                enum ('M','F')                                                       DEFAULT 'M',
    `DOB`                                date                                                                 DEFAULT NULL,
    `passport_num`                       char(128)                                                            DEFAULT NULL,
    `passport_date`                      date                                                                 DEFAULT NULL,
    `uci`                                varchar(255)                                                         DEFAULT NULL,
    `canadian`                           enum ('Y','N')                                                       DEFAULT 'Y',
    `country_of_birth`                   varchar(255)                                                         DEFAULT NULL,
    `place_of_birth`                     varchar(255)                                                         DEFAULT NULL,
    `country_of_citizenship`             varchar(255)                                                         DEFAULT NULL,
    `city_of_residence`                  varchar(255)                                                         DEFAULT NULL,
    `country_of_residence`               varchar(255)                                                         DEFAULT NULL,
    `migrating`                          varchar(255)                                                         DEFAULT NULL,
    `nationality`                        varchar(255)                                                         DEFAULT NULL,
    `medical_expiration_date`            date                                                                 DEFAULT NULL,
    `photo`                              varchar(255)                                                         DEFAULT NULL,
    `main_applicant_address_is_the_same` enum ('Y','N')                                                       DEFAULT 'N',
    `address`                            varchar(255)                                                         DEFAULT NULL,
    `city`                               varchar(255)                                                         DEFAULT NULL,
    `country`                            varchar(255)                                                         DEFAULT NULL,
    `region`                             varchar(255)                                                         DEFAULT NULL,
    `postal_code`                        varchar(255)                                                         DEFAULT NULL,
    `profession`                         varchar(255)                                                         DEFAULT NULL,
    `marital_status`                     enum ('single','married','engaged','widowed','separated','divorced') DEFAULT NULL,
    `passport_issuing_country`           varchar(255)                                                         DEFAULT NULL,
    `third_country_visa`                 enum ('Y','N')                                                       DEFAULT NULL,
    PRIMARY KEY (`dependent_id`),
    KEY `FK_client_form_dependents_1` (`member_id`),
    CONSTRAINT `FK_client_form_dependents_1` FOREIGN KEY (`member_id`) REFERENCES `members` (`member_id`) ON DELETE CASCADE ON UPDATE CASCADE
) ENGINE = InnoDB
  DEFAULT CHARSET = utf8mb3;
/*!40101 SET character_set_client = @saved_cs_client */;

--
-- Dumping data for table `client_form_dependents`
--

LOCK TABLES `client_form_dependents` WRITE;
/*!40000 ALTER TABLE `client_form_dependents`
    DISABLE KEYS */;
/*!40000 ALTER TABLE `client_form_dependents`
    ENABLE KEYS */;
UNLOCK TABLES;

--
-- Table structure for table `client_form_dependents_required_files`
--

DROP TABLE IF EXISTS `client_form_dependents_required_files`;
/*!40101 SET @saved_cs_client = @@character_set_client */;
/*!50503 SET character_set_client = utf8mb4 */;
CREATE TABLE `client_form_dependents_required_files`
(
    `required_file_id`            bigint unsigned NOT NULL AUTO_INCREMENT,
    `company_id`                  bigint          NOT NULL,
    `required_file_description`   char(255)       NOT NULL,
    `main_applicant_show`         enum ('Y','N')  NOT NULL DEFAULT 'Y',
    `main_applicant_required`     enum ('Y','N')  NOT NULL DEFAULT 'Y',
    `adult_show`                  enum ('Y','N')  NOT NULL DEFAULT 'Y',
    `adult_required`              enum ('Y','N')  NOT NULL DEFAULT 'Y',
    `minor_16_and_above_show`     enum ('Y','N')  NOT NULL DEFAULT 'Y',
    `minor_16_and_above_required` enum ('Y','N')  NOT NULL DEFAULT 'Y',
    `minor_less_16_show`          enum ('Y','N')  NOT NULL DEFAULT 'Y',
    `minor_less_16_required`      enum ('Y','N')  NOT NULL DEFAULT 'Y',
    KEY `required_file_id` (`required_file_id`),
    KEY `FK_client_form_dependents_required_files_company` (`company_id`),
    CONSTRAINT `FK_client_form_dependents_required_files_company` FOREIGN KEY (`company_id`) REFERENCES `company` (`company_id`) ON DELETE CASCADE ON UPDATE CASCADE
) ENGINE = InnoDB
  AUTO_INCREMENT = 73
  DEFAULT CHARSET = utf8mb3 COMMENT ='Contains info about required forms/files for case''s dependents. Is used in the Documents Checklist sub tab under the Clients tab.';
/*!40101 SET character_set_client = @saved_cs_client */;

--
-- Dumping data for table `client_form_dependents_required_files`
--

LOCK TABLES `client_form_dependents_required_files` WRITE;
/*!40000 ALTER TABLE `client_form_dependents_required_files`
    DISABLE KEYS */;
INSERT INTO `client_form_dependents_required_files`
VALUES (1, 0, 'Form 12', 'Y', 'Y', 'Y', 'Y', 'Y', 'Y', 'Y', 'Y'),
       (2, 1, 'Form 12', 'Y', 'Y', 'Y', 'Y', 'Y', 'Y', 'Y', 'Y'),
       (4, 0, 'D1 - Application for Citizenship by Investment Disclosure', 'Y', 'Y', 'Y', 'Y', 'Y', 'Y', 'N', 'N'),
       (5, 1, 'D1 - Application for Citizenship by Investment Disclosure', 'Y', 'Y', 'Y', 'Y', 'Y', 'Y', 'N', 'N'),
       (7, 0, 'D2 - Fingerprint and Photograph Verification Form', 'Y', 'Y', 'Y', 'Y', 'Y', 'Y', 'Y', 'Y'),
       (8, 1, 'D2 - Fingerprint and Photograph Verification Form', 'Y', 'Y', 'Y', 'Y', 'Y', 'Y', 'Y', 'Y'),
       (10, 0, 'D3 - Medical Questionnaire', 'Y', 'Y', 'Y', 'Y', 'Y', 'Y', 'Y', 'Y'),
       (11, 1, 'D3 - Medical Questionnaire', 'Y', 'Y', 'Y', 'Y', 'Y', 'Y', 'Y', 'Y'),
       (13, 0, 'D4 - Investment Agreement (FUND OPTION ONLY)', 'Y', 'N', 'N', 'N', 'N', 'N', 'N', 'N'),
       (14, 1, 'D4 - Investment Agreement (FUND OPTION ONLY)', 'Y', 'N', 'N', 'N', 'N', 'N', 'N', 'N'),
       (16, 0, 'Sale and Purchase Agreement (REAL ESTATE OPTION)', 'Y', 'N', 'N', 'N', 'N', 'N', 'N', 'N'),
       (17, 1, 'Sale and Purchase Agreement (REAL ESTATE OPTION)', 'Y', 'N', 'N', 'N', 'N', 'N', 'N', 'N'),
       (19, 0, 'Passport', 'Y', 'Y', 'Y', 'Y', 'Y', 'Y', 'Y', 'Y'),
       (20, 1, 'Passport', 'Y', 'Y', 'Y', 'Y', 'Y', 'Y', 'Y', 'Y'),
       (22, 0, 'Driver\'s License', 'Y', 'Y', 'Y', 'Y', 'Y', 'Y', 'N', 'N'),
       (23, 1, 'Driver\'s License', 'Y', 'Y', 'Y', 'Y', 'Y', 'Y', 'N', 'N'),
       (25, 0, 'Birth Certificate', 'Y', 'Y', 'Y', 'Y', 'Y', 'Y', 'Y', 'Y'),
       (26, 1, 'Birth Certificate', 'Y', 'Y', 'Y', 'Y', 'Y', 'Y', 'Y', 'Y'),
       (28, 0, 'Identity Document, /Book or Card', 'Y', 'Y', 'Y', 'Y', 'Y', 'Y', 'Y', 'Y'),
       (29, 1, 'Identity Document, /Book or Card', 'Y', 'Y', 'Y', 'Y', 'Y', 'Y', 'Y', 'Y'),
       (31, 0, 'Marriage Certificate / Divorce Certificate', 'Y', 'N', 'Y', 'N', 'N', 'N', 'N', 'N'),
       (32, 1, 'Marriage Certificate / Divorce Certificate', 'Y', 'N', 'Y', 'N', 'N', 'N', 'N', 'N'),
       (34, 0, 'Letter of Employment / Audited Financial Statements / Letter of Incorporation', 'Y', 'Y', 'Y', 'Y', 'Y', 'Y', 'Y', 'Y'),
       (35, 1, 'Letter of Employment / Audited Financial Statements / Letter of Incorporation', 'Y', 'Y', 'Y', 'Y', 'Y', 'Y', 'Y', 'Y'),
       (37, 0, 'Letter to the Minister', 'Y', 'Y', 'Y', 'Y', 'Y', 'Y', 'Y', 'Y'),
       (38, 1, 'Letter to the Minister', 'Y', 'Y', 'Y', 'Y', 'Y', 'Y', 'Y', 'Y'),
       (40, 0, 'CV / Resume', 'Y', 'Y', 'Y', 'Y', 'Y', 'Y', 'N', 'N'),
       (41, 1, 'CV / Resume', 'Y', 'Y', 'Y', 'Y', 'Y', 'Y', 'N', 'N'),
       (43, 0, 'Four (4) Passport Photographs', 'Y', 'Y', 'Y', 'Y', 'Y', 'Y', 'Y', 'Y'),
       (44, 1, 'Four (4) Passport Photographs', 'Y', 'Y', 'Y', 'Y', 'Y', 'Y', 'Y', 'Y'),
       (46, 0, 'Military Service and Discharge Documents', 'Y', 'N', 'Y', 'N', 'Y', 'N', 'N', 'N'),
       (47, 1, 'Military Service and Discharge Documents', 'Y', 'N', 'Y', 'N', 'Y', 'N', 'N', 'N'),
       (49, 0, 'Police Record / Certification from country of origin and any country applicant has been a resident of for more than 6 months during the past 10 years (all countries)', 'Y', 'Y', 'Y', 'Y', 'Y', 'Y', 'N', 'N'),
       (50, 1, 'Police Record / Certification from country of origin and any country applicant has been a resident of for more than 6 months during the past 10 years (all countries)', 'Y', 'Y', 'Y', 'Y', 'Y', 'Y', 'N', 'N'),
       (52, 0, 'Professional Reference', 'Y', 'Y', 'Y', 'Y', 'N', 'N', 'N', 'N'),
       (53, 1, 'Professional Reference', 'Y', 'Y', 'Y', 'Y', 'N', 'N', 'N', 'N'),
       (55, 0, 'Enrollment letters/University letter', 'N', 'N', 'N', 'N', 'Y', 'Y', 'Y', 'Y'),
       (56, 1, 'Enrollment letters/University letter', 'N', 'N', 'N', 'N', 'Y', 'Y', 'Y', 'Y'),
       (58, 0, 'Two Personal References', 'Y', 'N', 'Y', 'N', 'Y', 'N', 'N', 'N'),
       (59, 1, 'Two Personal References', 'Y', 'N', 'Y', 'N', 'Y', 'N', 'N', 'N'),
       (61, 0, 'Recommendation from Banker', 'Y', 'N', 'N', 'N', 'N', 'N', 'N', 'N'),
       (62, 1, 'Recommendation from Banker', 'Y', 'N', 'N', 'N', 'N', 'N', 'N', 'N'),
       (64, 0, '12 months Bank  Statement', 'Y', 'Y', 'N', 'N', 'N', 'N', 'N', 'N'),
       (65, 1, '12 months Bank  Statement', 'Y', 'Y', 'N', 'N', 'N', 'N', 'N', 'N'),
       (67, 0, 'Proof of Residential Address', 'Y', 'Y', 'N', 'N', 'N', 'N', 'N', 'N'),
       (68, 1, 'Proof of Residential Address', 'Y', 'Y', 'N', 'N', 'N', 'N', 'N', 'N'),
       (70, 0, 'An affidavit of consent from other parents is required, if both parents are not part of the application when applying for children', 'N', 'N', 'N', 'N', 'N', 'N', 'Y', 'N'),
       (71, 1, 'An affidavit of consent from other parents is required, if both parents are not part of the application when applying for children', 'N', 'N', 'N', 'N', 'N', 'N', 'Y', 'N');
/*!40000 ALTER TABLE `client_form_dependents_required_files`
    ENABLE KEYS */;
UNLOCK TABLES;

--
-- Table structure for table `client_form_dependents_uploaded_file_tags`
--

DROP TABLE IF EXISTS `client_form_dependents_uploaded_file_tags`;
/*!40101 SET @saved_cs_client = @@character_set_client */;
/*!50503 SET character_set_client = utf8mb4 */;
CREATE TABLE `client_form_dependents_uploaded_file_tags`
(
    `uploaded_file_id` bigint unsigned NOT NULL,
    `company_id`       bigint          NOT NULL,
    `tag`              char(255)       NOT NULL,
    KEY `FK_client_form_dependents_uploaded_file_tags` (`uploaded_file_id`),
    KEY `FK_client_form_dependents_uploaded_file_tags_company` (`company_id`),
    CONSTRAINT `FK_client_form_dependents_uploaded_file_tags` FOREIGN KEY (`uploaded_file_id`) REFERENCES `client_form_dependents_uploaded_files` (`uploaded_file_id`) ON DELETE CASCADE ON UPDATE CASCADE,
    CONSTRAINT `FK_client_form_dependents_uploaded_file_tags_company` FOREIGN KEY (`company_id`) REFERENCES `company` (`company_id`) ON DELETE CASCADE ON UPDATE CASCADE
) ENGINE = InnoDB
  DEFAULT CHARSET = utf8mb3 COMMENT ='Contains tags assigned to uploaded forms/files for case''s dependents. Is used in the Documents Checklist sub tab under the Clients tab.';
/*!40101 SET character_set_client = @saved_cs_client */;

--
-- Dumping data for table `client_form_dependents_uploaded_file_tags`
--

LOCK TABLES `client_form_dependents_uploaded_file_tags` WRITE;
/*!40000 ALTER TABLE `client_form_dependents_uploaded_file_tags`
    DISABLE KEYS */;
/*!40000 ALTER TABLE `client_form_dependents_uploaded_file_tags`
    ENABLE KEYS */;
UNLOCK TABLES;

--
-- Table structure for table `client_form_dependents_uploaded_files`
--

DROP TABLE IF EXISTS `client_form_dependents_uploaded_files`;
/*!40101 SET @saved_cs_client = @@character_set_client */;
/*!50503 SET character_set_client = utf8mb4 */;
CREATE TABLE `client_form_dependents_uploaded_files`
(
    `uploaded_file_id`   bigint unsigned NOT NULL AUTO_INCREMENT,
    `required_file_id`   bigint unsigned NOT NULL,
    `member_id`          bigint          NOT NULL,
    `dependent_id`       bigint unsigned DEFAULT NULL,
    `uploaded_file_name` char(255)       NOT NULL,
    `uploaded_file_size` bigint unsigned NOT NULL,
    KEY `uploaded_file_id` (`uploaded_file_id`),
    KEY `FK_client_form_dependents_uploaded_files_client_form_dependents` (`dependent_id`),
    KEY `FK_client_form_dependents_uploaded_files_client_required_files` (`required_file_id`),
    KEY `FK_client_form_dependents_uploaded_files_members` (`member_id`),
    CONSTRAINT `FK_client_form_dependents_uploaded_files_client_form_dependents` FOREIGN KEY (`dependent_id`) REFERENCES `client_form_dependents` (`dependent_id`) ON DELETE CASCADE ON UPDATE CASCADE,
    CONSTRAINT `FK_client_form_dependents_uploaded_files_client_required_files` FOREIGN KEY (`required_file_id`) REFERENCES `client_form_dependents_required_files` (`required_file_id`) ON DELETE CASCADE ON UPDATE CASCADE,
    CONSTRAINT `FK_client_form_dependents_uploaded_files_members` FOREIGN KEY (`member_id`) REFERENCES `members` (`member_id`) ON DELETE CASCADE ON UPDATE CASCADE
) ENGINE = InnoDB
  DEFAULT CHARSET = utf8mb3 COMMENT ='Contains info about uploaded forms/files for case''s dependents. Is used in the Documents Checklist sub tab under the Clients tab.';
/*!40101 SET character_set_client = @saved_cs_client */;

--
-- Dumping data for table `client_form_dependents_uploaded_files`
--

LOCK TABLES `client_form_dependents_uploaded_files` WRITE;
/*!40000 ALTER TABLE `client_form_dependents_uploaded_files`
    DISABLE KEYS */;
/*!40000 ALTER TABLE `client_form_dependents_uploaded_files`
    ENABLE KEYS */;
UNLOCK TABLES;

--
-- Table structure for table `client_form_dependents_visa_survey`
--

DROP TABLE IF EXISTS `client_form_dependents_visa_survey`;
/*!40101 SET @saved_cs_client = @@character_set_client */;
/*!50503 SET character_set_client = utf8mb4 */;
CREATE TABLE `client_form_dependents_visa_survey`
(
    `visa_survey_id`   bigint unsigned NOT NULL AUTO_INCREMENT,
    `member_id`        bigint          NOT NULL,
    `dependent_id`     bigint unsigned                      DEFAULT NULL,
    `visa_country_id`  enum ('US','UK','Schengen','Canada') DEFAULT NULL,
    `visa_number`      char(255)       NOT NULL,
    `visa_issue_date`  date                                 DEFAULT NULL,
    `visa_expiry_date` date                                 DEFAULT NULL,
    KEY `visa_survey_id` (`visa_survey_id`),
    KEY `FK_client_form_dependents_visa_survey_dependents` (`dependent_id`),
    KEY `FK_client_form_dependents_visa_survey_members` (`member_id`),
    KEY `FK_client_form_dependents_visa_survey_country_master` (`visa_country_id`),
    CONSTRAINT `FK_client_form_dependents_visa_survey_dependents` FOREIGN KEY (`dependent_id`) REFERENCES `client_form_dependents` (`dependent_id`) ON DELETE CASCADE ON UPDATE CASCADE,
    CONSTRAINT `FK_client_form_dependents_visa_survey_members` FOREIGN KEY (`member_id`) REFERENCES `members` (`member_id`) ON DELETE CASCADE ON UPDATE CASCADE
) ENGINE = InnoDB
  DEFAULT CHARSET = utf8mb3 COMMENT ='Contains info about case''s dependents visa survey.';
/*!40101 SET character_set_client = @saved_cs_client */;

--
-- Dumping data for table `client_form_dependents_visa_survey`
--

LOCK TABLES `client_form_dependents_visa_survey` WRITE;
/*!40000 ALTER TABLE `client_form_dependents_visa_survey`
    DISABLE KEYS */;
/*!40000 ALTER TABLE `client_form_dependents_visa_survey`
    ENABLE KEYS */;
UNLOCK TABLES;

--
-- Table structure for table `client_form_field_access`
--

DROP TABLE IF EXISTS `client_form_field_access`;
/*!40101 SET @saved_cs_client = @@character_set_client */;
/*!50503 SET character_set_client = utf8mb4 */;
CREATE TABLE `client_form_field_access`
(
    `access_id` int unsigned   NOT NULL AUTO_INCREMENT,
    `role_id`   int                     DEFAULT NULL,
    `field_id`  int unsigned            DEFAULT NULL,
    `status`    enum ('R','F') NOT NULL DEFAULT 'R' COMMENT 'R=read only, F=full access',
    PRIMARY KEY (`access_id`),
    KEY `FK_client_form_field_access_1` (`field_id`),
    KEY `FK_client_form_field_access_acl_roles` (`role_id`),
    CONSTRAINT `FK_client_form_field_access_1` FOREIGN KEY (`field_id`) REFERENCES `client_form_fields` (`field_id`) ON DELETE CASCADE ON UPDATE CASCADE,
    CONSTRAINT `FK_client_form_field_access_acl_roles` FOREIGN KEY (`role_id`) REFERENCES `acl_roles` (`role_id`) ON DELETE CASCADE ON UPDATE CASCADE
) ENGINE = InnoDB
  AUTO_INCREMENT = 720231
  DEFAULT CHARSET = utf8mb3;
/*!40101 SET character_set_client = @saved_cs_client */;

--
-- Dumping data for table `client_form_field_access`
--

LOCK TABLES `client_form_field_access` WRITE;
/*!40000 ALTER TABLE `client_form_field_access`
    DISABLE KEYS */;
INSERT INTO `client_form_field_access`
VALUES (572525, 4822, 67701, 'R'),
       (572526, 4822, 67702, 'R'),
       (572527, 4822, 67703, 'R'),
       (572528, 4822, 67704, 'R'),
       (572529, 4822, 67706, 'R'),
       (572530, 4822, 67708, 'R'),
       (572531, 4822, 67709, 'R'),
       (575255, 4817, 67711, 'R'),
       (575256, 4817, 67712, 'R'),
       (575257, 4817, 67713, 'R'),
       (575258, 4817, 67714, 'R'),
       (575259, 4817, 67715, 'R'),
       (575260, 4817, 67716, 'R'),
       (575261, 4817, 67717, 'R'),
       (575262, 4817, 67718, 'R'),
       (575263, 4817, 67719, 'R'),
       (575264, 4817, 67720, 'R'),
       (575265, 4817, 67721, 'R'),
       (575266, 4817, 67722, 'R'),
       (575267, 4817, 67733, 'R'),
       (575268, 4817, 67734, 'R'),
       (575269, 4817, 67735, 'R'),
       (575270, 4817, 67736, 'R'),
       (575271, 4817, 67737, 'R'),
       (575272, 4817, 67738, 'R'),
       (575277, 4817, 67710, 'R'),
       (714643, 5, 73217, 'F'),
       (716843, 4931, 74117, 'R'),
       (716844, 4931, 74118, 'R'),
       (716845, 4931, 74116, 'R'),
       (716846, 4931, 74080, 'R'),
       (716847, 4931, 74082, 'R'),
       (716848, 4931, 74081, 'R'),
       (716849, 4931, 74079, 'R'),
       (716857, 4932, 74107, 'R'),
       (716858, 4932, 74103, 'R'),
       (716859, 4932, 74106, 'R'),
       (716860, 4932, 74098, 'R'),
       (716861, 4932, 74028, 'R'),
       (716862, 4932, 74105, 'R'),
       (716863, 4932, 74101, 'R'),
       (716864, 4932, 74100, 'R'),
       (716865, 4932, 74108, 'R'),
       (716866, 4932, 74104, 'R'),
       (716867, 4932, 74102, 'R'),
       (716868, 4932, 74099, 'R'),
       (716869, 4932, 74113, 'R'),
       (716870, 4932, 74112, 'R'),
       (716871, 4932, 74109, 'R'),
       (716872, 4932, 74110, 'R'),
       (716873, 4932, 74114, 'R'),
       (716874, 4932, 74111, 'R'),
       (716875, 4932, 74115, 'R'),
       (717902, 4929, 74118, 'F'),
       (717903, 4929, 74117, 'F'),
       (717904, 4929, 74119, 'F'),
       (717905, 4929, 74116, 'F'),
       (717906, 4929, 74079, 'F'),
       (717907, 4929, 74122, 'F'),
       (717908, 4929, 74120, 'F'),
       (717909, 4929, 74126, 'F'),
       (717910, 4929, 74124, 'F'),
       (717911, 4929, 74121, 'F'),
       (717912, 4929, 74123, 'F'),
       (717913, 4929, 74125, 'F'),
       (717914, 4929, 74127, 'F'),
       (717915, 4929, 74128, 'F'),
       (717916, 4929, 74129, 'F'),
       (717917, 4929, 74130, 'F'),
       (717918, 4929, 74139, 'F'),
       (717919, 4929, 74140, 'F'),
       (717920, 4929, 74142, 'F'),
       (717921, 4929, 74141, 'F'),
       (717927, 4929, 74077, 'F'),
       (717928, 4929, 74078, 'F'),
       (717929, 4929, 74075, 'F'),
       (717930, 4929, 74074, 'F'),
       (717931, 4929, 74076, 'F'),
       (717932, 4929, 74070, 'F'),
       (717933, 4929, 74071, 'F'),
       (717934, 4929, 74072, 'F'),
       (717935, 4929, 74073, 'F'),
       (717936, 4929, 74131, 'F'),
       (717937, 4929, 74132, 'F'),
       (717938, 4929, 74133, 'F'),
       (717939, 4929, 74134, 'F'),
       (717940, 4929, 74158, 'F'),
       (717999, 4816, 67702, 'F'),
       (718000, 4816, 67701, 'F'),
       (718001, 4816, 67723, 'F'),
       (718002, 4816, 67703, 'F'),
       (718003, 4816, 67709, 'F'),
       (718004, 4816, 73725, 'F'),
       (718005, 4816, 73726, 'F'),
       (718006, 4816, 73727, 'F'),
       (718007, 4816, 73733, 'F'),
       (718008, 4816, 73734, 'F'),
       (718009, 4816, 73735, 'F'),
       (718010, 4816, 73736, 'F'),
       (718011, 4816, 73729, 'F'),
       (718012, 4816, 73730, 'F'),
       (718013, 4816, 73731, 'F'),
       (718014, 4816, 73732, 'F'),
       (718015, 4816, 74145, 'F'),
       (718016, 4816, 74148, 'F'),
       (718017, 4816, 74151, 'F'),
       (718018, 4816, 74154, 'F'),
       (718024, 4816, 73217, 'F'),
       (718025, 4816, 73229, 'F'),
       (718026, 4816, 73221, 'F'),
       (718027, 4816, 73233, 'F'),
       (718028, 4816, 73225, 'F'),
       (718029, 4816, 73237, 'F'),
       (718030, 4816, 73241, 'F'),
       (718031, 4816, 73245, 'F'),
       (718032, 4816, 73249, 'F'),
       (718033, 4816, 73863, 'F'),
       (718034, 4816, 73864, 'F'),
       (718035, 4816, 73865, 'F'),
       (718036, 4816, 73866, 'F'),
       (718037, 4816, 74157, 'F'),
       (718055, 4816, 74164, 'F'),
       (718056, 4816, 74166, 'F'),
       (718057, 4816, 74168, 'F'),
       (718058, 4929, 74165, 'F'),
       (718059, 4929, 74167, 'F'),
       (718060, 4929, 74169, 'F'),
       (718062, 4816, 74171, 'F'),
       (718063, 4816, 74173, 'F'),
       (718064, 4816, 74175, 'F'),
       (718065, 4816, 74177, 'F'),
       (718066, 4816, 74179, 'F'),
       (718067, 4816, 74181, 'F'),
       (718068, 4816, 74183, 'F'),
       (718069, 4816, 74185, 'F'),
       (718070, 4816, 74187, 'F'),
       (718071, 4816, 74189, 'F'),
       (718072, 4816, 74191, 'F'),
       (718073, 4816, 74193, 'F'),
       (718074, 4816, 74195, 'F'),
       (718075, 4816, 74197, 'F'),
       (718076, 4816, 74199, 'F'),
       (718077, 4816, 74201, 'F'),
       (718078, 4816, 74203, 'F'),
       (718079, 4929, 74172, 'F'),
       (718080, 4929, 74174, 'F'),
       (718081, 4929, 74176, 'F'),
       (718082, 4929, 74178, 'F'),
       (718083, 4929, 74180, 'F'),
       (718084, 4929, 74182, 'F'),
       (718085, 4929, 74184, 'F'),
       (718086, 4929, 74186, 'F'),
       (718087, 4929, 74188, 'F'),
       (718088, 4929, 74190, 'F'),
       (718089, 4929, 74192, 'F'),
       (718090, 4929, 74194, 'F'),
       (718091, 4929, 74196, 'F'),
       (718092, 4929, 74198, 'F'),
       (718093, 4929, 74200, 'F'),
       (718094, 4929, 74202, 'F'),
       (718095, 4929, 74204, 'F'),
       (718125, 4816, 67649, 'F'),
       (718126, 4816, 67650, 'F'),
       (718127, 4816, 67651, 'F'),
       (718128, 4816, 67707, 'F'),
       (718129, 4816, 67652, 'F'),
       (718130, 4816, 67653, 'F'),
       (718131, 4816, 67654, 'F'),
       (718132, 4816, 67664, 'F'),
       (718133, 4816, 67655, 'F'),
       (718135, 4816, 67656, 'F'),
       (718136, 4816, 67660, 'F'),
       (718137, 4816, 67744, 'F'),
       (718138, 4816, 67661, 'F'),
       (718139, 4816, 67749, 'F'),
       (718140, 4816, 67658, 'F'),
       (718141, 4816, 67680, 'F'),
       (718142, 4816, 67662, 'F'),
       (718143, 4816, 67659, 'F'),
       (718144, 4816, 67663, 'F'),
       (718145, 4816, 67657, 'F'),
       (718146, 4816, 67665, 'F'),
       (718147, 4816, 67667, 'F'),
       (718148, 4816, 67715, 'F'),
       (718149, 4816, 67668, 'F'),
       (718150, 4816, 67669, 'F'),
       (718151, 4816, 67672, 'F'),
       (718152, 4816, 67666, 'F'),
       (718153, 4816, 67671, 'F'),
       (718154, 4816, 67673, 'F'),
       (718155, 4816, 67670, 'F'),
       (718156, 4816, 67674, 'F'),
       (718157, 4816, 67676, 'F'),
       (718158, 4816, 67675, 'F'),
       (718159, 4816, 67677, 'F'),
       (718160, 4816, 67760, 'F'),
       (718161, 4816, 67756, 'F'),
       (718162, 4816, 67681, 'F'),
       (718163, 4816, 67755, 'F'),
       (718164, 4816, 67763, 'F'),
       (718165, 4816, 67759, 'F'),
       (718166, 4816, 67764, 'F'),
       (718167, 4816, 67762, 'F'),
       (718168, 4816, 67757, 'F'),
       (718169, 4816, 67754, 'F'),
       (718170, 4816, 67761, 'F'),
       (718171, 4816, 67758, 'F'),
       (718172, 4816, 67753, 'F'),
       (718173, 4816, 67683, 'F'),
       (718174, 4816, 67696, 'F'),
       (718175, 4816, 67695, 'F'),
       (718176, 4816, 67684, 'F'),
       (718177, 4816, 67685, 'F'),
       (718178, 4816, 67686, 'F'),
       (718179, 4816, 67687, 'F'),
       (718180, 4816, 67688, 'F'),
       (718181, 4816, 67689, 'F'),
       (718182, 4816, 67690, 'F'),
       (718183, 4816, 67691, 'F'),
       (718184, 4816, 67692, 'F'),
       (718185, 4816, 67693, 'F'),
       (718186, 4816, 67694, 'F'),
       (718196, 4816, 67704, 'F'),
       (718197, 4816, 67708, 'F'),
       (718198, 4816, 67706, 'F'),
       (718199, 4816, 67739, 'F'),
       (718200, 4816, 67740, 'F'),
       (718201, 4816, 67742, 'F'),
       (718202, 4816, 67741, 'F'),
       (718203, 4816, 67746, 'F'),
       (718204, 4816, 67745, 'F'),
       (718205, 4816, 67750, 'F'),
       (718206, 4816, 67748, 'F'),
       (718207, 4816, 67752, 'F'),
       (718208, 4816, 67743, 'F'),
       (718209, 4816, 67747, 'F'),
       (718210, 4816, 67751, 'F'),
       (718211, 4816, 67678, 'F'),
       (718212, 4816, 67682, 'F'),
       (718213, 4816, 67679, 'F'),
       (718214, 4816, 67714, 'F'),
       (718215, 4816, 67722, 'F'),
       (718216, 4816, 67718, 'F'),
       (718217, 4816, 67717, 'F'),
       (718218, 4816, 67721, 'F'),
       (718219, 4816, 67712, 'F'),
       (718220, 4816, 67720, 'F'),
       (718221, 4816, 67716, 'F'),
       (718222, 4816, 67713, 'F'),
       (718223, 4816, 67711, 'F'),
       (718224, 4816, 67719, 'F'),
       (718225, 4816, 67735, 'F'),
       (718226, 4816, 67736, 'F'),
       (718227, 4816, 67738, 'F'),
       (718228, 4816, 67734, 'F'),
       (718229, 4816, 67733, 'F'),
       (718230, 4816, 67737, 'F'),
       (718231, 4816, 67710, 'F'),
       (718245, 4929, 74005, 'F'),
       (718246, 4929, 74006, 'F'),
       (718247, 4929, 74007, 'F'),
       (718248, 4929, 74008, 'F'),
       (718249, 4929, 74009, 'F'),
       (718250, 4929, 74010, 'F'),
       (718251, 4929, 74011, 'F'),
       (718252, 4929, 74012, 'F'),
       (718253, 4929, 74013, 'F'),
       (718255, 4929, 74015, 'F'),
       (718256, 4929, 74016, 'F'),
       (718257, 4929, 74017, 'F'),
       (718258, 4929, 74018, 'F'),
       (718259, 4929, 74019, 'F'),
       (718260, 4929, 74020, 'F'),
       (718261, 4929, 74021, 'F'),
       (718262, 4929, 74022, 'F'),
       (718263, 4929, 74023, 'F'),
       (718264, 4929, 74024, 'F'),
       (718265, 4929, 74025, 'F'),
       (718266, 4929, 74026, 'F'),
       (718267, 4929, 74027, 'F'),
       (718268, 4929, 74028, 'F'),
       (718269, 4929, 74029, 'F'),
       (718270, 4929, 74030, 'F'),
       (718271, 4929, 74031, 'F'),
       (718272, 4929, 74032, 'F'),
       (718273, 4929, 74033, 'F'),
       (718274, 4929, 74034, 'F'),
       (718275, 4929, 74035, 'F'),
       (718276, 4929, 74036, 'F'),
       (718277, 4929, 74037, 'F'),
       (718278, 4929, 74038, 'F'),
       (718279, 4929, 74039, 'F'),
       (718280, 4929, 74040, 'F'),
       (718281, 4929, 74041, 'F'),
       (718282, 4929, 74042, 'F'),
       (718283, 4929, 74043, 'F'),
       (718284, 4929, 74044, 'F'),
       (718285, 4929, 74045, 'F'),
       (718286, 4929, 74046, 'F'),
       (718287, 4929, 74047, 'F'),
       (718288, 4929, 74048, 'F'),
       (718289, 4929, 74049, 'F'),
       (718290, 4929, 74050, 'F'),
       (718291, 4929, 74051, 'F'),
       (718292, 4929, 74052, 'F'),
       (718293, 4929, 74053, 'F'),
       (718294, 4929, 74054, 'F'),
       (718295, 4929, 74055, 'F'),
       (718296, 4929, 74056, 'F'),
       (718297, 4929, 74057, 'F'),
       (718298, 4929, 74058, 'F'),
       (718299, 4929, 74059, 'F'),
       (718300, 4929, 74060, 'F'),
       (718301, 4929, 74061, 'F'),
       (718302, 4929, 74062, 'F'),
       (718303, 4929, 74063, 'F'),
       (718304, 4929, 74064, 'F'),
       (718305, 4929, 74065, 'F'),
       (718306, 4929, 74066, 'F'),
       (718316, 4929, 74080, 'F'),
       (718317, 4929, 74081, 'F'),
       (718318, 4929, 74082, 'F'),
       (718319, 4929, 74083, 'F'),
       (718320, 4929, 74084, 'F'),
       (718321, 4929, 74085, 'F'),
       (718322, 4929, 74086, 'F'),
       (718323, 4929, 74087, 'F'),
       (718324, 4929, 74088, 'F'),
       (718325, 4929, 74089, 'F'),
       (718326, 4929, 74090, 'F'),
       (718327, 4929, 74091, 'F'),
       (718328, 4929, 74092, 'F'),
       (718329, 4929, 74093, 'F'),
       (718330, 4929, 74094, 'F'),
       (718331, 4929, 74095, 'F'),
       (718332, 4929, 74096, 'F'),
       (718333, 4929, 74097, 'F'),
       (718334, 4929, 74098, 'F'),
       (718335, 4929, 74099, 'F'),
       (718336, 4929, 74100, 'F'),
       (718337, 4929, 74101, 'F'),
       (718338, 4929, 74102, 'F'),
       (718339, 4929, 74103, 'F'),
       (718340, 4929, 74104, 'F'),
       (718341, 4929, 74105, 'F'),
       (718342, 4929, 74106, 'F'),
       (718343, 4929, 74107, 'F'),
       (718344, 4929, 74108, 'F'),
       (718345, 4929, 74109, 'F'),
       (718346, 4929, 74110, 'F'),
       (718347, 4929, 74111, 'F'),
       (718348, 4929, 74112, 'F'),
       (718349, 4929, 74113, 'F'),
       (718350, 4929, 74114, 'F'),
       (718351, 4929, 74115, 'F'),
       (718358, 4929, 74146, 'F'),
       (718359, 4929, 74149, 'F'),
       (718360, 4929, 74152, 'F'),
       (718361, 4929, 74155, 'F'),
       (718363, 4929, 74159, 'F'),
       (718364, 4929, 74156, 'F'),
       (718365, 4929, 74150, 'F'),
       (718366, 4929, 74147, 'F'),
       (718368, 4929, 74153, 'F'),
       (718380, 4816, 74234, 'F'),
       (718381, 4816, 74236, 'F'),
       (718382, 4929, 74235, 'F'),
       (718383, 4929, 74237, 'F'),
       (718384, 4816, 74238, 'F'),
       (718385, 4816, 74240, 'F'),
       (718386, 4816, 74242, 'F'),
       (718393, 4929, 74239, 'F'),
       (718394, 4929, 74241, 'F'),
       (718395, 4929, 74243, 'F'),
       (718402, 4816, 74244, 'F'),
       (718403, 4816, 74246, 'F'),
       (718404, 4816, 74248, 'F'),
       (718405, 4816, 74250, 'F'),
       (718406, 4816, 74252, 'F'),
       (718407, 4816, 74254, 'F'),
       (718408, 4816, 74256, 'F'),
       (718409, 4929, 74245, 'F'),
       (718410, 4929, 74247, 'F'),
       (718411, 4929, 74249, 'F'),
       (718412, 4929, 74251, 'F'),
       (718413, 4929, 74253, 'F'),
       (718414, 4929, 74255, 'F'),
       (718415, 4929, 74257, 'F'),
       (718430, 4816, 74258, 'F'),
       (718431, 4816, 74260, 'F'),
       (718432, 4816, 74262, 'F'),
       (718433, 4816, 74264, 'F'),
       (718434, 4816, 74266, 'F'),
       (718435, 4816, 74268, 'F'),
       (718436, 4929, 74259, 'F'),
       (718437, 4929, 74261, 'F'),
       (718438, 4929, 74263, 'F'),
       (718439, 4929, 74265, 'F'),
       (718440, 4929, 74267, 'F'),
       (718441, 4929, 74269, 'F'),
       (718442, 4816, 74270, 'F'),
       (718443, 4816, 74272, 'F'),
       (718444, 4816, 74274, 'F'),
       (718445, 4816, 74276, 'F'),
       (718446, 4816, 74278, 'F'),
       (718447, 4816, 74280, 'F'),
       (718448, 4929, 74271, 'F'),
       (718449, 4929, 74273, 'F'),
       (718450, 4929, 74275, 'F'),
       (718451, 4929, 74277, 'F'),
       (718452, 4929, 74279, 'F'),
       (718453, 4929, 74281, 'F'),
       (718762, 4816, 74297, 'F'),
       (718763, 4816, 74299, 'F'),
       (718764, 4816, 74301, 'F'),
       (718765, 4816, 74303, 'F'),
       (718766, 4816, 74305, 'F'),
       (718767, 4816, 74307, 'F'),
       (718768, 4816, 74309, 'F'),
       (718769, 4816, 74311, 'F'),
       (718770, 4816, 74313, 'F'),
       (718771, 4816, 74315, 'F'),
       (718772, 4816, 74317, 'F'),
       (718773, 4929, 74298, 'F'),
       (718774, 4929, 74300, 'F'),
       (718775, 4929, 74302, 'F'),
       (718776, 4929, 74304, 'F'),
       (718777, 4929, 74306, 'F'),
       (718778, 4929, 74308, 'F'),
       (718779, 4929, 74310, 'F'),
       (718780, 4929, 74312, 'F'),
       (718781, 4929, 74314, 'F'),
       (718782, 4929, 74316, 'F'),
       (718783, 4929, 74318, 'F'),
       (718784, 4816, 74319, 'F'),
       (718785, 4816, 74321, 'F'),
       (718786, 4929, 74320, 'F'),
       (718787, 4929, 74322, 'F'),
       (718791, 4816, 74326, 'F'),
       (718792, 4929, 74327, 'F'),
       (718794, 4816, 74329, 'F'),
       (718795, 4929, 74330, 'F'),
       (718797, 4816, 74332, 'F'),
       (718798, 4929, 74333, 'F'),
       (718800, 4816, 74335, 'F'),
       (718801, 4929, 74336, 'F'),
       (718803, 4816, 74338, 'F'),
       (718804, 4929, 74339, 'F'),
       (718806, 4816, 74341, 'F'),
       (718807, 4929, 74342, 'F'),
       (718809, 4816, 74344, 'F'),
       (718810, 4929, 74345, 'F'),
       (718812, 4816, 74347, 'F'),
       (718813, 4929, 74348, 'F'),
       (718815, 4816, 74350, 'F'),
       (718816, 4929, 74351, 'F'),
       (718818, 4816, 74353, 'F'),
       (718819, 4929, 74354, 'F'),
       (718821, 4816, 74356, 'F'),
       (718822, 4929, 74357, 'F'),
       (718824, 4816, 74359, 'F'),
       (718825, 4929, 74360, 'F'),
       (718827, 4816, 74362, 'F'),
       (718828, 4929, 74363, 'F'),
       (718830, 4816, 74365, 'F'),
       (718831, 4929, 74366, 'F'),
       (718833, 4816, 74368, 'F'),
       (718834, 4929, 74369, 'F'),
       (718836, 4816, 74371, 'F'),
       (718837, 4929, 74372, 'F'),
       (719390, 4816, 74379, 'F'),
       (719391, 4929, 74380, 'F'),
       (719393, 4816, 74382, 'F'),
       (719394, 4929, 74383, 'F'),
       (719396, 4816, 74385, 'F'),
       (719397, 4929, 74386, 'F'),
       (719399, 4816, 74388, 'F'),
       (719400, 4929, 74389, 'F'),
       (719402, 4816, 74391, 'F'),
       (719403, 4929, 74392, 'F'),
       (719445, 4816, 74394, 'F'),
       (719446, 4929, 74395, 'F'),
       (719703, 4816, 74397, 'F'),
       (719704, 4929, 74398, 'F'),
       (719706, 4816, 74400, 'F'),
       (719707, 4929, 74401, 'F'),
       (719709, 4816, 74403, 'F'),
       (719710, 4929, 74404, 'F'),
       (719712, 4816, 74406, 'F'),
       (719713, 4929, 74407, 'F'),
       (719715, 4816, 74409, 'F'),
       (719716, 4929, 74410, 'F'),
       (719718, 4816, 74412, 'F'),
       (719719, 4929, 74413, 'F'),
       (719721, 4816, 74415, 'F'),
       (719722, 4929, 74416, 'F'),
       (719724, 4816, 74418, 'F'),
       (719725, 4929, 74419, 'F'),
       (719727, 4816, 74421, 'F'),
       (719728, 4929, 74422, 'F'),
       (719730, 4816, 74424, 'F'),
       (719731, 4929, 74425, 'F'),
       (719733, 4816, 74427, 'F'),
       (719734, 4929, 74428, 'F'),
       (719736, 4816, 74430, 'F'),
       (719737, 4929, 74431, 'F'),
       (719739, 4816, 74433, 'F'),
       (719740, 4929, 74434, 'F'),
       (719742, 4816, 74436, 'F'),
       (719743, 4929, 74437, 'F'),
       (719745, 4816, 74439, 'F'),
       (719746, 4929, 74440, 'F'),
       (719748, 4816, 74442, 'F'),
       (719749, 4929, 74443, 'F'),
       (719751, 4816, 74445, 'F'),
       (719752, 4929, 74446, 'F'),
       (719754, 4816, 74448, 'F'),
       (719755, 4929, 74449, 'F'),
       (719757, 4816, 74451, 'F'),
       (719758, 4929, 74452, 'F'),
       (719760, 4816, 74454, 'F'),
       (719761, 4929, 74455, 'F'),
       (719763, 4816, 74457, 'F'),
       (719764, 4929, 74458, 'F'),
       (719766, 4816, 74460, 'F'),
       (719767, 4929, 74461, 'F'),
       (719769, 4816, 74463, 'F'),
       (719770, 4929, 74464, 'F'),
       (719772, 4816, 74466, 'F'),
       (719773, 4929, 74467, 'F'),
       (719775, 4816, 74469, 'F'),
       (719776, 4929, 74470, 'F'),
       (719778, 4816, 74472, 'F'),
       (719779, 4929, 74473, 'F'),
       (719781, 4816, 74475, 'F'),
       (719782, 4929, 74476, 'F'),
       (719784, 4816, 74478, 'F'),
       (719785, 4929, 74479, 'F'),
       (719787, 4816, 74481, 'F'),
       (719788, 4929, 74482, 'F'),
       (719790, 4816, 74484, 'F'),
       (719791, 4929, 74485, 'F'),
       (719793, 4816, 74487, 'F'),
       (719794, 4929, 74488, 'F'),
       (719796, 4816, 74490, 'F'),
       (719797, 4929, 74491, 'F'),
       (719799, 4816, 74493, 'F'),
       (719800, 4929, 74494, 'F'),
       (719802, 4816, 74496, 'F'),
       (719803, 4929, 74497, 'F'),
       (719805, 4816, 74499, 'F'),
       (719806, 4929, 74500, 'F'),
       (719808, 4816, 74520, 'F'),
       (719809, 4929, 74521, 'F'),
       (719811, 4816, 74523, 'F'),
       (719812, 4929, 74524, 'F'),
       (719814, 4816, 74526, 'F'),
       (719815, 4929, 74527, 'F'),
       (719817, 4816, 74529, 'F'),
       (719818, 4929, 74530, 'F'),
       (719820, 4816, 74532, 'F'),
       (719821, 4929, 74533, 'F'),
       (719823, 4816, 74535, 'F'),
       (719824, 4929, 74536, 'F'),
       (719826, 4816, 74538, 'F'),
       (719827, 4929, 74539, 'F'),
       (719829, 4816, 74541, 'F'),
       (719830, 4929, 74542, 'F'),
       (719832, 4816, 74544, 'F'),
       (719833, 4929, 74545, 'F'),
       (719835, 4816, 74547, 'F'),
       (719836, 4929, 74548, 'F'),
       (719838, 4816, 74550, 'F'),
       (719839, 4929, 74551, 'F'),
       (719841, 4816, 74553, 'F'),
       (719842, 4929, 74554, 'F'),
       (719844, 4816, 74556, 'F'),
       (719845, 4929, 74557, 'F'),
       (719847, 4816, 74559, 'F'),
       (719848, 4929, 74560, 'F'),
       (719850, 4816, 74562, 'F'),
       (719851, 4929, 74563, 'F'),
       (720108, 4816, 74565, 'F'),
       (720109, 4929, 74566, 'F'),
       (720111, 4816, 74568, 'F'),
       (720112, 4929, 74569, 'F'),
       (720114, 4816, 74571, 'F'),
       (720115, 4929, 74572, 'F'),
       (720117, 4816, 74574, 'F'),
       (720118, 4929, 74575, 'F'),
       (720120, 4816, 74580, 'F'),
       (720121, 4929, 74581, 'F'),
       (720123, 4816, 74583, 'F'),
       (720124, 4929, 74584, 'F'),
       (720126, 4816, 74586, 'F'),
       (720127, 4929, 74587, 'F'),
       (720129, 4816, 74589, 'F'),
       (720130, 4929, 74590, 'F'),
       (720132, 4816, 74592, 'F'),
       (720133, 4929, 74593, 'F'),
       (720135, 4816, 74595, 'F'),
       (720136, 4929, 74596, 'F'),
       (720138, 4816, 74598, 'F'),
       (720139, 4929, 74599, 'F'),
       (720141, 4816, 74601, 'F'),
       (720142, 4929, 74602, 'F'),
       (720144, 4816, 74604, 'F'),
       (720145, 4929, 74605, 'F'),
       (720147, 4816, 74607, 'F'),
       (720148, 4929, 74608, 'F'),
       (720150, 4816, 74610, 'F'),
       (720151, 4929, 74611, 'F'),
       (720153, 4816, 74613, 'F'),
       (720154, 4929, 74614, 'F'),
       (720156, 4816, 74616, 'F'),
       (720157, 4929, 74617, 'F'),
       (720159, 4816, 74619, 'F'),
       (720160, 4929, 74620, 'F'),
       (720162, 4816, 74622, 'F'),
       (720163, 4929, 74623, 'F'),
       (720165, 4816, 74625, 'F'),
       (720166, 4929, 74626, 'F'),
       (720168, 4816, 74628, 'F'),
       (720169, 4929, 74629, 'F'),
       (720171, 4816, 74631, 'F'),
       (720172, 4929, 74632, 'F'),
       (720174, 4816, 74634, 'F'),
       (720175, 4929, 74635, 'F'),
       (720177, 4816, 74637, 'F'),
       (720178, 4929, 74638, 'F'),
       (720180, 4816, 74640, 'F'),
       (720181, 4929, 74641, 'F'),
       (720183, 4816, 74643, 'F'),
       (720184, 4929, 74644, 'F'),
       (720186, 4816, 74646, 'F'),
       (720187, 4929, 74647, 'F'),
       (720189, 4816, 74649, 'F'),
       (720190, 4929, 74650, 'F'),
       (720192, 4816, 74652, 'F'),
       (720193, 4929, 74653, 'F'),
       (720195, 4816, 74655, 'F'),
       (720196, 4929, 74656, 'F'),
       (720198, 4816, 74658, 'F'),
       (720199, 4929, 74659, 'F'),
       (720201, 4816, 74661, 'F'),
       (720202, 4929, 74662, 'F'),
       (720204, 4816, 74664, 'F'),
       (720205, 4929, 74665, 'F'),
       (720207, 4816, 74667, 'F'),
       (720208, 4929, 74668, 'F'),
       (720210, 4816, 74670, 'F'),
       (720211, 4929, 74671, 'F'),
       (720213, 4816, 74673, 'F'),
       (720214, 4929, 74674, 'F'),
       (720216, 4816, 74676, 'F'),
       (720217, 4929, 74677, 'F'),
       (720219, 4816, 74679, 'F'),
       (720220, 4929, 74680, 'F'),
       (720222, 4816, 74682, 'F'),
       (720223, 4929, 74683, 'F'),
       (720225, 4816, 74688, 'F'),
       (720226, 4822, 74688, 'F'),
       (720227, 4817, 74688, 'F'),
       (720228, 4929, 74689, 'F'),
       (720229, 4931, 74689, 'F'),
       (720230, 4932, 74689, 'F');
/*!40000 ALTER TABLE `client_form_field_access`
    ENABLE KEYS */;
UNLOCK TABLES;

--
-- Table structure for table `client_form_field_condition_hidden_fields`
--

DROP TABLE IF EXISTS `client_form_field_condition_hidden_fields`;
/*!40101 SET @saved_cs_client = @@character_set_client */;
/*!50503 SET character_set_client = utf8mb4 */;
CREATE TABLE `client_form_field_condition_hidden_fields`
(
    `field_condition_id` bigint unsigned NOT NULL,
    `field_id`           int unsigned    NOT NULL,
    UNIQUE KEY `field_condition_id_field_id` (`field_condition_id`, `field_id`),
    KEY `FK_client_form_field_condition_hidden_fields_client_form_fields` (`field_id`),
    CONSTRAINT `FK_client_form_field_condition_hidden_fields_client_form_fields` FOREIGN KEY (`field_id`) REFERENCES `client_form_fields` (`field_id`) ON DELETE CASCADE ON UPDATE CASCADE,
    CONSTRAINT `FK_client_form_field_condition_hidden_fields_conditions` FOREIGN KEY (`field_condition_id`) REFERENCES `client_form_field_conditions` (`field_condition_id`) ON DELETE CASCADE ON UPDATE CASCADE
) ENGINE = InnoDB
  DEFAULT CHARSET = utf8mb3 COMMENT ='List of fields that will be hidden if related field condition will be due';
/*!40101 SET character_set_client = @saved_cs_client */;

--
-- Dumping data for table `client_form_field_condition_hidden_fields`
--

LOCK TABLES `client_form_field_condition_hidden_fields` WRITE;
/*!40000 ALTER TABLE `client_form_field_condition_hidden_fields`
    DISABLE KEYS */;
/*!40000 ALTER TABLE `client_form_field_condition_hidden_fields`
    ENABLE KEYS */;
UNLOCK TABLES;

--
-- Table structure for table `client_form_field_condition_hidden_groups`
--

DROP TABLE IF EXISTS `client_form_field_condition_hidden_groups`;
/*!40101 SET @saved_cs_client = @@character_set_client */;
/*!50503 SET character_set_client = utf8mb4 */;
CREATE TABLE `client_form_field_condition_hidden_groups`
(
    `field_condition_id` bigint unsigned NOT NULL,
    `group_id`           int unsigned    NOT NULL,
    UNIQUE KEY `field_condition_id_group_id` (`field_condition_id`, `group_id`),
    KEY `FK_client_form_field_condition_hidden_groups_client_form_groups` (`group_id`),
    CONSTRAINT `FK_client_form_field_condition_hidden_groups_client_form_groups` FOREIGN KEY (`group_id`) REFERENCES `client_form_groups` (`group_id`) ON DELETE CASCADE ON UPDATE CASCADE,
    CONSTRAINT `FK_client_form_field_condition_hidden_groups_conditions` FOREIGN KEY (`field_condition_id`) REFERENCES `client_form_field_conditions` (`field_condition_id`) ON DELETE CASCADE ON UPDATE CASCADE
) ENGINE = InnoDB
  DEFAULT CHARSET = utf8mb3 COMMENT ='List of groups (and all inner fields) that will be hidden if related field condition will be due';
/*!40101 SET character_set_client = @saved_cs_client */;

--
-- Dumping data for table `client_form_field_condition_hidden_groups`
--

LOCK TABLES `client_form_field_condition_hidden_groups` WRITE;
/*!40000 ALTER TABLE `client_form_field_condition_hidden_groups`
    DISABLE KEYS */;
/*!40000 ALTER TABLE `client_form_field_condition_hidden_groups`
    ENABLE KEYS */;
UNLOCK TABLES;

--
-- Table structure for table `client_form_field_conditions`
--

DROP TABLE IF EXISTS `client_form_field_conditions`;
/*!40101 SET @saved_cs_client = @@character_set_client */;
/*!50503 SET character_set_client = utf8mb4 */;
CREATE TABLE `client_form_field_conditions`
(
    `field_condition_id`        bigint unsigned NOT NULL AUTO_INCREMENT,
    `parent_field_condition_id` bigint unsigned DEFAULT NULL,
    `client_type_id`            int unsigned    NOT NULL,
    `field_id`                  int unsigned    NOT NULL,
    `field_option_value`        text,
    PRIMARY KEY (`field_condition_id`),
    KEY `FK_client_form_field_conditions_client_types` (`client_type_id`),
    KEY `FK_client_form_field_conditions_client_form_fields` (`field_id`),
    KEY `FK_client_form_field_conditions_client_form_field_conditions` (`parent_field_condition_id`),
    CONSTRAINT `FK_client_form_field_conditions_client_form_field_conditions` FOREIGN KEY (`parent_field_condition_id`) REFERENCES `client_form_field_conditions` (`field_condition_id`) ON DELETE CASCADE ON UPDATE CASCADE,
    CONSTRAINT `FK_client_form_field_conditions_client_form_fields` FOREIGN KEY (`field_id`) REFERENCES `client_form_fields` (`field_id`) ON DELETE CASCADE ON UPDATE CASCADE,
    CONSTRAINT `FK_client_form_field_conditions_client_types` FOREIGN KEY (`client_type_id`) REFERENCES `client_types` (`client_type_id`) ON DELETE CASCADE ON UPDATE CASCADE
) ENGINE = InnoDB
  DEFAULT CHARSET = utf8mb3 COMMENT ='List of conditions that will be checked for the related field';
/*!40101 SET character_set_client = @saved_cs_client */;

--
-- Dumping data for table `client_form_field_conditions`
--

LOCK TABLES `client_form_field_conditions` WRITE;
/*!40000 ALTER TABLE `client_form_field_conditions`
    DISABLE KEYS */;
/*!40000 ALTER TABLE `client_form_field_conditions`
    ENABLE KEYS */;
UNLOCK TABLES;

--
-- Table structure for table `client_form_fields`
--

DROP TABLE IF EXISTS `client_form_fields`;
/*!40101 SET @saved_cs_client = @@character_set_client */;
/*!50503 SET character_set_client = utf8mb4 */;
CREATE TABLE `client_form_fields`
(
    `field_id`                 int unsigned              NOT NULL AUTO_INCREMENT,
    `parent_field_id`          int unsigned                       DEFAULT NULL,
    `company_id`               bigint                    NOT NULL,
    `company_field_id`         varchar(100)                       DEFAULT NULL,
    `type`                     int unsigned              NOT NULL DEFAULT '1',
    `label`                    char(255)                          DEFAULT NULL,
    `maxlength`                int unsigned                       DEFAULT NULL,
    `encrypted`                enum ('Y','N')            NOT NULL DEFAULT 'N',
    `required`                 enum ('Y','N')            NOT NULL DEFAULT 'N',
    `required_for_submission`  enum ('Y','N')            NOT NULL DEFAULT 'N',
    `disabled`                 enum ('Y','N')            NOT NULL DEFAULT 'N',
    `blocked`                  enum ('Y','N')            NOT NULL DEFAULT 'N',
    `multiple_values`          enum ('Y','N')            NOT NULL DEFAULT 'N',
    `skip_access_requirements` enum ('Y','N')            NOT NULL DEFAULT 'N',
    `sync_with_default`        enum ('Yes','No','Label') NOT NULL DEFAULT 'Yes',
    `custom_height`            int unsigned              NOT NULL DEFAULT '0',
    `min_value`                int                                DEFAULT NULL,
    `max_value`                int                                DEFAULT NULL,
    PRIMARY KEY (`field_id`),
    KEY `FK_client_form_fields_company` (`company_id`),
    KEY `FK_client_form_fields_field_types` (`type`),
    KEY `FK_client_form_fields_client_form_fields` (`parent_field_id`),
    CONSTRAINT `FK_client_form_fields_client_form_fields` FOREIGN KEY (`parent_field_id`) REFERENCES `client_form_fields` (`field_id`) ON DELETE CASCADE ON UPDATE CASCADE,
    CONSTRAINT `FK_client_form_fields_company` FOREIGN KEY (`company_id`) REFERENCES `company` (`company_id`) ON DELETE CASCADE ON UPDATE CASCADE,
    CONSTRAINT `FK_client_form_fields_field_types` FOREIGN KEY (`type`) REFERENCES `field_types` (`field_type_id`) ON DELETE CASCADE ON UPDATE CASCADE
) ENGINE = InnoDB
  AUTO_INCREMENT = 74690
  DEFAULT CHARSET = utf8mb3;
/*!40101 SET character_set_client = @saved_cs_client */;

--
-- Dumping data for table `client_form_fields`
--

LOCK TABLES `client_form_fields` WRITE;
/*!40000 ALTER TABLE `client_form_fields`
    DISABLE KEYS */;
INSERT INTO `client_form_fields`
VALUES (67649, NULL, 0, 'KeyEmployerContact', 19, 'Key Employer Contact', 0, 'N', 'N', 'N', 'N', 'N', 'N', 'N', 'No', 0, NULL, NULL),
       (67650, NULL, 0, 'sponsorship_agreement_expiry_date', 8, 'Sponsorship Agreement Expiry Date', 0, 'N', 'N', 'N', 'N', 'N', 'N', 'N', 'No', 0, NULL, NULL),
       (67651, NULL, 0, 'sponsorship_agreement_number', 1, 'Sponsorship Agreement Number', 25, 'N', 'N', 'N', 'N', 'N', 'N', 'N', 'No', 0, NULL, NULL),
       (67652, NULL, 0, 'nomination_ceiling', 5, 'Nomination Ceiling', 0, 'N', 'N', 'N', 'N', 'N', 'N', 'N', 'No', 0, NULL, NULL),
       (67653, NULL, 0, 'sponsorship_application_date', 8, 'Sponsorship Application Date', 0, 'N', 'N', 'N', 'N', 'N', 'N', 'N', 'No', 0, NULL, NULL),
       (67654, NULL, 0, 'sponsorship_subclass', 30, 'Subclass', 0, 'N', 'N', 'N', 'N', 'N', 'N', 'N', 'No', 0, NULL, NULL),
       (67655, NULL, 0, 'sponsorship_outcome_date', 8, 'Sponsorship Outcome Date', 0, 'N', 'N', 'N', 'N', 'N', 'N', 'N', 'No', 0, NULL, NULL),
       (67656, NULL, 0, 'sponsorship_application_TRN', 1, 'Sponsorship Application TRN', 25, 'N', 'N', 'N', 'N', 'N', 'N', 'N', 'No', 0, NULL, NULL),
       (67657, NULL, 0, 'sponsorship-application_ID', 1, 'Sponsorship Application ID', 25, 'N', 'N', 'N', 'N', 'N', 'N', 'N', 'No', 0, NULL, NULL),
       (67658, NULL, 0, 'state_sponsorship_application_date', 8, 'State Sponsorship Application Date', 0, 'N', 'N', 'N', 'N', 'N', 'N', 'N', 'No', 0, NULL, NULL),
       (67659, NULL, 0, 'state_sponsorship_outcome_date', 8, 'State Sponsorship Outcome Date', 0, 'N', 'N', 'N', 'N', 'N', 'N', 'N', 'No', 0, NULL, NULL),
       (67660, NULL, 0, 'state_sponsorship_file_or_reference_no', 1, 'State Sponsorship File/Reference#', 25, 'N', 'N', 'N', 'N', 'N', 'N', 'N', 'No', 0, NULL, NULL),
       (67661, NULL, 0, 'date_of_citizenship_interview', 8, 'Citizenship Interview Date', 0, 'N', 'N', 'N', 'N', 'N', 'N', 'N', 'No', 0, NULL, NULL),
       (67662, NULL, 0, 'state_sponsorship_expiry_date', 8, 'State Sponsorship Expiry Date', 0, 'N', 'N', 'N', 'N', 'N', 'N', 'N', 'No', 0, NULL, NULL),
       (67663, NULL, 0, 'state_sponsorship_sponsoring_state', 3, 'Sponsoring State', 0, 'N', 'N', 'N', 'N', 'N', 'N', 'N', 'No', 0, NULL, NULL),
       (67664, NULL, 0, 'sponsoring_family_member_citizenship', 4, 'Citizenship', 0, 'N', 'N', 'N', 'N', 'N', 'N', 'N', 'No', 0, NULL, NULL),
       (67665, NULL, 0, 'sponsoring_family_member_phone_secondary', 10, 'Phone (Secondary)', 0, 'N', 'N', 'N', 'N', 'N', 'N', 'N', 'No', 0, NULL, NULL),
       (67666, NULL, 0, 'sponsoring_family_member_suburb', 1, 'Suburb', 40, 'N', 'N', 'N', 'N', 'N', 'N', 'N', 'No', 0, NULL, NULL),
       (67667, NULL, 0, 'sponsoring_family_member_date_of_birth', 8, 'Date of Birth', 0, 'N', 'N', 'N', 'N', 'N', 'N', 'N', 'No', 0, NULL, NULL),
       (67668, NULL, 0, 'sponsoring_family_member_address2', 1, 'Address 2', 40, 'N', 'N', 'N', 'N', 'N', 'N', 'N', 'No', 0, NULL, NULL),
       (67669, NULL, 0, 'sponsoring_family_member_phone_primary', 10, 'Phone (Primary)', 0, 'N', 'N', 'N', 'N', 'N', 'N', 'N', 'No', 0, NULL, NULL),
       (67670, NULL, 0, 'sponsoring_family_member_passport_country', 4, 'Passport Country', 0, 'N', 'N', 'N', 'N', 'N', 'N', 'N', 'No', 0, NULL, NULL),
       (67671, NULL, 0, 'sponsoring_family_member_given_names', 1, 'Given Names', 40, 'N', 'N', 'N', 'N', 'N', 'N', 'N', 'No', 0, NULL, NULL),
       (67672, NULL, 0, 'sponsoring_family_member_country', 4, 'Country', 0, 'N', 'N', 'N', 'N', 'N', 'N', 'N', 'No', 0, NULL, NULL),
       (67673, NULL, 0, 'sponsoring_family_member_postal_code', 1, 'Postal Code', 25, 'N', 'N', 'N', 'N', 'N', 'N', 'N', 'No', 0, NULL, NULL),
       (67674, NULL, 0, 'sponsoring_family_member_address1', 1, 'Address 1', 40, 'N', 'N', 'N', 'N', 'N', 'N', 'N', 'No', 0, NULL, NULL),
       (67675, NULL, 0, 'sponsoring_family_member_family_name', 1, 'Family Name', 40, 'N', 'N', 'N', 'N', 'N', 'N', 'N', 'No', 0, NULL, NULL),
       (67676, NULL, 0, 'sponsoring_family_member_passport_no', 1, 'Passport #', 25, 'N', 'N', 'N', 'N', 'N', 'N', 'N', 'No', 0, NULL, NULL),
       (67677, NULL, 0, 'sponsoring_family_member_email_address', 9, 'Email', 0, 'N', 'N', 'N', 'N', 'N', 'N', 'N', 'No', 0, NULL, NULL),
       (67678, NULL, 0, 'EOI_invitation_date', 8, 'EOI Invitation Date', 0, 'N', 'N', 'N', 'N', 'N', 'N', 'N', 'No', 0, NULL, NULL),
       (67679, NULL, 0, 'EOI_ID', 1, 'EOI ID', 25, 'N', 'N', 'N', 'N', 'N', 'N', 'N', 'No', 0, NULL, NULL),
       (67680, NULL, 0, 'EOI_applicate_date', 8, 'EOI Application Date', 0, 'N', 'N', 'N', 'N', 'N', 'N', 'N', 'No', 0, NULL, NULL),
       (67681, NULL, 0, 'sponsoring_family_member_state', 1, 'State', 40, 'N', 'N', 'N', 'N', 'N', 'N', 'N', 'No', 0, NULL, NULL),
       (67682, NULL, 0, 'EOI_password', 1, 'EOI Password', 25, 'N', 'N', 'N', 'N', 'N', 'N', 'N', 'No', 0, NULL, NULL),
       (67683, NULL, 0, 'citizenship_exam_date', 8, 'Citizenship Exam Date', 0, 'N', 'N', 'N', 'N', 'N', 'N', 'N', 'No', 0, NULL, NULL),
       (67684, NULL, 0, 'review_type', 30, 'Review Type', 0, 'N', 'N', 'N', 'N', 'N', 'N', 'N', 'No', 0, NULL, NULL),
       (67685, NULL, 0, 'place_review_lodged', 1, 'Place Lodged', 25, 'N', 'N', 'N', 'N', 'N', 'N', 'N', 'No', 0, NULL, NULL),
       (67686, NULL, 0, 'review_application_date', 8, 'Review Application Date', 0, 'N', 'N', 'N', 'N', 'N', 'N', 'N', 'No', 0, NULL, NULL),
       (67687, NULL, 0, 'client_lodgment_reference_no', 1, 'Client Lodgment Reference #', 25, 'N', 'N', 'N', 'N', 'N', 'N', 'N', 'No', 0, NULL, NULL),
       (67688, NULL, 0, 'review_outcome_date', 8, 'Review Outcome Date', 0, 'N', 'N', 'N', 'N', 'N', 'N', 'N', 'No', 0, NULL, NULL),
       (67689, NULL, 0, 'review_case_no', 1, 'Review Case#', 25, 'N', 'N', 'N', 'N', 'N', 'N', 'N', 'No', 0, NULL, NULL),
       (67690, NULL, 0, 'citizen_application_date', 8, 'Citizen Application Date', 0, 'N', 'N', 'N', 'N', 'N', 'N', 'N', 'No', 0, NULL, NULL),
       (67691, NULL, 0, 'place_citizenship_lodged', 1, 'Place Lodged', 25, 'N', 'N', 'N', 'N', 'N', 'N', 'N', 'No', 0, NULL, NULL),
       (67692, NULL, 0, 'citizen_application_file_no', 1, 'Citizen Application File#', 25, 'N', 'N', 'N', 'N', 'N', 'N', 'N', 'No', 0, NULL, NULL),
       (67693, NULL, 0, 'citizenship_appliction_ID', 1, 'Citizenship Application ID', 25, 'N', 'N', 'N', 'N', 'N', 'N', 'N', 'No', 0, NULL, NULL),
       (67694, NULL, 0, 'citizenship_outcome_date', 8, 'Citizenship Outcome Date', 0, 'N', 'N', 'N', 'N', 'N', 'N', 'N', 'No', 0, NULL, NULL),
       (67695, NULL, 0, 'review_submission_date', 8, 'Review Submission Date', 0, 'N', 'N', 'N', 'N', 'N', 'N', 'N', 'No', 0, NULL, NULL),
       (67696, NULL, 0, 'review_hearing_date', 8, 'Review Hearing Date', 0, 'N', 'N', 'N', 'N', 'N', 'N', 'N', 'No', 0, NULL, NULL),
       (67701, NULL, 0, 'date_client_signed', 8, 'Date Client Signed', NULL, 'N', 'N', 'N', 'N', 'N', 'N', 'N', 'No', 0, NULL, NULL),
       (67702, NULL, 0, 'file_number', 1, 'Case Reference #', 32, 'N', 'N', 'N', 'N', 'N', 'N', 'N', 'No', 0, NULL, NULL),
       (67703, NULL, 0, 'file_status', 46, 'Case Status', 0, 'N', 'N', 'N', 'N', 'N', 'N', 'N', 'No', 0, NULL, NULL),
       (67704, NULL, 0, 'this_case_is_dependent_of', 32, 'Related Case', 0, 'N', 'N', 'N', 'N', 'N', 'N', 'N', 'No', 0, NULL, NULL),
       (67706, NULL, 0, 'immigration_office', 26, 'VAC/Visa Office', 0, 'N', 'N', 'N', 'N', 'N', 'N', 'N', 'No', 0, NULL, NULL),
       (67707, NULL, 0, 'SalesAgent', 25, 'Sales Agent', 0, 'N', 'N', 'N', 'N', 'N', 'N', 'N', 'No', 0, NULL, NULL),
       (67708, NULL, 0, 'archive_reference_number', 1, 'Archive Reference #', 40, 'N', 'N', 'N', 'N', 'N', 'N', 'N', 'No', 0, NULL, NULL),
       (67709, NULL, 0, 'Client_file_status', 7, 'Active Case', 0, 'N', 'N', 'N', 'N', 'N', 'N', 'N', 'No', 0, NULL, NULL),
       (67710, NULL, 0, 'miss_docs_description', 11, 'Missing Documents', 0, 'N', 'N', 'N', 'N', 'N', 'N', 'N', 'No', 0, NULL, NULL),
       (67711, NULL, 0, '1_country_of_PCC', 4, '1- Country of PCC', 0, 'N', 'N', 'N', 'N', 'N', 'N', 'N', 'No', 0, NULL, NULL),
       (67712, NULL, 0, '1_PCC_application_date', 8, '1- PCC Application Date', 0, 'N', 'N', 'N', 'N', 'N', 'N', 'N', 'No', 0, NULL, NULL),
       (67713, NULL, 0, '1_PCC_reference_number', 1, '1- PCC Reference#', 25, 'N', 'N', 'N', 'N', 'N', 'N', 'N', 'No', 0, NULL, NULL),
       (67714, NULL, 0, '1_PCC_issue_date', 8, '1- PCC Issue Date', 0, 'N', 'N', 'N', 'N', 'N', 'N', 'N', 'No', 0, NULL, NULL),
       (67715, NULL, 0, '2_country_of_PCC', 4, '2- Country of PCC', 0, 'N', 'N', 'N', 'N', 'N', 'N', 'N', 'No', 0, NULL, NULL),
       (67716, NULL, 0, '2_PCC_application_date', 8, '2- PCC Application Date', 0, 'N', 'N', 'N', 'N', 'N', 'N', 'N', 'No', 0, NULL, NULL),
       (67717, NULL, 0, '2_PCC_reference_number', 1, '2- PCC Reference#', 25, 'N', 'N', 'N', 'N', 'N', 'N', 'N', 'No', 0, NULL, NULL),
       (67718, NULL, 0, '2_PCC_issue_date', 8, '2- PCC Issue Date', 0, 'N', 'N', 'N', 'N', 'N', 'N', 'N', 'No', 0, NULL, NULL),
       (67719, NULL, 0, '3_country_of_PCC', 4, '3- Country of PCC', 0, 'N', 'N', 'N', 'N', 'N', 'N', 'N', 'No', 0, NULL, NULL),
       (67720, NULL, 0, '3_PCC_application_date', 8, '3- PCC Application Date', 0, 'N', 'N', 'N', 'N', 'N', 'N', 'N', 'No', 0, NULL, NULL),
       (67721, NULL, 0, '3_PCC_reference_number', 1, '3- PCC Reference#', 25, 'N', 'N', 'N', 'N', 'N', 'N', 'N', 'No', 0, NULL, NULL),
       (67722, NULL, 0, '3_PCC_issue_date', 8, '3- PCC Issue Date', 0, 'N', 'N', 'N', 'N', 'N', 'N', 'N', 'No', 0, NULL, NULL),
       (67723, NULL, 0, 'visa_subclass', 30, 'Category', 0, 'N', 'N', 'N', 'N', 'N', 'N', 'N', 'No', 0, NULL, NULL),
       (67733, NULL, 0, 'medical_date', 8, 'Medical Date', 0, 'N', 'N', 'N', 'N', 'N', 'N', 'N', 'No', 0, NULL, NULL),
       (67734, NULL, 0, 'medical_xray_date', 8, 'X-Ray Date', 0, 'N', 'N', 'N', 'N', 'N', 'N', 'N', 'No', 0, NULL, NULL),
       (67735, NULL, 0, 'medical_exam_location', 1, 'Medical Exam. Location', 30, 'N', 'N', 'N', 'N', 'N', 'N', 'N', 'No', 0, NULL, NULL),
       (67736, NULL, 0, 'medical_reference_number', 1, 'Medical Reference#', 25, 'N', 'N', 'N', 'N', 'N', 'N', 'N', 'No', 0, NULL, NULL),
       (67737, NULL, 0, 'HAP_ID', 1, 'HAP ID', 25, 'N', 'N', 'N', 'N', 'N', 'N', 'N', 'No', 0, NULL, NULL),
       (67738, NULL, 0, 'medical_TRN', 1, 'Medical TRN', 25, 'N', 'N', 'N', 'N', 'N', 'N', 'N', 'No', 0, NULL, NULL),
       (67739, NULL, 0, 'assessment_occupation', 31, 'Assessment Occupation', 0, 'N', 'N', 'N', 'N', 'N', 'N', 'N', 'No', 0, NULL, NULL),
       (67740, NULL, 0, 'skills_assessment_program', 1, 'Skills Assessment Program', 40, 'N', 'N', 'N', 'N', 'N', 'N', 'N', 'No', 0, NULL, NULL),
       (67741, NULL, 0, 'skills_assessment_body', 1, 'Skills Assessment Body', 40, 'N', 'N', 'N', 'N', 'N', 'N', 'N', 'No', 0, NULL, NULL),
       (67742, NULL, 0, 'skills_application_date', 8, 'Skills Application Date', 0, 'N', 'N', 'N', 'N', 'N', 'N', 'N', 'No', 0, NULL, NULL),
       (67743, NULL, 0, 'skills_expiry_date', 8, 'Skills Expiry Date', 0, 'N', 'N', 'N', 'N', 'N', 'N', 'N', 'No', 0, NULL, NULL),
       (67744, NULL, 0, 'registration_authority', 1, 'Registration Authority', 25, 'N', 'N', 'N', 'N', 'N', 'N', 'N', 'No', 0, NULL, NULL),
       (67745, NULL, 0, 'country_of_registration', 4, 'Country of Registration', 0, 'N', 'N', 'N', 'N', 'N', 'N', 'N', 'No', 0, NULL, NULL),
       (67746, NULL, 0, 'registration_license_number', 1, 'Registration/License Number', 25, 'N', 'N', 'N', 'N', 'N', 'N', 'N', 'No', 0, NULL, NULL),
       (67747, NULL, 0, 'skills_date_of_registration', 8, 'Registration Date', 0, 'N', 'N', 'N', 'N', 'N', 'N', 'N', 'No', 0, NULL, NULL),
       (67748, NULL, 0, 'registration_expiry_date', 8, 'Registration Expiry Date', 0, 'N', 'N', 'N', 'N', 'N', 'N', 'N', 'No', 0, NULL, NULL),
       (67749, NULL, 0, 'date_of_english_test', 8, 'Date of English Test', 0, 'N', 'N', 'N', 'N', 'N', 'N', 'N', 'No', 0, NULL, NULL),
       (67750, NULL, 0, 'english_test_scores', 1, 'English Test Scores', 40, 'N', 'N', 'N', 'N', 'N', 'N', 'N', 'No', 0, NULL, NULL),
       (67751, NULL, 0, 'relevant_australian_qualification', 1, 'Relevant Australian Qualification', 40, 'N', 'N', 'N', 'N', 'N', 'N', 'N', 'No', 0, NULL, NULL),
       (67752, NULL, 0, 'qualification_completion_date', 8, 'Qualification Completion Date', 0, 'N', 'N', 'N', 'N', 'N', 'N', 'N', 'No', 0, NULL, NULL),
       (67753, NULL, 0, 'nomination_application_date', 8, 'Nomination Application Date', 0, 'N', 'N', 'N', 'N', 'N', 'N', 'N', 'No', 0, NULL, NULL),
       (67754, NULL, 0, 'nomination_application_TRN', 1, 'Nomination Application TRN', 25, 'N', 'N', 'N', 'N', 'N', 'N', 'N', 'No', 0, NULL, NULL),
       (67755, NULL, 0, 'nomination_application_ID', 1, 'Nomination Application ID', 25, 'N', 'N', 'N', 'N', 'N', 'N', 'N', 'No', 0, NULL, NULL),
       (67756, NULL, 0, 'nomination_file_number', 1, 'Nomination File#', 25, 'N', 'N', 'N', 'N', 'N', 'N', 'N', 'No', 0, NULL, NULL),
       (67757, NULL, 0, 'nomination_issue_date', 8, 'Nomination Issue Date', 0, 'N', 'N', 'N', 'N', 'N', 'N', 'N', 'No', 0, NULL, NULL),
       (67758, NULL, 0, 'nomination_subclass', 30, 'Nomination Subclass', 0, 'N', 'N', 'N', 'N', 'N', 'N', 'N', 'No', 0, NULL, NULL),
       (67759, NULL, 0, 'nomination_occupation', 31, 'Nomination Occupation', 0, 'N', 'N', 'N', 'N', 'N', 'N', 'N', 'No', 0, NULL, NULL),
       (67760, NULL, 0, 'nomination_position_salary', 5, 'Nomination Position Salary', 10, 'N', 'N', 'N', 'N', 'N', 'N', 'N', 'No', 0, NULL, NULL),
       (67761, NULL, 0, 'name_of_RCB', 1, 'Name of Regional Certification Body (RCB)', 40, 'N', 'N', 'N', 'N', 'N', 'N', 'N', 'No', 0, NULL, NULL),
       (67762, NULL, 0, 'RCB_reference_number', 1, 'RCB Reference Number', 15, 'N', 'N', 'N', 'N', 'N', 'N', 'N', 'No', 0, NULL, NULL),
       (67763, NULL, 0, 'RCB_application_date', 8, 'RCB Application Date', 0, 'N', 'N', 'N', 'N', 'N', 'N', 'N', 'No', 0, NULL, NULL),
       (67764, NULL, 0, 'employment_termination_notification_date', 8, 'Employment Termination Notification Date', 0, 'N', 'N', 'N', 'N', 'N', 'N', 'N', 'No', 0, NULL, NULL),
       (73217, NULL, 0, 'PropInvest_Total', 1, 'Total Proposed Personal Investment', 0, 'N', 'N', 'N', 'N', 'N', 'N', 'N', 'No', 0, NULL, NULL),
       (73221, NULL, 0, 'Partner_InvestTotal', 1, 'Total Investment for the Project', 0, 'N', 'N', 'N', 'N', 'N', 'N', 'N', 'No', 0, NULL, NULL),
       (73225, NULL, 0, 'JobsTotal', 1, 'Total Number of Jobs Maintained and Created', 0, 'N', 'N', 'N', 'N', 'N', 'N', 'N', 'No', 0, NULL, NULL),
       (73229, NULL, 0, 'BusPropType', 1, 'Type of Business Proposal', 0, 'N', 'N', 'N', 'N', 'N', 'N', 'N', 'No', 0, NULL, NULL),
       (73233, NULL, 0, 'BusOwnerPercent', 1, 'Proposed Ownership Percentage', 0, 'N', 'N', 'N', 'N', 'N', 'N', 'N', 'No', 0, NULL, NULL),
       (73237, NULL, 0, 'BusRegionDist', 1, 'Location of Business: B.C. Regional District', 0, 'N', 'N', 'N', 'N', 'N', 'N', 'N', 'No', 0, NULL, NULL),
       (73241, NULL, 0, 'BusMunicipality', 1, 'Location of Business: Municipality', 0, 'N', 'N', 'N', 'N', 'N', 'N', 'N', 'No', 0, NULL, NULL),
       (73245, NULL, 0, 'BusNAICS', 1, 'NAICS of Proposed Business (3-digits)', 0, 'N', 'N', 'N', 'N', 'N', 'N', 'N', 'No', 0, NULL, NULL),
       (73249, NULL, 0, 'BusRoleNOC', 1, 'NOC of Proposed Role (4-digits)', 0, 'N', 'N', 'N', 'N', 'N', 'N', 'N', 'No', 0, NULL, NULL),
       (73725, NULL, 0, 'intendedResidence', 1, 'Intended Residence', 0, 'N', 'N', 'N', 'N', 'N', 'N', 'N', 'No', 0, NULL, NULL),
       (73726, NULL, 0, 'inCanada', 1, 'Currently In Canada', 0, 'N', 'N', 'N', 'N', 'N', 'N', 'N', 'No', 0, NULL, NULL),
       (73727, NULL, 0, 'inCanadaStatus', 1, 'Status In Canada', 0, 'N', 'N', 'N', 'N', 'N', 'N', 'N', 'No', 0, NULL, NULL),
       (73729, NULL, 0, 'studyPermitID', 1, 'Study Permit CIC Client ID/UCI', 0, 'N', 'N', 'N', 'N', 'N', 'N', 'N', 'No', 0, NULL, NULL),
       (73730, NULL, 0, 'studyPermitValidUntil', 8, 'Study Permit Valid Until', 0, 'N', 'N', 'N', 'N', 'N', 'N', 'N', 'No', 0, NULL, NULL),
       (73731, NULL, 0, 'workPermitID', 1, 'Work Permit CIC Client ID/UCI', 0, 'N', 'N', 'N', 'N', 'N', 'N', 'N', 'No', 0, NULL, NULL),
       (73732, NULL, 0, 'workPermitValid', 8, 'Work Permit Valid Until', 0, 'N', 'N', 'N', 'N', 'N', 'N', 'N', 'No', 0, NULL, NULL),
       (73733, NULL, 0, 'nativeLanguage', 1, 'Native Language', 0, 'N', 'N', 'N', 'N', 'N', 'N', 'N', 'No', 0, NULL, NULL),
       (73734, NULL, 0, 'freqLanguage', 1, 'Frequently Used Language', 0, 'N', 'N', 'N', 'N', 'N', 'N', 'N', 'No', 0, NULL, NULL),
       (73735, NULL, 0, 'learnedAboutBCPNP', 11, 'Learned About BC PNP', 0, 'N', 'N', 'N', 'N', 'N', 'N', 'N', 'No', 0, NULL, NULL),
       (73736, NULL, 0, 'postSecEdLevel', 34, 'Education in BC: Level', 0, 'N', 'N', 'N', 'N', 'N', 'N', 'N', 'No', 0, NULL, NULL),
       (73863, NULL, 0, 'experience', 5, 'Business/Work Experience (8-24)', 0, 'N', 'N', 'N', 'Y', 'N', 'N', 'N', 'No', 0, NULL, NULL),
       (73864, NULL, 0, 'networth', 5, 'Personal Net Worth (1-12)', 0, 'N', 'N', 'N', 'Y', 'N', 'N', 'N', 'No', 0, NULL, NULL),
       (73865, NULL, 0, 'investment', 5, 'Eligible Investment (6-30)', 0, 'N', 'N', 'N', 'Y', 'N', 'N', 'N', 'No', 0, NULL, NULL),
       (73866, NULL, 0, 'job_creation', 5, 'Job Maintenance/Creation (1-36)', 0, 'N', 'N', 'N', 'Y', 'N', 'N', 'N', 'No', 0, NULL, NULL),
       (74005, NULL, 1, 'KeyEmployerContact', 19, 'Key Employer Contact', 0, 'N', 'N', 'N', 'N', 'N', 'N', 'N', 'No', 0, NULL, NULL),
       (74006, NULL, 1, 'sponsorship_agreement_expiry_date', 8, 'Sponsorship Agreement Expiry Date', 0, 'N', 'N', 'N', 'N', 'N', 'N', 'N', 'No', 0, NULL, NULL),
       (74007, NULL, 1, 'sponsorship_agreement_number', 1, 'Sponsorship Agreement Number', 25, 'N', 'N', 'N', 'N', 'N', 'N', 'N', 'No', 0, NULL, NULL),
       (74008, NULL, 1, 'SalesAgent', 25, 'Sales Agent', 0, 'N', 'N', 'N', 'N', 'N', 'N', 'N', 'No', 0, NULL, NULL),
       (74009, NULL, 1, 'nomination_ceiling', 5, 'Nomination Ceiling', 0, 'N', 'N', 'N', 'N', 'N', 'N', 'N', 'No', 0, NULL, NULL),
       (74010, NULL, 1, 'sponsorship_application_date', 8, 'Sponsorship Application Date', 0, 'N', 'N', 'N', 'N', 'N', 'N', 'N', 'No', 0, NULL, NULL),
       (74011, NULL, 1, 'sponsorship_subclass', 30, 'Subclass', 0, 'N', 'N', 'N', 'N', 'N', 'N', 'N', 'No', 0, NULL, NULL),
       (74012, NULL, 1, 'sponsoring_family_member_citizenship', 4, 'Citizenship', 0, 'N', 'N', 'N', 'N', 'N', 'N', 'N', 'No', 0, NULL, NULL),
       (74013, NULL, 1, 'sponsorship_outcome_date', 8, 'Sponsorship Outcome Date', 0, 'N', 'N', 'N', 'N', 'N', 'N', 'N', 'No', 0, NULL, NULL),
       (74015, NULL, 1, 'sponsorship_application_TRN', 1, 'Sponsorship Application TRN', 25, 'N', 'N', 'N', 'N', 'N', 'N', 'N', 'No', 0, NULL, NULL),
       (74016, NULL, 1, 'state_sponsorship_file_or_reference_no', 1, 'State Sponsorship File/Reference#', 25, 'N', 'N', 'N', 'N', 'N', 'N', 'N', 'No', 0, NULL, NULL),
       (74017, NULL, 1, 'registration_authority', 1, 'Registration Authority', 25, 'N', 'N', 'N', 'N', 'N', 'N', 'N', 'No', 0, NULL, NULL),
       (74018, NULL, 1, 'date_of_citizenship_interview', 8, 'Citizenship Interview Date', 0, 'N', 'N', 'N', 'N', 'N', 'N', 'N', 'No', 0, NULL, NULL),
       (74019, NULL, 1, 'date_of_english_test', 8, 'Date of English Test', 0, 'N', 'N', 'N', 'N', 'N', 'N', 'N', 'No', 0, NULL, NULL),
       (74020, NULL, 1, 'state_sponsorship_application_date', 8, 'State Sponsorship Application Date', 0, 'N', 'N', 'N', 'N', 'N', 'N', 'N', 'No', 0, NULL, NULL),
       (74021, NULL, 1, 'EOI_applicate_date', 8, 'EOI Application Date', 0, 'N', 'N', 'N', 'N', 'N', 'N', 'N', 'No', 0, NULL, NULL),
       (74022, NULL, 1, 'state_sponsorship_expiry_date', 8, 'State Sponsorship Expiry Date', 0, 'N', 'N', 'N', 'N', 'N', 'N', 'N', 'No', 0, NULL, NULL),
       (74023, NULL, 1, 'state_sponsorship_outcome_date', 8, 'State Sponsorship Outcome Date', 0, 'N', 'N', 'N', 'N', 'N', 'N', 'N', 'No', 0, NULL, NULL),
       (74024, NULL, 1, 'state_sponsorship_sponsoring_state', 3, 'Sponsoring State', 0, 'N', 'N', 'N', 'N', 'N', 'N', 'N', 'No', 0, NULL, NULL),
       (74025, NULL, 1, 'sponsorship-application_ID', 1, 'Sponsorship Application ID', 25, 'N', 'N', 'N', 'N', 'N', 'N', 'N', 'No', 0, NULL, NULL),
       (74026, NULL, 1, 'sponsoring_family_member_phone_secondary', 10, 'Phone (Secondary)', 0, 'N', 'N', 'N', 'N', 'N', 'N', 'N', 'No', 0, NULL, NULL),
       (74027, NULL, 1, 'sponsoring_family_member_date_of_birth', 8, 'Date of Birth', 0, 'N', 'N', 'N', 'N', 'N', 'N', 'N', 'No', 0, NULL, NULL),
       (74028, NULL, 1, '2_country_of_PCC', 4, '2- Country of PCC', 0, 'N', 'N', 'N', 'N', 'N', 'N', 'N', 'No', 0, NULL, NULL),
       (74029, NULL, 1, 'sponsoring_family_member_address2', 1, 'Address 2', 40, 'N', 'N', 'N', 'N', 'N', 'N', 'N', 'No', 0, NULL, NULL),
       (74030, NULL, 1, 'sponsoring_family_member_phone_primary', 10, 'Phone (Primary)', 0, 'N', 'N', 'N', 'N', 'N', 'N', 'N', 'No', 0, NULL, NULL),
       (74031, NULL, 1, 'sponsoring_family_member_country', 4, 'Country', 0, 'N', 'N', 'N', 'N', 'N', 'N', 'N', 'No', 0, NULL, NULL),
       (74032, NULL, 1, 'sponsoring_family_member_suburb', 1, 'Suburb', 40, 'N', 'N', 'N', 'N', 'N', 'N', 'N', 'No', 0, NULL, NULL),
       (74033, NULL, 1, 'sponsoring_family_member_given_names', 1, 'Given Names', 40, 'N', 'N', 'N', 'N', 'N', 'N', 'N', 'No', 0, NULL, NULL),
       (74034, NULL, 1, 'sponsoring_family_member_postal_code', 1, 'Postal Code', 25, 'N', 'N', 'N', 'N', 'N', 'N', 'N', 'No', 0, NULL, NULL),
       (74035, NULL, 1, 'sponsoring_family_member_passport_country', 4, 'Passport Country', 0, 'N', 'N', 'N', 'N', 'N', 'N', 'N', 'No', 0, NULL, NULL),
       (74036, NULL, 1, 'sponsoring_family_member_address1', 1, 'Address 1', 40, 'N', 'N', 'N', 'N', 'N', 'N', 'N', 'No', 0, NULL, NULL),
       (74037, NULL, 1, 'sponsoring_family_member_passport_no', 1, 'Passport #', 25, 'N', 'N', 'N', 'N', 'N', 'N', 'N', 'No', 0, NULL, NULL),
       (74038, NULL, 1, 'sponsoring_family_member_family_name', 1, 'Family Name', 40, 'N', 'N', 'N', 'N', 'N', 'N', 'N', 'No', 0, NULL, NULL),
       (74039, NULL, 1, 'sponsoring_family_member_email_address', 9, 'Email', 0, 'N', 'N', 'N', 'N', 'N', 'N', 'N', 'No', 0, NULL, NULL),
       (74040, NULL, 1, 'nomination_position_salary', 5, 'Nomination Position Salary', 10, 'N', 'N', 'N', 'N', 'N', 'N', 'N', 'No', 0, NULL, NULL),
       (74041, NULL, 1, 'nomination_file_number', 1, 'Nomination File#', 25, 'N', 'N', 'N', 'N', 'N', 'N', 'N', 'No', 0, NULL, NULL),
       (74042, NULL, 1, 'sponsoring_family_member_state', 1, 'State', 40, 'N', 'N', 'N', 'N', 'N', 'N', 'N', 'No', 0, NULL, NULL),
       (74043, NULL, 1, 'nomination_application_ID', 1, 'Nomination Application ID', 25, 'N', 'N', 'N', 'N', 'N', 'N', 'N', 'No', 0, NULL, NULL),
       (74044, NULL, 1, 'RCB_application_date', 8, 'RCB Application Date', 0, 'N', 'N', 'N', 'N', 'N', 'N', 'N', 'No', 0, NULL, NULL),
       (74045, NULL, 1, 'nomination_occupation', 31, 'Nomination Occupation', 0, 'N', 'N', 'N', 'N', 'N', 'N', 'N', 'No', 0, NULL, NULL),
       (74046, NULL, 1, 'employment_termination_notification_date', 8, 'Employment Termination Notification Date', 0, 'N', 'N', 'N', 'N', 'N', 'N', 'N', 'No', 0, NULL, NULL),
       (74047, NULL, 1, 'RCB_reference_number', 1, 'RCB Reference Number', 15, 'N', 'N', 'N', 'N', 'N', 'N', 'N', 'No', 0, NULL, NULL),
       (74048, NULL, 1, 'nomination_issue_date', 8, 'Nomination Issue Date', 0, 'N', 'N', 'N', 'N', 'N', 'N', 'N', 'No', 0, NULL, NULL),
       (74049, NULL, 1, 'nomination_application_TRN', 1, 'Nomination Application TRN', 25, 'N', 'N', 'N', 'N', 'N', 'N', 'N', 'No', 0, NULL, NULL),
       (74050, NULL, 1, 'name_of_RCB', 1, 'Name of Regional Certification Body (RCB)', 40, 'N', 'N', 'N', 'N', 'N', 'N', 'N', 'No', 0, NULL, NULL),
       (74051, NULL, 1, 'nomination_subclass', 30, 'Nomination Subclass', 0, 'N', 'N', 'N', 'N', 'N', 'N', 'N', 'No', 0, NULL, NULL),
       (74052, NULL, 1, 'nomination_application_date', 8, 'Nomination Application Date', 0, 'N', 'N', 'N', 'N', 'N', 'N', 'N', 'No', 0, NULL, NULL),
       (74053, NULL, 1, 'citizenship_exam_date', 8, 'Citizenship Exam Date', 0, 'N', 'N', 'N', 'N', 'N', 'N', 'N', 'No', 0, NULL, NULL),
       (74054, NULL, 1, 'review_hearing_date', 8, 'Review Hearing Date', 0, 'N', 'N', 'N', 'N', 'N', 'N', 'N', 'No', 0, NULL, NULL),
       (74055, NULL, 1, 'review_submission_date', 8, 'Review Submission Date', 0, 'N', 'N', 'N', 'N', 'N', 'N', 'N', 'No', 0, NULL, NULL),
       (74056, NULL, 1, 'review_type', 30, 'Review Type', 0, 'N', 'N', 'N', 'N', 'N', 'N', 'N', 'No', 0, NULL, NULL),
       (74057, NULL, 1, 'place_review_lodged', 1, 'Place Lodged', 25, 'N', 'N', 'N', 'N', 'N', 'N', 'N', 'No', 0, NULL, NULL),
       (74058, NULL, 1, 'review_application_date', 8, 'Review Application Date', 0, 'N', 'N', 'N', 'N', 'N', 'N', 'N', 'No', 0, NULL, NULL),
       (74059, NULL, 1, 'client_lodgment_reference_no', 1, 'Client Lodgment Reference #', 25, 'N', 'N', 'N', 'N', 'N', 'N', 'N', 'No', 0, NULL, NULL),
       (74060, NULL, 1, 'review_outcome_date', 8, 'Review Outcome Date', 0, 'N', 'N', 'N', 'N', 'N', 'N', 'N', 'No', 0, NULL, NULL),
       (74061, NULL, 1, 'review_case_no', 1, 'Review Case#', 25, 'N', 'N', 'N', 'N', 'N', 'N', 'N', 'No', 0, NULL, NULL),
       (74062, NULL, 1, 'citizen_application_date', 8, 'Citizen Application Date', 0, 'N', 'N', 'N', 'N', 'N', 'N', 'N', 'No', 0, NULL, NULL),
       (74063, NULL, 1, 'place_citizenship_lodged', 1, 'Place Lodged', 25, 'N', 'N', 'N', 'N', 'N', 'N', 'N', 'No', 0, NULL, NULL),
       (74064, NULL, 1, 'citizen_application_file_no', 1, 'Citizen Application File#', 25, 'N', 'N', 'N', 'N', 'N', 'N', 'N', 'No', 0, NULL, NULL),
       (74065, NULL, 1, 'citizenship_appliction_ID', 1, 'Citizenship Application ID', 25, 'N', 'N', 'N', 'N', 'N', 'N', 'N', 'No', 0, NULL, NULL),
       (74066, NULL, 1, 'citizenship_outcome_date', 8, 'Citizenship Outcome Date', 0, 'N', 'N', 'N', 'N', 'N', 'N', 'N', 'No', 0, NULL, NULL),
       (74070, NULL, 1, 'BusRegionDist', 1, 'Location of Business: B.C. Regional District', 0, 'N', 'N', 'N', 'N', 'N', 'N', 'N', 'No', 0, NULL, NULL),
       (74071, NULL, 1, 'BusMunicipality', 1, 'Location of Business: Municipality', 0, 'N', 'N', 'N', 'N', 'N', 'N', 'N', 'No', 0, NULL, NULL),
       (74072, NULL, 1, 'BusNAICS', 1, 'NAICS of Proposed Business (3-digits)', 0, 'N', 'N', 'N', 'N', 'N', 'N', 'N', 'No', 0, NULL, NULL),
       (74073, NULL, 1, 'BusRoleNOC', 1, 'NOC of Proposed Role (4-digits)', 0, 'N', 'N', 'N', 'N', 'N', 'N', 'N', 'No', 0, NULL, NULL),
       (74074, NULL, 1, 'BusOwnerPercent', 1, 'Proposed Ownership Percentage', 0, 'N', 'N', 'N', 'N', 'N', 'N', 'N', 'No', 0, NULL, NULL),
       (74075, NULL, 1, 'Partner_InvestTotal', 1, 'Total Investment for the Project', 0, 'N', 'N', 'N', 'N', 'N', 'N', 'N', 'No', 0, NULL, NULL),
       (74076, NULL, 1, 'JobsTotal', 1, 'Total Number of Jobs Maintained and Created', 0, 'N', 'N', 'N', 'N', 'N', 'N', 'N', 'No', 0, NULL, NULL),
       (74077, NULL, 1, 'PropInvest_Total', 1, 'Total Proposed Personal Investment', 0, 'N', 'N', 'N', 'N', 'N', 'N', 'N', 'No', 0, NULL, NULL),
       (74078, NULL, 1, 'BusPropType', 1, 'Type of Business Proposal', 0, 'N', 'N', 'N', 'N', 'N', 'N', 'N', 'No', 0, NULL, NULL),
       (74079, NULL, 1, 'Client_file_status', 7, 'Active Case', 0, 'N', 'N', 'N', 'N', 'N', 'N', 'N', 'No', 0, NULL, NULL),
       (74080, NULL, 1, 'this_case_is_dependent_of', 32, 'Related Case', 0, 'N', 'N', 'N', 'N', 'N', 'N', 'N', 'No', 0, NULL, NULL),
       (74081, NULL, 1, 'archive_reference_number', 1, 'Archive Reference #', 40, 'N', 'N', 'N', 'N', 'N', 'N', 'N', 'No', 0, NULL, NULL),
       (74082, NULL, 1, 'immigration_office', 26, 'VAC/Visa Office', 0, 'N', 'N', 'N', 'N', 'N', 'N', 'N', 'No', 0, NULL, NULL),
       (74083, NULL, 1, 'assessment_occupation', 31, 'Assessment Occupation', 0, 'N', 'N', 'N', 'N', 'N', 'N', 'N', 'No', 0, NULL, NULL),
       (74084, NULL, 1, 'skills_assessment_program', 1, 'Skills Assessment Program', 40, 'N', 'N', 'N', 'N', 'N', 'N', 'N', 'No', 0, NULL, NULL),
       (74085, NULL, 1, 'skills_application_date', 8, 'Skills Application Date', 0, 'N', 'N', 'N', 'N', 'N', 'N', 'N', 'No', 0, NULL, NULL),
       (74086, NULL, 1, 'skills_assessment_body', 1, 'Skills Assessment Body', 40, 'N', 'N', 'N', 'N', 'N', 'N', 'N', 'No', 0, NULL, NULL),
       (74087, NULL, 1, 'registration_license_number', 1, 'Registration/License Number', 25, 'N', 'N', 'N', 'N', 'N', 'N', 'N', 'No', 0, NULL, NULL),
       (74088, NULL, 1, 'country_of_registration', 4, 'Country of Registration', 0, 'N', 'N', 'N', 'N', 'N', 'N', 'N', 'No', 0, NULL, NULL),
       (74089, NULL, 1, 'english_test_scores', 1, 'English Test Scores', 40, 'N', 'N', 'N', 'N', 'N', 'N', 'N', 'No', 0, NULL, NULL),
       (74090, NULL, 1, 'registration_expiry_date', 8, 'Registration Expiry Date', 0, 'N', 'N', 'N', 'N', 'N', 'N', 'N', 'No', 0, NULL, NULL),
       (74091, NULL, 1, 'qualification_completion_date', 8, 'Qualification Completion Date', 0, 'N', 'N', 'N', 'N', 'N', 'N', 'N', 'No', 0, NULL, NULL),
       (74092, NULL, 1, 'skills_expiry_date', 8, 'Skills Expiry Date', 0, 'N', 'N', 'N', 'N', 'N', 'N', 'N', 'No', 0, NULL, NULL),
       (74093, NULL, 1, 'skills_date_of_registration', 8, 'Registration Date', 0, 'N', 'N', 'N', 'N', 'N', 'N', 'N', 'No', 0, NULL, NULL),
       (74094, NULL, 1, 'relevant_australian_qualification', 1, 'Relevant Australian Qualification', 40, 'N', 'N', 'N', 'N', 'N', 'N', 'N', 'No', 0, NULL, NULL),
       (74095, NULL, 1, 'EOI_invitation_date', 8, 'EOI Invitation Date', 0, 'N', 'N', 'N', 'N', 'N', 'N', 'N', 'No', 0, NULL, NULL),
       (74096, NULL, 1, 'EOI_password', 1, 'EOI Password', 25, 'N', 'N', 'N', 'N', 'N', 'N', 'N', 'No', 0, NULL, NULL),
       (74097, NULL, 1, 'EOI_ID', 1, 'EOI ID', 25, 'N', 'N', 'N', 'N', 'N', 'N', 'N', 'No', 0, NULL, NULL),
       (74098, NULL, 1, '1_PCC_issue_date', 8, '1- PCC Issue Date', 0, 'N', 'N', 'N', 'N', 'N', 'N', 'N', 'No', 0, NULL, NULL),
       (74099, NULL, 1, '3_PCC_issue_date', 8, '3- PCC Issue Date', 0, 'N', 'N', 'N', 'N', 'N', 'N', 'N', 'No', 0, NULL, NULL),
       (74100, NULL, 1, '2_PCC_issue_date', 8, '2- PCC Issue Date', 0, 'N', 'N', 'N', 'N', 'N', 'N', 'N', 'No', 0, NULL, NULL),
       (74101, NULL, 1, '2_PCC_reference_number', 1, '2- PCC Reference#', 25, 'N', 'N', 'N', 'N', 'N', 'N', 'N', 'No', 0, NULL, NULL),
       (74102, NULL, 1, '3_PCC_reference_number', 1, '3- PCC Reference#', 25, 'N', 'N', 'N', 'N', 'N', 'N', 'N', 'No', 0, NULL, NULL),
       (74103, NULL, 1, '1_PCC_application_date', 8, '1- PCC Application Date', 0, 'N', 'N', 'N', 'N', 'N', 'N', 'N', 'No', 0, NULL, NULL),
       (74104, NULL, 1, '3_PCC_application_date', 8, '3- PCC Application Date', 0, 'N', 'N', 'N', 'N', 'N', 'N', 'N', 'No', 0, NULL, NULL),
       (74105, NULL, 1, '2_PCC_application_date', 8, '2- PCC Application Date', 0, 'N', 'N', 'N', 'N', 'N', 'N', 'N', 'No', 0, NULL, NULL),
       (74106, NULL, 1, '1_PCC_reference_number', 1, '1- PCC Reference#', 25, 'N', 'N', 'N', 'N', 'N', 'N', 'N', 'No', 0, NULL, NULL),
       (74107, NULL, 1, '1_country_of_PCC', 4, '1- Country of PCC', 0, 'N', 'N', 'N', 'N', 'N', 'N', 'N', 'No', 0, NULL, NULL),
       (74108, NULL, 1, '3_country_of_PCC', 4, '3- Country of PCC', 0, 'N', 'N', 'N', 'N', 'N', 'N', 'N', 'No', 0, NULL, NULL),
       (74109, NULL, 1, 'medical_exam_location', 1, 'Medical Exam. Location', 30, 'N', 'N', 'N', 'N', 'N', 'N', 'N', 'No', 0, NULL, NULL),
       (74110, NULL, 1, 'medical_reference_number', 1, 'Medical Reference#', 25, 'N', 'N', 'N', 'N', 'N', 'N', 'N', 'No', 0, NULL, NULL),
       (74111, NULL, 1, 'medical_TRN', 1, 'Medical TRN', 25, 'N', 'N', 'N', 'N', 'N', 'N', 'N', 'No', 0, NULL, NULL),
       (74112, NULL, 1, 'medical_xray_date', 8, 'X-Ray Date', 0, 'N', 'N', 'N', 'N', 'N', 'N', 'N', 'No', 0, NULL, NULL),
       (74113, NULL, 1, 'medical_date', 8, 'Medical Date', 0, 'N', 'N', 'N', 'N', 'N', 'N', 'N', 'No', 0, NULL, NULL),
       (74114, NULL, 1, 'HAP_ID', 1, 'HAP ID', 25, 'N', 'N', 'N', 'N', 'N', 'N', 'N', 'No', 0, NULL, NULL),
       (74115, NULL, 1, 'miss_docs_description', 11, 'Missing Documents', 0, 'N', 'N', 'N', 'N', 'N', 'N', 'N', 'No', 0, NULL, NULL),
       (74116, NULL, 1, 'file_status', 46, 'Case Status', 0, 'N', 'N', 'N', 'N', 'N', 'N', 'N', 'No', 0, NULL, NULL),
       (74117, NULL, 1, 'date_client_signed', 8, 'Date Client Signed', NULL, 'N', 'N', 'N', 'N', 'N', 'N', 'N', 'No', 0, NULL, NULL),
       (74118, NULL, 1, 'file_number', 1, 'Case Reference #', 32, 'N', 'N', 'N', 'N', 'N', 'N', 'N', 'No', 0, NULL, NULL),
       (74119, NULL, 1, 'visa_subclass', 30, 'Category', 0, 'N', 'N', 'N', 'N', 'N', 'N', 'N', 'No', 0, NULL, NULL),
       (74120, NULL, 1, 'inCanada', 1, 'Currently In Canada', 0, 'N', 'N', 'N', 'N', 'N', 'N', 'N', 'No', 0, NULL, NULL),
       (74121, NULL, 1, 'freqLanguage', 1, 'Frequently Used Language', 0, 'N', 'N', 'N', 'N', 'N', 'N', 'N', 'No', 0, NULL, NULL),
       (74122, NULL, 1, 'intendedResidence', 1, 'Intended Residence', 0, 'N', 'N', 'N', 'N', 'N', 'N', 'N', 'No', 0, NULL, NULL),
       (74123, NULL, 1, 'learnedAboutBCPNP', 11, 'Learned About BC PNP', 0, 'N', 'N', 'N', 'N', 'N', 'N', 'N', 'No', 0, NULL, NULL),
       (74124, NULL, 1, 'nativeLanguage', 1, 'Native Language', 0, 'N', 'N', 'N', 'N', 'N', 'N', 'N', 'No', 0, NULL, NULL),
       (74125, NULL, 1, 'postSecEdLevel', 34, 'Education in BC: Level', 0, 'N', 'N', 'N', 'N', 'N', 'N', 'N', 'No', 0, NULL, NULL),
       (74126, NULL, 1, 'inCanadaStatus', 1, 'Status In Canada', 0, 'N', 'N', 'N', 'N', 'N', 'N', 'N', 'No', 0, NULL, NULL),
       (74127, NULL, 1, 'studyPermitID', 1, 'Study Permit CIC Client ID/UCI', 0, 'N', 'N', 'N', 'N', 'N', 'N', 'N', 'No', 0, NULL, NULL),
       (74128, NULL, 1, 'studyPermitValidUntil', 8, 'Study Permit Valid Until', 0, 'N', 'N', 'N', 'N', 'N', 'N', 'N', 'No', 0, NULL, NULL),
       (74129, NULL, 1, 'workPermitID', 1, 'Work Permit CIC Client ID/UCI', 0, 'N', 'N', 'N', 'N', 'N', 'N', 'N', 'No', 0, NULL, NULL),
       (74130, NULL, 1, 'workPermitValid', 8, 'Work Permit Valid Until', 0, 'N', 'N', 'N', 'N', 'N', 'N', 'N', 'No', 0, NULL, NULL),
       (74131, NULL, 1, 'experience', 5, 'Business/Work Experience (8-24)', 0, 'N', 'N', 'N', 'Y', 'N', 'N', 'N', 'No', 0, NULL, NULL),
       (74132, NULL, 1, 'networth', 5, 'Personal Net Worth (1-12)', 0, 'N', 'N', 'N', 'Y', 'N', 'N', 'N', 'No', 0, NULL, NULL),
       (74133, NULL, 1, 'investment', 5, 'Eligible Investment (6-30)', 0, 'N', 'N', 'N', 'Y', 'N', 'N', 'N', 'No', 0, NULL, NULL),
       (74134, NULL, 1, 'job_creation', 5, 'Job Maintenance/Creation (1-36)', 0, 'N', 'N', 'N', 'Y', 'N', 'N', 'N', 'No', 0, NULL, NULL),
       (74139, NULL, 1, 'payment_date', 1, 'Payment Date', 0, 'N', 'N', 'N', 'N', 'N', 'N', 'N', 'No', 0, NULL, NULL),
       (74140, NULL, 1, 'order_number', 1, 'Order Number', 0, 'N', 'N', 'N', 'N', 'N', 'N', 'N', 'No', 0, NULL, NULL),
       (74141, NULL, 1, 'fee', 1, 'Fee', 0, 'N', 'N', 'N', 'N', 'N', 'N', 'N', 'No', 0, NULL, NULL),
       (74142, NULL, 1, 'transaction_id', 1, 'Transaction ID', 0, 'N', 'N', 'N', 'N', 'N', 'N', 'N', 'No', 0, NULL, NULL),
       (74145, NULL, 0, 'payment_date', 1, 'Payment Date', 0, 'N', 'N', 'N', 'N', 'N', 'N', 'N', 'No', 0, NULL, NULL),
       (74146, NULL, 1, 'payment_date_1', 1, 'Payment Date', 0, 'N', 'N', 'N', 'N', 'N', 'N', 'N', 'No', 0, NULL, NULL),
       (74147, NULL, 1, 'payment_date_2', 1, 'Payment Date', 0, 'N', 'N', 'N', 'N', 'N', 'N', 'N', 'No', 0, NULL, NULL),
       (74148, NULL, 0, 'order_number', 1, 'Order Number', 0, 'N', 'N', 'N', 'N', 'N', 'N', 'N', 'No', 0, NULL, NULL),
       (74149, NULL, 1, 'order_number_1', 1, 'Order Number', 0, 'N', 'N', 'N', 'N', 'N', 'N', 'N', 'No', 0, NULL, NULL),
       (74150, NULL, 1, 'order_number_2', 1, 'Order Number', 0, 'N', 'N', 'N', 'N', 'N', 'N', 'N', 'No', 0, NULL, NULL),
       (74151, NULL, 0, 'transaction_id', 1, 'Transaction ID', 0, 'N', 'N', 'N', 'N', 'N', 'N', 'N', 'No', 0, NULL, NULL),
       (74152, NULL, 1, 'transaction_id_1', 1, 'Transaction ID', 0, 'N', 'N', 'N', 'N', 'N', 'N', 'N', 'No', 0, NULL, NULL),
       (74153, NULL, 1, 'transaction_id_2', 1, 'Transaction ID', 0, 'N', 'N', 'N', 'N', 'N', 'N', 'N', 'No', 0, NULL, NULL),
       (74154, NULL, 0, 'fee', 1, 'Fee', 0, 'N', 'N', 'N', 'N', 'N', 'N', 'N', 'No', 0, NULL, NULL),
       (74155, NULL, 1, 'fee_1', 1, 'Fee', 0, 'N', 'N', 'N', 'N', 'N', 'N', 'N', 'No', 0, NULL, NULL),
       (74156, NULL, 1, 'fee_2', 1, 'Fee', 0, 'N', 'N', 'N', 'N', 'N', 'N', 'N', 'No', 0, NULL, NULL),
       (74157, NULL, 0, 'adaptability', 5, 'Adaptability (0-18)', 0, 'N', 'N', 'N', 'Y', 'N', 'N', 'N', 'No', 0, NULL, NULL),
       (74158, NULL, 1, 'adaptability', 5, 'Adaptability (0-18)', 0, 'N', 'N', 'N', 'Y', 'N', 'N', 'N', 'No', 0, NULL, NULL),
       (74159, NULL, 1, 'adaptability_1', 5, 'Adaptability (0-18)', 0, 'N', 'N', 'N', 'N', 'N', 'N', 'N', 'No', 0, NULL, NULL),
       (74164, NULL, 0, 'postSecEdLevelCan', 34, 'Education in Canada: Level', 0, 'N', 'N', 'N', 'N', 'N', 'N', 'N', 'No', 0, NULL, NULL),
       (74165, NULL, 1, 'postSecEdLevelCan', 34, 'Education in Canada: Level', 0, 'N', 'N', 'N', 'N', 'N', 'N', 'N', 'No', 0, NULL, NULL),
       (74166, NULL, 0, 'famMembers', 1, 'Family Members in Application', 0, 'N', 'N', 'N', 'N', 'N', 'N', 'N', 'No', 0, NULL, NULL),
       (74167, NULL, 1, 'famMembers', 1, 'Family Members in Application', 0, 'N', 'N', 'N', 'N', 'N', 'N', 'N', 'No', 0, NULL, NULL),
       (74168, NULL, 0, 'maritalStatus', 1, 'Married or in common-law relationship', 0, 'N', 'N', 'N', 'N', 'N', 'N', 'N', 'No', 0, NULL, NULL),
       (74169, NULL, 1, 'maritalStatus', 1, 'Married or in common-law relationship', 0, 'N', 'N', 'N', 'N', 'N', 'N', 'N', 'No', 0, NULL, NULL),
       (74171, NULL, 0, 'jobOfferCompLegalName', 1, 'Company/Organization Legal Name', 0, 'N', 'N', 'N', 'N', 'N', 'N', 'N', 'No', 0, NULL, NULL),
       (74172, NULL, 1, 'jobOfferCompLegalName', 1, 'Company/Organization Legal Name', 0, 'N', 'N', 'N', 'N', 'N', 'N', 'N', 'No', 0, NULL, NULL),
       (74173, NULL, 0, 'jobOfferCompOpName', 1, 'Company/Organization Operating Name', 0, 'N', 'N', 'N', 'N', 'N', 'N', 'N', 'No', 0, NULL, NULL),
       (74174, NULL, 1, 'jobOfferCompOpName', 1, 'Company/Organization Operating Name', 0, 'N', 'N', 'N', 'N', 'N', 'N', 'N', 'No', 0, NULL, NULL),
       (74175, NULL, 0, 'jobOfferCompMailCity', 1, 'Company/Organization Mailing City', 0, 'N', 'N', 'N', 'N', 'N', 'N', 'N', 'No', 0, NULL, NULL),
       (74176, NULL, 1, 'jobOfferCompMailCity', 1, 'Company/Organization Mailing City', 0, 'N', 'N', 'N', 'N', 'N', 'N', 'N', 'No', 0, NULL, NULL),
       (74177, NULL, 0, 'jobOfferCompBusCity', 1, 'Company/Organization Business City', 0, 'N', 'N', 'N', 'N', 'N', 'N', 'N', 'No', 0, NULL, NULL),
       (74178, NULL, 1, 'jobOfferCompBusCity', 1, 'Company/Organization Business City', 0, 'N', 'N', 'N', 'N', 'N', 'N', 'N', 'No', 0, NULL, NULL),
       (74179, NULL, 0, 'jobOfferContLName', 1, 'Employer Contact Last Name', 0, 'N', 'N', 'N', 'N', 'N', 'N', 'N', 'No', 0, NULL, NULL),
       (74180, NULL, 1, 'jobOfferContLName', 1, 'Employer Contact Last Name', 0, 'N', 'N', 'N', 'N', 'N', 'N', 'N', 'No', 0, NULL, NULL),
       (74181, NULL, 0, 'jobOfferContFName', 1, 'Employer Contact First Name', 0, 'N', 'N', 'N', 'N', 'N', 'N', 'N', 'No', 0, NULL, NULL),
       (74182, NULL, 1, 'jobOfferContFName', 1, 'Employer Contact First Name', 0, 'N', 'N', 'N', 'N', 'N', 'N', 'N', 'No', 0, NULL, NULL),
       (74183, NULL, 0, 'jobOfferContTitle', 1, 'Employer Contact Title', 0, 'N', 'N', 'N', 'N', 'N', 'N', 'N', 'No', 0, NULL, NULL),
       (74184, NULL, 1, 'jobOfferContTitle', 1, 'Employer Contact Title', 0, 'N', 'N', 'N', 'N', 'N', 'N', 'N', 'No', 0, NULL, NULL),
       (74185, NULL, 0, 'jobOfferContEmail', 1, 'Employer Contact Email', 0, 'N', 'N', 'N', 'N', 'N', 'N', 'N', 'No', 0, NULL, NULL),
       (74186, NULL, 1, 'jobOfferContEmail', 1, 'Employer Contact Email', 0, 'N', 'N', 'N', 'N', 'N', 'N', 'N', 'No', 0, NULL, NULL),
       (74187, NULL, 0, 'jobOfferCompEmplNo', 1, 'Number of Employers in Company/Organization', 0, 'N', 'N', 'N', 'N', 'N', 'N', 'N', 'No', 0, NULL, NULL),
       (74188, NULL, 1, 'jobOfferCompEmplNo', 1, 'Number of Employers in Company/Organization', 0, 'N', 'N', 'N', 'N', 'N', 'N', 'N', 'No', 0, NULL, NULL),
       (74189, NULL, 0, 'jobOfferCompSector', 1, 'Company/Organization Economic Sector', 0, 'N', 'N', 'N', 'N', 'N', 'N', 'N', 'No', 0, NULL, NULL),
       (74190, NULL, 1, 'jobOfferCompSector', 1, 'Company/Organization Economic Sector', 0, 'N', 'N', 'N', 'N', 'N', 'N', 'N', 'No', 0, NULL, NULL),
       (74191, NULL, 0, 'jobOfferTitle', 1, 'Job Title', 0, 'N', 'N', 'N', 'N', 'N', 'N', 'N', 'No', 0, NULL, NULL),
       (74192, NULL, 1, 'jobOfferTitle', 1, 'Job Title', 0, 'N', 'N', 'N', 'N', 'N', 'N', 'N', 'No', 0, NULL, NULL),
       (74193, NULL, 0, 'jobOfferNOC', 1, 'Job NOC', 0, 'N', 'N', 'N', 'N', 'N', 'N', 'N', 'No', 0, NULL, NULL),
       (74194, NULL, 1, 'jobOfferNOC', 1, 'Job NOC', 0, 'N', 'N', 'N', 'N', 'N', 'N', 'N', 'No', 0, NULL, NULL),
       (74195, NULL, 0, 'jobOfferHourlyWage', 1, 'Job Hourly Wage', 0, 'N', 'N', 'N', 'N', 'N', 'N', 'N', 'No', 0, NULL, NULL),
       (74196, NULL, 1, 'jobOfferHourlyWage', 1, 'Job Hourly Wage', 0, 'N', 'N', 'N', 'N', 'N', 'N', 'N', 'No', 0, NULL, NULL),
       (74197, NULL, 0, 'jobOfferAnnualWage', 1, 'Job Annual Wage', 0, 'N', 'N', 'N', 'N', 'N', 'N', 'N', 'No', 0, NULL, NULL),
       (74198, NULL, 1, 'jobOfferAnnualWage', 1, 'Job Annual Wage', 0, 'N', 'N', 'N', 'N', 'N', 'N', 'N', 'No', 0, NULL, NULL),
       (74199, NULL, 0, 'jobOfferHoursPerWeek', 1, 'Job Hours of Work per Week', 0, 'N', 'N', 'N', 'N', 'N', 'N', 'N', 'No', 0, NULL, NULL),
       (74200, NULL, 1, 'jobOfferHoursPerWeek', 1, 'Job Hours of Work per Week', 0, 'N', 'N', 'N', 'N', 'N', 'N', 'N', 'No', 0, NULL, NULL),
       (74201, NULL, 0, 'jobOfferCity', 34, 'Work City', 0, 'N', 'N', 'N', 'N', 'N', 'N', 'N', 'No', 0, NULL, NULL),
       (74202, NULL, 1, 'jobOfferCity', 34, 'Work City', 0, 'N', 'N', 'N', 'N', 'N', 'N', 'N', 'No', 0, NULL, NULL),
       (74203, NULL, 0, 'jobOfferPostal', 34, 'Work Postal Code', 0, 'N', 'N', 'N', 'N', 'N', 'N', 'N', 'No', 0, NULL, NULL),
       (74204, NULL, 1, 'jobOfferPostal', 34, 'Work Postal Code', 0, 'N', 'N', 'N', 'N', 'N', 'N', 'N', 'No', 0, NULL, NULL),
       (74234, NULL, 0, 'sirsExpiryDate', 1, 'SIRS Expiration Date', 0, 'N', 'N', 'N', 'N', 'N', 'N', 'N', 'No', 0, NULL, NULL),
       (74235, NULL, 1, 'sirsExpiryDate', 1, 'SIRS Expiration Date', 0, 'N', 'N', 'N', 'N', 'N', 'N', 'N', 'No', 0, NULL, NULL),
       (74236, NULL, 0, 'siCategoryName', 1, 'SI Category Name', 0, 'N', 'N', 'N', 'N', 'N', 'N', 'N', 'No', 0, NULL, NULL),
       (74237, NULL, 1, 'siCategoryName', 1, 'SI Category Name', 0, 'N', 'N', 'N', 'N', 'N', 'N', 'N', 'No', 0, NULL, NULL),
       (74238, NULL, 0, 'decisionRationale', 11, 'Decision Rationale', 0, 'N', 'N', 'N', 'N', 'N', 'N', 'N', 'No', 0, NULL, NULL),
       (74239, NULL, 1, 'decisionRationale', 11, 'Decision Rationale', 0, 'N', 'N', 'N', 'N', 'N', 'N', 'N', 'No', 0, NULL, NULL),
       (74240, NULL, 0, 'decisionMadeBy', 28, 'Made By', 0, 'N', 'N', 'N', 'N', 'N', 'N', 'N', 'No', 0, NULL, NULL),
       (74241, NULL, 1, 'decisionMadeBy', 28, 'Made By', 0, 'N', 'N', 'N', 'N', 'N', 'N', 'N', 'No', 0, NULL, NULL),
       (74242, NULL, 0, 'decisionFinalized', 7, 'Decision Finalized', 0, 'N', 'N', 'N', 'N', 'N', 'N', 'N', 'No', 0, NULL, NULL),
       (74243, NULL, 1, 'decisionFinalized', 7, 'Decision Finalized', 0, 'N', 'N', 'N', 'N', 'N', 'N', 'N', 'No', 0, NULL, NULL),
       (74244, NULL, 0, 'scoreExperienceSI', 5, 'Experience', 0, 'N', 'N', 'N', 'N', 'N', 'N', 'N', 'No', 0, NULL, NULL),
       (74245, NULL, 1, 'scoreExperienceSI', 5, 'Experience', 0, 'N', 'N', 'N', 'N', 'N', 'N', 'N', 'No', 0, NULL, NULL),
       (74246, NULL, 0, 'scoreEducationSI', 5, 'Education', 0, 'N', 'N', 'N', 'N', 'N', 'N', 'N', 'No', 0, NULL, NULL),
       (74247, NULL, 1, 'scoreEducationSI', 5, 'Education', 0, 'N', 'N', 'N', 'N', 'N', 'N', 'N', 'No', 0, NULL, NULL),
       (74248, NULL, 0, 'scoreLanguageSI', 5, 'Language', 0, 'N', 'N', 'N', 'N', 'N', 'N', 'N', 'No', 0, NULL, NULL),
       (74249, NULL, 1, 'scoreLanguageSI', 5, 'Language', 0, 'N', 'N', 'N', 'N', 'N', 'N', 'N', 'No', 0, NULL, NULL),
       (74250, NULL, 0, 'scoreNocSI', 5, 'NOC', 0, 'N', 'N', 'N', 'N', 'N', 'N', 'N', 'No', 0, NULL, NULL),
       (74251, NULL, 1, 'scoreNocSI', 5, 'NOC', 0, 'N', 'N', 'N', 'N', 'N', 'N', 'N', 'No', 0, NULL, NULL),
       (74252, NULL, 0, 'scoreWageSI', 5, 'Wage', 0, 'N', 'N', 'N', 'N', 'N', 'N', 'N', 'No', 0, NULL, NULL),
       (74253, NULL, 1, 'scoreWageSI', 5, 'Wage', 0, 'N', 'N', 'N', 'N', 'N', 'N', 'N', 'No', 0, NULL, NULL),
       (74254, NULL, 0, 'scoreDistrictSI', 5, 'Work Location', 0, 'N', 'N', 'N', 'N', 'N', 'N', 'N', 'No', 0, NULL, NULL),
       (74255, NULL, 1, 'scoreDistrictSI', 5, 'Work Location', 0, 'N', 'N', 'N', 'N', 'N', 'N', 'N', 'No', 0, NULL, NULL),
       (74256, NULL, 0, 'scoreTotalSI', 35, 'Total', 0, 'N', 'N', 'N', 'N', 'N', 'N', 'N', 'No', 0, NULL, NULL),
       (74257, NULL, 1, 'scoreTotalSI', 35, 'Total', 0, 'N', 'N', 'N', 'N', 'N', 'N', 'N', 'No', 0, NULL, NULL),
       (74258, NULL, 0, 'verifiedExperienceEI', 5, 'Business/Work Experience (8-24)', 0, 'N', 'N', 'N', 'N', 'N', 'N', 'N', 'No', 0, NULL, NULL),
       (74259, NULL, 1, 'verifiedExperienceEI', 5, 'Business/Work Experience (8-24)', 0, 'N', 'N', 'N', 'N', 'N', 'N', 'N', 'No', 0, NULL, NULL),
       (74260, NULL, 0, 'verifiedNetworthEI', 5, 'Personal Net Worth (1-12)', 0, 'N', 'N', 'N', 'N', 'N', 'N', 'N', 'No', 0, NULL, NULL),
       (74261, NULL, 1, 'verifiedNetworthEI', 5, 'Personal Net Worth (1-12)', 0, 'N', 'N', 'N', 'N', 'N', 'N', 'N', 'No', 0, NULL, NULL),
       (74262, NULL, 0, 'verifiedInvestmentEI', 5, 'Eligible Investment (6-30)', 0, 'N', 'N', 'N', 'N', 'N', 'N', 'N', 'No', 0, NULL, NULL),
       (74263, NULL, 1, 'verifiedInvestmentEI', 5, 'Eligible Investment (6-30)', 0, 'N', 'N', 'N', 'N', 'N', 'N', 'N', 'No', 0, NULL, NULL),
       (74264, NULL, 0, 'verifiedJobCreationEI', 5, 'Job Maintenance/Creation (1-36)', 0, 'N', 'N', 'N', 'N', 'N', 'N', 'N', 'No', 0, NULL, NULL),
       (74265, NULL, 1, 'verifiedJobCreationEI', 5, 'Job Maintenance/Creation (1-36)', 0, 'N', 'N', 'N', 'N', 'N', 'N', 'N', 'No', 0, NULL, NULL),
       (74266, NULL, 0, 'verifiedAdaptabilityEI', 5, 'Adaptability (0-18)', 0, 'N', 'N', 'N', 'N', 'N', 'N', 'N', 'No', 0, NULL, NULL),
       (74267, NULL, 1, 'verifiedAdaptabilityEI', 5, 'Adaptability (0-18)', 0, 'N', 'N', 'N', 'N', 'N', 'N', 'N', 'No', 0, NULL, NULL),
       (74268, NULL, 0, 'verifiedTotalEI', 35, 'Total (16-120)', 0, 'N', 'N', 'N', 'N', 'N', 'N', 'N', 'No', 0, NULL, NULL),
       (74269, NULL, 1, 'verifiedTotalEI', 35, 'Total (16-120)', 0, 'N', 'N', 'N', 'N', 'N', 'N', 'N', 'No', 0, NULL, NULL),
       (74270, NULL, 0, 'busConceptEBEI', 35, 'Economic Benefits', 0, 'N', 'N', 'N', 'N', 'N', 'N', 'N', 'No', 0, NULL, NULL),
       (74271, NULL, 1, 'busConceptEBEI', 35, 'Economic Benefits', 0, 'N', 'N', 'N', 'N', 'N', 'N', 'N', 'No', 0, NULL, NULL),
       (74272, NULL, 0, 'busConceptCVEI', 35, 'Commercial Viability', 0, 'N', 'N', 'N', 'N', 'N', 'N', 'N', 'No', 0, NULL, NULL),
       (74273, NULL, 1, 'busConceptCVEI', 35, 'Commercial Viability', 0, 'N', 'N', 'N', 'N', 'N', 'N', 'N', 'No', 0, NULL, NULL),
       (74274, NULL, 0, 'busConceptSTEI', 5, 'Transferability of Skills', 0, 'N', 'N', 'N', 'N', 'N', 'N', 'N', 'No', 0, NULL, NULL),
       (74275, NULL, 1, 'busConceptSTEI', 5, 'Transferability of Skills', 0, 'N', 'N', 'N', 'N', 'N', 'N', 'N', 'No', 0, NULL, NULL),
       (74276, NULL, 0, 'busConceptCommentEI', 11, 'Comment', 0, 'N', 'N', 'N', 'N', 'N', 'N', 'N', 'No', 0, NULL, NULL),
       (74277, NULL, 1, 'busConceptCommentEI', 11, 'Comment', 0, 'N', 'N', 'N', 'N', 'N', 'N', 'N', 'No', 0, NULL, NULL),
       (74278, NULL, 0, 'busConceptSubtotalEI', 35, 'Business Concept Subtotal (32-80)', 0, 'N', 'N', 'N', 'N', 'N', 'N', 'N', 'No', 0, NULL, NULL),
       (74279, NULL, 1, 'busConceptSubtotalEI', 35, 'Business Concept Subtotal (32-80)', 0, 'N', 'N', 'N', 'N', 'N', 'N', 'N', 'No', 0, NULL, NULL),
       (74280, NULL, 0, 'scoreTotalEI', 35, 'Total Score (48-200)', 0, 'N', 'N', 'N', 'N', 'N', 'N', 'N', 'No', 0, NULL, NULL),
       (74281, NULL, 1, 'scoreTotalEI', 35, 'Total Score (48-200)', 0, 'N', 'N', 'N', 'N', 'N', 'N', 'N', 'No', 0, NULL, NULL),
       (74297, NULL, 0, 'businessModelEI', 5, 'Business Model', 0, 'N', 'N', 'N', 'N', 'N', 'N', 'N', 'No', 0, NULL, NULL),
       (74298, NULL, 1, 'businessModelEI', 5, 'Business Model', 0, 'N', 'N', 'N', 'N', 'N', 'N', 'N', 'No', 0, NULL, NULL),
       (74299, NULL, 0, 'marketEI', 5, 'Market', 0, 'N', 'N', 'N', 'N', 'N', 'N', 'N', 'No', 0, NULL, NULL),
       (74300, NULL, 1, 'marketEI', 5, 'Market', 0, 'N', 'N', 'N', 'N', 'N', 'N', 'N', 'No', 0, NULL, NULL),
       (74301, NULL, 0, 'uniqueSellingPointEI', 5, 'Unique Selling Point', 0, 'N', 'N', 'N', 'N', 'N', 'N', 'N', 'No', 0, NULL, NULL),
       (74302, NULL, 1, 'uniqueSellingPointEI', 5, 'Unique Selling Point', 0, 'N', 'N', 'N', 'N', 'N', 'N', 'N', 'No', 0, NULL, NULL),
       (74303, NULL, 0, 'dueDiligenceEI', 5, 'Due Diligence', 0, 'N', 'N', 'N', 'N', 'N', 'N', 'N', 'No', 0, NULL, NULL),
       (74304, NULL, 1, 'dueDiligenceEI', 5, 'Due Diligence', 0, 'N', 'N', 'N', 'N', 'N', 'N', 'N', 'No', 0, NULL, NULL),
       (74305, NULL, 0, 'ownershipEI', 5, 'Ownership Percentage', 0, 'N', 'N', 'N', 'N', 'N', 'N', 'N', 'No', 0, NULL, NULL),
       (74306, NULL, 1, 'ownershipEI', 5, 'Ownership Percentage', 0, 'N', 'N', 'N', 'N', 'N', 'N', 'N', 'No', 0, NULL, NULL),
       (74307, NULL, 0, 'riskFactorsEI', 5, 'Risk Factors', 0, 'N', 'N', 'N', 'N', 'N', 'N', 'N', 'No', 0, NULL, NULL),
       (74308, NULL, 1, 'riskFactorsEI', 5, 'Risk Factors', 0, 'N', 'N', 'N', 'N', 'N', 'N', 'N', 'No', 0, NULL, NULL),
       (74309, NULL, 0, 'busExpEI', 5, 'Business Experience', 0, 'N', 'N', 'N', 'N', 'N', 'N', 'N', 'No', 0, NULL, NULL),
       (74310, NULL, 1, 'busExpEI', 5, 'Business Experience', 0, 'N', 'N', 'N', 'N', 'N', 'N', 'N', 'No', 0, NULL, NULL),
       (74311, NULL, 0, 'workExpEI', 5, 'Work Experience', 0, 'N', 'N', 'N', 'N', 'N', 'N', 'N', 'No', 0, NULL, NULL),
       (74312, NULL, 1, 'workExpEI', 5, 'Work Experience', 0, 'N', 'N', 'N', 'N', 'N', 'N', 'N', 'No', 0, NULL, NULL),
       (74313, NULL, 0, 'langAbilEI', 5, 'Language Ability', 0, 'N', 'N', 'N', 'N', 'N', 'N', 'N', 'No', 0, NULL, NULL),
       (74314, NULL, 1, 'langAbilEI', 5, 'Language Ability', 0, 'N', 'N', 'N', 'N', 'N', 'N', 'N', 'No', 0, NULL, NULL),
       (74315, NULL, 0, 'keySectorEI', 5, 'Key Sector / Significant Benefit', 0, 'N', 'N', 'N', 'N', 'N', 'N', 'N', 'No', 0, NULL, NULL),
       (74316, NULL, 1, 'keySectorEI', 5, 'Key Sector / Significant Benefit', 0, 'N', 'N', 'N', 'N', 'N', 'N', 'N', 'No', 0, NULL, NULL),
       (74317, NULL, 0, 'districtEI', 5, 'Regional District', 0, 'N', 'N', 'N', 'N', 'N', 'N', 'N', 'No', 0, NULL, NULL),
       (74318, NULL, 1, 'districtEI', 5, 'Regional District', 0, 'N', 'N', 'N', 'N', 'N', 'N', 'N', 'No', 0, NULL, NULL),
       (74319, NULL, 0, 'sirsJobOfferCity', 1, 'City/Town', 0, 'N', 'N', 'N', 'N', 'N', 'N', 'N', 'No', 0, NULL, NULL),
       (74320, NULL, 1, 'sirsJobOfferCity', 1, 'City/Town', 0, 'N', 'N', 'N', 'N', 'N', 'N', 'N', 'No', 0, NULL, NULL),
       (74321, NULL, 0, 'sirsJobOfferPostalCode', 1, 'Postal/Zip Code', 0, 'N', 'N', 'N', 'N', 'N', 'N', 'N', 'No', 0, NULL, NULL),
       (74322, NULL, 1, 'sirsJobOfferPostalCode', 1, 'Postal/Zip Code', 0, 'N', 'N', 'N', 'N', 'N', 'N', 'N', 'No', 0, NULL, NULL),
       (74326, NULL, 0, 'ei_app_bus_desc', 11, 'Business Type Description', 0, 'N', 'N', 'N', 'N', 'N', 'N', 'N', 'No', 0, NULL, NULL),
       (74327, NULL, 1, 'ei_app_bus_desc', 11, 'Business Type Description', 0, 'N', 'N', 'N', 'N', 'N', 'N', 'N', 'No', 0, NULL, NULL),
       (74329, NULL, 0, 'ei_app_jobs_maint', 1, 'Total Jobs Maintained', 10, 'N', 'N', 'N', 'N', 'N', 'N', 'N', 'No', 0, NULL, NULL),
       (74330, NULL, 1, 'ei_app_jobs_maint', 1, 'Total Jobs Maintained', 10, 'N', 'N', 'N', 'N', 'N', 'N', 'N', 'No', 0, NULL, NULL),
       (74332, NULL, 0, 'ei_app_jobs_created', 1, 'Total Jobs Created', 10, 'N', 'N', 'N', 'N', 'N', 'N', 'N', 'No', 0, NULL, NULL),
       (74333, NULL, 1, 'ei_app_jobs_created', 1, 'Total Jobs Created', 10, 'N', 'N', 'N', 'N', 'N', 'N', 'N', 'No', 0, NULL, NULL),
       (74335, NULL, 0, 'ei_app_bus_is_franchise', 1, 'Franchise Business', 5, 'N', 'N', 'N', 'N', 'N', 'N', 'N', 'No', 0, NULL, NULL),
       (74336, NULL, 1, 'ei_app_bus_is_franchise', 1, 'Franchise Business', 5, 'N', 'N', 'N', 'N', 'N', 'N', 'N', 'No', 0, NULL, NULL),
       (74338, NULL, 0, 'ei_app_bus_is_farm', 1, 'Farm/Agricultural Business', 5, 'N', 'N', 'N', 'N', 'N', 'N', 'N', 'No', 0, NULL, NULL),
       (74339, NULL, 1, 'ei_app_bus_is_farm', 1, 'Farm/Agricultural Business', 5, 'N', 'N', 'N', 'N', 'N', 'N', 'N', 'No', 0, NULL, NULL),
       (74341, NULL, 0, 'ei_app_bus_is_local_partner', 1, 'Partnership with a local partner(s)', 5, 'N', 'N', 'N', 'N', 'N', 'N', 'N', 'No', 0, NULL, NULL),
       (74342, NULL, 1, 'ei_app_bus_is_local_partner', 1, 'Partnership with a local partner(s)', 5, 'N', 'N', 'N', 'N', 'N', 'N', 'N', 'No', 0, NULL, NULL),
       (74344, NULL, 0, 'ei_app_bus_is_co_pnp_partner', 1, 'Partnership with a BC PNP co-applicant(s)', 5, 'N', 'N', 'N', 'N', 'N', 'N', 'N', 'No', 0, NULL, NULL),
       (74345, NULL, 1, 'ei_app_bus_is_co_pnp_partner', 1, 'Partnership with a BC PNP co-applicant(s)', 5, 'N', 'N', 'N', 'N', 'N', 'N', 'N', 'No', 0, NULL, NULL),
       (74347, NULL, 0, 'ei_app_bus_key_staff', 1, 'Proposing a foreign key staff', 5, 'N', 'N', 'N', 'N', 'N', 'N', 'N', 'No', 0, NULL, NULL),
       (74348, NULL, 1, 'ei_app_bus_key_staff', 1, 'Proposing a foreign key staff', 5, 'N', 'N', 'N', 'N', 'N', 'N', 'N', 'No', 0, NULL, NULL),
       (74350, NULL, 0, 'ei_app_has_active_app', 1, 'Has Active Application', 10, 'N', 'N', 'N', 'N', 'N', 'N', 'N', 'No', 0, NULL, NULL),
       (74351, NULL, 1, 'ei_app_has_active_app', 1, 'Has Active Application', 10, 'N', 'N', 'N', 'N', 'N', 'N', 'N', 'No', 0, NULL, NULL),
       (74353, NULL, 0, 'ei_app_has_pnp_active_app', 1, 'Has Active Application with BC PNP', 10, 'N', 'N', 'N', 'N', 'N', 'N', 'N', 'No', 0, NULL, NULL),
       (74354, NULL, 1, 'ei_app_has_pnp_active_app', 1, 'Has Active Application with BC PNP', 10, 'N', 'N', 'N', 'N', 'N', 'N', 'N', 'No', 0, NULL, NULL),
       (74356, NULL, 0, 'ei_app_active_app_details', 11, 'Details About Other Active Application', 0, 'N', 'N', 'N', 'N', 'N', 'N', 'N', 'No', 0, NULL, NULL),
       (74357, NULL, 1, 'ei_app_active_app_details', 11, 'Details About Other Active Application', 0, 'N', 'N', 'N', 'N', 'N', 'N', 'N', 'No', 0, NULL, NULL),
       (74359, NULL, 0, 'ei_app_cur_res_country', 4, 'Current Country of Residence', 0, 'N', 'N', 'N', 'N', 'N', 'N', 'N', 'No', 0, NULL, NULL),
       (74360, NULL, 1, 'ei_app_cur_res_country', 4, 'Current Country of Residence', 0, 'N', 'N', 'N', 'N', 'N', 'N', 'N', 'No', 0, NULL, NULL),
       (74362, NULL, 0, 'visitorID', 1, 'Visitor CIC ID/UCI', 20, 'N', 'N', 'N', 'N', 'N', 'N', 'N', 'No', 0, NULL, NULL),
       (74363, NULL, 1, 'visitorID', 1, 'Visitor CIC ID/UCI', 20, 'N', 'N', 'N', 'N', 'N', 'N', 'N', 'No', 0, NULL, NULL),
       (74365, NULL, 0, 'ei_app_legal_actions_taken', 1, 'Has Legal Actions Taken', 5, 'N', 'N', 'N', 'N', 'N', 'N', 'N', 'No', 0, NULL, NULL),
       (74366, NULL, 1, 'ei_app_legal_actions_taken', 1, 'Has Legal Actions Taken', 5, 'N', 'N', 'N', 'N', 'N', 'N', 'N', 'No', 0, NULL, NULL),
       (74368, NULL, 0, 'ei_app_personal_bankruptcy', 1, 'Has Declared Personal Bankruptcy', 5, 'N', 'N', 'N', 'N', 'N', 'N', 'N', 'No', 0, NULL, NULL),
       (74369, NULL, 1, 'ei_app_personal_bankruptcy', 1, 'Has Declared Personal Bankruptcy', 5, 'N', 'N', 'N', 'N', 'N', 'N', 'N', 'No', 0, NULL, NULL),
       (74371, NULL, 0, 'ei_app_business_bankruptcy', 1, 'Has Declared Business Bankruptcy', 5, 'N', 'N', 'N', 'N', 'N', 'N', 'N', 'No', 0, NULL, NULL),
       (74372, NULL, 1, 'ei_app_business_bankruptcy', 1, 'Has Declared Business Bankruptcy', 5, 'N', 'N', 'N', 'N', 'N', 'N', 'N', 'No', 0, NULL, NULL),
       (74379, NULL, 0, 'rev_req_file_number', 1, 'PNP File Number', 0, 'N', 'N', 'N', 'N', 'N', 'N', 'N', 'No', 0, NULL, NULL),
       (74380, NULL, 1, 'rev_req_file_number', 1, 'PNP File Number', 0, 'N', 'N', 'N', 'N', 'N', 'N', 'N', 'No', 0, NULL, NULL),
       (74382, NULL, 0, 'rev_req_decision_date', 1, 'Date of Decision Notice', 0, 'N', 'N', 'N', 'N', 'N', 'N', 'N', 'No', 0, NULL, NULL),
       (74383, NULL, 1, 'rev_req_decision_date', 1, 'Date of Decision Notice', 0, 'N', 'N', 'N', 'N', 'N', 'N', 'N', 'No', 0, NULL, NULL),
       (74385, NULL, 0, 'rev_req_rep_authorized', 1, 'Representative Authorized', 0, 'N', 'N', 'N', 'N', 'N', 'N', 'N', 'No', 0, NULL, NULL),
       (74386, NULL, 1, 'rev_req_rep_authorized', 1, 'Representative Authorized', 0, 'N', 'N', 'N', 'N', 'N', 'N', 'N', 'No', 0, NULL, NULL),
       (74388, NULL, 0, 'rev_req_grounds', 11, 'Explanation of Grounds for Review', 0, 'N', 'N', 'N', 'N', 'N', 'N', 'N', 'No', 0, NULL, NULL),
       (74389, NULL, 1, 'rev_req_grounds', 11, 'Explanation of Grounds for Review', 0, 'N', 'N', 'N', 'N', 'N', 'N', 'N', 'No', 0, NULL, NULL),
       (74391, NULL, 0, 'decision_made_on', 8, 'Decision Made On', 0, 'N', 'N', 'N', 'N', 'N', 'N', 'N', 'No', 0, NULL, NULL),
       (74392, NULL, 1, 'decision_made_on', 8, 'Decision Made On', 0, 'N', 'N', 'N', 'N', 'N', 'N', 'N', 'No', 0, NULL, NULL),
       (74394, NULL, 0, 'kskeydid', 37, 'KSKEYdId', 0, 'N', 'N', 'N', 'N', 'N', 'N', 'N', 'No', 0, NULL, NULL),
       (74395, NULL, 1, 'kskeydid', 37, 'KSKEYdId', 0, 'N', 'N', 'N', 'N', 'N', 'N', 'N', 'No', 0, NULL, NULL),
       (74397, NULL, 0, 'ks_principal_app_file_number', 1, 'Principal Application Reference #', 0, 'N', 'N', 'N', 'N', 'N', 'N', 'N', 'No', 0, NULL, NULL),
       (74398, NULL, 1, 'ks_principal_app_file_number', 1, 'Principal Application Reference #', 0, 'N', 'N', 'N', 'N', 'N', 'N', 'N', 'No', 0, NULL, NULL),
       (74400, NULL, 0, 'ei_app_ks_file_number', 1, 'Key Staff File Number', 0, 'N', 'N', 'N', 'N', 'N', 'N', 'N', 'No', 0, NULL, NULL),
       (74401, NULL, 1, 'ei_app_ks_file_number', 1, 'Key Staff File Number', 0, 'N', 'N', 'N', 'N', 'N', 'N', 'N', 'No', 0, NULL, NULL),
       (74403, NULL, 0, 'ei_app_ks_email', 1, 'Key Staff Email', 0, 'N', 'N', 'N', 'N', 'N', 'N', 'N', 'No', 0, NULL, NULL),
       (74404, NULL, 1, 'ei_app_ks_email', 1, 'Key Staff Email', 0, 'N', 'N', 'N', 'N', 'N', 'N', 'N', 'No', 0, NULL, NULL),
       (74406, NULL, 0, 'ei_app_ks_submitted_on', 1, 'Key Staff Application Submitted On', 0, 'N', 'N', 'N', 'N', 'N', 'N', 'N', 'No', 0, NULL, NULL),
       (74407, NULL, 1, 'ei_app_ks_submitted_on', 1, 'Key Staff Application Submitted On', 0, 'N', 'N', 'N', 'N', 'N', 'N', 'N', 'No', 0, NULL, NULL),
       (74409, NULL, 0, 'ei_wp_client_id', 1, 'Work Permit ID', 20, 'N', 'N', 'N', 'N', 'N', 'N', 'N', 'No', 0, NULL, NULL),
       (74410, NULL, 1, 'ei_wp_client_id', 1, 'Work Permit ID', 20, 'N', 'N', 'N', 'N', 'N', 'N', 'N', 'No', 0, NULL, NULL),
       (74412, NULL, 0, 'ei_wp_client_signed_on', 1, 'Work Permit Date Signed', 20, 'N', 'N', 'N', 'N', 'N', 'N', 'N', 'No', 0, NULL, NULL),
       (74413, NULL, 1, 'ei_wp_client_signed_on', 1, 'Work Permit Date Signed', 20, 'N', 'N', 'N', 'N', 'N', 'N', 'N', 'No', 0, NULL, NULL),
       (74415, NULL, 0, 'ei_wp_valid', 1, 'Work Permit Expiry Date', 20, 'N', 'N', 'N', 'N', 'N', 'N', 'N', 'No', 0, NULL, NULL),
       (74416, NULL, 1, 'ei_wp_valid', 1, 'Work Permit Expiry Date', 20, 'N', 'N', 'N', 'N', 'N', 'N', 'N', 'No', 0, NULL, NULL),
       (74418, NULL, 0, 'ownership_bonus', 5, 'Ownership Bonus', 0, 'N', 'N', 'N', 'N', 'N', 'N', 'N', 'No', 0, NULL, NULL),
       (74419, NULL, 1, 'ownership_bonus', 5, 'Ownership Bonus', 0, 'N', 'N', 'N', 'N', 'N', 'N', 'N', 'No', 0, NULL, NULL),
       (74421, NULL, 0, 'total_investment', 5, 'Total Investment', 0, 'N', 'N', 'N', 'N', 'N', 'N', 'N', 'No', 0, NULL, NULL),
       (74422, NULL, 1, 'total_investment', 5, 'Total Investment', 0, 'N', 'N', 'N', 'N', 'N', 'N', 'N', 'No', 0, NULL, NULL),
       (74424, NULL, 0, 'business_location', 5, 'Business Region', 0, 'N', 'N', 'N', 'N', 'N', 'N', 'N', 'No', 0, NULL, NULL),
       (74425, NULL, 1, 'business_location', 5, 'Business Region', 0, 'N', 'N', 'N', 'N', 'N', 'N', 'N', 'No', 0, NULL, NULL),
       (74427, NULL, 0, 'verifiedTotalInvestmentEI', 5, 'Total Investment (8-20)', 0, 'N', 'N', 'N', 'N', 'N', 'N', 'N', 'No', 0, NULL, NULL),
       (74428, NULL, 1, 'verifiedTotalInvestmentEI', 5, 'Total Investment (8-20)', 0, 'N', 'N', 'N', 'N', 'N', 'N', 'N', 'No', 0, NULL, NULL),
       (74430, NULL, 0, 'verifiedOwnershipEI', 5, 'Ownership Bonus (0, 4)', 0, 'N', 'N', 'N', 'N', 'N', 'N', 'N', 'No', 0, NULL, NULL),
       (74431, NULL, 1, 'verifiedOwnershipEI', 5, 'Ownership Bonus (0, 4)', 0, 'N', 'N', 'N', 'N', 'N', 'N', 'N', 'No', 0, NULL, NULL),
       (74433, NULL, 0, 'verifiedLocationEI', 5, 'Business Location (0-12)', 0, 'N', 'N', 'N', 'N', 'N', 'N', 'N', 'No', 0, NULL, NULL),
       (74434, NULL, 1, 'verifiedLocationEI', 5, 'Business Location (0-12)', 0, 'N', 'N', 'N', 'N', 'N', 'N', 'N', 'No', 0, NULL, NULL),
       (74436, NULL, 0, 'eligibleInvestmentEI', 5, 'Assessment of Eligible Investment', 0, 'N', 'N', 'N', 'N', 'N', 'N', 'N', 'No', 0, NULL, NULL),
       (74437, NULL, 1, 'eligibleInvestmentEI', 5, 'Assessment of Eligible Investment', 0, 'N', 'N', 'N', 'N', 'N', 'N', 'N', 'No', 0, NULL, NULL),
       (74439, NULL, 0, 'proposedInvestmentTotal', 5, 'Assessment of Proposed Investment', 0, 'N', 'N', 'N', 'N', 'N', 'N', 'N', 'No', 0, NULL, NULL),
       (74440, NULL, 1, 'proposedInvestmentTotal', 5, 'Assessment of Proposed Investment', 0, 'N', 'N', 'N', 'N', 'N', 'N', 'N', 'No', 0, NULL, NULL),
       (74442, NULL, 0, 'jobPlanEI', 5, 'Job Plan Assessment', 0, 'N', 'N', 'N', 'N', 'N', 'N', 'N', 'No', 0, NULL, NULL),
       (74443, NULL, 1, 'jobPlanEI', 5, 'Job Plan Assessment', 0, 'N', 'N', 'N', 'N', 'N', 'N', 'N', 'No', 0, NULL, NULL),
       (74445, NULL, 0, 'impactOccupationsEI', 5, 'High Impact Occupations', 0, 'N', 'N', 'N', 'N', 'N', 'N', 'N', 'No', 0, NULL, NULL),
       (74446, NULL, 1, 'impactOccupationsEI', 5, 'High Impact Occupations', 0, 'N', 'N', 'N', 'N', 'N', 'N', 'N', 'No', 0, NULL, NULL),
       (74448, NULL, 0, 'frr_company_name', 1, 'Company Legal Name', 0, 'N', 'N', 'N', 'N', 'N', 'N', 'N', 'No', 0, NULL, NULL),
       (74449, NULL, 1, 'frr_company_name', 1, 'Company Legal Name', 0, 'N', 'N', 'N', 'N', 'N', 'N', 'N', 'No', 0, NULL, NULL),
       (74451, NULL, 0, 'frr_company_oper_name', 1, 'Company Operating Name', 0, 'N', 'N', 'N', 'N', 'N', 'N', 'N', 'No', 0, NULL, NULL),
       (74452, NULL, 1, 'frr_company_oper_name', 1, 'Company Operating Name', 0, 'N', 'N', 'N', 'N', 'N', 'N', 'N', 'No', 0, NULL, NULL),
       (74454, NULL, 0, 'frr_company_phone', 1, 'Company Phone', 0, 'N', 'N', 'N', 'N', 'N', 'N', 'N', 'No', 0, NULL, NULL),
       (74455, NULL, 1, 'frr_company_phone', 1, 'Company Phone', 0, 'N', 'N', 'N', 'N', 'N', 'N', 'N', 'No', 0, NULL, NULL),
       (74457, NULL, 0, 'frr_company_email', 1, 'Company Email', 0, 'N', 'N', 'N', 'N', 'N', 'N', 'N', 'No', 0, NULL, NULL),
       (74458, NULL, 1, 'frr_company_email', 1, 'Company Email', 0, 'N', 'N', 'N', 'N', 'N', 'N', 'N', 'No', 0, NULL, NULL),
       (74460, NULL, 0, 'frr_company_website', 1, 'Company Website', 0, 'N', 'N', 'N', 'N', 'N', 'N', 'N', 'No', 0, NULL, NULL),
       (74461, NULL, 1, 'frr_company_website', 1, 'Company Website', 0, 'N', 'N', 'N', 'N', 'N', 'N', 'N', 'No', 0, NULL, NULL),
       (74463, NULL, 0, 'frr_company_commenced', 1, 'Business Commencement Date', 0, 'N', 'N', 'N', 'N', 'N', 'N', 'N', 'No', 0, NULL, NULL),
       (74464, NULL, 1, 'frr_company_commenced', 1, 'Business Commencement Date', 0, 'N', 'N', 'N', 'N', 'N', 'N', 'N', 'No', 0, NULL, NULL),
       (74466, NULL, 0, 'frr_company_addr', 1, 'Company Mailing Address', 0, 'N', 'N', 'N', 'N', 'N', 'N', 'N', 'No', 0, NULL, NULL),
       (74467, NULL, 1, 'frr_company_addr', 1, 'Company Mailing Address', 0, 'N', 'N', 'N', 'N', 'N', 'N', 'N', 'No', 0, NULL, NULL),
       (74469, NULL, 0, 'frr_company_city', 1, 'Company Mailing City', 0, 'N', 'N', 'N', 'N', 'N', 'N', 'N', 'No', 0, NULL, NULL),
       (74470, NULL, 1, 'frr_company_city', 1, 'Company Mailing City', 0, 'N', 'N', 'N', 'N', 'N', 'N', 'N', 'No', 0, NULL, NULL),
       (74472, NULL, 0, 'frr_company_postal', 1, 'Company Mailing Postal Code', 0, 'N', 'N', 'N', 'N', 'N', 'N', 'N', 'No', 0, NULL, NULL),
       (74473, NULL, 1, 'frr_company_postal', 1, 'Company Mailing Postal Code', 0, 'N', 'N', 'N', 'N', 'N', 'N', 'N', 'No', 0, NULL, NULL),
       (74475, NULL, 0, 'frr_company_alt_addr', 1, 'Company Address', 0, 'N', 'N', 'N', 'N', 'N', 'N', 'N', 'No', 0, NULL, NULL),
       (74476, NULL, 1, 'frr_company_alt_addr', 1, 'Company Address', 0, 'N', 'N', 'N', 'N', 'N', 'N', 'N', 'No', 0, NULL, NULL),
       (74478, NULL, 0, 'frr_company_alt_city', 1, 'Company City', 0, 'N', 'N', 'N', 'N', 'N', 'N', 'N', 'No', 0, NULL, NULL),
       (74479, NULL, 1, 'frr_company_alt_city', 1, 'Company City', 0, 'N', 'N', 'N', 'N', 'N', 'N', 'N', 'No', 0, NULL, NULL),
       (74481, NULL, 0, 'frr_company_alt_postal', 1, 'Company Postal Code', 0, 'N', 'N', 'N', 'N', 'N', 'N', 'N', 'No', 0, NULL, NULL),
       (74482, NULL, 1, 'frr_company_alt_postal', 1, 'Company Postal Code', 0, 'N', 'N', 'N', 'N', 'N', 'N', 'N', 'No', 0, NULL, NULL),
       (74484, NULL, 0, 'frr_company_naics', 1, 'Business NAICS', 0, 'N', 'N', 'N', 'N', 'N', 'N', 'N', 'No', 0, NULL, NULL),
       (74485, NULL, 1, 'frr_company_naics', 1, 'Business NAICS', 0, 'N', 'N', 'N', 'N', 'N', 'N', 'N', 'No', 0, NULL, NULL),
       (74487, NULL, 0, 'frr_company_own_type', 1, 'Business Ownership Type', 0, 'N', 'N', 'N', 'N', 'N', 'N', 'N', 'No', 0, NULL, NULL),
       (74488, NULL, 1, 'frr_company_own_type', 1, 'Business Ownership Type', 0, 'N', 'N', 'N', 'N', 'N', 'N', 'N', 'No', 0, NULL, NULL),
       (74490, NULL, 0, 'frr_job_title', 1, 'Applicant Job Title', 0, 'N', 'N', 'N', 'N', 'N', 'N', 'N', 'No', 0, NULL, NULL),
       (74491, NULL, 1, 'frr_job_title', 1, 'Applicant Job Title', 0, 'N', 'N', 'N', 'N', 'N', 'N', 'N', 'No', 0, NULL, NULL),
       (74493, NULL, 0, 'frr_company_employees', 1, 'Number of company employees', 0, 'N', 'N', 'N', 'N', 'N', 'N', 'N', 'No', 0, NULL, NULL),
       (74494, NULL, 1, 'frr_company_employees', 1, 'Number of company employees', 0, 'N', 'N', 'N', 'N', 'N', 'N', 'N', 'No', 0, NULL, NULL),
       (74496, NULL, 0, 'frr_pnp_file_number', 1, 'BC PNP File Number', 0, 'N', 'N', 'N', 'N', 'N', 'N', 'N', 'No', 0, NULL, NULL),
       (74497, NULL, 1, 'frr_pnp_file_number', 1, 'BC PNP File Number', 0, 'N', 'N', 'N', 'N', 'N', 'N', 'N', 'No', 0, NULL, NULL),
       (74499, NULL, 0, 'scores_verified_on', 8, 'Scores Verified On', 0, 'N', 'N', 'N', 'N', 'N', 'N', 'N', 'No', 0, NULL, NULL),
       (74500, NULL, 1, 'scores_verified_on', 8, 'Scores Verified On', 0, 'N', 'N', 'N', 'N', 'N', 'N', 'N', 'No', 0, NULL, NULL),
       (74502, NULL, 0, 'eiRegEnglishLevel', 1, 'English Language Level', 0, 'N', 'N', 'N', 'N', 'N', 'N', 'N', 'No', 0, NULL, NULL),
       (74503, NULL, 1, 'eiRegEnglishLevel', 1, 'English Language Level', 0, 'N', 'N', 'N', 'N', 'N', 'N', 'N', 'No', 0, NULL, NULL),
       (74505, NULL, 0, 'eiRegEducation', 1, 'Education Level', 0, 'N', 'N', 'N', 'N', 'N', 'N', 'N', 'No', 0, NULL, NULL),
       (74506, NULL, 1, 'eiRegEducation', 1, 'Education Level', 0, 'N', 'N', 'N', 'N', 'N', 'N', 'N', 'No', 0, NULL, NULL),
       (74508, NULL, 0, 'eiRegAge', 1, 'Age', 0, 'N', 'N', 'N', 'N', 'N', 'N', 'N', 'No', 0, NULL, NULL),
       (74509, NULL, 1, 'eiRegAge', 1, 'Age', 0, 'N', 'N', 'N', 'N', 'N', 'N', 'N', 'No', 0, NULL, NULL),
       (74511, NULL, 0, 'eiCanWorkExp', 1, 'Canadian Work Experience', 0, 'N', 'N', 'N', 'N', 'N', 'N', 'N', 'No', 0, NULL, NULL),
       (74512, NULL, 1, 'eiCanWorkExp', 1, 'Canadian Work Experience', 0, 'N', 'N', 'N', 'N', 'N', 'N', 'N', 'No', 0, NULL, NULL),
       (74514, NULL, 0, 'eiCanBusExp', 1, 'Canadian Business Experience', 0, 'N', 'N', 'N', 'N', 'N', 'N', 'N', 'No', 0, NULL, NULL),
       (74515, NULL, 1, 'eiCanBusExp', 1, 'Canadian Business Experience', 0, 'N', 'N', 'N', 'N', 'N', 'N', 'N', 'No', 0, NULL, NULL),
       (74517, NULL, 0, 'eiCanStudy', 1, 'Studied in Canada', 0, 'N', 'N', 'N', 'N', 'N', 'N', 'N', 'No', 0, NULL, NULL),
       (74518, NULL, 1, 'eiCanStudy', 1, 'Studied in Canada', 0, 'N', 'N', 'N', 'N', 'N', 'N', 'N', 'No', 0, NULL, NULL),
       (74520, NULL, 0, 'scoreTotalEIBefore', 35, 'Total score', 0, 'N', 'N', 'N', 'Y', 'N', 'N', 'N', 'No', 0, NULL, NULL),
       (74521, NULL, 1, 'scoreTotalEIBefore', 35, 'Total score', 0, 'N', 'N', 'N', 'Y', 'N', 'N', 'N', 'No', 0, NULL, NULL),
       (74523, NULL, 0, 'scoreCoRegistrantsEI', 42, 'Co-registrant scores', 0, 'N', 'N', 'N', 'Y', 'N', 'N', 'N', 'No', 0, NULL, NULL),
       (74524, NULL, 1, 'scoreCoRegistrantsEI', 42, 'Co-registrant scores', 0, 'N', 'N', 'N', 'Y', 'N', 'N', 'N', 'No', 0, NULL, NULL),
       (74526, NULL, 0, 'scoreTotalEIAfter', 5, 'Total Score (adjusted, leave empty if not needed)', 0, 'N', 'N', 'N', 'N', 'N', 'N', 'N', 'No', 0, NULL, NULL),
       (74527, NULL, 1, 'scoreTotalEIAfter', 5, 'Total Score (adjusted, leave empty if not needed)', 0, 'N', 'N', 'N', 'N', 'N', 'N', 'N', 'No', 0, NULL, NULL),
       (74529, NULL, 0, 'si_app_edu_bc_to', 34, 'Education in BC: To', 0, 'N', 'N', 'N', 'N', 'N', 'N', 'N', 'No', 0, NULL, NULL),
       (74530, NULL, 1, 'si_app_edu_bc_to', 34, 'Education in BC: To', 0, 'N', 'N', 'N', 'N', 'N', 'N', 'N', 'No', 0, NULL, NULL),
       (74532, NULL, 0, 'si_app_edu_bc_institution', 34, 'Education in BC: Institution', 0, 'N', 'N', 'N', 'N', 'N', 'N', 'N', 'No', 0, NULL, NULL),
       (74533, NULL, 1, 'si_app_edu_bc_institution', 34, 'Education in BC: Institution', 0, 'N', 'N', 'N', 'N', 'N', 'N', 'N', 'No', 0, NULL, NULL),
       (74535, NULL, 0, 'si_app_edu_bc_field', 34, 'Education in BC: Field', 0, 'N', 'N', 'N', 'N', 'N', 'N', 'N', 'No', 0, NULL, NULL),
       (74536, NULL, 1, 'si_app_edu_bc_field', 34, 'Education in BC: Field', 0, 'N', 'N', 'N', 'N', 'N', 'N', 'N', 'No', 0, NULL, NULL),
       (74538, NULL, 0, 'si_app_edu_can_to', 34, 'Education in Canada: To', 0, 'N', 'N', 'N', 'N', 'N', 'N', 'N', 'No', 0, NULL, NULL),
       (74539, NULL, 1, 'si_app_edu_can_to', 34, 'Education in Canada: To', 0, 'N', 'N', 'N', 'N', 'N', 'N', 'N', 'No', 0, NULL, NULL),
       (74541, NULL, 0, 'si_app_edu_can_institution', 34, 'Education in Canada: Institution', 0, 'N', 'N', 'N', 'N', 'N', 'N', 'N', 'No', 0, NULL, NULL),
       (74542, NULL, 1, 'si_app_edu_can_institution', 34, 'Education in Canada: Institution', 0, 'N', 'N', 'N', 'N', 'N', 'N', 'N', 'No', 0, NULL, NULL),
       (74544, NULL, 0, 'si_app_edu_can_field', 34, 'Education in Canada: Field', 0, 'N', 'N', 'N', 'N', 'N', 'N', 'N', 'No', 0, NULL, NULL),
       (74545, NULL, 1, 'si_app_edu_can_field', 34, 'Education in Canada: Field', 0, 'N', 'N', 'N', 'N', 'N', 'N', 'N', 'No', 0, NULL, NULL),
       (74547, NULL, 0, 'si_app_job_offer_full_time', 1, 'Applicant has offer of full-time employment', 0, 'N', 'N', 'N', 'N', 'N', 'N', 'N', 'No', 0, NULL, NULL),
       (74548, NULL, 1, 'si_app_job_offer_full_time', 1, 'Applicant has offer of full-time employment', 0, 'N', 'N', 'N', 'N', 'N', 'N', 'N', 'No', 0, NULL, NULL),
       (74550, NULL, 0, 'si_app_job_offer_permanent', 1, 'Job offer is permanent', 0, 'N', 'N', 'N', 'N', 'N', 'N', 'N', 'No', 0, NULL, NULL),
       (74551, NULL, 1, 'si_app_job_offer_permanent', 1, 'Job offer is permanent', 0, 'N', 'N', 'N', 'N', 'N', 'N', 'N', 'No', 0, NULL, NULL),
       (74553, NULL, 0, 'si_app_job_offer_address', 34, 'Work Address', 0, 'N', 'N', 'N', 'N', 'N', 'N', 'N', 'No', 0, NULL, NULL),
       (74554, NULL, 1, 'si_app_job_offer_address', 34, 'Work Address', 0, 'N', 'N', 'N', 'N', 'N', 'N', 'N', 'No', 0, NULL, NULL),
       (74556, NULL, 0, 'si_app_job_offer_phone', 34, 'Work Phone', 0, 'N', 'N', 'N', 'N', 'N', 'N', 'N', 'No', 0, NULL, NULL),
       (74557, NULL, 1, 'si_app_job_offer_phone', 34, 'Work Phone', 0, 'N', 'N', 'N', 'N', 'N', 'N', 'N', 'No', 0, NULL, NULL),
       (74559, NULL, 0, 'si_app_job_offer_ends_at', 8, 'Offer ends at', 0, 'N', 'N', 'N', 'N', 'N', 'N', 'N', 'No', 0, NULL, NULL),
       (74560, NULL, 1, 'si_app_job_offer_ends_at', 8, 'Offer ends at', 0, 'N', 'N', 'N', 'N', 'N', 'N', 'N', 'No', 0, NULL, NULL),
       (74562, NULL, 0, 'si_app_emp_contact_phone', 1, 'Employer Contact Phone', 0, 'N', 'N', 'N', 'N', 'N', 'N', 'N', 'No', 0, NULL, NULL),
       (74563, NULL, 1, 'si_app_emp_contact_phone', 1, 'Employer Contact Phone', 0, 'N', 'N', 'N', 'N', 'N', 'N', 'N', 'No', 0, NULL, NULL),
       (74565, NULL, 0, 'postnom_category', 1, 'Post-nomination support type', 0, 'N', 'N', 'N', 'N', 'N', 'N', 'N', 'No', 0, NULL, NULL),
       (74566, NULL, 1, 'postnom_category', 1, 'Post-nomination support type', 0, 'N', 'N', 'N', 'N', 'N', 'N', 'N', 'No', 0, NULL, NULL),
       (74568, NULL, 0, 'postnom_ee_number', 1, 'EE Profile Number', 0, 'N', 'N', 'N', 'N', 'N', 'N', 'N', 'No', 0, NULL, NULL),
       (74569, NULL, 1, 'postnom_ee_number', 1, 'EE Profile Number', 0, 'N', 'N', 'N', 'N', 'N', 'N', 'N', 'No', 0, NULL, NULL),
       (74571, NULL, 0, 'postnom_ee_expiry', 8, 'EE Profile Submission Expiry', 0, 'N', 'N', 'N', 'N', 'N', 'N', 'N', 'No', 0, NULL, NULL),
       (74572, NULL, 1, 'postnom_ee_expiry', 8, 'EE Profile Submission Expiry', 0, 'N', 'N', 'N', 'N', 'N', 'N', 'N', 'No', 0, NULL, NULL),
       (74574, NULL, 0, 'postnom_ee_js_validation_code', 1, 'Job Seeker Validation Code', 0, 'N', 'N', 'N', 'N', 'N', 'N', 'N', 'No', 0, NULL, NULL),
       (74575, NULL, 1, 'postnom_ee_js_validation_code', 1, 'Job Seeker Validation Code', 0, 'N', 'N', 'N', 'N', 'N', 'N', 'N', 'No', 0, NULL, NULL),
       (74577, NULL, 0, 'postnom_ee_crs', 1, 'CRS', 0, 'N', 'N', 'N', 'N', 'N', 'N', 'N', 'No', 0, NULL, NULL),
       (74578, NULL, 1, 'postnom_ee_crs', 1, 'CRS', 0, 'N', 'N', 'N', 'N', 'N', 'N', 'N', 'No', 0, NULL, NULL),
       (74580, NULL, 0, 'postnom_ee_prev_number', 1, 'Previous EE Profile Number', 0, 'N', 'N', 'N', 'N', 'N', 'N', 'N', 'No', 0, NULL, NULL),
       (74581, NULL, 1, 'postnom_ee_prev_number', 1, 'Previous EE Profile Number', 0, 'N', 'N', 'N', 'N', 'N', 'N', 'N', 'No', 0, NULL, NULL),
       (74583, NULL, 0, 'postnom_application_received', 8, 'Nominated Application Received', 0, 'N', 'N', 'N', 'N', 'N', 'N', 'N', 'No', 0, NULL, NULL),
       (74584, NULL, 1, 'postnom_application_received', 8, 'Nominated Application Received', 0, 'N', 'N', 'N', 'N', 'N', 'N', 'N', 'No', 0, NULL, NULL),
       (74586, NULL, 0, 'postnom_nom_category', 1, 'Nominated Category', 0, 'N', 'N', 'N', 'N', 'N', 'N', 'N', 'No', 0, NULL, NULL),
       (74587, NULL, 1, 'postnom_nom_category', 1, 'Nominated Category', 0, 'N', 'N', 'N', 'N', 'N', 'N', 'N', 'No', 0, NULL, NULL),
       (74589, NULL, 0, 'postnom_nom_cert_num', 1, 'Nominated Certificate Number', 0, 'N', 'N', 'N', 'N', 'N', 'N', 'N', 'No', 0, NULL, NULL),
       (74590, NULL, 1, 'postnom_nom_cert_num', 1, 'Nominated Certificate Number', 0, 'N', 'N', 'N', 'N', 'N', 'N', 'N', 'No', 0, NULL, NULL),
       (74592, NULL, 0, 'postnom_nom_file_number', 1, 'Nominated File Number', 0, 'N', 'N', 'N', 'N', 'N', 'N', 'N', 'No', 0, NULL, NULL),
       (74593, NULL, 1, 'postnom_nom_file_number', 1, 'Nominated File Number', 0, 'N', 'N', 'N', 'N', 'N', 'N', 'N', 'No', 0, NULL, NULL),
       (74595, NULL, 0, 'postnom_nominated_at', 8, 'Nomination Date', 0, 'N', 'N', 'N', 'N', 'N', 'N', 'N', 'No', 0, NULL, NULL),
       (74596, NULL, 1, 'postnom_nominated_at', 8, 'Nomination Date', 0, 'N', 'N', 'N', 'N', 'N', 'N', 'N', 'No', 0, NULL, NULL),
       (74598, NULL, 0, 'postnom_nom_job_title', 1, 'Nominated Job Title', 0, 'N', 'N', 'N', 'N', 'N', 'N', 'N', 'No', 0, NULL, NULL),
       (74599, NULL, 1, 'postnom_nom_job_title', 1, 'Nominated Job Title', 0, 'N', 'N', 'N', 'N', 'N', 'N', 'N', 'No', 0, NULL, NULL),
       (74601, NULL, 0, 'postnom_nom_noc', 1, 'Nominated NOC', 0, 'N', 'N', 'N', 'N', 'N', 'N', 'N', 'No', 0, NULL, NULL),
       (74602, NULL, 1, 'postnom_nom_noc', 1, 'Nominated NOC', 0, 'N', 'N', 'N', 'N', 'N', 'N', 'N', 'No', 0, NULL, NULL),
       (74604, NULL, 0, 'postnom_nom_expires_at', 8, 'Nomination Expiry', 0, 'N', 'N', 'N', 'N', 'N', 'N', 'N', 'No', 0, NULL, NULL),
       (74605, NULL, 1, 'postnom_nom_expires_at', 8, 'Nomination Expiry', 0, 'N', 'N', 'N', 'N', 'N', 'N', 'N', 'No', 0, NULL, NULL),
       (74607, NULL, 0, 'postnom_employer_name', 1, 'SIRS Employer Legal Name', 0, 'N', 'N', 'N', 'N', 'N', 'N', 'N', 'No', 0, NULL, NULL),
       (74608, NULL, 1, 'postnom_employer_name', 1, 'SIRS Employer Legal Name', 0, 'N', 'N', 'N', 'N', 'N', 'N', 'N', 'No', 0, NULL, NULL),
       (74610, NULL, 0, 'postnom_employer_op_name', 1, 'SIRS Employer Operating Name', 0, 'N', 'N', 'N', 'N', 'N', 'N', 'N', 'No', 0, NULL, NULL),
       (74611, NULL, 1, 'postnom_employer_op_name', 1, 'SIRS Employer Operating Name', 0, 'N', 'N', 'N', 'N', 'N', 'N', 'N', 'No', 0, NULL, NULL),
       (74613, NULL, 0, 'postnom_job_title', 1, 'SIRS Job Title', 0, 'N', 'N', 'N', 'N', 'N', 'N', 'N', 'No', 0, NULL, NULL),
       (74614, NULL, 1, 'postnom_job_title', 1, 'SIRS Job Title', 0, 'N', 'N', 'N', 'N', 'N', 'N', 'N', 'No', 0, NULL, NULL),
       (74616, NULL, 0, 'postnom_work_noc', 1, 'SIRC NOC', 0, 'N', 'N', 'N', 'N', 'N', 'N', 'N', 'No', 0, NULL, NULL),
       (74617, NULL, 1, 'postnom_work_noc', 1, 'SIRC NOC', 0, 'N', 'N', 'N', 'N', 'N', 'N', 'N', 'No', 0, NULL, NULL),
       (74619, NULL, 0, 'postnom_annual_wage', 1, 'SIRS Annual Wage', 0, 'N', 'N', 'N', 'N', 'N', 'N', 'N', 'No', 0, NULL, NULL),
       (74620, NULL, 1, 'postnom_annual_wage', 1, 'SIRS Annual Wage', 0, 'N', 'N', 'N', 'N', 'N', 'N', 'N', 'No', 0, NULL, NULL),
       (74622, NULL, 0, 'postnom_offer_until', 8, 'Offer ends at', 0, 'N', 'N', 'N', 'N', 'N', 'N', 'N', 'No', 0, NULL, NULL),
       (74623, NULL, 1, 'postnom_offer_until', 8, 'Offer ends at', 0, 'N', 'N', 'N', 'N', 'N', 'N', 'N', 'No', 0, NULL, NULL),
       (74625, NULL, 0, 'postnom_contact_last_name', 1, 'SIRS Employer Contact Last Name', 0, 'N', 'N', 'N', 'N', 'N', 'N', 'N', 'No', 0, NULL, NULL),
       (74626, NULL, 1, 'postnom_contact_last_name', 1, 'SIRS Employer Contact Last Name', 0, 'N', 'N', 'N', 'N', 'N', 'N', 'N', 'No', 0, NULL, NULL),
       (74628, NULL, 0, 'postnom_contact_first_name', 1, 'SIRS Employer Contact Given Name', 0, 'N', 'N', 'N', 'N', 'N', 'N', 'N', 'No', 0, NULL, NULL),
       (74629, NULL, 1, 'postnom_contact_first_name', 1, 'SIRS Employer Contact Given Name', 0, 'N', 'N', 'N', 'N', 'N', 'N', 'N', 'No', 0, NULL, NULL),
       (74631, NULL, 0, 'postnom_contact_title', 1, 'SIRS Employer Contact Title', 0, 'N', 'N', 'N', 'N', 'N', 'N', 'N', 'No', 0, NULL, NULL),
       (74632, NULL, 1, 'postnom_contact_title', 1, 'SIRS Employer Contact Title', 0, 'N', 'N', 'N', 'N', 'N', 'N', 'N', 'No', 0, NULL, NULL),
       (74634, NULL, 0, 'postnom_contact_phone', 1, 'SIRS Employer Contact Phone', 0, 'N', 'N', 'N', 'N', 'N', 'N', 'N', 'No', 0, NULL, NULL),
       (74635, NULL, 1, 'postnom_contact_phone', 1, 'SIRS Employer Contact Phone', 0, 'N', 'N', 'N', 'N', 'N', 'N', 'N', 'No', 0, NULL, NULL),
       (74637, NULL, 0, 'postnom_contact_email', 1, 'SIRS Employer Contact Email', 0, 'N', 'N', 'N', 'N', 'N', 'N', 'N', 'No', 0, NULL, NULL),
       (74638, NULL, 1, 'postnom_contact_email', 1, 'SIRS Employer Contact Email', 0, 'N', 'N', 'N', 'N', 'N', 'N', 'N', 'No', 0, NULL, NULL),
       (74640, NULL, 0, 'postnom_employees_number', 1, 'SI Number of Employees in Company/Organization', 0, 'N', 'N', 'N', 'N', 'N', 'N', 'N', 'No', 0, NULL, NULL),
       (74641, NULL, 1, 'postnom_employees_number', 1, 'SI Number of Employees in Company/Organization', 0, 'N', 'N', 'N', 'N', 'N', 'N', 'N', 'No', 0, NULL, NULL),
       (74643, NULL, 0, 'postnom_work_address', 1, 'SI Work Address', 0, 'N', 'N', 'N', 'N', 'N', 'N', 'N', 'No', 0, NULL, NULL),
       (74644, NULL, 1, 'postnom_work_address', 1, 'SI Work Address', 0, 'N', 'N', 'N', 'N', 'N', 'N', 'N', 'No', 0, NULL, NULL),
       (74646, NULL, 0, 'postnom_work_city', 1, 'SI Work City', 0, 'N', 'N', 'N', 'N', 'N', 'N', 'N', 'No', 0, NULL, NULL),
       (74647, NULL, 1, 'postnom_work_city', 1, 'SI Work City', 0, 'N', 'N', 'N', 'N', 'N', 'N', 'N', 'No', 0, NULL, NULL),
       (74649, NULL, 0, 'postnom_work_postalcode', 1, 'SI Work Postal Code', 0, 'N', 'N', 'N', 'N', 'N', 'N', 'N', 'No', 0, NULL, NULL),
       (74650, NULL, 1, 'postnom_work_postalcode', 1, 'SI Work Postal Code', 0, 'N', 'N', 'N', 'N', 'N', 'N', 'N', 'No', 0, NULL, NULL),
       (74652, NULL, 0, 'postnom_work_phone', 1, 'SI Work Phone Number', 0, 'N', 'N', 'N', 'N', 'N', 'N', 'N', 'No', 0, NULL, NULL),
       (74653, NULL, 1, 'postnom_work_phone', 1, 'SI Work Phone Number', 0, 'N', 'N', 'N', 'N', 'N', 'N', 'N', 'No', 0, NULL, NULL),
       (74655, NULL, 0, 'postnom_current_status', 1, 'Status in Canada', 0, 'N', 'N', 'N', 'N', 'N', 'N', 'N', 'No', 0, NULL, NULL),
       (74656, NULL, 1, 'postnom_current_status', 1, 'Status in Canada', 0, 'N', 'N', 'N', 'N', 'N', 'N', 'N', 'No', 0, NULL, NULL),
       (74658, NULL, 0, 'postnom_cic_visitor_id', 1, 'Visitor CIC Client ID/UCI', 0, 'N', 'N', 'N', 'N', 'N', 'N', 'N', 'No', 0, NULL, NULL),
       (74659, NULL, 1, 'postnom_cic_visitor_id', 1, 'Visitor CIC Client ID/UCI', 0, 'N', 'N', 'N', 'N', 'N', 'N', 'N', 'No', 0, NULL, NULL),
       (74661, NULL, 0, 'postnom_cic_student_id', 1, 'Student CIC Client ID/UCI', 0, 'N', 'N', 'N', 'N', 'N', 'N', 'N', 'No', 0, NULL, NULL),
       (74662, NULL, 1, 'postnom_cic_student_id', 1, 'Student CIC Client ID/UCI', 0, 'N', 'N', 'N', 'N', 'N', 'N', 'N', 'No', 0, NULL, NULL),
       (74664, NULL, 0, 'postnom_cic_wp_id', 1, 'Work Permit CIC Client ID/UCI', 0, 'N', 'N', 'N', 'N', 'N', 'N', 'N', 'No', 0, NULL, NULL),
       (74665, NULL, 1, 'postnom_cic_wp_id', 1, 'Work Permit CIC Client ID/UCI', 0, 'N', 'N', 'N', 'N', 'N', 'N', 'N', 'No', 0, NULL, NULL),
       (74667, NULL, 0, 'postnom_visitor_status_expiry', 8, 'Visitor Status Expiry', 0, 'N', 'N', 'N', 'N', 'N', 'N', 'N', 'No', 0, NULL, NULL),
       (74668, NULL, 1, 'postnom_visitor_status_expiry', 8, 'Visitor Status Expiry', 0, 'N', 'N', 'N', 'N', 'N', 'N', 'N', 'No', 0, NULL, NULL),
       (74670, NULL, 0, 'postnom_student_status_expiry', 8, 'Student Status Expiry', 0, 'N', 'N', 'N', 'N', 'N', 'N', 'N', 'No', 0, NULL, NULL),
       (74671, NULL, 1, 'postnom_student_status_expiry', 8, 'Student Status Expiry', 0, 'N', 'N', 'N', 'N', 'N', 'N', 'N', 'No', 0, NULL, NULL),
       (74673, NULL, 0, 'postnom_wp_status_expiry', 8, 'Work Permit Status Expiry', 0, 'N', 'N', 'N', 'N', 'N', 'N', 'N', 'No', 0, NULL, NULL),
       (74674, NULL, 1, 'postnom_wp_status_expiry', 8, 'Work Permit Status Expiry', 0, 'N', 'N', 'N', 'N', 'N', 'N', 'N', 'No', 0, NULL, NULL),
       (74676, NULL, 0, 'ei_ks_wp_client_id', 1, 'Work Permit ID', 20, 'N', 'N', 'N', 'N', 'N', 'N', 'N', 'No', 0, NULL, NULL),
       (74677, NULL, 1, 'ei_ks_wp_client_id', 1, 'Work Permit ID', 20, 'N', 'N', 'N', 'N', 'N', 'N', 'N', 'No', 0, NULL, NULL),
       (74679, NULL, 0, 'ei_ks_wp_client_signed_on', 1, 'Work Permit Date Signed', 20, 'N', 'N', 'N', 'N', 'N', 'N', 'N', 'No', 0, NULL, NULL),
       (74680, NULL, 1, 'ei_ks_wp_client_signed_on', 1, 'Work Permit Date Signed', 20, 'N', 'N', 'N', 'N', 'N', 'N', 'N', 'No', 0, NULL, NULL),
       (74682, NULL, 0, 'ei_ks_wp_valid', 1, 'Work Permit Expiry Date', 20, 'N', 'N', 'N', 'N', 'N', 'N', 'N', 'No', 0, NULL, NULL),
       (74683, NULL, 1, 'ei_ks_wp_valid', 1, 'Work Permit Expiry Date', 20, 'N', 'N', 'N', 'N', 'N', 'N', 'N', 'No', 0, NULL, NULL),
       (74685, NULL, 0, 'registered_migrant_agent', 27, 'RMA', 0, 'N', 'Y', 'N', 'N', 'N', 'N', 'N', 'No', 0, NULL, NULL),
       (74686, NULL, 1, 'registered_migrant_agent', 27, 'RMA', 0, 'N', 'Y', 'N', 'N', 'N', 'N', 'N', 'No', 0, NULL, NULL),
       (74688, NULL, 0, 'case_type', 45, 'Immigration Program', NULL, 'N', 'Y', 'Y', 'N', 'N', 'N', 'N', 'No', 0, NULL, NULL),
       (74689, 74688, 1, 'case_type', 45, 'Immigration Program', NULL, 'N', 'Y', 'Y', 'N', 'N', 'N', 'N', 'No', 0, NULL, NULL);
/*!40000 ALTER TABLE `client_form_fields`
    ENABLE KEYS */;
UNLOCK TABLES;

--
-- Table structure for table `client_form_fields_access_default`
--

DROP TABLE IF EXISTS `client_form_fields_access_default`;
/*!40101 SET @saved_cs_client = @@character_set_client */;
/*!50503 SET character_set_client = utf8mb4 */;
CREATE TABLE `client_form_fields_access_default`
(
    `client_field_id` int unsigned   NOT NULL,
    `role_id`         int                     DEFAULT NULL,
    `access`          enum ('R','F') NOT NULL DEFAULT 'R' COMMENT 'R=read only, F=full access',
    `updated_on`      datetime                DEFAULT NULL,
    KEY `FK_client_form_fields_access_default_acl_roles` (`role_id`),
    KEY `FK_client_form_fields_access_default_applicant_form_fields` (`client_field_id`),
    CONSTRAINT `FK_client_form_fields_access_default_acl_roles` FOREIGN KEY (`role_id`) REFERENCES `acl_roles` (`role_id`) ON DELETE CASCADE ON UPDATE CASCADE,
    CONSTRAINT `FK_client_form_fields_access_default_client_form_fields` FOREIGN KEY (`client_field_id`) REFERENCES `client_form_fields` (`field_id`) ON DELETE CASCADE ON UPDATE CASCADE
) ENGINE = InnoDB
  DEFAULT CHARSET = utf8mb3 COMMENT ='Default access for cases fields and created/future role';
/*!40101 SET character_set_client = @saved_cs_client */;

--
-- Dumping data for table `client_form_fields_access_default`
--

LOCK TABLES `client_form_fields_access_default` WRITE;
/*!40000 ALTER TABLE `client_form_fields_access_default`
    DISABLE KEYS */;
INSERT INTO `client_form_fields_access_default`
VALUES (67702, 4816, 'F', '2014-06-04 10:15:39'),
       (67701, 4816, 'F', '2014-06-04 10:15:39'),
       (67723, 4816, 'F', '2014-06-04 10:15:39'),
       (67703, 4816, 'F', '2014-06-04 10:15:39'),
       (67709, 4816, 'F', '2014-06-04 10:15:39'),
       (73725, 4816, 'F', '2014-06-04 10:15:39'),
       (73726, 4816, 'F', '2014-06-04 10:15:39'),
       (73727, 4816, 'F', '2014-06-04 10:15:39'),
       (73733, 4816, 'F', '2014-06-04 10:15:39'),
       (73734, 4816, 'F', '2014-06-04 10:15:39'),
       (73735, 4816, 'F', '2014-06-04 10:15:39'),
       (73736, 4816, 'F', '2014-06-04 10:15:39'),
       (73729, 4816, 'F', '2014-06-04 10:15:39'),
       (73730, 4816, 'F', '2014-06-04 10:15:39'),
       (73731, 4816, 'F', '2014-06-04 10:15:39'),
       (73732, 4816, 'F', '2014-06-04 10:15:39'),
       (74145, 4816, 'F', '2014-06-04 10:15:39'),
       (74148, 4816, 'F', '2014-06-04 10:15:39'),
       (74151, 4816, 'F', '2014-06-04 10:15:39'),
       (74154, 4816, 'F', '2014-06-04 10:15:39'),
       (73217, 4816, 'F', '2014-06-04 10:15:39'),
       (73229, 4816, 'F', '2014-06-04 10:15:39'),
       (73221, 4816, 'F', '2014-06-04 10:15:39'),
       (73233, 4816, 'F', '2014-06-04 10:15:39'),
       (73225, 4816, 'F', '2014-06-04 10:15:39'),
       (73237, 4816, 'F', '2014-06-04 10:15:39'),
       (73241, 4816, 'F', '2014-06-04 10:15:39'),
       (73245, 4816, 'F', '2014-06-04 10:15:39'),
       (73249, 4816, 'F', '2014-06-04 10:15:39'),
       (73863, 4816, 'F', '2014-06-04 10:15:39'),
       (73864, 4816, 'F', '2014-06-04 10:15:39'),
       (73865, 4816, 'F', '2014-06-04 10:15:39'),
       (73866, 4816, 'F', '2014-06-04 10:15:39'),
       (74157, 4816, 'F', '2014-06-04 10:15:39'),
       (74164, 4816, 'F', '2014-06-04 10:15:39'),
       (74166, 4816, 'F', '2014-06-04 10:15:39'),
       (74168, 4816, 'F', '2014-06-04 10:15:39'),
       (74171, 4816, 'F', '2014-06-04 10:15:39'),
       (74173, 4816, 'F', '2014-06-04 10:15:39'),
       (74175, 4816, 'F', '2014-06-04 10:15:39'),
       (74177, 4816, 'F', '2014-06-04 10:15:39'),
       (74179, 4816, 'F', '2014-06-04 10:15:39'),
       (74181, 4816, 'F', '2014-06-04 10:15:39'),
       (74183, 4816, 'F', '2014-06-04 10:15:39'),
       (74185, 4816, 'F', '2014-06-04 10:15:39'),
       (74187, 4816, 'F', '2014-06-04 10:15:39'),
       (74189, 4816, 'F', '2014-06-04 10:15:39'),
       (74191, 4816, 'F', '2014-06-04 10:15:39'),
       (74193, 4816, 'F', '2014-06-04 10:15:39'),
       (74195, 4816, 'F', '2014-06-04 10:15:39'),
       (74197, 4816, 'F', '2014-06-04 10:15:39'),
       (74199, 4816, 'F', '2014-06-04 10:15:39'),
       (74201, 4816, 'F', '2014-06-04 10:15:39'),
       (74203, 4816, 'F', '2014-06-04 10:15:39'),
       (67649, 4816, 'F', '2014-06-04 10:15:39'),
       (67650, 4816, 'F', '2014-06-04 10:15:39'),
       (67651, 4816, 'F', '2014-06-04 10:15:39'),
       (67707, 4816, 'F', '2014-06-04 10:15:39'),
       (67652, 4816, 'F', '2014-06-04 10:15:39'),
       (67653, 4816, 'F', '2014-06-04 10:15:39'),
       (67654, 4816, 'F', '2014-06-04 10:15:39'),
       (67664, 4816, 'F', '2014-06-04 10:15:39'),
       (67655, 4816, 'F', '2014-06-04 10:15:39'),
       (67656, 4816, 'F', '2014-06-04 10:15:39'),
       (67660, 4816, 'F', '2014-06-04 10:15:39'),
       (67744, 4816, 'F', '2014-06-04 10:15:39'),
       (67661, 4816, 'F', '2014-06-04 10:15:39'),
       (67749, 4816, 'F', '2014-06-04 10:15:39'),
       (67658, 4816, 'F', '2014-06-04 10:15:39'),
       (67680, 4816, 'F', '2014-06-04 10:15:39'),
       (67662, 4816, 'F', '2014-06-04 10:15:39'),
       (67659, 4816, 'F', '2014-06-04 10:15:39'),
       (67663, 4816, 'F', '2014-06-04 10:15:39'),
       (67657, 4816, 'F', '2014-06-04 10:15:39'),
       (67665, 4816, 'F', '2014-06-04 10:15:39'),
       (67667, 4816, 'F', '2014-06-04 10:15:39'),
       (67715, 4816, 'F', '2014-06-04 10:15:39'),
       (67668, 4816, 'F', '2014-06-04 10:15:39'),
       (67669, 4816, 'F', '2014-06-04 10:15:39'),
       (67672, 4816, 'F', '2014-06-04 10:15:39'),
       (67666, 4816, 'F', '2014-06-04 10:15:39'),
       (67671, 4816, 'F', '2014-06-04 10:15:39'),
       (67673, 4816, 'F', '2014-06-04 10:15:39'),
       (67670, 4816, 'F', '2014-06-04 10:15:39'),
       (67674, 4816, 'F', '2014-06-04 10:15:39'),
       (67676, 4816, 'F', '2014-06-04 10:15:39'),
       (67675, 4816, 'F', '2014-06-04 10:15:39'),
       (67677, 4816, 'F', '2014-06-04 10:15:39'),
       (67760, 4816, 'F', '2014-06-04 10:15:39'),
       (67756, 4816, 'F', '2014-06-04 10:15:39'),
       (67681, 4816, 'F', '2014-06-04 10:15:39'),
       (67755, 4816, 'F', '2014-06-04 10:15:39'),
       (67763, 4816, 'F', '2014-06-04 10:15:39'),
       (67759, 4816, 'F', '2014-06-04 10:15:39'),
       (67764, 4816, 'F', '2014-06-04 10:15:39'),
       (67762, 4816, 'F', '2014-06-04 10:15:39'),
       (67757, 4816, 'F', '2014-06-04 10:15:39'),
       (67754, 4816, 'F', '2014-06-04 10:15:39'),
       (67761, 4816, 'F', '2014-06-04 10:15:39'),
       (67758, 4816, 'F', '2014-06-04 10:15:39'),
       (67753, 4816, 'F', '2014-06-04 10:15:39'),
       (67683, 4816, 'F', '2014-06-04 10:15:39'),
       (67696, 4816, 'F', '2014-06-04 10:15:39'),
       (67695, 4816, 'F', '2014-06-04 10:15:39'),
       (67684, 4816, 'F', '2014-06-04 10:15:39'),
       (67685, 4816, 'F', '2014-06-04 10:15:39'),
       (67686, 4816, 'F', '2014-06-04 10:15:39'),
       (67687, 4816, 'F', '2014-06-04 10:15:39'),
       (67688, 4816, 'F', '2014-06-04 10:15:39'),
       (67689, 4816, 'F', '2014-06-04 10:15:39'),
       (67690, 4816, 'F', '2014-06-04 10:15:39'),
       (67691, 4816, 'F', '2014-06-04 10:15:39'),
       (67692, 4816, 'F', '2014-06-04 10:15:39'),
       (67693, 4816, 'F', '2014-06-04 10:15:39'),
       (67694, 4816, 'F', '2014-06-04 10:15:39'),
       (67704, 4816, 'F', '2014-06-04 10:15:39'),
       (67708, 4816, 'F', '2014-06-04 10:15:39'),
       (67706, 4816, 'F', '2014-06-04 10:15:39'),
       (67739, 4816, 'F', '2014-06-04 10:15:39'),
       (67740, 4816, 'F', '2014-06-04 10:15:39'),
       (67742, 4816, 'F', '2014-06-04 10:15:39'),
       (67741, 4816, 'F', '2014-06-04 10:15:39'),
       (67746, 4816, 'F', '2014-06-04 10:15:39'),
       (67745, 4816, 'F', '2014-06-04 10:15:39'),
       (67750, 4816, 'F', '2014-06-04 10:15:39'),
       (67748, 4816, 'F', '2014-06-04 10:15:39'),
       (67752, 4816, 'F', '2014-06-04 10:15:39'),
       (67743, 4816, 'F', '2014-06-04 10:15:39'),
       (67747, 4816, 'F', '2014-06-04 10:15:39'),
       (67751, 4816, 'F', '2014-06-04 10:15:39'),
       (67678, 4816, 'F', '2014-06-04 10:15:39'),
       (67682, 4816, 'F', '2014-06-04 10:15:39'),
       (67679, 4816, 'F', '2014-06-04 10:15:39'),
       (67714, 4816, 'F', '2014-06-04 10:15:39'),
       (67722, 4816, 'F', '2014-06-04 10:15:39'),
       (67718, 4816, 'F', '2014-06-04 10:15:39'),
       (67717, 4816, 'F', '2014-06-04 10:15:39'),
       (67721, 4816, 'F', '2014-06-04 10:15:39'),
       (67712, 4816, 'F', '2014-06-04 10:15:39'),
       (67720, 4816, 'F', '2014-06-04 10:15:39'),
       (67716, 4816, 'F', '2014-06-04 10:15:39'),
       (67713, 4816, 'F', '2014-06-04 10:15:39'),
       (67711, 4816, 'F', '2014-06-04 10:15:39'),
       (67719, 4816, 'F', '2014-06-04 10:15:39'),
       (67735, 4816, 'F', '2014-06-04 10:15:39'),
       (67736, 4816, 'F', '2014-06-04 10:15:39'),
       (67738, 4816, 'F', '2014-06-04 10:15:39'),
       (67734, 4816, 'F', '2014-06-04 10:15:39'),
       (67733, 4816, 'F', '2014-06-04 10:15:39'),
       (67737, 4816, 'F', '2014-06-04 10:15:39'),
       (67710, 4816, 'F', '2014-06-04 10:15:39'),
       (74234, 4816, 'F', '2014-06-04 10:15:39'),
       (74236, 4816, 'F', '2014-06-04 10:15:39'),
       (74238, 4816, 'F', '2014-06-04 10:15:39'),
       (74240, 4816, 'F', '2014-06-04 10:15:39'),
       (74242, 4816, 'F', '2014-06-04 10:15:39'),
       (74244, 4816, 'F', '2014-06-04 10:15:39'),
       (74246, 4816, 'F', '2014-06-04 10:15:39'),
       (74248, 4816, 'F', '2014-06-04 10:15:39'),
       (74250, 4816, 'F', '2014-06-04 10:15:39'),
       (74252, 4816, 'F', '2014-06-04 10:15:39'),
       (74254, 4816, 'F', '2014-06-04 10:15:39'),
       (74256, 4816, 'F', '2014-06-04 10:15:39'),
       (74258, 4816, 'F', '2014-06-04 10:15:39'),
       (74260, 4816, 'F', '2014-06-04 10:15:39'),
       (74262, 4816, 'F', '2014-06-04 10:15:39'),
       (74264, 4816, 'F', '2014-06-04 10:15:39'),
       (74266, 4816, 'F', '2014-06-04 10:15:39'),
       (74268, 4816, 'F', '2014-06-04 10:15:39'),
       (74270, 4816, 'F', '2014-06-04 10:15:39'),
       (74272, 4816, 'F', '2014-06-04 10:15:39'),
       (74274, 4816, 'F', '2014-06-04 10:15:39'),
       (74276, 4816, 'F', '2014-06-04 10:15:39'),
       (74278, 4816, 'F', '2014-06-04 10:15:39'),
       (74280, 4816, 'F', '2014-06-04 10:15:39'),
       (74297, 4816, 'F', '2014-06-04 10:15:39'),
       (74299, 4816, 'F', '2014-06-04 10:15:39'),
       (74301, 4816, 'F', '2014-06-04 10:15:39'),
       (74303, 4816, 'F', '2014-06-04 10:15:39'),
       (74305, 4816, 'F', '2014-06-04 10:15:39'),
       (74307, 4816, 'F', '2014-06-04 10:15:39'),
       (74309, 4816, 'F', '2014-06-04 10:15:39'),
       (74311, 4816, 'F', '2014-06-04 10:15:39'),
       (74313, 4816, 'F', '2014-06-04 10:15:39'),
       (74315, 4816, 'F', '2014-06-04 10:15:39'),
       (74317, 4816, 'F', '2014-06-04 10:15:39'),
       (74319, 4816, 'F', '2014-06-04 10:15:39'),
       (74321, 4816, 'F', '2014-06-04 10:15:39'),
       (74326, 4816, 'F', '2014-06-04 10:15:39'),
       (74329, 4816, 'F', '2014-06-04 10:15:39'),
       (74332, 4816, 'F', '2014-06-04 10:15:39'),
       (74335, 4816, 'F', '2014-06-04 10:15:39'),
       (74338, 4816, 'F', '2014-06-04 10:15:39'),
       (74341, 4816, 'F', '2014-06-04 10:15:39'),
       (74344, 4816, 'F', '2014-06-04 10:15:39'),
       (74347, 4816, 'F', '2014-06-04 10:15:39'),
       (74350, 4816, 'F', '2014-06-04 10:15:39'),
       (74353, 4816, 'F', '2014-06-04 10:15:39'),
       (74356, 4816, 'F', '2014-06-04 10:15:39'),
       (74359, 4816, 'F', '2014-06-04 10:15:39'),
       (74362, 4816, 'F', '2014-06-04 10:15:39'),
       (74365, 4816, 'F', '2014-06-04 10:15:39'),
       (74368, 4816, 'F', '2014-06-04 10:15:39'),
       (74371, 4816, 'F', '2014-06-04 10:15:39'),
       (74379, 4816, 'F', '2014-06-04 10:15:39'),
       (74382, 4816, 'F', '2014-06-04 10:15:39'),
       (74385, 4816, 'F', '2014-06-04 10:15:39'),
       (74388, 4816, 'F', '2014-06-04 10:15:39'),
       (74391, 4816, 'F', '2014-06-04 10:15:39'),
       (74394, 4816, 'F', '2014-06-04 10:15:39'),
       (74397, 4816, 'F', '2014-06-04 10:15:39'),
       (74400, 4816, 'F', '2014-06-04 10:15:39'),
       (74403, 4816, 'F', '2014-06-04 10:15:39'),
       (74406, 4816, 'F', '2014-06-04 10:15:39'),
       (74409, 4816, 'F', '2014-06-04 10:15:39'),
       (74412, 4816, 'F', '2014-06-04 10:15:39'),
       (74415, 4816, 'F', '2014-06-04 10:15:39'),
       (74418, 4816, 'F', '2014-06-04 10:15:39'),
       (74421, 4816, 'F', '2014-06-04 10:15:39'),
       (74424, 4816, 'F', '2014-06-04 10:15:39'),
       (74427, 4816, 'F', '2014-06-04 10:15:39'),
       (74430, 4816, 'F', '2014-06-04 10:15:39'),
       (74433, 4816, 'F', '2014-06-04 10:15:39'),
       (74436, 4816, 'F', '2014-06-04 10:15:39'),
       (74439, 4816, 'F', '2014-06-04 10:15:39'),
       (74442, 4816, 'F', '2014-06-04 10:15:39'),
       (74445, 4816, 'F', '2014-06-04 10:15:39'),
       (74448, 4816, 'F', '2014-06-04 10:15:39'),
       (74451, 4816, 'F', '2014-06-04 10:15:39'),
       (74454, 4816, 'F', '2014-06-04 10:15:39'),
       (74457, 4816, 'F', '2014-06-04 10:15:39'),
       (74460, 4816, 'F', '2014-06-04 10:15:39'),
       (74463, 4816, 'F', '2014-06-04 10:15:39'),
       (74466, 4816, 'F', '2014-06-04 10:15:39'),
       (74469, 4816, 'F', '2014-06-04 10:15:39'),
       (74472, 4816, 'F', '2014-06-04 10:15:39'),
       (74475, 4816, 'F', '2014-06-04 10:15:39'),
       (74478, 4816, 'F', '2014-06-04 10:15:39'),
       (74481, 4816, 'F', '2014-06-04 10:15:39'),
       (74484, 4816, 'F', '2014-06-04 10:15:39'),
       (74487, 4816, 'F', '2014-06-04 10:15:39'),
       (74490, 4816, 'F', '2014-06-04 10:15:39'),
       (74493, 4816, 'F', '2014-06-04 10:15:39'),
       (74496, 4816, 'F', '2014-06-04 10:15:39'),
       (74499, 4816, 'F', '2014-06-04 10:15:39'),
       (74520, 4816, 'F', '2014-06-04 10:15:39'),
       (74523, 4816, 'F', '2014-06-04 10:15:39'),
       (74526, 4816, 'F', '2014-06-04 10:15:39'),
       (74529, 4816, 'F', '2014-06-04 10:15:39'),
       (74532, 4816, 'F', '2014-06-04 10:15:39'),
       (74535, 4816, 'F', '2014-06-04 10:15:39'),
       (74538, 4816, 'F', '2014-06-04 10:15:39'),
       (74541, 4816, 'F', '2014-06-04 10:15:39'),
       (74544, 4816, 'F', '2014-06-04 10:15:39'),
       (74547, 4816, 'F', '2014-06-04 10:15:39'),
       (74550, 4816, 'F', '2014-06-04 10:15:39'),
       (74553, 4816, 'F', '2014-06-04 10:15:39'),
       (74556, 4816, 'F', '2014-06-04 10:15:39'),
       (74559, 4816, 'F', '2014-06-04 10:15:39'),
       (74562, 4816, 'F', '2014-06-04 10:15:39'),
       (74565, 4816, 'F', '2014-06-04 10:15:39'),
       (74568, 4816, 'F', '2014-06-04 10:15:39'),
       (74571, 4816, 'F', '2014-06-04 10:15:39'),
       (74574, 4816, 'F', '2014-06-04 10:15:39'),
       (74580, 4816, 'F', '2014-06-04 10:15:39'),
       (74583, 4816, 'F', '2014-06-04 10:15:39'),
       (74586, 4816, 'F', '2014-06-04 10:15:39'),
       (74589, 4816, 'F', '2014-06-04 10:15:39'),
       (74592, 4816, 'F', '2014-06-04 10:15:39'),
       (74595, 4816, 'F', '2014-06-04 10:15:39'),
       (74598, 4816, 'F', '2014-06-04 10:15:39'),
       (74601, 4816, 'F', '2014-06-04 10:15:39'),
       (74604, 4816, 'F', '2014-06-04 10:15:39'),
       (74607, 4816, 'F', '2014-06-04 10:15:39'),
       (74610, 4816, 'F', '2014-06-04 10:15:39'),
       (74613, 4816, 'F', '2014-06-04 10:15:39'),
       (74616, 4816, 'F', '2014-06-04 10:15:39'),
       (74619, 4816, 'F', '2014-06-04 10:15:39'),
       (74622, 4816, 'F', '2014-06-04 10:15:39'),
       (74625, 4816, 'F', '2014-06-04 10:15:39'),
       (74628, 4816, 'F', '2014-06-04 10:15:39'),
       (74631, 4816, 'F', '2014-06-04 10:15:39'),
       (74634, 4816, 'F', '2014-06-04 10:15:39'),
       (74637, 4816, 'F', '2014-06-04 10:15:39'),
       (74640, 4816, 'F', '2014-06-04 10:15:39'),
       (74643, 4816, 'F', '2014-06-04 10:15:39'),
       (74646, 4816, 'F', '2014-06-04 10:15:39'),
       (74649, 4816, 'F', '2014-06-04 10:15:39'),
       (74652, 4816, 'F', '2014-06-04 10:15:39'),
       (74655, 4816, 'F', '2014-06-04 10:15:39'),
       (74658, 4816, 'F', '2014-06-04 10:15:39'),
       (74661, 4816, 'F', '2014-06-04 10:15:39'),
       (74664, 4816, 'F', '2014-06-04 10:15:39'),
       (74667, 4816, 'F', '2014-06-04 10:15:39'),
       (74670, 4816, 'F', '2014-06-04 10:15:39'),
       (74673, 4816, 'F', '2014-06-04 10:15:39'),
       (74676, 4816, 'F', '2014-06-04 10:15:39'),
       (74679, 4816, 'F', '2014-06-04 10:15:39'),
       (74682, 4816, 'F', '2014-06-04 10:15:39'),
       (67701, 4822, 'R', '2014-06-04 10:15:39'),
       (67702, 4822, 'R', '2014-06-04 10:15:39'),
       (67703, 4822, 'R', '2014-06-04 10:15:39'),
       (67704, 4822, 'R', '2014-06-04 10:15:39'),
       (67706, 4822, 'R', '2014-06-04 10:15:39'),
       (67708, 4822, 'R', '2014-06-04 10:15:39'),
       (67709, 4822, 'R', '2014-06-04 10:15:39'),
       (67711, 4817, 'R', '2014-06-04 10:15:39'),
       (67712, 4817, 'R', '2014-06-04 10:15:39'),
       (67713, 4817, 'R', '2014-06-04 10:15:39'),
       (67714, 4817, 'R', '2014-06-04 10:15:39'),
       (67715, 4817, 'R', '2014-06-04 10:15:39'),
       (67716, 4817, 'R', '2014-06-04 10:15:39'),
       (67717, 4817, 'R', '2014-06-04 10:15:39'),
       (67718, 4817, 'R', '2014-06-04 10:15:39'),
       (67719, 4817, 'R', '2014-06-04 10:15:39'),
       (67720, 4817, 'R', '2014-06-04 10:15:39'),
       (67721, 4817, 'R', '2014-06-04 10:15:39'),
       (67722, 4817, 'R', '2014-06-04 10:15:39'),
       (67733, 4817, 'R', '2014-06-04 10:15:39'),
       (67734, 4817, 'R', '2014-06-04 10:15:39'),
       (67735, 4817, 'R', '2014-06-04 10:15:39'),
       (67736, 4817, 'R', '2014-06-04 10:15:39'),
       (67737, 4817, 'R', '2014-06-04 10:15:39'),
       (67738, 4817, 'R', '2014-06-04 10:15:39'),
       (67710, 4817, 'R', '2014-06-04 10:15:39'),
       (74118, 4929, 'F', '2015-06-23 20:35:57'),
       (74117, 4929, 'F', '2015-06-23 20:35:57'),
       (74119, 4929, 'F', '2015-06-23 20:35:57'),
       (74116, 4929, 'F', '2015-06-23 20:35:57'),
       (74079, 4929, 'F', '2015-06-23 20:35:57'),
       (74122, 4929, 'F', '2015-06-23 20:35:57'),
       (74120, 4929, 'F', '2015-06-23 20:35:57'),
       (74126, 4929, 'F', '2015-06-23 20:35:57'),
       (74124, 4929, 'F', '2015-06-23 20:35:57'),
       (74121, 4929, 'F', '2015-06-23 20:35:57'),
       (74123, 4929, 'F', '2015-06-23 20:35:57'),
       (74125, 4929, 'F', '2015-06-23 20:35:57'),
       (74127, 4929, 'F', '2015-06-23 20:35:57'),
       (74128, 4929, 'F', '2015-06-23 20:35:57'),
       (74129, 4929, 'F', '2015-06-23 20:35:57'),
       (74130, 4929, 'F', '2015-06-23 20:35:57'),
       (74139, 4929, 'F', '2015-06-23 20:35:57'),
       (74140, 4929, 'F', '2015-06-23 20:35:57'),
       (74142, 4929, 'F', '2015-06-23 20:35:57'),
       (74141, 4929, 'F', '2015-06-23 20:35:57'),
       (74077, 4929, 'F', '2015-06-23 20:35:57'),
       (74078, 4929, 'F', '2015-06-23 20:35:57'),
       (74075, 4929, 'F', '2015-06-23 20:35:57'),
       (74074, 4929, 'F', '2015-06-23 20:35:57'),
       (74076, 4929, 'F', '2015-06-23 20:35:57'),
       (74070, 4929, 'F', '2015-06-23 20:35:57'),
       (74071, 4929, 'F', '2015-06-23 20:35:57'),
       (74072, 4929, 'F', '2015-06-23 20:35:57'),
       (74073, 4929, 'F', '2015-06-23 20:35:57'),
       (74131, 4929, 'F', '2015-06-23 20:35:57'),
       (74132, 4929, 'F', '2015-06-23 20:35:57'),
       (74133, 4929, 'F', '2015-06-23 20:35:57'),
       (74134, 4929, 'F', '2015-06-23 20:35:57'),
       (74158, 4929, 'F', '2015-06-23 20:35:57'),
       (74165, 4929, 'F', '2015-06-23 20:35:57'),
       (74167, 4929, 'F', '2015-06-23 20:35:57'),
       (74169, 4929, 'F', '2015-06-23 20:35:57'),
       (74172, 4929, 'F', '2015-06-23 20:35:57'),
       (74174, 4929, 'F', '2015-06-23 20:35:57'),
       (74176, 4929, 'F', '2015-06-23 20:35:57'),
       (74178, 4929, 'F', '2015-06-23 20:35:57'),
       (74180, 4929, 'F', '2015-06-23 20:35:57'),
       (74182, 4929, 'F', '2015-06-23 20:35:57'),
       (74184, 4929, 'F', '2015-06-23 20:35:57'),
       (74186, 4929, 'F', '2015-06-23 20:35:57'),
       (74188, 4929, 'F', '2015-06-23 20:35:57'),
       (74190, 4929, 'F', '2015-06-23 20:35:57'),
       (74192, 4929, 'F', '2015-06-23 20:35:57'),
       (74194, 4929, 'F', '2015-06-23 20:35:57'),
       (74196, 4929, 'F', '2015-06-23 20:35:57'),
       (74198, 4929, 'F', '2015-06-23 20:35:57'),
       (74200, 4929, 'F', '2015-06-23 20:35:57'),
       (74202, 4929, 'F', '2015-06-23 20:35:57'),
       (74204, 4929, 'F', '2015-06-23 20:35:57'),
       (74005, 4929, 'F', '2015-06-23 20:35:57'),
       (74006, 4929, 'F', '2015-06-23 20:35:57'),
       (74007, 4929, 'F', '2015-06-23 20:35:57'),
       (74008, 4929, 'F', '2015-06-23 20:35:57'),
       (74009, 4929, 'F', '2015-06-23 20:35:57'),
       (74010, 4929, 'F', '2015-06-23 20:35:57'),
       (74011, 4929, 'F', '2015-06-23 20:35:57'),
       (74012, 4929, 'F', '2015-06-23 20:35:57'),
       (74013, 4929, 'F', '2015-06-23 20:35:57'),
       (74015, 4929, 'F', '2015-06-23 20:35:57'),
       (74016, 4929, 'F', '2015-06-23 20:35:57'),
       (74017, 4929, 'F', '2015-06-23 20:35:57'),
       (74018, 4929, 'F', '2015-06-23 20:35:57'),
       (74019, 4929, 'F', '2015-06-23 20:35:57'),
       (74020, 4929, 'F', '2015-06-23 20:35:57'),
       (74021, 4929, 'F', '2015-06-23 20:35:57'),
       (74022, 4929, 'F', '2015-06-23 20:35:57'),
       (74023, 4929, 'F', '2015-06-23 20:35:57'),
       (74024, 4929, 'F', '2015-06-23 20:35:57'),
       (74025, 4929, 'F', '2015-06-23 20:35:57'),
       (74026, 4929, 'F', '2015-06-23 20:35:57'),
       (74027, 4929, 'F', '2015-06-23 20:35:57'),
       (74028, 4929, 'F', '2015-06-23 20:35:57'),
       (74029, 4929, 'F', '2015-06-23 20:35:57'),
       (74030, 4929, 'F', '2015-06-23 20:35:57'),
       (74031, 4929, 'F', '2015-06-23 20:35:57'),
       (74032, 4929, 'F', '2015-06-23 20:35:57'),
       (74033, 4929, 'F', '2015-06-23 20:35:57'),
       (74034, 4929, 'F', '2015-06-23 20:35:57'),
       (74035, 4929, 'F', '2015-06-23 20:35:57'),
       (74036, 4929, 'F', '2015-06-23 20:35:57'),
       (74037, 4929, 'F', '2015-06-23 20:35:57'),
       (74038, 4929, 'F', '2015-06-23 20:35:57'),
       (74039, 4929, 'F', '2015-06-23 20:35:57'),
       (74040, 4929, 'F', '2015-06-23 20:35:57'),
       (74041, 4929, 'F', '2015-06-23 20:35:57'),
       (74042, 4929, 'F', '2015-06-23 20:35:57'),
       (74043, 4929, 'F', '2015-06-23 20:35:57'),
       (74044, 4929, 'F', '2015-06-23 20:35:57'),
       (74045, 4929, 'F', '2015-06-23 20:35:57'),
       (74046, 4929, 'F', '2015-06-23 20:35:57'),
       (74047, 4929, 'F', '2015-06-23 20:35:57'),
       (74048, 4929, 'F', '2015-06-23 20:35:57'),
       (74049, 4929, 'F', '2015-06-23 20:35:57'),
       (74050, 4929, 'F', '2015-06-23 20:35:57'),
       (74051, 4929, 'F', '2015-06-23 20:35:57'),
       (74052, 4929, 'F', '2015-06-23 20:35:57'),
       (74053, 4929, 'F', '2015-06-23 20:35:57'),
       (74054, 4929, 'F', '2015-06-23 20:35:57'),
       (74055, 4929, 'F', '2015-06-23 20:35:57'),
       (74056, 4929, 'F', '2015-06-23 20:35:57'),
       (74057, 4929, 'F', '2015-06-23 20:35:57'),
       (74058, 4929, 'F', '2015-06-23 20:35:57'),
       (74059, 4929, 'F', '2015-06-23 20:35:57'),
       (74060, 4929, 'F', '2015-06-23 20:35:57'),
       (74061, 4929, 'F', '2015-06-23 20:35:57'),
       (74062, 4929, 'F', '2015-06-23 20:35:57'),
       (74063, 4929, 'F', '2015-06-23 20:35:57'),
       (74064, 4929, 'F', '2015-06-23 20:35:57'),
       (74065, 4929, 'F', '2015-06-23 20:35:57'),
       (74066, 4929, 'F', '2015-06-23 20:35:57'),
       (74080, 4929, 'F', '2015-06-23 20:35:57'),
       (74081, 4929, 'F', '2015-06-23 20:35:57'),
       (74082, 4929, 'F', '2015-06-23 20:35:57'),
       (74083, 4929, 'F', '2015-06-23 20:35:57'),
       (74084, 4929, 'F', '2015-06-23 20:35:57'),
       (74085, 4929, 'F', '2015-06-23 20:35:57'),
       (74086, 4929, 'F', '2015-06-23 20:35:57'),
       (74087, 4929, 'F', '2015-06-23 20:35:57'),
       (74088, 4929, 'F', '2015-06-23 20:35:57'),
       (74089, 4929, 'F', '2015-06-23 20:35:57'),
       (74090, 4929, 'F', '2015-06-23 20:35:57'),
       (74091, 4929, 'F', '2015-06-23 20:35:57'),
       (74092, 4929, 'F', '2015-06-23 20:35:57'),
       (74093, 4929, 'F', '2015-06-23 20:35:57'),
       (74094, 4929, 'F', '2015-06-23 20:35:57'),
       (74095, 4929, 'F', '2015-06-23 20:35:57'),
       (74096, 4929, 'F', '2015-06-23 20:35:57'),
       (74097, 4929, 'F', '2015-06-23 20:35:57'),
       (74098, 4929, 'F', '2015-06-23 20:35:57'),
       (74099, 4929, 'F', '2015-06-23 20:35:57'),
       (74100, 4929, 'F', '2015-06-23 20:35:57'),
       (74101, 4929, 'F', '2015-06-23 20:35:57'),
       (74102, 4929, 'F', '2015-06-23 20:35:57'),
       (74103, 4929, 'F', '2015-06-23 20:35:57'),
       (74104, 4929, 'F', '2015-06-23 20:35:57'),
       (74105, 4929, 'F', '2015-06-23 20:35:57'),
       (74106, 4929, 'F', '2015-06-23 20:35:57'),
       (74107, 4929, 'F', '2015-06-23 20:35:57'),
       (74108, 4929, 'F', '2015-06-23 20:35:57'),
       (74109, 4929, 'F', '2015-06-23 20:35:57'),
       (74110, 4929, 'F', '2015-06-23 20:35:57'),
       (74111, 4929, 'F', '2015-06-23 20:35:57'),
       (74112, 4929, 'F', '2015-06-23 20:35:57'),
       (74113, 4929, 'F', '2015-06-23 20:35:57'),
       (74114, 4929, 'F', '2015-06-23 20:35:57'),
       (74115, 4929, 'F', '2015-06-23 20:35:57'),
       (74146, 4929, 'F', '2015-06-23 20:35:57'),
       (74149, 4929, 'F', '2015-06-23 20:35:57'),
       (74152, 4929, 'F', '2015-06-23 20:35:57'),
       (74155, 4929, 'F', '2015-06-23 20:35:57'),
       (74159, 4929, 'F', '2015-06-23 20:35:57'),
       (74156, 4929, 'F', '2015-06-23 20:35:57'),
       (74150, 4929, 'F', '2015-06-23 20:35:57'),
       (74147, 4929, 'F', '2015-06-23 20:35:57'),
       (74153, 4929, 'F', '2015-06-23 20:35:57'),
       (74235, 4929, 'F', '2015-06-23 20:35:57'),
       (74237, 4929, 'F', '2015-06-23 20:35:57'),
       (74239, 4929, 'F', '2015-06-23 20:35:57'),
       (74241, 4929, 'F', '2015-06-23 20:35:57'),
       (74243, 4929, 'F', '2015-06-23 20:35:57'),
       (74245, 4929, 'F', '2015-06-23 20:35:57'),
       (74247, 4929, 'F', '2015-06-23 20:35:57'),
       (74249, 4929, 'F', '2015-06-23 20:35:57'),
       (74251, 4929, 'F', '2015-06-23 20:35:57'),
       (74253, 4929, 'F', '2015-06-23 20:35:57'),
       (74255, 4929, 'F', '2015-06-23 20:35:57'),
       (74257, 4929, 'F', '2015-06-23 20:35:57'),
       (74259, 4929, 'F', '2015-06-23 20:35:57'),
       (74261, 4929, 'F', '2015-06-23 20:35:57'),
       (74263, 4929, 'F', '2015-06-23 20:35:57'),
       (74265, 4929, 'F', '2015-06-23 20:35:57'),
       (74267, 4929, 'F', '2015-06-23 20:35:57'),
       (74269, 4929, 'F', '2015-06-23 20:35:57'),
       (74271, 4929, 'F', '2015-06-23 20:35:57'),
       (74273, 4929, 'F', '2015-06-23 20:35:57'),
       (74275, 4929, 'F', '2015-06-23 20:35:57'),
       (74277, 4929, 'F', '2015-06-23 20:35:57'),
       (74279, 4929, 'F', '2015-06-23 20:35:57'),
       (74281, 4929, 'F', '2015-06-23 20:35:57'),
       (74298, 4929, 'F', '2015-06-23 20:35:57'),
       (74300, 4929, 'F', '2015-06-23 20:35:57'),
       (74302, 4929, 'F', '2015-06-23 20:35:57'),
       (74304, 4929, 'F', '2015-06-23 20:35:57'),
       (74306, 4929, 'F', '2015-06-23 20:35:57'),
       (74308, 4929, 'F', '2015-06-23 20:35:57'),
       (74310, 4929, 'F', '2015-06-23 20:35:57'),
       (74312, 4929, 'F', '2015-06-23 20:35:57'),
       (74314, 4929, 'F', '2015-06-23 20:35:57'),
       (74316, 4929, 'F', '2015-06-23 20:35:57'),
       (74318, 4929, 'F', '2015-06-23 20:35:57'),
       (74320, 4929, 'F', '2015-06-23 20:35:57'),
       (74322, 4929, 'F', '2015-06-23 20:35:57'),
       (74327, 4929, 'F', '2015-06-23 20:35:57'),
       (74330, 4929, 'F', '2015-06-23 20:35:57'),
       (74333, 4929, 'F', '2015-06-23 20:35:57'),
       (74336, 4929, 'F', '2015-06-23 20:35:57'),
       (74339, 4929, 'F', '2015-06-23 20:35:57'),
       (74342, 4929, 'F', '2015-06-23 20:35:57'),
       (74345, 4929, 'F', '2015-06-23 20:35:57'),
       (74348, 4929, 'F', '2015-06-23 20:35:57'),
       (74351, 4929, 'F', '2015-06-23 20:35:57'),
       (74354, 4929, 'F', '2015-06-23 20:35:57'),
       (74357, 4929, 'F', '2015-06-23 20:35:57'),
       (74360, 4929, 'F', '2015-06-23 20:35:57'),
       (74363, 4929, 'F', '2015-06-23 20:35:57'),
       (74366, 4929, 'F', '2015-06-23 20:35:57'),
       (74369, 4929, 'F', '2015-06-23 20:35:57'),
       (74372, 4929, 'F', '2015-06-23 20:35:57'),
       (74380, 4929, 'F', '2015-06-23 20:35:57'),
       (74383, 4929, 'F', '2015-06-23 20:35:57'),
       (74386, 4929, 'F', '2015-06-23 20:35:57'),
       (74389, 4929, 'F', '2015-06-23 20:35:57'),
       (74392, 4929, 'F', '2015-06-23 20:35:57'),
       (74395, 4929, 'F', '2015-06-23 20:35:57'),
       (74398, 4929, 'F', '2015-06-23 20:35:57'),
       (74401, 4929, 'F', '2015-06-23 20:35:57'),
       (74404, 4929, 'F', '2015-06-23 20:35:57'),
       (74407, 4929, 'F', '2015-06-23 20:35:57'),
       (74410, 4929, 'F', '2015-06-23 20:35:57'),
       (74413, 4929, 'F', '2015-06-23 20:35:57'),
       (74416, 4929, 'F', '2015-06-23 20:35:57'),
       (74419, 4929, 'F', '2015-06-23 20:35:57'),
       (74422, 4929, 'F', '2015-06-23 20:35:57'),
       (74425, 4929, 'F', '2015-06-23 20:35:57'),
       (74428, 4929, 'F', '2015-06-23 20:35:57'),
       (74431, 4929, 'F', '2015-06-23 20:35:57'),
       (74434, 4929, 'F', '2015-06-23 20:35:57'),
       (74437, 4929, 'F', '2015-06-23 20:35:57'),
       (74440, 4929, 'F', '2015-06-23 20:35:57'),
       (74443, 4929, 'F', '2015-06-23 20:35:57'),
       (74446, 4929, 'F', '2015-06-23 20:35:57'),
       (74449, 4929, 'F', '2015-06-23 20:35:57'),
       (74452, 4929, 'F', '2015-06-23 20:35:57'),
       (74455, 4929, 'F', '2015-06-23 20:35:57'),
       (74458, 4929, 'F', '2015-06-23 20:35:57'),
       (74461, 4929, 'F', '2015-06-23 20:35:57'),
       (74464, 4929, 'F', '2015-06-23 20:35:57'),
       (74467, 4929, 'F', '2015-06-23 20:35:57'),
       (74470, 4929, 'F', '2015-06-23 20:35:57'),
       (74473, 4929, 'F', '2015-06-23 20:35:57'),
       (74476, 4929, 'F', '2015-06-23 20:35:57'),
       (74479, 4929, 'F', '2015-06-23 20:35:57'),
       (74482, 4929, 'F', '2015-06-23 20:35:57'),
       (74485, 4929, 'F', '2015-06-23 20:35:57'),
       (74488, 4929, 'F', '2015-06-23 20:35:57'),
       (74491, 4929, 'F', '2015-06-23 20:35:57'),
       (74494, 4929, 'F', '2015-06-23 20:35:57'),
       (74497, 4929, 'F', '2015-06-23 20:35:57'),
       (74500, 4929, 'F', '2015-06-23 20:35:57'),
       (74521, 4929, 'F', '2015-06-23 20:35:57'),
       (74524, 4929, 'F', '2015-06-23 20:35:57'),
       (74527, 4929, 'F', '2015-06-23 20:35:57'),
       (74530, 4929, 'F', '2015-06-23 20:35:57'),
       (74533, 4929, 'F', '2015-06-23 20:35:57'),
       (74536, 4929, 'F', '2015-06-23 20:35:57'),
       (74539, 4929, 'F', '2015-06-23 20:35:57'),
       (74542, 4929, 'F', '2015-06-23 20:35:57'),
       (74545, 4929, 'F', '2015-06-23 20:35:57'),
       (74548, 4929, 'F', '2015-06-23 20:35:57'),
       (74551, 4929, 'F', '2015-06-23 20:35:57'),
       (74554, 4929, 'F', '2015-06-23 20:35:57'),
       (74557, 4929, 'F', '2015-06-23 20:35:57'),
       (74560, 4929, 'F', '2015-06-23 20:35:57'),
       (74563, 4929, 'F', '2015-06-23 20:35:57'),
       (74566, 4929, 'F', '2015-06-23 20:35:57'),
       (74569, 4929, 'F', '2015-06-23 20:35:57'),
       (74572, 4929, 'F', '2015-06-23 20:35:57'),
       (74575, 4929, 'F', '2015-06-23 20:35:57'),
       (74581, 4929, 'F', '2015-06-23 20:35:57'),
       (74584, 4929, 'F', '2015-06-23 20:35:57'),
       (74587, 4929, 'F', '2015-06-23 20:35:57'),
       (74590, 4929, 'F', '2015-06-23 20:35:57'),
       (74593, 4929, 'F', '2015-06-23 20:35:57'),
       (74596, 4929, 'F', '2015-06-23 20:35:57'),
       (74599, 4929, 'F', '2015-06-23 20:35:57'),
       (74602, 4929, 'F', '2015-06-23 20:35:57'),
       (74605, 4929, 'F', '2015-06-23 20:35:57'),
       (74608, 4929, 'F', '2015-06-23 20:35:57'),
       (74611, 4929, 'F', '2015-06-23 20:35:57'),
       (74614, 4929, 'F', '2015-06-23 20:35:57'),
       (74617, 4929, 'F', '2015-06-23 20:35:57'),
       (74620, 4929, 'F', '2015-06-23 20:35:57'),
       (74623, 4929, 'F', '2015-06-23 20:35:57'),
       (74626, 4929, 'F', '2015-06-23 20:35:57'),
       (74629, 4929, 'F', '2015-06-23 20:35:57'),
       (74632, 4929, 'F', '2015-06-23 20:35:57'),
       (74635, 4929, 'F', '2015-06-23 20:35:57'),
       (74638, 4929, 'F', '2015-06-23 20:35:57'),
       (74641, 4929, 'F', '2015-06-23 20:35:57'),
       (74644, 4929, 'F', '2015-06-23 20:35:57'),
       (74647, 4929, 'F', '2015-06-23 20:35:57'),
       (74650, 4929, 'F', '2015-06-23 20:35:57'),
       (74653, 4929, 'F', '2015-06-23 20:35:57'),
       (74656, 4929, 'F', '2015-06-23 20:35:57'),
       (74659, 4929, 'F', '2015-06-23 20:35:57'),
       (74662, 4929, 'F', '2015-06-23 20:35:57'),
       (74665, 4929, 'F', '2015-06-23 20:35:57'),
       (74668, 4929, 'F', '2015-06-23 20:35:57'),
       (74671, 4929, 'F', '2015-06-23 20:35:57'),
       (74674, 4929, 'F', '2015-06-23 20:35:57'),
       (74677, 4929, 'F', '2015-06-23 20:35:57'),
       (74680, 4929, 'F', '2015-06-23 20:35:57'),
       (74683, 4929, 'F', '2015-06-23 20:35:57'),
       (74117, 4931, 'R', '2015-06-23 20:35:57'),
       (74118, 4931, 'R', '2015-06-23 20:35:57'),
       (74116, 4931, 'R', '2015-06-23 20:35:57'),
       (74080, 4931, 'R', '2015-06-23 20:35:57'),
       (74082, 4931, 'R', '2015-06-23 20:35:57'),
       (74081, 4931, 'R', '2015-06-23 20:35:57'),
       (74079, 4931, 'R', '2015-06-23 20:35:57'),
       (74107, 4932, 'R', '2015-06-23 20:35:57'),
       (74103, 4932, 'R', '2015-06-23 20:35:57'),
       (74106, 4932, 'R', '2015-06-23 20:35:57'),
       (74098, 4932, 'R', '2015-06-23 20:35:57'),
       (74028, 4932, 'R', '2015-06-23 20:35:57'),
       (74105, 4932, 'R', '2015-06-23 20:35:57'),
       (74101, 4932, 'R', '2015-06-23 20:35:57'),
       (74100, 4932, 'R', '2015-06-23 20:35:57'),
       (74108, 4932, 'R', '2015-06-23 20:35:57'),
       (74104, 4932, 'R', '2015-06-23 20:35:57'),
       (74102, 4932, 'R', '2015-06-23 20:35:57'),
       (74099, 4932, 'R', '2015-06-23 20:35:57'),
       (74113, 4932, 'R', '2015-06-23 20:35:57'),
       (74112, 4932, 'R', '2015-06-23 20:35:57'),
       (74109, 4932, 'R', '2015-06-23 20:35:57'),
       (74110, 4932, 'R', '2015-06-23 20:35:57'),
       (74114, 4932, 'R', '2015-06-23 20:35:57'),
       (74111, 4932, 'R', '2015-06-23 20:35:57'),
       (74115, 4932, 'R', '2015-06-23 20:35:57'),
       (73217, 5, 'F', '2009-06-30 05:58:04');
/*!40000 ALTER TABLE `client_form_fields_access_default`
    ENABLE KEYS */;
UNLOCK TABLES;

--
-- Table structure for table `client_form_group_access`
--

DROP TABLE IF EXISTS `client_form_group_access`;
/*!40101 SET @saved_cs_client = @@character_set_client */;
/*!50503 SET character_set_client = utf8mb4 */;
CREATE TABLE `client_form_group_access`
(
    `access_id` int unsigned NOT NULL AUTO_INCREMENT,
    `role_id`   int            DEFAULT NULL,
    `group_id`  int unsigned   DEFAULT NULL,
    `status`    enum ('R','F') DEFAULT NULL,
    PRIMARY KEY (`access_id`),
    KEY `FK_client_form_group_access_1` (`group_id`),
    KEY `FK_client_form_group_access_acl_roles` (`role_id`),
    CONSTRAINT `FK_client_form_group_access_1` FOREIGN KEY (`group_id`) REFERENCES `client_form_groups` (`group_id`) ON DELETE CASCADE ON UPDATE CASCADE,
    CONSTRAINT `FK_client_form_group_access_acl_roles` FOREIGN KEY (`role_id`) REFERENCES `acl_roles` (`role_id`) ON DELETE CASCADE ON UPDATE CASCADE
) ENGINE = InnoDB
  AUTO_INCREMENT = 60890
  DEFAULT CHARSET = utf8mb3;
/*!40101 SET character_set_client = @saved_cs_client */;

--
-- Dumping data for table `client_form_group_access`
--

LOCK TABLES `client_form_group_access` WRITE;
/*!40000 ALTER TABLE `client_form_group_access`
    DISABLE KEYS */;
INSERT INTO `client_form_group_access`
VALUES (41474, 4816, 9633, 'F'),
       (41475, 4816, 9634, 'F'),
       (41484, 4816, 9644, 'F'),
       (41525, 4817, 9633, 'R'),
       (41530, 4817, 9643, 'R'),
       (41729, 4822, 9633, 'R'),
       (41730, 4822, 9634, 'F'),
       (41731, 4822, 9643, 'R'),
       (41732, 4822, 9644, 'F'),
       (45892, 4915, 9633, 'R'),
       (45894, 4915, 9643, 'R'),
       (60631, 4816, 12850, 'F'),
       (60667, 4816, 12901, 'F'),
       (60668, 4816, 12902, 'F'),
       (60683, 4929, 12926, 'F'),
       (60684, 4929, 12927, 'F'),
       (60685, 4929, 12929, 'F'),
       (60686, 4929, 12930, 'F'),
       (60687, 4929, 12931, 'F'),
       (60689, 4929, 12933, 'F'),
       (60690, 4929, 12934, 'F'),
       (60691, 4931, 12926, 'R'),
       (60692, 4931, 12927, 'F'),
       (60693, 4931, 12929, 'R'),
       (60694, 4931, 12930, 'F'),
       (60695, 4932, 12926, 'R'),
       (60696, 4932, 12929, 'R'),
       (60697, 4929, 12937, 'F'),
       (60698, 4929, 12935, 'F'),
       (60699, 4929, 12936, 'F'),
       (60700, 4816, 12939, 'F'),
       (60701, 4816, 12913, 'F'),
       (60702, 4816, 12938, 'F'),
       (60703, 4816, 9643, 'F'),
       (60707, 4816, 12943, 'F'),
       (60708, 4929, 12944, 'F'),
       (60710, 4816, 12946, 'F'),
       (60711, 4816, 12948, 'F'),
       (60712, 4816, 12950, 'F'),
       (60713, 4929, 12947, 'F'),
       (60714, 4929, 12949, 'F'),
       (60715, 4929, 12951, 'F'),
       (60717, 4816, 12957, 'F'),
       (60718, 4816, 12958, 'F'),
       (60719, 4816, 12959, 'F'),
       (60720, 4929, 12960, 'F'),
       (60721, 4929, 12961, 'F'),
       (60722, 4929, 12962, 'F'),
       (60723, 4816, 12963, 'F'),
       (60724, 4929, 12964, 'F'),
       (60725, 4816, 12965, 'F'),
       (60726, 4929, 12966, 'F'),
       (60727, 4816, 12953, 'F'),
       (60728, 4929, 12954, 'F'),
       (60729, 4816, 12943, 'F'),
       (60730, 4816, 12955, 'F'),
       (60731, 4929, 12944, 'F'),
       (60732, 4929, 12956, 'F'),
       (60748, 4816, 12968, 'F'),
       (60749, 4816, 12970, 'F'),
       (60750, 4816, 12972, 'F'),
       (60751, 4929, 12969, 'F'),
       (60752, 4929, 12971, 'F'),
       (60753, 4929, 12973, 'F'),
       (60754, 4816, 12974, 'F'),
       (60755, 4929, 12975, 'F'),
       (60766, 4816, 12986, 'F'),
       (60767, 4816, 12988, 'F'),
       (60768, 4816, 12990, 'F'),
       (60769, 4816, 12992, 'F'),
       (60770, 4816, 12994, 'F'),
       (60771, 4929, 12987, 'F'),
       (60772, 4929, 12989, 'F'),
       (60773, 4929, 12991, 'F'),
       (60774, 4929, 12993, 'F'),
       (60775, 4929, 12995, 'F'),
       (60781, 4816, 13001, 'F'),
       (60782, 4929, 13002, 'F'),
       (60784, 4816, 13004, 'F'),
       (60785, 4816, 13006, 'F'),
       (60786, 4929, 13005, 'F'),
       (60787, 4929, 13007, 'F'),
       (60791, 4816, 13011, 'F'),
       (60792, 4816, 13013, 'F'),
       (60793, 4816, 13015, 'F'),
       (60794, 4816, 13017, 'F'),
       (60795, 4929, 13012, 'F'),
       (60796, 4929, 13014, 'F'),
       (60797, 4929, 13016, 'F'),
       (60798, 4929, 13018, 'F'),
       (60806, 4816, 13026, 'F'),
       (60807, 4929, 13027, 'F'),
       (60809, 4816, 13029, 'F'),
       (60810, 4929, 13030, 'F'),
       (60812, 4816, 13032, 'F'),
       (60813, 4929, 13033, 'F'),
       (60815, 4816, 13035, 'F'),
       (60816, 4929, 13036, 'F'),
       (60818, 4816, 13038, 'F'),
       (60819, 4816, 13040, 'F'),
       (60820, 4816, 13042, 'F'),
       (60821, 4816, 13044, 'F'),
       (60822, 4929, 13039, 'F'),
       (60823, 4929, 13041, 'F'),
       (60824, 4929, 13043, 'F'),
       (60825, 4929, 13045, 'F'),
       (60833, 4816, 13053, 'F'),
       (60834, 4929, 13054, 'F'),
       (60836, 4816, 13056, 'F'),
       (60837, 4929, 13057, 'F'),
       (60839, 4816, 13059, 'F'),
       (60840, 4929, 13060, 'F'),
       (60842, 4816, 13062, 'F'),
       (60843, 4929, 13063, 'F'),
       (60845, 4816, 13065, 'F'),
       (60846, 4929, 13066, 'F'),
       (60848, 4816, 13068, 'F'),
       (60849, 4816, 13069, 'F'),
       (60850, 4816, 13070, 'F'),
       (60851, 4816, 13071, 'F'),
       (60852, 4816, 13072, 'F'),
       (60853, 4816, 13073, 'F'),
       (60854, 4816, 13074, 'F'),
       (60855, 4822, 13068, 'F'),
       (60856, 4822, 13069, 'F'),
       (60857, 4822, 13070, 'F'),
       (60858, 4822, 13071, 'F'),
       (60859, 4822, 13072, 'F'),
       (60860, 4822, 13073, 'F'),
       (60861, 4822, 13074, 'F'),
       (60862, 4817, 13068, 'F'),
       (60863, 4817, 13069, 'F'),
       (60864, 4817, 13070, 'F'),
       (60865, 4817, 13071, 'F'),
       (60866, 4817, 13072, 'F'),
       (60867, 4817, 13073, 'F'),
       (60868, 4817, 13074, 'F'),
       (60869, 4929, 13075, 'F'),
       (60870, 4929, 13076, 'F'),
       (60871, 4929, 13077, 'F'),
       (60872, 4929, 13078, 'F'),
       (60873, 4929, 13079, 'F'),
       (60874, 4929, 13080, 'F'),
       (60875, 4929, 13081, 'F'),
       (60876, 4931, 13075, 'F'),
       (60877, 4931, 13076, 'F'),
       (60878, 4931, 13077, 'F'),
       (60879, 4931, 13078, 'F'),
       (60880, 4931, 13079, 'F'),
       (60881, 4931, 13080, 'F'),
       (60882, 4931, 13081, 'F'),
       (60883, 4932, 13075, 'F'),
       (60884, 4932, 13076, 'F'),
       (60885, 4932, 13077, 'F'),
       (60886, 4932, 13078, 'F'),
       (60887, 4932, 13079, 'F'),
       (60888, 4932, 13080, 'F'),
       (60889, 4932, 13081, 'F');
/*!40000 ALTER TABLE `client_form_group_access`
    ENABLE KEYS */;
UNLOCK TABLES;

--
-- Table structure for table `client_form_groups`
--

DROP TABLE IF EXISTS `client_form_groups`;
/*!40101 SET @saved_cs_client = @@character_set_client */;
/*!50503 SET character_set_client = utf8mb4 */;
CREATE TABLE `client_form_groups`
(
    `group_id`        int unsigned   NOT NULL AUTO_INCREMENT,
    `parent_group_id` int unsigned            DEFAULT NULL,
    `company_id`      bigint                  DEFAULT NULL,
    `client_type_id`  int unsigned            DEFAULT NULL,
    `title`           varchar(255)            DEFAULT NULL,
    `order`           int unsigned            DEFAULT NULL,
    `cols_count`      int unsigned   NOT NULL DEFAULT '3',
    `collapsed`       enum ('Y','N') NOT NULL DEFAULT 'Y',
    `show_title`      enum ('Y','N') NOT NULL DEFAULT 'Y',
    `regTime`         int unsigned   NOT NULL DEFAULT '0',
    `assigned`        enum ('A','U')          DEFAULT 'U',
    PRIMARY KEY (`group_id`),
    KEY `FK_client_form_groups_company` (`company_id`),
    KEY `FK_client_form_groups_client_types` (`client_type_id`),
    KEY `FK_client_form_groups_client_form_groups` (`parent_group_id`),
    CONSTRAINT `FK_client_form_groups_client_form_groups` FOREIGN KEY (`parent_group_id`) REFERENCES `client_form_groups` (`group_id`) ON DELETE CASCADE ON UPDATE CASCADE,
    CONSTRAINT `FK_client_form_groups_client_types` FOREIGN KEY (`client_type_id`) REFERENCES `client_types` (`client_type_id`) ON DELETE CASCADE ON UPDATE CASCADE,
    CONSTRAINT `FK_client_form_groups_company` FOREIGN KEY (`company_id`) REFERENCES `company` (`company_id`) ON DELETE CASCADE ON UPDATE CASCADE
) ENGINE = InnoDB
  AUTO_INCREMENT = 13082
  DEFAULT CHARSET = utf8mb3;
/*!40101 SET character_set_client = @saved_cs_client */;

--
-- Dumping data for table `client_form_groups`
--

LOCK TABLES `client_form_groups` WRITE;
/*!40000 ALTER TABLE `client_form_groups`
    DISABLE KEYS */;
INSERT INTO `client_form_groups`
VALUES (9631, NULL, 0, 1052, 'Not Assigned', 102, 3, 'Y', 'Y', 1401902139, 'U'),
       (9633, NULL, 0, 1052, 'Dependants', 2, 3, 'Y', 'Y', 1401902139, 'A'),
       (9634, NULL, 0, 1052, 'Case Details', 1, 3, 'N', 'Y', 1401902139, 'A'),
       (9641, NULL, 0, 1053, 'Not Assigned', 102, 3, 'Y', 'Y', 1401902139, 'U'),
       (9643, NULL, 0, 1053, 'Dependants', 7, 3, 'Y', 'Y', 1401902139, 'A'),
       (9644, NULL, 0, 1053, 'Case Details', 1, 3, 'N', 'Y', 1401902139, 'A'),
       (12850, NULL, 0, 1053, 'Assessment Factors', 2, 3, 'Y', 'Y', 1433876090, 'A'),
       (12901, NULL, 0, 1052, 'Applicant', 3, 4, 'Y', 'Y', 1434487436, 'A'),
       (12902, NULL, 0, 1052, 'Study/Work Permit', 6, 4, 'Y', 'Y', 1434488094, 'A'),
       (12913, NULL, 0, 1053, 'Score', 3, 3, 'Y', 'Y', 1435102770, 'A'),
       (12925, NULL, 1, 1058, 'Not Assigned', 102, 3, 'Y', 'Y', 1435116957, 'U'),
       (12926, NULL, 1, 1058, 'Dependants', 2, 3, 'Y', 'Y', 1435116957, 'A'),
       (12927, NULL, 1, 1058, 'Case Details', 1, 3, 'N', 'Y', 1435116957, 'A'),
       (12928, NULL, 1, 1059, 'Not Assigned', 102, 3, 'Y', 'Y', 1435116957, 'U'),
       (12929, NULL, 1, 1059, 'Dependants', 7, 3, 'Y', 'Y', 1435116958, 'A'),
       (12930, NULL, 1, 1059, 'Case Details', 1, 3, 'N', 'Y', 1435116958, 'A'),
       (12931, NULL, 1, 1059, 'Assessment Factors', 2, 3, 'Y', 'Y', 1435116958, 'A'),
       (12933, NULL, 1, 1058, 'Applicant', 3, 4, 'Y', 'Y', 1435116958, 'A'),
       (12934, NULL, 1, 1058, 'Study/Work Permit', 6, 4, 'Y', 'Y', 1435116958, 'A'),
       (12935, NULL, 1, 1059, 'Score', 3, 3, 'Y', 'Y', 1435116958, 'A'),
       (12936, NULL, 1, 1059, 'Payment Details', 8, 3, 'Y', 'Y', 1435297889, 'A'),
       (12937, NULL, 1, 1058, 'Payment Details', 7, 4, 'Y', 'Y', 1435299550, 'A'),
       (12938, NULL, 0, 1053, 'Payment Details', 8, 3, 'Y', 'Y', 1435302754, 'A'),
       (12939, NULL, 0, 1052, 'Payment Details', 7, 4, 'Y', 'Y', 1435302892, 'A'),
       (12943, NULL, 0, 1052, 'Job Offer', 9, 4, 'Y', 'Y', 1440714016, 'A'),
       (12944, NULL, 1, 1058, 'Job Offer', 9, 4, 'Y', 'Y', 1440714016, 'A'),
       (12946, NULL, 0, 1060, 'Not Assigned', 102, 3, 'Y', 'Y', 1453193562, 'U'),
       (12947, NULL, 1, 1061, 'Not Assigned', 102, 3, 'Y', 'Y', 1453193562, 'U'),
       (12948, NULL, 0, 1060, 'Dependants', 2, 3, 'Y', 'Y', 1453193562, 'A'),
       (12949, NULL, 1, 1061, 'Dependants', 2, 3, 'Y', 'Y', 1453193562, 'A'),
       (12950, NULL, 0, 1060, 'Case Details', 1, 3, 'N', 'Y', 1453193562, 'A'),
       (12951, NULL, 1, 1061, 'Case Details', 1, 3, 'N', 'Y', 1453193562, 'A'),
       (12953, NULL, 0, 1060, 'Registration Score', 4, 3, 'Y', 'Y', 1453193568, 'A'),
       (12954, NULL, 1, 1061, 'Registration Score', 4, 3, 'Y', 'Y', 1453193568, 'A'),
       (12955, NULL, 0, 1060, 'Job Offer', 5, 3, 'Y', 'Y', 1453193568, 'A'),
       (12956, NULL, 1, 1061, 'Job Offer', 5, 3, 'Y', 'Y', 1453193568, 'A'),
       (12957, NULL, 0, 1052, 'Decision Rationale', 11, 3, 'Y', 'Y', 1453193568, 'A'),
       (12958, NULL, 0, 1053, 'Decision Rationale', 11, 3, 'Y', 'Y', 1453193568, 'A'),
       (12959, NULL, 0, 1060, 'Decision Rationale', 11, 3, 'Y', 'Y', 1453193568, 'A'),
       (12960, NULL, 1, 1058, 'Decision Rationale', 11, 3, 'Y', 'Y', 1453193568, 'A'),
       (12961, NULL, 1, 1059, 'Decision Rationale', 11, 3, 'Y', 'Y', 1453193568, 'A'),
       (12962, NULL, 1, 1061, 'Decision Rationale', 11, 3, 'Y', 'Y', 1453193568, 'A'),
       (12963, NULL, 0, 1053, 'Verified Score', 4, 3, 'Y', 'Y', 1453193568, 'A'),
       (12964, NULL, 1, 1059, 'Verified Score', 4, 3, 'Y', 'Y', 1453193568, 'A'),
       (12965, NULL, 0, 1053, 'Business Concept and Total Score', 5, 3, 'Y', 'Y', 1453193568, 'A'),
       (12966, NULL, 1, 1059, 'Business Concept and Total Score', 5, 3, 'Y', 'Y', 1453193568, 'A'),
       (12968, NULL, 0, 1063, 'Not Assigned', 100, 3, 'Y', 'Y', 1455016584, 'U'),
       (12969, NULL, 1, 1064, 'Not Assigned', 100, 3, 'Y', 'Y', 1455016584, 'U'),
       (12970, NULL, 0, 1063, 'Dependants', 2, 3, 'Y', 'Y', 1455016584, 'A'),
       (12971, NULL, 1, 1064, 'Dependants', 2, 3, 'Y', 'Y', 1455016584, 'A'),
       (12972, NULL, 0, 1063, 'Case Details', 1, 3, 'N', 'Y', 1455016584, 'A'),
       (12973, NULL, 1, 1064, 'Case Details', 1, 3, 'N', 'Y', 1455016584, 'A'),
       (12974, NULL, 0, 1063, 'Business Plan', 102, 3, 'Y', 'Y', 1468262847, 'A'),
       (12975, NULL, 1, 1064, 'Business Plan', 102, 3, 'Y', 'Y', 1468262847, 'A'),
       (12986, NULL, 0, 1068, 'Not Assigned', 110, 3, 'N', 'Y', 1482784720, 'U'),
       (12987, NULL, 1, 1069, 'Not Assigned', 110, 3, 'N', 'Y', 1482784720, 'U'),
       (12988, NULL, 0, 1068, 'Dependants', 2, 3, 'N', 'Y', 1482784720, 'A'),
       (12989, NULL, 1, 1069, 'Dependants', 2, 3, 'N', 'Y', 1482784720, 'A'),
       (12990, NULL, 0, 1068, 'Case Details', 1, 3, 'N', 'Y', 1482784720, 'A'),
       (12991, NULL, 1, 1069, 'Case Details', 1, 3, 'N', 'Y', 1482784720, 'A'),
       (12992, NULL, 0, 1068, 'Payment Details', 3, 3, 'N', 'Y', 1482784720, 'A'),
       (12993, NULL, 1, 1069, 'Payment Details', 3, 3, 'N', 'Y', 1482784720, 'A'),
       (12994, NULL, 0, 1068, 'Decision Rationale', 5, 3, 'N', 'Y', 1482784720, 'A'),
       (12995, NULL, 1, 1069, 'Decision Rationale', 5, 3, 'N', 'Y', 1482784720, 'A'),
       (13001, NULL, 0, 1068, 'Request Details', 112, 3, 'Y', 'Y', 1482784720, 'A'),
       (13002, NULL, 1, 1069, 'Request Details', 112, 3, 'Y', 'Y', 1482784720, 'A'),
       (13004, NULL, 0, 1063, 'Payment Details', 3, 3, 'N', 'Y', 1484680084, 'A'),
       (13005, NULL, 1, 1064, 'Payment Details', 3, 3, 'N', 'Y', 1484680084, 'A'),
       (13006, NULL, 0, 1063, 'Decision Rationale', 5, 3, 'N', 'Y', 1484680084, 'A'),
       (13007, NULL, 1, 1064, 'Decision Rationale', 5, 3, 'N', 'Y', 1484680084, 'A'),
       (13011, NULL, 0, 1071, 'Not Assigned', 110, 3, 'N', 'Y', 1484924386, 'U'),
       (13012, NULL, 1, 1072, 'Not Assigned', 110, 3, 'N', 'Y', 1484924386, 'U'),
       (13013, NULL, 0, 1071, 'Dependants', 2, 3, 'N', 'Y', 1484924386, 'A'),
       (13014, NULL, 1, 1072, 'Dependants', 2, 3, 'N', 'Y', 1484924386, 'A'),
       (13015, NULL, 0, 1071, 'Case Details', 1, 3, 'N', 'Y', 1484924386, 'A'),
       (13016, NULL, 1, 1072, 'Case Details', 1, 3, 'N', 'Y', 1484924386, 'A'),
       (13017, NULL, 0, 1071, 'Decision Rationale', 5, 3, 'N', 'Y', 1484924386, 'A'),
       (13018, NULL, 1, 1072, 'Decision Rationale', 5, 3, 'N', 'Y', 1484924386, 'A'),
       (13026, NULL, 0, 1063, 'Work Permit', 103, 3, 'Y', 'Y', 1490189757, 'A'),
       (13027, NULL, 1, 1064, 'Work Permit', 103, 3, 'Y', 'Y', 1490189757, 'A'),
       (13029, NULL, 0, 1063, 'Final Report', 104, 3, 'Y', 'Y', 1490189758, 'A'),
       (13030, NULL, 1, 1064, 'Final Report', 104, 3, 'Y', 'Y', 1490189758, 'A'),
       (13032, NULL, 0, 1053, 'Total Score', 104, 3, 'Y', 'Y', 1517297806, 'A'),
       (13033, NULL, 1, 1059, 'Total Score', 104, 3, 'Y', 'Y', 1517297806, 'A'),
       (13035, NULL, 0, 1052, 'Post-Secondary Education', 104, 3, 'Y', 'Y', 1542750075, 'A'),
       (13036, NULL, 1, 1058, 'Post-Secondary Education', 104, 3, 'Y', 'Y', 1542750075, 'A'),
       (13038, NULL, 0, 1074, 'Not Assigned', 110, 3, 'N', 'Y', 1573692819, 'U'),
       (13039, NULL, 1, 1075, 'Not Assigned', 110, 3, 'N', 'Y', 1573692819, 'U'),
       (13040, NULL, 0, 1074, 'Dependants', 2, 3, 'N', 'Y', 1573692819, 'A'),
       (13041, NULL, 1, 1075, 'Dependants', 2, 3, 'N', 'Y', 1573692819, 'A'),
       (13042, NULL, 0, 1074, 'Case Details', 1, 3, 'N', 'Y', 1573692819, 'A'),
       (13043, NULL, 1, 1075, 'Case Details', 1, 3, 'N', 'Y', 1573692819, 'A'),
       (13044, NULL, 0, 1074, 'Decision Rationale', 5, 3, 'N', 'Y', 1573692819, 'A'),
       (13045, NULL, 1, 1075, 'Decision Rationale', 5, 3, 'N', 'Y', 1573692819, 'A'),
       (13053, NULL, 0, 1074, 'Express Entry information', 112, 4, 'Y', 'Y', 1573692819, 'A'),
       (13054, NULL, 1, 1075, 'Express Entry information', 112, 4, 'Y', 'Y', 1573692819, 'A'),
       (13056, NULL, 0, 1074, 'Nominated application information', 113, 4, 'Y', 'Y', 1573692819, 'A'),
       (13057, NULL, 1, 1075, 'Nominated application information', 113, 4, 'Y', 'Y', 1573692819, 'A'),
       (13059, NULL, 0, 1074, 'New Company/Job Information', 114, 5, 'Y', 'Y', 1573692819, 'A'),
       (13060, NULL, 1, 1075, 'New Company/Job Information', 114, 5, 'Y', 'Y', 1573692819, 'A'),
       (13062, NULL, 0, 1074, 'Applicant status in Canada', 115, 6, 'Y', 'Y', 1573692819, 'A'),
       (13063, NULL, 1, 1075, 'Applicant status in Canada', 115, 6, 'Y', 'Y', 1573692819, 'A'),
       (13065, NULL, 0, 1071, 'Work Permit', 112, 3, 'Y', 'Y', 1573692819, 'A'),
       (13066, NULL, 1, 1072, 'Work Permit', 112, 3, 'Y', 'Y', 1573692819, 'A'),
       (13068, NULL, 0, 1052, 'Top group', 0, 3, 'N', 'N', 1668452782, 'A'),
       (13069, NULL, 0, 1053, 'Top group', 0, 3, 'N', 'N', 1668452782, 'A'),
       (13070, NULL, 0, 1060, 'Top group', 0, 3, 'N', 'N', 1668452782, 'A'),
       (13071, NULL, 0, 1063, 'Top group', 0, 3, 'N', 'N', 1668452782, 'A'),
       (13072, NULL, 0, 1068, 'Top group', 0, 3, 'N', 'N', 1668452782, 'A'),
       (13073, NULL, 0, 1071, 'Top group', 0, 3, 'N', 'N', 1668452782, 'A'),
       (13074, NULL, 0, 1074, 'Top group', 0, 3, 'N', 'N', 1668452782, 'A'),
       (13075, NULL, 1, 1058, 'Top group', 0, 3, 'N', 'N', 1668452782, 'A'),
       (13076, NULL, 1, 1059, 'Top group', 0, 3, 'N', 'N', 1668452782, 'A'),
       (13077, NULL, 1, 1061, 'Top group', 0, 3, 'N', 'N', 1668452782, 'A'),
       (13078, NULL, 1, 1064, 'Top group', 0, 3, 'N', 'N', 1668452782, 'A'),
       (13079, NULL, 1, 1069, 'Top group', 0, 3, 'N', 'N', 1668452782, 'A'),
       (13080, NULL, 1, 1072, 'Top group', 0, 3, 'N', 'N', 1668452782, 'A'),
       (13081, NULL, 1, 1075, 'Top group', 0, 3, 'N', 'N', 1668452782, 'A');
/*!40000 ALTER TABLE `client_form_groups`
    ENABLE KEYS */;
UNLOCK TABLES;

--
-- Table structure for table `client_form_order`
--

DROP TABLE IF EXISTS `client_form_order`;
/*!40101 SET @saved_cs_client = @@character_set_client */;
/*!50503 SET character_set_client = utf8mb4 */;
CREATE TABLE `client_form_order`
(
    `order_id`     int unsigned   NOT NULL AUTO_INCREMENT,
    `group_id`     int unsigned            DEFAULT NULL,
    `field_id`     int unsigned            DEFAULT NULL,
    `use_full_row` enum ('Y','N') NOT NULL DEFAULT 'N',
    `field_order`  int unsigned   NOT NULL DEFAULT '1',
    PRIMARY KEY (`order_id`),
    KEY `FK_client_form_order_1` (`group_id`),
    KEY `FK_client_form_order_2` (`field_id`),
    CONSTRAINT `FK_client_form_order_1` FOREIGN KEY (`group_id`) REFERENCES `client_form_groups` (`group_id`) ON DELETE CASCADE ON UPDATE CASCADE,
    CONSTRAINT `FK_client_form_order_2` FOREIGN KEY (`field_id`) REFERENCES `client_form_fields` (`field_id`) ON DELETE CASCADE ON UPDATE CASCADE
) ENGINE = InnoDB
  AUTO_INCREMENT = 146412
  DEFAULT CHARSET = utf8mb3;
/*!40101 SET character_set_client = @saved_cs_client */;

--
-- Dumping data for table `client_form_order`
--

LOCK TABLES `client_form_order` WRITE;
/*!40000 ALTER TABLE `client_form_order`
    DISABLE KEYS */;
INSERT INTO `client_form_order`
VALUES (143485, 9634, 67702, 'N', 0),
       (143486, 9634, 67701, 'N', 1),
       (143487, 9634, 67723, 'N', 2),
       (143489, 9634, 67709, 'N', 4),
       (143490, 12901, 73725, 'N', 0),
       (143491, 12901, 73726, 'N', 1),
       (143492, 12901, 73727, 'N', 2),
       (143493, 12901, 73733, 'N', 3),
       (143494, 12901, 73734, 'N', 4),
       (143495, 12901, 73735, 'N', 5),
       (143496, 13035, 73736, 'N', 6),
       (143497, 12902, 73729, 'N', 0),
       (143498, 12902, 73730, 'N', 1),
       (143499, 12902, 73731, 'N', 2),
       (143500, 12902, 73732, 'N', 3),
       (143501, 12939, 74145, 'N', 0),
       (143502, 12939, 74148, 'N', 1),
       (143503, 12939, 74151, 'N', 2),
       (143504, 12939, 74154, 'N', 3),
       (143505, 9631, 67649, 'N', 0),
       (143506, 9631, 67650, 'N', 1),
       (143507, 9631, 67651, 'N', 2),
       (143508, 9631, 67707, 'N', 3),
       (143509, 9631, 67652, 'N', 4),
       (143510, 9631, 67653, 'N', 5),
       (143511, 9631, 67654, 'N', 6),
       (143512, 9631, 67664, 'N', 7),
       (143513, 9631, 67655, 'N', 8),
       (143515, 9631, 67656, 'N', 10),
       (143516, 9631, 67660, 'N', 11),
       (143517, 9631, 67744, 'N', 12),
       (143518, 9631, 67661, 'N', 13),
       (143519, 9631, 67749, 'N', 14),
       (143520, 9631, 67658, 'N', 15),
       (143521, 9631, 67680, 'N', 16),
       (143522, 9631, 67662, 'N', 17),
       (143523, 9631, 67659, 'N', 18),
       (143524, 9631, 67663, 'N', 19),
       (143525, 9631, 67657, 'N', 20),
       (143526, 9631, 67665, 'N', 21),
       (143527, 9631, 67667, 'N', 22),
       (143528, 9631, 67715, 'N', 23),
       (143529, 9631, 67668, 'N', 24),
       (143530, 9631, 67669, 'N', 25),
       (143531, 9631, 67672, 'N', 26),
       (143532, 9631, 67666, 'N', 27),
       (143533, 9631, 67671, 'N', 28),
       (143534, 9631, 67673, 'N', 29),
       (143535, 9631, 67670, 'N', 30),
       (143536, 9631, 67674, 'N', 31),
       (143537, 9631, 67676, 'N', 32),
       (143538, 9631, 67675, 'N', 33),
       (143539, 9631, 67677, 'N', 34),
       (143540, 9631, 67760, 'N', 35),
       (143541, 9631, 67756, 'N', 36),
       (143542, 9631, 67681, 'N', 37),
       (143543, 9631, 67755, 'N', 38),
       (143544, 9631, 67763, 'N', 39),
       (143545, 9631, 67759, 'N', 40),
       (143546, 9631, 67764, 'N', 41),
       (143547, 9631, 67762, 'N', 42),
       (143548, 9631, 67757, 'N', 43),
       (143549, 9631, 67754, 'N', 44),
       (143550, 9631, 67761, 'N', 45),
       (143551, 9631, 67758, 'N', 46),
       (143552, 9631, 67753, 'N', 47),
       (143553, 9631, 67683, 'N', 48),
       (143554, 9631, 67696, 'N', 49),
       (143555, 9631, 67695, 'N', 50),
       (143556, 9631, 67684, 'N', 51),
       (143557, 9631, 67685, 'N', 52),
       (143558, 9631, 67686, 'N', 53),
       (143559, 9631, 67687, 'N', 54),
       (143560, 9631, 67688, 'N', 55),
       (143561, 9631, 67689, 'N', 56),
       (143562, 9631, 67690, 'N', 57),
       (143563, 9631, 67691, 'N', 58),
       (143564, 9631, 67692, 'N', 59),
       (143565, 9631, 67693, 'N', 60),
       (143566, 9631, 67694, 'N', 61),
       (143570, 9631, 73237, 'N', 65),
       (143571, 9631, 73241, 'N', 66),
       (143572, 9631, 73245, 'N', 67),
       (143573, 9631, 73249, 'N', 68),
       (143574, 9631, 73233, 'N', 69),
       (143575, 9631, 73221, 'N', 70),
       (143576, 9631, 73225, 'N', 71),
       (143577, 9631, 73217, 'N', 72),
       (143578, 9631, 73229, 'N', 73),
       (143579, 9631, 67704, 'N', 74),
       (143580, 9631, 67708, 'N', 75),
       (143581, 9631, 67706, 'N', 76),
       (143582, 9631, 67739, 'N', 77),
       (143583, 9631, 67740, 'N', 78),
       (143584, 9631, 67742, 'N', 79),
       (143585, 9631, 67741, 'N', 80),
       (143586, 9631, 67746, 'N', 81),
       (143587, 9631, 67745, 'N', 82),
       (143588, 9631, 67750, 'N', 83),
       (143589, 9631, 67748, 'N', 84),
       (143590, 9631, 67752, 'N', 85),
       (143591, 9631, 67743, 'N', 86),
       (143592, 9631, 67747, 'N', 87),
       (143593, 9631, 67751, 'N', 88),
       (143594, 9631, 67678, 'N', 89),
       (143595, 9631, 67682, 'N', 90),
       (143596, 9631, 67679, 'N', 91),
       (143597, 9631, 67714, 'N', 92),
       (143598, 9631, 67722, 'N', 93),
       (143599, 9631, 67718, 'N', 94),
       (143600, 9631, 67717, 'N', 95),
       (143601, 9631, 67721, 'N', 96),
       (143602, 9631, 67712, 'N', 97),
       (143603, 9631, 67720, 'N', 98),
       (143604, 9631, 67716, 'N', 99),
       (143605, 9631, 67713, 'N', 100),
       (143606, 9631, 67711, 'N', 101),
       (143607, 9631, 67719, 'N', 102),
       (143608, 9631, 67735, 'N', 103),
       (143609, 9631, 67736, 'N', 104),
       (143610, 9631, 67738, 'N', 105),
       (143611, 9631, 67734, 'N', 106),
       (143612, 9631, 67733, 'N', 107),
       (143613, 9631, 67737, 'N', 108),
       (143614, 9631, 67710, 'N', 109),
       (143616, 9631, 73863, 'N', 111),
       (143617, 9631, 73865, 'N', 112),
       (143618, 9631, 73866, 'N', 113),
       (143619, 9631, 73864, 'N', 114),
       (143621, 9631, 74157, 'N', 116),
       (143623, 9644, 67702, 'N', 0),
       (143624, 9644, 67701, 'N', 1),
       (143625, 9644, 67723, 'N', 2),
       (143627, 9644, 67709, 'N', 4),
       (143628, 12850, 73217, 'N', 0),
       (143629, 12850, 73229, 'N', 1),
       (143630, 12850, 73221, 'N', 2),
       (143631, 12850, 73233, 'N', 3),
       (143632, 12850, 73225, 'N', 4),
       (143633, 12850, 73237, 'N', 5),
       (143634, 12850, 73241, 'N', 6),
       (143635, 12850, 73245, 'N', 7),
       (143636, 12850, 73249, 'N', 8),
       (143637, 12913, 73863, 'N', 0),
       (143638, 12913, 73864, 'N', 1),
       (143639, 12913, 73865, 'N', 2),
       (143640, 12913, 73866, 'N', 3),
       (143641, 12913, 74157, 'N', 4),
       (143648, 12938, 74145, 'N', 0),
       (143649, 12938, 74148, 'N', 1),
       (143650, 12938, 74151, 'N', 2),
       (143651, 12938, 74154, 'N', 3),
       (143652, 9641, 67649, 'N', 0),
       (143653, 9641, 67650, 'N', 1),
       (143654, 9641, 67651, 'N', 2),
       (143655, 9641, 67652, 'N', 3),
       (143656, 9641, 67653, 'N', 4),
       (143657, 9641, 67654, 'N', 5),
       (143658, 9641, 67655, 'N', 6),
       (143659, 9641, 67741, 'N', 7),
       (143660, 9641, 67722, 'N', 8),
       (143661, 9641, 67716, 'N', 9),
       (143662, 9641, 67715, 'N', 10),
       (143664, 9641, 67713, 'N', 12),
       (143665, 9641, 67656, 'N', 13),
       (143666, 9641, 67675, 'N', 14),
       (143667, 9641, 67661, 'N', 15),
       (143668, 9641, 67667, 'N', 16),
       (143669, 9641, 67657, 'N', 17),
       (143670, 9641, 67665, 'N', 18),
       (143671, 9641, 67666, 'N', 19),
       (143672, 9641, 67668, 'N', 20),
       (143673, 9641, 67677, 'N', 21),
       (143674, 9641, 67681, 'N', 22),
       (143675, 9641, 67664, 'N', 23),
       (143676, 9641, 67669, 'N', 24),
       (143677, 9641, 67672, 'N', 25),
       (143678, 9641, 67671, 'N', 26),
       (143679, 9641, 67753, 'N', 27),
       (143680, 9641, 67674, 'N', 28),
       (143681, 9641, 67670, 'N', 29),
       (143682, 9641, 67761, 'N', 30),
       (143683, 9641, 67763, 'N', 31),
       (143684, 9641, 67673, 'N', 32),
       (143685, 9641, 67676, 'N', 33),
       (143686, 9641, 67758, 'N', 34),
       (143687, 9641, 67757, 'N', 35),
       (143688, 9641, 67760, 'N', 36),
       (143689, 9641, 67759, 'N', 37),
       (143690, 9641, 67756, 'N', 38),
       (143691, 9641, 67755, 'N', 39),
       (143692, 9641, 67762, 'N', 40),
       (143693, 9641, 67754, 'N', 41),
       (143694, 9641, 67764, 'N', 42),
       (143695, 9641, 67696, 'N', 43),
       (143696, 9641, 67695, 'N', 44),
       (143697, 9641, 67683, 'N', 45),
       (143698, 9641, 67690, 'N', 46),
       (143699, 9641, 67692, 'N', 47),
       (143700, 9641, 67693, 'N', 48),
       (143701, 9641, 67694, 'N', 49),
       (143702, 9641, 67687, 'N', 50),
       (143703, 9641, 67685, 'N', 51),
       (143704, 9641, 67691, 'N', 52),
       (143705, 9641, 67686, 'N', 53),
       (143706, 9641, 67689, 'N', 54),
       (143707, 9641, 67688, 'N', 55),
       (143708, 9641, 67684, 'N', 56),
       (143709, 9641, 67704, 'N', 57),
       (143710, 9641, 67707, 'N', 58),
       (143711, 9641, 67708, 'N', 59),
       (143712, 9641, 67706, 'N', 60),
       (143713, 9641, 67739, 'N', 61),
       (143714, 9641, 67740, 'N', 62),
       (143715, 9641, 67742, 'N', 63),
       (143716, 9641, 67746, 'N', 64),
       (143717, 9641, 67750, 'N', 65),
       (143718, 9641, 67745, 'N', 66),
       (143719, 9641, 67749, 'N', 67),
       (143720, 9641, 67744, 'N', 68),
       (143721, 9641, 67748, 'N', 69),
       (143722, 9641, 67752, 'N', 70),
       (143723, 9641, 67747, 'N', 71),
       (143724, 9641, 67743, 'N', 72),
       (143725, 9641, 67751, 'N', 73),
       (143726, 9641, 67663, 'N', 74),
       (143727, 9641, 67658, 'N', 75),
       (143728, 9641, 67660, 'N', 76),
       (143729, 9641, 67659, 'N', 77),
       (143730, 9641, 67662, 'N', 78),
       (143731, 9641, 67678, 'N', 79),
       (143732, 9641, 67682, 'N', 80),
       (143733, 9641, 67679, 'N', 81),
       (143734, 9641, 67680, 'N', 82),
       (143735, 9641, 67711, 'N', 83),
       (143736, 9641, 67712, 'N', 84),
       (143737, 9641, 67714, 'N', 85),
       (143738, 9641, 67718, 'N', 86),
       (143739, 9641, 67717, 'N', 87),
       (143740, 9641, 67721, 'N', 88),
       (143741, 9641, 67720, 'N', 89),
       (143742, 9641, 67719, 'N', 90),
       (143743, 9641, 67733, 'N', 91),
       (143744, 9641, 67734, 'N', 92),
       (143745, 9641, 67736, 'N', 93),
       (143746, 9641, 67735, 'N', 94),
       (143747, 9641, 67738, 'N', 95),
       (143748, 9641, 67737, 'N', 96),
       (143749, 9641, 67710, 'N', 97),
       (143750, 9641, 73726, 'N', 98),
       (143751, 9641, 73734, 'N', 99),
       (143752, 9641, 73725, 'N', 100),
       (143753, 9641, 73735, 'N', 101),
       (143754, 9641, 73733, 'N', 102),
       (143755, 13035, 73736, 'N', 103),
       (143756, 9641, 73727, 'N', 104),
       (143757, 9641, 73729, 'N', 105),
       (143758, 9641, 73730, 'N', 106),
       (143759, 9641, 73731, 'N', 107),
       (143760, 9641, 73732, 'N', 108),
       (143761, 12930, 74118, 'N', 0),
       (143762, 12930, 74117, 'N', 1),
       (143763, 12930, 74119, 'N', 2),
       (143765, 12930, 74079, 'N', 4),
       (143766, 12931, 74077, 'N', 0),
       (143767, 12931, 74078, 'N', 1),
       (143768, 12931, 74075, 'N', 2),
       (143769, 12931, 74074, 'N', 3),
       (143770, 12931, 74076, 'N', 4),
       (143771, 12931, 74070, 'N', 5),
       (143772, 12931, 74071, 'N', 6),
       (143773, 12931, 74072, 'N', 7),
       (143774, 12931, 74073, 'N', 8),
       (143775, 12935, 74131, 'N', 0),
       (143776, 12935, 74132, 'N', 1),
       (143777, 12935, 74133, 'N', 2),
       (143778, 12935, 74134, 'N', 3),
       (143779, 12935, 74158, 'N', 4),
       (143786, 12936, 74139, 'N', 0),
       (143787, 12936, 74140, 'N', 1),
       (143788, 12936, 74142, 'N', 2),
       (143789, 12936, 74141, 'N', 3),
       (143790, 12928, 74005, 'N', 0),
       (143791, 12928, 74006, 'N', 1),
       (143792, 12928, 74007, 'N', 2),
       (143793, 12928, 74009, 'N', 3),
       (143794, 12928, 74010, 'N', 4),
       (143795, 12928, 74011, 'N', 5),
       (143796, 12928, 74013, 'N', 6),
       (143797, 12928, 74086, 'N', 7),
       (143798, 12928, 74099, 'N', 8),
       (143799, 12928, 74105, 'N', 9),
       (143800, 12928, 74028, 'N', 10),
       (143802, 12928, 74106, 'N', 12),
       (143803, 12928, 74015, 'N', 13),
       (143804, 12928, 74038, 'N', 14),
       (143805, 12928, 74018, 'N', 15),
       (143806, 12928, 74027, 'N', 16),
       (143807, 12928, 74025, 'N', 17),
       (143808, 12928, 74026, 'N', 18),
       (143809, 12928, 74032, 'N', 19),
       (143810, 12928, 74029, 'N', 20),
       (143811, 12928, 74039, 'N', 21),
       (143812, 12928, 74042, 'N', 22),
       (143813, 12928, 74012, 'N', 23),
       (143814, 12928, 74030, 'N', 24),
       (143815, 12928, 74031, 'N', 25),
       (143816, 12928, 74033, 'N', 26),
       (143817, 12928, 74052, 'N', 27),
       (143818, 12928, 74036, 'N', 28),
       (143819, 12928, 74035, 'N', 29),
       (143820, 12928, 74050, 'N', 30),
       (143821, 12928, 74044, 'N', 31),
       (143822, 12928, 74034, 'N', 32),
       (143823, 12928, 74037, 'N', 33),
       (143824, 12928, 74051, 'N', 34),
       (143825, 12928, 74048, 'N', 35),
       (143826, 12928, 74040, 'N', 36),
       (143827, 12928, 74045, 'N', 37),
       (143828, 12928, 74041, 'N', 38),
       (143829, 12928, 74043, 'N', 39),
       (143830, 12928, 74047, 'N', 40),
       (143831, 12928, 74049, 'N', 41),
       (143832, 12928, 74046, 'N', 42),
       (143833, 12928, 74054, 'N', 43),
       (143834, 12928, 74055, 'N', 44),
       (143835, 12928, 74053, 'N', 45),
       (143836, 12928, 74062, 'N', 46),
       (143837, 12928, 74064, 'N', 47),
       (143838, 12928, 74065, 'N', 48),
       (143839, 12928, 74066, 'N', 49),
       (143840, 12928, 74059, 'N', 50),
       (143841, 12928, 74057, 'N', 51),
       (143842, 12928, 74063, 'N', 52),
       (143843, 12928, 74058, 'N', 53),
       (143844, 12928, 74061, 'N', 54),
       (143845, 12928, 74060, 'N', 55),
       (143846, 12928, 74056, 'N', 56),
       (143847, 12928, 74080, 'N', 57),
       (143848, 12928, 74008, 'N', 58),
       (143849, 12928, 74081, 'N', 59),
       (143850, 12928, 74082, 'N', 60),
       (143851, 12928, 74083, 'N', 61),
       (143852, 12928, 74084, 'N', 62),
       (143853, 12928, 74085, 'N', 63),
       (143854, 12928, 74087, 'N', 64),
       (143855, 12928, 74089, 'N', 65),
       (143856, 12928, 74088, 'N', 66),
       (143857, 12928, 74019, 'N', 67),
       (143858, 12928, 74017, 'N', 68),
       (143859, 12928, 74090, 'N', 69),
       (143860, 12928, 74091, 'N', 70),
       (143861, 12928, 74093, 'N', 71),
       (143862, 12928, 74092, 'N', 72),
       (143863, 12928, 74094, 'N', 73),
       (143864, 12928, 74024, 'N', 74),
       (143865, 12928, 74020, 'N', 75),
       (143866, 12928, 74016, 'N', 76),
       (143867, 12928, 74023, 'N', 77),
       (143868, 12928, 74022, 'N', 78),
       (143869, 12928, 74095, 'N', 79),
       (143870, 12928, 74096, 'N', 80),
       (143871, 12928, 74097, 'N', 81),
       (143872, 12928, 74021, 'N', 82),
       (143873, 12928, 74107, 'N', 83),
       (143874, 12928, 74103, 'N', 84),
       (143875, 12928, 74098, 'N', 85),
       (143876, 12928, 74100, 'N', 86),
       (143877, 12928, 74101, 'N', 87),
       (143878, 12928, 74102, 'N', 88),
       (143879, 12928, 74104, 'N', 89),
       (143880, 12928, 74108, 'N', 90),
       (143881, 12928, 74113, 'N', 91),
       (143882, 12928, 74112, 'N', 92),
       (143883, 12928, 74110, 'N', 93),
       (143884, 12928, 74109, 'N', 94),
       (143885, 12928, 74111, 'N', 95),
       (143886, 12928, 74114, 'N', 96),
       (143887, 12928, 74115, 'N', 97),
       (143888, 12928, 74120, 'N', 98),
       (143889, 12928, 74121, 'N', 99),
       (143890, 12928, 74122, 'N', 100),
       (143891, 12928, 74123, 'N', 101),
       (143892, 12928, 74124, 'N', 102),
       (143893, 13036, 74125, 'N', 103),
       (143894, 12928, 74126, 'N', 104),
       (143895, 12928, 74127, 'N', 105),
       (143896, 12928, 74128, 'N', 106),
       (143897, 12928, 74129, 'N', 107),
       (143898, 12928, 74130, 'N', 108),
       (143899, 12928, 74147, 'N', 109),
       (143900, 12928, 74150, 'N', 110),
       (143901, 12928, 74153, 'N', 111),
       (143902, 12928, 74156, 'N', 112),
       (143903, 12928, 74159, 'N', 113),
       (143904, 12928, 74155, 'N', 114),
       (143905, 12928, 74149, 'N', 115),
       (143906, 12928, 74146, 'N', 116),
       (143907, 12928, 74152, 'N', 117),
       (144055, 12927, 74118, 'N', 0),
       (144056, 12927, 74117, 'N', 1),
       (144057, 12927, 74119, 'N', 2),
       (144059, 12927, 74079, 'N', 4),
       (144060, 12933, 74122, 'N', 0),
       (144061, 12933, 74120, 'N', 1),
       (144062, 12933, 74126, 'N', 2),
       (144063, 12933, 74124, 'N', 3),
       (144064, 12933, 74121, 'N', 4),
       (144065, 12933, 74123, 'N', 5),
       (144066, 13036, 74125, 'N', 6),
       (144067, 12934, 74127, 'N', 0),
       (144068, 12934, 74128, 'N', 1),
       (144069, 12934, 74129, 'N', 2),
       (144070, 12934, 74130, 'N', 3),
       (144071, 12937, 74139, 'N', 0),
       (144072, 12937, 74140, 'N', 1),
       (144073, 12937, 74142, 'N', 2),
       (144074, 12937, 74141, 'N', 3),
       (144075, 12925, 74005, 'N', 0),
       (144076, 12925, 74006, 'N', 1),
       (144077, 12925, 74007, 'N', 2),
       (144078, 12925, 74008, 'N', 3),
       (144079, 12925, 74009, 'N', 4),
       (144080, 12925, 74010, 'N', 5),
       (144081, 12925, 74011, 'N', 6),
       (144082, 12925, 74012, 'N', 7),
       (144083, 12925, 74013, 'N', 8),
       (144085, 12925, 74015, 'N', 10),
       (144086, 12925, 74016, 'N', 11),
       (144087, 12925, 74017, 'N', 12),
       (144088, 12925, 74018, 'N', 13),
       (144089, 12925, 74019, 'N', 14),
       (144090, 12925, 74020, 'N', 15),
       (144091, 12925, 74021, 'N', 16),
       (144092, 12925, 74022, 'N', 17),
       (144093, 12925, 74023, 'N', 18),
       (144094, 12925, 74024, 'N', 19),
       (144095, 12925, 74025, 'N', 20),
       (144096, 12925, 74026, 'N', 21),
       (144097, 12925, 74027, 'N', 22),
       (144098, 12925, 74028, 'N', 23),
       (144099, 12925, 74029, 'N', 24),
       (144100, 12925, 74030, 'N', 25),
       (144101, 12925, 74031, 'N', 26),
       (144102, 12925, 74032, 'N', 27),
       (144103, 12925, 74033, 'N', 28),
       (144104, 12925, 74034, 'N', 29),
       (144105, 12925, 74035, 'N', 30),
       (144106, 12925, 74036, 'N', 31),
       (144107, 12925, 74037, 'N', 32),
       (144108, 12925, 74038, 'N', 33),
       (144109, 12925, 74039, 'N', 34),
       (144110, 12925, 74040, 'N', 35),
       (144111, 12925, 74041, 'N', 36),
       (144112, 12925, 74042, 'N', 37),
       (144113, 12925, 74043, 'N', 38),
       (144114, 12925, 74044, 'N', 39),
       (144115, 12925, 74045, 'N', 40),
       (144116, 12925, 74046, 'N', 41),
       (144117, 12925, 74047, 'N', 42),
       (144118, 12925, 74048, 'N', 43),
       (144119, 12925, 74049, 'N', 44),
       (144120, 12925, 74050, 'N', 45),
       (144121, 12925, 74051, 'N', 46),
       (144122, 12925, 74052, 'N', 47),
       (144123, 12925, 74053, 'N', 48),
       (144124, 12925, 74054, 'N', 49),
       (144125, 12925, 74055, 'N', 50),
       (144126, 12925, 74056, 'N', 51),
       (144127, 12925, 74057, 'N', 52),
       (144128, 12925, 74058, 'N', 53),
       (144129, 12925, 74059, 'N', 54),
       (144130, 12925, 74060, 'N', 55),
       (144131, 12925, 74061, 'N', 56),
       (144132, 12925, 74062, 'N', 57),
       (144133, 12925, 74063, 'N', 58),
       (144134, 12925, 74064, 'N', 59),
       (144135, 12925, 74065, 'N', 60),
       (144136, 12925, 74066, 'N', 61),
       (144140, 12925, 74070, 'N', 65),
       (144141, 12925, 74071, 'N', 66),
       (144142, 12925, 74072, 'N', 67),
       (144143, 12925, 74073, 'N', 68),
       (144144, 12925, 74074, 'N', 69),
       (144145, 12925, 74075, 'N', 70),
       (144146, 12925, 74076, 'N', 71),
       (144147, 12925, 74077, 'N', 72),
       (144148, 12925, 74078, 'N', 73),
       (144149, 12925, 74080, 'N', 74),
       (144150, 12925, 74081, 'N', 75),
       (144151, 12925, 74082, 'N', 76),
       (144152, 12925, 74083, 'N', 77),
       (144153, 12925, 74084, 'N', 78),
       (144154, 12925, 74085, 'N', 79),
       (144155, 12925, 74086, 'N', 80),
       (144156, 12925, 74087, 'N', 81),
       (144157, 12925, 74088, 'N', 82),
       (144158, 12925, 74089, 'N', 83),
       (144159, 12925, 74090, 'N', 84),
       (144160, 12925, 74091, 'N', 85),
       (144161, 12925, 74092, 'N', 86),
       (144162, 12925, 74093, 'N', 87),
       (144163, 12925, 74094, 'N', 88),
       (144164, 12925, 74095, 'N', 89),
       (144165, 12925, 74096, 'N', 90),
       (144166, 12925, 74097, 'N', 91),
       (144167, 12925, 74098, 'N', 92),
       (144168, 12925, 74099, 'N', 93),
       (144169, 12925, 74100, 'N', 94),
       (144170, 12925, 74101, 'N', 95),
       (144171, 12925, 74102, 'N', 96),
       (144172, 12925, 74103, 'N', 97),
       (144173, 12925, 74104, 'N', 98),
       (144174, 12925, 74105, 'N', 99),
       (144175, 12925, 74106, 'N', 100),
       (144176, 12925, 74107, 'N', 101),
       (144177, 12925, 74108, 'N', 102),
       (144178, 12925, 74109, 'N', 103),
       (144179, 12925, 74110, 'N', 104),
       (144180, 12925, 74111, 'N', 105),
       (144181, 12925, 74112, 'N', 106),
       (144182, 12925, 74113, 'N', 107),
       (144183, 12925, 74114, 'N', 108),
       (144184, 12925, 74115, 'N', 109),
       (144186, 12925, 74131, 'N', 111),
       (144187, 12925, 74133, 'N', 112),
       (144188, 12925, 74134, 'N', 113),
       (144189, 12925, 74132, 'N', 114),
       (144191, 12925, 74146, 'N', 116),
       (144192, 12925, 74149, 'N', 117),
       (144193, 12925, 74152, 'N', 118),
       (144194, 12925, 74155, 'N', 119),
       (144195, 12925, 74158, 'N', 120),
       (144196, 12925, 74159, 'N', 121),
       (144197, 12925, 74156, 'N', 122),
       (144198, 12925, 74150, 'N', 123),
       (144199, 12925, 74147, 'N', 124),
       (144201, 12925, 74153, 'N', 126),
       (144209, 13035, 74164, 'N', 127),
       (144210, 12901, 74166, 'N', 128),
       (144211, 12901, 74168, 'N', 129),
       (144212, 13036, 74165, 'N', 130),
       (144213, 12933, 74167, 'N', 131),
       (144214, 12933, 74169, 'N', 132),
       (144216, 12943, 74171, 'N', 133),
       (144217, 12943, 74173, 'N', 134),
       (144218, 12943, 74175, 'N', 135),
       (144219, 12943, 74177, 'N', 136),
       (144220, 12943, 74179, 'N', 137),
       (144221, 12943, 74181, 'N', 138),
       (144222, 12943, 74183, 'N', 139),
       (144223, 12943, 74185, 'N', 140),
       (144224, 12943, 74187, 'N', 141),
       (144225, 12943, 74189, 'N', 142),
       (144226, 12943, 74191, 'N', 143),
       (144227, 12943, 74193, 'N', 144),
       (144228, 12943, 74195, 'N', 145),
       (144229, 12943, 74197, 'N', 146),
       (144230, 12943, 74199, 'N', 147),
       (144231, 12943, 74201, 'N', 148),
       (144232, 12943, 74203, 'N', 149),
       (144233, 12944, 74172, 'N', 150),
       (144234, 12944, 74174, 'N', 151),
       (144235, 12944, 74176, 'N', 152),
       (144236, 12944, 74178, 'N', 153),
       (144237, 12944, 74180, 'N', 154),
       (144238, 12944, 74182, 'N', 155),
       (144239, 12944, 74184, 'N', 156),
       (144240, 12944, 74186, 'N', 157),
       (144241, 12944, 74188, 'N', 158),
       (144242, 12944, 74190, 'N', 159),
       (144243, 12944, 74192, 'N', 160),
       (144244, 12944, 74194, 'N', 161),
       (144245, 12944, 74196, 'N', 162),
       (144246, 12944, 74198, 'N', 163),
       (144247, 12944, 74200, 'N', 164),
       (144248, 12944, 74202, 'N', 165),
       (144249, 12944, 74204, 'N', 166),
       (144279, 12946, 67649, 'N', 1),
       (144280, 12946, 67650, 'N', 2),
       (144281, 12946, 67651, 'N', 3),
       (144282, 12946, 67707, 'N', 4),
       (144283, 12946, 67652, 'N', 5),
       (144284, 12946, 67653, 'N', 6),
       (144285, 12946, 67654, 'N', 7),
       (144286, 12946, 67664, 'N', 8),
       (144287, 12946, 67655, 'N', 9),
       (144289, 12946, 67656, 'N', 11),
       (144290, 12946, 67660, 'N', 12),
       (144291, 12946, 67744, 'N', 13),
       (144292, 12946, 67661, 'N', 14),
       (144293, 12946, 67749, 'N', 15),
       (144294, 12946, 67658, 'N', 16),
       (144295, 12946, 67680, 'N', 17),
       (144296, 12946, 67662, 'N', 18),
       (144297, 12946, 67659, 'N', 19),
       (144298, 12946, 67663, 'N', 20),
       (144299, 12946, 67657, 'N', 21),
       (144300, 12946, 67665, 'N', 22),
       (144301, 12946, 67667, 'N', 23),
       (144302, 12946, 67715, 'N', 24),
       (144303, 12946, 67668, 'N', 25),
       (144304, 12946, 67669, 'N', 26),
       (144305, 12946, 67672, 'N', 27),
       (144306, 12946, 67666, 'N', 28),
       (144307, 12946, 67671, 'N', 29),
       (144308, 12946, 67673, 'N', 30),
       (144309, 12946, 67670, 'N', 31),
       (144310, 12946, 67674, 'N', 32),
       (144311, 12946, 67676, 'N', 33),
       (144312, 12946, 67675, 'N', 34),
       (144313, 12946, 67677, 'N', 35),
       (144314, 12946, 67760, 'N', 36),
       (144315, 12946, 67756, 'N', 37),
       (144316, 12946, 67681, 'N', 38),
       (144317, 12946, 67755, 'N', 39),
       (144318, 12946, 67763, 'N', 40),
       (144319, 12946, 67759, 'N', 41),
       (144320, 12946, 67764, 'N', 42),
       (144321, 12946, 67762, 'N', 43),
       (144322, 12946, 67757, 'N', 44),
       (144323, 12946, 67754, 'N', 45),
       (144324, 12946, 67761, 'N', 46),
       (144325, 12946, 67758, 'N', 47),
       (144326, 12946, 67753, 'N', 48),
       (144327, 12946, 67683, 'N', 49),
       (144328, 12946, 67696, 'N', 50),
       (144329, 12946, 67695, 'N', 51),
       (144330, 12946, 67684, 'N', 52),
       (144331, 12946, 67685, 'N', 53),
       (144332, 12946, 67686, 'N', 54),
       (144333, 12946, 67687, 'N', 55),
       (144334, 12946, 67688, 'N', 56),
       (144335, 12946, 67689, 'N', 57),
       (144336, 12946, 67690, 'N', 58),
       (144337, 12946, 67691, 'N', 59),
       (144338, 12946, 67692, 'N', 60),
       (144339, 12946, 67693, 'N', 61),
       (144340, 12946, 67694, 'N', 62),
       (144341, 12946, 73237, 'N', 63),
       (144342, 12946, 73241, 'N', 64),
       (144343, 12946, 73245, 'N', 65),
       (144344, 12946, 73249, 'N', 66),
       (144345, 12946, 73233, 'N', 67),
       (144346, 12946, 73221, 'N', 68),
       (144347, 12946, 73225, 'N', 69),
       (144348, 12946, 73217, 'N', 70),
       (144349, 12946, 73229, 'N', 71),
       (144350, 12946, 67704, 'N', 72),
       (144351, 12946, 67708, 'N', 73),
       (144352, 12946, 67706, 'N', 74),
       (144353, 12946, 67739, 'N', 75),
       (144354, 12946, 67740, 'N', 76),
       (144355, 12946, 67742, 'N', 77),
       (144356, 12946, 67741, 'N', 78),
       (144357, 12946, 67746, 'N', 79),
       (144358, 12946, 67745, 'N', 80),
       (144359, 12946, 67750, 'N', 81),
       (144360, 12946, 67748, 'N', 82),
       (144361, 12946, 67752, 'N', 83),
       (144362, 12946, 67743, 'N', 84),
       (144363, 12946, 67747, 'N', 85),
       (144364, 12946, 67751, 'N', 86),
       (144365, 12946, 67678, 'N', 87),
       (144366, 12946, 67682, 'N', 88),
       (144367, 12946, 67679, 'N', 89),
       (144368, 12946, 67714, 'N', 90),
       (144369, 12946, 67722, 'N', 91),
       (144370, 12946, 67718, 'N', 92),
       (144371, 12946, 67717, 'N', 93),
       (144372, 12946, 67721, 'N', 94),
       (144373, 12946, 67712, 'N', 95),
       (144374, 12946, 67720, 'N', 96),
       (144375, 12946, 67716, 'N', 97),
       (144376, 12946, 67713, 'N', 98),
       (144377, 12946, 67711, 'N', 99),
       (144378, 12946, 67719, 'N', 100),
       (144379, 12946, 67735, 'N', 101),
       (144380, 12946, 67736, 'N', 102),
       (144381, 12946, 67738, 'N', 103),
       (144382, 12946, 67734, 'N', 104),
       (144383, 12946, 67733, 'N', 105),
       (144384, 12946, 67737, 'N', 106),
       (144385, 12946, 67710, 'N', 107),
       (144387, 12946, 73863, 'N', 109),
       (144388, 12946, 73865, 'N', 110),
       (144389, 12946, 73866, 'N', 111),
       (144390, 12946, 73864, 'N', 112),
       (144392, 12946, 74157, 'N', 114),
       (144394, 12950, 67702, 'N', 116),
       (144395, 12950, 67701, 'N', 117),
       (144396, 12950, 67723, 'N', 118),
       (144398, 12950, 67709, 'N', 120),
       (144399, 12947, 74005, 'N', 121),
       (144400, 12947, 74006, 'N', 122),
       (144401, 12947, 74007, 'N', 123),
       (144402, 12947, 74008, 'N', 124),
       (144403, 12947, 74009, 'N', 125),
       (144404, 12947, 74010, 'N', 126),
       (144405, 12947, 74011, 'N', 127),
       (144406, 12947, 74012, 'N', 128),
       (144407, 12947, 74013, 'N', 129),
       (144409, 12947, 74015, 'N', 131),
       (144410, 12947, 74016, 'N', 132),
       (144411, 12947, 74017, 'N', 133),
       (144412, 12947, 74018, 'N', 134),
       (144413, 12947, 74019, 'N', 135),
       (144414, 12947, 74020, 'N', 136),
       (144415, 12947, 74021, 'N', 137),
       (144416, 12947, 74022, 'N', 138),
       (144417, 12947, 74023, 'N', 139),
       (144418, 12947, 74024, 'N', 140),
       (144419, 12947, 74025, 'N', 141),
       (144420, 12947, 74026, 'N', 142),
       (144421, 12947, 74027, 'N', 143),
       (144422, 12947, 74028, 'N', 144),
       (144423, 12947, 74029, 'N', 145),
       (144424, 12947, 74030, 'N', 146),
       (144425, 12947, 74031, 'N', 147),
       (144426, 12947, 74032, 'N', 148),
       (144427, 12947, 74033, 'N', 149),
       (144428, 12947, 74034, 'N', 150),
       (144429, 12947, 74035, 'N', 151),
       (144430, 12947, 74036, 'N', 152),
       (144431, 12947, 74037, 'N', 153),
       (144432, 12947, 74038, 'N', 154),
       (144433, 12947, 74039, 'N', 155),
       (144434, 12947, 74040, 'N', 156),
       (144435, 12947, 74041, 'N', 157),
       (144436, 12947, 74042, 'N', 158),
       (144437, 12947, 74043, 'N', 159),
       (144438, 12947, 74044, 'N', 160),
       (144439, 12947, 74045, 'N', 161),
       (144440, 12947, 74046, 'N', 162),
       (144441, 12947, 74047, 'N', 163),
       (144442, 12947, 74048, 'N', 164),
       (144443, 12947, 74049, 'N', 165),
       (144444, 12947, 74050, 'N', 166),
       (144445, 12947, 74051, 'N', 167),
       (144446, 12947, 74052, 'N', 168),
       (144447, 12947, 74053, 'N', 169),
       (144448, 12947, 74054, 'N', 170),
       (144449, 12947, 74055, 'N', 171),
       (144450, 12947, 74056, 'N', 172),
       (144451, 12947, 74057, 'N', 173),
       (144452, 12947, 74058, 'N', 174),
       (144453, 12947, 74059, 'N', 175),
       (144454, 12947, 74060, 'N', 176),
       (144455, 12947, 74061, 'N', 177),
       (144456, 12947, 74062, 'N', 178),
       (144457, 12947, 74063, 'N', 179),
       (144458, 12947, 74064, 'N', 180),
       (144459, 12947, 74065, 'N', 181),
       (144460, 12947, 74066, 'N', 182),
       (144461, 12947, 74070, 'N', 183),
       (144462, 12947, 74071, 'N', 184),
       (144463, 12947, 74072, 'N', 185),
       (144464, 12947, 74073, 'N', 186),
       (144465, 12947, 74074, 'N', 187),
       (144466, 12947, 74075, 'N', 188),
       (144467, 12947, 74076, 'N', 189),
       (144468, 12947, 74077, 'N', 190),
       (144469, 12947, 74078, 'N', 191),
       (144470, 12947, 74080, 'N', 192),
       (144471, 12947, 74081, 'N', 193),
       (144472, 12947, 74082, 'N', 194),
       (144473, 12947, 74083, 'N', 195),
       (144474, 12947, 74084, 'N', 196),
       (144475, 12947, 74085, 'N', 197),
       (144476, 12947, 74086, 'N', 198),
       (144477, 12947, 74087, 'N', 199),
       (144478, 12947, 74088, 'N', 200),
       (144479, 12947, 74089, 'N', 201),
       (144480, 12947, 74090, 'N', 202),
       (144481, 12947, 74091, 'N', 203),
       (144482, 12947, 74092, 'N', 204),
       (144483, 12947, 74093, 'N', 205),
       (144484, 12947, 74094, 'N', 206),
       (144485, 12947, 74095, 'N', 207),
       (144486, 12947, 74096, 'N', 208),
       (144487, 12947, 74097, 'N', 209),
       (144488, 12947, 74098, 'N', 210),
       (144489, 12947, 74099, 'N', 211),
       (144490, 12947, 74100, 'N', 212),
       (144491, 12947, 74101, 'N', 213),
       (144492, 12947, 74102, 'N', 214),
       (144493, 12947, 74103, 'N', 215),
       (144494, 12947, 74104, 'N', 216),
       (144495, 12947, 74105, 'N', 217),
       (144496, 12947, 74106, 'N', 218),
       (144497, 12947, 74107, 'N', 219),
       (144498, 12947, 74108, 'N', 220),
       (144499, 12947, 74109, 'N', 221),
       (144500, 12947, 74110, 'N', 222),
       (144501, 12947, 74111, 'N', 223),
       (144502, 12947, 74112, 'N', 224),
       (144503, 12947, 74113, 'N', 225),
       (144504, 12947, 74114, 'N', 226),
       (144505, 12947, 74115, 'N', 227),
       (144507, 12947, 74131, 'N', 229),
       (144508, 12947, 74133, 'N', 230),
       (144509, 12947, 74134, 'N', 231),
       (144510, 12947, 74132, 'N', 232),
       (144512, 12947, 74146, 'N', 234),
       (144513, 12947, 74149, 'N', 235),
       (144514, 12947, 74152, 'N', 236),
       (144515, 12947, 74155, 'N', 237),
       (144516, 12947, 74158, 'N', 238),
       (144517, 12947, 74159, 'N', 239),
       (144518, 12947, 74156, 'N', 240),
       (144519, 12947, 74150, 'N', 241),
       (144520, 12947, 74147, 'N', 242),
       (144522, 12947, 74153, 'N', 244),
       (144523, 12951, 74118, 'N', 245),
       (144524, 12951, 74117, 'N', 246),
       (144525, 12951, 74119, 'N', 247),
       (144527, 12951, 74079, 'N', 249),
       (144534, 12950, 74234, 'N', 250),
       (144535, 12950, 74236, 'N', 251),
       (144536, 12951, 74235, 'N', 252),
       (144537, 12951, 74237, 'N', 253),
       (144538, 12957, 74238, 'N', 254),
       (144539, 12957, 74240, 'N', 255),
       (144540, 12957, 74242, 'N', 256),
       (144541, 12958, 74238, 'N', 257),
       (144542, 12958, 74240, 'N', 258),
       (144543, 12958, 74242, 'N', 259),
       (144544, 12959, 74238, 'N', 260),
       (144545, 12959, 74240, 'N', 261),
       (144546, 12959, 74242, 'N', 262),
       (144547, 12960, 74239, 'N', 263),
       (144548, 12960, 74241, 'N', 264),
       (144549, 12960, 74243, 'N', 265),
       (144550, 12961, 74239, 'N', 266),
       (144551, 12961, 74241, 'N', 267),
       (144552, 12961, 74243, 'N', 268),
       (144553, 12962, 74239, 'N', 269),
       (144554, 12962, 74241, 'N', 270),
       (144555, 12962, 74243, 'N', 271),
       (144556, 12953, 74244, 'N', 272),
       (144557, 12953, 74246, 'N', 273),
       (144558, 12953, 74248, 'N', 274),
       (144559, 12953, 74250, 'N', 275),
       (144560, 12953, 74252, 'N', 276),
       (144561, 12953, 74254, 'N', 277),
       (144562, 12953, 74256, 'N', 278),
       (144563, 12954, 74245, 'N', 279),
       (144564, 12954, 74247, 'N', 280),
       (144565, 12954, 74249, 'N', 281),
       (144566, 12954, 74251, 'N', 282),
       (144567, 12954, 74253, 'N', 283),
       (144568, 12954, 74255, 'N', 284),
       (144569, 12954, 74257, 'N', 285),
       (144570, 12955, 74171, 'N', 286),
       (144571, 12955, 74173, 'N', 287),
       (144572, 12955, 74191, 'N', 288),
       (144573, 12955, 74193, 'N', 289),
       (144574, 12955, 74195, 'N', 290),
       (144575, 12955, 74197, 'N', 291),
       (144576, 12955, 74199, 'N', 292),
       (144577, 12956, 74172, 'N', 293),
       (144578, 12956, 74174, 'N', 294),
       (144579, 12956, 74192, 'N', 295),
       (144580, 12956, 74194, 'N', 296),
       (144581, 12956, 74196, 'N', 297),
       (144582, 12956, 74198, 'N', 298),
       (144583, 12956, 74200, 'N', 299),
       (144584, 12963, 74258, 'N', 300),
       (144585, 12963, 74260, 'N', 301),
       (144586, 12963, 74262, 'N', 302),
       (144587, 12963, 74264, 'N', 303),
       (144588, 12963, 74266, 'N', 304),
       (144589, 12963, 74268, 'N', 305),
       (144590, 12964, 74259, 'N', 306),
       (144591, 12964, 74261, 'N', 307),
       (144592, 12964, 74263, 'N', 308),
       (144593, 12964, 74265, 'N', 309),
       (144594, 12964, 74267, 'N', 310),
       (144595, 12964, 74269, 'N', 311),
       (144596, 12965, 74270, 'Y', 346),
       (144597, 12965, 74272, 'Y', 336),
       (144598, 12965, 74274, 'Y', 342),
       (144599, 12965, 74276, 'N', 347),
       (144600, 12965, 74278, 'N', 349),
       (144601, 12965, 74280, 'N', 351),
       (144602, 12966, 74271, 'Y', 346),
       (144603, 12966, 74273, 'Y', 336),
       (144604, 12966, 74275, 'Y', 342),
       (144605, 12966, 74277, 'N', 348),
       (144606, 12966, 74279, 'N', 350),
       (144607, 12966, 74281, 'N', 352),
       (144661, 12968, 67649, 'N', 1),
       (144662, 12968, 67650, 'N', 2),
       (144663, 12968, 67651, 'N', 3),
       (144664, 12968, 67652, 'N', 4),
       (144665, 12968, 67653, 'N', 5),
       (144666, 12968, 67654, 'N', 6),
       (144667, 12968, 67655, 'N', 7),
       (144668, 12968, 67741, 'N', 8),
       (144669, 12968, 67722, 'N', 9),
       (144670, 12968, 67716, 'N', 10),
       (144671, 12968, 67715, 'N', 11),
       (144673, 12968, 67713, 'N', 13),
       (144674, 12968, 67656, 'N', 14),
       (144675, 12968, 67675, 'N', 15),
       (144676, 12968, 67661, 'N', 16),
       (144677, 12968, 67667, 'N', 17),
       (144678, 12968, 67657, 'N', 18),
       (144679, 12968, 67665, 'N', 19),
       (144680, 12968, 67666, 'N', 20),
       (144681, 12968, 67668, 'N', 21),
       (144682, 12968, 67677, 'N', 22),
       (144683, 12968, 67681, 'N', 23),
       (144684, 12968, 67664, 'N', 24),
       (144685, 12968, 67669, 'N', 25),
       (144686, 12968, 67672, 'N', 26),
       (144687, 12968, 67671, 'N', 27),
       (144688, 12968, 67753, 'N', 28),
       (144689, 12968, 67674, 'N', 29),
       (144690, 12968, 67670, 'N', 30),
       (144691, 12968, 67761, 'N', 31),
       (144692, 12968, 67763, 'N', 32),
       (144693, 12968, 67673, 'N', 33),
       (144694, 12968, 67676, 'N', 34),
       (144695, 12968, 67758, 'N', 35),
       (144696, 12968, 67757, 'N', 36),
       (144697, 12968, 67760, 'N', 37),
       (144698, 12968, 67759, 'N', 38),
       (144699, 12968, 67756, 'N', 39),
       (144700, 12968, 67755, 'N', 40),
       (144701, 12968, 67762, 'N', 41),
       (144702, 12968, 67754, 'N', 42),
       (144703, 12968, 67764, 'N', 43),
       (144704, 12968, 67696, 'N', 44),
       (144705, 12968, 67695, 'N', 45),
       (144706, 12968, 67683, 'N', 46),
       (144707, 12968, 67690, 'N', 47),
       (144708, 12968, 67692, 'N', 48),
       (144709, 12968, 67693, 'N', 49),
       (144710, 12968, 67694, 'N', 50),
       (144711, 12968, 67687, 'N', 51),
       (144712, 12968, 67685, 'N', 52),
       (144713, 12968, 67691, 'N', 53),
       (144714, 12968, 67686, 'N', 54),
       (144715, 12968, 67689, 'N', 55),
       (144716, 12968, 67688, 'N', 56),
       (144717, 12968, 67684, 'N', 57),
       (144718, 12968, 67704, 'N', 58),
       (144719, 12968, 67707, 'N', 59),
       (144720, 12968, 67708, 'N', 60),
       (144721, 12968, 67706, 'N', 61),
       (144722, 12968, 67739, 'N', 62),
       (144723, 12968, 67740, 'N', 63),
       (144724, 12968, 67742, 'N', 64),
       (144725, 12968, 67746, 'N', 65),
       (144726, 12968, 67750, 'N', 66),
       (144727, 12968, 67745, 'N', 67),
       (144728, 12968, 67749, 'N', 68),
       (144729, 12968, 67744, 'N', 69),
       (144730, 12968, 67748, 'N', 70),
       (144731, 12968, 67752, 'N', 71),
       (144732, 12968, 67747, 'N', 72),
       (144733, 12968, 67743, 'N', 73),
       (144734, 12968, 67751, 'N', 74),
       (144735, 12968, 67663, 'N', 75),
       (144736, 12968, 67658, 'N', 76),
       (144737, 12968, 67660, 'N', 77),
       (144738, 12968, 67659, 'N', 78),
       (144739, 12968, 67662, 'N', 79),
       (144740, 12968, 67678, 'N', 80),
       (144741, 12968, 67682, 'N', 81),
       (144742, 12968, 67679, 'N', 82),
       (144743, 12968, 67680, 'N', 83),
       (144744, 12968, 67711, 'N', 84),
       (144745, 12968, 67712, 'N', 85),
       (144746, 12968, 67714, 'N', 86),
       (144747, 12968, 67718, 'N', 87),
       (144748, 12968, 67717, 'N', 88),
       (144749, 12968, 67721, 'N', 89),
       (144750, 12968, 67720, 'N', 90),
       (144751, 12968, 67719, 'N', 91),
       (144752, 12968, 67733, 'N', 92),
       (144753, 12968, 67734, 'N', 93),
       (144754, 12968, 67736, 'N', 94),
       (144755, 12968, 67735, 'N', 95),
       (144756, 12968, 67738, 'N', 96),
       (144757, 12968, 67737, 'N', 97),
       (144758, 12968, 67710, 'N', 98),
       (144759, 12968, 73726, 'N', 99),
       (144760, 12968, 73734, 'N', 100),
       (144761, 12968, 73725, 'N', 101),
       (144762, 12968, 73735, 'N', 102),
       (144763, 12968, 73733, 'N', 103),
       (144764, 13035, 73736, 'N', 104),
       (144765, 12968, 73727, 'N', 105),
       (144766, 12968, 73729, 'N', 106),
       (144767, 12968, 73730, 'N', 107),
       (144768, 12968, 73731, 'N', 108),
       (144769, 12968, 73732, 'N', 109),
       (144770, 12972, 67702, 'N', 110),
       (144771, 12972, 67701, 'N', 111),
       (144772, 12972, 67723, 'N', 112),
       (144774, 12972, 67709, 'N', 114),
       (144775, 12969, 74005, 'N', 115),
       (144776, 12969, 74006, 'N', 116),
       (144777, 12969, 74007, 'N', 117),
       (144778, 12969, 74009, 'N', 118),
       (144779, 12969, 74010, 'N', 119),
       (144780, 12969, 74011, 'N', 120),
       (144781, 12969, 74013, 'N', 121),
       (144782, 12969, 74086, 'N', 122),
       (144783, 12969, 74099, 'N', 123),
       (144784, 12969, 74105, 'N', 124),
       (144785, 12969, 74028, 'N', 125),
       (144787, 12969, 74106, 'N', 127),
       (144788, 12969, 74015, 'N', 128),
       (144789, 12969, 74038, 'N', 129),
       (144790, 12969, 74018, 'N', 130),
       (144791, 12969, 74027, 'N', 131),
       (144792, 12969, 74025, 'N', 132),
       (144793, 12969, 74026, 'N', 133),
       (144794, 12969, 74032, 'N', 134),
       (144795, 12969, 74029, 'N', 135),
       (144796, 12969, 74039, 'N', 136),
       (144797, 12969, 74042, 'N', 137),
       (144798, 12969, 74012, 'N', 138),
       (144799, 12969, 74030, 'N', 139),
       (144800, 12969, 74031, 'N', 140),
       (144801, 12969, 74033, 'N', 141),
       (144802, 12969, 74052, 'N', 142),
       (144803, 12969, 74036, 'N', 143),
       (144804, 12969, 74035, 'N', 144),
       (144805, 12969, 74050, 'N', 145),
       (144806, 12969, 74044, 'N', 146),
       (144807, 12969, 74034, 'N', 147),
       (144808, 12969, 74037, 'N', 148),
       (144809, 12969, 74051, 'N', 149),
       (144810, 12969, 74048, 'N', 150),
       (144811, 12969, 74040, 'N', 151),
       (144812, 12969, 74045, 'N', 152),
       (144813, 12969, 74041, 'N', 153),
       (144814, 12969, 74043, 'N', 154),
       (144815, 12969, 74047, 'N', 155),
       (144816, 12969, 74049, 'N', 156),
       (144817, 12969, 74046, 'N', 157),
       (144818, 12969, 74054, 'N', 158),
       (144819, 12969, 74055, 'N', 159),
       (144820, 12969, 74053, 'N', 160),
       (144821, 12969, 74062, 'N', 161),
       (144822, 12969, 74064, 'N', 162),
       (144823, 12969, 74065, 'N', 163),
       (144824, 12969, 74066, 'N', 164),
       (144825, 12969, 74059, 'N', 165),
       (144826, 12969, 74057, 'N', 166),
       (144827, 12969, 74063, 'N', 167),
       (144828, 12969, 74058, 'N', 168),
       (144829, 12969, 74061, 'N', 169),
       (144830, 12969, 74060, 'N', 170),
       (144831, 12969, 74056, 'N', 171),
       (144832, 12969, 74080, 'N', 172),
       (144833, 12969, 74008, 'N', 173),
       (144834, 12969, 74081, 'N', 174),
       (144835, 12969, 74082, 'N', 175),
       (144836, 12969, 74083, 'N', 176),
       (144837, 12969, 74084, 'N', 177),
       (144838, 12969, 74085, 'N', 178),
       (144839, 12969, 74087, 'N', 179),
       (144840, 12969, 74089, 'N', 180),
       (144841, 12969, 74088, 'N', 181),
       (144842, 12969, 74019, 'N', 182),
       (144843, 12969, 74017, 'N', 183),
       (144844, 12969, 74090, 'N', 184),
       (144845, 12969, 74091, 'N', 185),
       (144846, 12969, 74093, 'N', 186),
       (144847, 12969, 74092, 'N', 187),
       (144848, 12969, 74094, 'N', 188),
       (144849, 12969, 74024, 'N', 189),
       (144850, 12969, 74020, 'N', 190),
       (144851, 12969, 74016, 'N', 191),
       (144852, 12969, 74023, 'N', 192),
       (144853, 12969, 74022, 'N', 193),
       (144854, 12969, 74095, 'N', 194),
       (144855, 12969, 74096, 'N', 195),
       (144856, 12969, 74097, 'N', 196),
       (144857, 12969, 74021, 'N', 197),
       (144858, 12969, 74107, 'N', 198),
       (144859, 12969, 74103, 'N', 199),
       (144860, 12969, 74098, 'N', 200),
       (144861, 12969, 74100, 'N', 201),
       (144862, 12969, 74101, 'N', 202),
       (144863, 12969, 74102, 'N', 203),
       (144864, 12969, 74104, 'N', 204),
       (144865, 12969, 74108, 'N', 205),
       (144866, 12969, 74113, 'N', 206),
       (144867, 12969, 74112, 'N', 207),
       (144868, 12969, 74110, 'N', 208),
       (144869, 12969, 74109, 'N', 209),
       (144870, 12969, 74111, 'N', 210),
       (144871, 12969, 74114, 'N', 211),
       (144872, 12969, 74115, 'N', 212),
       (144873, 12969, 74120, 'N', 213),
       (144874, 12969, 74121, 'N', 214),
       (144875, 12969, 74122, 'N', 215),
       (144876, 12969, 74123, 'N', 216),
       (144877, 12969, 74124, 'N', 217),
       (144878, 13036, 74125, 'N', 218),
       (144879, 12969, 74126, 'N', 219),
       (144880, 12969, 74127, 'N', 220),
       (144881, 12969, 74128, 'N', 221),
       (144882, 12969, 74129, 'N', 222),
       (144883, 12969, 74130, 'N', 223),
       (144884, 12969, 74147, 'N', 224),
       (144885, 12969, 74150, 'N', 225),
       (144886, 12969, 74153, 'N', 226),
       (144887, 12969, 74156, 'N', 227),
       (144888, 12969, 74159, 'N', 228),
       (144889, 12969, 74155, 'N', 229),
       (144890, 12969, 74149, 'N', 230),
       (144891, 12969, 74146, 'N', 231),
       (144892, 12969, 74152, 'N', 232),
       (144893, 12973, 74118, 'N', 233),
       (144894, 12973, 74117, 'N', 234),
       (144895, 12973, 74119, 'N', 235),
       (144897, 12973, 74079, 'N', 237),
       (144916, 12965, 74297, 'N', 324),
       (144917, 12965, 74299, 'N', 325),
       (144918, 12965, 74301, 'N', 326),
       (144919, 12965, 74303, 'N', 327),
       (144920, 12965, 74305, 'N', 328),
       (144921, 12965, 74307, 'N', 329),
       (144922, 12966, 74298, 'N', 330),
       (144923, 12966, 74300, 'N', 331),
       (144924, 12966, 74302, 'N', 332),
       (144925, 12966, 74304, 'N', 333),
       (144926, 12966, 74306, 'N', 334),
       (144927, 12966, 74308, 'N', 335),
       (144931, 12965, 74309, 'N', 336),
       (144932, 12965, 74311, 'N', 337),
       (144933, 12965, 74313, 'N', 338),
       (144934, 12966, 74310, 'N', 339),
       (144935, 12966, 74312, 'N', 340),
       (144936, 12966, 74314, 'N', 341),
       (144938, 12965, 74315, 'N', 342),
       (144939, 12966, 74316, 'N', 343),
       (144941, 12965, 74317, 'Y', 344),
       (144942, 12966, 74318, 'Y', 345),
       (144943, 12955, 74319, 'N', 353),
       (144944, 12955, 74321, 'N', 354),
       (144945, 12956, 74320, 'N', 355),
       (144946, 12956, 74322, 'N', 356),
       (144950, 12974, 74326, 'N', 357),
       (144951, 12975, 74327, 'N', 357),
       (144953, 12974, 74329, 'N', 358),
       (144954, 12975, 74330, 'N', 358),
       (144956, 12974, 74332, 'N', 359),
       (144957, 12975, 74333, 'N', 359),
       (144959, 12974, 74335, 'N', 360),
       (144960, 12975, 74336, 'N', 360),
       (144962, 12974, 74338, 'N', 361),
       (144963, 12975, 74339, 'N', 361),
       (144965, 12974, 74341, 'N', 362),
       (144966, 12975, 74342, 'N', 362),
       (144968, 12974, 74344, 'N', 363),
       (144969, 12975, 74345, 'N', 363),
       (144971, 12974, 74347, 'N', 364),
       (144972, 12975, 74348, 'N', 364),
       (144974, 12972, 74350, 'N', 365),
       (144975, 12973, 74351, 'N', 365),
       (144977, 12972, 74353, 'N', 366),
       (144978, 12973, 74354, 'N', 366),
       (144980, 12972, 74356, 'N', 367),
       (144981, 12973, 74357, 'N', 367),
       (144983, 12972, 74359, 'N', 368),
       (144984, 12973, 74360, 'N', 368),
       (144986, 12972, 74362, 'N', 369),
       (144987, 12973, 74363, 'N', 369),
       (144989, 12972, 74365, 'N', 370),
       (144990, 12973, 74366, 'N', 370),
       (144992, 12972, 74368, 'N', 371),
       (144993, 12973, 74369, 'N', 371),
       (144995, 12972, 74371, 'N', 372),
       (144996, 12973, 74372, 'N', 372),
       (144998, 12972, 73725, 'N', 373),
       (144999, 12973, 74122, 'N', 373),
       (145001, 12972, 73726, 'N', 374),
       (145002, 12973, 74120, 'N', 374),
       (145004, 12972, 73727, 'N', 375),
       (145005, 12973, 74126, 'N', 375),
       (145007, 12972, 73729, 'N', 376),
       (145008, 12973, 74127, 'N', 376),
       (145010, 12972, 73731, 'N', 377),
       (145011, 12973, 74129, 'N', 377),
       (145013, 12974, 73229, 'N', 378),
       (145014, 12975, 74078, 'N', 378),
       (145016, 12974, 73233, 'N', 379),
       (145017, 12975, 74074, 'N', 379),
       (145019, 12974, 73237, 'N', 380),
       (145020, 12975, 74070, 'N', 380),
       (145022, 12974, 73241, 'N', 381),
       (145023, 12975, 74071, 'N', 381),
       (145025, 12974, 73245, 'N', 382),
       (145026, 12975, 74072, 'N', 382),
       (145028, 12974, 73249, 'N', 383),
       (145029, 12975, 74073, 'N', 383),
       (145031, 12974, 73217, 'N', 384),
       (145032, 12975, 74077, 'N', 384),
       (145294, 12986, 67649, 'N', 1),
       (145295, 12986, 67650, 'N', 2),
       (145296, 12986, 67651, 'N', 3),
       (145297, 12986, 67652, 'N', 4),
       (145298, 12986, 67653, 'N', 5),
       (145299, 12986, 67654, 'N', 6),
       (145300, 12986, 67655, 'N', 7),
       (145301, 12986, 67741, 'N', 8),
       (145302, 12986, 67722, 'N', 9),
       (145303, 12986, 67716, 'N', 10),
       (145304, 12986, 67715, 'N', 11),
       (145306, 12986, 67713, 'N', 13),
       (145307, 12986, 67656, 'N', 14),
       (145308, 12986, 67675, 'N', 15),
       (145309, 12986, 67661, 'N', 16),
       (145310, 12986, 67667, 'N', 17),
       (145311, 12986, 67657, 'N', 18),
       (145312, 12986, 67665, 'N', 19),
       (145313, 12986, 67666, 'N', 20),
       (145314, 12986, 67668, 'N', 21),
       (145315, 12986, 67677, 'N', 22),
       (145316, 12986, 67681, 'N', 23),
       (145317, 12986, 67664, 'N', 24),
       (145318, 12986, 67669, 'N', 25),
       (145319, 12986, 67672, 'N', 26),
       (145320, 12986, 67671, 'N', 27),
       (145321, 12986, 67753, 'N', 28),
       (145322, 12986, 67674, 'N', 29),
       (145323, 12986, 67670, 'N', 30),
       (145324, 12986, 67761, 'N', 31),
       (145325, 12986, 67763, 'N', 32),
       (145326, 12986, 67673, 'N', 33),
       (145327, 12986, 67676, 'N', 34),
       (145328, 12986, 67758, 'N', 35),
       (145329, 12986, 67757, 'N', 36),
       (145330, 12986, 67760, 'N', 37),
       (145331, 12986, 67759, 'N', 38),
       (145332, 12986, 67756, 'N', 39),
       (145333, 12986, 67755, 'N', 40),
       (145334, 12986, 67762, 'N', 41),
       (145335, 12986, 67754, 'N', 42),
       (145336, 12986, 67764, 'N', 43),
       (145337, 12986, 67696, 'N', 44),
       (145338, 12986, 67695, 'N', 45),
       (145339, 12986, 67683, 'N', 46),
       (145340, 12986, 67690, 'N', 47),
       (145341, 12986, 67692, 'N', 48),
       (145342, 12986, 67693, 'N', 49),
       (145343, 12986, 67694, 'N', 50),
       (145344, 12986, 67687, 'N', 51),
       (145345, 12986, 67685, 'N', 52),
       (145346, 12986, 67691, 'N', 53),
       (145347, 12986, 67686, 'N', 54),
       (145348, 12986, 67689, 'N', 55),
       (145349, 12986, 67688, 'N', 56),
       (145350, 12986, 67684, 'N', 57),
       (145351, 12986, 67704, 'N', 58),
       (145352, 12986, 67707, 'N', 59),
       (145353, 12986, 67708, 'N', 60),
       (145354, 12986, 67706, 'N', 61),
       (145355, 12986, 67739, 'N', 62),
       (145356, 12986, 67740, 'N', 63),
       (145357, 12986, 67742, 'N', 64),
       (145358, 12986, 67746, 'N', 65),
       (145359, 12986, 67750, 'N', 66),
       (145360, 12986, 67745, 'N', 67),
       (145361, 12986, 67749, 'N', 68),
       (145362, 12986, 67744, 'N', 69),
       (145363, 12986, 67748, 'N', 70),
       (145364, 12986, 67752, 'N', 71),
       (145365, 12986, 67747, 'N', 72),
       (145366, 12986, 67743, 'N', 73),
       (145367, 12986, 67751, 'N', 74),
       (145368, 12986, 67663, 'N', 75),
       (145369, 12986, 67658, 'N', 76),
       (145370, 12986, 67660, 'N', 77),
       (145371, 12986, 67659, 'N', 78),
       (145372, 12986, 67662, 'N', 79),
       (145373, 12986, 67678, 'N', 80),
       (145374, 12986, 67682, 'N', 81),
       (145375, 12986, 67679, 'N', 82),
       (145376, 12986, 67680, 'N', 83),
       (145377, 12986, 67711, 'N', 84),
       (145378, 12986, 67712, 'N', 85),
       (145379, 12986, 67714, 'N', 86),
       (145380, 12986, 67718, 'N', 87),
       (145381, 12986, 67717, 'N', 88),
       (145382, 12986, 67721, 'N', 89),
       (145383, 12986, 67720, 'N', 90),
       (145384, 12986, 67719, 'N', 91),
       (145385, 12986, 67733, 'N', 92),
       (145386, 12986, 67734, 'N', 93),
       (145387, 12986, 67736, 'N', 94),
       (145388, 12986, 67735, 'N', 95),
       (145389, 12986, 67738, 'N', 96),
       (145390, 12986, 67737, 'N', 97),
       (145391, 12986, 67710, 'N', 98),
       (145392, 12986, 73726, 'N', 99),
       (145393, 12986, 73734, 'N', 100),
       (145394, 12986, 73725, 'N', 101),
       (145395, 12986, 73735, 'N', 102),
       (145396, 12986, 73733, 'N', 103),
       (145397, 13035, 73736, 'N', 104),
       (145398, 12986, 73727, 'N', 105),
       (145399, 12986, 73729, 'N', 106),
       (145400, 12986, 73730, 'N', 107),
       (145401, 12986, 73731, 'N', 108),
       (145402, 12986, 73732, 'N', 109),
       (145403, 12990, 67702, 'N', 110),
       (145404, 12990, 67701, 'N', 111),
       (145405, 12990, 67723, 'N', 112),
       (145407, 12990, 67709, 'N', 114),
       (145408, 12992, 74145, 'N', 115),
       (145409, 12992, 74148, 'N', 116),
       (145410, 12992, 74151, 'N', 117),
       (145411, 12992, 74154, 'N', 118),
       (145412, 12994, 74238, 'N', 119),
       (145413, 12994, 74240, 'N', 120),
       (145414, 12994, 74242, 'N', 121),
       (145415, 12987, 74005, 'N', 122),
       (145416, 12987, 74006, 'N', 123),
       (145417, 12987, 74007, 'N', 124),
       (145418, 12987, 74009, 'N', 125),
       (145419, 12987, 74010, 'N', 126),
       (145420, 12987, 74011, 'N', 127),
       (145421, 12987, 74013, 'N', 128),
       (145422, 12987, 74086, 'N', 129),
       (145423, 12987, 74099, 'N', 130),
       (145424, 12987, 74105, 'N', 131),
       (145425, 12987, 74028, 'N', 132),
       (145427, 12987, 74106, 'N', 134),
       (145428, 12987, 74015, 'N', 135),
       (145429, 12987, 74038, 'N', 136),
       (145430, 12987, 74018, 'N', 137),
       (145431, 12987, 74027, 'N', 138),
       (145432, 12987, 74025, 'N', 139),
       (145433, 12987, 74026, 'N', 140),
       (145434, 12987, 74032, 'N', 141),
       (145435, 12987, 74029, 'N', 142),
       (145436, 12987, 74039, 'N', 143),
       (145437, 12987, 74042, 'N', 144),
       (145438, 12987, 74012, 'N', 145),
       (145439, 12987, 74030, 'N', 146),
       (145440, 12987, 74031, 'N', 147),
       (145441, 12987, 74033, 'N', 148),
       (145442, 12987, 74052, 'N', 149),
       (145443, 12987, 74036, 'N', 150),
       (145444, 12987, 74035, 'N', 151),
       (145445, 12987, 74050, 'N', 152),
       (145446, 12987, 74044, 'N', 153),
       (145447, 12987, 74034, 'N', 154),
       (145448, 12987, 74037, 'N', 155),
       (145449, 12987, 74051, 'N', 156),
       (145450, 12987, 74048, 'N', 157),
       (145451, 12987, 74040, 'N', 158),
       (145452, 12987, 74045, 'N', 159),
       (145453, 12987, 74041, 'N', 160),
       (145454, 12987, 74043, 'N', 161),
       (145455, 12987, 74047, 'N', 162),
       (145456, 12987, 74049, 'N', 163),
       (145457, 12987, 74046, 'N', 164),
       (145458, 12987, 74054, 'N', 165),
       (145459, 12987, 74055, 'N', 166),
       (145460, 12987, 74053, 'N', 167),
       (145461, 12987, 74062, 'N', 168),
       (145462, 12987, 74064, 'N', 169),
       (145463, 12987, 74065, 'N', 170),
       (145464, 12987, 74066, 'N', 171),
       (145465, 12987, 74059, 'N', 172),
       (145466, 12987, 74057, 'N', 173),
       (145467, 12987, 74063, 'N', 174),
       (145468, 12987, 74058, 'N', 175),
       (145469, 12987, 74061, 'N', 176),
       (145470, 12987, 74060, 'N', 177),
       (145471, 12987, 74056, 'N', 178),
       (145472, 12987, 74080, 'N', 179),
       (145473, 12987, 74008, 'N', 180),
       (145474, 12987, 74081, 'N', 181),
       (145475, 12987, 74082, 'N', 182),
       (145476, 12987, 74083, 'N', 183),
       (145477, 12987, 74084, 'N', 184),
       (145478, 12987, 74085, 'N', 185),
       (145479, 12987, 74087, 'N', 186),
       (145480, 12987, 74089, 'N', 187),
       (145481, 12987, 74088, 'N', 188),
       (145482, 12987, 74019, 'N', 189),
       (145483, 12987, 74017, 'N', 190),
       (145484, 12987, 74090, 'N', 191),
       (145485, 12987, 74091, 'N', 192),
       (145486, 12987, 74093, 'N', 193),
       (145487, 12987, 74092, 'N', 194),
       (145488, 12987, 74094, 'N', 195),
       (145489, 12987, 74024, 'N', 196),
       (145490, 12987, 74020, 'N', 197),
       (145491, 12987, 74016, 'N', 198),
       (145492, 12987, 74023, 'N', 199),
       (145493, 12987, 74022, 'N', 200),
       (145494, 12987, 74095, 'N', 201),
       (145495, 12987, 74096, 'N', 202),
       (145496, 12987, 74097, 'N', 203),
       (145497, 12987, 74021, 'N', 204),
       (145498, 12987, 74107, 'N', 205),
       (145499, 12987, 74103, 'N', 206),
       (145500, 12987, 74098, 'N', 207),
       (145501, 12987, 74100, 'N', 208),
       (145502, 12987, 74101, 'N', 209),
       (145503, 12987, 74102, 'N', 210),
       (145504, 12987, 74104, 'N', 211),
       (145505, 12987, 74108, 'N', 212),
       (145506, 12987, 74113, 'N', 213),
       (145507, 12987, 74112, 'N', 214),
       (145508, 12987, 74110, 'N', 215),
       (145509, 12987, 74109, 'N', 216),
       (145510, 12987, 74111, 'N', 217),
       (145511, 12987, 74114, 'N', 218),
       (145512, 12987, 74115, 'N', 219),
       (145513, 12987, 74120, 'N', 220),
       (145514, 12987, 74121, 'N', 221),
       (145515, 12987, 74122, 'N', 222),
       (145516, 12987, 74123, 'N', 223),
       (145517, 12987, 74124, 'N', 224),
       (145518, 13036, 74125, 'N', 225),
       (145519, 12987, 74126, 'N', 226),
       (145520, 12987, 74127, 'N', 227),
       (145521, 12987, 74128, 'N', 228),
       (145522, 12987, 74129, 'N', 229),
       (145523, 12987, 74130, 'N', 230),
       (145524, 12987, 74147, 'N', 231),
       (145525, 12987, 74150, 'N', 232),
       (145526, 12987, 74153, 'N', 233),
       (145527, 12987, 74156, 'N', 234),
       (145528, 12987, 74159, 'N', 235),
       (145529, 12987, 74155, 'N', 236),
       (145530, 12987, 74149, 'N', 237),
       (145531, 12987, 74146, 'N', 238),
       (145532, 12987, 74152, 'N', 239),
       (145533, 12991, 74118, 'N', 240),
       (145534, 12991, 74117, 'N', 241),
       (145535, 12991, 74119, 'N', 242),
       (145537, 12991, 74079, 'N', 244),
       (145538, 12993, 74139, 'N', 245),
       (145539, 12993, 74140, 'N', 246),
       (145540, 12993, 74142, 'N', 247),
       (145541, 12993, 74141, 'N', 248),
       (145542, 12995, 74239, 'N', 249),
       (145543, 12995, 74241, 'N', 250),
       (145544, 12995, 74243, 'N', 251),
       (145549, 13001, 74379, 'N', 387),
       (145550, 13002, 74380, 'N', 387),
       (145552, 13001, 74382, 'N', 388),
       (145553, 13002, 74383, 'N', 388),
       (145555, 13001, 74385, 'N', 389),
       (145556, 13002, 74386, 'N', 389),
       (145558, 13001, 74388, 'N', 390),
       (145559, 13002, 74389, 'N', 390),
       (145561, 12958, 74391, 'N', 391),
       (145562, 12961, 74392, 'N', 391),
       (145564, 12959, 74391, 'N', 392),
       (145565, 12962, 74392, 'N', 392),
       (145567, 12994, 74391, 'N', 393),
       (145568, 12995, 74392, 'N', 393),
       (145570, 13004, 74145, 'N', 1),
       (145571, 13004, 74148, 'N', 2),
       (145572, 13004, 74151, 'N', 3),
       (145573, 13004, 74154, 'N', 4),
       (145574, 13006, 74238, 'N', 5),
       (145575, 13006, 74240, 'N', 6),
       (145576, 13006, 74242, 'N', 7),
       (145577, 13006, 74391, 'N', 8),
       (145578, 13005, 74139, 'N', 9),
       (145579, 13005, 74140, 'N', 10),
       (145580, 13005, 74142, 'N', 11),
       (145581, 13005, 74141, 'N', 12),
       (145582, 13007, 74239, 'N', 13),
       (145583, 13007, 74241, 'N', 14),
       (145584, 13007, 74243, 'N', 15),
       (145585, 13007, 74392, 'N', 16),
       (145601, 12957, 74391, 'N', 394),
       (145602, 12960, 74392, 'N', 394),
       (145604, 12972, 74394, 'N', 395),
       (145605, 12973, 74395, 'N', 395),
       (145607, 13011, 67649, 'N', 1),
       (145608, 13011, 67650, 'N', 2),
       (145609, 13011, 67651, 'N', 3),
       (145610, 13011, 67652, 'N', 4),
       (145611, 13011, 67653, 'N', 5),
       (145612, 13011, 67654, 'N', 6),
       (145613, 13011, 67655, 'N', 7),
       (145614, 13011, 67741, 'N', 8),
       (145615, 13011, 67722, 'N', 9),
       (145616, 13011, 67716, 'N', 10),
       (145617, 13011, 67715, 'N', 11),
       (145619, 13011, 67713, 'N', 13),
       (145620, 13011, 67656, 'N', 14),
       (145621, 13011, 67675, 'N', 15),
       (145622, 13011, 67661, 'N', 16),
       (145623, 13011, 67667, 'N', 17),
       (145624, 13011, 67657, 'N', 18),
       (145625, 13011, 67665, 'N', 19),
       (145626, 13011, 67666, 'N', 20),
       (145627, 13011, 67668, 'N', 21),
       (145628, 13011, 67677, 'N', 22),
       (145629, 13011, 67681, 'N', 23),
       (145630, 13011, 67664, 'N', 24),
       (145631, 13011, 67669, 'N', 25),
       (145632, 13011, 67672, 'N', 26),
       (145633, 13011, 67671, 'N', 27),
       (145634, 13011, 67753, 'N', 28),
       (145635, 13011, 67674, 'N', 29),
       (145636, 13011, 67670, 'N', 30),
       (145637, 13011, 67761, 'N', 31),
       (145638, 13011, 67763, 'N', 32),
       (145639, 13011, 67673, 'N', 33),
       (145640, 13011, 67676, 'N', 34),
       (145641, 13011, 67758, 'N', 35),
       (145642, 13011, 67757, 'N', 36),
       (145643, 13011, 67760, 'N', 37),
       (145644, 13011, 67759, 'N', 38),
       (145645, 13011, 67756, 'N', 39),
       (145646, 13011, 67755, 'N', 40),
       (145647, 13011, 67762, 'N', 41),
       (145648, 13011, 67754, 'N', 42),
       (145649, 13011, 67764, 'N', 43),
       (145650, 13011, 67696, 'N', 44),
       (145651, 13011, 67695, 'N', 45),
       (145652, 13011, 67683, 'N', 46),
       (145653, 13011, 67690, 'N', 47),
       (145654, 13011, 67692, 'N', 48),
       (145655, 13011, 67693, 'N', 49),
       (145656, 13011, 67694, 'N', 50),
       (145657, 13011, 67687, 'N', 51),
       (145658, 13011, 67685, 'N', 52),
       (145659, 13011, 67691, 'N', 53),
       (145660, 13011, 67686, 'N', 54),
       (145661, 13011, 67689, 'N', 55),
       (145662, 13011, 67688, 'N', 56),
       (145663, 13011, 67684, 'N', 57),
       (145664, 13011, 67704, 'N', 58),
       (145665, 13011, 67707, 'N', 59),
       (145666, 13011, 67708, 'N', 60),
       (145667, 13011, 67706, 'N', 61),
       (145668, 13011, 67739, 'N', 62),
       (145669, 13011, 67740, 'N', 63),
       (145670, 13011, 67742, 'N', 64),
       (145671, 13011, 67746, 'N', 65),
       (145672, 13011, 67750, 'N', 66),
       (145673, 13011, 67745, 'N', 67),
       (145674, 13011, 67749, 'N', 68),
       (145675, 13011, 67744, 'N', 69),
       (145676, 13011, 67748, 'N', 70),
       (145677, 13011, 67752, 'N', 71),
       (145678, 13011, 67747, 'N', 72),
       (145679, 13011, 67743, 'N', 73),
       (145680, 13011, 67751, 'N', 74),
       (145681, 13011, 67663, 'N', 75),
       (145682, 13011, 67658, 'N', 76),
       (145683, 13011, 67660, 'N', 77),
       (145684, 13011, 67659, 'N', 78),
       (145685, 13011, 67662, 'N', 79),
       (145686, 13011, 67678, 'N', 80),
       (145687, 13011, 67682, 'N', 81),
       (145688, 13011, 67679, 'N', 82),
       (145689, 13011, 67680, 'N', 83),
       (145690, 13011, 67711, 'N', 84),
       (145691, 13011, 67712, 'N', 85),
       (145692, 13011, 67714, 'N', 86),
       (145693, 13011, 67718, 'N', 87),
       (145694, 13011, 67717, 'N', 88),
       (145695, 13011, 67721, 'N', 89),
       (145696, 13011, 67720, 'N', 90),
       (145697, 13011, 67719, 'N', 91),
       (145698, 13011, 67733, 'N', 92),
       (145699, 13011, 67734, 'N', 93),
       (145700, 13011, 67736, 'N', 94),
       (145701, 13011, 67735, 'N', 95),
       (145702, 13011, 67738, 'N', 96),
       (145703, 13011, 67737, 'N', 97),
       (145704, 13011, 67710, 'N', 98),
       (145705, 13011, 73726, 'N', 99),
       (145706, 13011, 73734, 'N', 100),
       (145707, 13011, 73725, 'N', 101),
       (145708, 13011, 73735, 'N', 102),
       (145709, 13011, 73733, 'N', 103),
       (145710, 13035, 73736, 'N', 104),
       (145711, 13011, 73727, 'N', 105),
       (145712, 13011, 73729, 'N', 106),
       (145713, 13011, 73730, 'N', 107),
       (145714, 13011, 73731, 'N', 108),
       (145715, 13011, 73732, 'N', 109),
       (145716, 13015, 67702, 'N', 110),
       (145717, 13015, 67701, 'N', 111),
       (145718, 13015, 67723, 'N', 112),
       (145720, 13015, 67709, 'N', 114),
       (145721, 13017, 74238, 'N', 115),
       (145722, 13017, 74240, 'N', 116),
       (145723, 13017, 74242, 'N', 117),
       (145724, 13017, 74391, 'N', 118),
       (145725, 13012, 74005, 'N', 119),
       (145726, 13012, 74006, 'N', 120),
       (145727, 13012, 74007, 'N', 121),
       (145728, 13012, 74009, 'N', 122),
       (145729, 13012, 74010, 'N', 123),
       (145730, 13012, 74011, 'N', 124),
       (145731, 13012, 74013, 'N', 125),
       (145732, 13012, 74086, 'N', 126),
       (145733, 13012, 74099, 'N', 127),
       (145734, 13012, 74105, 'N', 128),
       (145735, 13012, 74028, 'N', 129),
       (145737, 13012, 74106, 'N', 131),
       (145738, 13012, 74015, 'N', 132),
       (145739, 13012, 74038, 'N', 133),
       (145740, 13012, 74018, 'N', 134),
       (145741, 13012, 74027, 'N', 135),
       (145742, 13012, 74025, 'N', 136),
       (145743, 13012, 74026, 'N', 137),
       (145744, 13012, 74032, 'N', 138),
       (145745, 13012, 74029, 'N', 139),
       (145746, 13012, 74039, 'N', 140),
       (145747, 13012, 74042, 'N', 141),
       (145748, 13012, 74012, 'N', 142),
       (145749, 13012, 74030, 'N', 143),
       (145750, 13012, 74031, 'N', 144),
       (145751, 13012, 74033, 'N', 145),
       (145752, 13012, 74052, 'N', 146),
       (145753, 13012, 74036, 'N', 147),
       (145754, 13012, 74035, 'N', 148),
       (145755, 13012, 74050, 'N', 149),
       (145756, 13012, 74044, 'N', 150),
       (145757, 13012, 74034, 'N', 151),
       (145758, 13012, 74037, 'N', 152),
       (145759, 13012, 74051, 'N', 153),
       (145760, 13012, 74048, 'N', 154),
       (145761, 13012, 74040, 'N', 155),
       (145762, 13012, 74045, 'N', 156),
       (145763, 13012, 74041, 'N', 157),
       (145764, 13012, 74043, 'N', 158),
       (145765, 13012, 74047, 'N', 159),
       (145766, 13012, 74049, 'N', 160),
       (145767, 13012, 74046, 'N', 161),
       (145768, 13012, 74054, 'N', 162),
       (145769, 13012, 74055, 'N', 163),
       (145770, 13012, 74053, 'N', 164),
       (145771, 13012, 74062, 'N', 165),
       (145772, 13012, 74064, 'N', 166),
       (145773, 13012, 74065, 'N', 167),
       (145774, 13012, 74066, 'N', 168),
       (145775, 13012, 74059, 'N', 169),
       (145776, 13012, 74057, 'N', 170),
       (145777, 13012, 74063, 'N', 171),
       (145778, 13012, 74058, 'N', 172),
       (145779, 13012, 74061, 'N', 173),
       (145780, 13012, 74060, 'N', 174),
       (145781, 13012, 74056, 'N', 175),
       (145782, 13012, 74080, 'N', 176),
       (145783, 13012, 74008, 'N', 177),
       (145784, 13012, 74081, 'N', 178),
       (145785, 13012, 74082, 'N', 179),
       (145786, 13012, 74083, 'N', 180),
       (145787, 13012, 74084, 'N', 181),
       (145788, 13012, 74085, 'N', 182),
       (145789, 13012, 74087, 'N', 183),
       (145790, 13012, 74089, 'N', 184),
       (145791, 13012, 74088, 'N', 185),
       (145792, 13012, 74019, 'N', 186),
       (145793, 13012, 74017, 'N', 187),
       (145794, 13012, 74090, 'N', 188),
       (145795, 13012, 74091, 'N', 189),
       (145796, 13012, 74093, 'N', 190),
       (145797, 13012, 74092, 'N', 191),
       (145798, 13012, 74094, 'N', 192),
       (145799, 13012, 74024, 'N', 193),
       (145800, 13012, 74020, 'N', 194),
       (145801, 13012, 74016, 'N', 195),
       (145802, 13012, 74023, 'N', 196),
       (145803, 13012, 74022, 'N', 197),
       (145804, 13012, 74095, 'N', 198),
       (145805, 13012, 74096, 'N', 199),
       (145806, 13012, 74097, 'N', 200),
       (145807, 13012, 74021, 'N', 201),
       (145808, 13012, 74107, 'N', 202),
       (145809, 13012, 74103, 'N', 203),
       (145810, 13012, 74098, 'N', 204),
       (145811, 13012, 74100, 'N', 205),
       (145812, 13012, 74101, 'N', 206),
       (145813, 13012, 74102, 'N', 207),
       (145814, 13012, 74104, 'N', 208),
       (145815, 13012, 74108, 'N', 209),
       (145816, 13012, 74113, 'N', 210),
       (145817, 13012, 74112, 'N', 211),
       (145818, 13012, 74110, 'N', 212),
       (145819, 13012, 74109, 'N', 213),
       (145820, 13012, 74111, 'N', 214),
       (145821, 13012, 74114, 'N', 215),
       (145822, 13012, 74115, 'N', 216),
       (145823, 13012, 74120, 'N', 217),
       (145824, 13012, 74121, 'N', 218),
       (145825, 13012, 74122, 'N', 219),
       (145826, 13012, 74123, 'N', 220),
       (145827, 13012, 74124, 'N', 221),
       (145828, 13036, 74125, 'N', 222),
       (145829, 13012, 74126, 'N', 223),
       (145830, 13012, 74127, 'N', 224),
       (145831, 13012, 74128, 'N', 225),
       (145832, 13012, 74129, 'N', 226),
       (145833, 13012, 74130, 'N', 227),
       (145834, 13012, 74147, 'N', 228),
       (145835, 13012, 74150, 'N', 229),
       (145836, 13012, 74153, 'N', 230),
       (145837, 13012, 74156, 'N', 231),
       (145838, 13012, 74159, 'N', 232),
       (145839, 13012, 74155, 'N', 233),
       (145840, 13012, 74149, 'N', 234),
       (145841, 13012, 74146, 'N', 235),
       (145842, 13012, 74152, 'N', 236),
       (145843, 13016, 74118, 'N', 237),
       (145844, 13016, 74117, 'N', 238),
       (145845, 13016, 74119, 'N', 239),
       (145847, 13016, 74079, 'N', 241),
       (145848, 13018, 74239, 'N', 242),
       (145849, 13018, 74241, 'N', 243),
       (145850, 13018, 74243, 'N', 244),
       (145851, 13018, 74392, 'N', 245),
       (145862, 13015, 74397, 'N', 396),
       (145863, 13016, 74398, 'N', 396),
       (145865, 12972, 74400, 'N', 397),
       (145866, 12973, 74401, 'N', 397),
       (145868, 12972, 74403, 'N', 398),
       (145869, 12973, 74404, 'N', 398),
       (145871, 12972, 74406, 'N', 399),
       (145872, 12973, 74407, 'N', 399),
       (145874, 13026, 74409, 'N', 400),
       (145875, 13027, 74410, 'N', 400),
       (145877, 13026, 74412, 'N', 401),
       (145878, 13027, 74413, 'N', 401),
       (145880, 13026, 74415, 'N', 402),
       (145881, 13027, 74416, 'N', 402),
       (145883, 12913, 74418, 'N', 403),
       (145884, 12935, 74419, 'N', 403),
       (145886, 12913, 74421, 'N', 404),
       (145887, 12935, 74422, 'N', 404),
       (145889, 12913, 74424, 'N', 405),
       (145890, 12935, 74425, 'N', 405),
       (145892, 12963, 74427, 'N', 406),
       (145893, 12964, 74428, 'N', 406),
       (145895, 12963, 74430, 'N', 407),
       (145896, 12964, 74431, 'N', 407),
       (145898, 12963, 74433, 'N', 408),
       (145899, 12964, 74434, 'N', 408),
       (145901, 12965, 74436, 'N', 409),
       (145902, 12966, 74437, 'N', 409),
       (145904, 12965, 74439, 'N', 410),
       (145905, 12966, 74440, 'N', 410),
       (145907, 12965, 74442, 'N', 411),
       (145908, 12966, 74443, 'N', 411),
       (145910, 12965, 74445, 'N', 412),
       (145911, 12966, 74446, 'N', 412),
       (145913, 13029, 74448, 'N', 413),
       (145914, 13030, 74449, 'N', 413),
       (145916, 13029, 74451, 'N', 414),
       (145917, 13030, 74452, 'N', 414),
       (145919, 13029, 74454, 'N', 415),
       (145920, 13030, 74455, 'N', 415),
       (145922, 13029, 74457, 'N', 416),
       (145923, 13030, 74458, 'N', 416),
       (145925, 13029, 74460, 'N', 417),
       (145926, 13030, 74461, 'N', 417),
       (145928, 13029, 74463, 'N', 418),
       (145929, 13030, 74464, 'N', 418),
       (145931, 13029, 74466, 'N', 419),
       (145932, 13030, 74467, 'N', 419),
       (145934, 13029, 74469, 'N', 420),
       (145935, 13030, 74470, 'N', 420),
       (145937, 13029, 74472, 'N', 421),
       (145938, 13030, 74473, 'N', 421),
       (145940, 13029, 74475, 'N', 422),
       (145941, 13030, 74476, 'N', 422),
       (145943, 13029, 74478, 'N', 423),
       (145944, 13030, 74479, 'N', 423),
       (145946, 13029, 74481, 'N', 424),
       (145947, 13030, 74482, 'N', 424),
       (145949, 13029, 74484, 'N', 425),
       (145950, 13030, 74485, 'N', 425),
       (145952, 13029, 74487, 'N', 426),
       (145953, 13030, 74488, 'N', 426),
       (145955, 13029, 74490, 'N', 427),
       (145956, 13030, 74491, 'N', 427),
       (145958, 13029, 74493, 'N', 428),
       (145959, 13030, 74494, 'N', 428),
       (145961, 13029, 74496, 'N', 429),
       (145962, 13030, 74497, 'N', 429),
       (145964, 12958, 74499, 'N', 430),
       (145965, 12961, 74500, 'N', 430),
       (145967, 13032, 74520, 'N', 431),
       (145968, 13033, 74521, 'N', 431),
       (145970, 13032, 74523, 'N', 432),
       (145971, 13033, 74524, 'N', 432),
       (145973, 13032, 74526, 'N', 433),
       (145974, 13033, 74527, 'N', 433),
       (145976, 13035, 74529, 'N', 434),
       (145977, 13036, 74530, 'N', 434),
       (145979, 13035, 74532, 'N', 435),
       (145980, 13036, 74533, 'N', 435),
       (145982, 13035, 74535, 'N', 436),
       (145983, 13036, 74536, 'N', 436),
       (145985, 13035, 74538, 'N', 437),
       (145986, 13036, 74539, 'N', 437),
       (145988, 13035, 74541, 'N', 438),
       (145989, 13036, 74542, 'N', 438),
       (145991, 13035, 74544, 'N', 439),
       (145992, 13036, 74545, 'N', 439),
       (145994, 12943, 74547, 'N', 440),
       (145995, 12944, 74548, 'N', 440),
       (145997, 12943, 74550, 'N', 441),
       (145998, 12944, 74551, 'N', 441),
       (146000, 12943, 74553, 'N', 442),
       (146001, 12944, 74554, 'N', 442),
       (146003, 12943, 74556, 'N', 443),
       (146004, 12944, 74557, 'N', 443),
       (146006, 12943, 74559, 'N', 444),
       (146007, 12944, 74560, 'N', 444),
       (146009, 12943, 74562, 'N', 445),
       (146010, 12944, 74563, 'N', 445),
       (146012, 13038, 67649, 'N', 1),
       (146013, 13038, 67650, 'N', 2),
       (146014, 13038, 67651, 'N', 3),
       (146015, 13038, 67707, 'N', 4),
       (146016, 13038, 67652, 'N', 5),
       (146017, 13038, 67653, 'N', 6),
       (146018, 13038, 67654, 'N', 7),
       (146019, 13038, 67664, 'N', 8),
       (146020, 13038, 67655, 'N', 9),
       (146022, 13038, 67656, 'N', 11),
       (146023, 13038, 67660, 'N', 12),
       (146024, 13038, 67744, 'N', 13),
       (146025, 13038, 67661, 'N', 14),
       (146026, 13038, 67749, 'N', 15),
       (146027, 13038, 67658, 'N', 16),
       (146028, 13038, 67680, 'N', 17),
       (146029, 13038, 67662, 'N', 18),
       (146030, 13038, 67659, 'N', 19),
       (146031, 13038, 67663, 'N', 20),
       (146032, 13038, 67657, 'N', 21),
       (146033, 13038, 67665, 'N', 22),
       (146034, 13038, 67667, 'N', 23),
       (146035, 13038, 67715, 'N', 24),
       (146036, 13038, 67668, 'N', 25),
       (146037, 13038, 67669, 'N', 26),
       (146038, 13038, 67672, 'N', 27),
       (146039, 13038, 67666, 'N', 28),
       (146040, 13038, 67671, 'N', 29),
       (146041, 13038, 67673, 'N', 30),
       (146042, 13038, 67670, 'N', 31),
       (146043, 13038, 67674, 'N', 32),
       (146044, 13038, 67676, 'N', 33),
       (146045, 13038, 67675, 'N', 34),
       (146046, 13038, 67677, 'N', 35),
       (146047, 13038, 67760, 'N', 36),
       (146048, 13038, 67756, 'N', 37),
       (146049, 13038, 67681, 'N', 38),
       (146050, 13038, 67755, 'N', 39),
       (146051, 13038, 67763, 'N', 40),
       (146052, 13038, 67759, 'N', 41),
       (146053, 13038, 67764, 'N', 42),
       (146054, 13038, 67762, 'N', 43),
       (146055, 13038, 67757, 'N', 44),
       (146056, 13038, 67754, 'N', 45),
       (146057, 13038, 67761, 'N', 46),
       (146058, 13038, 67758, 'N', 47),
       (146059, 13038, 67753, 'N', 48),
       (146060, 13038, 67683, 'N', 49),
       (146061, 13038, 67696, 'N', 50),
       (146062, 13038, 67695, 'N', 51),
       (146063, 13038, 67684, 'N', 52),
       (146064, 13038, 67685, 'N', 53),
       (146065, 13038, 67686, 'N', 54),
       (146066, 13038, 67687, 'N', 55),
       (146067, 13038, 67688, 'N', 56),
       (146068, 13038, 67689, 'N', 57),
       (146069, 13038, 67690, 'N', 58),
       (146070, 13038, 67691, 'N', 59),
       (146071, 13038, 67692, 'N', 60),
       (146072, 13038, 67693, 'N', 61),
       (146073, 13038, 67694, 'N', 62),
       (146074, 13038, 73237, 'N', 63),
       (146075, 13038, 73241, 'N', 64),
       (146076, 13038, 73245, 'N', 65),
       (146077, 13038, 73249, 'N', 66),
       (146078, 13038, 73233, 'N', 67),
       (146079, 13038, 73221, 'N', 68),
       (146080, 13038, 73225, 'N', 69),
       (146081, 13038, 73217, 'N', 70),
       (146082, 13038, 73229, 'N', 71),
       (146083, 13038, 67704, 'N', 72),
       (146084, 13038, 67708, 'N', 73),
       (146085, 13038, 67706, 'N', 74),
       (146086, 13038, 67739, 'N', 75),
       (146087, 13038, 67740, 'N', 76),
       (146088, 13038, 67742, 'N', 77),
       (146089, 13038, 67741, 'N', 78),
       (146090, 13038, 67746, 'N', 79),
       (146091, 13038, 67745, 'N', 80),
       (146092, 13038, 67750, 'N', 81),
       (146093, 13038, 67748, 'N', 82),
       (146094, 13038, 67752, 'N', 83),
       (146095, 13038, 67743, 'N', 84),
       (146096, 13038, 67747, 'N', 85),
       (146097, 13038, 67751, 'N', 86),
       (146098, 13038, 67678, 'N', 87),
       (146099, 13038, 67682, 'N', 88),
       (146100, 13038, 67679, 'N', 89),
       (146101, 13038, 67714, 'N', 90),
       (146102, 13038, 67722, 'N', 91),
       (146103, 13038, 67718, 'N', 92),
       (146104, 13038, 67717, 'N', 93),
       (146105, 13038, 67721, 'N', 94),
       (146106, 13038, 67712, 'N', 95),
       (146107, 13038, 67720, 'N', 96),
       (146108, 13038, 67716, 'N', 97),
       (146109, 13038, 67713, 'N', 98),
       (146110, 13038, 67711, 'N', 99),
       (146111, 13038, 67719, 'N', 100),
       (146112, 13038, 67735, 'N', 101),
       (146113, 13038, 67736, 'N', 102),
       (146114, 13038, 67738, 'N', 103),
       (146115, 13038, 67734, 'N', 104),
       (146116, 13038, 67733, 'N', 105),
       (146117, 13038, 67737, 'N', 106),
       (146118, 13038, 67710, 'N', 107),
       (146119, 13038, 73863, 'N', 108),
       (146120, 13038, 73865, 'N', 109),
       (146121, 13038, 73866, 'N', 110),
       (146122, 13038, 73864, 'N', 111),
       (146123, 13038, 74157, 'N', 112),
       (146124, 13042, 67702, 'N', 113),
       (146125, 13042, 67701, 'N', 114),
       (146126, 13042, 67723, 'N', 115),
       (146128, 13042, 67709, 'N', 117),
       (146129, 13044, 74238, 'N', 118),
       (146130, 13044, 74240, 'N', 119),
       (146131, 13044, 74242, 'N', 120),
       (146132, 13044, 74391, 'N', 121),
       (146133, 13039, 74005, 'N', 122),
       (146134, 13039, 74006, 'N', 123),
       (146135, 13039, 74007, 'N', 124),
       (146136, 13039, 74008, 'N', 125),
       (146137, 13039, 74009, 'N', 126),
       (146138, 13039, 74010, 'N', 127),
       (146139, 13039, 74011, 'N', 128),
       (146140, 13039, 74012, 'N', 129),
       (146141, 13039, 74013, 'N', 130),
       (146143, 13039, 74015, 'N', 132),
       (146144, 13039, 74016, 'N', 133),
       (146145, 13039, 74017, 'N', 134),
       (146146, 13039, 74018, 'N', 135),
       (146147, 13039, 74019, 'N', 136),
       (146148, 13039, 74020, 'N', 137),
       (146149, 13039, 74021, 'N', 138),
       (146150, 13039, 74022, 'N', 139),
       (146151, 13039, 74023, 'N', 140),
       (146152, 13039, 74024, 'N', 141),
       (146153, 13039, 74025, 'N', 142),
       (146154, 13039, 74026, 'N', 143),
       (146155, 13039, 74027, 'N', 144),
       (146156, 13039, 74028, 'N', 145),
       (146157, 13039, 74029, 'N', 146),
       (146158, 13039, 74030, 'N', 147),
       (146159, 13039, 74031, 'N', 148),
       (146160, 13039, 74032, 'N', 149),
       (146161, 13039, 74033, 'N', 150),
       (146162, 13039, 74034, 'N', 151),
       (146163, 13039, 74035, 'N', 152),
       (146164, 13039, 74036, 'N', 153),
       (146165, 13039, 74037, 'N', 154),
       (146166, 13039, 74038, 'N', 155),
       (146167, 13039, 74039, 'N', 156),
       (146168, 13039, 74040, 'N', 157),
       (146169, 13039, 74041, 'N', 158),
       (146170, 13039, 74042, 'N', 159),
       (146171, 13039, 74043, 'N', 160),
       (146172, 13039, 74044, 'N', 161),
       (146173, 13039, 74045, 'N', 162),
       (146174, 13039, 74046, 'N', 163),
       (146175, 13039, 74047, 'N', 164),
       (146176, 13039, 74048, 'N', 165),
       (146177, 13039, 74049, 'N', 166),
       (146178, 13039, 74050, 'N', 167),
       (146179, 13039, 74051, 'N', 168),
       (146180, 13039, 74052, 'N', 169),
       (146181, 13039, 74053, 'N', 170),
       (146182, 13039, 74054, 'N', 171),
       (146183, 13039, 74055, 'N', 172),
       (146184, 13039, 74056, 'N', 173),
       (146185, 13039, 74057, 'N', 174),
       (146186, 13039, 74058, 'N', 175),
       (146187, 13039, 74059, 'N', 176),
       (146188, 13039, 74060, 'N', 177),
       (146189, 13039, 74061, 'N', 178),
       (146190, 13039, 74062, 'N', 179),
       (146191, 13039, 74063, 'N', 180),
       (146192, 13039, 74064, 'N', 181),
       (146193, 13039, 74065, 'N', 182),
       (146194, 13039, 74066, 'N', 183),
       (146195, 13039, 74070, 'N', 184),
       (146196, 13039, 74071, 'N', 185),
       (146197, 13039, 74072, 'N', 186),
       (146198, 13039, 74073, 'N', 187),
       (146199, 13039, 74074, 'N', 188),
       (146200, 13039, 74075, 'N', 189),
       (146201, 13039, 74076, 'N', 190),
       (146202, 13039, 74077, 'N', 191),
       (146203, 13039, 74078, 'N', 192),
       (146204, 13039, 74080, 'N', 193),
       (146205, 13039, 74081, 'N', 194),
       (146206, 13039, 74082, 'N', 195),
       (146207, 13039, 74083, 'N', 196),
       (146208, 13039, 74084, 'N', 197),
       (146209, 13039, 74085, 'N', 198),
       (146210, 13039, 74086, 'N', 199),
       (146211, 13039, 74087, 'N', 200),
       (146212, 13039, 74088, 'N', 201),
       (146213, 13039, 74089, 'N', 202),
       (146214, 13039, 74090, 'N', 203),
       (146215, 13039, 74091, 'N', 204),
       (146216, 13039, 74092, 'N', 205),
       (146217, 13039, 74093, 'N', 206),
       (146218, 13039, 74094, 'N', 207),
       (146219, 13039, 74095, 'N', 208),
       (146220, 13039, 74096, 'N', 209),
       (146221, 13039, 74097, 'N', 210),
       (146222, 13039, 74098, 'N', 211),
       (146223, 13039, 74099, 'N', 212),
       (146224, 13039, 74100, 'N', 213),
       (146225, 13039, 74101, 'N', 214),
       (146226, 13039, 74102, 'N', 215),
       (146227, 13039, 74103, 'N', 216),
       (146228, 13039, 74104, 'N', 217),
       (146229, 13039, 74105, 'N', 218),
       (146230, 13039, 74106, 'N', 219),
       (146231, 13039, 74107, 'N', 220),
       (146232, 13039, 74108, 'N', 221),
       (146233, 13039, 74109, 'N', 222),
       (146234, 13039, 74110, 'N', 223),
       (146235, 13039, 74111, 'N', 224),
       (146236, 13039, 74112, 'N', 225),
       (146237, 13039, 74113, 'N', 226),
       (146238, 13039, 74114, 'N', 227),
       (146239, 13039, 74115, 'N', 228),
       (146240, 13039, 74131, 'N', 229),
       (146241, 13039, 74133, 'N', 230),
       (146242, 13039, 74134, 'N', 231),
       (146243, 13039, 74132, 'N', 232),
       (146244, 13039, 74146, 'N', 233),
       (146245, 13039, 74149, 'N', 234),
       (146246, 13039, 74152, 'N', 235),
       (146247, 13039, 74155, 'N', 236),
       (146248, 13039, 74158, 'N', 237),
       (146249, 13039, 74159, 'N', 238),
       (146250, 13039, 74156, 'N', 239),
       (146251, 13039, 74150, 'N', 240),
       (146252, 13039, 74147, 'N', 241),
       (146253, 13039, 74153, 'N', 242),
       (146254, 13043, 74118, 'N', 243),
       (146255, 13043, 74117, 'N', 244),
       (146256, 13043, 74119, 'N', 245),
       (146258, 13043, 74079, 'N', 247),
       (146259, 13045, 74239, 'N', 248),
       (146260, 13045, 74241, 'N', 249),
       (146261, 13045, 74243, 'N', 250),
       (146262, 13045, 74392, 'N', 251),
       (146267, 13042, 74565, 'N', 446),
       (146268, 13043, 74566, 'N', 446),
       (146270, 13053, 74568, 'N', 447),
       (146271, 13054, 74569, 'N', 447),
       (146273, 13053, 74571, 'N', 448),
       (146274, 13054, 74572, 'N', 448),
       (146276, 13053, 74574, 'N', 449),
       (146277, 13054, 74575, 'N', 449),
       (146279, 13053, 74580, 'N', 450),
       (146280, 13054, 74581, 'N', 450),
       (146282, 13056, 74583, 'N', 451),
       (146283, 13057, 74584, 'N', 451),
       (146285, 13056, 74586, 'N', 452),
       (146286, 13057, 74587, 'N', 452),
       (146288, 13056, 74589, 'N', 453),
       (146289, 13057, 74590, 'N', 453),
       (146291, 13056, 74592, 'N', 454),
       (146292, 13057, 74593, 'N', 454),
       (146294, 13056, 74595, 'N', 455),
       (146295, 13057, 74596, 'N', 455),
       (146297, 13056, 74598, 'N', 456),
       (146298, 13057, 74599, 'N', 456),
       (146300, 13056, 74601, 'N', 457),
       (146301, 13057, 74602, 'N', 457),
       (146303, 13056, 74604, 'N', 458),
       (146304, 13057, 74605, 'N', 458),
       (146306, 13059, 74607, 'N', 459),
       (146307, 13060, 74608, 'N', 459),
       (146309, 13059, 74610, 'N', 460),
       (146310, 13060, 74611, 'N', 460),
       (146312, 13059, 74613, 'N', 461),
       (146313, 13060, 74614, 'N', 461),
       (146315, 13059, 74616, 'N', 462),
       (146316, 13060, 74617, 'N', 462),
       (146318, 13059, 74619, 'N', 463),
       (146319, 13060, 74620, 'N', 463),
       (146321, 13059, 74622, 'N', 464),
       (146322, 13060, 74623, 'N', 464),
       (146324, 13059, 74625, 'N', 465),
       (146325, 13060, 74626, 'N', 465),
       (146327, 13059, 74628, 'N', 466),
       (146328, 13060, 74629, 'N', 466),
       (146330, 13059, 74631, 'N', 467),
       (146331, 13060, 74632, 'N', 467),
       (146333, 13059, 74634, 'N', 468),
       (146334, 13060, 74635, 'N', 468),
       (146336, 13059, 74637, 'N', 469),
       (146337, 13060, 74638, 'N', 469),
       (146339, 13059, 74640, 'N', 470),
       (146340, 13060, 74641, 'N', 470),
       (146342, 13059, 74643, 'N', 471),
       (146343, 13060, 74644, 'N', 471),
       (146345, 13059, 74646, 'N', 472),
       (146346, 13060, 74647, 'N', 472),
       (146348, 13059, 74649, 'N', 473),
       (146349, 13060, 74650, 'N', 473),
       (146351, 13059, 74652, 'N', 474),
       (146352, 13060, 74653, 'N', 474),
       (146354, 13062, 74655, 'N', 475),
       (146355, 13063, 74656, 'N', 475),
       (146357, 13062, 74658, 'N', 476),
       (146358, 13063, 74659, 'N', 476),
       (146360, 13062, 74661, 'N', 477),
       (146361, 13063, 74662, 'N', 477),
       (146363, 13062, 74664, 'N', 478),
       (146364, 13063, 74665, 'N', 478),
       (146366, 13062, 74667, 'N', 479),
       (146367, 13063, 74668, 'N', 479),
       (146369, 13062, 74670, 'N', 480),
       (146370, 13063, 74671, 'N', 480),
       (146372, 13062, 74673, 'N', 481),
       (146373, 13063, 74674, 'N', 481),
       (146375, 13065, 74676, 'N', 482),
       (146376, 13066, 74677, 'N', 482),
       (146378, 13065, 74679, 'N', 483),
       (146379, 13066, 74680, 'N', 483),
       (146381, 13065, 74682, 'N', 484),
       (146382, 13066, 74683, 'N', 484),
       (146384, 13068, 74688, 'N', 0),
       (146385, 13068, 67703, 'N', 1),
       (146386, 13069, 74688, 'N', 0),
       (146387, 13069, 67703, 'N', 1),
       (146388, 13075, 74689, 'N', 0),
       (146389, 13075, 74116, 'N', 1),
       (146390, 13076, 74689, 'N', 0),
       (146391, 13076, 74116, 'N', 1),
       (146392, 13070, 74688, 'N', 0),
       (146393, 13070, 67703, 'N', 1),
       (146394, 13077, 74689, 'N', 0),
       (146395, 13077, 74116, 'N', 1),
       (146396, 13071, 74688, 'N', 0),
       (146397, 13071, 67703, 'N', 1),
       (146398, 13078, 74689, 'N', 0),
       (146399, 13078, 74116, 'N', 1),
       (146400, 13072, 74688, 'N', 0),
       (146401, 13072, 67703, 'N', 1),
       (146402, 13079, 74689, 'N', 0),
       (146403, 13079, 74116, 'N', 1),
       (146404, 13073, 74688, 'N', 0),
       (146405, 13073, 67703, 'N', 1),
       (146406, 13080, 74689, 'N', 0),
       (146407, 13080, 74116, 'N', 1),
       (146408, 13074, 74688, 'N', 0),
       (146409, 13074, 67703, 'N', 1),
       (146410, 13081, 74689, 'N', 0),
       (146411, 13081, 74116, 'N', 1);
/*!40000 ALTER TABLE `client_form_order`
    ENABLE KEYS */;
UNLOCK TABLES;

--
-- Table structure for table `client_notes_attachments`
--

DROP TABLE IF EXISTS `client_notes_attachments`;
/*!40101 SET @saved_cs_client = @@character_set_client */;
/*!50503 SET character_set_client = utf8mb4 */;
CREATE TABLE `client_notes_attachments`
(
    `id`        int          NOT NULL AUTO_INCREMENT,
    `note_id`   int unsigned NOT NULL,
    `member_id` bigint       NOT NULL,
    `name`      varchar(255) DEFAULT NULL,
    `size`      int          DEFAULT NULL,
    PRIMARY KEY (`id`),
    KEY `FK_client_notes_attachments_u_notes` (`note_id`),
    KEY `FK_client_notes_attachments_members` (`member_id`),
    CONSTRAINT `FK_client_notes_attachments_members` FOREIGN KEY (`member_id`) REFERENCES `members` (`member_id`) ON DELETE CASCADE ON UPDATE CASCADE,
    CONSTRAINT `FK_client_notes_attachments_u_notes` FOREIGN KEY (`note_id`) REFERENCES `u_notes` (`note_id`) ON DELETE CASCADE ON UPDATE CASCADE
) ENGINE = InnoDB
  DEFAULT CHARSET = utf8mb3 COMMENT ='Contains info about attachments in Client File Notes';
/*!40101 SET character_set_client = @saved_cs_client */;

--
-- Dumping data for table `client_notes_attachments`
--

LOCK TABLES `client_notes_attachments` WRITE;
/*!40000 ALTER TABLE `client_notes_attachments`
    DISABLE KEYS */;
/*!40000 ALTER TABLE `client_notes_attachments`
    ENABLE KEYS */;
UNLOCK TABLES;

--
-- Table structure for table `client_referrals`
--

DROP TABLE IF EXISTS `client_referrals`;
/*!40101 SET @saved_cs_client = @@character_set_client */;
/*!50503 SET character_set_client = utf8mb4 */;
CREATE TABLE `client_referrals`
(
    `referral_id`                       bigint         NOT NULL AUTO_INCREMENT,
    `member_id`                         bigint         NOT NULL,
    `client_id`                         bigint                  DEFAULT NULL,
    `prospect_id`                       bigint                  DEFAULT NULL,
    `referral_compensation_arrangement` varchar(255)            DEFAULT NULL,
    `referral_is_paid`                  enum ('Y','N') NOT NULL DEFAULT 'N',
    PRIMARY KEY (`referral_id`) USING BTREE,
    KEY `FK_client_referrals_1` (`member_id`) USING BTREE,
    KEY `FK_client_referrals_2` (`client_id`) USING BTREE,
    KEY `FK_client_referrals_3` (`prospect_id`) USING BTREE,
    CONSTRAINT `FK_client_referrals_1` FOREIGN KEY (`member_id`) REFERENCES `members` (`member_id`) ON DELETE CASCADE ON UPDATE CASCADE,
    CONSTRAINT `FK_client_referrals_2` FOREIGN KEY (`client_id`) REFERENCES `members` (`member_id`) ON DELETE CASCADE ON UPDATE CASCADE,
    CONSTRAINT `FK_client_referrals_3` FOREIGN KEY (`prospect_id`) REFERENCES `company_prospects` (`prospect_id`) ON DELETE CASCADE ON UPDATE CASCADE
) ENGINE = InnoDB
  DEFAULT CHARSET = utf8mb3 COMMENT ='Linked clients/prospects to the client (referrals)';
/*!40101 SET character_set_client = @saved_cs_client */;

--
-- Dumping data for table `client_referrals`
--

LOCK TABLES `client_referrals` WRITE;
/*!40000 ALTER TABLE `client_referrals`
    DISABLE KEYS */;
/*!40000 ALTER TABLE `client_referrals`
    ENABLE KEYS */;
UNLOCK TABLES;

--
-- Table structure for table `client_statuses`
--

DROP TABLE IF EXISTS `client_statuses`;
/*!40101 SET @saved_cs_client = @@character_set_client */;
/*!50503 SET character_set_client = utf8mb4 */;
CREATE TABLE `client_statuses`
(
    `client_status_id`        int unsigned NOT NULL AUTO_INCREMENT,
    `company_id`              bigint       DEFAULT NULL,
    `client_status_parent_id` int unsigned DEFAULT NULL,
    `client_status_name`      char(255)    DEFAULT NULL,
    PRIMARY KEY (`client_status_id`),
    KEY `FK_client_statuses_status_parent_id` (`client_status_parent_id`),
    KEY `FK_client_statuses_company_id` (`company_id`),
    CONSTRAINT `FK_client_statuses_company_id` FOREIGN KEY (`company_id`) REFERENCES `company` (`company_id`) ON DELETE CASCADE ON UPDATE CASCADE,
    CONSTRAINT `FK_client_statuses_status_parent_id` FOREIGN KEY (`client_status_parent_id`) REFERENCES `client_statuses` (`client_status_id`) ON DELETE CASCADE ON UPDATE CASCADE
) ENGINE = InnoDB
  AUTO_INCREMENT = 160205
  DEFAULT CHARSET = utf8mb3 COMMENT ='Case Statuses for each company.';
/*!40101 SET character_set_client = @saved_cs_client */;

--
-- Dumping data for table `client_statuses`
--

LOCK TABLES `client_statuses` WRITE;
/*!40000 ALTER TABLE `client_statuses`
    DISABLE KEYS */;
INSERT INTO `client_statuses`
VALUES (159551, 0, NULL, 'Submitted'),
       (160004, 1, 159551, 'Submitted'),
       (160005, 0, NULL, 'SI Invited'),
       (160006, 1, 160005, 'SI Invited'),
       (160071, 0, NULL, 'Withdrawn'),
       (160072, 1, 160071, 'Withdrawn'),
       (160073, 0, NULL, 'Disqualified'),
       (160074, 1, 160073, 'Disqualified'),
       (160078, 0, NULL, 'EI Invited'),
       (160079, 1, 160078, 'EI Invited'),
       (160119, 0, NULL, 'SI Expired ITA'),
       (160120, 1, 160119, 'SI Expired ITA'),
       (160121, 0, NULL, 'SI Refused by IRCC - non-compliance'),
       (160122, 1, 160121, 'SI Refused by IRCC - non-compliance'),
       (160123, 0, NULL, 'SI Refused by IRCC - inadmissible'),
       (160124, 1, 160123, 'SI Refused by IRCC - inadmissible'),
       (160125, 0, NULL, 'SI Refused by IRCC - misrepresentation'),
       (160126, 1, 160125, 'SI Refused by IRCC - misrepresentation'),
       (160127, 0, NULL, 'SI Refused by IRCC - requirements'),
       (160128, 1, 160127, 'SI Refused by IRCC - requirements'),
       (160129, 0, NULL, 'SI Refused'),
       (160130, 1, 160129, 'SI Refused'),
       (160131, 0, NULL, 'SI Withdrawn - by BC post-nomination'),
       (160132, 1, 160131, 'SI Withdrawn - by BC post-nomination'),
       (160133, 0, NULL, 'SI Withdrawn - by nominee post-nomination'),
       (160134, 1, 160133, 'SI Withdrawn - by nominee post-nomination'),
       (160135, 0, NULL, 'SI Withdrawn - pre-decision (no refund)'),
       (160136, 1, 160135, 'SI Withdrawn - pre-decision (no refund)'),
       (160137, 0, NULL, 'SI Withdrawn - pre-review (refund)'),
       (160138, 1, 160137, 'SI Withdrawn - pre-review (refund)'),
       (160139, 0, NULL, 'SI Nominated'),
       (160140, 1, 160139, 'SI Nominated'),
       (160141, 0, NULL, 'SI Nominated - Post-Nom Sent'),
       (160142, 1, 160141, 'SI Nominated - Post-Nom Sent'),
       (160143, 0, NULL, 'SI Under Review - Advisor'),
       (160144, 1, 160143, 'SI Under Review - Advisor'),
       (160145, 0, NULL, 'SI Under Review - CRO'),
       (160146, 1, 160145, 'SI Under Review - CRO'),
       (160147, 0, NULL, 'EI - Expired ITA'),
       (160148, 1, 160147, 'EI - Expired ITA'),
       (160149, 0, NULL, 'EI - Expired Registration'),
       (160150, 1, 160149, 'EI - Expired Registration'),
       (160151, 0, NULL, 'EI Disqualified'),
       (160152, 1, 160151, 'EI Disqualified'),
       (160153, 0, NULL, 'EI - Refused - WP'),
       (160154, 1, 160153, 'EI - Refused - WP'),
       (160155, 0, NULL, 'EI Withdrawn'),
       (160156, 1, 160155, 'EI Withdrawn'),
       (160157, 0, NULL, 'EI - Scored Advisor'),
       (160158, 1, 160157, 'EI - Scored Advisor'),
       (160159, 0, NULL, 'EI - Under Review Advisor'),
       (160160, 1, 160159, 'EI - Under Review Advisor'),
       (160161, 0, NULL, 'EI - Scored CRO'),
       (160162, 1, 160161, 'EI - Scored CRO'),
       (160163, 0, NULL, 'EI - Approved - WP'),
       (160164, 1, 160163, 'EI - Approved - WP'),
       (160165, 0, NULL, 'EI - Under Review CRO'),
       (160166, 1, 160165, 'EI - Under Review CRO'),
       (160167, 0, NULL, 'EI Qualified'),
       (160168, 1, 160167, 'EI Qualified'),
       (160169, 0, NULL, 'EI Nominated'),
       (160170, 1, 160169, 'EI Nominated'),
       (160171, 0, NULL, 'EI Refused - Nomination'),
       (160172, 1, 160171, 'EI Refused - Nomination'),
       (160173, 0, NULL, 'EI Arrival Report Submitted'),
       (160174, 1, 160173, 'EI Arrival Report Submitted'),
       (160175, 0, NULL, 'EI Arrival Report Expired'),
       (160176, 1, 160175, 'EI Arrival Report Expired'),
       (160180, 0, NULL, 'EI Final Report Submitted'),
       (160181, 1, 160180, 'EI Final Report Submitted'),
       (160182, 0, NULL, 'EI Final Report Expired'),
       (160183, 1, 160182, 'EI Final Report Expired'),
       (160188, 0, NULL, 'SI Post-Nom - Approved'),
       (160189, 1, 160188, 'SI Post-Nom - Approved'),
       (160190, 0, NULL, 'SI Post-Nom - Refused'),
       (160191, 1, 160190, 'SI Post-Nom - Refused'),
       (160192, 0, NULL, 'SI Post-Nom - Withdrawn'),
       (160193, 1, 160192, 'SI Post-Nom - Withdrawn'),
       (160195, 0, NULL, 'EI KS Arrival Report Submitted'),
       (160196, 1, 160195, 'EI KS Arrival Report Submitted'),
       (160197, 0, NULL, 'EI KS Arrival Report Expired'),
       (160198, 1, 160197, 'EI KS Arrival Report Expired'),
       (160199, 0, NULL, 'EI KS Final Report Submitted'),
       (160200, 1, 160199, 'EI KS Final Report Submitted'),
       (160201, 0, NULL, 'EI KS Final Report Expired'),
       (160202, 1, 160201, 'EI KS Final Report Expired'),
       (160203, 0, NULL, 'EI KS - Approved - WP'),
       (160204, 1, 160203, 'EI KS - Approved - WP');
/*!40000 ALTER TABLE `client_statuses`
    ENABLE KEYS */;
UNLOCK TABLES;

--
-- Table structure for table `client_statuses_history`
--

DROP TABLE IF EXISTS `client_statuses_history`;
/*!40101 SET @saved_cs_client = @@character_set_client */;
/*!50503 SET character_set_client = utf8mb4 */;
CREATE TABLE `client_statuses_history`
(
    `history_id`                  bigint   NOT NULL AUTO_INCREMENT,
    `member_id`                   bigint   NOT NULL,
    `client_status_id`            int unsigned DEFAULT NULL,
    `history_client_status_name`  varchar(255) DEFAULT NULL,
    `history_checked_user_id`     bigint       DEFAULT NULL,
    `history_checked_user_name`   varchar(255) DEFAULT NULL,
    `history_unchecked_user_id`   bigint       DEFAULT NULL,
    `history_unchecked_user_name` varchar(255) DEFAULT NULL,
    `history_checked_date`        datetime NOT NULL,
    `history_unchecked_date`      datetime     DEFAULT NULL,
    PRIMARY KEY (`history_id`) USING BTREE,
    KEY `FK_client_file_status_history_1` (`member_id`) USING BTREE,
    KEY `FK_client_file_status_history_3` (`client_status_id`) USING BTREE,
    KEY `FK_client_file_status_history_2` (`history_checked_user_id`) USING BTREE,
    KEY `FK_client_statuses_history_members` (`history_unchecked_user_id`),
    CONSTRAINT `FK_client_file_status_history_1` FOREIGN KEY (`member_id`) REFERENCES `members` (`member_id`) ON DELETE CASCADE ON UPDATE CASCADE,
    CONSTRAINT `FK_client_file_status_history_2` FOREIGN KEY (`history_checked_user_id`) REFERENCES `members` (`member_id`) ON DELETE SET NULL ON UPDATE CASCADE,
    CONSTRAINT `FK_client_file_status_history_3` FOREIGN KEY (`client_status_id`) REFERENCES `client_statuses` (`client_status_id`) ON DELETE SET NULL ON UPDATE CASCADE,
    CONSTRAINT `FK_client_statuses_history_members` FOREIGN KEY (`history_unchecked_user_id`) REFERENCES `members` (`member_id`) ON DELETE SET NULL ON UPDATE CASCADE
) ENGINE = InnoDB
  DEFAULT CHARSET = utf8mb3 COMMENT ='Case file statuses changes history';
/*!40101 SET character_set_client = @saved_cs_client */;

--
-- Dumping data for table `client_statuses_history`
--

LOCK TABLES `client_statuses_history` WRITE;
/*!40000 ALTER TABLE `client_statuses_history`
    DISABLE KEYS */;
/*!40000 ALTER TABLE `client_statuses_history`
    ENABLE KEYS */;
UNLOCK TABLES;

--
-- Table structure for table `client_statuses_lists`
--

DROP TABLE IF EXISTS `client_statuses_lists`;
/*!40101 SET @saved_cs_client = @@character_set_client */;
/*!50503 SET character_set_client = utf8mb4 */;
CREATE TABLE `client_statuses_lists`
(
    `client_status_list_id`        int unsigned NOT NULL AUTO_INCREMENT,
    `company_id`                   bigint       DEFAULT NULL,
    `client_status_list_parent_id` int unsigned DEFAULT NULL,
    `client_status_list_name`      char(255)    DEFAULT NULL,
    PRIMARY KEY (`client_status_list_id`) USING BTREE,
    KEY `FK_client_statuses_lists_company` (`company_id`) USING BTREE,
    KEY `FK_client_statuses_lists_client_statuses_lists` (`client_status_list_parent_id`) USING BTREE,
    CONSTRAINT `FK_client_statuses_lists_client_statuses_lists` FOREIGN KEY (`client_status_list_parent_id`) REFERENCES `client_statuses_lists` (`client_status_list_id`) ON DELETE CASCADE ON UPDATE CASCADE,
    CONSTRAINT `FK_client_statuses_lists_company` FOREIGN KEY (`company_id`) REFERENCES `company` (`company_id`) ON DELETE CASCADE ON UPDATE CASCADE
) ENGINE = InnoDB
  AUTO_INCREMENT = 3
  DEFAULT CHARSET = utf8mb3 COMMENT ='Case Statuses Lists for each company.';
/*!40101 SET character_set_client = @saved_cs_client */;

--
-- Dumping data for table `client_statuses_lists`
--

LOCK TABLES `client_statuses_lists` WRITE;
/*!40000 ALTER TABLE `client_statuses_lists`
    DISABLE KEYS */;
INSERT INTO `client_statuses_lists`
VALUES (1, 0, NULL, 'Generic V1'),
       (2, 1, 1, 'Generic V1');
/*!40000 ALTER TABLE `client_statuses_lists`
    ENABLE KEYS */;
UNLOCK TABLES;

--
-- Table structure for table `client_statuses_lists_mapping_to_statuses`
--

DROP TABLE IF EXISTS `client_statuses_lists_mapping_to_statuses`;
/*!40101 SET @saved_cs_client = @@character_set_client */;
/*!50503 SET character_set_client = utf8mb4 */;
CREATE TABLE `client_statuses_lists_mapping_to_statuses`
(
    `client_status_list_id`    int unsigned NOT NULL,
    `client_status_id`         int unsigned NOT NULL,
    `client_status_list_order` tinyint unsigned DEFAULT '0',
    KEY `FK_client_statuses_lists_mapping_to_statuses` (`client_status_id`),
    KEY `FK_client_statuses_lists_mapping_to_lists` (`client_status_list_id`),
    CONSTRAINT `FK_client_statuses_lists_mapping_to_lists` FOREIGN KEY (`client_status_list_id`) REFERENCES `client_statuses_lists` (`client_status_list_id`) ON DELETE CASCADE ON UPDATE CASCADE,
    CONSTRAINT `FK_client_statuses_lists_mapping_to_statuses` FOREIGN KEY (`client_status_id`) REFERENCES `client_statuses` (`client_status_id`) ON DELETE CASCADE ON UPDATE CASCADE
) ENGINE = InnoDB
  DEFAULT CHARSET = utf8mb3 COMMENT ='Case statuses linkage to lists.';
/*!40101 SET character_set_client = @saved_cs_client */;

--
-- Dumping data for table `client_statuses_lists_mapping_to_statuses`
--

LOCK TABLES `client_statuses_lists_mapping_to_statuses` WRITE;
/*!40000 ALTER TABLE `client_statuses_lists_mapping_to_statuses`
    DISABLE KEYS */;
INSERT INTO `client_statuses_lists_mapping_to_statuses`
VALUES (1, 159551, 0),
       (1, 160135, 1),
       (1, 160203, 2),
       (1, 160153, 3),
       (1, 160151, 4),
       (1, 160149, 5),
       (1, 160147, 6),
       (1, 160145, 7),
       (1, 160143, 8),
       (1, 160141, 9),
       (1, 160139, 10),
       (1, 160137, 11),
       (1, 160155, 12),
       (1, 160133, 13),
       (1, 160131, 14),
       (1, 160129, 15),
       (1, 160127, 16),
       (1, 160125, 17),
       (1, 160123, 18),
       (1, 160121, 19),
       (1, 160119, 20),
       (1, 160078, 21),
       (1, 160005, 22),
       (1, 160182, 23),
       (1, 160201, 24),
       (1, 160199, 25),
       (1, 160197, 26),
       (1, 160195, 27),
       (1, 160192, 28),
       (1, 160190, 29),
       (1, 160188, 30),
       (1, 160157, 31),
       (1, 160180, 32),
       (1, 160175, 33),
       (1, 160173, 34),
       (1, 160171, 35),
       (1, 160169, 36),
       (1, 160167, 37),
       (1, 160165, 38),
       (1, 160163, 39),
       (1, 160161, 40),
       (1, 160159, 41),
       (1, 160073, 42),
       (1, 160071, 43),
       (2, 160004, 0),
       (2, 160132, 1),
       (2, 160152, 2),
       (2, 160150, 3),
       (2, 160148, 4),
       (2, 160146, 5),
       (2, 160144, 6),
       (2, 160142, 7),
       (2, 160140, 8),
       (2, 160138, 9),
       (2, 160136, 10),
       (2, 160134, 11),
       (2, 160154, 12),
       (2, 160130, 13),
       (2, 160128, 14),
       (2, 160126, 15),
       (2, 160124, 16),
       (2, 160122, 17),
       (2, 160120, 18),
       (2, 160079, 19),
       (2, 160006, 20),
       (2, 160204, 21),
       (2, 160174, 22),
       (2, 160200, 23),
       (2, 160198, 24),
       (2, 160196, 25),
       (2, 160193, 26),
       (2, 160191, 27),
       (2, 160189, 28),
       (2, 160183, 29),
       (2, 160181, 30),
       (2, 160176, 31),
       (2, 160202, 32),
       (2, 160172, 33),
       (2, 160170, 34),
       (2, 160168, 35),
       (2, 160166, 36),
       (2, 160164, 37),
       (2, 160162, 38),
       (2, 160160, 39),
       (2, 160158, 40),
       (2, 160156, 41),
       (2, 160074, 42),
       (2, 160072, 43);
/*!40000 ALTER TABLE `client_statuses_lists_mapping_to_statuses`
    ENABLE KEYS */;
UNLOCK TABLES;

--
-- Table structure for table `client_types`
--

DROP TABLE IF EXISTS `client_types`;
/*!40101 SET @saved_cs_client = @@character_set_client */;
/*!50503 SET character_set_client = utf8mb4 */;
CREATE TABLE `client_types`
(
    `client_type_id`                   int unsigned   NOT NULL AUTO_INCREMENT,
    `parent_client_type_id`            int unsigned            DEFAULT NULL,
    `company_id`                       bigint                  DEFAULT NULL,
    `client_status_list_id`            int unsigned            DEFAULT NULL,
    `email_template_id`                int unsigned            DEFAULT NULL,
    `client_type_name`                 varchar(100)            DEFAULT NULL,
    `client_type_case_reference_as`    varchar(100)            DEFAULT NULL,
    `client_type_needs_ia`             enum ('Y','N') NOT NULL DEFAULT 'N',
    `client_type_employer_sponsorship` enum ('Y','N') NOT NULL DEFAULT 'N',
    `client_type_hidden`               enum ('Y','N') NOT NULL DEFAULT 'N',
    `client_type_hidden_for_company`   enum ('Y','N') NOT NULL DEFAULT 'N',
    `client_type_created_on`           datetime       NOT NULL,
    PRIMARY KEY (`client_type_id`),
    KEY `FK_client_types_company` (`company_id`),
    KEY `FK_client_types_templates` (`email_template_id`),
    KEY `FK_client_types_client_types` (`parent_client_type_id`),
    KEY `FK_client_types_client_statuses_lists` (`client_status_list_id`),
    CONSTRAINT `FK_client_types_client_statuses_lists` FOREIGN KEY (`client_status_list_id`) REFERENCES `client_statuses_lists` (`client_status_list_id`) ON DELETE SET NULL ON UPDATE CASCADE,
    CONSTRAINT `FK_client_types_client_types` FOREIGN KEY (`parent_client_type_id`) REFERENCES `client_types` (`client_type_id`) ON DELETE SET NULL ON UPDATE CASCADE,
    CONSTRAINT `FK_client_types_company` FOREIGN KEY (`company_id`) REFERENCES `company` (`company_id`) ON DELETE CASCADE ON UPDATE CASCADE,
    CONSTRAINT `FK_client_types_templates` FOREIGN KEY (`email_template_id`) REFERENCES `templates` (`template_id`) ON DELETE SET NULL ON UPDATE CASCADE
) ENGINE = InnoDB
  AUTO_INCREMENT = 1077
  DEFAULT CHARSET = utf8mb3;
/*!40101 SET character_set_client = @saved_cs_client */;

--
-- Dumping data for table `client_types`
--

LOCK TABLES `client_types` WRITE;
/*!40000 ALTER TABLE `client_types`
    DISABLE KEYS */;
INSERT INTO `client_types`
VALUES (1052, NULL, 0, 1, NULL, 'Skills Immigration Application', NULL, 'Y', 'N', 'N', 'N', '2022-11-14 19:06:21'),
       (1053, NULL, 0, 1, NULL, 'Business Immigration Registration', NULL, 'Y', 'N', 'N', 'N', '2022-11-14 19:06:21'),
       (1058, NULL, 1, 2, 9373, 'Skills Immigration Application', NULL, 'Y', 'N', 'N', 'N', '2022-11-14 19:06:21'),
       (1059, NULL, 1, 2, 9374, 'Business Immigration Registration', NULL, 'Y', 'N', 'N', 'N', '2022-11-14 19:06:21'),
       (1060, NULL, 0, 1, 9375, 'Skills Immigration Registration', NULL, 'Y', 'N', 'N', 'N', '2022-11-14 19:06:21'),
       (1061, NULL, 1, 2, 9375, 'Skills Immigration Registration', NULL, 'Y', 'N', 'N', 'N', '2022-11-14 19:06:21'),
       (1063, NULL, 0, 1, 9379, 'Business Immigration Application', NULL, 'Y', 'N', 'N', 'N', '2022-11-14 19:06:21'),
       (1064, NULL, 1, 2, 9379, 'Business Immigration Application', NULL, 'Y', 'N', 'N', 'N', '2022-11-14 19:06:21'),
       (1068, NULL, 0, 1, NULL, 'Review Request', NULL, 'Y', 'N', 'N', 'N', '2022-11-14 19:06:21'),
       (1069, NULL, 1, 2, NULL, 'Review Request', NULL, 'Y', 'N', 'N', 'N', '2022-11-14 19:06:21'),
       (1071, NULL, 0, 1, NULL, 'Key Staff Application', NULL, 'Y', 'N', 'N', 'N', '2022-11-14 19:06:21'),
       (1072, NULL, 1, 2, NULL, 'Key Staff Application', NULL, 'Y', 'N', 'N', 'N', '2022-11-14 19:06:21'),
       (1074, NULL, 0, 1, NULL, 'Skills Post-Nomination Support', NULL, 'Y', 'N', 'N', 'N', '2022-11-14 19:06:21'),
       (1075, NULL, 1, 2, NULL, 'Skills Post-Nomination Support', NULL, 'Y', 'N', 'N', 'N', '2022-11-14 19:06:21');
/*!40000 ALTER TABLE `client_types`
    ENABLE KEYS */;
UNLOCK TABLES;

--
-- Table structure for table `client_types_forms`
--

DROP TABLE IF EXISTS `client_types_forms`;
/*!40101 SET @saved_cs_client = @@character_set_client */;
/*!50503 SET character_set_client = utf8mb4 */;
CREATE TABLE `client_types_forms`
(
    `client_type_id`  int unsigned DEFAULT NULL,
    `form_version_id` int unsigned DEFAULT NULL,
    KEY `FK_client_types_forms_client_types` (`client_type_id`),
    KEY `FK_client_types_forms_formversion` (`form_version_id`),
    CONSTRAINT `FK_client_types_forms_client_types` FOREIGN KEY (`client_type_id`) REFERENCES `client_types` (`client_type_id`) ON DELETE CASCADE ON UPDATE CASCADE,
    CONSTRAINT `FK_client_types_forms_formversion` FOREIGN KEY (`form_version_id`) REFERENCES `form_version` (`form_version_id`) ON DELETE CASCADE ON UPDATE CASCADE
) ENGINE = InnoDB
  DEFAULT CHARSET = utf8mb3 COMMENT ='Contains list of assigned forms for specific case types.';
/*!40101 SET character_set_client = @saved_cs_client */;

--
-- Dumping data for table `client_types_forms`
--

LOCK TABLES `client_types_forms` WRITE;
/*!40000 ALTER TABLE `client_types_forms`
    DISABLE KEYS */;
INSERT INTO `client_types_forms`
VALUES (1053, 21),
       (1052, 26),
       (1058, 26),
       (1060, 25),
       (1061, 25),
       (1063, 22),
       (1064, 22),
       (1068, 28),
       (1069, 28),
       (1071, 7),
       (1072, 7),
       (1059, 21),
       (1074, 27),
       (1075, 27);
/*!40000 ALTER TABLE `client_types_forms`
    ENABLE KEYS */;
UNLOCK TABLES;

--
-- Table structure for table `client_types_kinds`
--

DROP TABLE IF EXISTS `client_types_kinds`;
/*!40101 SET @saved_cs_client = @@character_set_client */;
/*!50503 SET character_set_client = utf8mb4 */;
CREATE TABLE `client_types_kinds`
(
    `client_type_id` int unsigned NOT NULL,
    `member_type_id` int unsigned NOT NULL,
    KEY `FK_client_types_kinds_client_types` (`client_type_id`),
    KEY `FK_client_types_kinds_client_types_2` (`member_type_id`),
    CONSTRAINT `FK_client_types_kinds_client_types` FOREIGN KEY (`client_type_id`) REFERENCES `client_types` (`client_type_id`) ON DELETE CASCADE ON UPDATE CASCADE,
    CONSTRAINT `FK_client_types_kinds_client_types_2` FOREIGN KEY (`member_type_id`) REFERENCES `members_types` (`member_type_id`) ON DELETE CASCADE ON UPDATE CASCADE
) ENGINE = InnoDB
  DEFAULT CHARSET = utf8mb3;
/*!40101 SET character_set_client = @saved_cs_client */;

--
-- Dumping data for table `client_types_kinds`
--

LOCK TABLES `client_types_kinds` WRITE;
/*!40000 ALTER TABLE `client_types_kinds`
    DISABLE KEYS */;
INSERT INTO `client_types_kinds`
VALUES (1053, 8),
       (1052, 8),
       (1058, 8),
       (1060, 8),
       (1061, 8),
       (1063, 8),
       (1064, 8),
       (1068, 8),
       (1069, 8),
       (1071, 8),
       (1072, 8),
       (1059, 8),
       (1074, 8),
       (1075, 8);
/*!40000 ALTER TABLE `client_types_kinds`
    ENABLE KEYS */;
UNLOCK TABLES;

--
-- Table structure for table `client_vac`
--

DROP TABLE IF EXISTS `client_vac`;
/*!40101 SET @saved_cs_client = @@character_set_client */;
/*!50503 SET character_set_client = utf8mb4 */;
CREATE TABLE `client_vac`
(
    `client_vac_id`        int unsigned     NOT NULL AUTO_INCREMENT,
    `client_vac_parent_id` int unsigned              DEFAULT NULL,
    `company_id`           bigint                    DEFAULT NULL,
    `client_vac_country`   char(255)                 DEFAULT NULL,
    `client_vac_city`      char(255)                 DEFAULT NULL,
    `client_vac_link`      char(255)                 DEFAULT NULL,
    `client_vac_order`     tinyint unsigned NOT NULL DEFAULT '0',
    `client_vac_deleted`   enum ('Y','N')   NOT NULL DEFAULT 'N',
    PRIMARY KEY (`client_vac_id`) USING BTREE,
    KEY `FK_client_vac_parent_id` (`client_vac_parent_id`) USING BTREE,
    KEY `FK_client_vac_company_id` (`company_id`) USING BTREE,
    CONSTRAINT `FK_client_vac_company_id` FOREIGN KEY (`company_id`) REFERENCES `company` (`company_id`) ON DELETE CASCADE ON UPDATE CASCADE,
    CONSTRAINT `FK_client_vac_parent_id` FOREIGN KEY (`client_vac_parent_id`) REFERENCES `client_vac` (`client_vac_id`) ON DELETE CASCADE ON UPDATE CASCADE
) ENGINE = InnoDB
  AUTO_INCREMENT = 457
  DEFAULT CHARSET = utf8mb3 COMMENT ='VAC list for each company.';
/*!40101 SET character_set_client = @saved_cs_client */;

--
-- Dumping data for table `client_vac`
--

LOCK TABLES `client_vac` WRITE;
/*!40000 ALTER TABLE `client_vac`
    DISABLE KEYS */;
INSERT INTO `client_vac`
VALUES (1, NULL, 0, 'Ivory Coast', 'Abidjan', 'https://visa.vfsglobal.com/civ/en/can', 0, 'N'),
       (2, NULL, 0, 'United Arab Emirates', 'Abu Dhabi', 'https://visa.vfsglobal.com/are/en/can', 1, 'N'),
       (3, NULL, 0, 'Nigeria', 'Abuja', 'https://visa.vfsglobal.com/nga/en/can', 2, 'N'),
       (4, NULL, 0, 'Ghana', 'Accra', 'https://visa.vfsglobal.com/gha/en/can', 3, 'N'),
       (5, NULL, 0, 'Ethiopia', 'Addis Ababa', 'https://visa.vfsglobal.com/eth/en/can', 4, 'N'),
       (6, NULL, 0, 'India', 'Ahmedabad', 'https://www.vfsglobal.ca/canada/india/', 5, 'N'),
       (7, NULL, 0, 'Saudi Arabia', 'Al Khobar', 'https://visa.vfsglobal.com/sau/en/can', 6, 'N'),
       (8, NULL, 0, 'Algeria', 'Algiers', 'https://visa.vfsglobal.com/dza/en/can', 7, 'N'),
       (9, NULL, 0, 'Kazakhstan', 'Almaty', 'https://visa.vfsglobal.com/kaz/en/can', 8, 'N'),
       (10, NULL, 0, 'Jordan', 'Amman', 'https://visa.vfsglobal.com/jor/en/can', 9, 'N'),
       (11, NULL, 0, 'Turkey', 'Ankara', 'https://visa.vfsglobal.com/tur/en/can', 10, 'N'),
       (12, NULL, 0, 'Madagascar', 'Antananarivo', 'https://visa.vfsglobal.com/mdg/en/can', 11, 'N'),
       (13, NULL, 0, 'Paraguay', 'Asuncion', 'https://www.vfsglobal.ca/canada/paraguay/english/index.html', 12, 'N'),
       (14, NULL, 0, 'Greece', 'Athens', 'https://visa.vfsglobal.com/grc/en/can', 13, 'N'),
       (15, NULL, 0, 'New Zealand', 'Auckland', 'http://www.vfsglobal.ca/canada/newzealand/', 14, 'N'),
       (16, NULL, 0, 'Azerbaijan', 'Baku', 'https://visa.vfsglobal.com/aze/en/can', 15, 'N'),
       (17, NULL, 0, 'Indonesia', 'Bali', 'http://www.vfsglobal.ca/canada/indonesia/english/index.html', 16, 'N'),
       (18, NULL, 0, 'Mali', 'Bamako', 'https://visa.vfsglobal.com/mli/en/can', 17, 'N'),
       (19, NULL, 0, 'India', 'Bangalore', 'https://www.vfsglobal.ca/canada/india/', 18, 'N'),
       (20, NULL, 0, 'Thailand', 'Bangkok', 'https://www.vfsglobal.ca/canada/thailand/', 19, 'N'),
       (21, NULL, 0, 'China', 'Beijing', 'https://www.vfsglobal.ca/canada/china/english/index.html', 20, 'N'),
       (22, NULL, 0, 'Lebanon', 'Beirut', 'https://visa.vfsglobal.com/lbn/en/can', 21, 'N'),
       (23, NULL, 0, 'Serbia', 'Belgrade', 'https://visa.vfsglobal.com/srb/en/can', 22, 'N'),
       (24, NULL, 0, 'Germany', 'Berlin', 'https://visa.vfsglobal.com/deu/en/can', 23, 'N'),
       (25, NULL, 0, 'Kyrgyzstan', 'Bishkek', 'https://visa.vfsglobal.com/kgz/en/can', 24, 'N'),
       (26, NULL, 0, 'Colombia', 'Bogota', 'https://www.vfsglobal.ca/Canada/Colombia/English/index.html', 25, 'N'),
       (27, NULL, 0, 'Brazil', 'Brasilia', 'http://www.vfsglobal.ca/canada/brazil/english/index.html', 26, 'N'),
       (28, NULL, 0, 'Barbados', 'Bridgetown', 'https://www.vfsglobal.ca/Canada/Barbados/', 27, 'N'),
       (29, NULL, 0, 'Romania', 'Bucharest', 'https://visa.vfsglobal.com/rou/en/can', 28, 'N'),
       (30, NULL, 0, 'Argentina', 'Buenos Aires', 'http://www.vfsglobal.ca/canada/argentina/english/index.html', 29, 'N'),
       (31, NULL, 0, 'Egypt', 'Cairo', 'https://visa.vfsglobal.com/egy/en/can', 30, 'N'),
       (32, NULL, 0, 'Colombia', 'Cali', 'https://www.vfsglobal.ca/Canada/Colombia/English/index.html', 31, 'N'),
       (33, NULL, 0, 'South Africa', 'Cape Town', 'https://visa.vfsglobal.com/zaf/en/can', 32, 'N'),
       (34, NULL, 0, 'Venezuela', 'Caracas', 'https://www.vfsglobal.ca/Canada/Venezuela/English/index.html', 33, 'N'),
       (35, NULL, 0, 'Saint Lucia', 'Castries', 'http://www.vfsglobal.ca/Canada/Saint-Lucia', 34, 'N'),
       (36, NULL, 0, 'Philippines', 'Cebu', 'https://www.vfsglobal.ca/canada/Philippines/', 35, 'N'),
       (37, NULL, 0, 'India', 'Chandigarh', 'https://www.vfsglobal.ca/canada/india/', 36, 'N'),
       (38, NULL, 0, 'China', 'Chengdu', 'https://www.vfsglobal.ca/canada/china/english/index.html', 37, 'N'),
       (39, NULL, 0, 'India', 'Chennai', 'https://www.vfsglobal.ca/canada/india/', 38, 'N'),
       (40, NULL, 0, 'Moldova', 'Chisinau', 'https://visa.vfsglobal.com/mda/en/can', 39, 'N'),
       (41, NULL, 0, 'Bangladesh', 'Chittagong', 'http://www.vfsglobal.ca/Canada/bangladesh/index.html', 40, 'N'),
       (42, NULL, 0, 'China', 'Chongqing', 'https://www.vfsglobal.ca/canada/china/english/index.html', 41, 'N'),
       (43, NULL, 0, 'Sri Lanka', 'Colombo', 'http://www.vfsglobal.ca/canada/srilanka/', 42, 'N'),
       (44, NULL, 0, 'Guinea', 'Conakry', 'https://visa.vfsglobal.com/gin/en/can', 43, 'N'),
       (45, NULL, 0, 'Senegal', 'Dakar', 'https://visa.vfsglobal.com/sen/en/can', 44, 'N'),
       (46, NULL, 0, 'Tanzania', 'Dar es Salaam', 'https://visa.vfsglobal.com/tza/en/can', 45, 'N'),
       (47, NULL, 0, 'Bangladesh', 'Dhaka', 'http://www.vfsglobal.ca/Canada/bangladesh/index.html', 46, 'N'),
       (48, NULL, 0, 'Qatar', 'Doha', 'https://visa.vfsglobal.com/qat/en/can', 47, 'N'),
       (49, NULL, 0, 'United Arab Emirates', 'Dubai', 'https://visa.vfsglobal.com/are/en/can', 48, 'N'),
       (50, NULL, 0, 'Ireland', 'Dublin', 'https://visa.vfsglobal.com/irl/en/can', 49, 'N'),
       (51, NULL, 0, 'Tajikistan', 'Dushanbe', 'https://visa.vfsglobal.com/tjk/en/can', 50, 'N'),
       (52, NULL, 0, 'Germany', 'Dsseldorf', 'https://visa.vfsglobal.com/deu/en/can', 51, 'N'),
       (53, NULL, 0, 'Iraq', 'Erbil', 'https://visa.vfsglobal.com/irq/en/can', 52, 'N'),
       (54, NULL, 0, 'Guyana', 'Georgetown', 'https://www.vfsglobal.ca/Canada/Guyana/', 53, 'N'),
       (55, NULL, 0, 'China', 'Guangzhou', 'https://www.vfsglobal.ca/canada/china/english/index.html', 54, 'N'),
       (56, NULL, 0, 'Guatemala', 'Guatemala City', 'https://www.vfsglobal.ca/canada/Guatemala/english/index.html', 55, 'N'),
       (57, NULL, 0, 'China', 'Hangzhou', 'https://www.vfsglobal.ca/canada/china/english/index.html', 56, 'N'),
       (58, NULL, 0, 'Vietnam', 'Hanoi', 'https://www.vfsglobal.ca/canada/vietnam/index.html', 57, 'N'),
       (59, NULL, 0, 'Zimbabwe', 'Harare', 'https://visa.vfsglobal.com/zwe/en/can', 58, 'N'),
       (60, NULL, 0, 'Finland', 'Helsinki', 'https://visa.vfsglobal.com/fin/en/can', 59, 'N'),
       (61, NULL, 0, 'Vietnam', 'Ho Chi Minh', 'https://www.vfsglobal.ca/canada/vietnam/index.html', 60, 'N'),
       (62, NULL, 0, 'Hong Kong SAR', 'Hong Kong', 'http://www.vfsglobal.ca/canada/Hongkong/english/index.html', 61, 'N'),
       (63, NULL, 0, 'India', 'Hyderabad', 'https://www.vfsglobal.ca/canada/india/', 62, 'N'),
       (64, NULL, 0, 'Pakistan', 'Islamabad', 'https://www.vfsglobal.ca/Canada/Pakistan/', 63, 'N'),
       (65, NULL, 0, 'Turkey', 'Istanbul', 'https://visa.vfsglobal.com/tur/en/can', 64, 'N'),
       (66, NULL, 0, 'Indonesia', 'Jakarta', 'http://www.vfsglobal.ca/canada/indonesia/english/index.html', 65, 'N'),
       (67, NULL, 0, 'India', 'Jalandhar', 'https://www.vfsglobal.ca/canada/india/', 66, 'N'),
       (68, NULL, 0, 'Saudi Arabia', 'Jeddah', 'https://visa.vfsglobal.com/sau/en/can', 67, 'N'),
       (69, NULL, 0, 'China', 'Jinan', 'https://www.vfsglobal.ca/canada/china/english/index.html', 68, 'N'),
       (70, NULL, 0, 'Uganda', 'Kampala', 'https://visa.vfsglobal.com/uga/en/can', 69, 'N'),
       (71, NULL, 0, 'Pakistan', 'Karachi', 'https://www.vfsglobal.ca/Canada/Pakistan/', 70, 'N'),
       (72, NULL, 0, 'Nepal', 'Kathmandu', 'http://www.vfsglobal.ca/canada/nepal/', 71, 'N'),
       (73, NULL, 0, 'Sudan', 'Khartoum', 'https://visa.vfsglobal.com/sdn/en/can/', 72, 'N'),
       (74, NULL, 0, 'Rwanda', 'Kigali', 'https://visa.vfsglobal.com/rwa/en/can', 73, 'N'),
       (75, NULL, 0, 'Jamaica', 'Kingston', 'https://www.vfsglobal.ca/Canada/Jamaica/', 74, 'N'),
       (76, NULL, 0, 'Saint Vincent and the Grenadines', 'Kingstown', 'http://www.vfsglobal.ca/Canada/Saint-Vincent-and-the-Grenadines', 75, 'N'),
       (77, NULL, 0, 'Democratic Rep. of Congo', 'Kinshasa', 'https://visa.vfsglobal.com/cod/en/can', 76, 'N'),
       (78, NULL, 0, 'India', 'Kolkata', 'https://www.vfsglobal.ca/canada/india/', 77, 'N'),
       (79, NULL, 0, 'Malaysia', 'Kuala Lumpur', 'https://www.vfsglobal.ca/canada/malaysia/english/', 78, 'N'),
       (80, NULL, 0, 'China', 'Kunming', 'https://www.vfsglobal.ca/canada/china/english/index.html', 79, 'N'),
       (81, NULL, 0, 'Kuwait', 'Kuwait City', 'https://visa.vfsglobal.com/kwt/en/can', 80, 'N'),
       (82, NULL, 0, 'Ukraine', 'Kyiv', 'https://visa.vfsglobal.com/ukr/en/can', 81, 'N'),
       (83, NULL, 0, 'Bolivia', 'La Paz', 'http://www.vfsglobal.ca/Canada/Bolivia/English/', 82, 'N'),
       (84, NULL, 0, 'Nigeria', 'Lagos', 'https://visa.vfsglobal.com/nga/en/can', 83, 'N'),
       (85, NULL, 0, 'Pakistan', 'Lahore', 'https://www.vfsglobal.ca/Canada/Pakistan/', 84, 'N'),
       (86, NULL, 0, 'Peru', 'Lima', 'http://www.vfsglobal.ca/canada/peru/english/index.html', 85, 'N'),
       (87, NULL, 0, 'United Kingdom', 'London', 'https://visa.vfsglobal.com/gbr/en/can', 86, 'N'),
       (88, NULL, 0, 'United States', 'Los Angeles', 'https://www.vfsglobal.ca/Canada/USA/', 87, 'N'),
       (89, NULL, 0, 'Ukraine', 'Lviv', 'https://visa.vfsglobal.com/ukr/en/can', 88, 'N'),
       (90, NULL, 0, 'France', 'Lyon', 'https://visa.vfsglobal.com/fra/en/can', 89, 'N'),
       (91, NULL, 0, 'Spain', 'Madrid', 'https://visa.vfsglobal.com/esp/en/can', 90, 'N'),
       (92, NULL, 0, 'Nicaragua', 'Managua', 'http://www.vfsglobal.ca/canada/Nicaragua/english/index.html', 91, 'N'),
       (93, NULL, 0, 'Bahrain', 'Manama', 'https://visa.vfsglobal.com/bhr/en/can', 92, 'N'),
       (94, NULL, 0, 'Philippines', 'Manila', 'https://www.vfsglobal.ca/canada/Philippines/', 93, 'N'),
       (95, NULL, 0, 'Colombia', 'Medellin', 'https://www.vfsglobal.ca/Canada/Colombia/English/index.html', 94, 'N'),
       (96, NULL, 0, 'Australia', 'Melbourne', 'http://www.vfsglobal.ca/canada/australia/', 95, 'N'),
       (97, NULL, 0, 'Mexico', 'Mexico City', 'https://www.vfsglobal.ca/canada/Mexico/English/index.html', 96, 'N'),
       (98, NULL, 0, 'Jamaica', 'Montego Bay', 'https://www.vfsglobal.ca/Canada/Jamaica/', 97, 'N'),
       (99, NULL, 0, 'Uruguay', 'Montevideo', 'http://www.vfsglobal.ca/canada/uruguay/english/index.html', 98, 'N'),
       (100, NULL, 0, 'Russia', 'Moscow', 'https://visa.vfsglobal.com/rus/en/can', 99, 'N'),
       (101, NULL, 0, 'India', 'Mumbai', 'https://www.vfsglobal.ca/canada/india/', 100, 'N'),
       (102, NULL, 0, 'Oman', 'Muscat', 'https://visa.vfsglobal.com/omn/en/can', 101, 'N'),
       (103, NULL, 0, 'Kenya', 'Nairobi', 'https://visa.vfsglobal.com/ken/en/can', 102, 'N'),
       (104, NULL, 0, 'China', 'Nanjing', 'https://www.vfsglobal.ca/canada/china/english/index.html', 103, 'N'),
       (105, NULL, 0, 'India', 'New Delhi', 'https://www.vfsglobal.ca/canada/india/', 104, 'N'),
       (106, NULL, 0, 'United States', 'New York', 'https://www.vfsglobal.ca/Canada/USA/', 105, 'N'),
       (107, NULL, 0, 'Niger', 'Niamey', 'https://visa.vfsglobal.com/ner/en/can', 106, 'N'),
       (108, NULL, 0, 'Russia', 'Novosibirsk', 'https://visa.vfsglobal.com/rus/en/can', 107, 'N'),
       (109, NULL, 0, 'Kazakhstan', 'Nur-Sultan', 'https://visa.vfsglobal.com/kaz/en/can', 108, 'N'),
       (110, NULL, 0, 'Japan', 'Osaka', 'http://www.vfsglobal.ca/canada/japan/', 109, 'N'),
       (111, NULL, 0, 'Burkina Faso', 'Ouagadougou', 'https://visa.vfsglobal.com/bfa/en/can', 110, 'N'),
       (112, NULL, 0, 'Panama', 'Panama City', 'http://www.vfsglobal.ca/canada/panama/english/index.html', 111, 'N'),
       (113, NULL, 0, 'France', 'Paris', 'https://visa.vfsglobal.com/fra/en/can', 112, 'N'),
       (114, NULL, 0, 'Australia', 'Perth', 'http://www.vfsglobal.ca/canada/australia/', 113, 'N'),
       (115, NULL, 0, 'Cambodia', 'Phnom Penh', 'http://www.vfsglobal.ca/canada/cambodia/', 114, 'N'),
       (116, NULL, 0, 'Mauritius', 'Port Louis', 'https://visa.vfsglobal.com/mus/en/can', 115, 'N'),
       (117, NULL, 0, 'Trinidad and Tobago', 'Port of Spain', 'https://www.vfsglobal.ca/Canada/Trinidad-and-Tobago/', 116, 'N'),
       (118, NULL, 0, 'Haiti', 'Port-au-Prince', 'https://www.vfsglobal.ca/Canada/Haiti/', 117, 'N'),
       (119, NULL, 0, 'Brazil', 'Porto Alegre', 'http://www.vfsglobal.ca/canada/brazil/english/index.html', 118, 'N'),
       (120, NULL, 0, 'South Africa', 'Pretoria', 'https://visa.vfsglobal.com/zaf/en/can', 119, 'N'),
       (121, NULL, 0, 'Kosovo', 'Pristina', 'https://visa.vfsglobal.com/xkx/en/can', 120, 'N'),
       (122, NULL, 0, 'India', 'Pune', 'https://www.vfsglobal.ca/canada/india/', 121, 'N'),
       (123, NULL, 0, 'Ecuador', 'Quito', 'http://www.vfsglobal.ca/canada/ecuador/english/index.html', 122, 'N'),
       (124, NULL, 0, 'Morocco', 'Rabat', 'https://visa.vfsglobal.com/mar/en/can', 123, 'N'),
       (125, NULL, 0, 'Burma (Myanmar)', 'Rangoon (Yangon)', 'http://www.vfsglobal.ca/canada/myanmar/', 124, 'N'),
       (126, NULL, 0, 'Brazil', 'Recife', 'http://www.vfsglobal.ca/canada/brazil/english/index.html', 125, 'N'),
       (127, NULL, 0, 'Brazil', 'Rio de Janeiro', 'http://www.vfsglobal.ca/canada/brazil/english/index.html', 126, 'N'),
       (128, NULL, 0, 'Saudi Arabia', 'Riyadh', 'https://visa.vfsglobal.com/sau/en/can', 127, 'N'),
       (129, NULL, 0, 'Italy', 'Rome', 'https://visa.vfsglobal.com/ita/en/can', 128, 'N'),
       (130, NULL, 0, 'Russia', 'Rostov-on-Don', 'https://visa.vfsglobal.com/rus/en/can', 129, 'N'),
       (131, NULL, 0, 'Russia', 'Saint Petersburg', 'https://visa.vfsglobal.com/rus/en/can', 130, 'N'),
       (132, NULL, 0, 'Costa Rica', 'San Jose', 'http://www.vfsglobal.ca/canada/costarica/english/index.html', 131, 'N'),
       (133, NULL, 0, 'El Salvador', 'San Salvador', 'http://www.vfsglobal.ca/canada/elsalvador/english/index.html', 132, 'N'),
       (134, NULL, 0, 'Chile', 'Santiago', 'https://www.vfsglobal.ca/Canada/Chile/', 133, 'N'),
       (135, NULL, 0, 'Dominican Republic', 'Santo Domingo', 'https://www.vfsglobal.ca/Canada/DominicanRepublic/index.html', 134, 'N'),
       (136, NULL, 0, 'Brazil', 'Sao Paulo', 'http://www.vfsglobal.ca/canada/brazil/english/index.html', 135, 'N'),
       (137, NULL, 0, 'Bosnia and Herzegovina', 'Sarajevo', 'https://visa.vfsglobal.com/bih/en/can', 136, 'N'),
       (138, NULL, 0, 'South Korea', 'Seoul', 'http://www.vfsglobal.ca/canada/korea/english/index.html', 137, 'N'),
       (139, NULL, 0, 'China', 'Shanghai', 'https://www.vfsglobal.ca/canada/china/english/index.html', 138, 'N'),
       (140, NULL, 0, 'China', 'Shenyang', 'https://www.vfsglobal.ca/canada/china/english/index.html', 139, 'N'),
       (141, NULL, 0, 'Singapore', 'Singapore', 'http://www.vfsglobal.ca/canada/singapore/', 140, 'N'),
       (142, NULL, 0, 'Macedonia', 'Skopje', 'https://visa.vfsglobal.com/mkd/en/can', 141, 'N'),
       (143, NULL, 0, 'Sweden', 'Stockholm', 'https://visa.vfsglobal.com/swe/en/can', 142, 'N'),
       (144, NULL, 0, 'Fiji', 'Suva', 'http://www.vfsglobal.ca/canada/fiji/', 143, 'N'),
       (145, NULL, 0, 'Australia', 'Sydney', 'http://www.vfsglobal.ca/canada/australia/', 144, 'N'),
       (146, NULL, 0, 'Bangladesh', 'Sylhet', 'http://www.vfsglobal.ca/Canada/bangladesh/index.html', 145, 'N'),
       (147, NULL, 0, 'Taiwan', 'Taipei', 'http://www.vfsglobal.ca/canada/taiwan/english/index.html', 146, 'N'),
       (148, NULL, 0, 'Georgia', 'Tbilisi', 'https://visa.vfsglobal.com/geo/en/can', 147, 'N'),
       (149, NULL, 0, 'Honduras', 'Tegucigalpa', 'http://www.vfsglobal.ca/canada/honduras/english/index.html', 148, 'N'),
       (150, NULL, 0, 'Israel', 'Tel Aviv', 'https://visa.vfsglobal.com/isr/en/can', 149, 'N'),
       (151, NULL, 0, 'The Netherlands', 'The Hague', 'https://visa.vfsglobal.com/nld/en/can', 150, 'N'),
       (152, NULL, 0, 'Albania', 'Tirana', 'https://visa.vfsglobal.com/alb/en/can', 151, 'N'),
       (153, NULL, 0, 'Japan', 'Tokyo', 'http://www.vfsglobal.ca/canada/japan/', 152, 'N'),
       (154, NULL, 0, 'Tunisia', 'Tunis', 'https://visa.vfsglobal.com/tun/en/can', 153, 'N'),
       (155, NULL, 0, 'Mongolia', 'Ulaanbaatar', 'http://www.vfsglobal.ca/canada/mongolia/english/index.html', 154, 'N'),
       (156, NULL, 0, 'Austria', 'Vienna', 'https://visa.vfsglobal.com/aut/en/can', 155, 'N'),
       (157, NULL, 0, 'Russia', 'Vladivostok', 'https://visa.vfsglobal.com/rus/en/can', 156, 'N'),
       (158, NULL, 0, 'Poland', 'Warsaw', 'https://visa.vfsglobal.com/pol/en/can', 157, 'N'),
       (159, NULL, 0, 'Poland', 'Warsaw Temporary VAC', 'https://visa.vfsglobal.com/pol/en/can', 158, 'N'),
       (160, NULL, 0, 'China', 'Wuhan', 'https://www.vfsglobal.ca/canada/china/english/index.html', 159, 'N'),
       (161, NULL, 0, 'Cameroon', 'Yaound', 'https://visa.vfsglobal.com/cmr/en/can', 160, 'N'),
       (162, NULL, 0, 'Russia', 'Yekaterinburg', 'https://visa.vfsglobal.com/rus/en/can', 161, 'N'),
       (163, NULL, 0, 'Armenia', 'Yerevan', 'https://visa.vfsglobal.com/arm/en/can', 162, 'N'),
       (164, NULL, 0, NULL, 'Auckland, New Zealand', NULL, 163, 'N'),
       (165, NULL, 0, NULL, 'Dubai, UAE.', NULL, 164, 'N'),
       (166, NULL, 0, NULL, 'Guangzhou, PRC', NULL, 165, 'N'),
       (167, NULL, 0, NULL, 'Ho Chi Minh City,  Vietnam', NULL, 166, 'N'),
       (168, NULL, 0, NULL, 'Hong Kong, HK SAR of PRC', NULL, 167, 'N'),
       (169, NULL, 0, NULL, 'Noumea, New Caledonia', NULL, 168, 'N'),
       (170, NULL, 0, NULL, 'Shanghai, PRC', NULL, 169, 'N'),
       (171, NULL, 0, NULL, 'Riyadh, Saudi Arabia', NULL, 170, 'N'),
       (172, NULL, 0, NULL, 'Amman, Jordan', NULL, 171, 'N'),
       (173, NULL, 0, NULL, 'Ankara, Turkey', NULL, 172, 'N'),
       (174, NULL, 0, NULL, 'Athens, Greece', NULL, 173, 'N'),
       (175, NULL, 0, NULL, 'Bangkok, Thailand', NULL, 174, 'N'),
       (176, NULL, 0, NULL, 'Beijing, PRC', NULL, 175, 'N'),
       (177, NULL, 0, NULL, 'Beirut, Lebanon', NULL, 176, 'N'),
       (178, NULL, 0, NULL, 'Belgrade, Serbia', NULL, 177, 'N'),
       (179, NULL, 0, NULL, 'Berlin, Germany', NULL, 178, 'N'),
       (180, NULL, 0, NULL, 'Brasilia, Brazil', NULL, 179, 'N'),
       (181, NULL, 0, NULL, 'Buenos Aires, Argentina', NULL, 180, 'N'),
       (182, NULL, 0, NULL, 'Cairo, Egypt', NULL, 181, 'N'),
       (183, NULL, 0, NULL, 'Dili, Timor Leste', NULL, 182, 'N'),
       (184, NULL, 0, NULL, 'Hanoi, Vietnam', NULL, 183, 'N'),
       (185, NULL, 0, NULL, 'Jakarta, Indonesia', NULL, 184, 'N'),
       (186, NULL, 0, NULL, 'Madrid, Spain', NULL, 185, 'N'),
       (187, NULL, 0, NULL, 'Manila, Philippines', NULL, 186, 'N'),
       (188, NULL, 0, NULL, 'Mexico City, Mexico', NULL, 187, 'N'),
       (189, NULL, 0, NULL, 'Moscow, Russian Federation', NULL, 188, 'N'),
       (190, NULL, 0, NULL, 'Phnom Penh, Cambodia', NULL, 189, 'N'),
       (191, NULL, 0, NULL, 'Santiago, Chile', NULL, 190, 'N'),
       (192, NULL, 0, NULL, 'Seoul, Republic of Korea', NULL, 191, 'N'),
       (193, NULL, 0, NULL, 'Tehran, Iran', NULL, 192, 'N'),
       (194, NULL, 0, NULL, 'Tel Aviv, Israel', NULL, 193, 'N'),
       (195, NULL, 0, NULL, 'Tokyo, Japan', NULL, 194, 'N'),
       (196, NULL, 0, NULL, 'Vienna, Austria', NULL, 195, 'N'),
       (197, NULL, 0, NULL, 'Vientiane, Laos', NULL, 196, 'N'),
       (198, NULL, 0, NULL, 'Washington, USA', NULL, 197, 'N'),
       (199, NULL, 0, NULL, 'Yangon, Myanmar', NULL, 198, 'N'),
       (200, NULL, 0, NULL, 'Apia, Samoa', NULL, 199, 'N'),
       (201, NULL, 0, NULL, 'Colombo, Sri Lanka', NULL, 200, 'N'),
       (202, NULL, 0, NULL, 'Dhaka, Bangladesh', NULL, 201, 'N'),
       (203, NULL, 0, NULL, 'Islamabad, Pakistan', NULL, 202, 'N'),
       (204, NULL, 0, NULL, 'Kuala Lumpur, Malaysia', NULL, 203, 'N'),
       (205, NULL, 0, NULL, 'London, United Kingdom', NULL, 204, 'N'),
       (206, NULL, 0, NULL, 'Nairobi, Kenya', NULL, 205, 'N'),
       (207, NULL, 0, NULL, 'New Delhi, India', NULL, 206, 'N'),
       (208, NULL, 0, NULL, 'Nuku\'alofa, Tonga', NULL, 207, 'N'),
       (209, NULL, 0, NULL, 'Ottawa, Canada', NULL, 208, 'N'),
       (210, NULL, 0, NULL, 'Port Louis, Mauritius', NULL, 209, 'N'),
       (211, NULL, 0, NULL, 'Port Moresby, PNG', NULL, 210, 'N'),
       (212, NULL, 0, NULL, 'Pretoria, South Africa', NULL, 211, 'N'),
       (213, NULL, 0, NULL, 'Suva, Fiji', NULL, 212, 'N'),
       (214, NULL, 0, NULL, 'Port Vila, Vanuatu', NULL, 213, 'N'),
       (215, NULL, 0, NULL, 'Zimbabwe', NULL, 214, 'N'),
       (216, NULL, 0, NULL, 'Sydney, Australia', NULL, 215, 'N'),
       (217, NULL, 0, NULL, 'Parramatta, Australia', NULL, 216, 'N'),
       (218, NULL, 0, NULL, 'Darwin, Australia', NULL, 217, 'N'),
       (219, NULL, 0, NULL, 'Brisbane, Australia', NULL, 218, 'N'),
       (220, NULL, 0, NULL, 'Cairns, Australia', NULL, 219, 'N'),
       (221, NULL, 0, NULL, 'Thursday Is. Australia', NULL, 220, 'N'),
       (222, NULL, 0, NULL, 'Adelaide, Australia', NULL, 221, 'N'),
       (223, NULL, 0, NULL, 'Hobart, Australia', NULL, 222, 'N'),
       (224, NULL, 0, NULL, 'Melbourne, Australia', NULL, 223, 'N'),
       (225, NULL, 0, NULL, 'Dandenong, Australia', NULL, 224, 'N'),
       (226, NULL, 0, NULL, 'Perth, Australia', NULL, 225, 'N'),
       (227, 1, 1, 'Ivory Coast', 'Abidjan', 'https://visa.vfsglobal.com/civ/en/can', 0, 'N'),
       (228, 2, 1, 'United Arab Emirates', 'Abu Dhabi', 'https://visa.vfsglobal.com/are/en/can', 1, 'N'),
       (229, 3, 1, 'Nigeria', 'Abuja', 'https://visa.vfsglobal.com/nga/en/can', 2, 'N'),
       (230, 4, 1, 'Ghana', 'Accra', 'https://visa.vfsglobal.com/gha/en/can', 3, 'N'),
       (231, 5, 1, 'Ethiopia', 'Addis Ababa', 'https://visa.vfsglobal.com/eth/en/can', 4, 'N'),
       (232, 6, 1, 'India', 'Ahmedabad', 'https://www.vfsglobal.ca/canada/india/', 5, 'N'),
       (233, 7, 1, 'Saudi Arabia', 'Al Khobar', 'https://visa.vfsglobal.com/sau/en/can', 6, 'N'),
       (234, 8, 1, 'Algeria', 'Algiers', 'https://visa.vfsglobal.com/dza/en/can', 7, 'N'),
       (235, 9, 1, 'Kazakhstan', 'Almaty', 'https://visa.vfsglobal.com/kaz/en/can', 8, 'N'),
       (236, 10, 1, 'Jordan', 'Amman', 'https://visa.vfsglobal.com/jor/en/can', 9, 'N'),
       (237, 11, 1, 'Turkey', 'Ankara', 'https://visa.vfsglobal.com/tur/en/can', 10, 'N'),
       (238, 12, 1, 'Madagascar', 'Antananarivo', 'https://visa.vfsglobal.com/mdg/en/can', 11, 'N'),
       (239, 13, 1, 'Paraguay', 'Asuncion', 'https://www.vfsglobal.ca/canada/paraguay/english/index.html', 12, 'N'),
       (240, 14, 1, 'Greece', 'Athens', 'https://visa.vfsglobal.com/grc/en/can', 13, 'N'),
       (241, 15, 1, 'New Zealand', 'Auckland', 'http://www.vfsglobal.ca/canada/newzealand/', 14, 'N'),
       (242, 16, 1, 'Azerbaijan', 'Baku', 'https://visa.vfsglobal.com/aze/en/can', 15, 'N'),
       (243, 17, 1, 'Indonesia', 'Bali', 'http://www.vfsglobal.ca/canada/indonesia/english/index.html', 16, 'N'),
       (244, 18, 1, 'Mali', 'Bamako', 'https://visa.vfsglobal.com/mli/en/can', 17, 'N'),
       (245, 19, 1, 'India', 'Bangalore', 'https://www.vfsglobal.ca/canada/india/', 18, 'N'),
       (246, 20, 1, 'Thailand', 'Bangkok', 'https://www.vfsglobal.ca/canada/thailand/', 19, 'N'),
       (247, 21, 1, 'China', 'Beijing', 'https://www.vfsglobal.ca/canada/china/english/index.html', 20, 'N'),
       (248, 22, 1, 'Lebanon', 'Beirut', 'https://visa.vfsglobal.com/lbn/en/can', 21, 'N'),
       (249, 23, 1, 'Serbia', 'Belgrade', 'https://visa.vfsglobal.com/srb/en/can', 22, 'N'),
       (250, 24, 1, 'Germany', 'Berlin', 'https://visa.vfsglobal.com/deu/en/can', 23, 'N'),
       (251, 25, 1, 'Kyrgyzstan', 'Bishkek', 'https://visa.vfsglobal.com/kgz/en/can', 24, 'N'),
       (252, 26, 1, 'Colombia', 'Bogota', 'https://www.vfsglobal.ca/Canada/Colombia/English/index.html', 25, 'N'),
       (253, 27, 1, 'Brazil', 'Brasilia', 'http://www.vfsglobal.ca/canada/brazil/english/index.html', 26, 'N'),
       (254, 28, 1, 'Barbados', 'Bridgetown', 'https://www.vfsglobal.ca/Canada/Barbados/', 27, 'N'),
       (255, 29, 1, 'Romania', 'Bucharest', 'https://visa.vfsglobal.com/rou/en/can', 28, 'N'),
       (256, 30, 1, 'Argentina', 'Buenos Aires', 'http://www.vfsglobal.ca/canada/argentina/english/index.html', 29, 'N'),
       (257, 31, 1, 'Egypt', 'Cairo', 'https://visa.vfsglobal.com/egy/en/can', 30, 'N'),
       (258, 32, 1, 'Colombia', 'Cali', 'https://www.vfsglobal.ca/Canada/Colombia/English/index.html', 31, 'N'),
       (259, 33, 1, 'South Africa', 'Cape Town', 'https://visa.vfsglobal.com/zaf/en/can', 32, 'N'),
       (260, 34, 1, 'Venezuela', 'Caracas', 'https://www.vfsglobal.ca/Canada/Venezuela/English/index.html', 33, 'N'),
       (261, 35, 1, 'Saint Lucia', 'Castries', 'http://www.vfsglobal.ca/Canada/Saint-Lucia', 34, 'N'),
       (262, 36, 1, 'Philippines', 'Cebu', 'https://www.vfsglobal.ca/canada/Philippines/', 35, 'N'),
       (263, 37, 1, 'India', 'Chandigarh', 'https://www.vfsglobal.ca/canada/india/', 36, 'N'),
       (264, 38, 1, 'China', 'Chengdu', 'https://www.vfsglobal.ca/canada/china/english/index.html', 37, 'N'),
       (265, 39, 1, 'India', 'Chennai', 'https://www.vfsglobal.ca/canada/india/', 38, 'N'),
       (266, 40, 1, 'Moldova', 'Chisinau', 'https://visa.vfsglobal.com/mda/en/can', 39, 'N'),
       (267, 41, 1, 'Bangladesh', 'Chittagong', 'http://www.vfsglobal.ca/Canada/bangladesh/index.html', 40, 'N'),
       (268, 42, 1, 'China', 'Chongqing', 'https://www.vfsglobal.ca/canada/china/english/index.html', 41, 'N'),
       (269, 43, 1, 'Sri Lanka', 'Colombo', 'http://www.vfsglobal.ca/canada/srilanka/', 42, 'N'),
       (270, 44, 1, 'Guinea', 'Conakry', 'https://visa.vfsglobal.com/gin/en/can', 43, 'N'),
       (271, 45, 1, 'Senegal', 'Dakar', 'https://visa.vfsglobal.com/sen/en/can', 44, 'N'),
       (272, 46, 1, 'Tanzania', 'Dar es Salaam', 'https://visa.vfsglobal.com/tza/en/can', 45, 'N'),
       (273, 47, 1, 'Bangladesh', 'Dhaka', 'http://www.vfsglobal.ca/Canada/bangladesh/index.html', 46, 'N'),
       (274, 48, 1, 'Qatar', 'Doha', 'https://visa.vfsglobal.com/qat/en/can', 47, 'N'),
       (275, 49, 1, 'United Arab Emirates', 'Dubai', 'https://visa.vfsglobal.com/are/en/can', 48, 'N'),
       (276, 50, 1, 'Ireland', 'Dublin', 'https://visa.vfsglobal.com/irl/en/can', 49, 'N'),
       (277, 51, 1, 'Tajikistan', 'Dushanbe', 'https://visa.vfsglobal.com/tjk/en/can', 50, 'N'),
       (278, 52, 1, 'Germany', 'Dsseldorf', 'https://visa.vfsglobal.com/deu/en/can', 51, 'N'),
       (279, 53, 1, 'Iraq', 'Erbil', 'https://visa.vfsglobal.com/irq/en/can', 52, 'N'),
       (280, 54, 1, 'Guyana', 'Georgetown', 'https://www.vfsglobal.ca/Canada/Guyana/', 53, 'N'),
       (281, 55, 1, 'China', 'Guangzhou', 'https://www.vfsglobal.ca/canada/china/english/index.html', 54, 'N'),
       (282, 56, 1, 'Guatemala', 'Guatemala City', 'https://www.vfsglobal.ca/canada/Guatemala/english/index.html', 55, 'N'),
       (283, 57, 1, 'China', 'Hangzhou', 'https://www.vfsglobal.ca/canada/china/english/index.html', 56, 'N'),
       (284, 58, 1, 'Vietnam', 'Hanoi', 'https://www.vfsglobal.ca/canada/vietnam/index.html', 57, 'N'),
       (285, 59, 1, 'Zimbabwe', 'Harare', 'https://visa.vfsglobal.com/zwe/en/can', 58, 'N'),
       (286, 60, 1, 'Finland', 'Helsinki', 'https://visa.vfsglobal.com/fin/en/can', 59, 'N'),
       (287, 61, 1, 'Vietnam', 'Ho Chi Minh', 'https://www.vfsglobal.ca/canada/vietnam/index.html', 60, 'N'),
       (288, 62, 1, 'Hong Kong SAR', 'Hong Kong', 'http://www.vfsglobal.ca/canada/Hongkong/english/index.html', 61, 'N'),
       (289, 63, 1, 'India', 'Hyderabad', 'https://www.vfsglobal.ca/canada/india/', 62, 'N'),
       (290, 64, 1, 'Pakistan', 'Islamabad', 'https://www.vfsglobal.ca/Canada/Pakistan/', 63, 'N'),
       (291, 65, 1, 'Turkey', 'Istanbul', 'https://visa.vfsglobal.com/tur/en/can', 64, 'N'),
       (292, 66, 1, 'Indonesia', 'Jakarta', 'http://www.vfsglobal.ca/canada/indonesia/english/index.html', 65, 'N'),
       (293, 67, 1, 'India', 'Jalandhar', 'https://www.vfsglobal.ca/canada/india/', 66, 'N'),
       (294, 68, 1, 'Saudi Arabia', 'Jeddah', 'https://visa.vfsglobal.com/sau/en/can', 67, 'N'),
       (295, 69, 1, 'China', 'Jinan', 'https://www.vfsglobal.ca/canada/china/english/index.html', 68, 'N'),
       (296, 70, 1, 'Uganda', 'Kampala', 'https://visa.vfsglobal.com/uga/en/can', 69, 'N'),
       (297, 71, 1, 'Pakistan', 'Karachi', 'https://www.vfsglobal.ca/Canada/Pakistan/', 70, 'N'),
       (298, 72, 1, 'Nepal', 'Kathmandu', 'http://www.vfsglobal.ca/canada/nepal/', 71, 'N'),
       (299, 73, 1, 'Sudan', 'Khartoum', 'https://visa.vfsglobal.com/sdn/en/can/', 72, 'N'),
       (300, 74, 1, 'Rwanda', 'Kigali', 'https://visa.vfsglobal.com/rwa/en/can', 73, 'N'),
       (301, 75, 1, 'Jamaica', 'Kingston', 'https://www.vfsglobal.ca/Canada/Jamaica/', 74, 'N'),
       (302, 76, 1, 'Saint Vincent and the Grenadines', 'Kingstown', 'http://www.vfsglobal.ca/Canada/Saint-Vincent-and-the-Grenadines', 75, 'N'),
       (303, 77, 1, 'Democratic Rep. of Congo', 'Kinshasa', 'https://visa.vfsglobal.com/cod/en/can', 76, 'N'),
       (304, 78, 1, 'India', 'Kolkata', 'https://www.vfsglobal.ca/canada/india/', 77, 'N'),
       (305, 79, 1, 'Malaysia', 'Kuala Lumpur', 'https://www.vfsglobal.ca/canada/malaysia/english/', 78, 'N'),
       (306, 80, 1, 'China', 'Kunming', 'https://www.vfsglobal.ca/canada/china/english/index.html', 79, 'N'),
       (307, 81, 1, 'Kuwait', 'Kuwait City', 'https://visa.vfsglobal.com/kwt/en/can', 80, 'N'),
       (308, 82, 1, 'Ukraine', 'Kyiv', 'https://visa.vfsglobal.com/ukr/en/can', 81, 'N'),
       (309, 83, 1, 'Bolivia', 'La Paz', 'http://www.vfsglobal.ca/Canada/Bolivia/English/', 82, 'N'),
       (310, 84, 1, 'Nigeria', 'Lagos', 'https://visa.vfsglobal.com/nga/en/can', 83, 'N'),
       (311, 85, 1, 'Pakistan', 'Lahore', 'https://www.vfsglobal.ca/Canada/Pakistan/', 84, 'N'),
       (312, 86, 1, 'Peru', 'Lima', 'http://www.vfsglobal.ca/canada/peru/english/index.html', 85, 'N'),
       (313, 87, 1, 'United Kingdom', 'London', 'https://visa.vfsglobal.com/gbr/en/can', 86, 'N'),
       (314, 88, 1, 'United States', 'Los Angeles', 'https://www.vfsglobal.ca/Canada/USA/', 87, 'N'),
       (315, 89, 1, 'Ukraine', 'Lviv', 'https://visa.vfsglobal.com/ukr/en/can', 88, 'N'),
       (316, 90, 1, 'France', 'Lyon', 'https://visa.vfsglobal.com/fra/en/can', 89, 'N'),
       (317, 91, 1, 'Spain', 'Madrid', 'https://visa.vfsglobal.com/esp/en/can', 90, 'N'),
       (318, 92, 1, 'Nicaragua', 'Managua', 'http://www.vfsglobal.ca/canada/Nicaragua/english/index.html', 91, 'N'),
       (319, 93, 1, 'Bahrain', 'Manama', 'https://visa.vfsglobal.com/bhr/en/can', 92, 'N'),
       (320, 94, 1, 'Philippines', 'Manila', 'https://www.vfsglobal.ca/canada/Philippines/', 93, 'N'),
       (321, 95, 1, 'Colombia', 'Medellin', 'https://www.vfsglobal.ca/Canada/Colombia/English/index.html', 94, 'N'),
       (322, 96, 1, 'Australia', 'Melbourne', 'http://www.vfsglobal.ca/canada/australia/', 95, 'N'),
       (323, 97, 1, 'Mexico', 'Mexico City', 'https://www.vfsglobal.ca/canada/Mexico/English/index.html', 96, 'N'),
       (324, 98, 1, 'Jamaica', 'Montego Bay', 'https://www.vfsglobal.ca/Canada/Jamaica/', 97, 'N'),
       (325, 99, 1, 'Uruguay', 'Montevideo', 'http://www.vfsglobal.ca/canada/uruguay/english/index.html', 98, 'N'),
       (326, 100, 1, 'Russia', 'Moscow', 'https://visa.vfsglobal.com/rus/en/can', 99, 'N'),
       (327, 101, 1, 'India', 'Mumbai', 'https://www.vfsglobal.ca/canada/india/', 100, 'N'),
       (328, 102, 1, 'Oman', 'Muscat', 'https://visa.vfsglobal.com/omn/en/can', 101, 'N'),
       (329, 103, 1, 'Kenya', 'Nairobi', 'https://visa.vfsglobal.com/ken/en/can', 102, 'N'),
       (330, 104, 1, 'China', 'Nanjing', 'https://www.vfsglobal.ca/canada/china/english/index.html', 103, 'N'),
       (331, 105, 1, 'India', 'New Delhi', 'https://www.vfsglobal.ca/canada/india/', 104, 'N'),
       (332, 106, 1, 'United States', 'New York', 'https://www.vfsglobal.ca/Canada/USA/', 105, 'N'),
       (333, 107, 1, 'Niger', 'Niamey', 'https://visa.vfsglobal.com/ner/en/can', 106, 'N'),
       (334, 108, 1, 'Russia', 'Novosibirsk', 'https://visa.vfsglobal.com/rus/en/can', 107, 'N'),
       (335, 109, 1, 'Kazakhstan', 'Nur-Sultan', 'https://visa.vfsglobal.com/kaz/en/can', 108, 'N'),
       (336, 110, 1, 'Japan', 'Osaka', 'http://www.vfsglobal.ca/canada/japan/', 109, 'N'),
       (337, 111, 1, 'Burkina Faso', 'Ouagadougou', 'https://visa.vfsglobal.com/bfa/en/can', 110, 'N'),
       (338, 112, 1, 'Panama', 'Panama City', 'http://www.vfsglobal.ca/canada/panama/english/index.html', 111, 'N'),
       (339, 113, 1, 'France', 'Paris', 'https://visa.vfsglobal.com/fra/en/can', 112, 'N'),
       (340, 114, 1, 'Australia', 'Perth', 'http://www.vfsglobal.ca/canada/australia/', 113, 'N'),
       (341, 115, 1, 'Cambodia', 'Phnom Penh', 'http://www.vfsglobal.ca/canada/cambodia/', 114, 'N'),
       (342, 116, 1, 'Mauritius', 'Port Louis', 'https://visa.vfsglobal.com/mus/en/can', 115, 'N'),
       (343, 117, 1, 'Trinidad and Tobago', 'Port of Spain', 'https://www.vfsglobal.ca/Canada/Trinidad-and-Tobago/', 116, 'N'),
       (344, 118, 1, 'Haiti', 'Port-au-Prince', 'https://www.vfsglobal.ca/Canada/Haiti/', 117, 'N'),
       (345, 119, 1, 'Brazil', 'Porto Alegre', 'http://www.vfsglobal.ca/canada/brazil/english/index.html', 118, 'N'),
       (346, 120, 1, 'South Africa', 'Pretoria', 'https://visa.vfsglobal.com/zaf/en/can', 119, 'N'),
       (347, 121, 1, 'Kosovo', 'Pristina', 'https://visa.vfsglobal.com/xkx/en/can', 120, 'N'),
       (348, 122, 1, 'India', 'Pune', 'https://www.vfsglobal.ca/canada/india/', 121, 'N'),
       (349, 123, 1, 'Ecuador', 'Quito', 'http://www.vfsglobal.ca/canada/ecuador/english/index.html', 122, 'N'),
       (350, 124, 1, 'Morocco', 'Rabat', 'https://visa.vfsglobal.com/mar/en/can', 123, 'N'),
       (351, 125, 1, 'Burma (Myanmar)', 'Rangoon (Yangon)', 'http://www.vfsglobal.ca/canada/myanmar/', 124, 'N'),
       (352, 126, 1, 'Brazil', 'Recife', 'http://www.vfsglobal.ca/canada/brazil/english/index.html', 125, 'N'),
       (353, 127, 1, 'Brazil', 'Rio de Janeiro', 'http://www.vfsglobal.ca/canada/brazil/english/index.html', 126, 'N'),
       (354, 128, 1, 'Saudi Arabia', 'Riyadh', 'https://visa.vfsglobal.com/sau/en/can', 127, 'N'),
       (355, 129, 1, 'Italy', 'Rome', 'https://visa.vfsglobal.com/ita/en/can', 128, 'N'),
       (356, 130, 1, 'Russia', 'Rostov-on-Don', 'https://visa.vfsglobal.com/rus/en/can', 129, 'N'),
       (357, 131, 1, 'Russia', 'Saint Petersburg', 'https://visa.vfsglobal.com/rus/en/can', 130, 'N'),
       (358, 132, 1, 'Costa Rica', 'San Jose', 'http://www.vfsglobal.ca/canada/costarica/english/index.html', 131, 'N'),
       (359, 133, 1, 'El Salvador', 'San Salvador', 'http://www.vfsglobal.ca/canada/elsalvador/english/index.html', 132, 'N'),
       (360, 134, 1, 'Chile', 'Santiago', 'https://www.vfsglobal.ca/Canada/Chile/', 133, 'N'),
       (361, 135, 1, 'Dominican Republic', 'Santo Domingo', 'https://www.vfsglobal.ca/Canada/DominicanRepublic/index.html', 134, 'N'),
       (362, 136, 1, 'Brazil', 'Sao Paulo', 'http://www.vfsglobal.ca/canada/brazil/english/index.html', 135, 'N'),
       (363, 137, 1, 'Bosnia and Herzegovina', 'Sarajevo', 'https://visa.vfsglobal.com/bih/en/can', 136, 'N'),
       (364, 138, 1, 'South Korea', 'Seoul', 'http://www.vfsglobal.ca/canada/korea/english/index.html', 137, 'N'),
       (365, 139, 1, 'China', 'Shanghai', 'https://www.vfsglobal.ca/canada/china/english/index.html', 138, 'N'),
       (366, 140, 1, 'China', 'Shenyang', 'https://www.vfsglobal.ca/canada/china/english/index.html', 139, 'N'),
       (367, 141, 1, 'Singapore', 'Singapore', 'http://www.vfsglobal.ca/canada/singapore/', 140, 'N'),
       (368, 142, 1, 'Macedonia', 'Skopje', 'https://visa.vfsglobal.com/mkd/en/can', 141, 'N'),
       (369, 143, 1, 'Sweden', 'Stockholm', 'https://visa.vfsglobal.com/swe/en/can', 142, 'N'),
       (370, 144, 1, 'Fiji', 'Suva', 'http://www.vfsglobal.ca/canada/fiji/', 143, 'N'),
       (371, 145, 1, 'Australia', 'Sydney', 'http://www.vfsglobal.ca/canada/australia/', 144, 'N'),
       (372, 146, 1, 'Bangladesh', 'Sylhet', 'http://www.vfsglobal.ca/Canada/bangladesh/index.html', 145, 'N'),
       (373, 147, 1, 'Taiwan', 'Taipei', 'http://www.vfsglobal.ca/canada/taiwan/english/index.html', 146, 'N'),
       (374, 148, 1, 'Georgia', 'Tbilisi', 'https://visa.vfsglobal.com/geo/en/can', 147, 'N'),
       (375, 149, 1, 'Honduras', 'Tegucigalpa', 'http://www.vfsglobal.ca/canada/honduras/english/index.html', 148, 'N'),
       (376, 150, 1, 'Israel', 'Tel Aviv', 'https://visa.vfsglobal.com/isr/en/can', 149, 'N'),
       (377, 151, 1, 'The Netherlands', 'The Hague', 'https://visa.vfsglobal.com/nld/en/can', 150, 'N'),
       (378, 152, 1, 'Albania', 'Tirana', 'https://visa.vfsglobal.com/alb/en/can', 151, 'N'),
       (379, 153, 1, 'Japan', 'Tokyo', 'http://www.vfsglobal.ca/canada/japan/', 152, 'N'),
       (380, 154, 1, 'Tunisia', 'Tunis', 'https://visa.vfsglobal.com/tun/en/can', 153, 'N'),
       (381, 155, 1, 'Mongolia', 'Ulaanbaatar', 'http://www.vfsglobal.ca/canada/mongolia/english/index.html', 154, 'N'),
       (382, 156, 1, 'Austria', 'Vienna', 'https://visa.vfsglobal.com/aut/en/can', 155, 'N'),
       (383, 157, 1, 'Russia', 'Vladivostok', 'https://visa.vfsglobal.com/rus/en/can', 156, 'N'),
       (384, 158, 1, 'Poland', 'Warsaw', 'https://visa.vfsglobal.com/pol/en/can', 157, 'N'),
       (385, 159, 1, 'Poland', 'Warsaw Temporary VAC', 'https://visa.vfsglobal.com/pol/en/can', 158, 'N'),
       (386, 160, 1, 'China', 'Wuhan', 'https://www.vfsglobal.ca/canada/china/english/index.html', 159, 'N'),
       (387, 161, 1, 'Cameroon', 'Yaound', 'https://visa.vfsglobal.com/cmr/en/can', 160, 'N'),
       (388, 162, 1, 'Russia', 'Yekaterinburg', 'https://visa.vfsglobal.com/rus/en/can', 161, 'N'),
       (389, 163, 1, 'Armenia', 'Yerevan', 'https://visa.vfsglobal.com/arm/en/can', 162, 'N'),
       (390, 164, 1, NULL, 'Auckland, New Zealand', NULL, 163, 'N'),
       (391, 165, 1, NULL, 'Dubai, UAE.', NULL, 164, 'N'),
       (392, 166, 1, NULL, 'Guangzhou, PRC', NULL, 165, 'N'),
       (393, 167, 1, NULL, 'Ho Chi Minh City,  Vietnam', NULL, 166, 'N'),
       (394, 168, 1, NULL, 'Hong Kong, HK SAR of PRC', NULL, 167, 'N'),
       (395, 169, 1, NULL, 'Noumea, New Caledonia', NULL, 168, 'N'),
       (396, 170, 1, NULL, 'Shanghai, PRC', NULL, 169, 'N'),
       (397, 171, 1, NULL, 'Riyadh, Saudi Arabia', NULL, 170, 'N'),
       (398, 172, 1, NULL, 'Amman, Jordan', NULL, 171, 'N'),
       (399, 173, 1, NULL, 'Ankara, Turkey', NULL, 172, 'N'),
       (400, 174, 1, NULL, 'Athens, Greece', NULL, 173, 'N'),
       (401, 175, 1, NULL, 'Bangkok, Thailand', NULL, 174, 'N'),
       (402, 176, 1, NULL, 'Beijing, PRC', NULL, 175, 'N'),
       (403, 177, 1, NULL, 'Beirut, Lebanon', NULL, 176, 'N'),
       (404, 178, 1, NULL, 'Belgrade, Serbia', NULL, 177, 'N'),
       (405, 179, 1, NULL, 'Berlin, Germany', NULL, 178, 'N'),
       (406, 180, 1, NULL, 'Brasilia, Brazil', NULL, 179, 'N'),
       (407, 181, 1, NULL, 'Buenos Aires, Argentina', NULL, 180, 'N'),
       (408, 182, 1, NULL, 'Cairo, Egypt', NULL, 181, 'N'),
       (409, 183, 1, NULL, 'Dili, Timor Leste', NULL, 182, 'N'),
       (410, 184, 1, NULL, 'Hanoi, Vietnam', NULL, 183, 'N'),
       (411, 185, 1, NULL, 'Jakarta, Indonesia', NULL, 184, 'N'),
       (412, 186, 1, NULL, 'Madrid, Spain', NULL, 185, 'N'),
       (413, 187, 1, NULL, 'Manila, Philippines', NULL, 186, 'N'),
       (414, 188, 1, NULL, 'Mexico City, Mexico', NULL, 187, 'N'),
       (415, 189, 1, NULL, 'Moscow, Russian Federation', NULL, 188, 'N'),
       (416, 190, 1, NULL, 'Phnom Penh, Cambodia', NULL, 189, 'N'),
       (417, 191, 1, NULL, 'Santiago, Chile', NULL, 190, 'N'),
       (418, 192, 1, NULL, 'Seoul, Republic of Korea', NULL, 191, 'N'),
       (419, 193, 1, NULL, 'Tehran, Iran', NULL, 192, 'N'),
       (420, 194, 1, NULL, 'Tel Aviv, Israel', NULL, 193, 'N'),
       (421, 195, 1, NULL, 'Tokyo, Japan', NULL, 194, 'N'),
       (422, 196, 1, NULL, 'Vienna, Austria', NULL, 195, 'N'),
       (423, 197, 1, NULL, 'Vientiane, Laos', NULL, 196, 'N'),
       (424, 198, 1, NULL, 'Washington, USA', NULL, 197, 'N'),
       (425, 199, 1, NULL, 'Yangon, Myanmar', NULL, 198, 'N'),
       (426, 200, 1, NULL, 'Apia, Samoa', NULL, 199, 'N'),
       (427, 201, 1, NULL, 'Colombo, Sri Lanka', NULL, 200, 'N'),
       (428, 202, 1, NULL, 'Dhaka, Bangladesh', NULL, 201, 'N'),
       (429, 203, 1, NULL, 'Islamabad, Pakistan', NULL, 202, 'N'),
       (430, 204, 1, NULL, 'Kuala Lumpur, Malaysia', NULL, 203, 'N'),
       (431, 205, 1, NULL, 'London, United Kingdom', NULL, 204, 'N'),
       (432, 206, 1, NULL, 'Nairobi, Kenya', NULL, 205, 'N'),
       (433, 207, 1, NULL, 'New Delhi, India', NULL, 206, 'N'),
       (434, 208, 1, NULL, 'Nuku\'alofa, Tonga', NULL, 207, 'N'),
       (435, 209, 1, NULL, 'Ottawa, Canada', NULL, 208, 'N'),
       (436, 210, 1, NULL, 'Port Louis, Mauritius', NULL, 209, 'N'),
       (437, 211, 1, NULL, 'Port Moresby, PNG', NULL, 210, 'N'),
       (438, 212, 1, NULL, 'Pretoria, South Africa', NULL, 211, 'N'),
       (439, 213, 1, NULL, 'Suva, Fiji', NULL, 212, 'N'),
       (440, 214, 1, NULL, 'Port Vila, Vanuatu', NULL, 213, 'N'),
       (441, 215, 1, NULL, 'Zimbabwe', NULL, 214, 'N'),
       (442, 216, 1, NULL, 'Sydney, Australia', NULL, 215, 'N'),
       (443, 217, 1, NULL, 'Parramatta, Australia', NULL, 216, 'N'),
       (444, 218, 1, NULL, 'Darwin, Australia', NULL, 217, 'N'),
       (445, 219, 1, NULL, 'Brisbane, Australia', NULL, 218, 'N'),
       (446, 220, 1, NULL, 'Cairns, Australia', NULL, 219, 'N'),
       (447, 221, 1, NULL, 'Thursday Is. Australia', NULL, 220, 'N'),
       (448, 222, 1, NULL, 'Adelaide, Australia', NULL, 221, 'N'),
       (449, 223, 1, NULL, 'Hobart, Australia', NULL, 222, 'N'),
       (450, 224, 1, NULL, 'Melbourne, Australia', NULL, 223, 'N'),
       (451, 225, 1, NULL, 'Dandenong, Australia', NULL, 224, 'N'),
       (452, 226, 1, NULL, 'Perth, Australia', NULL, 225, 'N'),
       (453, NULL, 0, NULL, 'Hanoi, Vietnam', NULL, 226, 'N'),
       (454, NULL, 0, NULL, 'Port Vila, Vanuatu', NULL, 227, 'N'),
       (455, NULL, 1, NULL, 'Hanoi, Vietnam', NULL, 226, 'N'),
       (456, NULL, 1, NULL, 'Port Vila, Vanuatu', NULL, 227, 'N');
/*!40000 ALTER TABLE `client_vac`
    ENABLE KEYS */;
UNLOCK TABLES;

--
-- Table structure for table `clients`
--

DROP TABLE IF EXISTS `clients`;
/*!40101 SET @saved_cs_client = @@character_set_client */;
/*!50503 SET character_set_client = utf8mb4 */;
CREATE TABLE `clients`
(
    `client_id`                                  bigint NOT NULL AUTO_INCREMENT,
    `member_id`                                  bigint            DEFAULT NULL,
    `client_type_id`                             int unsigned      DEFAULT NULL,
    `applicant_type_id`                          int unsigned      DEFAULT NULL,
    `employer_sponsorship_case_id`               bigint            DEFAULT NULL,
    `added_by_member_id`                         bigint NOT NULL   DEFAULT '0',
    `fileNumber`                                 varchar(32)       DEFAULT NULL,
    `case_number_of_parent_client`               smallint unsigned DEFAULT NULL,
    `case_number_in_company`                     smallint unsigned DEFAULT NULL,
    `case_number_with_same_case_type_in_company` smallint unsigned DEFAULT NULL,
    `agent_id`                                   bigint NOT NULL   DEFAULT '0',
    `forms_locked`                               int    NOT NULL   DEFAULT '0',
    `modified_by`                                bigint            DEFAULT NULL,
    `modified_on`                                datetime          DEFAULT NULL,
    PRIMARY KEY (`client_id`),
    KEY `FK_clients_1` (`member_id`),
    KEY `FK_clients_client_types` (`client_type_id`),
    KEY `FK_clients_applicant_types` (`applicant_type_id`),
    KEY `fileNumber` (`fileNumber`),
    KEY `FK_clients_members` (`modified_by`),
    KEY `FK_clients_members_2` (`employer_sponsorship_case_id`),
    CONSTRAINT `FK_clients_1` FOREIGN KEY (`member_id`) REFERENCES `members` (`member_id`) ON DELETE CASCADE ON UPDATE CASCADE,
    CONSTRAINT `FK_clients_applicant_types` FOREIGN KEY (`applicant_type_id`) REFERENCES `applicant_types` (`applicant_type_id`) ON DELETE CASCADE ON UPDATE CASCADE,
    CONSTRAINT `FK_clients_client_types` FOREIGN KEY (`client_type_id`) REFERENCES `client_types` (`client_type_id`) ON DELETE CASCADE ON UPDATE CASCADE,
    CONSTRAINT `FK_clients_members` FOREIGN KEY (`modified_by`) REFERENCES `members` (`member_id`) ON DELETE SET NULL ON UPDATE CASCADE,
    CONSTRAINT `FK_clients_members_2` FOREIGN KEY (`employer_sponsorship_case_id`) REFERENCES `members` (`member_id`) ON DELETE SET NULL ON UPDATE CASCADE
) ENGINE = InnoDB
  DEFAULT CHARSET = utf8mb3;
/*!40101 SET character_set_client = @saved_cs_client */;

--
-- Dumping data for table `clients`
--

LOCK TABLES `clients` WRITE;
/*!40000 ALTER TABLE `clients`
    DISABLE KEYS */;
/*!40000 ALTER TABLE `clients`
    ENABLE KEYS */;
UNLOCK TABLES;

--
-- Table structure for table `clients_import`
--

DROP TABLE IF EXISTS `clients_import`;
/*!40101 SET @saved_cs_client = @@character_set_client */;
/*!50503 SET character_set_client = utf8mb4 */;
CREATE TABLE `clients_import`
(
    `id`              int unsigned     NOT NULL AUTO_INCREMENT,
    `company_id`      bigint           NOT NULL,
    `creator_id`      bigint                    DEFAULT NULL,
    `file_name`       varchar(255)     NOT NULL,
    `mapping`         text             NOT NULL,
    `step`            tinyint unsigned NOT NULL,
    `is_bcpnp_import` enum ('Y','N')   NOT NULL DEFAULT 'N',
    PRIMARY KEY (`id`),
    KEY `FK1_company_id_to_clients_import` (`company_id`),
    KEY `FK2_creator_id_to_members` (`creator_id`),
    CONSTRAINT `FK1_company_id_to_clients_import` FOREIGN KEY (`company_id`) REFERENCES `company` (`company_id`) ON DELETE CASCADE ON UPDATE CASCADE,
    CONSTRAINT `FK2_creator_id_to_members` FOREIGN KEY (`creator_id`) REFERENCES `members` (`member_id`) ON DELETE SET NULL ON UPDATE CASCADE
) ENGINE = InnoDB
  DEFAULT CHARSET = utf8mb3;
/*!40101 SET character_set_client = @saved_cs_client */;

--
-- Dumping data for table `clients_import`
--

LOCK TABLES `clients_import` WRITE;
/*!40000 ALTER TABLE `clients_import`
    DISABLE KEYS */;
/*!40000 ALTER TABLE `clients_import`
    ENABLE KEYS */;
UNLOCK TABLES;

--
-- Table structure for table `comms_sms_queue`
--

DROP TABLE IF EXISTS `comms_sms_queue`;
/*!40101 SET @saved_cs_client = @@character_set_client */;
/*!50503 SET character_set_client = utf8mb4 */;
CREATE TABLE `comms_sms_queue`
(
    `id`       int          NOT NULL AUTO_INCREMENT,
    `number`   varchar(20)  NOT NULL,
    `message`  varchar(200) NOT NULL,
    `email`    varchar(200) NOT NULL,
    `attempts` tinyint(1)   NOT NULL DEFAULT '0',
    PRIMARY KEY (`id`)
) ENGINE = InnoDB
  DEFAULT CHARSET = utf8mb3;
/*!40101 SET character_set_client = @saved_cs_client */;

--
-- Dumping data for table `comms_sms_queue`
--

LOCK TABLES `comms_sms_queue` WRITE;
/*!40000 ALTER TABLE `comms_sms_queue`
    DISABLE KEYS */;
/*!40000 ALTER TABLE `comms_sms_queue`
    ENABLE KEYS */;
UNLOCK TABLES;

--
-- Table structure for table `company`
--

DROP TABLE IF EXISTS `company`;
/*!40101 SET @saved_cs_client = @@character_set_client */;
/*!50503 SET character_set_client = utf8mb4 */;
CREATE TABLE `company`
(
    `company_id`                     bigint              NOT NULL,
    `company_type_id`                int                 NOT NULL DEFAULT '0',
    `admin_id`                       bigint                       DEFAULT NULL,
    `company_template_id`            int                 NOT NULL DEFAULT '0',
    `companyName`                    varchar(255)        NOT NULL DEFAULT '',
    `company_abn`                    varchar(255)        NOT NULL DEFAULT '',
    `companyLogo`                    varchar(255)        NOT NULL DEFAULT '',
    `city`                           varchar(255)        NOT NULL DEFAULT '',
    `state`                          varchar(255)        NOT NULL DEFAULT '',
    `country`                        int                          DEFAULT NULL,
    `companyEmail`                   varchar(255)        NOT NULL DEFAULT '',
    `phone1`                         varchar(50)         NOT NULL DEFAULT '',
    `phone2`                         varchar(50)         NOT NULL DEFAULT '',
    `contact`                        varchar(50)                  DEFAULT NULL,
    `fax`                            varchar(50)         NOT NULL DEFAULT '',
    `zip`                            varchar(10)         NOT NULL DEFAULT '',
    `address`                        text                NOT NULL,
    `note`                           text,
    `companyCode`                    varchar(50)         NOT NULL DEFAULT '',
    `companyTimeZone`                varchar(255)        NOT NULL DEFAULT '',
    `Status`                         tinyint(1)          NOT NULL DEFAULT '0',
    `regTime`                        int                 NOT NULL DEFAULT '0',
    `last_doc_uploaded`              int                 NOT NULL DEFAULT '0',
    `last_adv_search`                int                 NOT NULL DEFAULT '0',
    `last_calendar_entry`            int                 NOT NULL DEFAULT '0',
    `last_task_written`              int                 NOT NULL DEFAULT '0',
    `last_note_written`              int                 NOT NULL DEFAULT '0',
    `last_accounting_subtab_updated` int                 NOT NULL DEFAULT '0',
    `storage_today`                  bigint unsigned     NOT NULL DEFAULT '0',
    `storage_yesterday`              bigint unsigned     NOT NULL DEFAULT '0',
    `storage_location`               enum ('local','s3') NOT NULL DEFAULT 's3' COMMENT 'Location of company data directories/files. local - data will be saved on server, s3 - will be saved in Amazon S3 bucket.',
    PRIMARY KEY (`company_id`),
    KEY `FK_company_members` (`admin_id`),
    KEY `FK_company_country_master` (`country`),
    CONSTRAINT `FK_company_country_master` FOREIGN KEY (`country`) REFERENCES `country_master` (`countries_id`) ON DELETE SET NULL ON UPDATE CASCADE,
    CONSTRAINT `FK_company_members` FOREIGN KEY (`admin_id`) REFERENCES `members` (`member_id`) ON DELETE SET NULL ON UPDATE CASCADE
) ENGINE = InnoDB
  DEFAULT CHARSET = utf8mb3;
/*!40101 SET character_set_client = @saved_cs_client */;

--
-- Dumping data for table `company`
--

LOCK TABLES `company` WRITE;
/*!40000 ALTER TABLE `company`
    DISABLE KEYS */;
INSERT INTO `company`
VALUES (0, 0, 1, 0, 'Default Company', '', '', '', '', NULL, '', '', '', NULL, '', '', '', NULL, '', '', 1, 0, 1363191910, 0, 0, 1363335623, 1417656404, 0, 120, 120, 'local'),
       (1, 0, 906, 1, 'BC PNP', '', '', 'Vancouver', 'British Columbia', 38, 'company@example.com', '123-123', '', NULL, '', 'V6B 5J3', '450 - 605 Robson St.', '', '', 'America/Los_Angeles', 1, 1435116957, 0, 0, 0, 0, 1457072139, 0, 0, 0, 'local');
/*!40000 ALTER TABLE `company`
    ENABLE KEYS */;
UNLOCK TABLES;

--
-- Table structure for table `company_cmi`
--

DROP TABLE IF EXISTS `company_cmi`;
/*!40101 SET @saved_cs_client = @@character_set_client */;
/*!50503 SET character_set_client = utf8mb4 */;
CREATE TABLE `company_cmi`
(
    `cmi_id`       varchar(255) NOT NULL,
    `regulator_id` varchar(255) NOT NULL,
    `company_id`   bigint DEFAULT NULL,
    PRIMARY KEY (`cmi_id`, `regulator_id`),
    KEY `FK_company_cmi_company` (`company_id`),
    CONSTRAINT `FK_company_cmi_company` FOREIGN KEY (`company_id`) REFERENCES `company` (`company_id`) ON DELETE CASCADE ON UPDATE CASCADE
) ENGINE = InnoDB
  DEFAULT CHARSET = utf8mb3;
/*!40101 SET character_set_client = @saved_cs_client */;

--
-- Dumping data for table `company_cmi`
--

LOCK TABLES `company_cmi` WRITE;
/*!40000 ALTER TABLE `company_cmi`
    DISABLE KEYS */;
/*!40000 ALTER TABLE `company_cmi`
    ENABLE KEYS */;
UNLOCK TABLES;

--
-- Table structure for table `company_details`
--

DROP TABLE IF EXISTS `company_details`;
/*!40101 SET @saved_cs_client = @@character_set_client */;
/*!50503 SET character_set_client = utf8mb4 */;
CREATE TABLE `company_details`
(
    `company_id`                          bigint         NOT NULL,
    `support_and_training`                enum ('Y','N')                      DEFAULT 'Y',
    `payment_term`                        tinyint unsigned                    DEFAULT NULL,
    `paymentech_profile_id`               varchar(255)                        DEFAULT NULL,
    `paymentech_mode_of_payment`          enum ('Visa','Mastercard')          DEFAULT NULL,
    `subscription`                        varchar(255)                        DEFAULT NULL,
    `default_label_office`                varchar(255)                        DEFAULT NULL,
    `default_label_trust_account`         varchar(255)                        DEFAULT NULL,
    `next_billing_date`                   date                                DEFAULT NULL,
    `max_users`                           int unsigned                        DEFAULT NULL,
    `billing_amount`                      double(11, 2)                       DEFAULT NULL,
    `internal_note`                       text,
    `account_created_on`                  date                                DEFAULT NULL,
    `price`                               double(11, 2)                       DEFAULT NULL,
    `gst`                                 double(11, 2)                       DEFAULT NULL,
    `gst_type`                            enum ('auto','included','excluded') DEFAULT 'auto',
    `billed_fee`                          double(11, 2)                       DEFAULT NULL,
    `subscription_fee`                    double(11, 2) unsigned              DEFAULT NULL,
    `support_fee`                         double(11, 2) unsigned              DEFAULT NULL,
    `free_users`                          int unsigned                        DEFAULT NULL,
    `free_clients`                        int unsigned                        DEFAULT '0',
    `extra_users`                         int unsigned                        DEFAULT NULL,
    `free_storage`                        int unsigned                        DEFAULT NULL,
    `use_annotations`                     enum ('Y','N')                      DEFAULT 'N',
    `purged`                              enum ('Y','N') NOT NULL             DEFAULT 'N',
    `purged_details`                      text,
    `remember_default_fields`             enum ('Y','N') NOT NULL             DEFAULT 'Y',
    `show_expiration_dialog_after`        date                                DEFAULT NULL,
    `trial`                               enum ('Y','N')                      DEFAULT 'N',
    `send_mass_email`                     enum ('Y','N') NOT NULL             DEFAULT 'Y',
    `company_website`                     enum ('Y','N') NOT NULL             DEFAULT 'N',
    `allow_import`                        enum ('Y','N') NOT NULL             DEFAULT 'N',
    `allow_import_bcpnp`                  enum ('Y','N') NOT NULL             DEFAULT 'N',
    `allow_export`                        enum ('Y','N') NOT NULL             DEFAULT 'N',
    `allow_multiple_advanced_search_tabs` enum ('Y','N') NOT NULL             DEFAULT 'N',
    `allow_change_case_type`              enum ('Y','N') NOT NULL             DEFAULT 'Y',
    `allow_decision_rationale_tab`        enum ('Y','N') NOT NULL             DEFAULT 'N',
    `decision_rationale_tab_name`         varchar(255)                        DEFAULT 'Draft Notes',
    `time_tracker_enabled`                enum ('Y','N') NOT NULL             DEFAULT 'N' COMMENT 'Toggle for the Client''s Time Tracker',
    `marketplace_module_enabled`          enum ('Y','N') NOT NULL             DEFAULT 'N' COMMENT 'Toggle for the Marketplace module',
    `employers_module_enabled`            enum ('Y','N') NOT NULL             DEFAULT 'N' COMMENT 'Toggle for the Employers module',
    `log_client_changes_enabled`          enum ('Y','N') NOT NULL             DEFAULT 'N' COMMENT 'Toggle to save client profile changes in log',
    `case_number_settings`                text COMMENT 'Case number generation settings',
    `invoice_number_settings`             text COMMENT 'Invoice number generation settings',
    `client_profile_id_settings`          text COMMENT 'Client Profile ID generation settings',
    `templates_settings`                  text COMMENT 'Templates settings (e.g. comfort letter)',
    `advanced_search_rows_max_count`      int            NOT NULL             DEFAULT '3',
    `enable_case_management`              enum ('Y','N') NOT NULL             DEFAULT 'N',
    `loose_task_rules`                    enum ('Y','N') NOT NULL             DEFAULT 'N',
    `hide_inactive_users`                 enum ('Y','N') NOT NULL             DEFAULT 'N',
    `pricing_category_id`                 int unsigned                        DEFAULT NULL,
    `max_receipt_number`                  bigint                              DEFAULT NULL,
    PRIMARY KEY (`company_id`),
    KEY `FK_company_details_pricing_categories` (`pricing_category_id`),
    CONSTRAINT `FK_company_details_company` FOREIGN KEY (`company_id`) REFERENCES `company` (`company_id`) ON DELETE CASCADE ON UPDATE CASCADE,
    CONSTRAINT `FK_company_details_pricing_categories` FOREIGN KEY (`pricing_category_id`) REFERENCES `pricing_categories` (`pricing_category_id`) ON DELETE SET NULL ON UPDATE SET NULL
) ENGINE = InnoDB
  DEFAULT CHARSET = utf8mb3;
/*!40101 SET character_set_client = @saved_cs_client */;

--
-- Dumping data for table `company_details`
--

LOCK TABLES `company_details` WRITE;
/*!40000 ALTER TABLE `company_details`
    DISABLE KEYS */;
INSERT INTO `company_details`
VALUES (1, 'Y', NULL, NULL, NULL, 'ultimate', 'queue', 'client_account', '2099-01-01', NULL, NULL, NULL, NULL, NULL, NULL, 'auto', NULL, NULL, NULL, 10000, 0, NULL, 10000, 'N', 'N', NULL, 'Y', NULL, 'N', 'Y', 'N', 'N', 'N', 'N', 'N', 'Y', 'Y', 'Draft Notes', 'N', 'N', 'N', 'Y', '{\"cn-1\":\"2\",\"cn-2\":\"3\",\"cn-3\":\"4\",\"cn-4\":\"1\",\"cn-5\":\"5\",\"cn-generate-number\":\"generate\",\"cn-subclass\":\"on\",\"cn-include-fixed-prefix\":\"on\",\"cn-include-fixed-prefix-text\":\"15\",\"cn-start-from\":\"on\",\"cn-start-from-text\":\"00000\",\"cn-separator\":\"-\",\"cn-read-only\":\"on\"}', '{\"format\":\"{sequence_number}\",\"start_from\":1}', '{\"enabled\":0,\"start_from\":\"0001\",\"format\":\"{client_id_sequence}\"}', NULL, 10, 'Y', 'N', 'N', NULL, NULL);
/*!40000 ALTER TABLE `company_details`
    ENABLE KEYS */;
UNLOCK TABLES;

--
-- Table structure for table `company_invoice`
--

DROP TABLE IF EXISTS `company_invoice`;
/*!40101 SET @saved_cs_client = @@character_set_client */;
/*!50503 SET character_set_client = utf8mb4 */;
CREATE TABLE `company_invoice`
(
    `company_invoice_id`         int unsigned           NOT NULL AUTO_INCREMENT,
    `prospect_id`                int unsigned                    DEFAULT NULL,
    `company_id`                 bigint                          DEFAULT NULL,
    `product`                    enum ('Officio')       NOT NULL DEFAULT 'Officio',
    `subject`                    char(255)                       DEFAULT NULL,
    `invoice_number`             char(255)                       DEFAULT NULL,
    `subscription_fee`           double(11, 2)                   DEFAULT NULL,
    `discount`                   double(11, 2)                   DEFAULT '0.00',
    `support_fee`                double(11, 2)                   DEFAULT NULL,
    `invoice_date`               date                            DEFAULT NULL,
    `invoice_posted_date`        date                            DEFAULT NULL,
    `free_users`                 int unsigned                    DEFAULT NULL,
    `free_clients`               int unsigned                    DEFAULT '0',
    `free_storage`               double(11, 2) unsigned          DEFAULT NULL,
    `additional_users`           int unsigned                    DEFAULT NULL,
    `additional_users_fee`       double(11, 2)                   DEFAULT NULL,
    `additional_storage`         int unsigned                    DEFAULT NULL,
    `additional_storage_charges` double(11, 2)                   DEFAULT NULL,
    `subtotal`                   double(11, 2)                   DEFAULT NULL,
    `total`                      double(11, 2)                   DEFAULT NULL,
    `message`                    text,
    `tax`                        double(11, 2)                   DEFAULT NULL,
    `mode_of_payment`            enum ('Visa','Mastercard')      DEFAULT NULL,
    `deleted`                    enum ('Y','N')                  DEFAULT 'N',
    `sent_request_to_PT`         enum ('Y','N')                  DEFAULT 'N',
    `last_PT_error_code`         varchar(3)                      DEFAULT NULL,
    `status`                     enum ('C','F','Q','U') NOT NULL DEFAULT 'Q' COMMENT 'C - complete, F - failed, Q - queued, U - unpaid',
    PRIMARY KEY (`company_invoice_id`),
    KEY `company_id` (`company_id`),
    KEY `FK_company_invoice_prospects` (`prospect_id`),
    CONSTRAINT `FK_company_invoice_company` FOREIGN KEY (`company_id`) REFERENCES `company` (`company_id`) ON DELETE CASCADE ON UPDATE CASCADE,
    CONSTRAINT `FK_company_invoice_prospects` FOREIGN KEY (`prospect_id`) REFERENCES `prospects` (`prospect_id`) ON DELETE SET NULL ON UPDATE CASCADE
) ENGINE = InnoDB
  DEFAULT CHARSET = utf8mb3;
/*!40101 SET character_set_client = @saved_cs_client */;

--
-- Dumping data for table `company_invoice`
--

LOCK TABLES `company_invoice` WRITE;
/*!40000 ALTER TABLE `company_invoice`
    DISABLE KEYS */;
/*!40000 ALTER TABLE `company_invoice`
    ENABLE KEYS */;
UNLOCK TABLES;

--
-- Table structure for table `company_marketplace_profiles`
--

DROP TABLE IF EXISTS `company_marketplace_profiles`;
/*!40101 SET @saved_cs_client = @@character_set_client */;
/*!50503 SET character_set_client = utf8mb4 */;
CREATE TABLE `company_marketplace_profiles`
(
    `company_id`                     bigint                                 NOT NULL,
    `marketplace_profile_id`         bigint                                 NOT NULL,
    `marketplace_profile_key`        varchar(255)                                    DEFAULT NULL,
    `marketplace_profile_name`       varchar(255)                                    DEFAULT NULL,
    `marketplace_profile_status`     enum ('active','inactive','suspended') NOT NULL DEFAULT 'inactive',
    `marketplace_profile_old_status` enum ('active','inactive','suspended')          DEFAULT NULL,
    `marketplace_profile_created_on` datetime                               NOT NULL,
    UNIQUE KEY `company_id_marketplace_profile_id` (`company_id`, `marketplace_profile_id`),
    KEY `FK_company_marketplace_profiles_company` (`company_id`),
    CONSTRAINT `FK_company_marketplace_profiles_company` FOREIGN KEY (`company_id`) REFERENCES `company` (`company_id`) ON DELETE CASCADE ON UPDATE CASCADE
) ENGINE = InnoDB
  DEFAULT CHARSET = utf8mb3 COMMENT ='Contains list of MarketPlace profiles assigned to the company.';
/*!40101 SET character_set_client = @saved_cs_client */;

--
-- Dumping data for table `company_marketplace_profiles`
--

LOCK TABLES `company_marketplace_profiles` WRITE;
/*!40000 ALTER TABLE `company_marketplace_profiles`
    DISABLE KEYS */;
/*!40000 ALTER TABLE `company_marketplace_profiles`
    ENABLE KEYS */;
UNLOCK TABLES;

--
-- Table structure for table `company_packages`
--

DROP TABLE IF EXISTS `company_packages`;
/*!40101 SET @saved_cs_client = @@character_set_client */;
/*!50503 SET character_set_client = utf8mb4 */;
CREATE TABLE `company_packages`
(
    `company_id` bigint NOT NULL,
    `package_id` int    NOT NULL,
    PRIMARY KEY (`company_id`, `package_id`),
    CONSTRAINT `FK_company_packages_company` FOREIGN KEY (`company_id`) REFERENCES `company` (`company_id`) ON DELETE CASCADE ON UPDATE CASCADE
) ENGINE = InnoDB
  DEFAULT CHARSET = utf8mb3;
/*!40101 SET character_set_client = @saved_cs_client */;

--
-- Dumping data for table `company_packages`
--

LOCK TABLES `company_packages` WRITE;
/*!40000 ALTER TABLE `company_packages`
    DISABLE KEYS */;
INSERT INTO `company_packages`
VALUES (0, 1),
       (0, 2),
       (0, 3),
       (1, 1),
       (1, 2),
       (1, 3),
       (1, 4);
/*!40000 ALTER TABLE `company_packages`
    ENABLE KEYS */;
UNLOCK TABLES;

--
-- Table structure for table `company_prospect_notes_attachments`
--

DROP TABLE IF EXISTS `company_prospect_notes_attachments`;
/*!40101 SET @saved_cs_client = @@character_set_client */;
/*!50503 SET character_set_client = utf8mb4 */;
CREATE TABLE `company_prospect_notes_attachments`
(
    `id`          int             NOT NULL AUTO_INCREMENT,
    `note_id`     bigint unsigned NOT NULL,
    `prospect_id` bigint       DEFAULT NULL,
    `name`        varchar(255) DEFAULT NULL,
    `size`        int          DEFAULT NULL,
    PRIMARY KEY (`id`),
    KEY `FK_company_prospect_notes_attachments_company_prospects_notes` (`note_id`),
    KEY `FK_company_prospect_notes_attachments_company_prospects` (`prospect_id`),
    CONSTRAINT `FK_client_notes_attachments_company_prospects` FOREIGN KEY (`prospect_id`) REFERENCES `company_prospects` (`prospect_id`) ON DELETE CASCADE ON UPDATE CASCADE,
    CONSTRAINT `FK_client_notes_attachments_company_prospects_notes` FOREIGN KEY (`note_id`) REFERENCES `company_prospects_notes` (`note_id`) ON DELETE CASCADE ON UPDATE CASCADE
) ENGINE = InnoDB
  DEFAULT CHARSET = utf8mb3 COMMENT ='Contains info about attachments in Prospect File Notes';
/*!40101 SET character_set_client = @saved_cs_client */;

--
-- Dumping data for table `company_prospect_notes_attachments`
--

LOCK TABLES `company_prospect_notes_attachments` WRITE;
/*!40000 ALTER TABLE `company_prospect_notes_attachments`
    DISABLE KEYS */;
/*!40000 ALTER TABLE `company_prospect_notes_attachments`
    ENABLE KEYS */;
UNLOCK TABLES;

--
-- Table structure for table `company_prospects`
--

DROP TABLE IF EXISTS `company_prospects`;
/*!40101 SET @saved_cs_client = @@character_set_client */;
/*!50503 SET character_set_client = utf8mb4 */;
CREATE TABLE `company_prospects`
(
    `prospect_id`                 bigint                                 NOT NULL AUTO_INCREMENT,
    `company_id`                  bigint                                          DEFAULT NULL,
    `email`                       varchar(255)                                    DEFAULT NULL,
    `fName`                       varchar(255)                                    DEFAULT NULL,
    `lName`                       varchar(255)                                    DEFAULT NULL,
    `category_pnp`                varchar(255)                                    DEFAULT NULL,
    `category_other`              varchar(255)                                    DEFAULT NULL,
    `qualified`                   enum ('Y','N')                                  DEFAULT NULL,
    `seriousness`                 enum ('A','B','C','D')                          DEFAULT NULL,
    `referred_by`                 varchar(255)                                    DEFAULT NULL,
    `preferred_language`          varchar(255)                                    DEFAULT NULL,
    `agent_id`                    bigint                                          DEFAULT NULL,
    `date_of_birth`               date                                            DEFAULT NULL,
    `spouse_date_of_birth`        date                                            DEFAULT NULL,
    `assessment`                  text,
    `points_skilled_worker`       int unsigned                                    DEFAULT NULL,
    `points_express_entry`        int unsigned                                    DEFAULT NULL,
    `create_date`                 datetime                                        DEFAULT NULL,
    `update_date`                 datetime                                        DEFAULT NULL,
    `mp_prospect_id`              bigint unsigned                                 DEFAULT NULL,
    `mp_prospect_expiration_date` date                                            DEFAULT NULL,
    `visa`                        int unsigned                                    DEFAULT NULL,
    `notes`                       text,
    `status`                      enum ('active','inactive','suspended') NOT NULL DEFAULT 'active',
    `did_not_arrive`              varchar(255)                                    DEFAULT NULL,
    PRIMARY KEY (`prospect_id`),
    KEY `FK_company_prospects_company` (`company_id`),
    KEY `FK_company_prospects_company_default_options` (`visa`),
    KEY `qualified` (`qualified`),
    KEY `status` (`status`),
    KEY `FK_company_prospects_members` (`agent_id`),
    CONSTRAINT `FK_company_prospects_client_categories` FOREIGN KEY (`visa`) REFERENCES `client_categories` (`client_category_id`) ON DELETE SET NULL ON UPDATE CASCADE,
    CONSTRAINT `FK_company_prospects_company` FOREIGN KEY (`company_id`) REFERENCES `company` (`company_id`) ON DELETE CASCADE ON UPDATE CASCADE,
    CONSTRAINT `FK_company_prospects_members` FOREIGN KEY (`agent_id`) REFERENCES `members` (`member_id`) ON DELETE SET NULL ON UPDATE CASCADE
) ENGINE = InnoDB
  DEFAULT CHARSET = utf8mb3;
/*!40101 SET character_set_client = @saved_cs_client */;

--
-- Dumping data for table `company_prospects`
--

LOCK TABLES `company_prospects` WRITE;
/*!40000 ALTER TABLE `company_prospects`
    DISABLE KEYS */;
/*!40000 ALTER TABLE `company_prospects`
    ENABLE KEYS */;
UNLOCK TABLES;

--
-- Table structure for table `company_prospects_activities`
--

DROP TABLE IF EXISTS `company_prospects_activities`;
/*!40101 SET @saved_cs_client = @@character_set_client */;
/*!50503 SET character_set_client = utf8mb4 */;
CREATE TABLE `company_prospects_activities`
(
    `company_id`  bigint   DEFAULT NULL,
    `prospect_id` bigint   DEFAULT NULL,
    `member_id`   bigint   DEFAULT NULL,
    `activity`    enum ('email') NOT NULL,
    `date`        datetime DEFAULT NULL,
    KEY `FK_company_prospects_activities_company` (`company_id`),
    KEY `FK_company_prospects_activities_company_prospects` (`prospect_id`),
    KEY `FK_company_prospects_activities_members` (`member_id`),
    CONSTRAINT `FK_company_prospects_activities_company` FOREIGN KEY (`company_id`) REFERENCES `company` (`company_id`) ON DELETE CASCADE ON UPDATE CASCADE,
    CONSTRAINT `FK_company_prospects_activities_company_prospects` FOREIGN KEY (`prospect_id`) REFERENCES `company_prospects` (`prospect_id`) ON DELETE CASCADE ON UPDATE CASCADE,
    CONSTRAINT `FK_company_prospects_activities_members` FOREIGN KEY (`member_id`) REFERENCES `members` (`member_id`) ON DELETE CASCADE ON UPDATE CASCADE
) ENGINE = InnoDB
  DEFAULT CHARSET = utf8mb3 COMMENT ='Contains list of company prospects activities.';
/*!40101 SET character_set_client = @saved_cs_client */;

--
-- Dumping data for table `company_prospects_activities`
--

LOCK TABLES `company_prospects_activities` WRITE;
/*!40000 ALTER TABLE `company_prospects_activities`
    DISABLE KEYS */;
/*!40000 ALTER TABLE `company_prospects_activities`
    ENABLE KEYS */;
UNLOCK TABLES;

--
-- Table structure for table `company_prospects_categories`
--

DROP TABLE IF EXISTS `company_prospects_categories`;
/*!40101 SET @saved_cs_client = @@character_set_client */;
/*!50503 SET character_set_client = utf8mb4 */;
CREATE TABLE `company_prospects_categories`
(
    `prospect_category_id`               int unsigned   NOT NULL AUTO_INCREMENT,
    `prospect_category_unique_id`        varchar(50)    NOT NULL DEFAULT '',
    `prospect_category_name`             char(255)      NOT NULL,
    `prospect_category_short_name`       char(255)      NOT NULL,
    `prospect_category_show_in_settings` enum ('Y','N') NOT NULL DEFAULT 'Y',
    `prospect_category_order`            tinyint unsigned        DEFAULT '0',
    PRIMARY KEY (`prospect_category_id`)
) ENGINE = InnoDB
  AUTO_INCREMENT = 2
  DEFAULT CHARSET = utf8mb3;
/*!40101 SET character_set_client = @saved_cs_client */;

--
-- Dumping data for table `company_prospects_categories`
--

LOCK TABLES `company_prospects_categories` WRITE;
/*!40000 ALTER TABLE `company_prospects_categories`
    DISABLE KEYS */;
INSERT INTO `company_prospects_categories`
VALUES (1, 'qualified', 'Qualified', 'Qualified', 'Y', 0);
/*!40000 ALTER TABLE `company_prospects_categories`
    ENABLE KEYS */;
UNLOCK TABLES;

--
-- Table structure for table `company_prospects_converted`
--

DROP TABLE IF EXISTS `company_prospects_converted`;
/*!40101 SET @saved_cs_client = @@character_set_client */;
/*!50503 SET character_set_client = utf8mb4 */;
CREATE TABLE `company_prospects_converted`
(
    `prospect_id`        bigint   NOT NULL,
    `member_id`          bigint   NOT NULL,
    `company_invoice_id` int unsigned DEFAULT NULL,
    `converted_on`       datetime NOT NULL,
    UNIQUE KEY `prospect_id_member_id_company_invoice_id` (`prospect_id`, `member_id`, `company_invoice_id`),
    KEY `FK_company_prospects_converted_invoice` (`company_invoice_id`),
    KEY `FK_company_prospects_converted_prospects` (`prospect_id`),
    KEY `FK_company_prospects_converted_members` (`member_id`),
    CONSTRAINT `FK_company_prospects_converted_invoice` FOREIGN KEY (`company_invoice_id`) REFERENCES `company_invoice` (`company_invoice_id`) ON DELETE SET NULL ON UPDATE CASCADE,
    CONSTRAINT `FK_company_prospects_converted_members` FOREIGN KEY (`member_id`) REFERENCES `members` (`member_id`) ON DELETE CASCADE ON UPDATE CASCADE,
    CONSTRAINT `FK_company_prospects_converted_prospects` FOREIGN KEY (`prospect_id`) REFERENCES `company_prospects` (`prospect_id`) ON DELETE CASCADE ON UPDATE CASCADE
) ENGINE = InnoDB
  DEFAULT CHARSET = utf8mb3 COMMENT ='Contains links between company prospects and converted clients + links to invoice.';
/*!40101 SET character_set_client = @saved_cs_client */;

--
-- Dumping data for table `company_prospects_converted`
--

LOCK TABLES `company_prospects_converted` WRITE;
/*!40000 ALTER TABLE `company_prospects_converted`
    DISABLE KEYS */;
/*!40000 ALTER TABLE `company_prospects_converted`
    ENABLE KEYS */;
UNLOCK TABLES;

--
-- Table structure for table `company_prospects_data`
--

DROP TABLE IF EXISTS `company_prospects_data`;
/*!40101 SET @saved_cs_client = @@character_set_client */;
/*!50503 SET character_set_client = utf8mb4 */;
CREATE TABLE `company_prospects_data`
(
    `prospect_id` bigint       NOT NULL,
    `q_field_id`  int unsigned NOT NULL,
    `q_value`     text         NOT NULL,
    PRIMARY KEY (`prospect_id`, `q_field_id`),
    KEY `FK_company_prospects_data_q_fields` (`q_field_id`),
    CONSTRAINT `FK_company_prospects_data_company_prospects` FOREIGN KEY (`prospect_id`) REFERENCES `company_prospects` (`prospect_id`) ON DELETE CASCADE ON UPDATE CASCADE,
    CONSTRAINT `FK_company_prospects_data_q_fields` FOREIGN KEY (`q_field_id`) REFERENCES `company_questionnaires_fields` (`q_field_id`) ON DELETE CASCADE ON UPDATE CASCADE
) ENGINE = InnoDB
  DEFAULT CHARSET = utf8mb3 COMMENT ='Contains company prospects data.';
/*!40101 SET character_set_client = @saved_cs_client */;

--
-- Dumping data for table `company_prospects_data`
--

LOCK TABLES `company_prospects_data` WRITE;
/*!40000 ALTER TABLE `company_prospects_data`
    DISABLE KEYS */;
/*!40000 ALTER TABLE `company_prospects_data`
    ENABLE KEYS */;
UNLOCK TABLES;

--
-- Table structure for table `company_prospects_data_categories`
--

DROP TABLE IF EXISTS `company_prospects_data_categories`;
/*!40101 SET @saved_cs_client = @@character_set_client */;
/*!50503 SET character_set_client = utf8mb4 */;
CREATE TABLE `company_prospects_data_categories`
(
    `prospect_id`          bigint       NOT NULL,
    `prospect_category_id` int unsigned NOT NULL,
    PRIMARY KEY (`prospect_id`, `prospect_category_id`),
    KEY `FK_company_prospects_categories2` (`prospect_category_id`),
    CONSTRAINT `FK_company_prospects_categories2` FOREIGN KEY (`prospect_category_id`) REFERENCES `company_prospects_categories` (`prospect_category_id`) ON DELETE CASCADE ON UPDATE CASCADE,
    CONSTRAINT `FK_company_prospects_categories_1` FOREIGN KEY (`prospect_id`) REFERENCES `company_prospects` (`prospect_id`) ON DELETE CASCADE ON UPDATE CASCADE
) ENGINE = InnoDB
  DEFAULT CHARSET = utf8mb3;
/*!40101 SET character_set_client = @saved_cs_client */;

--
-- Dumping data for table `company_prospects_data_categories`
--

LOCK TABLES `company_prospects_data_categories` WRITE;
/*!40000 ALTER TABLE `company_prospects_data_categories`
    DISABLE KEYS */;
/*!40000 ALTER TABLE `company_prospects_data_categories`
    ENABLE KEYS */;
UNLOCK TABLES;

--
-- Table structure for table `company_prospects_divisions`
--

DROP TABLE IF EXISTS `company_prospects_divisions`;
/*!40101 SET @saved_cs_client = @@character_set_client */;
/*!50503 SET character_set_client = utf8mb4 */;
CREATE TABLE `company_prospects_divisions`
(
    `prospect_id` bigint       NOT NULL,
    `office_id`   int unsigned NOT NULL,
    KEY `FK_company_prospects_divisions_1` (`prospect_id`),
    KEY `FK_company_prospects_divisions_2` (`office_id`),
    KEY `prospect_id_office_id` (`prospect_id`, `office_id`),
    CONSTRAINT `FK_company_prospects_divisions_divisions` FOREIGN KEY (`office_id`) REFERENCES `divisions` (`division_id`) ON DELETE CASCADE ON UPDATE CASCADE,
    CONSTRAINT `FK_company_prospects_divisions_prospects` FOREIGN KEY (`prospect_id`) REFERENCES `company_prospects` (`prospect_id`) ON DELETE CASCADE ON UPDATE CASCADE
) ENGINE = InnoDB
  DEFAULT CHARSET = utf8mb3;
/*!40101 SET character_set_client = @saved_cs_client */;

--
-- Dumping data for table `company_prospects_divisions`
--

LOCK TABLES `company_prospects_divisions` WRITE;
/*!40000 ALTER TABLE `company_prospects_divisions`
    DISABLE KEYS */;
/*!40000 ALTER TABLE `company_prospects_divisions`
    ENABLE KEYS */;
UNLOCK TABLES;

--
-- Table structure for table `company_prospects_invited`
--

DROP TABLE IF EXISTS `company_prospects_invited`;
/*!40101 SET @saved_cs_client = @@character_set_client */;
/*!50503 SET character_set_client = utf8mb4 */;
CREATE TABLE `company_prospects_invited`
(
    `company_id`  bigint   NOT NULL,
    `prospect_id` bigint   NOT NULL,
    `invited_on`  datetime NOT NULL,
    UNIQUE KEY `company_id_prospect_id` (`company_id`, `prospect_id`),
    KEY `FK_company_prospects_invited_company_prospects` (`prospect_id`),
    CONSTRAINT `FK_company_prospects_invited_company` FOREIGN KEY (`company_id`) REFERENCES `company` (`company_id`) ON DELETE CASCADE ON UPDATE CASCADE,
    CONSTRAINT `FK_company_prospects_invited_company_prospects` FOREIGN KEY (`prospect_id`) REFERENCES `company_prospects` (`prospect_id`) ON DELETE CASCADE ON UPDATE CASCADE
) ENGINE = InnoDB
  DEFAULT CHARSET = utf8mb3 COMMENT ='Contains info about prospects invited by companies.';
/*!40101 SET character_set_client = @saved_cs_client */;

--
-- Dumping data for table `company_prospects_invited`
--

LOCK TABLES `company_prospects_invited` WRITE;
/*!40000 ALTER TABLE `company_prospects_invited`
    DISABLE KEYS */;
/*!40000 ALTER TABLE `company_prospects_invited`
    ENABLE KEYS */;
UNLOCK TABLES;

--
-- Table structure for table `company_prospects_job`
--

DROP TABLE IF EXISTS `company_prospects_job`;
/*!40101 SET @saved_cs_client = @@character_set_client */;
/*!50503 SET character_set_client = utf8mb4 */;
CREATE TABLE `company_prospects_job`
(
    `qf_job_id`                            bigint                 NOT NULL AUTO_INCREMENT,
    `prospect_id`                          bigint                 NOT NULL,
    `prospect_type`                        enum ('main','spouse') NOT NULL DEFAULT 'main',
    `qf_job_order`                         int unsigned           NOT NULL DEFAULT '0',
    `qf_job_title`                         varchar(255)           NOT NULL,
    `qf_job_noc`                           varchar(255)                    DEFAULT NULL,
    `qf_job_duration`                      int                    NOT NULL,
    `qf_job_location`                      int                    NOT NULL,
    `qf_job_province`                      int unsigned                    DEFAULT NULL,
    `qf_job_presently_working`             int                    NOT NULL,
    `qf_job_qualified_for_social_security` int unsigned                    DEFAULT NULL,
    `qf_job_employment_type`               varchar(255)                    DEFAULT NULL,
    `qf_job_employer`                      varchar(255)                    DEFAULT NULL,
    `qf_job_text_title`                    varchar(255)                    DEFAULT NULL,
    `qf_job_country_of_employment`         varchar(255)                    DEFAULT NULL,
    `qf_job_start_date`                    date                            DEFAULT NULL,
    `qf_job_end_date`                      date                            DEFAULT NULL,
    `qf_job_resume`                        varchar(255)                    DEFAULT NULL,
    PRIMARY KEY (`qf_job_id`),
    KEY `FK_company_prospects_job_company_prospects` (`prospect_id`),
    CONSTRAINT `FK_company_prospects_job_company_prospects` FOREIGN KEY (`prospect_id`) REFERENCES `company_prospects` (`prospect_id`) ON DELETE CASCADE ON UPDATE CASCADE
) ENGINE = InnoDB
  DEFAULT CHARSET = utf8mb3;
/*!40101 SET character_set_client = @saved_cs_client */;

--
-- Dumping data for table `company_prospects_job`
--

LOCK TABLES `company_prospects_job` WRITE;
/*!40000 ALTER TABLE `company_prospects_job`
    DISABLE KEYS */;
/*!40000 ALTER TABLE `company_prospects_job`
    ENABLE KEYS */;
UNLOCK TABLES;

--
-- Table structure for table `company_prospects_last_access`
--

DROP TABLE IF EXISTS `company_prospects_last_access`;
/*!40101 SET @saved_cs_client = @@character_set_client */;
/*!50503 SET character_set_client = utf8mb4 */;
CREATE TABLE `company_prospects_last_access`
(
    `member_id`   bigint NOT NULL,
    `prospect_id` bigint NOT NULL,
    `access_date` datetime DEFAULT NULL,
    UNIQUE KEY `member_id_prospect_id` (`member_id`, `prospect_id`),
    KEY `FK_company_prospects_last_access_members` (`member_id`),
    KEY `FK_company_prospects_last_access_company_prospects` (`prospect_id`),
    CONSTRAINT `FK_company_prospects_last_access_company_prospects` FOREIGN KEY (`prospect_id`) REFERENCES `company_prospects` (`prospect_id`) ON DELETE CASCADE ON UPDATE CASCADE,
    CONSTRAINT `FK_company_prospects_last_access_members` FOREIGN KEY (`member_id`) REFERENCES `members` (`member_id`) ON DELETE CASCADE ON UPDATE CASCADE
) ENGINE = InnoDB
  DEFAULT CHARSET = utf8mb3 COMMENT ='Last viewed prospects for a specific member';
/*!40101 SET character_set_client = @saved_cs_client */;

--
-- Dumping data for table `company_prospects_last_access`
--

LOCK TABLES `company_prospects_last_access` WRITE;
/*!40000 ALTER TABLE `company_prospects_last_access`
    DISABLE KEYS */;
/*!40000 ALTER TABLE `company_prospects_last_access`
    ENABLE KEYS */;
UNLOCK TABLES;

--
-- Table structure for table `company_prospects_noc`
--

DROP TABLE IF EXISTS `company_prospects_noc`;
/*!40101 SET @saved_cs_client = @@character_set_client */;
/*!50503 SET character_set_client = utf8mb4 */;
CREATE TABLE `company_prospects_noc`
(
    `noc_code`        varchar(6)   DEFAULT NULL,
    `noc_admissible`  varchar(20)  DEFAULT NULL,
    `noc_title`       varchar(255) DEFAULT NULL,
    `noc_skill_level` varchar(1)   DEFAULT NULL
) ENGINE = InnoDB
  DEFAULT CHARSET = utf8mb3;
/*!40101 SET character_set_client = @saved_cs_client */;

--
-- Dumping data for table `company_prospects_noc`
--

LOCK TABLES `company_prospects_noc` WRITE;
/*!40000 ALTER TABLE `company_prospects_noc`
    DISABLE KEYS */;
INSERT INTO `company_prospects_noc`
VALUES ('111111', NULL, 'Chief Executive or Managing Director', '1'),
       ('111211', NULL, 'Corporate General Manager', '1'),
       ('111212', NULL, 'Defence Force Senior Officer', '1'),
       ('111311', NULL, 'Local Government Legislator', '1'),
       ('111312', NULL, 'Member of Parliament', '1'),
       ('111399', NULL, 'Legislators nec', '1'),
       ('121111', NULL, 'Aquaculture Farmer', '1'),
       ('121211', NULL, 'Cotton Grower', '1'),
       ('121212', NULL, 'Flower Grower', '1'),
       ('121213', NULL, 'Fruit or Nut Grower', '1'),
       ('121214', NULL, 'Grain, Oilseed or Pasture Grower (Aus) \\ Field Crop Grower (NZ)', '1'),
       ('121215', NULL, 'Grape Grower', '1'),
       ('121216', NULL, 'Mixed Crop Farmer', '1'),
       ('121217', NULL, 'Sugar Cane Grower', '1'),
       ('121218', NULL, 'Turf Grower', '1'),
       ('121221', NULL, 'Vegetable Grower (Aus) \\ Market Gardener (NZ)', '1'),
       ('121299', NULL, 'Crop Farmers nec', '1'),
       ('121311', NULL, 'Apiarist', '1'),
       ('121312', NULL, 'Beef Cattle Farmer', '1'),
       ('121313', NULL, 'Dairy Cattle Farmer', '1'),
       ('121314', NULL, 'Deer Farmer', '1'),
       ('121315', NULL, 'Goat Farmer', '1'),
       ('121316', NULL, 'Horse Breeder', '1'),
       ('121317', NULL, 'Mixed Livestock Farmer', '1'),
       ('121318', NULL, 'Pig Farmer', '1'),
       ('121321', NULL, 'Poultry Farmer', '1'),
       ('121322', NULL, 'Sheep Farmer', '1'),
       ('121399', NULL, 'Livestock Farmers nec', '1'),
       ('121411', NULL, 'Mixed Crop and Livestock Farmer', '1'),
       ('131112', NULL, 'Sales and Marketing Manager', '1'),
       ('131113', NULL, 'Advertising Manager', '1'),
       ('131114', NULL, 'Public Relations Manager', '1'),
       ('132111', NULL, 'Corporate Services Manager', '1'),
       ('132211', NULL, 'Finance Manager', '1'),
       ('132311', NULL, 'Human Resource Manager', '1'),
       ('132411', NULL, 'Policy and Planning Manager', '1'),
       ('132511', NULL, 'Research and Development Manager', '1'),
       ('133111', NULL, 'Construction Project Manager', '1'),
       ('133112', NULL, 'Project Builder', '1'),
       ('133211', NULL, 'Engineering Manager', '1'),
       ('133311', NULL, 'Importer or Exporter', '1'),
       ('133312', NULL, 'Wholesaler', '1'),
       ('133411', NULL, 'Manufacturer', '1'),
       ('133511', NULL, 'Production Manager (Forestry)', '1'),
       ('133512', NULL, 'Production Manager (Manufacturing)', '1'),
       ('133513', NULL, 'Production Manager (Mining)', '1'),
       ('133611', NULL, 'Supply and Distribution Manager', '1'),
       ('133612', NULL, 'Procurement Manager', '1'),
       ('134111', NULL, 'Child Care Centre Manager', '1'),
       ('134211', NULL, 'Medical Administrator (Aus) \\ Medical Superintendent (NZ)', '1'),
       ('134212', NULL, 'Nursing Clinical Director', '1'),
       ('134213', NULL, 'Primary Health Organisation Manager', '1'),
       ('134214', NULL, 'Welfare Centre Manager', '1'),
       ('134299', NULL, 'Health and Welfare Services Managers nec', '1'),
       ('134311', NULL, 'School Principal', '1'),
       ('134411', NULL, 'Faculty Head', '1'),
       ('134412', NULL, 'Regional Education Manager', '1'),
       ('134499', NULL, 'Education Managers nec', '1'),
       ('135111', NULL, 'Chief Information Officer', '1'),
       ('135112', NULL, 'ICT Project Manager', '1'),
       ('135199', NULL, 'ICT Managers nec', '1'),
       ('139111', NULL, 'Commissioned Defence Force Officer', '1'),
       ('139112', NULL, 'Commissioned Fire Officer', '1'),
       ('139113', NULL, 'Commissioned Police Officer', '1'),
       ('139211', NULL, 'Senior Non-commissioned Defence Force Member', '1'),
       ('139911', NULL, 'Arts Administrator or Manager', '1'),
       ('139912', NULL, 'Environmental Manager', '1'),
       ('139913', NULL, 'Laboratory Manager', '1'),
       ('139914', NULL, 'Quality Assurance Manager', '1'),
       ('139915', NULL, 'Sports Administrator', '1'),
       ('139999', NULL, 'Specialist Managers nec', '1'),
       ('211111', NULL, 'Actor', '1'),
       ('211112', NULL, 'Dancer or Choreographer', '1'),
       ('211113', NULL, 'Entertainer or Variety Artist', '1'),
       ('211199', NULL, 'Actors, Dancers and Other Entertainers nec', '1'),
       ('211211', NULL, 'Composer', '1'),
       ('211212', NULL, 'Music Director', '1'),
       ('211213', NULL, 'Musician (Instrumental)', '1'),
       ('211214', NULL, 'Singer', '1'),
       ('211299', NULL, 'Music Professionals nec', '1'),
       ('211311', NULL, 'Photographer', '1'),
       ('211411', NULL, 'Painter (Visual Arts)', '1'),
       ('211412', NULL, 'Potter or Ceramic Artist', '1'),
       ('211413', NULL, 'Sculptor', '1'),
       ('211499', NULL, 'Visual Arts and Crafts Professionals nec', '1'),
       ('212111', NULL, 'Artistic Director', '1'),
       ('212112', NULL, 'Media Producer (excluding Video)', '1'),
       ('212113', NULL, 'Radio Presenter', '1'),
       ('212114', NULL, 'Television Presenter', '1'),
       ('212211', NULL, 'Author', '1'),
       ('212212', NULL, 'Book or Script Editor', '1'),
       ('212311', NULL, 'Art Director (Film, Television or Stage)', '1'),
       ('212312', NULL, 'Director (Film, Television, Radio or Stage)', '1'),
       ('212313', NULL, 'Director of Photography', '1'),
       ('212314', NULL, 'Film and Video Editor', '1'),
       ('212315', NULL, 'Program Director (Television or Radio)', '1'),
       ('212316', NULL, 'Stage Manager', '1'),
       ('212317', NULL, 'Technical Director', '1'),
       ('212318', NULL, 'Video Producer', '1'),
       ('212399', NULL, 'Film, Television, Radio and Stage Directors nec', '1'),
       ('212411', NULL, 'Copywriter', '1'),
       ('212412', NULL, 'Newspaper or Periodical Editor', '1'),
       ('212413', NULL, 'Print Journalist', '1'),
       ('212414', NULL, 'Radio Journalist', '1'),
       ('212415', NULL, 'Technical Writer', '1'),
       ('212416', NULL, 'Television Journalist', '1'),
       ('212499', NULL, 'Journalists and Other Writers nec', '1'),
       ('221111', NULL, 'Accountant (General)', '1'),
       ('221112', NULL, 'Management Accountant', '1'),
       ('221113', NULL, 'Taxation Accountant', '1'),
       ('221211', NULL, 'Company Secretary', '1'),
       ('221212', NULL, 'Corporate Treasurer', '1'),
       ('221213', NULL, 'External Auditor', '1'),
       ('221214', NULL, 'Internal Auditor', '1'),
       ('222211', NULL, 'Financial Market Dealer', '1'),
       ('222212', NULL, 'Futures Trader', '1'),
       ('222213', NULL, 'Stockbroking Dealer', '1'),
       ('222299', NULL, 'Financial Dealers nec', '1'),
       ('222311', NULL, 'Financial Investment Adviser', '1'),
       ('222312', NULL, 'Financial Investment Manager', '1'),
       ('223111', NULL, 'Human Resource Adviser', '1'),
       ('223112', NULL, 'Recruitment Consultant', '1'),
       ('223113', NULL, 'Workplace Relations Adviser', '1'),
       ('223211', NULL, 'ICT Trainer', '1'),
       ('223311', NULL, 'Training and Development Professional', '1'),
       ('224111', NULL, 'Actuary', '1'),
       ('224112', NULL, 'Mathematician', '1'),
       ('224113', NULL, 'Statistician', '1'),
       ('224211', NULL, 'Archivist', '1'),
       ('224212', NULL, 'Gallery or Museum Curator', '1'),
       ('224213', NULL, 'Health Information Manager', '1'),
       ('224214', NULL, 'Records Manager', '1'),
       ('224311', NULL, 'Economist', '1'),
       ('224411', NULL, 'Intelligence Officer', '1'),
       ('224412', NULL, 'Policy Analyst', '1'),
       ('224511', NULL, 'Land Economist', '1'),
       ('224512', NULL, 'Valuer', '1'),
       ('224611', NULL, 'Librarian', '1'),
       ('224711', NULL, 'Management Consultant', '1'),
       ('224712', NULL, 'Organisation and Methods Analyst', '1'),
       ('224911', NULL, 'Electorate Officer', '1'),
       ('224912', NULL, 'Liaison Officer', '1'),
       ('224913', NULL, 'Migration Agent (Aus) \\ Immigration Consultant (NZ)', '1'),
       ('224914', NULL, 'Patents Examiner', '1'),
       ('224999', NULL, 'Information and Organisation Professionals nec', '1'),
       ('225111', NULL, 'Advertising Specialist', '1'),
       ('225112', NULL, 'Market Research Analyst', '1'),
       ('225113', NULL, 'Marketing Specialist', '1'),
       ('225211', NULL, 'ICT Account Manager', '1'),
       ('225212', NULL, 'ICT Business Development Manager', '1'),
       ('225213', NULL, 'ICT Sales Representative', '1'),
       ('225311', NULL, 'Public Relations Professional', '1'),
       ('225411', NULL, 'Sales Representative (Industrial Products)', '1'),
       ('225412', NULL, 'Sales Representative (Medical and Pharmaceutical Products)', '1'),
       ('225499', NULL, 'Technical Sales Representatives nec', '1'),
       ('231111', NULL, 'Aeroplane Pilot', '1'),
       ('231112', NULL, 'Air Traffic Controller', '1'),
       ('231113', NULL, 'Flying Instructor', '1'),
       ('231114', NULL, 'Helicopter Pilot', '1'),
       ('231199', NULL, 'Air Transport Professionals nec', '1'),
       ('231211', NULL, 'Master Fisher', '1'),
       ('231212', NULL, 'Ship\'s Engineer', '1'),
       ('231213', NULL, 'Ship\'s Master', '1'),
       ('231214', NULL, 'Ship\'s Officer', '1'),
       ('231215', NULL, 'Marine Surveyor', '1'),
       ('231299', NULL, 'Marine Transport Professionals nec', '1'),
       ('232111', NULL, 'Architect', '1'),
       ('232112', NULL, 'Landscape Architect', '1'),
       ('232212', NULL, 'Surveyor', '1'),
       ('232213', NULL, 'Cartographer', '1'),
       ('232214', NULL, 'Other Spatial Scientist', '1'),
       ('232311', NULL, 'Fashion Designer', '1'),
       ('232312', NULL, 'Industrial Designer', '1'),
       ('232313', NULL, 'Jewellery Designer', '1'),
       ('232411', NULL, 'Graphic Designer', '1'),
       ('232412', NULL, 'Illustrator', '1'),
       ('232413', NULL, 'Multimedia Designer', '1'),
       ('232414', NULL, 'Web Designer', '1'),
       ('232511', NULL, 'Interior Designer', '1'),
       ('232611', NULL, 'Urban and Regional Planner', '1'),
       ('233111', NULL, 'Chemical Engineer', '1'),
       ('233112', NULL, 'Materials Engineer', '1'),
       ('233211', NULL, 'Civil Engineer', '1'),
       ('233212', NULL, 'Geotechnical Engineer', '1'),
       ('233213', NULL, 'Quantity Surveyor', '1'),
       ('233214', NULL, 'Structural Engineer', '1'),
       ('233215', NULL, 'Transport Engineer', '1'),
       ('233311', NULL, 'Electrical Engineer', '1'),
       ('233411', NULL, 'Electronics Engineer', '1'),
       ('233511', NULL, 'Industrial Engineer', '1'),
       ('233512', NULL, 'Mechanical Engineer', '1'),
       ('233513', NULL, 'Production or Plant Engineer', '1'),
       ('233611', NULL, 'Mining Engineer (excluding Petroleum)', '1'),
       ('233612', NULL, 'Petroleum Engineer', '1'),
       ('233911', NULL, 'Aeronautical Engineer', '1'),
       ('233912', NULL, 'Agricultural Engineer', '1'),
       ('233913', NULL, 'Biomedical Engineer', '1'),
       ('233914', NULL, 'Engineering Technologist', '1'),
       ('233915', NULL, 'Environmental Engineer', '1'),
       ('233916', NULL, 'Naval Architect (Aus) \\ Marine Designer (NZ)', '1'),
       ('233999', NULL, 'Engineering Professionals nec', '1'),
       ('234111', NULL, 'Agricultural Consultant', '1'),
       ('234112', NULL, 'Agricultural Scientist', '1'),
       ('234113', NULL, 'Forester (Aus) \\ Forest Scientist (NZ)', '1'),
       ('234211', NULL, 'Chemist', '1'),
       ('234212', NULL, 'Food Technologist', '1'),
       ('234213', NULL, 'Wine Maker', '1'),
       ('234311', NULL, 'Conservation Officer', '1'),
       ('234312', NULL, 'Environmental Consultant', '1'),
       ('234313', NULL, 'Environmental Research Scientist', '1'),
       ('234314', NULL, 'Park Ranger', '1'),
       ('234399', NULL, 'Environmental Scientists nec', '1'),
       ('234411', NULL, 'Geologist', '1'),
       ('234412', NULL, 'Geophysicist', '1'),
       ('234413', NULL, 'Hydrogeologist', '1'),
       ('234511', NULL, 'Life Scientist (General)', '1'),
       ('234513', NULL, 'Biochemist', '1'),
       ('234514', NULL, 'Biotechnologist', '1'),
       ('234515', NULL, 'Botanist', '1'),
       ('234516', NULL, 'Marine Biologist', '1'),
       ('234517', NULL, 'Microbiologist', '1'),
       ('234518', NULL, 'Zoologist', '1'),
       ('234599', NULL, 'Life Scientists nec', '1'),
       ('234611', NULL, 'Medical Laboratory Scientist', '1'),
       ('234711', NULL, 'Veterinarian', '1'),
       ('234911', NULL, 'Conservator', '1'),
       ('234912', NULL, 'Metallurgist', '1'),
       ('234913', NULL, 'Meteorologist', '1'),
       ('234914', NULL, 'Physicist', '1'),
       ('234915', NULL, 'Exercise Physiologist', '1'),
       ('234999', NULL, 'Natural and Physical Science Professionals nec', '1'),
       ('241111', NULL, 'Early Childhood (Pre-primary School) Teacher', '1'),
       ('241112', NULL, 'Kaiako Kohanga Reo (Maori Language Nest Teacher)', '1'),
       ('241211', NULL, 'Kaiako Kura Kaupapa Maori (Maori-medium Primary School Teacher)', '1'),
       ('241212', NULL, 'Pouako Kura Kaupapa Maori (Maori-medium Primary School Senior Teacher)', '1'),
       ('241213', NULL, 'Primary School Teacher', '1'),
       ('241311', NULL, 'Middle School Teacher (Aus) \\ Intermediate School Teacher (NZ)', '1'),
       ('241411', NULL, 'Secondary School Teacher', '1'),
       ('241511', NULL, 'Special Needs Teacher', '1'),
       ('241512', NULL, 'Teacher of the Hearing Impaired', '1'),
       ('241513', NULL, 'Teacher of the Sight Impaired', '1'),
       ('241599', NULL, 'Special Education Teachers nec', '1'),
       ('242111', NULL, 'University Lecturer', '1'),
       ('242112', NULL, 'University Tutor', '1'),
       ('242211', NULL, 'Vocational Education Teacher (Aus) \\ Polytechnic Teacher (NZ)', '1'),
       ('249111', NULL, 'Education Adviser', '1'),
       ('249112', NULL, 'Education Reviewer', '1'),
       ('249211', NULL, 'Art Teacher (Private Tuition)', '1'),
       ('249212', NULL, 'Dance Teacher (Private Tuition)', '1'),
       ('249213', NULL, 'Drama Teacher (Private Tuition)', '1'),
       ('249214', NULL, 'Music Teacher (Private Tuition)', '1'),
       ('249299', NULL, 'Private Tutors and Teachers nec', '1'),
       ('249311', NULL, 'Teacher of English to Speakers of Other Languages', '1'),
       ('251111', NULL, 'Dietitian', '1'),
       ('251112', NULL, 'Nutritionist', '1'),
       ('251211', NULL, 'Medical Diagnostic Radiographer', '1'),
       ('251212', NULL, 'Medical Radiation Therapist', '1'),
       ('251213', NULL, 'Nuclear Medicine Technologist', '1'),
       ('251214', NULL, 'Sonographer', '1'),
       ('251311', NULL, 'Environmental Health Officer', '1'),
       ('251312', NULL, 'Occupational Health and Safety Adviser', '1'),
       ('251411', NULL, 'Optometrist', '1'),
       ('251412', NULL, 'Orthoptist', '1'),
       ('251511', NULL, 'Hospital Pharmacist', '1'),
       ('251512', NULL, 'Industrial Pharmacist', '1'),
       ('251513', NULL, 'Retail Pharmacist', '1'),
       ('251911', NULL, 'Health Promotion Officer', '1'),
       ('251912', NULL, 'Orthotist or Prosthetist', '1'),
       ('251999', NULL, 'Health Diagnostic and Promotion Professionals nec', '1'),
       ('252111', NULL, 'Chiropractor', '1'),
       ('252112', NULL, 'Osteopath', '1'),
       ('252211', NULL, 'Acupuncturist', '1'),
       ('252212', NULL, 'Homoeopath', '1'),
       ('252213', NULL, 'Naturopath', '1'),
       ('252214', NULL, 'Traditional Chinese Medicine Practitioner', '1'),
       ('252215', NULL, 'Traditional Maori Health Practitioner', '1'),
       ('252299', NULL, 'Complementary Health Therapists nec', '1'),
       ('252311', NULL, 'Dental Specialist', '1'),
       ('252312', NULL, 'Dentist', '1'),
       ('252411', NULL, 'Occupational Therapist', '1'),
       ('252511', NULL, 'Physiotherapist', '1'),
       ('252611', NULL, 'Podiatrist', '1'),
       ('252711', NULL, 'Audiologist', '1'),
       ('252712', NULL, 'Speech Pathologist (Aus) \\ Speech Language Therapist (NZ)', '1'),
       ('253111', NULL, 'General  Practitioner', '1'),
       ('253112', NULL, 'Resident Medical Officer', '1'),
       ('253211', NULL, 'Anaesthetist', '1'),
       ('253311', NULL, 'Specialist Physician (General Medicine)', '1'),
       ('253312', NULL, 'Cardiologist', '1'),
       ('253313', NULL, 'Clinical Haematologist', '1'),
       ('253314', NULL, 'Medical Oncologist', '1'),
       ('253315', NULL, 'Endocrinologist', '1'),
       ('253316', NULL, 'Gastroenterologist', '1'),
       ('253317', NULL, 'Intensive Care Specialist', '1'),
       ('253318', NULL, 'Neurologist', '1'),
       ('253321', NULL, 'Paediatrician', '1'),
       ('253322', NULL, 'Renal Medicine Specialist', '1'),
       ('253323', NULL, 'Rheumatologist', '1'),
       ('253324', NULL, 'Thoracic Medicine Specialist', '1'),
       ('253399', NULL, 'Specialist Physicians nec', '1'),
       ('253411', NULL, 'Psychiatrist', '1'),
       ('253511', NULL, 'Surgeon (General)', '1'),
       ('253512', NULL, 'Cardiothoracic Surgeon', '1'),
       ('253513', NULL, 'Neurosurgeon', '1'),
       ('253514', NULL, 'Orthopaedic Surgeon', '1'),
       ('253515', NULL, 'Otorhinolaryngologist', '1'),
       ('253516', NULL, 'Paediatric Surgeon', '1'),
       ('253517', NULL, 'Plastic and Reconstructive Surgeon', '1'),
       ('253518', NULL, 'Urologist', '1'),
       ('253521', NULL, 'Vascular Surgeon', '1'),
       ('253911', NULL, 'Dermatologist', '1'),
       ('253912', NULL, 'Emergency Medicine Specialist', '1'),
       ('253913', NULL, 'Obstetrician and Gynaecologist', '1'),
       ('253914', NULL, 'Ophthalmologist', '1'),
       ('253915', NULL, 'Pathologist', '1'),
       ('253917', NULL, 'Diagnostic and Interventional Radiologist', '1'),
       ('253918', NULL, 'Radiation Oncologist', '1'),
       ('253999', NULL, 'Medical Practitioners nec', '1'),
       ('254111', NULL, 'Midwife', '1'),
       ('254211', NULL, 'Nurse Educator', '1'),
       ('254212', NULL, 'Nurse Researcher', '1'),
       ('254311', NULL, 'Nurse Manager', '1'),
       ('254411', NULL, 'Nurse Practitioner', '1'),
       ('254412', NULL, 'Registered Nurse (Aged Care)', '1'),
       ('254413', NULL, 'Registered Nurse (Child and Family Health)', '1'),
       ('254414', NULL, 'Registered Nurse (Community Health)', '1'),
       ('254415', NULL, 'Registered Nurse (Critical Care and Emergency)', '1'),
       ('254416', NULL, 'Registered Nurse (Developmental Disability)', '1'),
       ('254417', NULL, 'Registered Nurse (Disability and Rehabilitation)', '1'),
       ('254418', NULL, 'Registered Nurse (Medical)', '1'),
       ('254421', NULL, 'Registered Nurse (Medical Practice)', '1'),
       ('254422', NULL, 'Registered Nurse (Mental Health)', '1'),
       ('254423', NULL, 'Registered Nurse (Perioperative)', '1'),
       ('254424', NULL, 'Registered Nurse (Surgical)', '1'),
       ('254425', NULL, 'Registered Nurse (Paediatrics)', '1'),
       ('254499', NULL, 'Registered Nurses nec', '1'),
       ('261111', NULL, 'ICT Business Analyst', '1'),
       ('261112', NULL, 'Systems Analyst', '1'),
       ('261211', NULL, 'Multimedia Specialist', '1'),
       ('261212', NULL, 'Web Developer', '1'),
       ('261311', NULL, 'Analyst Programmer', '1'),
       ('261312', NULL, 'Developer Programmer', '1'),
       ('261313', NULL, 'Software Engineer', '1'),
       ('261314', NULL, 'Software Tester', '1'),
       ('261399', NULL, 'Software and Applications Programmers nec', '1'),
       ('262111', NULL, 'Database Administrator', '1'),
       ('262112', NULL, 'ICT Security Specialist', '1'),
       ('262113', NULL, 'Systems Administrator', '1'),
       ('263111', NULL, 'Computer Network and Systems Engineer', '1'),
       ('263112', NULL, 'Network Administrator', '1'),
       ('263113', NULL, 'Network Analyst', '1'),
       ('263211', NULL, 'ICT Quality Assurance Engineer', '1'),
       ('263212', NULL, 'ICT Support Engineer', '1'),
       ('263213', NULL, 'ICT Systems Test Engineer', '1'),
       ('263299', NULL, 'ICT Support and Test Engineers nec', '1'),
       ('263311', NULL, 'Telecommunications Engineer', '1'),
       ('263312', NULL, 'Telecommunications Network Engineer', '1'),
       ('271111', NULL, 'Barrister', '1'),
       ('271211', NULL, 'Judge', '1'),
       ('271212', NULL, 'Magistrate', '1'),
       ('271213', NULL, 'Tribunal Member', '1'),
       ('271214', NULL, 'Intellectual Property Lawyer', '1'),
       ('271299', NULL, 'Judicial and Other Legal Professionals nec', '1'),
       ('271311', NULL, 'Solicitor', '1'),
       ('272111', NULL, 'Careers Counsellor', '1'),
       ('272112', NULL, 'Drug and Alcohol Counsellor', '1'),
       ('272113', NULL, 'Family and Marriage Counsellor', '1'),
       ('272114', NULL, 'Rehabilitation Counsellor', '1'),
       ('272115', NULL, 'Student Counsellor', '1'),
       ('272199', NULL, 'Counsellors nec', '1'),
       ('272211', NULL, 'Minister of Religion', '1'),
       ('272311', NULL, 'Clinical Psychologist', '1'),
       ('272312', NULL, 'Educational Psychologist', '1'),
       ('272313', NULL, 'Organisational Psychologist', '1'),
       ('272314', NULL, 'Psychotherapist', '1'),
       ('272399', NULL, 'Psychologists nec', '1'),
       ('272411', NULL, 'Historian', '1'),
       ('272412', NULL, 'Interpreter', '1'),
       ('272413', NULL, 'Translator', '1'),
       ('272414', NULL, 'Archaeologist', '1'),
       ('272499', NULL, 'Social Professionals nec', '1'),
       ('272511', NULL, 'Social Worker', '1'),
       ('272611', NULL, 'Community Arts Worker', '1'),
       ('272612', NULL, 'Recreation Officer (Aus) \\ Recreation Coordinator (NZ)', '1'),
       ('272613', NULL, 'Welfare Worker', '1'),
       ('141111', NULL, 'Cafe or Restaurant Manager', '2'),
       ('141211', NULL, 'Caravan Park and Camping Ground Manager', '2'),
       ('141311', NULL, 'Hotel or Motel Manager', '2'),
       ('141411', NULL, 'Licensed Club Manager', '2'),
       ('141911', NULL, 'Bed and Breakfast Operator', '2'),
       ('141912', NULL, 'Retirement Village Manager', '2'),
       ('141999', NULL, 'Accommodation and Hospitality Managers nec', '2'),
       ('142111', NULL, 'Retail Manager (General)', '2'),
       ('142112', NULL, 'Antique Dealer', '2'),
       ('142113', NULL, 'Betting Agency Manager', '2'),
       ('142114', NULL, 'Hair or Beauty Salon Manager', '2'),
       ('142115', NULL, 'Post Office Manager', '2'),
       ('142116', NULL, 'Travel Agency Manager', '2'),
       ('149111', NULL, 'Amusement Centre Manager', '2'),
       ('149112', NULL, 'Fitness Centre Manager', '2'),
       ('149113', NULL, 'Sports Centre Manager', '2'),
       ('149211', NULL, 'Call or Contact Centre Manager', '2'),
       ('149212', NULL, 'Customer Service Manager', '2'),
       ('149311', NULL, 'Conference and Event Organiser', '2'),
       ('149411', NULL, 'Fleet Manager', '2'),
       ('149412', NULL, 'Railway Station Manager', '2'),
       ('149413', NULL, 'Transport Company Manager', '2'),
       ('149911', NULL, 'Boarding Kennel or Cattery Operator', '2'),
       ('149912', NULL, 'Cinema or Theatre Manager', '2'),
       ('149913', NULL, 'Facilities Manager', '2'),
       ('149914', NULL, 'Financial Institution Branch Manager', '2'),
       ('149915', NULL, 'Equipment Hire Manager', '2'),
       ('149999', NULL, 'Hospitality, Retail and Service Managers nec', '2'),
       ('222111', NULL, 'Commodities Trader', '2'),
       ('222112', NULL, 'Finance Broker', '2'),
       ('222113', NULL, 'Insurance Broker', '2'),
       ('222199', NULL, 'Financial Brokers nec', '2'),
       ('311111', NULL, 'Agricultural Technician', '2'),
       ('311211', NULL, 'Anaesthetic Technician', '2'),
       ('311212', NULL, 'Cardiac Technician', '2'),
       ('311213', NULL, 'Medical Laboratory Technician', '2'),
       ('311214', NULL, 'Operating Theatre Technician', '2'),
       ('311215', NULL, 'Pharmacy Technician', '2'),
       ('311299', NULL, 'Medical Technicians nec', '2'),
       ('311311', NULL, 'Fisheries Officer', '2'),
       ('311312', NULL, 'Meat Inspector', '2'),
       ('311313', NULL, 'Quarantine Officer', '2'),
       ('311399', NULL, 'Primary Products Inspectors nec', '2'),
       ('311411', NULL, 'Chemistry Technician', '2'),
       ('311412', NULL, 'Earth Science Technician', '2'),
       ('311413', NULL, 'Life Science Technician', '2'),
       ('311414', NULL, 'School Laboratory Technician', '2'),
       ('311415', NULL, 'Hydrographer', '2'),
       ('311499', NULL, 'Science Technicians nec', '2'),
       ('312111', NULL, 'Architectural Draftsperson', '2'),
       ('312112', NULL, 'Building Associate', '2'),
       ('312113', NULL, 'Building Inspector', '2'),
       ('312114', NULL, 'Construction Estimator', '2'),
       ('312115', NULL, 'Plumbing Inspector', '2'),
       ('312116', NULL, 'Surveying or Spatial Science Technician', '2'),
       ('312199', NULL, 'Architectural, Building and Surveying Technicians nec', '2'),
       ('312211', NULL, 'Civil Engineering Draftsperson', '2'),
       ('312212', NULL, 'Civil Engineering Technician', '2'),
       ('312311', NULL, 'Electrical Engineering Draftsperson', '2'),
       ('312312', NULL, 'Electrical Engineering Technician', '2'),
       ('312411', NULL, 'Electronic Engineering Draftsperson', '2'),
       ('312412', NULL, 'Electronic Engineering Technician', '2'),
       ('312511', NULL, 'Mechanical Engineering Draftsperson', '2'),
       ('312512', NULL, 'Mechanical Engineering Technician', '2'),
       ('312611', NULL, 'Safety Inspector', '2'),
       ('312911', NULL, 'Maintenance Planner', '2'),
       ('312912', NULL, 'Metallurgical or Materials Technician', '2'),
       ('312913', NULL, 'Mine Deputy', '2'),
       ('312999', NULL, 'Building and Engineering Technicians nec', '2'),
       ('313111', NULL, 'Hardware Technician', '2'),
       ('313112', NULL, 'ICT Customer Support Officer', '2'),
       ('313113', NULL, 'Web Administrator', '2'),
       ('313199', NULL, 'ICT Support Technicians nec', '2'),
       ('313211', NULL, 'Radiocommunications Technician', '2'),
       ('313212', NULL, 'Telecommunications Field Engineer', '2'),
       ('313213', NULL, 'Telecommunications Network Planner', '2'),
       ('313214', NULL, 'Telecommunications Technical Officer or Technologist', '2'),
       ('351311', NULL, 'Chef', '2'),
       ('399311', NULL, 'Gallery or Museum Technician', '2'),
       ('399312', NULL, 'Library Technician', '2'),
       ('399912', NULL, 'Interior Decorator', '2'),
       ('411111', NULL, 'Ambulance Officer', '2'),
       ('411112', NULL, 'Intensive Care Ambulance Paramedic (Aus) \\ Ambulance Paramedic (NZ)', '2'),
       ('411211', NULL, 'Dental Hygienist', '2'),
       ('411212', NULL, 'Dental Prosthetist', '2'),
       ('411213', NULL, 'Dental Technician', '2'),
       ('411214', NULL, 'Dental Therapist', '2'),
       ('411411', NULL, 'Enrolled Nurse', '2'),
       ('411412', NULL, 'Mothercraft Nurse', '2'),
       ('411511', NULL, 'Aboriginal and Torres Strait Islander Health Worker', '2'),
       ('411512', NULL, 'Kaiawhina (Hauora) (Maori Health Assistant)', '2'),
       ('411611', NULL, 'Massage Therapist', '2'),
       ('411711', NULL, 'Community Worker', '2'),
       ('411712', NULL, 'Disabilities Services Officer', '2'),
       ('411713', NULL, 'Family Support Worker', '2'),
       ('411714', NULL, 'Parole or Probation Officer', '2'),
       ('411715', NULL, 'Residential Care Officer', '2'),
       ('411716', NULL, 'Youth Worker', '2'),
       ('441311', NULL, 'Detective', '2'),
       ('441312', NULL, 'Police Officer', '2'),
       ('451311', NULL, 'Funeral Director', '2'),
       ('452321', NULL, 'Sports Development Officer', '2'),
       ('511111', NULL, 'Contract Administrator', '2'),
       ('511112', NULL, 'Program or Project Administrator', '2'),
       ('512111', NULL, 'Office Manager', '2'),
       ('512211', NULL, 'Health Practice Manager', '2'),
       ('512299', NULL, 'Practice Managers nec', '2'),
       ('599111', NULL, 'Conveyancer', '2'),
       ('599112', NULL, 'Legal Executive', '2'),
       ('612113', NULL, 'Real Estate Agency Principal (Aus) \\ Real Estate Agency Licensee (NZ)', '2'),
       ('311216', NULL, 'Pathology Collector (Aus) \\ Phlebotomist (NZ)', '3'),
       ('321111', NULL, 'Automotive Electrician', '3'),
       ('321211', NULL, 'Motor Mechanic (General)', '3'),
       ('321212', NULL, 'Diesel Motor Mechanic', '3'),
       ('321213', NULL, 'Motorcycle Mechanic', '3'),
       ('321214', NULL, 'Small Engine Mechanic', '3'),
       ('322111', NULL, 'Blacksmith', '3'),
       ('322112', NULL, 'Electroplater', '3'),
       ('322113', NULL, 'Farrier', '3'),
       ('322114', NULL, 'Metal Casting Trades Worker', '3'),
       ('322115', NULL, 'Metal Polisher', '3'),
       ('322211', NULL, 'Sheetmetal Trades Worker', '3'),
       ('322311', NULL, 'Metal Fabricator', '3'),
       ('322312', NULL, 'Pressure Welder', '3'),
       ('322313', NULL, 'Welder (First Class) (Aus) \\ Welder (NZ)', '3'),
       ('323111', NULL, 'Aircraft Maintenance Engineer (Avionics)', '3'),
       ('323112', NULL, 'Aircraft Maintenance Engineer (Mechanical)', '3'),
       ('323113', NULL, 'Aircraft Maintenance Engineer (Structures)', '3'),
       ('323211', NULL, 'Fitter (General)', '3'),
       ('323212', NULL, 'Fitter and Turner', '3'),
       ('323213', NULL, 'Fitter-Welder', '3'),
       ('323214', NULL, 'Metal Machinist (First Class)', '3'),
       ('323215', NULL, 'Textile, Clothing and Footwear Mechanic', '3'),
       ('323299', NULL, 'Metal Fitters and Machinists nec', '3'),
       ('323311', NULL, 'Engraver', '3'),
       ('323312', NULL, 'Gunsmith', '3'),
       ('323313', NULL, 'Locksmith', '3'),
       ('323314', NULL, 'Precision Instrument Maker and Repairer', '3'),
       ('323315', NULL, 'Saw Maker and Repairer', '3'),
       ('323316', NULL, 'Watch and Clock Maker and Repairer', '3'),
       ('323411', NULL, 'Engineering Patternmaker', '3'),
       ('323412', NULL, 'Toolmaker', '3'),
       ('324111', NULL, 'Panelbeater', '3'),
       ('324211', NULL, 'Vehicle Body Builder', '3'),
       ('324212', NULL, 'Vehicle Trimmer', '3'),
       ('324311', NULL, 'Vehicle Painter', '3'),
       ('331111', NULL, 'Bricklayer', '3'),
       ('331112', NULL, 'Stonemason', '3'),
       ('331211', NULL, 'Carpenter and Joiner', '3'),
       ('331212', NULL, 'Carpenter', '3'),
       ('331213', NULL, 'Joiner', '3'),
       ('332111', NULL, 'Floor Finisher', '3'),
       ('332211', NULL, 'Painting Trades Worker', '3'),
       ('333111', NULL, 'Glazier', '3'),
       ('333211', NULL, 'Fibrous Plasterer', '3'),
       ('333212', NULL, 'Solid Plasterer', '3'),
       ('333311', NULL, 'Roof Tiler', '3'),
       ('333411', NULL, 'Wall and Floor Tiler', '3'),
       ('334111', NULL, 'Plumber (General)', '3'),
       ('334112', NULL, 'Airconditioning and Mechanical Services Plumber', '3'),
       ('334113', NULL, 'Drainer (Aus) \\ Drainlayer (NZ)', '3'),
       ('334114', NULL, 'Gasfitter', '3'),
       ('334115', NULL, 'Roof Plumber', '3'),
       ('341111', NULL, 'Electrician (General)', '3'),
       ('341112', NULL, 'Electrician (Special Class)', '3'),
       ('341113', NULL, 'Lift Mechanic', '3'),
       ('342111', NULL, 'Airconditioning and Refrigeration Mechanic', '3'),
       ('342211', NULL, 'Electrical Linesworker (Aus) \\ Electrical Line Mechanic (NZ)', '3'),
       ('342212', NULL, 'Technical Cable Jointer', '3'),
       ('342311', NULL, 'Business Machine Mechanic', '3'),
       ('342312', NULL, 'Communications Operator', '3'),
       ('342313', NULL, 'Electronic Equipment Trades Worker', '3'),
       ('342314', NULL, 'Electronic Instrument Trades Worker (General)', '3'),
       ('342315', NULL, 'Electronic Instrument Trades Worker (Special Class)', '3'),
       ('342411', NULL, 'Cabler (Data and Telecommunications)', '3'),
       ('342412', NULL, 'Telecommunications Cable Jointer', '3'),
       ('342413', NULL, 'Telecommunications Linesworker (Aus) \\ Telecommunications Line Mechanic (NZ)', '3'),
       ('342414', NULL, 'Telecommunications Technician', '3'),
       ('351111', NULL, 'Baker', '3'),
       ('351112', NULL, 'Pastrycook', '3'),
       ('351211', NULL, 'Butcher or Smallgoods Maker', '3'),
       ('351411', NULL, 'Cook', '3'),
       ('361111', NULL, 'Dog Handler or Trainer', '3'),
       ('361112', NULL, 'Horse Trainer', '3'),
       ('361113', NULL, 'Pet Groomer', '3'),
       ('361114', NULL, 'Zookeeper', '3'),
       ('361115', NULL, 'Kennel Hand', '3'),
       ('361199', NULL, 'Animal Attendants and Trainers nec', '3'),
       ('361211', NULL, 'Shearer', '3'),
       ('361311', NULL, 'Veterinary Nurse', '3'),
       ('362111', NULL, 'Florist', '3'),
       ('362211', NULL, 'Gardener (General)', '3'),
       ('362212', NULL, 'Arborist', '3'),
       ('362213', NULL, 'Landscape Gardener', '3'),
       ('362311', NULL, 'Greenkeeper', '3'),
       ('362411', NULL, 'Nurseryperson', '3'),
       ('391111', NULL, 'Hairdresser', '3'),
       ('392111', NULL, 'Print Finisher', '3'),
       ('392112', NULL, 'Screen Printer', '3'),
       ('392211', NULL, 'Graphic Pre-press Trades Worker', '3'),
       ('392311', NULL, 'Printing Machinist', '3'),
       ('392312', NULL, 'Small Offset Printer', '3'),
       ('393111', NULL, 'Canvas Goods Fabricator', '3'),
       ('393112', NULL, 'Leather Goods Maker', '3'),
       ('393113', NULL, 'Sail Maker', '3'),
       ('393114', NULL, 'Shoemaker', '3'),
       ('393211', NULL, 'Apparel Cutter', '3'),
       ('393212', NULL, 'Clothing Patternmaker', '3'),
       ('393213', NULL, 'Dressmaker or Tailor', '3'),
       ('393299', NULL, 'Clothing Trades Workers nec', '3'),
       ('393311', NULL, 'Upholsterer', '3'),
       ('394111', NULL, 'Cabinetmaker', '3'),
       ('394211', NULL, 'Furniture Finisher', '3'),
       ('394212', NULL, 'Picture Framer', '3'),
       ('394213', NULL, 'Wood Machinist', '3'),
       ('394214', NULL, 'Wood Turner', '3'),
       ('394299', NULL, 'Wood Machinists and Other Wood Trades Workers nec', '3'),
       ('399111', NULL, 'Boat Builder and Repairer', '3'),
       ('399112', NULL, 'Shipwright', '3'),
       ('399211', NULL, 'Chemical Plant Operator', '3'),
       ('399212', NULL, 'Gas or Petroleum Operator', '3'),
       ('399213', NULL, 'Power Generation Plant Operator', '3'),
       ('399411', NULL, 'Jeweller', '3'),
       ('399511', NULL, 'Broadcast Transmitter Operator', '3'),
       ('399512', NULL, 'Camera Operator (Film, Television or Video)', '3'),
       ('399513', NULL, 'Light Technician', '3'),
       ('399514', NULL, 'Make Up Artist', '3'),
       ('399515', NULL, 'Musical Instrument Maker or Repairer', '3'),
       ('399516', NULL, 'Sound Technician', '3'),
       ('399517', NULL, 'Television Equipment Operator', '3'),
       ('399599', NULL, 'Performing Arts Technicians nec', '3'),
       ('399611', NULL, 'Signwriter', '3'),
       ('399911', NULL, 'Diver', '3'),
       ('399913', NULL, 'Optical Dispenser (Aus) \\ Dispensing Optician (NZ)', '3'),
       ('399914', NULL, 'Optical Mechanic', '3'),
       ('399915', NULL, 'Photographer\'s Assistant', '3'),
       ('399916', NULL, 'Plastics Technician', '3'),
       ('399917', NULL, 'Wool Classer', '3'),
       ('399918', NULL, 'Fire Protection Equipment Technician', '3'),
       ('399999', NULL, 'Technicians and Trades Workers nec', '3'),
       ('411311', NULL, 'Diversional Therapist', '3'),
       ('431411', NULL, 'Hotel Service Manager', '3'),
       ('441111', NULL, 'Defence Force Member - Other Ranks', '3'),
       ('441211', NULL, 'Emergency Service Worker', '3'),
       ('441212', NULL, 'Fire Fighter', '3'),
       ('442216', NULL, 'Security Consultant', '3'),
       ('451211', NULL, 'Driving Instructor', '3'),
       ('451399', NULL, 'Funeral Workers nec', '3'),
       ('451711', NULL, 'Flight Attendant', '3'),
       ('451799', NULL, 'Travel Attendants nec', '3'),
       ('451815', NULL, 'First Aid Trainer', '3'),
       ('452311', NULL, 'Diving Instructor (Open Water)', '3'),
       ('452312', NULL, 'Gymnastics Coach or Instructor', '3'),
       ('452313', NULL, 'Horse Riding Coach or Instructor', '3'),
       ('452314', NULL, 'Snowsport Instructor', '3'),
       ('452315', NULL, 'Swimming Coach or Instructor', '3'),
       ('452316', NULL, 'Tennis Coach', '3'),
       ('452317', NULL, 'Other Sports Coach or Instructor', '3'),
       ('452318', NULL, 'Dog or Horse Racing Official', '3'),
       ('452322', NULL, 'Sports Umpire', '3'),
       ('452323', NULL, 'Other Sports Official', '3'),
       ('452411', NULL, 'Footballer', '3'),
       ('452412', NULL, 'Golfer', '3'),
       ('452413', NULL, 'Jockey', '3'),
       ('452414', NULL, 'Lifeguard', '3'),
       ('452499', NULL, 'Sportspersons nec', '3'),
       ('521111', NULL, 'Personal Assistant', '3'),
       ('521211', NULL, 'Secretary (General)', '3'),
       ('521212', NULL, 'Legal Secretary', '3'),
       ('541111', NULL, 'Call or Contact Centre Team Leader', '3'),
       ('599211', NULL, 'Clerk of Court', '3'),
       ('599212', NULL, 'Court Bailiff or Sheriff (Aus) \\ Court Collections Officer (NZ)', '3'),
       ('599213', NULL, 'Court Orderly (Aus) \\ Court Registry Officer (NZ)', '3'),
       ('599214', NULL, 'Law Clerk', '3'),
       ('599215', NULL, 'Trust Officer', '3'),
       ('599611', NULL, 'Insurance Investigator', '3'),
       ('599612', NULL, 'Insurance Loss Adjuster', '3'),
       ('599613', NULL, 'Insurance Risk Surveyor', '3'),
       ('599915', NULL, 'Clinical Coder', '3'),
       ('611111', NULL, 'Auctioneer', '3'),
       ('611112', NULL, 'Stock and Station Agent', '3'),
       ('611211', NULL, 'Insurance Agent', '3'),
       ('612111', NULL, 'Business Broker', '3'),
       ('612112', NULL, 'Property Manager', '3'),
       ('612114', NULL, 'Real Estate Agent', '3'),
       ('612115', NULL, 'Real Estate Representative', '3'),
       ('639211', NULL, 'Retail Buyer', '3'),
       ('639212', NULL, 'Wool Buyer', '3');
/*!40000 ALTER TABLE `company_prospects_noc`
    ENABLE KEYS */;
UNLOCK TABLES;

--
-- Table structure for table `company_prospects_noc_job_titles`
--

DROP TABLE IF EXISTS `company_prospects_noc_job_titles`;
/*!40101 SET @saved_cs_client = @@character_set_client */;
/*!50503 SET character_set_client = utf8mb4 */;
CREATE TABLE `company_prospects_noc_job_titles`
(
    `noc_code`      varchar(6)   DEFAULT NULL,
    `noc_job_title` varchar(255) DEFAULT NULL
) ENGINE = InnoDB
  DEFAULT CHARSET = utf8mb3;
/*!40101 SET character_set_client = @saved_cs_client */;

--
-- Dumping data for table `company_prospects_noc_job_titles`
--

LOCK TABLES `company_prospects_noc_job_titles` WRITE;
/*!40000 ALTER TABLE `company_prospects_noc_job_titles`
    DISABLE KEYS */;
INSERT INTO `company_prospects_noc_job_titles`
VALUES ('111111', 'Chief Executive or Managing Director'),
       ('111211', 'Corporate General Manager'),
       ('111212', 'Defence Force Senior Officer'),
       ('111311', 'Local Government Legislator'),
       ('111312', 'Member of Parliament'),
       ('111399', 'Legislators nec'),
       ('121111', 'Aquaculture Farmer'),
       ('121211', 'Cotton Grower'),
       ('121212', 'Flower Grower'),
       ('121213', 'Fruit or Nut Grower'),
       ('121214', 'Grain, Oilseed or Pasture Grower (Aus) \\ Field Crop Grower (NZ)'),
       ('121215', 'Grape Grower'),
       ('121216', 'Mixed Crop Farmer'),
       ('121217', 'Sugar Cane Grower'),
       ('121218', 'Turf Grower'),
       ('121221', 'Vegetable Grower (Aus) \\ Market Gardener (NZ)'),
       ('121299', 'Crop Farmers nec'),
       ('121311', 'Apiarist'),
       ('121312', 'Beef Cattle Farmer'),
       ('121313', 'Dairy Cattle Farmer'),
       ('121314', 'Deer Farmer'),
       ('121315', 'Goat Farmer'),
       ('121316', 'Horse Breeder'),
       ('121317', 'Mixed Livestock Farmer'),
       ('121318', 'Pig Farmer'),
       ('121321', 'Poultry Farmer'),
       ('121322', 'Sheep Farmer'),
       ('121399', 'Livestock Farmers nec'),
       ('121411', 'Mixed Crop and Livestock Farmer'),
       ('131112', 'Sales and Marketing Manager'),
       ('131113', 'Advertising Manager'),
       ('131114', 'Public Relations Manager'),
       ('132111', 'Corporate Services Manager'),
       ('132211', 'Finance Manager'),
       ('132311', 'Human Resource Manager'),
       ('132411', 'Policy and Planning Manager'),
       ('132511', 'Research and Development Manager'),
       ('133111', 'Construction Project Manager'),
       ('133112', 'Project Builder'),
       ('133211', 'Engineering Manager'),
       ('133311', 'Importer or Exporter'),
       ('133312', 'Wholesaler'),
       ('133411', 'Manufacturer'),
       ('133511', 'Production Manager (Forestry)'),
       ('133512', 'Production Manager (Manufacturing)'),
       ('133513', 'Production Manager (Mining)'),
       ('133611', 'Supply and Distribution Manager'),
       ('133612', 'Procurement Manager'),
       ('134111', 'Child Care Centre Manager'),
       ('134211', 'Medical Administrator (Aus) \\ Medical Superintendent (NZ)'),
       ('134212', 'Nursing Clinical Director'),
       ('134213', 'Primary Health Organisation Manager'),
       ('134214', 'Welfare Centre Manager'),
       ('134299', 'Health and Welfare Services Managers nec'),
       ('134311', 'School Principal'),
       ('134411', 'Faculty Head'),
       ('134412', 'Regional Education Manager'),
       ('134499', 'Education Managers nec'),
       ('135111', 'Chief Information Officer'),
       ('135112', 'ICT Project Manager'),
       ('135199', 'ICT Managers nec'),
       ('139111', 'Commissioned Defence Force Officer'),
       ('139112', 'Commissioned Fire Officer'),
       ('139113', 'Commissioned Police Officer'),
       ('139211', 'Senior Non-commissioned Defence Force Member'),
       ('139911', 'Arts Administrator or Manager'),
       ('139912', 'Environmental Manager'),
       ('139913', 'Laboratory Manager'),
       ('139914', 'Quality Assurance Manager'),
       ('139915', 'Sports Administrator'),
       ('139999', 'Specialist Managers nec'),
       ('211111', 'Actor'),
       ('211112', 'Dancer or Choreographer'),
       ('211113', 'Entertainer or Variety Artist'),
       ('211199', 'Actors, Dancers and Other Entertainers nec'),
       ('211211', 'Composer'),
       ('211212', 'Music Director'),
       ('211213', 'Musician (Instrumental)'),
       ('211214', 'Singer'),
       ('211299', 'Music Professionals nec'),
       ('211311', 'Photographer'),
       ('211411', 'Painter (Visual Arts)'),
       ('211412', 'Potter or Ceramic Artist'),
       ('211413', 'Sculptor'),
       ('211499', 'Visual Arts and Crafts Professionals nec'),
       ('212111', 'Artistic Director'),
       ('212112', 'Media Producer (excluding Video)'),
       ('212113', 'Radio Presenter'),
       ('212114', 'Television Presenter'),
       ('212211', 'Author'),
       ('212212', 'Book or Script Editor'),
       ('212311', 'Art Director (Film, Television or Stage)'),
       ('212312', 'Director (Film, Television, Radio or Stage)'),
       ('212313', 'Director of Photography'),
       ('212314', 'Film and Video Editor'),
       ('212315', 'Program Director (Television or Radio)'),
       ('212316', 'Stage Manager'),
       ('212317', 'Technical Director'),
       ('212318', 'Video Producer'),
       ('212399', 'Film, Television, Radio and Stage Directors nec'),
       ('212411', 'Copywriter'),
       ('212412', 'Newspaper or Periodical Editor'),
       ('212413', 'Print Journalist'),
       ('212414', 'Radio Journalist'),
       ('212415', 'Technical Writer'),
       ('212416', 'Television Journalist'),
       ('212499', 'Journalists and Other Writers nec'),
       ('221111', 'Accountant (General)'),
       ('221112', 'Management Accountant'),
       ('221113', 'Taxation Accountant'),
       ('221211', 'Company Secretary'),
       ('221212', 'Corporate Treasurer'),
       ('221213', 'External Auditor'),
       ('221214', 'Internal Auditor'),
       ('222211', 'Financial Market Dealer'),
       ('222212', 'Futures Trader'),
       ('222213', 'Stockbroking Dealer'),
       ('222299', 'Financial Dealers nec'),
       ('222311', 'Financial Investment Adviser'),
       ('222312', 'Financial Investment Manager'),
       ('223111', 'Human Resource Adviser'),
       ('223112', 'Recruitment Consultant'),
       ('223113', 'Workplace Relations Adviser'),
       ('223211', 'ICT Trainer'),
       ('223311', 'Training and Development Professional'),
       ('224111', 'Actuary'),
       ('224112', 'Mathematician'),
       ('224113', 'Statistician'),
       ('224211', 'Archivist'),
       ('224212', 'Gallery or Museum Curator'),
       ('224213', 'Health Information Manager'),
       ('224214', 'Records Manager'),
       ('224311', 'Economist'),
       ('224411', 'Intelligence Officer'),
       ('224412', 'Policy Analyst'),
       ('224511', 'Land Economist'),
       ('224512', 'Valuer'),
       ('224611', 'Librarian'),
       ('224711', 'Management Consultant'),
       ('224712', 'Organisation and Methods Analyst'),
       ('224911', 'Electorate Officer'),
       ('224912', 'Liaison Officer'),
       ('224913', 'Migration Agent (Aus) \\ Immigration Consultant (NZ)'),
       ('224914', 'Patents Examiner'),
       ('224999', 'Information and Organisation Professionals nec'),
       ('225111', 'Advertising Specialist'),
       ('225112', 'Market Research Analyst'),
       ('225113', 'Marketing Specialist'),
       ('225211', 'ICT Account Manager'),
       ('225212', 'ICT Business Development Manager'),
       ('225213', 'ICT Sales Representative'),
       ('225311', 'Public Relations Professional'),
       ('225411', 'Sales Representative (Industrial Products)'),
       ('225412', 'Sales Representative (Medical and Pharmaceutical Products)'),
       ('225499', 'Technical Sales Representatives nec'),
       ('231111', 'Aeroplane Pilot'),
       ('231112', 'Air Traffic Controller'),
       ('231113', 'Flying Instructor'),
       ('231114', 'Helicopter Pilot'),
       ('231199', 'Air Transport Professionals nec'),
       ('231211', 'Master Fisher'),
       ('231212', 'Ship\'s Engineer'),
       ('231213', 'Ship\'s Master'),
       ('231214', 'Ship\'s Officer'),
       ('231215', 'Marine Surveyor'),
       ('231299', 'Marine Transport Professionals nec'),
       ('232111', 'Architect'),
       ('232112', 'Landscape Architect'),
       ('232212', 'Surveyor'),
       ('232213', 'Cartographer'),
       ('232214', 'Other Spatial Scientist'),
       ('232311', 'Fashion Designer'),
       ('232312', 'Industrial Designer'),
       ('232313', 'Jewellery Designer'),
       ('232411', 'Graphic Designer'),
       ('232412', 'Illustrator'),
       ('232413', 'Multimedia Designer'),
       ('232414', 'Web Designer'),
       ('232511', 'Interior Designer'),
       ('232611', 'Urban and Regional Planner'),
       ('233111', 'Chemical Engineer'),
       ('233112', 'Materials Engineer'),
       ('233211', 'Civil Engineer'),
       ('233212', 'Geotechnical Engineer'),
       ('233213', 'Quantity Surveyor'),
       ('233214', 'Structural Engineer'),
       ('233215', 'Transport Engineer'),
       ('233311', 'Electrical Engineer'),
       ('233411', 'Electronics Engineer'),
       ('233511', 'Industrial Engineer'),
       ('233512', 'Mechanical Engineer'),
       ('233513', 'Production or Plant Engineer'),
       ('233611', 'Mining Engineer (excluding Petroleum)'),
       ('233612', 'Petroleum Engineer'),
       ('233911', 'Aeronautical Engineer'),
       ('233912', 'Agricultural Engineer'),
       ('233913', 'Biomedical Engineer'),
       ('233914', 'Engineering Technologist'),
       ('233915', 'Environmental Engineer'),
       ('233916', 'Naval Architect (Aus) \\ Marine Designer (NZ)'),
       ('233999', 'Engineering Professionals nec'),
       ('234111', 'Agricultural Consultant'),
       ('234112', 'Agricultural Scientist'),
       ('234113', 'Forester (Aus) \\ Forest Scientist (NZ)'),
       ('234211', 'Chemist'),
       ('234212', 'Food Technologist'),
       ('234213', 'Wine Maker'),
       ('234311', 'Conservation Officer'),
       ('234312', 'Environmental Consultant'),
       ('234313', 'Environmental Research Scientist'),
       ('234314', 'Park Ranger'),
       ('234399', 'Environmental Scientists nec'),
       ('234411', 'Geologist'),
       ('234412', 'Geophysicist'),
       ('234413', 'Hydrogeologist'),
       ('234511', 'Life Scientist (General)'),
       ('234513', 'Biochemist'),
       ('234514', 'Biotechnologist'),
       ('234515', 'Botanist'),
       ('234516', 'Marine Biologist'),
       ('234517', 'Microbiologist'),
       ('234518', 'Zoologist'),
       ('234599', 'Life Scientists nec'),
       ('234611', 'Medical Laboratory Scientist'),
       ('234711', 'Veterinarian'),
       ('234911', 'Conservator'),
       ('234912', 'Metallurgist'),
       ('234913', 'Meteorologist'),
       ('234914', 'Physicist'),
       ('234915', 'Exercise Physiologist'),
       ('234999', 'Natural and Physical Science Professionals nec'),
       ('241111', 'Early Childhood (Pre-primary School) Teacher'),
       ('241112', 'Kaiako Kohanga Reo (Maori Language Nest Teacher)'),
       ('241211', 'Kaiako Kura Kaupapa Maori (Maori-medium Primary School Teacher)'),
       ('241212', 'Pouako Kura Kaupapa Maori (Maori-medium Primary School Senior Teacher)'),
       ('241213', 'Primary School Teacher'),
       ('241311', 'Middle School Teacher (Aus) \\ Intermediate School Teacher (NZ)'),
       ('241411', 'Secondary School Teacher'),
       ('241511', 'Special Needs Teacher'),
       ('241512', 'Teacher of the Hearing Impaired'),
       ('241513', 'Teacher of the Sight Impaired'),
       ('241599', 'Special Education Teachers nec'),
       ('242111', 'University Lecturer'),
       ('242112', 'University Tutor'),
       ('242211', 'Vocational Education Teacher (Aus) \\ Polytechnic Teacher (NZ)'),
       ('249111', 'Education Adviser'),
       ('249112', 'Education Reviewer'),
       ('249211', 'Art Teacher (Private Tuition)'),
       ('249212', 'Dance Teacher (Private Tuition)'),
       ('249213', 'Drama Teacher (Private Tuition)'),
       ('249214', 'Music Teacher (Private Tuition)'),
       ('249299', 'Private Tutors and Teachers nec'),
       ('249311', 'Teacher of English to Speakers of Other Languages'),
       ('251111', 'Dietitian'),
       ('251112', 'Nutritionist'),
       ('251211', 'Medical Diagnostic Radiographer'),
       ('251212', 'Medical Radiation Therapist'),
       ('251213', 'Nuclear Medicine Technologist'),
       ('251214', 'Sonographer'),
       ('251311', 'Environmental Health Officer'),
       ('251312', 'Occupational Health and Safety Adviser'),
       ('251411', 'Optometrist'),
       ('251412', 'Orthoptist'),
       ('251511', 'Hospital Pharmacist'),
       ('251512', 'Industrial Pharmacist'),
       ('251513', 'Retail Pharmacist'),
       ('251911', 'Health Promotion Officer'),
       ('251912', 'Orthotist or Prosthetist'),
       ('251999', 'Health Diagnostic and Promotion Professionals nec'),
       ('252111', 'Chiropractor'),
       ('252112', 'Osteopath'),
       ('252211', 'Acupuncturist'),
       ('252212', 'Homoeopath'),
       ('252213', 'Naturopath'),
       ('252214', 'Traditional Chinese Medicine Practitioner'),
       ('252215', 'Traditional Maori Health Practitioner'),
       ('252299', 'Complementary Health Therapists nec'),
       ('252311', 'Dental Specialist'),
       ('252312', 'Dentist'),
       ('252411', 'Occupational Therapist'),
       ('252511', 'Physiotherapist'),
       ('252611', 'Podiatrist'),
       ('252711', 'Audiologist'),
       ('252712', 'Speech Pathologist (Aus) \\ Speech Language Therapist (NZ)'),
       ('253111', 'General  Practitioner'),
       ('253112', 'Resident Medical Officer'),
       ('253211', 'Anaesthetist'),
       ('253311', 'Specialist Physician (General Medicine)'),
       ('253312', 'Cardiologist'),
       ('253313', 'Clinical Haematologist'),
       ('253314', 'Medical Oncologist'),
       ('253315', 'Endocrinologist'),
       ('253316', 'Gastroenterologist'),
       ('253317', 'Intensive Care Specialist'),
       ('253318', 'Neurologist'),
       ('253321', 'Paediatrician'),
       ('253322', 'Renal Medicine Specialist'),
       ('253323', 'Rheumatologist'),
       ('253324', 'Thoracic Medicine Specialist'),
       ('253399', 'Specialist Physicians nec'),
       ('253411', 'Psychiatrist'),
       ('253511', 'Surgeon (General)'),
       ('253512', 'Cardiothoracic Surgeon'),
       ('253513', 'Neurosurgeon'),
       ('253514', 'Orthopaedic Surgeon'),
       ('253515', 'Otorhinolaryngologist'),
       ('253516', 'Paediatric Surgeon'),
       ('253517', 'Plastic and Reconstructive Surgeon'),
       ('253518', 'Urologist'),
       ('253521', 'Vascular Surgeon'),
       ('253911', 'Dermatologist'),
       ('253912', 'Emergency Medicine Specialist'),
       ('253913', 'Obstetrician and Gynaecologist'),
       ('253914', 'Ophthalmologist'),
       ('253915', 'Pathologist'),
       ('253917', 'Diagnostic and Interventional Radiologist'),
       ('253918', 'Radiation Oncologist'),
       ('253999', 'Medical Practitioners nec'),
       ('254111', 'Midwife'),
       ('254211', 'Nurse Educator'),
       ('254212', 'Nurse Researcher'),
       ('254311', 'Nurse Manager'),
       ('254411', 'Nurse Practitioner'),
       ('254412', 'Registered Nurse (Aged Care)'),
       ('254413', 'Registered Nurse (Child and Family Health)'),
       ('254414', 'Registered Nurse (Community Health)'),
       ('254415', 'Registered Nurse (Critical Care and Emergency)'),
       ('254416', 'Registered Nurse (Developmental Disability)'),
       ('254417', 'Registered Nurse (Disability and Rehabilitation)'),
       ('254418', 'Registered Nurse (Medical)'),
       ('254421', 'Registered Nurse (Medical Practice)'),
       ('254422', 'Registered Nurse (Mental Health)'),
       ('254423', 'Registered Nurse (Perioperative)'),
       ('254424', 'Registered Nurse (Surgical)'),
       ('254425', 'Registered Nurse (Paediatrics)'),
       ('254499', 'Registered Nurses nec'),
       ('261111', 'ICT Business Analyst'),
       ('261112', 'Systems Analyst'),
       ('261211', 'Multimedia Specialist'),
       ('261212', 'Web Developer'),
       ('261311', 'Analyst Programmer'),
       ('261312', 'Developer Programmer'),
       ('261313', 'Software Engineer'),
       ('261314', 'Software Tester'),
       ('261399', 'Software and Applications Programmers nec'),
       ('262111', 'Database Administrator'),
       ('262112', 'ICT Security Specialist'),
       ('262113', 'Systems Administrator'),
       ('263111', 'Computer Network and Systems Engineer'),
       ('263112', 'Network Administrator'),
       ('263113', 'Network Analyst'),
       ('263211', 'ICT Quality Assurance Engineer'),
       ('263212', 'ICT Support Engineer'),
       ('263213', 'ICT Systems Test Engineer'),
       ('263299', 'ICT Support and Test Engineers nec'),
       ('263311', 'Telecommunications Engineer'),
       ('263312', 'Telecommunications Network Engineer'),
       ('271111', 'Barrister'),
       ('271211', 'Judge'),
       ('271212', 'Magistrate'),
       ('271213', 'Tribunal Member'),
       ('271214', 'Intellectual Property Lawyer'),
       ('271299', 'Judicial and Other Legal Professionals nec'),
       ('271311', 'Solicitor'),
       ('272111', 'Careers Counsellor'),
       ('272112', 'Drug and Alcohol Counsellor'),
       ('272113', 'Family and Marriage Counsellor'),
       ('272114', 'Rehabilitation Counsellor'),
       ('272115', 'Student Counsellor'),
       ('272199', 'Counsellors nec'),
       ('272211', 'Minister of Religion'),
       ('272311', 'Clinical Psychologist'),
       ('272312', 'Educational Psychologist'),
       ('272313', 'Organisational Psychologist'),
       ('272314', 'Psychotherapist'),
       ('272399', 'Psychologists nec'),
       ('272411', 'Historian'),
       ('272412', 'Interpreter'),
       ('272413', 'Translator'),
       ('272414', 'Archaeologist'),
       ('272499', 'Social Professionals nec'),
       ('272511', 'Social Worker'),
       ('272611', 'Community Arts Worker'),
       ('272612', 'Recreation Officer (Aus) \\ Recreation Coordinator (NZ)'),
       ('272613', 'Welfare Worker'),
       ('141111', 'Cafe or Restaurant Manager'),
       ('141211', 'Caravan Park and Camping Ground Manager'),
       ('141311', 'Hotel or Motel Manager'),
       ('141411', 'Licensed Club Manager'),
       ('141911', 'Bed and Breakfast Operator'),
       ('141912', 'Retirement Village Manager'),
       ('141999', 'Accommodation and Hospitality Managers nec'),
       ('142111', 'Retail Manager (General)'),
       ('142112', 'Antique Dealer'),
       ('142113', 'Betting Agency Manager'),
       ('142114', 'Hair or Beauty Salon Manager'),
       ('142115', 'Post Office Manager'),
       ('142116', 'Travel Agency Manager'),
       ('149111', 'Amusement Centre Manager'),
       ('149112', 'Fitness Centre Manager'),
       ('149113', 'Sports Centre Manager'),
       ('149211', 'Call or Contact Centre Manager'),
       ('149212', 'Customer Service Manager'),
       ('149311', 'Conference and Event Organiser'),
       ('149411', 'Fleet Manager'),
       ('149412', 'Railway Station Manager'),
       ('149413', 'Transport Company Manager'),
       ('149911', 'Boarding Kennel or Cattery Operator'),
       ('149912', 'Cinema or Theatre Manager'),
       ('149913', 'Facilities Manager'),
       ('149914', 'Financial Institution Branch Manager'),
       ('149915', 'Equipment Hire Manager'),
       ('149999', 'Hospitality, Retail and Service Managers nec'),
       ('222111', 'Commodities Trader'),
       ('222112', 'Finance Broker'),
       ('222113', 'Insurance Broker'),
       ('222199', 'Financial Brokers nec'),
       ('311111', 'Agricultural Technician'),
       ('311211', 'Anaesthetic Technician'),
       ('311212', 'Cardiac Technician'),
       ('311213', 'Medical Laboratory Technician'),
       ('311214', 'Operating Theatre Technician'),
       ('311215', 'Pharmacy Technician'),
       ('311299', 'Medical Technicians nec'),
       ('311311', 'Fisheries Officer'),
       ('311312', 'Meat Inspector'),
       ('311313', 'Quarantine Officer'),
       ('311399', 'Primary Products Inspectors nec'),
       ('311411', 'Chemistry Technician'),
       ('311412', 'Earth Science Technician'),
       ('311413', 'Life Science Technician'),
       ('311414', 'School Laboratory Technician'),
       ('311415', 'Hydrographer'),
       ('311499', 'Science Technicians nec'),
       ('312111', 'Architectural Draftsperson'),
       ('312112', 'Building Associate'),
       ('312113', 'Building Inspector'),
       ('312114', 'Construction Estimator'),
       ('312115', 'Plumbing Inspector'),
       ('312116', 'Surveying or Spatial Science Technician'),
       ('312199', 'Architectural, Building and Surveying Technicians nec'),
       ('312211', 'Civil Engineering Draftsperson'),
       ('312212', 'Civil Engineering Technician'),
       ('312311', 'Electrical Engineering Draftsperson'),
       ('312312', 'Electrical Engineering Technician'),
       ('312411', 'Electronic Engineering Draftsperson'),
       ('312412', 'Electronic Engineering Technician'),
       ('312511', 'Mechanical Engineering Draftsperson'),
       ('312512', 'Mechanical Engineering Technician'),
       ('312611', 'Safety Inspector'),
       ('312911', 'Maintenance Planner'),
       ('312912', 'Metallurgical or Materials Technician'),
       ('312913', 'Mine Deputy'),
       ('312999', 'Building and Engineering Technicians nec'),
       ('313111', 'Hardware Technician'),
       ('313112', 'ICT Customer Support Officer'),
       ('313113', 'Web Administrator'),
       ('313199', 'ICT Support Technicians nec'),
       ('313211', 'Radiocommunications Technician'),
       ('313212', 'Telecommunications Field Engineer'),
       ('313213', 'Telecommunications Network Planner'),
       ('313214', 'Telecommunications Technical Officer or Technologist'),
       ('351311', 'Chef'),
       ('399311', 'Gallery or Museum Technician'),
       ('399312', 'Library Technician'),
       ('399912', 'Interior Decorator'),
       ('411111', 'Ambulance Officer'),
       ('411112', 'Intensive Care Ambulance Paramedic (Aus) \\ Ambulance Paramedic (NZ)'),
       ('411211', 'Dental Hygienist'),
       ('411212', 'Dental Prosthetist'),
       ('411213', 'Dental Technician'),
       ('411214', 'Dental Therapist'),
       ('411411', 'Enrolled Nurse'),
       ('411412', 'Mothercraft Nurse'),
       ('411511', 'Aboriginal and Torres Strait Islander Health Worker'),
       ('411512', 'Kaiawhina (Hauora) (Maori Health Assistant)'),
       ('411611', 'Massage Therapist'),
       ('411711', 'Community Worker'),
       ('411712', 'Disabilities Services Officer'),
       ('411713', 'Family Support Worker'),
       ('411714', 'Parole or Probation Officer'),
       ('411715', 'Residential Care Officer'),
       ('411716', 'Youth Worker'),
       ('441311', 'Detective'),
       ('441312', 'Police Officer'),
       ('451311', 'Funeral Director'),
       ('452321', 'Sports Development Officer'),
       ('511111', 'Contract Administrator'),
       ('511112', 'Program or Project Administrator'),
       ('512111', 'Office Manager'),
       ('512211', 'Health Practice Manager'),
       ('512299', 'Practice Managers nec'),
       ('599111', 'Conveyancer'),
       ('599112', 'Legal Executive'),
       ('612113', 'Real Estate Agency Principal (Aus) \\ Real Estate Agency Licensee (NZ)'),
       ('311216', 'Pathology Collector (Aus) \\ Phlebotomist (NZ)'),
       ('321111', 'Automotive Electrician'),
       ('321211', 'Motor Mechanic (General)'),
       ('321212', 'Diesel Motor Mechanic'),
       ('321213', 'Motorcycle Mechanic'),
       ('321214', 'Small Engine Mechanic'),
       ('322111', 'Blacksmith'),
       ('322112', 'Electroplater'),
       ('322113', 'Farrier'),
       ('322114', 'Metal Casting Trades Worker'),
       ('322115', 'Metal Polisher'),
       ('322211', 'Sheetmetal Trades Worker'),
       ('322311', 'Metal Fabricator'),
       ('322312', 'Pressure Welder'),
       ('322313', 'Welder (First Class) (Aus) \\ Welder (NZ)'),
       ('323111', 'Aircraft Maintenance Engineer (Avionics)'),
       ('323112', 'Aircraft Maintenance Engineer (Mechanical)'),
       ('323113', 'Aircraft Maintenance Engineer (Structures)'),
       ('323211', 'Fitter (General)'),
       ('323212', 'Fitter and Turner'),
       ('323213', 'Fitter-Welder'),
       ('323214', 'Metal Machinist (First Class)'),
       ('323215', 'Textile, Clothing and Footwear Mechanic'),
       ('323299', 'Metal Fitters and Machinists nec'),
       ('323311', 'Engraver'),
       ('323312', 'Gunsmith'),
       ('323313', 'Locksmith'),
       ('323314', 'Precision Instrument Maker and Repairer'),
       ('323315', 'Saw Maker and Repairer'),
       ('323316', 'Watch and Clock Maker and Repairer'),
       ('323411', 'Engineering Patternmaker'),
       ('323412', 'Toolmaker'),
       ('324111', 'Panelbeater'),
       ('324211', 'Vehicle Body Builder'),
       ('324212', 'Vehicle Trimmer'),
       ('324311', 'Vehicle Painter'),
       ('331111', 'Bricklayer'),
       ('331112', 'Stonemason'),
       ('331211', 'Carpenter and Joiner'),
       ('331212', 'Carpenter'),
       ('331213', 'Joiner'),
       ('332111', 'Floor Finisher'),
       ('332211', 'Painting Trades Worker'),
       ('333111', 'Glazier'),
       ('333211', 'Fibrous Plasterer'),
       ('333212', 'Solid Plasterer'),
       ('333311', 'Roof Tiler'),
       ('333411', 'Wall and Floor Tiler'),
       ('334111', 'Plumber (General)'),
       ('334112', 'Airconditioning and Mechanical Services Plumber'),
       ('334113', 'Drainer (Aus) \\ Drainlayer (NZ)'),
       ('334114', 'Gasfitter'),
       ('334115', 'Roof Plumber'),
       ('341111', 'Electrician (General)'),
       ('341112', 'Electrician (Special Class)'),
       ('341113', 'Lift Mechanic'),
       ('342111', 'Airconditioning and Refrigeration Mechanic'),
       ('342211', 'Electrical Linesworker (Aus) \\ Electrical Line Mechanic (NZ)'),
       ('342212', 'Technical Cable Jointer'),
       ('342311', 'Business Machine Mechanic'),
       ('342312', 'Communications Operator'),
       ('342313', 'Electronic Equipment Trades Worker'),
       ('342314', 'Electronic Instrument Trades Worker (General)'),
       ('342315', 'Electronic Instrument Trades Worker (Special Class)'),
       ('342411', 'Cabler (Data and Telecommunications)'),
       ('342412', 'Telecommunications Cable Jointer'),
       ('342413', 'Telecommunications Linesworker (Aus) \\ Telecommunications Line Mechanic (NZ)'),
       ('342414', 'Telecommunications Technician'),
       ('351111', 'Baker'),
       ('351112', 'Pastrycook'),
       ('351211', 'Butcher or Smallgoods Maker'),
       ('351411', 'Cook'),
       ('361111', 'Dog Handler or Trainer'),
       ('361112', 'Horse Trainer'),
       ('361113', 'Pet Groomer'),
       ('361114', 'Zookeeper'),
       ('361115', 'Kennel Hand'),
       ('361199', 'Animal Attendants and Trainers nec'),
       ('361211', 'Shearer'),
       ('361311', 'Veterinary Nurse'),
       ('362111', 'Florist'),
       ('362211', 'Gardener (General)'),
       ('362212', 'Arborist'),
       ('362213', 'Landscape Gardener'),
       ('362311', 'Greenkeeper'),
       ('362411', 'Nurseryperson'),
       ('391111', 'Hairdresser'),
       ('392111', 'Print Finisher'),
       ('392112', 'Screen Printer'),
       ('392211', 'Graphic Pre-press Trades Worker'),
       ('392311', 'Printing Machinist'),
       ('392312', 'Small Offset Printer'),
       ('393111', 'Canvas Goods Fabricator'),
       ('393112', 'Leather Goods Maker'),
       ('393113', 'Sail Maker'),
       ('393114', 'Shoemaker'),
       ('393211', 'Apparel Cutter'),
       ('393212', 'Clothing Patternmaker'),
       ('393213', 'Dressmaker or Tailor'),
       ('393299', 'Clothing Trades Workers nec'),
       ('393311', 'Upholsterer'),
       ('394111', 'Cabinetmaker'),
       ('394211', 'Furniture Finisher'),
       ('394212', 'Picture Framer'),
       ('394213', 'Wood Machinist'),
       ('394214', 'Wood Turner'),
       ('394299', 'Wood Machinists and Other Wood Trades Workers nec'),
       ('399111', 'Boat Builder and Repairer'),
       ('399112', 'Shipwright'),
       ('399211', 'Chemical Plant Operator'),
       ('399212', 'Gas or Petroleum Operator'),
       ('399213', 'Power Generation Plant Operator'),
       ('399411', 'Jeweller'),
       ('399511', 'Broadcast Transmitter Operator'),
       ('399512', 'Camera Operator (Film, Television or Video)'),
       ('399513', 'Light Technician'),
       ('399514', 'Make Up Artist'),
       ('399515', 'Musical Instrument Maker or Repairer'),
       ('399516', 'Sound Technician'),
       ('399517', 'Television Equipment Operator'),
       ('399599', 'Performing Arts Technicians nec'),
       ('399611', 'Signwriter'),
       ('399911', 'Diver'),
       ('399913', 'Optical Dispenser (Aus) \\ Dispensing Optician (NZ)'),
       ('399914', 'Optical Mechanic'),
       ('399915', 'Photographer\'s Assistant'),
       ('399916', 'Plastics Technician'),
       ('399917', 'Wool Classer'),
       ('399918', 'Fire Protection Equipment Technician'),
       ('399999', 'Technicians and Trades Workers nec'),
       ('411311', 'Diversional Therapist'),
       ('431411', 'Hotel Service Manager'),
       ('441111', 'Defence Force Member - Other Ranks'),
       ('441211', 'Emergency Service Worker'),
       ('441212', 'Fire Fighter'),
       ('442216', 'Security Consultant'),
       ('451211', 'Driving Instructor'),
       ('451399', 'Funeral Workers nec'),
       ('451711', 'Flight Attendant'),
       ('451799', 'Travel Attendants nec'),
       ('451815', 'First Aid Trainer'),
       ('452311', 'Diving Instructor (Open Water)'),
       ('452312', 'Gymnastics Coach or Instructor'),
       ('452313', 'Horse Riding Coach or Instructor'),
       ('452314', 'Snowsport Instructor'),
       ('452315', 'Swimming Coach or Instructor'),
       ('452316', 'Tennis Coach'),
       ('452317', 'Other Sports Coach or Instructor'),
       ('452318', 'Dog or Horse Racing Official'),
       ('452322', 'Sports Umpire'),
       ('452323', 'Other Sports Official'),
       ('452411', 'Footballer'),
       ('452412', 'Golfer'),
       ('452413', 'Jockey'),
       ('452414', 'Lifeguard'),
       ('452499', 'Sportspersons nec'),
       ('521111', 'Personal Assistant'),
       ('521211', 'Secretary (General)'),
       ('521212', 'Legal Secretary'),
       ('541111', 'Call or Contact Centre Team Leader'),
       ('599211', 'Clerk of Court'),
       ('599212', 'Court Bailiff or Sheriff (Aus) \\ Court Collections Officer (NZ)'),
       ('599213', 'Court Orderly (Aus) \\ Court Registry Officer (NZ)'),
       ('599214', 'Law Clerk'),
       ('599215', 'Trust Officer'),
       ('599611', 'Insurance Investigator'),
       ('599612', 'Insurance Loss Adjuster'),
       ('599613', 'Insurance Risk Surveyor'),
       ('599915', 'Clinical Coder'),
       ('611111', 'Auctioneer'),
       ('611112', 'Stock and Station Agent'),
       ('611211', 'Insurance Agent'),
       ('612111', 'Business Broker'),
       ('612112', 'Property Manager'),
       ('612114', 'Real Estate Agent'),
       ('612115', 'Real Estate Representative'),
       ('639211', 'Retail Buyer'),
       ('639212', 'Wool Buyer');
/*!40000 ALTER TABLE `company_prospects_noc_job_titles`
    ENABLE KEYS */;
UNLOCK TABLES;

--
-- Table structure for table `company_prospects_notes`
--

DROP TABLE IF EXISTS `company_prospects_notes`;
/*!40101 SET @saved_cs_client = @@character_set_client */;
/*!50503 SET character_set_client = utf8mb4 */;
CREATE TABLE `company_prospects_notes`
(
    `note_id`     bigint unsigned NOT NULL AUTO_INCREMENT,
    `prospect_id` bigint       DEFAULT NULL,
    `company_id`  bigint       DEFAULT NULL,
    `author_id`   int unsigned DEFAULT NULL,
    `note`        text,
    `create_date` datetime     DEFAULT NULL,
    PRIMARY KEY (`note_id`),
    KEY `FK_company_prospects_notes_company_prospects` (`prospect_id`),
    KEY `FK_company_prospects_notes_company` (`company_id`),
    CONSTRAINT `FK_company_prospects_notes_company` FOREIGN KEY (`company_id`) REFERENCES `company` (`company_id`) ON DELETE CASCADE,
    CONSTRAINT `FK_company_prospects_notes_company_prospects` FOREIGN KEY (`prospect_id`) REFERENCES `company_prospects` (`prospect_id`) ON DELETE CASCADE ON UPDATE CASCADE
) ENGINE = InnoDB
  DEFAULT CHARSET = utf8mb3;
/*!40101 SET character_set_client = @saved_cs_client */;

--
-- Dumping data for table `company_prospects_notes`
--

LOCK TABLES `company_prospects_notes` WRITE;
/*!40000 ALTER TABLE `company_prospects_notes`
    DISABLE KEYS */;
/*!40000 ALTER TABLE `company_prospects_notes`
    ENABLE KEYS */;
UNLOCK TABLES;

--
-- Table structure for table `company_prospects_selected_categories`
--

DROP TABLE IF EXISTS `company_prospects_selected_categories`;
/*!40101 SET @saved_cs_client = @@character_set_client */;
/*!50503 SET character_set_client = utf8mb4 */;
CREATE TABLE `company_prospects_selected_categories`
(
    `company_id`           bigint       NOT NULL,
    `prospect_category_id` int unsigned NOT NULL,
    `order`                tinyint unsigned DEFAULT '0',
    PRIMARY KEY (`company_id`, `prospect_category_id`),
    KEY `FK_company_prospects_2` (`prospect_category_id`),
    CONSTRAINT `FK_company_prospects_1` FOREIGN KEY (`company_id`) REFERENCES `company` (`company_id`) ON DELETE CASCADE ON UPDATE CASCADE,
    CONSTRAINT `FK_company_prospects_2` FOREIGN KEY (`prospect_category_id`) REFERENCES `company_prospects_categories` (`prospect_category_id`) ON DELETE CASCADE ON UPDATE CASCADE
) ENGINE = InnoDB
  DEFAULT CHARSET = utf8mb3;
/*!40101 SET character_set_client = @saved_cs_client */;

--
-- Dumping data for table `company_prospects_selected_categories`
--

LOCK TABLES `company_prospects_selected_categories` WRITE;
/*!40000 ALTER TABLE `company_prospects_selected_categories`
    DISABLE KEYS */;
/*!40000 ALTER TABLE `company_prospects_selected_categories`
    ENABLE KEYS */;
UNLOCK TABLES;

--
-- Table structure for table `company_prospects_settings`
--

DROP TABLE IF EXISTS `company_prospects_settings`;
/*!40101 SET @saved_cs_client = @@character_set_client */;
/*!50503 SET character_set_client = utf8mb4 */;
CREATE TABLE `company_prospects_settings`
(
    `company_id`  bigint NOT NULL,
    `prospect_id` bigint NOT NULL,
    `viewed`      enum ('Y','N') DEFAULT 'N',
    `email_sent`  enum ('Y','N') DEFAULT 'N',
    UNIQUE KEY `company_id_prospect_id` (`company_id`, `prospect_id`),
    KEY `FK_company_prospects_settings_company_prospects` (`prospect_id`),
    CONSTRAINT `FK_company_prospects_settings_company` FOREIGN KEY (`company_id`) REFERENCES `company` (`company_id`) ON DELETE CASCADE ON UPDATE CASCADE,
    CONSTRAINT `FK_company_prospects_settings_company_prospects` FOREIGN KEY (`prospect_id`) REFERENCES `company_prospects` (`prospect_id`) ON DELETE CASCADE ON UPDATE CASCADE
) ENGINE = InnoDB
  DEFAULT CHARSET = utf8mb3 COMMENT ='Contains info about company prospects settings.';
/*!40101 SET character_set_client = @saved_cs_client */;

--
-- Dumping data for table `company_prospects_settings`
--

LOCK TABLES `company_prospects_settings` WRITE;
/*!40000 ALTER TABLE `company_prospects_settings`
    DISABLE KEYS */;
/*!40000 ALTER TABLE `company_prospects_settings`
    ENABLE KEYS */;
UNLOCK TABLES;

--
-- Table structure for table `company_prospects_templates`
--

DROP TABLE IF EXISTS `company_prospects_templates`;
/*!40101 SET @saved_cs_client = @@character_set_client */;
/*!50503 SET character_set_client = utf8mb4 */;
CREATE TABLE `company_prospects_templates`
(
    `prospect_template_id` int unsigned   NOT NULL AUTO_INCREMENT,
    `company_id`           bigint         NOT NULL,
    `author_id`            bigint                  DEFAULT NULL,
    `updated_by_id`        bigint                  DEFAULT NULL,
    `name`                 char(255)               DEFAULT NULL,
    `subject`              char(255)               DEFAULT NULL,
    `from`                 char(255)               DEFAULT NULL,
    `to`                   char(255)               DEFAULT NULL,
    `cc`                   char(255)               DEFAULT NULL,
    `bcc`                  char(255)               DEFAULT NULL,
    `message`              longtext,
    `template_default`     enum ('Y','N') NOT NULL DEFAULT 'N',
    `create_date`          datetime                DEFAULT NULL,
    `update_date`          datetime                DEFAULT NULL,
    PRIMARY KEY (`prospect_template_id`),
    KEY `FK_company_prospects_templates_company` (`company_id`),
    KEY `FK_company_prospects_templates_members` (`author_id`),
    KEY `FK1_company_prospects_templates_members` (`updated_by_id`),
    CONSTRAINT `FK1_company_prospects_templates_members` FOREIGN KEY (`updated_by_id`) REFERENCES `members` (`member_id`) ON DELETE SET NULL ON UPDATE CASCADE,
    CONSTRAINT `FK_company_prospects_templates_company` FOREIGN KEY (`company_id`) REFERENCES `company` (`company_id`) ON DELETE CASCADE ON UPDATE CASCADE,
    CONSTRAINT `FK_company_prospects_templates_members` FOREIGN KEY (`author_id`) REFERENCES `members` (`member_id`) ON DELETE SET NULL ON UPDATE CASCADE
) ENGINE = InnoDB
  AUTO_INCREMENT = 2251
  DEFAULT CHARSET = utf8mb3;
/*!40101 SET character_set_client = @saved_cs_client */;

--
-- Dumping data for table `company_prospects_templates`
--

LOCK TABLES `company_prospects_templates` WRITE;
/*!40000 ALTER TABLE `company_prospects_templates`
    DISABLE KEYS */;
INSERT INTO `company_prospects_templates`
VALUES (2247, 0, 1, 1, 'Thank you', '', '', '', '', '', '<font size=\"2\">Dear {fName} {lName}</font><br><div style=\"font-size: 12px;\"><font size=\"6\"><br></font></div><div style=\"font-size: 12px;\"><font size=\"6\">Thank you!<br></font><br><br><font size=\"3\">Your questionnaire has been received. You will hear from us shortly.</font></div>', 'N', '2013-12-11 00:00:00', '2013-12-11 00:00:00'),
       (2248, 0, 1, 1, 'Negative Response', 'Immigration to Canada', '', '', '', '', 'Dear {fName} {lName},<br><br>Thank you for submitting your preliminary questionnaire.<br><br>We reviewed your questionnaire, and unfortunately you are not qualified to apply for immigration to Australia at this time based on the information you have provided us. <br><br>The assessment criteria to determine eligibility to immigrate to Australia are complex and change from time to time. Your inadmissibility now does not mean that you will be inadmissible in the future. We encourage you to contact us again in the future for a reassessment of your circumstances.<br><br>If you have any questions, or need to further assistance, please do not hesitate to contact us.<br><br>Regards,<br><br>{company}<br><br>', 'N', '2013-12-11 00:00:00', '2013-12-11 00:00:00'),
       (2249, 0, 1, 1, 'Need More Information', 'RE: Need Further Information', '', '', '', '', 'Dear {fName} {lName}<div><br></div><div>Thank you for submitting the preliminary questionnaire. In order for us to assess your enquiry further, please provide us the following information:</div><div><br></div><div><font color=\"#ff0000\">&lt;Agent Lists further information required&gt;</font></div><div><font color=\"#ff0000\"><br></font></div><div>Please do not hesitate to contact us if you have any further questions.</div><div><br></div><div>Thank You,</div><div><br></div><div>{company}</div>', 'N', '2014-05-27 00:00:00', '2014-05-27 00:00:00'),
       (2250, 0, 1, 1, 'Positive Response', 'RE: You Qualify to apply for an Australian Visa', '', '', '', '', 'Dear {fName} {lName},<div><br></div><div>Thank you for completing our preliminary questionnaire.</div><div><br></div><div>According to the information you have provided us, we are pleased to inform you that you qualify to apply for [subclass] visa.</div><div><br></div><div>We would be more than happy to assist you in this matter. Please find attached our Client Service Agreement. If you are happy with the terms, please sign and return this to us at your earliest so that we can start assisting you.</div><div><br></div><div>one of our friendly staff will contact you soon on [phone number.]&nbsp;</div><div><br></div><div>Thank you,</div><div><br></div><div>{company}</div>', 'N', '2014-05-27 00:00:00', '2014-05-27 00:00:00');
/*!40000 ALTER TABLE `company_prospects_templates`
    ENABLE KEYS */;
UNLOCK TABLES;

--
-- Table structure for table `company_questionnaires`
--

DROP TABLE IF EXISTS `company_questionnaires`;
/*!40101 SET @saved_cs_client = @@character_set_client */;
/*!50503 SET character_set_client = utf8mb4 */;
CREATE TABLE `company_questionnaires`
(
    `q_id`                             int unsigned   NOT NULL AUTO_INCREMENT,
    `company_id`                       bigint         NOT NULL,
    `q_noc`                            enum ('en','fr')        DEFAULT 'en',
    `q_name`                           char(255)      NOT NULL,
    `q_section_bg_color`               char(6)        NOT NULL DEFAULT '4C83C5',
    `q_section_text_color`             char(6)        NOT NULL DEFAULT 'FFFFFF',
    `q_button_color`                   char(6)        NOT NULL DEFAULT 'FF6600',
    `q_preferred_language`             char(255)               DEFAULT NULL,
    `q_office_id`                      int unsigned            DEFAULT NULL,
    `q_agent_id`                       bigint                  DEFAULT NULL,
    `q_applicant_name`                 char(255)      NOT NULL,
    `q_please_select`                  char(255)      NOT NULL,
    `q_please_answer_all`              char(255)               DEFAULT NULL,
    `q_please_press_next`              char(255)               DEFAULT NULL,
    `q_next_page_button`               char(255)      NOT NULL,
    `q_prev_page_button`               char(255)      NOT NULL,
    `q_step1`                          char(255)      NOT NULL,
    `q_step2`                          char(255)      NOT NULL,
    `q_step3`                          char(255)      NOT NULL,
    `q_step4`                          char(255)      NOT NULL,
    `q_rtl`                            enum ('Y','N')          DEFAULT 'N',
    `q_template_negative`              int unsigned            DEFAULT NULL,
    `q_template_thank_you`             int unsigned            DEFAULT NULL,
    `q_script_google_analytics`        text,
    `q_script_facebook_pixel`          text,
    `q_script_analytics_on_completion` text,
    `q_logo_on_top`                    enum ('Y','N') NOT NULL DEFAULT 'N',
    `q_simplified`                     enum ('Y','N') NOT NULL DEFAULT 'N',
    `q_created_by`                     bigint         NOT NULL,
    `q_updated_by`                     bigint                  DEFAULT NULL,
    `q_created_on`                     datetime       NOT NULL,
    `q_updated_on`                     datetime                DEFAULT NULL,
    PRIMARY KEY (`q_id`, `company_id`),
    KEY `FK_company_questionnaires_1` (`company_id`),
    KEY `FK_company_questionnaires_2` (`q_created_by`),
    KEY `FK_company_questionnaires_3` (`q_updated_by`),
    KEY `FK_company_questionnaires_divisions` (`q_office_id`),
    KEY `FK_company_questionnaires_members` (`q_agent_id`),
    CONSTRAINT `FK_company_questionnaires_1` FOREIGN KEY (`company_id`) REFERENCES `company` (`company_id`) ON DELETE CASCADE ON UPDATE CASCADE,
    CONSTRAINT `FK_company_questionnaires_2` FOREIGN KEY (`q_created_by`) REFERENCES `members` (`member_id`) ON DELETE CASCADE ON UPDATE CASCADE,
    CONSTRAINT `FK_company_questionnaires_3` FOREIGN KEY (`q_updated_by`) REFERENCES `members` (`member_id`) ON DELETE SET NULL ON UPDATE CASCADE,
    CONSTRAINT `FK_company_questionnaires_divisions` FOREIGN KEY (`q_office_id`) REFERENCES `divisions` (`division_id`) ON DELETE SET NULL ON UPDATE CASCADE,
    CONSTRAINT `FK_company_questionnaires_members` FOREIGN KEY (`q_agent_id`) REFERENCES `members` (`member_id`) ON DELETE SET NULL ON UPDATE CASCADE
) ENGINE = InnoDB
  AUTO_INCREMENT = 2
  DEFAULT CHARSET = utf8mb3;
/*!40101 SET character_set_client = @saved_cs_client */;

--
-- Dumping data for table `company_questionnaires`
--

LOCK TABLES `company_questionnaires` WRITE;
/*!40000 ALTER TABLE `company_questionnaires`
    DISABLE KEYS */;
INSERT INTO `company_questionnaires`
VALUES (1, 0, 'en', 'Default Prospect Questionnaire - English', '4C83C5', 'FFFFFF', 'FF6600', '', NULL, NULL, 'Main Applicant', '-- Please select --', 'Please answer ALL questions.', 'Please press Next Page to continue.', 'Next', 'Back', 'Step 1', 'Step 2', 'Step 3', 'Step 4', 'N', NULL, NULL, NULL, NULL, NULL, 'N', 'N', 1, 1, '2014-06-27 00:51:44', '2014-07-05 12:53:19');
/*!40000 ALTER TABLE `company_questionnaires`
    ENABLE KEYS */;
UNLOCK TABLES;

--
-- Table structure for table `company_questionnaires_category_template`
--

DROP TABLE IF EXISTS `company_questionnaires_category_template`;
/*!40101 SET @saved_cs_client = @@character_set_client */;
/*!50503 SET character_set_client = utf8mb4 */;
CREATE TABLE `company_questionnaires_category_template`
(
    `q_id`                 int unsigned NOT NULL DEFAULT '0',
    `prospect_category_id` int unsigned NOT NULL,
    `prospect_template_id` int unsigned NOT NULL,
    PRIMARY KEY (`q_id`, `prospect_category_id`, `prospect_template_id`),
    KEY `FK_company_questionnaires_category_template_2` (`prospect_category_id`),
    KEY `FK_company_questionnaires_category_template_3` (`prospect_template_id`),
    CONSTRAINT `FK_company_questionnaires_category_template_1` FOREIGN KEY (`q_id`) REFERENCES `company_questionnaires` (`q_id`) ON DELETE CASCADE ON UPDATE CASCADE,
    CONSTRAINT `FK_company_questionnaires_category_template_2` FOREIGN KEY (`prospect_category_id`) REFERENCES `company_prospects_categories` (`prospect_category_id`) ON DELETE CASCADE ON UPDATE CASCADE,
    CONSTRAINT `FK_company_questionnaires_category_template_3` FOREIGN KEY (`prospect_template_id`) REFERENCES `company_prospects_templates` (`prospect_template_id`) ON DELETE CASCADE ON UPDATE CASCADE
) ENGINE = InnoDB
  DEFAULT CHARSET = utf8mb3;
/*!40101 SET character_set_client = @saved_cs_client */;

--
-- Dumping data for table `company_questionnaires_category_template`
--

LOCK TABLES `company_questionnaires_category_template` WRITE;
/*!40000 ALTER TABLE `company_questionnaires_category_template`
    DISABLE KEYS */;
/*!40000 ALTER TABLE `company_questionnaires_category_template`
    ENABLE KEYS */;
UNLOCK TABLES;

--
-- Table structure for table `company_questionnaires_fields`
--

DROP TABLE IF EXISTS `company_questionnaires_fields`;
/*!40101 SET @saved_cs_client = @@character_set_client */;
/*!50503 SET character_set_client = utf8mb4 */;
CREATE TABLE `company_questionnaires_fields`
(
    `q_field_id`                       int unsigned   NOT NULL AUTO_INCREMENT,
    `q_field_unique_id`                char(255)      NOT NULL,
    `q_section_id`                     int unsigned   NOT NULL,
    `q_field_type`                     enum ('textfield','textarea','combo','combo_custom','checkbox','radio','date','country','email','label','job','job_and_noc','money','number','percentage','age','file') DEFAULT 'textfield',
    `q_field_required`                 enum ('Y','N')                                                                                                                                                          DEFAULT 'Y',
    `q_field_show_in_prospect_profile` enum ('Y','N')                                                                                                                                                          DEFAULT 'Y',
    `q_field_show_in_qnr`              enum ('Y','N') NOT NULL                                                                                                                                                 DEFAULT 'Y',
    `q_field_show_please_select`       enum ('Y','N') NOT NULL                                                                                                                                                 DEFAULT 'N',
    `q_field_use_in_search`            enum ('Y','N') NOT NULL                                                                                                                                                 DEFAULT 'Y',
    `q_field_order`                    tinyint unsigned                                                                                                                                                        DEFAULT '0',
    PRIMARY KEY (`q_field_id`, `q_section_id`),
    KEY `FK_company_questionnaires_fields_1` (`q_section_id`),
    CONSTRAINT `FK_company_questionnaires_fields_1` FOREIGN KEY (`q_section_id`) REFERENCES `company_questionnaires_sections` (`q_section_id`) ON DELETE CASCADE ON UPDATE CASCADE
) ENGINE = InnoDB
  AUTO_INCREMENT = 126
  DEFAULT CHARSET = utf8mb3;
/*!40101 SET character_set_client = @saved_cs_client */;

--
-- Dumping data for table `company_questionnaires_fields`
--

LOCK TABLES `company_questionnaires_fields` WRITE;
/*!40000 ALTER TABLE `company_questionnaires_fields`
    DISABLE KEYS */;
INSERT INTO `company_questionnaires_fields`
VALUES (2, 'qf_last_name', 1, 'textfield', 'Y', 'Y', 'Y', 'N', 'Y', 2),
       (3, 'qf_first_name', 1, 'textfield', 'Y', 'Y', 'Y', 'N', 'Y', 1),
       (4, 'qf_age', 1, 'date', 'Y', 'Y', 'Y', 'N', 'Y', 3),
       (5, 'qf_country_of_citizenship', 1, 'country', 'Y', 'Y', 'Y', 'Y', 'Y', 6),
       (6, 'qf_country_of_residence', 1, 'country', 'N', 'Y', 'Y', 'Y', 'Y', 7),
       (7, 'qf_email', 1, 'email', 'Y', 'Y', 'Y', 'N', 'Y', 5),
       (8, 'qf_phone', 1, 'textfield', 'N', 'Y', 'Y', 'N', 'Y', 4),
       (9, 'qf_current_address_visa_type', 1, 'textfield', 'N', 'Y', 'Y', 'N', 'Y', 9),
       (10, 'qf_current_address_street_address_1', 2, 'textfield', 'N', 'Y', 'Y', 'N', 'Y', 10),
       (11, 'qf_current_address_street_address_2', 2, 'textfield', 'N', 'Y', 'Y', 'N', 'Y', 11),
       (12, 'qf_current_address_suburb', 2, 'textfield', 'N', 'Y', 'Y', 'N', 'Y', 12),
       (13, 'qf_current_address_state', 2, 'textfield', 'N', 'Y', 'Y', 'N', 'Y', 13),
       (14, 'qf_current_address_postal_code', 2, 'textfield', 'N', 'Y', 'Y', 'N', 'Y', 14),
       (15, 'qf_applied_for_visa_before', 1, 'radio', 'N', 'Y', 'Y', 'Y', 'Y', 10),
       (16, 'qf_visa_refused_or_cancelled', 1, 'radio', 'N', 'Y', 'Y', 'Y', 'Y', 11),
       (17, 'qf_marital_status', 1, 'combo', 'N', 'Y', 'Y', 'Y', 'Y', 17),
       (18, 'qf_area_of_interest', 1, 'checkbox', 'Y', 'Y', 'Y', 'Y', 'N', 50),
       (19, 'qf_spouse_first_name', 3, 'textfield', 'Y', 'Y', 'Y', 'N', 'Y', 19),
       (20, 'qf_spouse_last_name', 3, 'textfield', 'Y', 'Y', 'Y', 'N', 'Y', 20),
       (21, 'qf_spouse_date_of_birth', 3, 'date', 'Y', 'Y', 'Y', 'N', 'Y', 21),
       (22, 'qf_spouse_country_of_passport', 3, 'country', 'Y', 'Y', 'Y', 'N', 'Y', 22),
       (23, 'qf_spouse_country_of_current_residence', 3, 'country', 'N', 'Y', 'Y', 'N', 'Y', 23),
       (24, 'qf_spouse_is_resident_of_australia', 3, 'radio', 'N', 'Y', 'Y', 'Y', 'Y', 24),
       (25, 'qf_spouse_is_resident_of_new_zealand', 3, 'radio', 'N', 'Y', 'Y', 'Y', 'Y', 25),
       (26, 'qf_education_highest_qualification', 5, 'combo', 'N', 'Y', 'Y', 'Y', 'Y', 2),
       (27, 'qf_education_name_qualification', 5, 'textfield', 'N', 'Y', 'Y', 'N', 'Y', 3),
       (28, 'qf_education_name_bachelor_degree', 5, 'textfield', 'N', 'Y', 'Y', 'N', 'Y', 5),
       (29, 'qf_education_country_of_education', 5, 'country', 'N', 'Y', 'Y', 'N', 'Y', 6),
       (30, 'qf_education_duration_of_course', 5, 'number', 'N', 'Y', 'Y', 'N', 'Y', 7),
       (31, 'qf_education_was_course_in_regional', 5, 'radio', 'N', 'Y', 'Y', 'Y', 'Y', 8),
       (32, 'qf_education_completion_date', 5, 'date', 'N', 'Y', 'Y', 'N', 'Y', 9),
       (33, 'qf_language_have_taken_test_on_english', 6, 'radio', 'N', 'Y', 'Y', 'Y', 'Y', 2),
       (34, 'qf_language_date_of_test', 6, 'date', 'N', 'Y', 'Y', 'N', 'Y', 4),
       (35, 'qf_language_listening_score', 6, 'textfield', 'N', 'Y', 'Y', 'Y', 'Y', 4),
       (36, 'qf_language_reading_score', 6, 'textfield', 'N', 'Y', 'Y', 'Y', 'Y', 5),
       (37, 'qf_language_writing_score', 6, 'textfield', 'N', 'Y', 'Y', 'Y', 'Y', 6),
       (38, 'qf_language_speaking_score', 6, 'textfield', 'N', 'Y', 'Y', 'Y', 'Y', 7),
       (39, 'qf_job_title', 7, 'job_and_noc', 'N', 'Y', 'Y', 'N', 'N', 1),
       (40, 'qf_job_employer', 7, 'textfield', 'N', 'Y', 'Y', 'N', 'N', 3),
       (41, 'qf_job_text_title', 7, 'textfield', 'N', 'Y', 'Y', 'N', 'N', 4),
       (42, 'qf_job_country_of_employment', 7, 'country', 'N', 'Y', 'Y', 'N', 'N', 5),
       (43, 'qf_job_start_date', 7, 'date', 'N', 'Y', 'Y', 'N', 'N', 6),
       (44, 'qf_job_end_date', 7, 'date', 'N', 'Y', 'Y', 'N', 'N', 7),
       (51, 'qf_total_number_of_children', 4, 'number', 'N', 'Y', 'Y', 'N', 'Y', 26),
       (52, 'qf_number_of_children_australian_residents', 4, 'number', 'N', 'Y', 'Y', 'N', 'Y', 27),
       (53, 'qf_education_spouse_highest_qualification', 5, 'combo', 'N', 'Y', 'Y', 'Y', 'Y', 13),
       (54, 'qf_education_spouse_name_qualification', 5, 'textfield', 'N', 'Y', 'Y', 'N', 'Y', 14),
       (55, 'qf_education_spouse_name_bachelor_degree', 5, 'textfield', 'N', 'Y', 'Y', 'N', 'Y', 16),
       (56, 'qf_education_spouse_country_of_education', 5, 'country', 'N', 'Y', 'Y', 'N', 'Y', 17),
       (57, 'qf_education_spouse_completion_date', 5, 'date', 'N', 'Y', 'Y', 'N', 'Y', 18),
       (58, 'qf_language_spouse_have_taken_test_on_english', 6, 'radio', 'N', 'Y', 'Y', 'Y', 'Y', 10),
       (59, 'qf_language_spouse_date_of_test', 6, 'date', 'N', 'Y', 'Y', 'N', 'Y', 12),
       (60, 'qf_language_spouse_listening_score', 6, 'textfield', 'N', 'Y', 'Y', 'Y', 'Y', 12),
       (61, 'qf_language_spouse_reading_score', 6, 'textfield', 'N', 'Y', 'Y', 'Y', 'Y', 13),
       (62, 'qf_language_spouse_writing_score', 6, 'textfield', 'N', 'Y', 'Y', 'Y', 'Y', 14),
       (63, 'qf_language_spouse_speaking_score', 6, 'textfield', 'N', 'Y', 'Y', 'Y', 'Y', 15),
       (64, 'qf_language_spouse_overall_score', 6, 'textfield', 'N', 'Y', 'Y', 'Y', 'Y', 16),
       (68, 'qf_job_spouse_title', 8, 'job_and_noc', 'N', 'Y', 'Y', 'N', 'N', 8),
       (69, 'qf_job_spouse_employer', 8, 'textfield', 'N', 'Y', 'Y', 'N', 'N', 10),
       (70, 'qf_job_spouse_text_title', 8, 'textfield', 'N', 'Y', 'Y', 'N', 'N', 11),
       (71, 'qf_job_spouse_country_of_employment', 8, 'country', 'N', 'Y', 'Y', 'N', 'N', 12),
       (72, 'qf_job_spouse_start_date', 8, 'date', 'N', 'Y', 'Y', 'N', 'N', 13),
       (73, 'qf_job_spouse_end_date', 8, 'date', 'N', 'Y', 'Y', 'N', 'N', 14),
       (80, 'qf_prepared_to_invest', 9, 'radio', 'N', 'Y', 'Y', 'Y', 'Y', 80),
       (81, 'qf_have_experience_in_managing', 9, 'radio', 'N', 'Y', 'Y', 'Y', 'Y', 81),
       (82, 'qf_was_the_turnover_greater', 9, 'radio', 'N', 'Y', 'Y', 'Y', 'Y', 82),
       (83, 'qf_is_your_net_worth', 9, 'radio', 'N', 'Y', 'Y', 'Y', 'Y', 83),
       (84, 'qf_states_of_interest', 10, 'checkbox', 'N', 'Y', 'Y', 'Y', 'N', 84),
       (85, 'qf_have_you_completed_any_qualification', 10, 'radio', 'N', 'Y', 'Y', 'Y', 'Y', 85),
       (86, 'qf_currently_have_a_job_offer', 10, 'radio', 'N', 'Y', 'Y', 'Y', 'Y', 86),
       (87, 'qf_position_job_title', 11, 'textfield', 'N', 'Y', 'Y', 'N', 'Y', 87),
       (88, 'qf_name_of_the_business', 11, 'textfield', 'N', 'Y', 'Y', 'N', 'Y', 88),
       (89, 'qf_address_of_the_employer', 11, 'textarea', 'N', 'Y', 'Y', 'N', 'Y', 89),
       (90, 'qf_phone_number', 11, 'textfield', 'N', 'Y', 'Y', 'N', 'Y', 90),
       (91, 'qf_email_address', 11, 'email', 'N', 'Y', 'Y', 'N', 'Y', 91),
       (92, 'qf_contact_person', 11, 'textfield', 'N', 'Y', 'Y', 'N', 'Y', 92),
       (93, 'qf_education_your_label_au', 5, 'label', 'N', 'Y', 'Y', 'N', 'N', 1),
       (94, 'qf_education_spouse_label_au', 5, 'label', 'N', 'Y', 'Y', 'N', 'N', 12),
       (95, 'qf_language_your_label_au', 6, 'label', 'N', 'Y', 'Y', 'N', 'N', 1),
       (96, 'qf_language_spouse_label_au', 6, 'label', 'N', 'Y', 'Y', 'N', 'N', 9),
       (97, 'qf_language_overall_score', 6, 'textfield', 'N', 'Y', 'Y', 'Y', 'Y', 8),
       (100, 'qf_job_spouse_resume', 8, 'file', 'N', 'Y', 'Y', 'N', 'N', 0),
       (101, 'qf_job_resume', 7, 'file', 'N', 'Y', 'Y', 'N', 'N', 0),
       (102, 'qf_email_confirmation', 1, 'email', 'Y', 'N', 'Y', 'N', 'N', 5),
       (103, 'qf_date_permanent_residency_obtained', 1, 'date', 'N', 'Y', 'Y', 'N', 'Y', 52),
       (104, 'qf_programs_completed_professional_year', 12, 'radio', 'N', 'Y', 'Y', 'Y', 'Y', 16),
       (105, 'qf_programs_name', 12, 'textfield', 'N', 'Y', 'Y', 'N', 'Y', 17),
       (106, 'qf_programs_year_completed', 12, 'textfield', 'N', 'Y', 'Y', 'N', 'Y', 18),
       (107, 'qf_programs_have_credentialed_language_qualification', 12, 'radio', 'N', 'Y', 'Y', 'Y', 'Y', 19),
       (108, 'qf_referred_by', 1, 'combo_custom', 'Y', 'Y', 'Y', 'N', 'Y', 100),
       (109, 'qf_initial_interview_date', 1, 'date', 'N', 'Y', 'Y', 'N', 'Y', 120),
       (110, 'qf_applicant_have_criminal_convictions', 1, 'radio', 'N', 'Y', 'Y', 'Y', 'Y', 12),
       (111, 'qf_applicant_health_or_care_concerns', 1, 'radio', 'N', 'Y', 'Y', 'Y', 'Y', 15),
       (112, 'qf_further_information', 1, 'textarea', 'N', 'Y', 'Y', 'N', 'Y', 130),
       (113, 'qf_language_type_of_test', 6, 'combo', 'N', 'Y', 'Y', 'Y', 'Y', 3),
       (114, 'qf_language_spouse_type_of_test', 6, 'combo', 'N', 'Y', 'Y', 'Y', 'Y', 11),
       (115, 'qf_money_in_venture_capital', 9, 'radio', 'N', 'Y', 'Y', 'Y', 'Y', 84),
       (116, 'qf_education_institution_name', 5, 'textfield', 'N', 'Y', 'Y', 'N', 'Y', 4),
       (117, 'qf_relative_designated_area', 13, 'radio', 'N', 'Y', 'Y', 'Y', 'Y', 0),
       (118, 'qf_relationship_nature', 13, 'combo', 'N', 'Y', 'Y', 'Y', 'Y', 1),
       (119, 'qf_relative_postcode', 13, 'textfield', 'N', 'Y', 'Y', 'N', 'Y', 2),
       (120, 'qf_did_not_arrive', 1, 'combo_custom', 'N', 'Y', 'N', 'N', 'Y', 131),
       (121, 'qf_education_additional_qualification', 5, 'checkbox', 'N', 'Y', 'Y', 'N', 'N', 10),
       (122, 'qf_education_additional_qualification_list', 5, 'textarea', 'N', 'Y', 'Y', 'N', 'Y', 11),
       (123, 'qf_education_spouse_additional_qualification', 5, 'checkbox', 'N', 'Y', 'Y', 'N', 'N', 19),
       (124, 'qf_education_spouse_additional_qualification_list', 5, 'textarea', 'N', 'Y', 'Y', 'N', 'Y', 20),
       (125, 'qf_education_spouse_institution_name', 5, 'textfield', 'N', 'Y', 'Y', 'N', 'Y', 15);
/*!40000 ALTER TABLE `company_questionnaires_fields`
    ENABLE KEYS */;
UNLOCK TABLES;

--
-- Table structure for table `company_questionnaires_fields_custom_options`
--

DROP TABLE IF EXISTS `company_questionnaires_fields_custom_options`;
/*!40101 SET @saved_cs_client = @@character_set_client */;
/*!50503 SET character_set_client = utf8mb4 */;
CREATE TABLE `company_questionnaires_fields_custom_options`
(
    `q_field_custom_option_id`       int unsigned   NOT NULL AUTO_INCREMENT,
    `q_id`                           int unsigned   NOT NULL,
    `q_field_id`                     int unsigned   NOT NULL,
    `q_field_custom_option_label`    char(255)      NOT NULL,
    `q_field_custom_option_visible`  enum ('Y','N') NOT NULL DEFAULT 'Y',
    `q_field_custom_option_selected` enum ('Y','N') NOT NULL DEFAULT 'N',
    `q_field_custom_option_order`    tinyint unsigned        DEFAULT '0',
    PRIMARY KEY (`q_field_custom_option_id`, `q_id`, `q_field_id`),
    KEY `FK_company_questionnaires_fields_custom_options_1` (`q_id`),
    KEY `FK_company_questionnaires_fields_custom_options_2` (`q_field_id`),
    CONSTRAINT `FK_company_questionnaires_fields_custom_options_1` FOREIGN KEY (`q_id`) REFERENCES `company_questionnaires` (`q_id`) ON DELETE CASCADE ON UPDATE CASCADE,
    CONSTRAINT `FK_company_questionnaires_fields_custom_options_2` FOREIGN KEY (`q_field_id`) REFERENCES `company_questionnaires_fields` (`q_field_id`) ON DELETE CASCADE ON UPDATE CASCADE
) ENGINE = InnoDB
  AUTO_INCREMENT = 8
  DEFAULT CHARSET = utf8mb3;
/*!40101 SET character_set_client = @saved_cs_client */;

--
-- Dumping data for table `company_questionnaires_fields_custom_options`
--

LOCK TABLES `company_questionnaires_fields_custom_options` WRITE;
/*!40000 ALTER TABLE `company_questionnaires_fields_custom_options`
    DISABLE KEYS */;
INSERT INTO `company_questionnaires_fields_custom_options`
VALUES (1, 1, 108, 'Google', 'Y', 'N', 0),
       (2, 1, 108, 'Website', 'Y', 'N', 1),
       (3, 1, 108, 'Friend', 'Y', 'N', 2),
       (4, 1, 108, 'Presentation', 'Y', 'N', 3),
       (5, 1, 120, 'Did not arrive', 'Y', 'N', 0),
       (6, 1, 120, 'Lost interest', 'Y', 'N', 1),
       (7, 1, 120, 'No reply', 'Y', 'N', 2);
/*!40000 ALTER TABLE `company_questionnaires_fields_custom_options`
    ENABLE KEYS */;
UNLOCK TABLES;

--
-- Table structure for table `company_questionnaires_fields_options`
--

DROP TABLE IF EXISTS `company_questionnaires_fields_options`;
/*!40101 SET @saved_cs_client = @@character_set_client */;
/*!50503 SET character_set_client = utf8mb4 */;
CREATE TABLE `company_questionnaires_fields_options`
(
    `q_field_option_id`        int unsigned NOT NULL AUTO_INCREMENT,
    `q_field_id`               int unsigned NOT NULL,
    `q_field_option_unique_id` char(255)    NOT NULL,
    `q_field_option_selected`  enum ('Y','N')   DEFAULT 'N',
    `q_field_option_order`     tinyint unsigned DEFAULT '0',
    PRIMARY KEY (`q_field_option_id`, `q_field_id`),
    KEY `FK_company_questionnaires_fields_options_1` (`q_field_id`),
    CONSTRAINT `FK_company_questionnaires_fields_options_1` FOREIGN KEY (`q_field_id`) REFERENCES `company_questionnaires_fields` (`q_field_id`) ON DELETE CASCADE ON UPDATE CASCADE
) ENGINE = InnoDB
  AUTO_INCREMENT = 396
  DEFAULT CHARSET = utf8mb3;
/*!40101 SET character_set_client = @saved_cs_client */;

--
-- Dumping data for table `company_questionnaires_fields_options`
--

LOCK TABLES `company_questionnaires_fields_options` WRITE;
/*!40000 ALTER TABLE `company_questionnaires_fields_options`
    DISABLE KEYS */;
INSERT INTO `company_questionnaires_fields_options`
VALUES (1, 15, 'yes', 'N', 0),
       (2, 15, 'no', 'N', 1),
       (3, 16, 'yes', 'N', 0),
       (4, 16, 'no', 'N', 1),
       (5, 17, 'never_married', 'N', 0),
       (6, 17, 'divorced', 'N', 1),
       (7, 17, 'married', 'N', 2),
       (8, 17, 'engaged', 'N', 3),
       (9, 18, 'skilled_independent_visa', 'N', 0),
       (10, 18, 'employer_sponsored_visa', 'N', 1),
       (11, 18, 'partner_visa', 'N', 2),
       (12, 18, 'parent_visa', 'N', 3),
       (13, 18, 'student_visa', 'N', 4),
       (14, 18, 'business_investment_visa', 'N', 5),
       (15, 18, 'state_sponsorship_visa', 'N', 6),
       (16, 24, 'yes', 'N', 0),
       (17, 24, 'no', 'N', 1),
       (18, 25, 'yes', 'N', 0),
       (19, 25, 'no', 'N', 1),
       (20, 26, 'phd', 'N', 0),
       (22, 26, 'masters_degree', 'N', 2),
       (24, 26, 'bachelor_degree', 'N', 4),
       (25, 26, 'associate_degree', 'N', 5),
       (26, 26, 'advanced_diploma', 'N', 6),
       (27, 26, 'diploma', 'N', 7),
       (28, 26, 'trade_certificate', 'N', 8),
       (29, 33, 'yes', 'N', 0),
       (30, 33, 'no', 'N', 1),
       (31, 31, 'yes', 'N', 0),
       (32, 31, 'no', 'N', 1),
       (33, 39, 'anzsco', 'N', 0),
       (34, 39, 'choice_2', 'N', 1),
       (37, 53, 'phd', 'N', 0),
       (39, 53, 'masters_degree', 'N', 2),
       (41, 53, 'bachelor_degree', 'N', 4),
       (42, 53, 'associate_degree', 'N', 5),
       (43, 53, 'advanced_diploma', 'N', 6),
       (44, 53, 'diploma', 'N', 7),
       (45, 53, 'trade_certificate', 'N', 8),
       (46, 58, 'yes', 'N', 0),
       (47, 58, 'no', 'N', 1),
       (52, 68, 'anzsco', 'N', 0),
       (53, 68, 'choice_2', 'N', 1),
       (59, 80, 'yes', 'N', 0),
       (60, 80, 'no', 'N', 1),
       (61, 81, 'yes', 'N', 0),
       (62, 81, 'no', 'N', 1),
       (63, 82, 'yes', 'N', 0),
       (64, 82, 'no', 'N', 1),
       (65, 83, 'yes', 'N', 0),
       (66, 83, 'no', 'N', 1),
       (67, 84, 'queensland', 'N', 0),
       (68, 84, 'new_south_wales', 'N', 1),
       (69, 84, 'victoria', 'N', 2),
       (70, 84, 'act', 'N', 3),
       (71, 84, 'tasmania', 'N', 4),
       (72, 84, 'western_australia', 'N', 5),
       (73, 84, 'northern_territory', 'N', 6),
       (75, 84, 'south_australia', 'N', 7),
       (76, 85, 'yes', 'N', 0),
       (77, 85, 'no', 'N', 1),
       (78, 86, 'yes', 'N', 0),
       (79, 86, 'no', 'N', 1),
       (80, 35, '0', 'N', 1),
       (81, 35, '0.5', 'N', 2),
       (82, 35, '1', 'N', 3),
       (83, 35, '1.5', 'N', 4),
       (84, 35, '2', 'N', 5),
       (85, 35, '2.5', 'N', 6),
       (86, 35, '3', 'N', 7),
       (87, 35, '3.5', 'N', 8),
       (88, 35, '4', 'N', 9),
       (89, 35, '4.5', 'N', 10),
       (90, 35, '5', 'N', 11),
       (91, 35, '5.5', 'N', 12),
       (92, 35, '6', 'N', 13),
       (93, 35, '6.5', 'N', 14),
       (94, 35, '7', 'N', 15),
       (95, 35, '7.5', 'N', 16),
       (96, 35, '8', 'N', 17),
       (97, 35, '8.5', 'N', 18),
       (98, 35, '9', 'N', 19),
       (100, 36, '0', 'N', 1),
       (101, 36, '0.5', 'N', 2),
       (102, 36, '1', 'N', 3),
       (103, 36, '1.5', 'N', 4),
       (104, 36, '2', 'N', 5),
       (105, 36, '2.5', 'N', 6),
       (106, 36, '3', 'N', 7),
       (107, 36, '3.5', 'N', 8),
       (108, 36, '4', 'N', 9),
       (109, 36, '4.5', 'N', 10),
       (110, 36, '5', 'N', 11),
       (111, 36, '5.5', 'N', 12),
       (112, 36, '6', 'N', 13),
       (113, 36, '6.5', 'N', 14),
       (114, 36, '7', 'N', 15),
       (115, 36, '7.5', 'N', 16),
       (116, 36, '8', 'N', 17),
       (117, 36, '8.5', 'N', 18),
       (118, 36, '9', 'N', 19),
       (120, 37, '0', 'N', 1),
       (121, 37, '0.5', 'N', 2),
       (122, 37, '1', 'N', 3),
       (123, 37, '1.5', 'N', 4),
       (124, 37, '2', 'N', 5),
       (125, 37, '2.5', 'N', 6),
       (126, 37, '3', 'N', 7),
       (127, 37, '3.5', 'N', 8),
       (128, 37, '4', 'N', 9),
       (129, 37, '4.5', 'N', 10),
       (130, 37, '5', 'N', 11),
       (131, 37, '5.5', 'N', 12),
       (132, 37, '6', 'N', 13),
       (133, 37, '6.5', 'N', 14),
       (134, 37, '7', 'N', 15),
       (135, 37, '7.5', 'N', 16),
       (136, 37, '8', 'N', 17),
       (137, 37, '8.5', 'N', 18),
       (138, 37, '9', 'N', 19),
       (151, 38, '0', 'N', 1),
       (152, 38, '0.5', 'N', 2),
       (153, 38, '1', 'N', 3),
       (154, 38, '1.5', 'N', 4),
       (155, 38, '2', 'N', 5),
       (156, 38, '2.5', 'N', 6),
       (157, 38, '3', 'N', 7),
       (158, 38, '3.5', 'N', 8),
       (159, 38, '4', 'N', 9),
       (160, 38, '4.5', 'N', 10),
       (161, 38, '5', 'N', 11),
       (162, 38, '5.5', 'N', 12),
       (163, 38, '6', 'N', 13),
       (164, 38, '6.5', 'N', 14),
       (165, 38, '7', 'N', 15),
       (166, 38, '7.5', 'N', 16),
       (167, 38, '8', 'N', 17),
       (168, 38, '8.5', 'N', 18),
       (169, 38, '9', 'N', 19),
       (182, 60, '0', 'N', 1),
       (183, 60, '0.5', 'N', 2),
       (184, 60, '1', 'N', 3),
       (185, 60, '1.5', 'N', 4),
       (186, 60, '2', 'N', 5),
       (187, 60, '2.5', 'N', 6),
       (188, 60, '3', 'N', 7),
       (189, 60, '3.5', 'N', 8),
       (190, 60, '4', 'N', 9),
       (191, 60, '4.5', 'N', 10),
       (192, 60, '5', 'N', 11),
       (193, 60, '5.5', 'N', 12),
       (194, 60, '6', 'N', 13),
       (195, 60, '6.5', 'N', 14),
       (196, 60, '7', 'N', 15),
       (197, 60, '7.5', 'N', 16),
       (198, 60, '8', 'N', 17),
       (199, 60, '8.5', 'N', 18),
       (200, 60, '9', 'N', 19),
       (213, 61, '0', 'N', 1),
       (214, 61, '0.5', 'N', 2),
       (215, 61, '1', 'N', 3),
       (216, 61, '1.5', 'N', 4),
       (217, 61, '2', 'N', 5),
       (218, 61, '2.5', 'N', 6),
       (219, 61, '3', 'N', 7),
       (220, 61, '3.5', 'N', 8),
       (221, 61, '4', 'N', 9),
       (222, 61, '4.5', 'N', 10),
       (223, 61, '5', 'N', 11),
       (224, 61, '5.5', 'N', 12),
       (225, 61, '6', 'N', 13),
       (226, 61, '6.5', 'N', 14),
       (227, 61, '7', 'N', 15),
       (228, 61, '7.5', 'N', 16),
       (229, 61, '8', 'N', 17),
       (230, 61, '8.5', 'N', 18),
       (231, 61, '9', 'N', 19),
       (244, 62, '0', 'N', 1),
       (245, 62, '0.5', 'N', 2),
       (246, 62, '1', 'N', 3),
       (247, 62, '1.5', 'N', 4),
       (248, 62, '2', 'N', 5),
       (249, 62, '2.5', 'N', 6),
       (250, 62, '3', 'N', 7),
       (251, 62, '3.5', 'N', 8),
       (252, 62, '4', 'N', 9),
       (253, 62, '4.5', 'N', 10),
       (254, 62, '5', 'N', 11),
       (255, 62, '5.5', 'N', 12),
       (256, 62, '6', 'N', 13),
       (257, 62, '6.5', 'N', 14),
       (258, 62, '7', 'N', 15),
       (259, 62, '7.5', 'N', 16),
       (260, 62, '8', 'N', 17),
       (261, 62, '8.5', 'N', 18),
       (262, 62, '9', 'N', 19),
       (275, 63, '0', 'N', 1),
       (276, 63, '0.5', 'N', 2),
       (277, 63, '1', 'N', 3),
       (278, 63, '1.5', 'N', 4),
       (279, 63, '2', 'N', 5),
       (280, 63, '2.5', 'N', 6),
       (281, 63, '3', 'N', 7),
       (282, 63, '3.5', 'N', 8),
       (283, 63, '4', 'N', 9),
       (284, 63, '4.5', 'N', 10),
       (285, 63, '5', 'N', 11),
       (286, 63, '5.5', 'N', 12),
       (287, 63, '6', 'N', 13),
       (288, 63, '6.5', 'N', 14),
       (289, 63, '7', 'N', 15),
       (290, 63, '7.5', 'N', 16),
       (291, 63, '8', 'N', 17),
       (292, 63, '8.5', 'N', 18),
       (293, 63, '9', 'N', 19),
       (306, 64, '0', 'N', 1),
       (307, 64, '0.5', 'N', 2),
       (308, 64, '1', 'N', 3),
       (309, 64, '1.5', 'N', 4),
       (310, 64, '2', 'N', 5),
       (311, 64, '2.5', 'N', 6),
       (312, 64, '3', 'N', 7),
       (313, 64, '3.5', 'N', 8),
       (314, 64, '4', 'N', 9),
       (315, 64, '4.5', 'N', 10),
       (316, 64, '5', 'N', 11),
       (317, 64, '5.5', 'N', 12),
       (318, 64, '6', 'N', 13),
       (319, 64, '6.5', 'N', 14),
       (320, 64, '7', 'N', 15),
       (321, 64, '7.5', 'N', 16),
       (322, 64, '8', 'N', 17),
       (323, 64, '8.5', 'N', 18),
       (324, 64, '9', 'N', 19),
       (337, 97, '0', 'N', 1),
       (338, 97, '0.5', 'N', 2),
       (339, 97, '1', 'N', 3),
       (340, 97, '1.5', 'N', 4),
       (341, 97, '2', 'N', 5),
       (342, 97, '2.5', 'N', 6),
       (343, 97, '3', 'N', 7),
       (344, 97, '3.5', 'N', 8),
       (345, 97, '4', 'N', 9),
       (346, 97, '4.5', 'N', 10),
       (347, 97, '5', 'N', 11),
       (348, 97, '5.5', 'N', 12),
       (349, 97, '6', 'N', 13),
       (350, 97, '6.5', 'N', 14),
       (351, 97, '7', 'N', 15),
       (352, 97, '7.5', 'N', 16),
       (353, 97, '8', 'N', 17),
       (354, 97, '8.5', 'N', 18),
       (355, 97, '9', 'N', 19),
       (356, 17, 'common_law', 'N', 4),
       (357, 18, 'citizenship', 'N', 7),
       (358, 26, 'high_school', 'N', 9),
       (359, 53, 'high_school', 'N', 9),
       (360, 104, 'yes', 'N', 0),
       (361, 104, 'no', 'N', 1),
       (362, 107, 'yes', 'N', 0),
       (363, 107, 'no', 'N', 1),
       (364, 17, 'widowed', 'N', 5),
       (365, 17, 'separated', 'N', 6),
       (366, 110, 'yes', 'N', 0),
       (367, 110, 'no', 'N', 1),
       (368, 111, 'yes', 'N', 0),
       (369, 111, 'no', 'N', 1),
       (370, 113, 'ielts', 'N', 0),
       (371, 113, 'pte', 'N', 1),
       (372, 113, 'toefl', 'N', 2),
       (373, 113, 'cae', 'N', 3),
       (374, 113, 'oet', 'N', 4),
       (375, 114, 'ielts', 'N', 0),
       (376, 114, 'pte', 'N', 1),
       (377, 114, 'toefl', 'N', 2),
       (378, 114, 'cae', 'N', 3),
       (379, 114, 'oet', 'N', 4),
       (380, 115, 'yes', 'N', 0),
       (381, 115, 'no', 'N', 1),
       (382, 117, 'yes', 'N', 0),
       (383, 117, 'no', 'N', 1),
       (384, 118, 'child', 'N', 0),
       (385, 118, 'parent', 'N', 1),
       (386, 118, 'brother', 'N', 2),
       (387, 118, 'sister', 'N', 3),
       (388, 118, 'niece', 'N', 4),
       (389, 118, 'nephew', 'N', 5),
       (390, 118, 'aunt', 'N', 6),
       (391, 118, 'uncle', 'N', 7),
       (392, 118, 'grandparent', 'N', 8),
       (393, 118, 'first_cousin', 'N', 9),
       (394, 121, 'yes', 'N', 0),
       (395, 123, 'yes', 'N', 0);
/*!40000 ALTER TABLE `company_questionnaires_fields_options`
    ENABLE KEYS */;
UNLOCK TABLES;

--
-- Table structure for table `company_questionnaires_fields_options_templates`
--

DROP TABLE IF EXISTS `company_questionnaires_fields_options_templates`;
/*!40101 SET @saved_cs_client = @@character_set_client */;
/*!50503 SET character_set_client = utf8mb4 */;
CREATE TABLE `company_questionnaires_fields_options_templates`
(
    `q_id`                   int unsigned NOT NULL,
    `q_field_option_id`      int unsigned NOT NULL,
    `q_field_option_label`   char(255)    NOT NULL,
    `q_field_option_visible` enum ('Y','N') DEFAULT 'Y',
    PRIMARY KEY (`q_field_option_id`, `q_id`),
    KEY `FK_company_questionnaires_fields_options_templates_1` (`q_id`),
    CONSTRAINT `FK_company_questionnaires_fields_options_templates_1` FOREIGN KEY (`q_id`) REFERENCES `company_questionnaires` (`q_id`) ON DELETE CASCADE ON UPDATE CASCADE,
    CONSTRAINT `FK_company_questionnaires_fields_options_templates_2` FOREIGN KEY (`q_field_option_id`) REFERENCES `company_questionnaires_fields_options` (`q_field_option_id`) ON DELETE CASCADE ON UPDATE CASCADE
) ENGINE = InnoDB
  DEFAULT CHARSET = utf8mb3;
/*!40101 SET character_set_client = @saved_cs_client */;

--
-- Dumping data for table `company_questionnaires_fields_options_templates`
--

LOCK TABLES `company_questionnaires_fields_options_templates` WRITE;
/*!40000 ALTER TABLE `company_questionnaires_fields_options_templates`
    DISABLE KEYS */;
INSERT INTO `company_questionnaires_fields_options_templates`
VALUES (1, 1, 'Yes', 'Y'),
       (1, 2, 'No', 'Y'),
       (1, 3, 'Yes', 'Y'),
       (1, 4, 'No', 'Y'),
       (1, 5, 'Never Married', 'Y'),
       (1, 6, 'Divorced', 'Y'),
       (1, 7, 'Married', 'Y'),
       (1, 8, 'Engaged', 'Y'),
       (1, 9, 'Skilled Independent Visa', 'Y'),
       (1, 10, 'Employer Sponsored Visa', 'Y'),
       (1, 11, 'Partner Visa', 'Y'),
       (1, 12, 'Parent Visa', 'Y'),
       (1, 13, 'Student Visa', 'Y'),
       (1, 14, 'Business/Significant Investment Visa', 'Y'),
       (1, 15, 'State Sponsorship Visa', 'Y'),
       (1, 16, 'Yes', 'Y'),
       (1, 17, 'No', 'Y'),
       (1, 18, 'Yes', 'Y'),
       (1, 19, 'No', 'Y'),
       (1, 20, 'PhD', 'Y'),
       (1, 22, 'Masters Degree', 'Y'),
       (1, 24, 'Bachelor Degree', 'Y'),
       (1, 25, 'Associate Degree', 'Y'),
       (1, 26, 'Advanced Diploma', 'Y'),
       (1, 27, 'Diploma', 'Y'),
       (1, 28, 'Trade Certificate', 'Y'),
       (1, 29, 'Yes', 'Y'),
       (1, 30, 'No', 'Y'),
       (1, 31, 'Yes', 'Y'),
       (1, 32, 'No', 'Y'),
       (1, 33, 'ANZSCO Occupations', 'Y'),
       (1, 34, 'Choice 2', 'Y'),
       (1, 37, 'PhD', 'Y'),
       (1, 39, 'Masters Degree', 'Y'),
       (1, 41, 'Bachelor Degree', 'Y'),
       (1, 42, 'Associate Degree', 'Y'),
       (1, 43, 'Advanced Diploma', 'Y'),
       (1, 44, 'Diploma', 'Y'),
       (1, 45, 'Trade Certificate', 'Y'),
       (1, 46, 'Yes', 'Y'),
       (1, 47, 'No', 'Y'),
       (1, 52, 'ANZSCO Occupations', 'Y'),
       (1, 53, 'Choice 2', 'Y'),
       (1, 59, 'Yes', 'Y'),
       (1, 60, 'No', 'Y'),
       (1, 61, 'Yes', 'Y'),
       (1, 62, 'No', 'Y'),
       (1, 63, 'Yes', 'Y'),
       (1, 64, 'No', 'Y'),
       (1, 65, 'Yes', 'Y'),
       (1, 66, 'No', 'Y'),
       (1, 67, 'Queensland', 'Y'),
       (1, 68, 'New South Wales', 'Y'),
       (1, 69, 'Victoria', 'Y'),
       (1, 70, 'ACT', 'Y'),
       (1, 71, 'Tasmania', 'Y'),
       (1, 72, 'Western Australia', 'Y'),
       (1, 73, 'Northern Territory', 'Y'),
       (1, 75, 'South Australia', 'Y'),
       (1, 76, 'Yes', 'Y'),
       (1, 77, 'No', 'Y'),
       (1, 78, 'Yes', 'Y'),
       (1, 79, 'No', 'Y'),
       (1, 80, '0', 'Y'),
       (1, 81, '0.5', 'Y'),
       (1, 82, '1.0', 'Y'),
       (1, 83, '1.5', 'Y'),
       (1, 84, '2.0', 'Y'),
       (1, 85, '2.5', 'Y'),
       (1, 86, '3.0', 'Y'),
       (1, 87, '3.5', 'Y'),
       (1, 88, '4.0', 'Y'),
       (1, 89, '4.5', 'Y'),
       (1, 90, '5.0', 'Y'),
       (1, 91, '5.5', 'Y'),
       (1, 92, '6.0', 'Y'),
       (1, 93, '6.5', 'Y'),
       (1, 94, '7.0', 'Y'),
       (1, 95, '7.5', 'Y'),
       (1, 96, '8.0', 'Y'),
       (1, 97, '8.5', 'Y'),
       (1, 98, '9.0', 'Y'),
       (1, 100, '0', 'Y'),
       (1, 101, '0.5', 'Y'),
       (1, 102, '1.0', 'Y'),
       (1, 103, '1.5', 'Y'),
       (1, 104, '2.0', 'Y'),
       (1, 105, '2.5', 'Y'),
       (1, 106, '3.0', 'Y'),
       (1, 107, '3.5', 'Y'),
       (1, 108, '4.0', 'Y'),
       (1, 109, '4.5', 'Y'),
       (1, 110, '5.0', 'Y'),
       (1, 111, '5.5', 'Y'),
       (1, 112, '6.0', 'Y'),
       (1, 113, '6.5', 'Y'),
       (1, 114, '7.0', 'Y'),
       (1, 115, '7.5', 'Y'),
       (1, 116, '8.0', 'Y'),
       (1, 117, '8.5', 'Y'),
       (1, 118, '9.0', 'Y'),
       (1, 120, '0', 'Y'),
       (1, 121, '0.5', 'Y'),
       (1, 122, '1.0', 'Y'),
       (1, 123, '1.5', 'Y'),
       (1, 124, '2.0', 'Y'),
       (1, 125, '2.5', 'Y'),
       (1, 126, '3.0', 'Y'),
       (1, 127, '3.5', 'Y'),
       (1, 128, '4.0', 'Y'),
       (1, 129, '4.5', 'Y'),
       (1, 130, '5.0', 'Y'),
       (1, 131, '5.5', 'Y'),
       (1, 132, '6.0', 'Y'),
       (1, 133, '6.5', 'Y'),
       (1, 134, '7.0', 'Y'),
       (1, 135, '7.5', 'Y'),
       (1, 136, '8.0', 'Y'),
       (1, 137, '8.5', 'Y'),
       (1, 138, '9.0', 'Y'),
       (1, 151, '0', 'Y'),
       (1, 152, '0.5', 'Y'),
       (1, 153, '1.0', 'Y'),
       (1, 154, '1.5', 'Y'),
       (1, 155, '2.0', 'Y'),
       (1, 156, '2.5', 'Y'),
       (1, 157, '3.0', 'Y'),
       (1, 158, '3.5', 'Y'),
       (1, 159, '4.0', 'Y'),
       (1, 160, '4.5', 'Y'),
       (1, 161, '5.0', 'Y'),
       (1, 162, '5.5', 'Y'),
       (1, 163, '6.0', 'Y'),
       (1, 164, '6.5', 'Y'),
       (1, 165, '7.0', 'Y'),
       (1, 166, '7.5', 'Y'),
       (1, 167, '8.0', 'Y'),
       (1, 168, '8.5', 'Y'),
       (1, 169, '9.0', 'Y'),
       (1, 182, '0', 'Y'),
       (1, 183, '0.5', 'Y'),
       (1, 184, '1.0', 'Y'),
       (1, 185, '1.5', 'Y'),
       (1, 186, '2.0', 'Y'),
       (1, 187, '2.5', 'Y'),
       (1, 188, '3.0', 'Y'),
       (1, 189, '3.5', 'Y'),
       (1, 190, '4.0', 'Y'),
       (1, 191, '4.5', 'Y'),
       (1, 192, '5.0', 'Y'),
       (1, 193, '5.5', 'Y'),
       (1, 194, '6.0', 'Y'),
       (1, 195, '6.5', 'Y'),
       (1, 196, '7.0', 'Y'),
       (1, 197, '7.5', 'Y'),
       (1, 198, '8.0', 'Y'),
       (1, 199, '8.5', 'Y'),
       (1, 200, '9.0', 'Y'),
       (1, 213, '0', 'Y'),
       (1, 214, '0.5', 'Y'),
       (1, 215, '1.0', 'Y'),
       (1, 216, '1.5', 'Y'),
       (1, 217, '2.0', 'Y'),
       (1, 218, '2.5', 'Y'),
       (1, 219, '3.0', 'Y'),
       (1, 220, '3.5', 'Y'),
       (1, 221, '4.0', 'Y'),
       (1, 222, '4.5', 'Y'),
       (1, 223, '5.0', 'Y'),
       (1, 224, '5.5', 'Y'),
       (1, 225, '6.0', 'Y'),
       (1, 226, '6.5', 'Y'),
       (1, 227, '7.0', 'Y'),
       (1, 228, '7.5', 'Y'),
       (1, 229, '8.0', 'Y'),
       (1, 230, '8.5', 'Y'),
       (1, 231, '9.0', 'Y'),
       (1, 244, '0', 'Y'),
       (1, 245, '0.5', 'Y'),
       (1, 246, '1.0', 'Y'),
       (1, 247, '1.5', 'Y'),
       (1, 248, '2.0', 'Y'),
       (1, 249, '2.5', 'Y'),
       (1, 250, '3.0', 'Y'),
       (1, 251, '3.5', 'Y'),
       (1, 252, '4.0', 'Y'),
       (1, 253, '4.5', 'Y'),
       (1, 254, '5.0', 'Y'),
       (1, 255, '5.5', 'Y'),
       (1, 256, '6.0', 'Y'),
       (1, 257, '6.5', 'Y'),
       (1, 258, '7.0', 'Y'),
       (1, 259, '7.5', 'Y'),
       (1, 260, '8.0', 'Y'),
       (1, 261, '8.5', 'Y'),
       (1, 262, '9.0', 'Y'),
       (1, 275, '0', 'Y'),
       (1, 276, '0.5', 'Y'),
       (1, 277, '1.0', 'Y'),
       (1, 278, '1.5', 'Y'),
       (1, 279, '2.0', 'Y'),
       (1, 280, '2.5', 'Y'),
       (1, 281, '3.0', 'Y'),
       (1, 282, '3.5', 'Y'),
       (1, 283, '4.0', 'Y'),
       (1, 284, '4.5', 'Y'),
       (1, 285, '5.0', 'Y'),
       (1, 286, '5.5', 'Y'),
       (1, 287, '6.0', 'Y'),
       (1, 288, '6.5', 'Y'),
       (1, 289, '7.0', 'Y'),
       (1, 290, '7.5', 'Y'),
       (1, 291, '8.0', 'Y'),
       (1, 292, '8.5', 'Y'),
       (1, 293, '9.0', 'Y'),
       (1, 306, '0', 'Y'),
       (1, 307, '0.5', 'Y'),
       (1, 308, '1.0', 'Y'),
       (1, 309, '1.5', 'Y'),
       (1, 310, '2.0', 'Y'),
       (1, 311, '2.5', 'Y'),
       (1, 312, '3.0', 'Y'),
       (1, 313, '3.5', 'Y'),
       (1, 314, '4.0', 'Y'),
       (1, 315, '4.5', 'Y'),
       (1, 316, '5.0', 'Y'),
       (1, 317, '5.5', 'Y'),
       (1, 318, '6.0', 'Y'),
       (1, 319, '6.5', 'Y'),
       (1, 320, '7.0', 'Y'),
       (1, 321, '7.5', 'Y'),
       (1, 322, '8.0', 'Y'),
       (1, 323, '8.5', 'Y'),
       (1, 324, '9.0', 'Y'),
       (1, 337, '0', 'Y'),
       (1, 338, '0.5', 'Y'),
       (1, 339, '1.0', 'Y'),
       (1, 340, '1.5', 'Y'),
       (1, 341, '2.0', 'Y'),
       (1, 342, '2.5', 'Y'),
       (1, 343, '3.0', 'Y'),
       (1, 344, '3.5', 'Y'),
       (1, 345, '4.0', 'Y'),
       (1, 346, '4.5', 'Y'),
       (1, 347, '5.0', 'Y'),
       (1, 348, '5.5', 'Y'),
       (1, 349, '6.0', 'Y'),
       (1, 350, '6.5', 'Y'),
       (1, 351, '7.0', 'Y'),
       (1, 352, '7.5', 'Y'),
       (1, 353, '8.0', 'Y'),
       (1, 354, '8.5', 'Y'),
       (1, 355, '9.0', 'Y'),
       (1, 356, 'De-Facto/Common Law', 'Y'),
       (1, 357, 'Citizenship', 'Y'),
       (1, 358, 'High School', 'Y'),
       (1, 359, 'High School', 'Y'),
       (1, 360, 'Yes', 'Y'),
       (1, 361, 'No', 'Y'),
       (1, 362, 'Yes', 'Y'),
       (1, 363, 'No', 'Y'),
       (1, 364, 'Widowed', 'Y'),
       (1, 365, 'Separated', 'Y'),
       (1, 366, 'Yes', 'Y'),
       (1, 367, 'No', 'Y'),
       (1, 368, 'Yes', 'Y'),
       (1, 369, 'No', 'Y'),
       (1, 370, 'IELTS', 'Y'),
       (1, 371, 'PTE', 'Y'),
       (1, 372, 'TOEFL iBT', 'Y'),
       (1, 373, 'CAE', 'Y'),
       (1, 374, 'OET', 'Y'),
       (1, 375, 'IELTS', 'Y'),
       (1, 376, 'PTE', 'Y'),
       (1, 377, 'TOEFL iBT', 'Y'),
       (1, 378, 'CAE', 'Y'),
       (1, 379, 'OET', 'Y'),
       (1, 380, 'Yes', 'Y'),
       (1, 381, 'No', 'Y'),
       (1, 382, 'Yes', 'Y'),
       (1, 383, 'No', 'Y'),
       (1, 384, 'Child', 'Y'),
       (1, 385, 'Parent', 'Y'),
       (1, 386, 'Brother', 'Y'),
       (1, 387, 'Sister', 'Y'),
       (1, 388, 'Niece', 'Y'),
       (1, 389, 'Nephew', 'Y'),
       (1, 390, 'Aunt', 'Y'),
       (1, 391, 'Uncle', 'Y'),
       (1, 392, 'Grandparent', 'Y'),
       (1, 393, 'First cousin', 'Y'),
       (1, 394, '', 'Y'),
       (1, 395, '', 'Y');
/*!40000 ALTER TABLE `company_questionnaires_fields_options_templates`
    ENABLE KEYS */;
UNLOCK TABLES;

--
-- Table structure for table `company_questionnaires_fields_templates`
--

DROP TABLE IF EXISTS `company_questionnaires_fields_templates`;
/*!40101 SET @saved_cs_client = @@character_set_client */;
/*!50503 SET character_set_client = utf8mb4 */;
CREATE TABLE `company_questionnaires_fields_templates`
(
    `q_id`                           int unsigned   NOT NULL,
    `q_field_id`                     int unsigned   NOT NULL,
    `q_field_label`                  char(255)      NOT NULL,
    `q_field_prospect_profile_label` char(255)      NOT NULL DEFAULT '',
    `q_field_help`                   text,
    `q_field_help_show`              enum ('Y','N')          DEFAULT 'N',
    `q_field_hidden`                 enum ('Y','N') NOT NULL DEFAULT 'N',
    PRIMARY KEY (`q_field_id`, `q_id`),
    KEY `FK_company_questionnaires_fields_templates_1` (`q_id`),
    CONSTRAINT `FK_company_questionnaires_fields_templates_1` FOREIGN KEY (`q_id`) REFERENCES `company_questionnaires` (`q_id`) ON DELETE CASCADE ON UPDATE CASCADE,
    CONSTRAINT `FK_company_questionnaires_fields_templates_2` FOREIGN KEY (`q_field_id`) REFERENCES `company_questionnaires_fields` (`q_field_id`) ON DELETE CASCADE ON UPDATE CASCADE
) ENGINE = InnoDB
  DEFAULT CHARSET = utf8mb3;
/*!40101 SET character_set_client = @saved_cs_client */;

--
-- Dumping data for table `company_questionnaires_fields_templates`
--

LOCK TABLES `company_questionnaires_fields_templates` WRITE;
/*!40000 ALTER TABLE `company_questionnaires_fields_templates`
    DISABLE KEYS */;
INSERT INTO `company_questionnaires_fields_templates`
VALUES (1, 2, 'Family name', '', 'Your Family Name as printed on your Passport', 'Y', 'N'),
       (1, 3, 'Given names', '', 'All Given Names (including your middle name) as printed on your passport.', 'Y', 'N'),
       (1, 4, 'Date of Birth (DOB)', '', 'Date of Birth as printed on your passport', 'Y', 'N'),
       (1, 5, 'Country of Passport', '', '', 'N', 'N'),
       (1, 6, 'Country of current Residence', '', 'Enter the name of the country you currently live in', 'Y', 'N'),
       (1, 7, 'Email', '', '', 'N', 'N'),
       (1, 8, 'Phone number', '', 'Please provide a valid phone number with country and area code.', 'Y', 'N'),
       (1, 9, 'Current Visa Type (e.g.: Student Visa)', '', 'This can be found on your visa label or your e-visa grant letter', 'Y', 'N'),
       (1, 10, 'Street Address 1', '', '', 'N', 'N'),
       (1, 11, 'Street Address 2', '', '', 'N', 'N'),
       (1, 12, 'Suburb', '', '', 'N', 'N'),
       (1, 13, 'State', '', '', 'N', 'N'),
       (1, 14, 'Postal code', '', '', 'N', 'N'),
       (1, 15, 'Have you ever applied for an Australian visa before?', '', '', 'N', 'N'),
       (1, 16, 'Was your visa ever refused or cancelled?', '', '', 'N', 'N'),
       (1, 17, 'Relationship Status', '', '', 'N', 'N'),
       (1, 18, 'Area of Interest', '', '<div>You can select multiple areas of interest:</div><div><br></div><div>Example:</div><div><div><br></div><div>Select Area Of Interest as Skilled Independent Visa if you are interested in applying for a skilled Permanent Residency or skilled Temporary Residency</div><div><br></div><div>If you are looking a State Sponsorship, select State Sponsorship</div></div><div><br></div><div>If you also are looking to apply to study in Australia, select Student Visa</div>', 'Y', 'N'),
       (1, 19, 'Family Name of partner/spouse', '', '', 'N', 'N'),
       (1, 20, 'Given Name of partner/spouse', '', '', 'N', 'N'),
       (1, 21, 'Date of Birth of partner/spouse', '', '', 'N', 'N'),
       (1, 22, 'Partner/Spouse\'s Country of Passport', '', '', 'N', 'N'),
       (1, 23, 'Partner/Spouse\'s country of current residence', '', '', 'N', 'N'),
       (1, 24, 'Is partner/spouse a permanent resident/citizen of Australia?', '', '', 'N', 'N'),
       (1, 25, 'Is partner/spouse a permanent resident/citizen of New Zealand?', '', '', 'N', 'N'),
       (1, 26, 'Highest Qualification', '', '', 'N', 'N'),
       (1, 27, 'Name of the Qualification', '', '', 'N', 'N'),
       (1, 28, 'Name of Bachelor Degree', '', '', 'N', 'N'),
       (1, 29, 'Country of Education', '', '', 'N', 'N'),
       (1, 30, 'Duration of Course (in years)', '', '', 'N', 'N'),
       (1, 31, 'Was your course conducted in regional Australia?', '', '', 'N', 'N'),
       (1, 32, 'Completion Date', '', '', 'N', 'N'),
       (1, 33, 'Have you taken an English test in last 36 months?', '', '', 'N', 'N'),
       (1, 34, 'Date of Test', '', '', 'N', 'N'),
       (1, 35, 'Listening Score', '', '', 'N', 'N'),
       (1, 36, 'Reading Score', '', '', 'N', 'N'),
       (1, 37, 'Writing Score', '', '', 'N', 'N'),
       (1, 38, 'Speaking Score', '', '', 'N', 'N'),
       (1, 39, 'Occupation', '', '', 'N', 'N'),
       (1, 40, 'Name of the employer', '', '', 'N', 'N'),
       (1, 41, 'Job Title', '', '', 'N', 'N'),
       (1, 42, 'Country of Employment', '', '', 'N', 'N'),
       (1, 43, 'Start Date', '', '', 'N', 'N'),
       (1, 44, 'End Date', '', '', 'N', 'N'),
       (1, 51, 'Total number of children of the applicant and/or spouse', '', '', 'N', 'N'),
       (1, 52, 'Number of these children who are Australian permanent residents or citizens', '', '', 'N', 'N'),
       (1, 53, 'Highest Qualification', '', '', 'N', 'N'),
       (1, 54, 'Name of the Qualification', '', '', 'N', 'N'),
       (1, 55, 'Name of Bachelor Degree', '', '', 'N', 'N'),
       (1, 56, 'Country of Education', '', '', 'N', 'N'),
       (1, 57, 'Completion Date', '', '', 'N', 'N'),
       (1, 58, 'Has your partner/spouse taken an English test in last 36 months?', '', '', 'N', 'N'),
       (1, 59, 'Date of Test', '', '', 'N', 'N'),
       (1, 60, 'Listening Score', '', '', 'N', 'N'),
       (1, 61, 'Reading Score', '', '', 'N', 'N'),
       (1, 62, 'Writing Score', '', '', 'N', 'N'),
       (1, 63, 'Speaking Score', '', '', 'N', 'N'),
       (1, 64, 'Overall Score', '', '', 'N', 'N'),
       (1, 68, 'Occupation', '', '', 'N', 'N'),
       (1, 69, 'Name of the employer', '', '', 'N', 'N'),
       (1, 70, 'Job Title', '', '', 'N', 'N'),
       (1, 71, 'Country of Employment', '', '', 'N', 'N'),
       (1, 72, 'Start Date', '', '', 'N', 'N'),
       (1, 73, 'End Date', '', '', 'N', 'N'),
       (1, 80, 'Are you prepared to invest at least AUD 1.5 Million in  Australian business and Australian government bonds?', '', '', 'N', 'N'),
       (1, 81, 'Do you have experience in managing a business?', '', '', 'N', 'N'),
       (1, 82, 'Was the turnover of the business greater than AUD 500,000?', '', '', 'N', 'N'),
       (1, 83, 'Is your net worth more than AUD 2.25 Million?', '', '', 'N', 'N'),
       (1, 84, 'States of interest', '', '', 'N', 'N'),
       (1, 85, 'Have you completed any qualification from the above mentioned state?', '', '', 'N', 'N'),
       (1, 86, 'Do you currently have a job offer from the above mentioned state?', '', '', 'N', 'N'),
       (1, 87, 'Position/Job Title', '', '', 'N', 'N'),
       (1, 88, 'Name of the Business', '', '', 'N', 'N'),
       (1, 89, 'Address of the employer', '', '', 'N', 'N'),
       (1, 90, 'Phone Number', '', '', 'N', 'N'),
       (1, 91, 'E-mail Address', '', '', 'N', 'N'),
       (1, 92, 'Contact person', '', '', 'N', 'N'),
       (1, 93, 'Your Education', '', '', 'N', 'N'),
       (1, 94, 'Your Spouse/Partner\'s Education', '', '', 'N', 'N'),
       (1, 95, 'You', '', '', 'N', 'N'),
       (1, 96, 'Your Spouse/Partner', '', '', 'N', 'N'),
       (1, 97, 'Overall Score', '', '', 'N', 'N'),
       (1, 100, 'Attach Your Spouse/Partner\'s Most Recent CV/Resume', '', '', 'N', 'N'),
       (1, 101, 'Attach Your Most Recent CV/Resume', '', '', 'N', 'N'),
       (1, 102, 'Email (please confirm again)', '', NULL, 'N', 'N'),
       (1, 103, 'Date Permanent Residency Obtained', '', NULL, 'N', 'N'),
       (1, 104, 'Have you completed a Professional Year for a period of at least 12 months in past four years?', 'Completed a Professional Year for a period of at least 12 months in past four years?', NULL, 'N', 'N'),
       (1, 105, 'Name of Professional Year Program', '', NULL, 'N', 'N'),
       (1, 106, 'Year Completed', '', NULL, 'N', 'N'),
       (1, 107, 'Do you have a credentialed community language qualification?', 'Have a credentialed community language qualification?', NULL, 'N', 'N'),
       (1, 108, 'Where did you hear about us?', 'Referred by', NULL, 'N', 'N'),
       (1, 109, 'Date of initial interview', 'Date of initial interview', NULL, 'N', 'N'),
       (1, 110, 'Does any applicant have any criminal convictions?', 'Does any applicant have any criminal convictions?', NULL, 'N', 'N'),
       (1, 111, 'Does any applicant have health or care concerns?', 'Does any applicant have health or care concerns?', NULL, 'N', 'N'),
       (1, 112, 'Further Information', 'Further Information', NULL, 'N', 'N'),
       (1, 113, 'Test Type', 'Test Type', NULL, 'N', 'N'),
       (1, 114, 'Test Type', 'Test Type', NULL, 'N', 'N'),
       (1, 115, 'Do you have at least $200,000 in Australian VC funding to commercialise an idea in Australia?', 'Do you have at least $200,000 in Australian VC funding to commercialise an idea in Australia?', NULL, 'N', 'N'),
       (1, 116, 'Name of Institution', 'Name of Institution', NULL, 'N', 'N'),
       (1, 117, 'Do you have a relative in designated area who is willing to sponsor you?', 'Do you have a relative in designated area who is willing to sponsor you?', NULL, 'N', 'N'),
       (1, 118, 'Nature of relationship', 'Nature of relationship', NULL, 'N', 'N'),
       (1, 119, 'Postcode where your relative lives', 'Postcode where your relative lives', NULL, 'N', 'N'),
       (1, 120, 'Did Not Arrive (DNA)', 'Did Not Arrive (DNA)', NULL, 'N', 'N'),
       (1, 121, 'I have additional qualifications', 'I have additional qualifications', NULL, 'N', 'N'),
       (1, 122, 'Please list additional qualifications', 'Please list additional qualifications', NULL, 'N', 'N'),
       (1, 123, 'I have additional qualifications', 'I have additional qualifications', NULL, 'N', 'N'),
       (1, 124, 'Please list additional qualifications', 'Please list additional qualifications', NULL, 'N', 'N'),
       (1, 125, 'Name of Institution', 'Name of Institution', NULL, 'N', 'N');
/*!40000 ALTER TABLE `company_questionnaires_fields_templates`
    ENABLE KEYS */;
UNLOCK TABLES;

--
-- Table structure for table `company_questionnaires_sections`
--

DROP TABLE IF EXISTS `company_questionnaires_sections`;
/*!40101 SET @saved_cs_client = @@character_set_client */;
/*!50503 SET character_set_client = utf8mb4 */;
CREATE TABLE `company_questionnaires_sections`
(
    `q_section_id`    int unsigned NOT NULL AUTO_INCREMENT,
    `q_section_step`  tinyint unsigned DEFAULT '0',
    `q_section_order` tinyint unsigned DEFAULT '0',
    PRIMARY KEY (`q_section_id`)
) ENGINE = InnoDB
  AUTO_INCREMENT = 14
  DEFAULT CHARSET = utf8mb3;
/*!40101 SET character_set_client = @saved_cs_client */;

--
-- Dumping data for table `company_questionnaires_sections`
--

LOCK TABLES `company_questionnaires_sections` WRITE;
/*!40000 ALTER TABLE `company_questionnaires_sections`
    DISABLE KEYS */;
INSERT INTO `company_questionnaires_sections`
VALUES (1, 1, 1),
       (2, 1, 2),
       (3, 1, 3),
       (4, 2, 4),
       (5, 2, 5),
       (6, 2, 7),
       (7, 3, 7),
       (8, 3, 8),
       (9, 4, 9),
       (10, 2, 10),
       (11, 2, 12),
       (12, 2, 6),
       (13, 2, 11);
/*!40000 ALTER TABLE `company_questionnaires_sections`
    ENABLE KEYS */;
UNLOCK TABLES;

--
-- Table structure for table `company_questionnaires_sections_templates`
--

DROP TABLE IF EXISTS `company_questionnaires_sections_templates`;
/*!40101 SET @saved_cs_client = @@character_set_client */;
/*!50503 SET character_set_client = utf8mb4 */;
CREATE TABLE `company_questionnaires_sections_templates`
(
    `q_id`                       int unsigned   NOT NULL,
    `q_section_id`               int unsigned   NOT NULL,
    `q_section_template_name`    char(255)      NOT NULL,
    `q_section_prospect_profile` char(255)      NOT NULL DEFAULT '',
    `q_section_help`             text,
    `q_section_help_show`        enum ('Y','N')          DEFAULT 'N',
    `q_section_hidden`           enum ('Y','N') NOT NULL DEFAULT 'N',
    PRIMARY KEY (`q_section_id`, `q_id`),
    KEY `FK_company_questionnaires_sections_templates_1` (`q_id`),
    CONSTRAINT `FK_company_questionnaires_sections_templates_1` FOREIGN KEY (`q_id`) REFERENCES `company_questionnaires` (`q_id`) ON DELETE CASCADE ON UPDATE CASCADE,
    CONSTRAINT `FK_company_questionnaires_sections_templates_2` FOREIGN KEY (`q_section_id`) REFERENCES `company_questionnaires_sections` (`q_section_id`) ON DELETE CASCADE ON UPDATE CASCADE
) ENGINE = InnoDB
  DEFAULT CHARSET = utf8mb3;
/*!40101 SET character_set_client = @saved_cs_client */;

--
-- Dumping data for table `company_questionnaires_sections_templates`
--

LOCK TABLES `company_questionnaires_sections_templates` WRITE;
/*!40000 ALTER TABLE `company_questionnaires_sections_templates`
    DISABLE KEYS */;
INSERT INTO `company_questionnaires_sections_templates`
VALUES (1, 1, 'PERSONAL INFORMATION', 'PERSONAL INFORMATION', NULL, NULL, 'N'),
       (1, 2, 'CURRENT ADDRESS IN AUSTRALIA', 'CURRENT ADDRESS IN AUSTRALIA', NULL, NULL, 'N'),
       (1, 3, 'SPOUSE/PARTNER\'S PERSONAL INFORMATION', 'SPOUSE/PARTNER\'S PERSONAL INFORMATION', NULL, NULL, 'N'),
       (1, 4, 'FAMILY COMPOSITION', 'FAMILY COMPOSITION', NULL, NULL, 'N'),
       (1, 5, 'EDUCATION', 'EDUCATION', NULL, NULL, 'N'),
       (1, 6, 'LANGUAGE', 'LANGUAGE', NULL, NULL, 'N'),
       (1, 7, 'EMPLOYMENT', 'EMPLOYMENT', NULL, NULL, 'N'),
       (1, 8, 'SPOUSE/PARTNER\'S EMPLOYMENT', 'SPOUSE/PARTNER\'S EMPLOYMENT', NULL, NULL, 'N'),
       (1, 9, 'BUSINESS OR SIGNIFICANT INVESTMENT INFORMATION', 'BUSINESS OR SIGNIFICANT INVESTMENT INFORMATION', NULL, NULL, 'N'),
       (1, 10, 'STATE SPONSORSHIP INFORMATION', 'STATE SPONSORSHIP INFORMATION', NULL, NULL, 'N'),
       (1, 11, 'SPONSORING EMPLOYER DETAILS', 'SPONSORING EMPLOYER DETAILS', NULL, NULL, 'N'),
       (1, 12, 'PROFESSIONAL PROGRAMS', 'PROFESSIONAL PROGRAMS', NULL, 'N', 'N'),
       (1, 13, 'SPONSORSHIP BY ELIGIBLE RELATIVE IN DESIGNATED AREA', 'SPONSORSHIP BY ELIGIBLE RELATIVE IN DESIGNATED AREA', NULL, 'N', 'N');
/*!40000 ALTER TABLE `company_questionnaires_sections_templates`
    ENABLE KEYS */;
UNLOCK TABLES;

--
-- Table structure for table `company_ta`
--

DROP TABLE IF EXISTS `company_ta`;
/*!40101 SET @saved_cs_client = @@character_set_client */;
/*!50503 SET character_set_client = utf8mb4 */;
CREATE TABLE `company_ta`
(
    `company_ta_id`            int              NOT NULL AUTO_INCREMENT,
    `company_id`               bigint                    DEFAULT NULL,
    `name`                     varchar(255)     NOT NULL DEFAULT 'Client Account',
    `detailed_description`     text,
    `currency`                 varchar(3)       NOT NULL DEFAULT 'usd',
    `view_transactions_months` int              NOT NULL DEFAULT '2',
    `balance`                  double(12, 2)    NOT NULL DEFAULT '0.00',
    `create_date`              date                      DEFAULT NULL,
    `last_reconcile`           date                      DEFAULT NULL,
    `last_reconcile_iccrc`     date                      DEFAULT NULL,
    `status`                   int unsigned     NOT NULL DEFAULT '1',
    `allow_new_bank_id`        tinyint unsigned NOT NULL DEFAULT '0',
    `bankid`                   int unsigned     NOT NULL DEFAULT '0',
    PRIMARY KEY (`company_ta_id`),
    KEY `FK_company_ta_company` (`company_id`),
    CONSTRAINT `FK_company_ta_company` FOREIGN KEY (`company_id`) REFERENCES `company` (`company_id`) ON DELETE CASCADE ON UPDATE CASCADE
) ENGINE = InnoDB
  DEFAULT CHARSET = utf8mb3;
/*!40101 SET character_set_client = @saved_cs_client */;

--
-- Dumping data for table `company_ta`
--

LOCK TABLES `company_ta` WRITE;
/*!40000 ALTER TABLE `company_ta`
    DISABLE KEYS */;
/*!40000 ALTER TABLE `company_ta`
    ENABLE KEYS */;
UNLOCK TABLES;

--
-- Table structure for table `company_ta_divisions`
--

DROP TABLE IF EXISTS `company_ta_divisions`;
/*!40101 SET @saved_cs_client = @@character_set_client */;
/*!50503 SET character_set_client = utf8mb4 */;
CREATE TABLE `company_ta_divisions`
(
    `company_ta_id` int          NOT NULL,
    `division_id`   int unsigned NOT NULL,
    KEY `FK_u_trust_account_divisions_divisions` (`division_id`),
    KEY `FK_company_ta_divisions_company_ta` (`company_ta_id`),
    CONSTRAINT `FK_company_ta_divisions_company_ta` FOREIGN KEY (`company_ta_id`) REFERENCES `company_ta` (`company_ta_id`) ON DELETE CASCADE ON UPDATE CASCADE,
    CONSTRAINT `FK_u_trust_account_divisions_divisions` FOREIGN KEY (`division_id`) REFERENCES `divisions` (`division_id`) ON DELETE CASCADE ON UPDATE CASCADE
) ENGINE = InnoDB
  DEFAULT CHARSET = utf8mb3;
/*!40101 SET character_set_client = @saved_cs_client */;

--
-- Dumping data for table `company_ta_divisions`
--

LOCK TABLES `company_ta_divisions` WRITE;
/*!40000 ALTER TABLE `company_ta_divisions`
    DISABLE KEYS */;
/*!40000 ALTER TABLE `company_ta_divisions`
    ENABLE KEYS */;
UNLOCK TABLES;

--
-- Table structure for table `company_trial`
--

DROP TABLE IF EXISTS `company_trial`;
/*!40101 SET @saved_cs_client = @@character_set_client */;
/*!50503 SET character_set_client = utf8mb4 */;
CREATE TABLE `company_trial`
(
    `company_id` bigint      NOT NULL,
    `key`        varchar(50) NOT NULL,
    `ip`         varchar(50) NOT NULL,
    `date_used`  datetime    NOT NULL,
    KEY `FK_company_trial_company` (`company_id`),
    CONSTRAINT `FK_company_trial_company` FOREIGN KEY (`company_id`) REFERENCES `company` (`company_id`) ON DELETE CASCADE ON UPDATE CASCADE
) ENGINE = InnoDB
  DEFAULT CHARSET = utf8mb3;
/*!40101 SET character_set_client = @saved_cs_client */;

--
-- Dumping data for table `company_trial`
--

LOCK TABLES `company_trial` WRITE;
/*!40000 ALTER TABLE `company_trial`
    DISABLE KEYS */;
/*!40000 ALTER TABLE `company_trial`
    ENABLE KEYS */;
UNLOCK TABLES;

--
-- Table structure for table `company_types`
--

DROP TABLE IF EXISTS `company_types`;
/*!40101 SET @saved_cs_client = @@character_set_client */;
/*!50503 SET character_set_client = utf8mb4 */;
CREATE TABLE `company_types`
(
    `company_type_id`   int         NOT NULL AUTO_INCREMENT,
    `company_type_name` varchar(30) NOT NULL DEFAULT '',
    `status`            int         NOT NULL DEFAULT '1',
    `regTime`           int         NOT NULL DEFAULT '0',
    PRIMARY KEY (`company_type_id`),
    KEY `company_type_name` (`company_type_name`)
) ENGINE = InnoDB
  AUTO_INCREMENT = 8
  DEFAULT CHARSET = utf8mb3;
/*!40101 SET character_set_client = @saved_cs_client */;

--
-- Dumping data for table `company_types`
--

LOCK TABLES `company_types` WRITE;
/*!40000 ALTER TABLE `company_types`
    DISABLE KEYS */;
INSERT INTO `company_types`
VALUES (1, 'Computers', 0, 1217849718),
       (2, 'Architect', 0, 1217849733),
       (3, 'Marketing', 0, 1217849742),
       (4, 'Finance', 0, 1217849749),
       (5, 'Engineering', 0, 1217934550),
       (6, 'Consulting', 1, 1222628068),
       (7, 'Legal', 1, 1222628087);
/*!40000 ALTER TABLE `company_types`
    ENABLE KEYS */;
UNLOCK TABLES;

--
-- Table structure for table `company_websites`
--

DROP TABLE IF EXISTS `company_websites`;
/*!40101 SET @saved_cs_client = @@character_set_client */;
/*!50503 SET character_set_client = utf8mb4 */;
CREATE TABLE `company_websites`
(
    `id`                      smallint unsigned NOT NULL AUTO_INCREMENT,
    `company_id`              bigint            NOT NULL,
    `template_id`             tinyint unsigned  NOT NULL,
    `company_name`            text,
    `entrance_name`           varchar(100)      NOT NULL,
    `title`                   varchar(255)               DEFAULT NULL,
    `company_logo`            varchar(255)               DEFAULT NULL,
    `company_email`           varchar(255)               DEFAULT NULL,
    `company_phone`           varchar(50)                DEFAULT NULL,
    `company_skype`           varchar(255)               DEFAULT NULL,
    `company_fax`             varchar(255)               DEFAULT NULL,
    `company_linkedin`        varchar(512)               DEFAULT NULL,
    `company_facebook`        varchar(512)               DEFAULT NULL,
    `company_twitter`         varchar(512)               DEFAULT NULL,
    `homepage_on`             enum ('Y','N')             DEFAULT 'Y',
    `homepage_name`           varchar(100)               DEFAULT NULL,
    `homepage_text`           mediumtext,
    `about_on`                enum ('Y','N')             DEFAULT 'N',
    `about_name`              varchar(100)               DEFAULT NULL,
    `about_text`              mediumtext,
    `canada_on`               enum ('Y','N')             DEFAULT 'N',
    `canada_name`             varchar(100)               DEFAULT NULL,
    `canada_text`             mediumtext,
    `immigration_on`          enum ('Y','N')             DEFAULT 'N',
    `immigration_name`        varchar(100)               DEFAULT NULL,
    `immigration_text`        mediumtext,
    `assessment_on`           enum ('Y','N')             DEFAULT 'N',
    `assessment_name`         varchar(100)               DEFAULT NULL,
    `assessment_url`          varchar(512)               DEFAULT NULL,
    `assessment_banner`       varchar(255)               DEFAULT NULL,
    `assessment_background`   varchar(7)                 DEFAULT NULL,
    `assessment_foreground`   varchar(7)                 DEFAULT '#000000',
    `contact_on`              enum ('Y','N')             DEFAULT 'Y',
    `contact_name`            varchar(100)               DEFAULT NULL,
    `contact_text`            mediumtext,
    `contact_map`             enum ('Y','N')             DEFAULT 'N',
    `contact_map_coords`      varchar(128)               DEFAULT NULL,
    `login_block_on`          enum ('Y','N')             DEFAULT 'N',
    `footer_text`             text,
    `external_links_on`       enum ('Y','N')             DEFAULT 'N',
    `external_links_title`    varchar(100)               DEFAULT NULL,
    `external_links`          longtext,
    `options`                 longtext,
    `script_google_analytics` text,
    `script_facebook_pixel`   text,
    `visible`                 enum ('Y','N')    NOT NULL DEFAULT 'N',
    `old`                     tinyint(1)                 DEFAULT '0',
    `updated_date`            datetime          NOT NULL,
    `created_date`            datetime                   DEFAULT NULL,
    PRIMARY KEY (`id`),
    UNIQUE KEY `entrance_name` (`entrance_name`),
    KEY `FK_company_websites_company` (`company_id`),
    KEY `FK_company_websites_company_websites_templates` (`template_id`),
    CONSTRAINT `FK_company_websites_company` FOREIGN KEY (`company_id`) REFERENCES `company` (`company_id`) ON DELETE CASCADE,
    CONSTRAINT `FK_company_websites_company_websites_templates` FOREIGN KEY (`template_id`) REFERENCES `company_websites_templates` (`id`) ON DELETE CASCADE
) ENGINE = InnoDB
  AUTO_INCREMENT = 2
  DEFAULT CHARSET = utf8mb3;
/*!40101 SET character_set_client = @saved_cs_client */;

--
-- Dumping data for table `company_websites`
--

LOCK TABLES `company_websites` WRITE;
/*!40000 ALTER TABLE `company_websites`
    DISABLE KEYS */;
INSERT INTO `company_websites`
VALUES (1, 0, 1, 'Default Company', 'default-company', 'Default Company', NULL, '', '', '', '', '', '', '', 'Y', 'Home', NULL, 'N', 'About us', NULL, 'N', 'About Australia', NULL, 'N', 'Immigration', NULL, 'N', 'Free assessment', '', NULL, '#FFFFFF', '#000000', 'Y', 'Contact us', NULL, 'N', ',,,', 'N', 'All Rights reserved @ 2015', 'N', '', '[]', '{\"templateId\":\"1\",\"selected-bg\":\"\",\"footer-bg\":\"#61584F\",\"address\":\"\"}', NULL, NULL, 'N', 0, '2015-07-27 16:51:40', '2015-07-27 13:05:50');
/*!40000 ALTER TABLE `company_websites`
    ENABLE KEYS */;
UNLOCK TABLES;

--
-- Table structure for table `company_websites_builder`
--

DROP TABLE IF EXISTS `company_websites_builder`;
/*!40101 SET @saved_cs_client = @@character_set_client */;
/*!50503 SET character_set_client = utf8mb4 */;
CREATE TABLE `company_websites_builder`
(
    `id`             int unsigned NOT NULL AUTO_INCREMENT,
    `company_id`     bigint       NOT NULL,
    `entrance_name`  varchar(100) NOT NULL,
    `template_id`    int unsigned NOT NULL,
    `visible`        tinyint(1)   DEFAULT NULL,
    `fb_script`      text,
    `google_script`  text,
    `address`        text,
    `phone`          varchar(50)  DEFAULT NULL,
    `company_name`   varchar(512) DEFAULT NULL,
    `title`          varchar(512) DEFAULT NULL,
    `assessment_url` varchar(512) DEFAULT NULL,
    PRIMARY KEY (`id`),
    KEY `FK_company_websites_builder_company` (`company_id`),
    KEY `FK_company_websites_builder_template_id` (`template_id`),
    CONSTRAINT `FK_company_websites_builder_company` FOREIGN KEY (`company_id`) REFERENCES `company` (`company_id`) ON DELETE CASCADE ON UPDATE CASCADE,
    CONSTRAINT `FK_company_websites_builder_template_id` FOREIGN KEY (`template_id`) REFERENCES `company_websites_template_default` (`id`) ON DELETE CASCADE ON UPDATE CASCADE
) ENGINE = InnoDB
  DEFAULT CHARSET = utf8mb3 COMMENT ='Company websites builder';
/*!40101 SET character_set_client = @saved_cs_client */;

--
-- Dumping data for table `company_websites_builder`
--

LOCK TABLES `company_websites_builder` WRITE;
/*!40000 ALTER TABLE `company_websites_builder`
    DISABLE KEYS */;
/*!40000 ALTER TABLE `company_websites_builder`
    ENABLE KEYS */;
UNLOCK TABLES;

--
-- Table structure for table `company_websites_builder_template`
--

DROP TABLE IF EXISTS `company_websites_builder_template`;
/*!40101 SET @saved_cs_client = @@character_set_client */;
/*!50503 SET character_set_client = utf8mb4 */;
CREATE TABLE `company_websites_builder_template`
(
    `id`          int unsigned NOT NULL AUTO_INCREMENT,
    `builder_id`  int unsigned NOT NULL,
    `template_id` int unsigned NOT NULL,
    `header`      longtext,
    `footer`      longtext,
    `css`         longtext,
    `homepage`    int unsigned NOT NULL,
    `about`       int unsigned NOT NULL,
    `canada`      int unsigned NOT NULL,
    `immigration` int unsigned NOT NULL,
    `assessment`  int unsigned NOT NULL,
    `contact`     int unsigned NOT NULL,
    PRIMARY KEY (`id`),
    KEY `FK_company_websites_builder_template` (`builder_id`),
    KEY `FK_company_websites_builder_template_default` (`template_id`),
    KEY `FK_company_websites_builder_pages_homepage` (`homepage`),
    KEY `FK_company_websites_builder_pages_about` (`about`),
    KEY `FK_company_websites_builder_pages_canada` (`canada`),
    KEY `FK_company_websites_builder_pages_immigration` (`immigration`),
    KEY `FK_company_websites_builder_pages_assessment` (`assessment`),
    KEY `FK_company_websites_builder_pages_contact` (`contact`),
    CONSTRAINT `FK_company_websites_builder_pages_about` FOREIGN KEY (`about`) REFERENCES `company_websites_pages` (`id`),
    CONSTRAINT `FK_company_websites_builder_pages_assessment` FOREIGN KEY (`assessment`) REFERENCES `company_websites_pages` (`id`),
    CONSTRAINT `FK_company_websites_builder_pages_canada` FOREIGN KEY (`canada`) REFERENCES `company_websites_pages` (`id`),
    CONSTRAINT `FK_company_websites_builder_pages_contact` FOREIGN KEY (`contact`) REFERENCES `company_websites_pages` (`id`),
    CONSTRAINT `FK_company_websites_builder_pages_homepage` FOREIGN KEY (`homepage`) REFERENCES `company_websites_pages` (`id`),
    CONSTRAINT `FK_company_websites_builder_pages_immigration` FOREIGN KEY (`immigration`) REFERENCES `company_websites_pages` (`id`),
    CONSTRAINT `FK_company_websites_builder_template` FOREIGN KEY (`builder_id`) REFERENCES `company_websites_builder` (`id`) ON DELETE CASCADE ON UPDATE CASCADE,
    CONSTRAINT `FK_company_websites_builder_template_default` FOREIGN KEY (`template_id`) REFERENCES `company_websites_template_default` (`id`) ON DELETE CASCADE ON UPDATE CASCADE
) ENGINE = InnoDB
  DEFAULT CHARSET = utf8mb3 COMMENT ='Table for save builder with different templates';
/*!40101 SET character_set_client = @saved_cs_client */;

--
-- Dumping data for table `company_websites_builder_template`
--

LOCK TABLES `company_websites_builder_template` WRITE;
/*!40000 ALTER TABLE `company_websites_builder_template`
    DISABLE KEYS */;
/*!40000 ALTER TABLE `company_websites_builder_template`
    ENABLE KEYS */;
UNLOCK TABLES;

--
-- Table structure for table `company_websites_pages`
--

DROP TABLE IF EXISTS `company_websites_pages`;
/*!40101 SET @saved_cs_client = @@character_set_client */;
/*!50503 SET character_set_client = utf8mb4 */;
CREATE TABLE `company_websites_pages`
(
    `id`        int unsigned NOT NULL AUTO_INCREMENT,
    `name`      varchar(100) DEFAULT NULL,
    `html`      longtext,
    `css`       longtext,
    `available` tinyint(1)   DEFAULT NULL,
    PRIMARY KEY (`id`)
) ENGINE = InnoDB
  DEFAULT CHARSET = utf8mb3 COMMENT ='Company websites pages';
/*!40101 SET character_set_client = @saved_cs_client */;

--
-- Dumping data for table `company_websites_pages`
--

LOCK TABLES `company_websites_pages` WRITE;
/*!40000 ALTER TABLE `company_websites_pages`
    DISABLE KEYS */;
/*!40000 ALTER TABLE `company_websites_pages`
    ENABLE KEYS */;
UNLOCK TABLES;

--
-- Table structure for table `company_websites_template_default`
--

DROP TABLE IF EXISTS `company_websites_template_default`;
/*!40101 SET @saved_cs_client = @@character_set_client */;
/*!50503 SET character_set_client = utf8mb4 */;
CREATE TABLE `company_websites_template_default`
(
    `id`               int unsigned NOT NULL AUTO_INCREMENT,
    `template_name`    varchar(100) DEFAULT NULL,
    `footer`           longtext,
    `css`              longtext,
    `homepage_html`    longtext,
    `homepage_css`     longtext,
    `about_html`       longtext,
    `about_css`        longtext,
    `canada_html`      longtext,
    `canada_css`       longtext,
    `immigration_html` longtext,
    `immigration_css`  longtext,
    `assessment_html`  longtext,
    `assessment_css`   longtext,
    `contact_html`     longtext,
    `contact_css`      longtext,
    PRIMARY KEY (`id`)
) ENGINE = InnoDB
  AUTO_INCREMENT = 4
  DEFAULT CHARSET = utf8mb3 COMMENT ='Default data for builder template';
/*!40101 SET character_set_client = @saved_cs_client */;

--
-- Dumping data for table `company_websites_template_default`
--

LOCK TABLES `company_websites_template_default` WRITE;
/*!40000 ALTER TABLE `company_websites_template_default`
    DISABLE KEYS */;
INSERT INTO `company_websites_template_default`
VALUES (1, 'Red',
        '<div id=\"inymo\" class=\"container c2764\"><div id=\"ix0vi\" class=\"row c2807\"><div id=\"i5pey\" class=\"col-sm c2815\">\n                            <div class=\"company_name c24537\" data-gjs-removable=\"false\" data-gjs-editable=\"false\">Company name</div>\n                            <div class=\"company_address c23555\" data-gjs-removable=\"false\" data-gjs-editable=\"false\">Company contact address</div>\n                            <div class=\"company_phone c280303\" data-gjs-removable=\"false\" data-gjs-editable=\"false\">Company phone</div>\n                        </div><div class=\"col-sm c2824 c4966\"><div class=\"container d-flex flex-wrap justify-content-around align-items-center h-100 c5026\"><div class=\"container c5792\"><a id=\"iwz5j\"><img id=\"i8yvr\" src=\"https://image.flaticon.com/icons/png/128/20/20837.png\"/></a><a id=\"i89hu\"><img id=\"if8tkh\" src=\"https://image.flaticon.com/icons/png/128/23/23931.png\"/></a></div></div></div></div></div>',
        '#header{padding-top:10px;padding-right:20px;padding-bottom:10px;padding-left:20px;min-height:100px;}img{max-width:100%;height:auto;}.navbar-nav .nav-link{opacity:0.5;}a, .navbar-nav .nav-link:hover{opacity:0.9;}.navbar-nav .active > .nav-link{opacity:0.9;}.navbar-toggler-icon{background-image:url(\"data:image/svg+xml;charset=utf8,%3Csvg viewBox=\'0 0 32 32\' xmlns=\'http://www.w3.org/2000/svg\'%3E%3Cpath stroke=\'rgba(0, 0, 0, 0.5)\' stroke-width=\'2\' stroke-linecap=\'round\' stroke-miterlimit=\'10\' d=\'M4 8h24M4 16h24M4 24h24\'/%3E%3C/svg%3E\");}div.iframe-container{position:relative;height:0px;padding-bottom:56.25%;}div.iframe-container > div{position:relative;height:0px;padding-bottom:56.25%;}div.iframe-container > iframe{position:absolute;height:100%;width:100%;top:0px;left:0px;}div.iframe-container > div > iframe{position:absolute;height:100%;width:100%;top:0px;left:0px;}.nav-link{color:rgb(138, 9, 9);}.nav-link:hover{color:rgb(97, 5, 5);}.navbar-brand.nav_title{color:rgba(157, 22, 22, 0.85);} \n #footer{padding-top:25px;padding-right:20px;padding-bottom:10px;padding-left:20px;min-height:100px;}img{max-width:100%;height:auto;}.container{min-height:75px;}.col-sm{min-height:35px;}.navbar-nav .nav-link{opacity:0.5;}a, .navbar-nav .nav-link:hover{opacity:0.9;}.navbar-nav .active > .nav-link{opacity:0.9;}div.iframe-container{position:relative;height:0px;padding-bottom:56.25%;}div.iframe-container > div{position:relative;height:0px;padding-bottom:56.25%;}div.iframe-container > iframe{position:absolute;height:100%;width:100%;top:0px;left:0px;}div.iframe-container > div > iframe{position:absolute;height:100%;width:100%;top:0px;left:0px;}.container.c1738{background-image:url(\"https://images.ctfassets.net/1izjqx4qtt8c/3xTYOuBBubTlAreW1WLaf6/71ba109642cc208a862d9f7901b10fa8/Stocksy_txpfcb852dddwL200_OriginalDelivery_856225__1_.png\");background-attachment:scroll;background-repeat-x:no-repeat;background-repeat-y:no-repeat;background-size:cover;background-position-x:50%;background-position-y:50%;box-shadow:rgba(0, 0, 0, 0.3) 0px 0px 70px 70px inset;height:550px;}.col-sm.c2650{color:rgba(103, 3, 3, 0.85);}.col-sm.c5585{margin-top:0px;margin-right:0px;margin-bottom:0px;margin-left:0px;}.container.c1965{padding-top:0px;padding-right:15px;padding-bottom:25px;padding-left:15px;}#iwz5j{display:inline-block;padding-top:5px;padding-right:5px;padding-bottom:5px;padding-left:5px;min-height:50px;min-width:50px;}#i89hu{display:inline-block;padding-top:5px;padding-right:5px;padding-bottom:5px;padding-left:5px;min-height:50px;min-width:50px;}.container.c5792{text-align:center;padding-top:10px;padding-right:15px;padding-bottom:0px;padding-left:15px;}#i8yvr{width:38px;color:rgb(0, 0, 0);background-color:rgb(255, 255, 255);padding-top:3px;padding-right:3px;padding-bottom:3px;padding-left:3px;border-top-width:2px;border-right-width:2px;border-bottom-width:2px;border-left-width:2px;border-top-style:solid;border-right-style:solid;border-bottom-style:solid;border-left-style:solid;border-top-color:rgb(0, 0, 0);border-right-color:rgb(0, 0, 0);border-bottom-color:rgb(0, 0, 0);border-left-color:rgb(0, 0, 0);border-image-source:initial;border-image-slice:initial;border-image-width:initial;border-image-outset:initial;border-image-repeat:initial;border-top-left-radius:5px;border-top-right-radius:5px;border-bottom-right-radius:5px;border-bottom-left-radius:5px;}#if8tkh{color:black;width:38px;background-color:rgb(255, 255, 255);border-top-left-radius:5px;border-top-right-radius:5px;border-bottom-right-radius:5px;border-bottom-left-radius:5px;border-top-width:2px;border-right-width:2px;border-bottom-width:2px;border-left-width:2px;border-top-style:solid;border-right-style:solid;border-bottom-style:solid;border-left-style:solid;border-top-color:rgb(0, 0, 0);border-right-color:rgb(0, 0, 0);border-bottom-color:rgb(0, 0, 0);border-left-color:rgb(0, 0, 0);border-image-source:initial;border-image-slice:initial;border-image-width:initial;border-image-outset:initial;border-image-repeat:initial;padding-top:3px;padding-right:3px;padding-bottom:3px;padding-left:3px;}.container.c2764{margin-top:35px;margin-right:auto;margin-bottom:0px;margin-left:auto;}.col-sm.c2294{height:auto;}.col-sm.c2141{text-align:center;}.col-sm.c5640{text-align:center;}.container.c1913{margin-top:0px;margin-right:auto;margin-bottom:45px;margin-left:auto;}',
        '<div class=\"container c1738\"><div class=\"container d-flex flex-wrap justify-content-around align-items-center h-100 c2064\"><div class=\"container c2248\"><section class=\"bdg-sect c2291\"></section><div class=\"row c2642\"><div class=\"col-sm c2650\"><section class=\"bdg-sect c2714\"></section><section class=\"bdg-sect c2602\"><h1 class=\"heading c2610\"></h1><h1 draggable=\"false\" data-highlightable=\"1\" id=\"imi1b\" class=\"heading gjs-comp-selected c2679\">Expert Immigration<div draggable=\"true\" data-highlightable=\"1\" id=\"ibiak-2\" class=\"c5281\">Advice</div></h1><p class=\"paragraph c2619\">Lorem ipsum dolor sit amet, consectetur adipiscing elit, sed do eiusmod tempor incididunt ut labore et dolore magna aliqua</p></section><a id=\"i3opt\">Get a Free Assessments</a></div><div class=\"col-sm c2659\"></div></div></div><section class=\"bdg-sect c2123\"></section></div></div>\n<div class=\"container c1965\"><div id=\"ig55p\" class=\"c2009\">Our Services</div><div class=\"row c2074\"><div class=\"col-sm c2082\"><img id=\"i0tan\" src=\"https://capicstorage.blob.core.windows.net/shared/myconsultant/webimages/1062-half.jpg\"/><section class=\"bdg-sect c1995\"><h1 class=\"heading c2003\">Family Class</h1><p class=\"paragraph c2012\">Lorem ipsum dolor sit amet, consectetur adipiscing elit, sed do eiusmod tempor incididunt ut labore et dolore magna aliqua adipiscing elit, sed do eiusmod tempor incididunt ut labore et dolore magna aliqua</p></section><a id=\"ikj0f\">Button name</a></div><div class=\"col-sm c2091\"><img id=\"iqwii\" src=\"data:image/jpeg;base64,/9j/4AAQSkZJRgABAQAAAQABAAD/2wCEAAkGBxISEhUSEhIVFRUXGBgVFRgVFRcVGBUWFRUXGBUVFRUYHSggGBolHRgVITEhJSkrLi4uFx8zODMtNygtLisBCgoKDg0OGxAQGi0fHyUtLS0tLS0tLS0tLS0rLS0tLS0tLS0vLS0tLS0tLS0tLS0tLS0tLS0tLS0tLS0tLS0tLf/AABEIALcBEwMBIgACEQEDEQH/xAAcAAACAgMBAQAAAAAAAAAAAAAFBgMEAAIHAQj/xABIEAACAQIDAwoCBggEBQQDAAABAhEAAwQSIQUxQQYTIlFhcYGRscEyoRQjQnLR8AczUmKCkrLhJJOiwhVTY9LxFoOz4jRDRP/EABkBAAMBAQEAAAAAAAAAAAAAAAECAwAEBf/EACkRAAICAQMDAwQDAQAAAAAAAAABAhEDEiExBCJBE1FhMnGBsSOh0VL/2gAMAwEAAhEDEQA/ACvM6XO7/bQvlHbAS3Kqw10YTwHlTElv4+72odtqxNtO/wBqnl+lj495Kyw+GGSw0bx6qDSxylwsXLtyBGUTB6WiD7MdnXTxftfUYc9i/wDx/wBqW9u4ebv3go8wRSydJGirbJ9j2SMOFO8KwPgSKsXrenejfn51Zw9vRh+83zJPvWwtyF+6fQU4Abdt7/uek149vX+U+oq2U0HahrV09F/qrGKXM/7xWjW/RT86IC3r/EfnNRG3p/CPkaxihctfF+ftGq7pqfD2opct6nu95qldTU/dHpWCVLqanvPoK9uW9D4+tTYhdT+fs17cXQ+PtWMBdt4h7FlOaOUOzKw3j9WxEDgZHCubi+TqxJPEkyT3k10vlIk4dD1XR81ce9cvA1ooxZBrKiU1KlEKJLdualFqNa9tmpWbSpNuyyiqK8VuorWKkUUwqJLYqWo0FSEUg6YIxA6bd5ols9ugO8+tDsV8Z76ubPbo+NNNdouN1IJB69LVADWwNSSKtnhFRstSVhWnRJkGWsCVKFr3LTimgt17zdTBa9y1gFY26yrOSvKIDuVpNW7qubHwFu6ctxQwyyN4gyNdO+obK6nuHvRHk8On/AfUUzIkW2MKq2wq6BGAUb9II96D43YxdBfDDR0UrG+XUTP8Xypj24vQb7y+oqso/wAK/ZcQ+T2zStJoKbQCw439ynztqfepbCaL4+lZaWD/AA2v/gt1Nhl0X89dExQVNE+6fatMug+6PkRVtU+HxFRhNB90+1AJoE1/i9q0NrT+E1bCanvHoKw2/wDdWMULlrU9x9BQ/EW+l/D7mjTJr4e1D8SnTXu/3Vgop4uz0j4f0mo2TQ+PoKYsfguke4e9C3saHuP9NAyYubeX/Cd123/WB71yp16R7z612DauHLYN4EnMp8rimuY4nZVwOxy6Zm9TRTCD1FTKK9NkgwRW+Q9VFseKMt1uGrULWwWkZQypFr3JWwWsKbLWzV4praJrBsGY0dM+HpU2B3HvqPHDpeFSYFhr4Uz4FX1F1a3AqMP2Vtm7anQ7ZIBWFhWq16RTUK2eA1uRWq1IaIDdRXsV4hqSgY1iva2isogO42fi8KtbIxCowZzAgiT1mKqWviHdXlnCNdXIhAaZBYEjThpTsgGNrOrW2KkEHLBBkfEtVV//ABb3ZB8sp9qiv2Ht2Sj5cykE5SSIzToSBw7KCbavXlAFvnMhBFzKrFd4+MgQNJ1NBvYyLpWGPcg8kVfapcMN3efehHJ/GteVmchiGKyI4b93GZovhv8AcfU1gkOXd94+9aZdB3NU7D+s+9aRu/i96wTYLqe8VuE969Ue1TAa+J9KwClk18PY0MxqdJO4+oo1l1Hd+NDNoLqn8XoKDCg/i7GvgKBXbOpHZ7U1XEmO4elBL1rpnu9qwADs+1mtQf2vwND8ZspMrafaPrRnZSfVHsf2FRbR0zjtpQnLdr4MLcI7agGGFE9v/rT31WtjSgVTBz4atTZo3s3ZrX7mQaDex3wPxp2wnJ+zbQyik9qyT3k0G6HSs5cUNac3Tnym2XZUZkARh+zoD2Zd3jSoy1ouzSVEIWvclTRNeMNKYAL2iuo7vetcJvNT7UX4fH2qHCfF4Uy4F8lsVIBWlb0rCbKa2mtrGHZtQNOui2z9iC4cpuZTExkOo7DNC0g0BRUho3j+S91FzIRcA3gCGH8PHwNBDRsBvbqUCorRqYGsY9ArK8msogO42x0l7j7Vb2H+sHe3oar2x0l7j7VLgLottmO4M0+Mj3p2QL+216Nz7oqlYE4bED/pn+hqIbX1Rz+77VQwjDmb4PG2f6WoGBdu2A7QN5dvE372tTWeP3veoLuIVAHY6QfGbt06edK+N2ninYqnQWZ0Hueqlckh4xbG9uP3/c1of9x965+beNczztzXX4iN/Z4VNhzibZ/WvprqcwOnUdONL6iG0MflP9IqcHXx9qGbKxDXLQdhrBGm45Tw+VEJ18R6U6diNUazqKG7S+x94j5UQY6jvPrQ7ae4ff8AY1mZDcjAqh/dX0oVeH1n56jU6ghLcfsL6UPLnPr2eprAKOzF+rudje1V9pKMzz2elT4BujdHj60k7S5Q3g0Om9EJ4a5RNKxkrBPKOOdMVStvpUe1MZnea32dgr17S1bd+EqDA723DxNYdIaOSbqlpn4m5HgqiPU0x4/HDrgATShiNl4nD27aFVfMzEhDqhgaE6TpvqI45iDbOGcNEAyzFjMcNB51Fvk6IJUijt3Gc6+UNv0k7tevsqliMIyawSu7PlOUncdd3zqQWiLyLHSLKoGh1YxGvGui7C/w5uYdiOg5U9U5iDHjWTo00n9zmAWtd1dbx2yMLcBL2bfHUDK38w1rm3KHApYvlLbErAOupEzInjFPGVk2hf2qNF8faquEPSq9tUdAHt9qoYfePzwqq4EfIRtWmdgqKWPUBNMWwuTb3HYPpl4b5Y7h1UTwKfRragICNHYiJclddeoaxVz/AIl9QLygpzlwk96yCPkNO2o67ZRxpBa1ydsW1h+7y1qhcbCrosyuu/dv3eVVMbtJrgLE7pHmzD0ihAtlm6hofPf60NSBpfkZMPjF1kyp6u0SvjSrt7BSzMo1Gp/eH7XfV+3ZAJQHesDsI1HoKmsAuoJ3jQ9Xf6jwFLqpjKNoUbVSg1NtPC82/R+E6j8KrA1dO9ydUSzWVrNZRMd7Qar3H2qDFSLb5QSZ0jfq3CrCb1qjty7kw99pjKrGddI1nTWmlwc4ZN7PZY6aKRoZ3L1xUezx9XdHWh9DQzkw84S50w4DOAQAJGVd4G4yTpRXZg0cfuGguDITOUOIyiyf3SfEqsf1mgGK22UlVEwPnFHeUf6m2SJEKD2TasEHzpKJkt4+tc85UzqxRuIUG3X3RHRHnpNVMTj7hzayCI7u3yFRldR+dK3trB1GhIjy1qesroQ3ch8T/hmDn7YCz1uu4eVM+X/bSzyX2V9WLpcoEctGkEBcpkkacfyaaQZ1HUtdGJ7EM8aaZA66+J9RVHaVvo/xj3rTlNtX6PbzLBck5Q24RvZo4DTiN9c82x9JxBm7eeIno9FAd8BVMDhqQSBx1qhJI69f2hasWEuXnCKEGp8oAGpPYKC4DbuFxVyLF5HIglRIYCd+VgDHbXLNpG3aQAkszLoSQxUTpIYMIqbk5ySxy38PiVKhQ6NmkSFJ6QIAEypIPeaFpcjKF8HT8Emt3v8A9zUt7fsKTBA1QfKmrAjpXh2n+o0rcpGhl+4fkxoS4BHkD8l9g4e7de5d6QTLCH4TM6t1js3b6fCVRegABGkaCOyKSuTIA5982UjJrqRoHkMBvGtFMLiwCUVpVgWTWYYakKeowdOBHbUJ8l4rYubSfNazAdO2SyyJggQSOBBUmkbGbSuNLtAuahTbKqIkkkhSc2/ju7Kf82ZB+dDvqrg+QGHv2keblsMIdrZGYsshvjLCJEaKPHfRhHVsFz0CHyNwT38dY0LfWo546K4LE9Q7esgcab8S4fGYhgQy84SpBkasxBBGhEGmjZvJe1s6zca01wyGZnYrnKosqmZVBA37o1JO+kzAIYc/aZsoPadJ8N9NkVJISEtTbLm0NodC2gP6w5jpJKKeioHWxgR1A0mbeJ52TvInrnpHjx9OrSmHKbt24yTlT6tCBOi6aGQBrm3nzpd5QYZrdwZpMjeWBmIndujSljyO+APtT9X4j3oZh9476JY8/VHvHrQqy+o76vHgnLk6j+i6wjtca5lOXKqhjprmJ0mDuEeNNHKHB2xau2AgUyL6QIGhUOPLXzpV/RzsG3et3r12Cp+rQTquXVrnYdQAd/xddPFnAczbcM7OLiFRJzAdE/BxqE1udMV2nOrVsw09a+mtWLVsADr0+cVevWYDgb+jHDgKqW1IUE9Z+SkD5gVICRpYw2W4kH4hGvl8o+Vb3lFt9NVMEdze4I+Rq7icNNvOPsvPcNPz51SxqkoOsDXuG8eebzoWGintPD5xljXUiOwDd4n0paKkGDR/E3TkzKemvSHbGhoHib4eGHEajqIq+J+CU0azWVHmrKqTPoNN61R24AcNiAwlcjyOsQSRVy2fh/PCq211mxfBn4H3GD8J3HhTvg5ytyPYHB3isQWYiDMfVpv7aN7OuKs5iBKxrQjktYt28NfRNACZk6SbSf28ZqDF8obFuF54Zt0LB8CToKVPtMgLynugWrVvixQ+AtW1PzU0AwmD1uA/vgf6f71Z23eLslwGQNB2bl3cNZq/g7MmY1Kz3kqPz4Vw5HbPQxRpAvD2gSnapn5iryYZZTuYDvy6elQYG1OXszfLKfc1cvAKqMdwzyexbbk+lIuSgwYRxktWgSJYliOxpAPYTE9k0ZPsKCbOttIIK5THCTpr4UbG7wFduL6TjztN7HNv0j3rgxGVTobakcY6TE+ZA8qWbWAvMyJbumWOUa6kmAAJ79/5D7+krAE21vrPQOVyP2GGhPXB/qpQ5EZnxlucxAkmRqNCAT1akaU7dISCtpEWJ5L3LboL1xmlgiN0mSSd0kA+fUYrqPNLs7CZYe8R1yR4wDlXwq2LAdSjAyLiP0oIBBB6EcJAOvWatbQvqLbFwGUKSZ3GNdfzwqLlZ1xiovYFbJdiWLrkZgSyzMEmYB4799K3KxoNv/3B5P8A3prwG1FvmVQDKMmaT0+iDMRoNaT+Wpg2/vXB/SfeqP6UcrVTZR2FiXRLhBULmEEmDmymQBBzaBdO017tRshS8BlIZWY5sqkT0iEclt2nD5VvyJSXuw0fADB1iXmPlTDt/DjmiAqmZJLCATB6TAatUZclo8HuGYFTG4iR476YeTFwZCp1yuYHY3SmO8t5VzDYW3IUKxnLpO6R1xwkU17H2wyPFrKS8ROsxJBA69TT49pCZFcR05XXAuEIB+Iqo7pJ9Aa5tjL4sW/3oJHYzDUx2D1pr5W485LaXCCVBuOQIExp2aAtXNOVWMIQA/Ew1jeM2pA7hp4Ucm8qNi2jY1cl7MYZSZlhmM9utLnK1SwDj4UbJJ4swk5euMvzpl2ZiV5oBVufCNGtsu79+IHjStysN5grEfUgnLxIY8WaSCNCBEd2us48lPAsYz9W/d6GgaUbv/Aw/dPpQS2a6YEZ8jXyWx3NYm2WYKpOuYMygxocoI1kAA8Jp95Vbeu4ZEhs0y56JWA24ZSTH965XO6rz7SxF5odi57QGOg7fDWknG2VjOlR0C43ZvFtvCKpYh+gvY/qD7zVjaBKhCATlyo0cCDpPhVS9bJU9kEdvSNczKoJW36Dr2BvCAh9ZoYb2ZYOhEnyOVvllNFubAKt9l1KHxBoRirWRlbflaG8dPmP6aAxUuJlJjd7cflp4UtYmxzdxl4GSvnTONHK9W7tXeKH7VsyNd43dvA6dsfIVSDpk5q0BcwrK0eQYrK6SB9C2z8H54VW2ufqMR9x+E/YMacantnRPzwpf5b4xkt82qhucfpAkr0FUEmRu1K0zOcUdnY69mKoOctg5jbhrdyQILQ5y3DoOqs5RXrd+2rWyMwaZjKSraEOI0KnQ6VtsXayo5V5BPw5tfI7m8KBbexQt3+cUdFvjXgZ4jqO7yo+DFvk7iiScO++cy6zpoWX0PnTvs0E5dNwcnwUn3rnXOKCt5G4AGNMsKFB8YNdL2FBIP7QJ/mTWuLqI1KzuwSuIOwNqG7j8nB/7K25Q2owx7ri+aOPetrP6+4vVk/qK/76ucpkHNgHi6f6mmKgizYB23ty9g7ttlOa3Ch0MQeBKnerR4aUz4/lGiootEMzKDJ3KCJHeYO7/wAUq/pAsBrLP1FfUj3NBMBcBso2UjSJIaJGm8d1d2B3E4cyqQexO171zNbuXCyOIIhRr1aAQI6u2jfIXY1tbTPa3qxFwb2WSWU/dI0nrU0kDFD9oEdYMgHvo/yS2+2GxC3HgW2JS6AcwyTox0Go0bukcarKKkqEhNxdjXtLE3FJ5vpcDv8AMUIu8pbdufpMrpEGDPDcN/GnPbeGVc72ILBZZdCsb+j1E9W7urlX6RNi27HMXtBeuq3OLEyFbRwfHL2wI3GoLE7pnRLMqtDZye2raxGZrR0DEQdCARO7gJmO6gXLkaKeq43zRDQLkPjMmLRZ0dWU9WgzDxkfOj/LsdD/ANxfnbP/AG1SSpEU7lYE5H3yt9t0ZNZMAQywT2an040x7Ux/OKyIGumDIUECP+o3D7oE9elLPJOznuuOiOiJLDNCzrA8vKm3G4V+aKrCrECdCT1sRooH7IFQnyXjwc7xVplIbQNxjd8qsYPHlCrAlSpkdhneOypr+HAWAcyjQdy6A92m+htsiYZSy7gAcrb+BjXurIzHvbu2ExHMZTvtpznYys2fwJy69VIm27xu3uwH0opgrD5ugjIgTMDc7SdO3ifKh2Ew4N0jfoxn3op72LVKjoHJ7DqbaFWYdFSysdGJG8g8e6gvLNUUXIgFgJj7RDiJHXvpr2egVB2AeECknly6yscSY7tDSx5HFNxoe4+lAFo+KBItdMCMwknwjupo5G2QWUkb2zMf3U1j5HzpWt6qKN7JY80R3+RJ/vVcattfAs3SQz4O/wA4bgKgkgEA6Al7SEAnh8LURuWCAsj4t3UQZ96i2TZjBXr7fG+KtIDEfDbJgdnSNHeUICG2qmcgUbp+IBjpxjMfKufPiUYorhyOUmBDe6GWNAQfKdP6vlVTaN9FMnVTo0QfTj/apL9yBc0YhXG54gTBm0eJH2uFVLOFBDAjQzJ8BB7N1ctHRZpetlbiSdD0SRqDxVu4j0qHaVrMJ3bwT2j8mp0ByOvFZK+HSBHmfOq+OvyoI6wfDSY+dPQl2L7WyDEDyrKItg8xnSsqliUdntnRO/2NIfLzFkYgjOAFVRlLKCS0sTB4Rl17KebZ0Tv9jSR+knZCn/EgdKVtN1QRKt2EajtkdVdDORATZSKwIbKR1ZlPvQrlRhTqRuijfJrB220gGOwSSOHdXnKzDKizALn7K6BF4UwPIpbCudAq0QTlM8J3fOK6TyLv9C0DvAKHtgxPr51ymwYFxf3gR4g+8U/8isSSh6wVfuylQfMzXP1K7bOjA+6hgxdvLin7UJHepD/7as8uBFtDw5y3r/MPcVLtpP8AEBhuIZf5lJ9695Zpnw69htn/AFL/AHrjOp8oD7Uw5vWLtuekQSvayMWA8pFI+wruW3EAwSNDlbr38e4xT5gFJVyvxEEr2Z9w86Q2tBMRcTgTnXd8LdIQe4jyq/Sy5RDqY8Mk2qUIzbidCYiexxVfDY0hFYnhDdoGk9+k/nSXaWFOQ5SNZ0jf3maHYJxkUHcffWu05Ds/I3FjFYDm56ds83I4gQ1o9ojKP4TS7+mPZqribVxT0ntEETuFtuiQOAOdv5euar/ohxxt4psOTpcUZe3IcwjuU3PlRP8ASpYD3beIG7pWT3KZXzm4axjmQuG21t1MEHMO9YI+cU+7cuHF4dblpGYsbTZVGYg5bqsNOo6Ugc6GuKg+yCOG+e3upn5LhueW0p6J6UGIkAiezQmkkth4vcscltlYi3fzNadVKkHNAHxKRvPYaeMXhS6kQDp+0v41XXAXDug9zCtvotwb4/mFScL5KqdC1c5K4ltAtsCTANwbpMfDPCr2zeRjrq5s5p/bY/7aKC4dxqa3eraEbWwZtLka93fiLaCB8OY668NNN3zoMvJf6LeZWuC4YWCBA6QB3Gac1elrl5jGRwU383bbjuBYHdB3CNDNCUUlsaMm3uGrhhD3VzLlXjQ90INyDzJ9qObZcWcOgX6piFJYDUFiI7+J130lYu9ncsd5j0E0sEVkqMzUHufEw7T60TmhmJHTbv8AXWrQJ5OCzaPRFHdlLCr2rP8AqP4il+ydKZMCYNtJHwiROoMSZrpwruIZX2ofr9oLsmw/D6UWPd9avoBVO+7GypuMCXzkyG0L/CpESsgght2o1o9zds7LsLcYCCl/X4RIbKb0arZLsFLDdm4amqOKuZSCtxrXNrlYFecvWEI0t3F3X7EaBxPR8Kl1D1Rr5GwOnfwBzhoLSgWVDAO0uoyz0W0D8O3jwqK7iVUB98EoSBIE6hXHURGv41PcZSkBBBnLLSjkaq1t/s66wdx38BQLB3mZGTNEa6QjQpAIdmhSCG3ncN/CuRI6WyZcXFwE7p6X3Y1HmKhX4Cp3rIHcJB9aozJEa9LSJbSQdCNOO/dU+Gc9Ifn4fxFFgRs8zoa9r24uuhHD0rymQp1+2DCaHf1dhoZyuwxfC4gAElQHWATqgDaeRpp25tdcLYN5gWghURfiuXHOVLa9pYgUC2jhilpsRtPFXQSP1OHutZtK2UsLSFCGuPAIzM2saAVaToljxOTXzxW7ZzTk9de24+rYcPhPidRRPlJg+iXUNGpY5WLNPACmPA4O4QLuCxbEafV4hzdtt+7mPTttrvk7oimzGNAzXGgAaAHgBqZop2gThplX9VTPnDE4V5aLbgEpHQadG46U38ikYSpRhmBmVIjf710W3tFLpPNurRro0kA7iezt3UTwl2O8+lJkSnChlqxz7lTFu8zM1uVP2DuO/Ks+tS7dk4caGQisdCftAe1MeF2xZuvlt3VcqJIVgdBpI6xOk1bxd/ogdYjxk1yrCn5Oic5RdNUIOxVIElW6IXgftZYPnNc/2ornE5wrEQgEK27KBB04V3tr4VDrxIH8P9zQdcpOXNDEFgOOUEAnukjzq2HFod2Sy5HPajk95wq9LQ9R3+VBMRZYdIK2UmQYMdtfQK7H+kALcQMvWwmO1eM91CdpchcNbtuoLIdWW67FssfZKrAjvHjV3JIjGDlwci5P7XNnE2L4Im24k/uHR58JrqHL6xGC3TldGHick/6qA7d5HizZa6b9loGbVCGy8WXfLdQ/8UvfSGyqvSyBvq7Uk57n7TjcY3k+tFST4BKLjyLIw14XyRaunMzBctssTB6t/Gm3YuBxSMLzWLqIkB2uKUgtCgZW14jd11e2LtFbN+y/ODMrrmM/FJhx3QSK6Ny9xWfDXMnSUZcxBG8XEI7YGvyoTdIMFbFP6ees1NZxh66D23qzbqFsrSCYvTU9uhtomrls0UwNFhiRQnlBbXPavONAnNiTALFiQO0xPbRYPV/HbHGK2ddULLr9Zb0+3azGB3q7L/FT1ewE9Lti3Z5LJjVf6QbyEsOae2spoJJIgyNR1btONQbU/RpYBVLV64jlRBdc9u4wHSOkFCd8T3DSnzYe17d3D2XBZlZFIJgTproIjjV28UuAqQSN/EbuINRujp5e6E7k3yVsYXKObBvhZe43S1jUWydFGvATukmgvK/9HtvEFrtj6u6dSAOg57QNx7R4zXQSiSNTp1md/XNeNkH/AIH4UuunY7VqqOF43kLisMUXEZFL6gKxYkCJ3DQ60U2Vydu5vrAVtojXc2Rjc5pWVbptiOnlDzHZx0FdefFIDJ1PaaUds464t4PbJ5yTzcESxNtUu2FnQOy2rN+3OjMjr1114c6bpI48uFxVsrC41tVQGOYtrDj63m0KBDeyf/0YC8qqWA1Rp0FVLuJK5VGZNJtKjgwpI6WBxZ0uWv8ApPqCQONUr+NICGVUZi1s235pVuH4zgr7aWWJ+LC3oEzFANq7ZVMyAgEmbgCi2pY8XsfWWRcIzDOmkxI1pp7oSGwVS902T7e8jm2Rj1m5ZKlVaD9kwap4G2EudI9OYhEQsx0B3BiAJJjdI31U2ZjVupIDEZsq24d0Wd5uZRbtAka8TFXrNss2UEsTpcW2zBBwbMMNwBnTP3xXM40y6laKmJBVypUqc0gXDnYboJCga7ju3moUMGesSPPWfOre0Lam4wXLAILBcgG+GOS07EyeLPO+Y4DQD/DrruHUYIkceulY6J/p4GlZVVNn3GGZLbFTuIRiD2gjfWUwNju3K3Ct9I2YrRk+lyZ3Z1s3Da8cwEUlcvbOMtYhrWIufU3nzWizl0Cq2muXMCufXSYMaiK6ryl2OMXYNrMUcFblq4BJtXbZzW7gnqI8ppWx3K27btmxjsLctXspVrtm216zcBBGa2UllnflI0mJNPlhqVXRfoOq9CSmo6tqa8re01z+v2hMwC3rHTt3fpFiwx5xLBglZZ2PTyqeJ0YyABTfj7Rv4dlUwbiQgJgCRIzRw66H7S2w+JtNZw1i45dSnO3UawiKREsXAZ4BMADxFEMGrIqqSGZVCkgQDAgmOFGEElpE6rqZ5MqytU19r97dJefgq4jB4m6zsFKTagK7WpzZk0tPbGZEIDiWOhYaCKIYDATbvghrS3CRaRmDtaBthSSwJGrS0AmJqO6wYEGevQkGRu1GtUucca80/wDnH8abQrslLqpOOlJL7fj5+OXvz7lhbN7mSgw6K1uwbatzgl3hRFooQVQgE6lT8I031FgtkXGgXA4ti5dYA3AIRrKBBCuf/wBmfQEwde2o+b4c04G4FbpHjAO/jW2a4IItXJ0MC6dDlHWYOsjXTSeND00Musmk0klf38/k8wuzcQz4fOjdEYcO3OTIyxeDTc3yToq6gTmJgVNhuTuIXpfRyXXDm25e/PO3TftM1xALgIBQOQCUmIMCKy0HkA2nI005469LNG/fJOp4UfwZuK36txG7NeLyDPCSNPwpXjRSPX5P+V/f+lrk5aezZKXQ085cKCQxFtnJQdEkCAYidIrNubS5q0XBViDoGOTcCTr16V5fx5RSzwoHEtl9ta5lyu2/isRdAtFUsIN7rJZjvcg7h1CO3jAzaiqJW8k3KvIs8ststdxKQBOTMQXJDXCSZMjgMsAdY3UvlcXcYwrkxBCqZjqXLw7qZExTo3TvYpidQUxHNKZ6gE06qvXdoACSmJb7+OxBHyIp4NKJHIm5OxVwuxcXIP0XEtBB/VXDu106NdA5TYa9aGa5iRZVhAt5SWvn/lkToogHMN2u7iIw+PtOyj6MhzMF6d2+51McblPe3eSGEsW2uWLKI4tuJEkxlJ4ns+ZoTexoKpHPL22kRivRaAslbiFekobQzrEweoyKz/1Qg4J43VHsap4vYVt2DKMwKr8Zk5sozx2ZpivbfJlf2EpO0emWTywQf8r/ADvwWvf/AFqv7Vn+Zj6LWtvk0P2UHgat2+TI/c/lrXEGl+5XHLj9+1/JcPuKN7C/SICqYcO9lnudO6ltmCWypzFQROaQsdW8yBFUhyaUalkUdeUe5rxn2fh7TBnW5dk5MmpBKka5dI7DR1LwDT7lzZNjEBWNhhbts7NbBXNkUk9GZ7vLtoriF2kY5vEoNP2P/tSxb5epatLbt2MzKIlmgHtgamhOP5d4y5orC2P+moB/mMmpOMmzp1JDfiG2kol71uOJYR85FC73Ki4mjX7LHqTM39MgUgYrHPcM3HZz1sxb1rS21FYfcV5fYebHK+4x1WRw19oqbE8o7dxSLtrQiGG8MJkBoIIIOoYQVOo4grWE2XiShuLZfIvSLEZRA1JGaJ8JqOzh3usAJIiTl1gRpPAa0yhFPYV5Jtb8EfKDbbMWFpnBcQ7sctxgNAtxrbBb2n22QNFAtn28zEGD0Tv1G8RU2ymZr4zfvaRpoDU+KTI5jQHX8a64w21HI34NtjFRcNsost8M2lunMNwUNcRV0nUngKZGcSquyhQc+W5fwmHtknfNq1zjNu76TMYJhvPj3U1cntrO4Uc5cBVs7hC2Z5HSzNmS1Ytdp17aSUVYybCyo9xHZhzo+wFtth8HZ77jvaD/AMp8a1OCDBGT60kRNgc8zNoFtWVVTZsoN5dix0rXEX7JFxrvNMrdJSua6LQBkk3wiB9QOirxprmq3s/bdi+4u88ztlNoLdezasqYknLiLlwwBGuWNaGlM2pmPtW2py3MRhg40YMmLxTA8Q1+24RyN3RAA3DQVlE8NiLwUD6Yg3wLWLtqgEmAoTC5d0buM1lNYp0i/wAoFU5SGkGCDoQe0Um7c2eLvO3BiMRzhlhF0qo6lCrGkaVCt2TOZmlplzLHvPGp2ufH3e1I5DKIm4rHtaXNz113I3c4+VZ0116R140ufSb8n6+9/m3P+6p7twnStUtxrxHzFSVlqRlq5en9ff8A819P9VTrcv8A/Ov/AOa/41ZzouU9ehogl9DuFZyDQNR8R/zb3+a/41ZWxfIkYi93c6/40SeZAjeKkvWSqAjiCfKp+qh/TZUwTXgynnrujKdbj9Y7a6naxA0m4ZPDMfxrmWz+kDP7M+VDsVjriPGY6Ejf1GKGvU6Co6d2dcxGAz6hpMH4ul60MOxwykbz1kaa74+VLOyeVVxVhjNH8JyltsGMgQN1MOt0Lu0dgEOkcD0j1ifwo1yo2VbtWLwA1AzA+lUNkbTuXbsMehJknTSeuifLrbWHaxlW6pcgKQDJjrqkNluc+XeSo5Y+JZWBHAg+NPWN5TXLqDtUg69Y1pJbIe2rlnGwIEVvFGrewzhhoJMaVY+n2l3vPdrS7dxBPGoWY0uj3DqD1/lIo+FCfvGPShWO5TXzorBB+6NfM0LvCo7mHc8IHbpTKKQLZBi8bcf43Zu8k1SuMeur92wqyHY5ozQBwG/XxFEsNgsOqq9wXMrCQ4QhJPW5MmDvAjdTJXwByS5FsITwNYbXb5VaxOGuT+2ODIcysJIkEd1VrilPiBHeCPKjua0S4LCNcMLGglmbRVHWTwph2ftLDYUSic/eG643RQHhlBPDr30pvjzlyLoJkx9o9Z9KxEJ1Y0VC+QeolwdA2vyrvczaEAXLg6cajIwOv8pHiaZdlWUXZZCqBDjN1ntJ41yO5iGIALEhRlWTMDqHVXR9jbew/wBBu22vWw0ggFgD5Gjo0i5MmsTyVjQAMNxHWOuhG1sZnYZRAXfO89db38SMzEGQSSI461ElguZOldGq1SIpUeKsieFaWAytlBgEgwwzISPhLIdDHbNXreGy7vKtb1vSRv30sohTNxgruILPduByeipYyVhhpl3KIBEDdRixson47zv2KoAHcAIFVMHaIQmAVJ6M6SSNZB7aY8LCiC2ghV4DQf3gVINldMLAgc7H3v71lRrtBhI6iw8mMVlYw94bYGKIH1f+tPxq2eTmLOb6saj9tervrKyhpQdTEXbPI7E4VRcvKoUmOi4aCesUOxVkACsrKlJUWg7QMvtRLY7Saysqc/pKx5GLELAU1PjB9UO5vnWVlcXsdLBezTB86HbTg3CZjfWVlXgu4nPgp3No216z4RUA2yR8IisrK6UiDZXubTdt7HuGlRC4TWVlNwAlQ9tWrZrysrALappJqni9o2k0JJPUB+Ne1lFbivYrf8VJEoAum/eaHjFOSSzkkag/23VlZVYJE8jYz7aZRbByBmJhRuEkHUnqqrsbEYu2SUZLSHpPAzhgBv5s6Ex3VlZS9Mv4l+Rusl/M/wAfosbQwxxTG4SEy9EBUUaCDJgjUz1Un4y2TcZZ0UlfIxurysqeOTlkkmVyQUcUWvJslsLurbPWVldRzEbvTlsTk7avYa5ee7cBW2G+yRAHdNZWVKT3QfAv4TZDHU6LOkkE+MaUbwuyO9vECsrKOpisvpsR94tjxI/vW52M/EqPP8K8rKxiv/wJ1Ysl7KTwyyPEE6itcViDbUqyZhuIBEHSZAJ046V7WVjAJ8TaJ+K4OwqrEdk8aysrKAx//9k=\"/><section class=\"bdg-sect c3810\"><h1 class=\"heading c3818\">Express Entry</h1><p class=\"paragraph c3827\">Lorem ipsum dolor sit amet, consectetur adipiscing elit, sed do eiusmod tempor incididunt ut labore et dolore magna aliqua Lorem ipsum dolor sit amet, consectetur adipiscing elit, sed do eiusmod tempor incididunt ut labore et</p></section><a id=\"i9vuk\">Button name</a></div><div class=\"col-sm c2100\"><img id=\"icpgp\" src=\"http://lcimmigration.com/wp-content/uploads/2017/07/students.png\"/><section class=\"bdg-sect c3080\"></section><section class=\"bdg-sect c3391\"><h1 class=\"heading c3399\">Student Visa</h1><p class=\"paragraph c3408\">Lorem ipsum dolor sit amet, consectetur adipiscing elit, sed do eiusmod tempor incididunt ut labore et dolore magna aliqua incididunt ut labore et dolore magna</p></section><a id=\"iw31k\">Button name</a></div></div></div>\n<div class=\"container c5533\"><div id=\"iz0eh\" class=\"row c5577\"><div class=\"col-sm c5585\"><section class=\"bdg-sect c5738\"></section><section class=\"bdg-sect c5893\"><h1 class=\"heading c5901\">Live in Canada and Fulfill Your Dreams</h1></section><div id=\"i7bnqz\" class=\"c6889\"><span id=\"i2aacj\" class=\"c6941\">Lorem ipsum dolor sit amet, consectetur adipiscing elit, sed do eiusmod tempor incididunt ut labore et dolore magna aliqua. Ut enim ad minim veniam, quis nostrud exercitation ullamco laboris nisi ut aliquip ex ea commodo consequat.</span></div><div id=\"izl8ej\" class=\"c7043\">Lorem ipsum dolor sit amet, consectetur adipiscing elit, sed do eiusmod tempor incididunt ut labore et dolore magna aliqua. Ut enim ad minim veniam</div></div><div class=\"col-sm c5594\"><img id=\"ibhjb\" src=\"https://st.depositphotos.com/1609126/3286/i/950/depositphotos_32863515-stock-photo-canada-flag-and-mountains.jpg\"/></div></div></div>',
        '#content{padding-top:30px;padding-right:20px;padding-bottom:30px;padding-left:20px;min-height:calc(100vh);}img{max-width:100%;height:auto;}.container{min-height:75px;}.col-sm{min-height:35px;}.navbar-nav .nav-link{opacity:0.5;}a, .navbar-nav .nav-link:hover{opacity:0.9;}.navbar-nav .active > .nav-link{opacity:0.9;}div.iframe-container{position:relative;height:0px;padding-bottom:56.25%;}div.iframe-container > div{position:relative;height:0px;padding-bottom:56.25%;}div.iframe-container > iframe{position:absolute;height:100%;width:100%;top:0px;left:0px;}div.iframe-container > div > iframe{position:absolute;height:100%;width:100%;top:0px;left:0px;}.container.c1738{background-image:url(\"https://images.ctfassets.net/1izjqx4qtt8c/3xTYOuBBubTlAreW1WLaf6/71ba109642cc208a862d9f7901b10fa8/Stocksy_txpfcb852dddwL200_OriginalDelivery_856225__1_.png\");background-attachment:scroll;background-repeat-x:no-repeat;background-repeat-y:no-repeat;background-size:cover;background-position-x:50%;background-position-y:50%;box-shadow:rgba(0, 0, 0, 0.3) 0px 0px 70px 70px inset;height:550px;}.col-sm.c2650{color:rgba(103, 3, 3, 0.85);}.col-sm.c5585{margin-top:0px;margin-right:0px;margin-bottom:0px;margin-left:0px;}.container.c1965{padding-top:0px;padding-right:15px;padding-bottom:25px;padding-left:15px;}.container.c5792{text-align:center;padding-top:10px;padding-right:15px;padding-bottom:0px;padding-left:15px;}.container.c2764{margin-top:35px;margin-right:auto;margin-bottom:0px;margin-left:auto;}.col-sm.c2294{height:auto;}.col-sm.c2141{text-align:center;}.col-sm.c5640{text-align:center;}.container.c1913{margin-top:0px;margin-right:auto;margin-bottom:45px;margin-left:auto;}.paragraph{color:rgb(0, 0, 0);margin-top:0px;margin-right:0px;margin-bottom:22px;margin-left:0px;}#i3opt{padding-top:10px;padding-right:35px;padding-bottom:10px;padding-left:35px;color:rgb(244, 244, 244);background-color:rgb(138, 9, 9);display:inline-block;text-align:center;}#i3opt:hover{background-color:rgb(97, 5, 5);}#ig55p{padding-top:10px;padding-right:10px;padding-bottom:10px;padding-left:10px;}.c2009{text-align:center;font-size:32px;color:rgba(106, 0, 0, 0.9);margin-top:10px;margin-right:0px;margin-bottom:10px;margin-left:0px;}.heading.c2003{text-align:center;font-size:20px;margin-top:0px;margin-right:0px;margin-bottom:10px;margin-left:0px;}.paragraph.c2012{text-align:center;font-size:16px;color:rgba(0, 0, 0, 0.7);margin-top:0px;margin-right:0px;margin-bottom:60px;margin-left:0px;}#icpgp{color:black;height:auto;margin-top:0px;margin-right:0px;margin-bottom:8px;margin-left:0px;}.heading.c3088{margin-top:0px;margin-right:0px;margin-bottom:8px;margin-left:0px;}.paragraph.c3097{text-align:center;}.heading.c3399{margin-top:0px;margin-right:0px;margin-bottom:10px;margin-left:0px;font-size:20px;text-align:center;}.paragraph.c3408{color:rgba(0, 0, 0, 0.7);text-align:center;margin-top:0px;margin-right:0px;margin-bottom:60px;margin-left:0px;}#iqwii{color:black;height:auto;width:295.984px;margin-top:0px;margin-right:0px;margin-bottom:8px;margin-left:0px;}.heading.c3818{margin-top:0px;margin-right:0px;margin-bottom:10px;margin-left:0px;font-size:20px;text-align:center;}.paragraph.c3827{color:rgba(0, 0, 0, 0.7);margin-top:0px;margin-right:0px;margin-bottom:60px;margin-left:0px;padding-top:0px;padding-right:0px;padding-bottom:0px;padding-left:0px;}.c2074{text-align:center;}#i0tan{color:black;height:auto;margin-top:0px;margin-right:0px;margin-bottom:8px;margin-left:0px;text-align:center;}#ikj0f{width:75%;display:inline-block;padding-top:8px;padding-right:0px;padding-bottom:8px;padding-left:0px;color:rgba(255, 255, 255, 0.95);background-color:rgb(129, 14, 14);position:absolute;left:12.5%;bottom:10px;margin-top:0px;margin-right:0px;margin-bottom:0px;margin-left:0px;}#i9vuk{display:inline-block;width:75%;padding-top:8px;padding-right:0px;padding-bottom:8px;padding-left:0px;color:rgba(255, 255, 255, 0.95);background-color:rgb(129, 14, 14);margin-top:0px;margin-right:0px;margin-bottom:0px;margin-left:0px;position:absolute;bottom:10px;left:12.5%;text-align:center;}#iw31k{padding-top:8px;padding-right:0px;padding-bottom:8px;padding-left:0px;width:75%;display:inline-block;color:rgba(255, 255, 255, 0.95);background-color:rgb(129, 14, 14);position:absolute;left:12.5%;bottom:10px;margin-top:0px;margin-right:0px;margin-bottom:0px;margin-left:0px;}#ikj0f:hover{background-color:rgb(97, 5, 5);}.heading{color:rgba(157, 22, 22, 0.85);}#i9vuk:hover{background-color:rgb(97, 5, 5);}#iw31k:hover{background-color:rgb(97, 5, 5);}#ibhjb{color:black;}.heading.c5901{font-weight:400;color:rgba(0, 0, 0, 0.75);font-size:32px;letter-spacing:1.5px;}.paragraph.c5910{color:rgba(0, 0, 0, 0.7);text-align:left;}#i7bnqz{padding-top:10px;padding-right:10px;padding-bottom:10px;padding-left:10px;}#i2aacj{color:rgba(0, 0, 0, 0.7);}.c6889{color:rgba(0, 0, 0, 0.7);}#izl8ej{padding-top:10px;padding-right:10px;padding-bottom:10px;padding-left:10px;}.c7043{color:rgba(0, 0, 0, 0.7);}#iokmi{padding-top:10px;padding-right:10px;padding-bottom:10px;padding-left:10px;margin-top:0px;margin-right:0px;margin-bottom:60px;margin-left:0px;}#ij4o6{padding-top:10px;padding-right:10px;padding-bottom:10px;padding-left:10px;margin-top:0px;margin-right:0px;margin-bottom:60px;margin-left:0px;}#im0w9h{padding-top:10px;padding-right:10px;padding-bottom:10px;padding-left:10px;margin-top:0px;margin-right:0px;margin-bottom:60px;margin-left:0px;}',
        NULL, NULL, NULL, NULL,
        '<div class=\"container c1875\"><img id=\"im4rk\" src=\"https://www.amomed.com/wp-content/uploads/2017/08/o-PEOPLE-IN-OFFICE-facebook.jpg\"/></div>\n<div class=\"container c1953\"><div id=\"ivw2m\">Immigration</div><div id=\"isakc\" class=\"row c2277\"><div class=\"col-sm c2285\"><section class=\"bdg-sect c2349\"><h1 class=\"heading c2357\">EXPRESS ENTRY</h1><p class=\"paragraph c2367\">Lorem ipsum dolor sit amet, consectetur adipiscing elit, sed do eiusmod tempor incididunt ut labore et dolore magna aliq ipsum dolor sit amet, consectetur adipiscing elit, sed deiusod tempor incididunt ut labore et dolore magna aliqua</p></section><section class=\"bdg-sect c2582\"><p class=\"paragraph c2599\">Lorem ipsum dolor sit amet, consectetur adipiscing elit, sed do eiusmod tempor incididunt ut labore et dolore magna aliqua eiusmod tempor inciqua eiusmod tempor inciunt ut labore et dolore</p></section></div><div class=\"col-sm c2294\"><img id=\"i6ch9\" src=\"https://www.salesforcesearch.com/wp-content/uploads/2018/05/o-CELEBRATION-facebook.jpg\"/></div></div><div class=\"row c2133\"><div class=\"col-sm c2141\"><img id=\"ic7rk\" src=\"https://upload.wikimedia.org/wikipedia/commons/thumb/c/cf/Flag_of_Canada.svg/1280px-Flag_of_Canada.svg.png\"/></div><div class=\"col-sm c2150\"><section class=\"bdg-sect c3919\"><h1 class=\"heading c3927\">FEDERAL SKILLED WORKER</h1><p class=\"paragraph c3936\">Lorem ipsum dolor sit amet, consectetur adipiscing elit, sed do eiusmod tempor incididunt ut labore et dolore magna aliqua lit, sed do eiusmod tempor incididunt ut labore et dolore magna aliqua</p></section><section class=\"bdg-sect c4538\"><p class=\"paragraph c4555\">Lorem ipsum dolor sit amet, consectetur adipiscing elit, sed do lit, sed do eiusmod tempor incididunt ut labore et dolor magna aliqua lit, sed do eiusmod tempor incididunt ut labore et dolore magna aliqua lit, sed do eiusmod tempor incididunt ut labore et dolore magna aliqua</p></section></div></div></div>\n<div class=\"container c5568\"><div class=\"row c5623\"><div class=\"col-sm c5631\"><div id=\"i0fsq\">Place short text about company</div></div><div class=\"col-sm c5640\"><a id=\"is0ts\">Get a Free Assessment</a></div></div></div>',
        '#content{padding-top:30px;padding-right:20px;padding-bottom:30px;padding-left:20px;min-height:calc(100vh);}img{max-width:100%;height:auto;}.container{min-height:75px;}.col-sm{min-height:35px;}.navbar-nav .nav-link{opacity:0.5;}a, .navbar-nav .nav-link:hover{opacity:0.9;}.navbar-nav .active > .nav-link{opacity:0.9;}div.iframe-container{position:relative;height:0px;padding-bottom:56.25%;}div.iframe-container > div{position:relative;height:0px;padding-bottom:56.25%;}div.iframe-container > iframe{position:absolute;height:100%;width:100%;top:0px;left:0px;}div.iframe-container > div > iframe{position:absolute;height:100%;width:100%;top:0px;left:0px;}.container.c1738{background-image:url(\"https://images.ctfassets.net/1izjqx4qtt8c/3xTYOuBBubTlAreW1WLaf6/71ba109642cc208a862d9f7901b10fa8/Stocksy_txpfcb852dddwL200_OriginalDelivery_856225__1_.png\");background-attachment:scroll;background-repeat-x:no-repeat;background-repeat-y:no-repeat;background-size:cover;background-position-x:50%;background-position-y:50%;box-shadow:rgba(0, 0, 0, 0.3) 0px 0px 70px 70px inset;height:550px;}.col-sm.c2650{color:rgba(103, 3, 3, 0.85);}.col-sm.c5585{margin-top:0px;margin-right:0px;margin-bottom:0px;margin-left:0px;}.container.c1965{padding-top:0px;padding-right:15px;padding-bottom:25px;padding-left:15px;}.container.c5792{text-align:center;padding-top:10px;padding-right:15px;padding-bottom:0px;padding-left:15px;}.container.c2764{margin-top:35px;margin-right:75.5px;margin-bottom:0px;margin-left:75.5px;margin:35px auto 0 auto;}.col-sm.c2294{height:auto;}.col-sm.c2141{text-align:center;}.col-sm.c5640{text-align:center;}.container.c1913{margin-top:0px;margin-right:auto;margin-bottom:45px;margin-left:auto;}#im4rk{color:black;}#ivw2m{padding-top:10px;padding-right:10px;padding-bottom:10px;padding-left:10px;color:rgb(173, 0, 0);font-size:30px;text-align:center;margin-top:0px;margin-right:0px;margin-bottom:45px;margin-left:0px;}.heading.c2357{font-weight:400;font-size:28px;color:rgba(0, 0, 0, 0.75);margin-top:0px;margin-right:0px;margin-bottom:15px;margin-left:0px;}.paragraph.c2367{color:rgba(0, 0, 0, 0.7);}.paragraph.c2599{color:rgba(0, 0, 0, 0.7);}#i6ch9{color:black;}.heading.c3927{font-size:28px;font-weight:400;color:rgba(0, 0, 0, 0.75);}.c2133{margin-top:0px;margin-right:-15px;margin-bottom:45px;margin-left:-15px;}.paragraph.c3936{color:rgba(0, 0, 0, 0.7);}.paragraph.c4555{color:rgba(0, 0, 0, 0.7);}#ic7rk{color:black;}.c2277{margin-top:0px;margin-right:-15px;margin-bottom:60px;margin-left:-15px;}#i0fsq{padding-top:10px;padding-right:10px;padding-bottom:10px;padding-left:10px;}#is0ts{padding-top:10px;padding-right:10px;padding-bottom:10px;padding-left:10px;display:inline-block;width:45%;text-align:center;color:rgb(248, 245, 246);background-color:rgb(125, 2, 2);}#is0ts:hover{background-color:rgb(181, 0, 0);}',
        '<div class=\"container c1893\"><div id=\"ibu14\">Do Your Free Assessment</div><div class=\"iframe-container c2118\"><iframe id=\"9imoqam8u\" class=\"assessment_url\" frameborder=\"0\" allowfullscreen class=\"iframe\"></iframe></div></div>',
        '#content{padding-top:30px;padding-right:20px;padding-bottom:30px;padding-left:20px;min-height:calc(100vh);}img{max-width:100%;height:auto;}.container{min-height:75px;}.navbar-nav .nav-link{opacity:0.5;}a, .navbar-nav .nav-link:hover{opacity:0.9;}.navbar-nav .active > .nav-link{opacity:0.9;}div.iframe-container{position:relative;height:0px;padding-bottom:56.25%;}div.iframe-container > div{position:relative;height:0px;padding-bottom:56.25%;}div.iframe-container > iframe{position:absolute;height:100%;width:100%;top:0px;left:0px;}div.iframe-container > div > iframe{position:absolute;height:100%;width:100%;top:0px;left:0px;}.container.c1738{background-image:url(\"https://images.ctfassets.net/1izjqx4qtt8c/3xTYOuBBubTlAreW1WLaf6/71ba109642cc208a862d9f7901b10fa8/Stocksy_txpfcb852dddwL200_OriginalDelivery_856225__1_.png\");background-attachment:scroll;background-repeat-x:no-repeat;background-repeat-y:no-repeat;background-size:cover;background-position-x:50%;background-position-y:50%;box-shadow:rgba(0, 0, 0, 0.3) 0px 0px 70px 70px inset;height:550px;}.container.c1965{padding-top:0px;padding-right:15px;padding-bottom:25px;padding-left:15px;}.container.c5792{text-align:center;padding-top:10px;padding-right:15px;padding-bottom:0px;padding-left:15px;}.container.c2764{margin-top:35px;margin-right:75.5px;margin-bottom:0px;margin-left:75.5px;margin:35px auto 0 auto;}.container.c1913{margin-top:0px;margin-right:auto;margin-bottom:45px;margin-left:auto;}#ibu14{padding-top:10px;padding-right:10px;padding-bottom:10px;padding-left:10px;text-align:center;font-size:34px;color:rgb(143, 0, 0);}.iframe{min-height:auto;}.iframe-container.c2118{min-height:450px;}',
        '<div class=\"container c1913\"><img id=\"iz5jt\" src=\"https://pngimage.net/wp-content/uploads/2018/05/contact-us-png-images-for-website-3.png\"/></div>\n<div class=\"container c2072\"><div class=\"row c2115\"><div class=\"col-sm c2123\"><div id=\"ihe67\">Contact us</div><form id=\"message-form\" class=\"p-3\"><div class=\"form-group c2196\"><label for=\"name-form\">Your name</label><input name=\"name\" type=\"text\" id=\"name-form\" aria-describedby=\"nameHelp\" placeholder=\"Enter name\" class=\"form-control\"/></div><div class=\"form-group c2227\"><div class=\"form-group c2235\"><label for=\"email-form\">Email address</label><input name=\"email\" type=\"email\" id=\"email-form\" aria-describedby=\"emailHelp\" placeholder=\"Enter email\" required=\"\" class=\"form-control\"/></div><div class=\"form-group c2264\"><label for=\"phone-form\">Phone</label><input name=\"phone\" type=\"phone\" id=\"phone-form\" aria-describedby=\"phoneHelp\" placeholder=\"Phone\" class=\"form-control\"/></div><div class=\"form-group c2293\"><label for=\"textarea-form\">Message</label><textarea name=\"message\" type=\"text\" required=\"\" rows=\"5\" id=\"textarea-form\" placeholder=\"Enter your message\" class=\"form-control\"></textarea></div><button onclick=\"javascript:sendMessage(\'uniques-software-corp\')\" type=\"button\" class=\"btn btn-primary\">Send</button></div></form></div><div class=\"col-sm c2132\"><iframe frameborder=\"0\" id=\"ifeky\" src=\"https://maps.google.com/maps?&z=1&t=q&output=embed\"></iframe></div></div></div>',
        '#content{padding-top:30px;padding-right:20px;padding-bottom:30px;padding-left:20px;min-height:calc(100vh);font-size:medium;}img{max-width:100%;height:auto;}.container{min-height:75px;}.col-sm{min-height:35px;}.navbar-nav .nav-link{opacity:0.5;}a, .navbar-nav .nav-link:hover{opacity:0.9;}.navbar-nav .active > .nav-link{opacity:0.9;}div.iframe-container{position:relative;height:0px;padding-bottom:56.25%;}div.iframe-container > div{position:relative;height:0px;padding-bottom:56.25%;}div.iframe-container > iframe{position:absolute;height:100%;width:100%;top:0px;left:0px;}div.iframe-container > div > iframe{position:absolute;height:100%;width:100%;top:0px;left:0px;}.container.c1738{background-image:url(\"https://images.ctfassets.net/1izjqx4qtt8c/3xTYOuBBubTlAreW1WLaf6/71ba109642cc208a862d9f7901b10fa8/Stocksy_txpfcb852dddwL200_OriginalDelivery_856225__1_.png\");background-attachment:scroll;background-repeat-x:no-repeat;background-repeat-y:no-repeat;background-size:cover;background-position-x:50%;background-position-y:50%;box-shadow:rgba(0, 0, 0, 0.3) 0px 0px 70px 70px inset;height:550px;}.col-sm.c2650{color:rgba(103, 3, 3, 0.85);}.col-sm.c5585{margin-top:0px;margin-right:0px;margin-bottom:0px;margin-left:0px;}.container.c1965{padding-top:0px;padding-right:15px;padding-bottom:25px;padding-left:15px;}.container.c5792{text-align:center;padding-top:10px;padding-right:15px;padding-bottom:0px;padding-left:15px;}.container.c2764{margin-top:35px;margin-right:75.5px;margin-bottom:0px;margin-left:75.5px;margin:0 auto 0 auto;}.col-sm.c2294{height:auto;}.col-sm.c2141{text-align:center;}.col-sm.c5640{text-align:center;}#iz5jt{color:black;}.container.c1913{margin:0 auto 45px auto;}#textarea-form{resize:none;}#ihe67{padding:10px;font-size:28px;color:rgba(0,0,0,0.7);}#ifeky{height:583px;}'),
       (2, 'Green',
        '<div id=\"inymo\" class=\"container c2764\"><div id=\"ix0vi\" class=\"row c2807\"><div id=\"i5pey\" class=\"col-sm c2815\">\n                            <div class=\"company_name c24537\" data-gjs-removable=\"false\" data-gjs-editable=\"false\">Company name</div>\n                            <div class=\"company_address c23555\" data-gjs-removable=\"false\" data-gjs-editable=\"false\">Company contact address</div>\n                            <div class=\"company_phone c280303\" data-gjs-removable=\"false\" data-gjs-editable=\"false\">Company phone</div>\n                        </div><div class=\"col-sm c2824 c4966\"><div class=\"container d-flex flex-wrap justify-content-around align-items-center h-100 c5026\"><div class=\"container c5792\"><a id=\"iwz5j\"><img id=\"i8yvr\" src=\"https://image.flaticon.com/icons/png/128/20/20837.png\"/></a><a id=\"i89hu\"><img id=\"if8tkh\" src=\"https://image.flaticon.com/icons/png/128/23/23931.png\"/></a></div></div></div></div></div>',
        '#header{padding-top:10px;padding-right:20px;padding-bottom:10px;padding-left:20px;min-height:100px;}img{max-width:100%;height:auto;}.navbar-nav .nav-link{opacity:0.5;}a, .navbar-nav .nav-link:hover{opacity:0.9;}.navbar-nav .active > .nav-link{opacity:0.9;}.navbar-toggler-icon{background-image:url(\"data:image/svg+xml;charset=utf8,%3Csvg viewBox=\'0 0 32 32\' xmlns=\'http://www.w3.org/2000/svg\'%3E%3Cpath stroke=\'rgba(0, 0, 0, 0.5)\' stroke-width=\'2\' stroke-linecap=\'round\' stroke-miterlimit=\'10\' d=\'M4 8h24M4 16h24M4 24h24\'/%3E%3C/svg%3E\");}div.iframe-container{position:relative;height:0px;padding-bottom:56.25%;}div.iframe-container > div{position:relative;height:0px;padding-bottom:56.25%;}div.iframe-container > iframe{position:absolute;height:100%;width:100%;top:0px;left:0px;}div.iframe-container > div > iframe{position:absolute;height:100%;width:100%;top:0px;left:0px;}.nav-link{color:rgba(47,157,22,0.85);}.nav-link:hover{color:rgba(47,157,22,1);}.navbar-brand.nav_title{color:rgba(47,157,22,0.85);} \n #footer{padding-top:25px;padding-right:20px;padding-bottom:10px;padding-left:20px;min-height:100px;}img{max-width:100%;height:auto;}.container{min-height:75px;}.col-sm{min-height:35px;}.navbar-nav .nav-link{opacity:0.5;}a, .navbar-nav .nav-link:hover{opacity:0.9;}.navbar-nav .active > .nav-link{opacity:0.9;}div.iframe-container{position:relative;height:0px;padding-bottom:56.25%;}div.iframe-container > div{position:relative;height:0px;padding-bottom:56.25%;}div.iframe-container > iframe{position:absolute;height:100%;width:100%;top:0px;left:0px;}div.iframe-container > div > iframe{position:absolute;height:100%;width:100%;top:0px;left:0px;}.container.c1738{background-image:url(\"https://images.ctfassets.net/1izjqx4qtt8c/3xTYOuBBubTlAreW1WLaf6/71ba109642cc208a862d9f7901b10fa8/Stocksy_txpfcb852dddwL200_OriginalDelivery_856225__1_.png\");background-attachment:scroll;background-repeat-x:no-repeat;background-repeat-y:no-repeat;background-size:cover;background-position-x:50%;background-position-y:50%;box-shadow:rgba(0, 0, 0, 0.3) 0px 0px 70px 70px inset;height:550px;}.col-sm.c2650{color:rgba(103, 3, 3, 0.85);text-align:center;}.col-sm.c5585{margin-top:0px;margin-right:0px;margin-bottom:0px;margin-left:0px;}.container.c1965{padding-top:0px;padding-right:15px;padding-bottom:25px;padding-left:15px;}#iwz5j{display:inline-block;padding-top:5px;padding-right:5px;padding-bottom:5px;padding-left:5px;min-height:50px;min-width:50px;}#i89hu{display:inline-block;padding-top:5px;padding-right:5px;padding-bottom:5px;padding-left:5px;min-height:50px;min-width:50px;}.container.c5792{text-align:center;padding-top:10px;padding-right:15px;padding-bottom:0px;padding-left:15px;}#i8yvr{width:38px;color:rgb(0, 0, 0);background-color:rgb(255, 255, 255);padding-top:3px;padding-right:3px;padding-bottom:3px;padding-left:3px;border-top-width:2px;border-right-width:2px;border-bottom-width:2px;border-left-width:2px;border-top-style:solid;border-right-style:solid;border-bottom-style:solid;border-left-style:solid;border-top-color:rgb(0, 0, 0);border-right-color:rgb(0, 0, 0);border-bottom-color:rgb(0, 0, 0);border-left-color:rgb(0, 0, 0);border-image-source:initial;border-image-slice:initial;border-image-width:initial;border-image-outset:initial;border-image-repeat:initial;border-top-left-radius:5px;border-top-right-radius:5px;border-bottom-right-radius:5px;border-bottom-left-radius:5px;}#if8tkh{color:black;width:38px;background-color:rgb(255, 255, 255);border-top-left-radius:5px;border-top-right-radius:5px;border-bottom-right-radius:5px;border-bottom-left-radius:5px;border-top-width:2px;border-right-width:2px;border-bottom-width:2px;border-left-width:2px;border-top-style:solid;border-right-style:solid;border-bottom-style:solid;border-left-style:solid;border-top-color:rgb(0, 0, 0);border-right-color:rgb(0, 0, 0);border-bottom-color:rgb(0, 0, 0);border-left-color:rgb(0, 0, 0);border-image-source:initial;border-image-slice:initial;border-image-width:initial;border-image-outset:initial;border-image-repeat:initial;padding-top:3px;padding-right:3px;padding-bottom:3px;padding-left:3px;}.container.c2764{margin-top:35px;margin-right:auto;margin-bottom:0px;margin-left:auto;}.col-sm.c2294{height:auto;}.col-sm.c2141{text-align:center;}.col-sm.c5640{text-align:center;}.container.c1913{margin-top:0px;margin-right:auto;margin-bottom:45px;margin-left:auto;}',
        '<div class=\"container c1738\"><div class=\"container d-flex flex-wrap justify-content-around align-items-center h-100 c2064\"><div class=\"container c2248\"><section class=\"bdg-sect c2291\"></section><div class=\"row c2642\"><section class=\"bdg-sect c3005\"></section><section class=\"bdg-sect c3163\"></section><div class=\"col-sm c2650\"><section class=\"bdg-sect c2714\"></section><section class=\"bdg-sect c2602\"><h1 class=\"heading c2610\"></h1></section><section class=\"bdg-sect c3336\"><h1 class=\"heading c3344\">Expert Immigration Advice</h1><div class=\"row c3707\"><div class=\"col-sm c3715\"></div><div class=\"col-sm c3724\"><p class=\"paragraph c3353\">Lorem ipsum dolor sit amet, consectetur adipiscing elit, sed do eiusmod tempor incididunt ut labore et dolore magna aliqua</p></div><div class=\"col-sm c3733\"></div></div></section><a id=\"i3opt\">Get a Free Assessments</a></div></div></div><section class=\"bdg-sect c2123\"></section></div></div>\n<div class=\"container c1965\"><div id=\"ig55p\" class=\"c2009\">Our Services</div><div class=\"row c2074\"><div class=\"col-sm c2082\"><img id=\"i0tan\" src=\"https://capicstorage.blob.core.windows.net/shared/myconsultant/webimages/1062-half.jpg\"/><section class=\"bdg-sect c1995\"><h1 class=\"heading c2003\">Family Class</h1><div class=\"container d-flex flex-wrap justify-content-around align-items-center c7187\"><p class=\"paragraph c2012\">Lorem ipsum dolor sit amet, consectetur adipiscing elit, sed do eiusmod tempor incididunt ut labore et dolore magna aliqua adipiscing elit, sed do eiusmod tempor incididunt ut labore et dolore magna aliqua</p></div></section><div class=\"row c7070\"><div class=\"col-sm c7078\"></div><div class=\"col-sm c7087\"><a id=\"ikj0f\">Button name</a></div><div class=\"col-sm c7096\"></div></div></div></div></div>\n<div class=\"container c7640\"><div class=\"row c7683\"><div class=\"col-sm c7691\"><img id=\"ibhjb\" src=\"https://st.depositphotos.com/1609126/3286/i/950/depositphotos_32863515-stock-photo-canada-flag-and-mountains.jpg\"/></div><div class=\"col-sm c7700\"><h1 class=\"heading c5901\">Live in Canada and Fulfill Your Dreams</h1><span id=\"i2aacj\" class=\"c6941\">Lorem ipsum dolor sit amet, consectetur adipiscing elit, sed do eiusmod tempor incididunt ut labore et dolore magna aliqua. Ut enim ad minim veniam, quis nostrud exercitation ullamco laboris nisi ut aliquip ex ea commodo consequat.</span><div id=\"izl8ej\" class=\"c7043\">Lorem ipsum dolor sit amet, consectetur adipiscing elit, sed do eiusmod tempor incididunt ut labore et dolore magna aliqua. Ut enim ad minim veniam</div></div></div></div>',
        '#content{padding-top:30px;padding-right:20px;padding-bottom:30px;padding-left:20px;min-height:calc(100vh);}img{max-width:100%;height:auto;}.container{min-height:75px;}.col-sm{min-height:35px;}.navbar-nav .nav-link{opacity:0.5;}a, .navbar-nav .nav-link:hover{opacity:0.9;}.navbar-nav .active > .nav-link{opacity:0.9;}div.iframe-container{position:relative;height:0px;padding-bottom:56.25%;}div.iframe-container > div{position:relative;height:0px;padding-bottom:56.25%;}div.iframe-container > iframe{position:absolute;height:100%;width:100%;top:0px;left:0px;}div.iframe-container > div > iframe{position:absolute;height:100%;width:100%;top:0px;left:0px;}.container.c1738{background-image:url(\"https://images.ctfassets.net/1izjqx4qtt8c/3xTYOuBBubTlAreW1WLaf6/71ba109642cc208a862d9f7901b10fa8/Stocksy_txpfcb852dddwL200_OriginalDelivery_856225__1_.png\");background-attachment:scroll;background-repeat-x:no-repeat;background-repeat-y:no-repeat;background-size:cover;background-position-x:50%;background-position-y:50%;box-shadow:rgba(0, 0, 0, 0.3) 0px 0px 70px 70px inset;height:550px;}.col-sm.c2650{color:rgba(103, 3, 3, 0.85);text-align:center;}.col-sm.c5585{margin-top:0px;margin-right:0px;margin-bottom:0px;margin-left:0px;}.container.c1965{padding-top:0px;padding-right:15px;padding-bottom:25px;padding-left:15px;}.container.c5792{text-align:center;padding-top:10px;padding-right:15px;padding-bottom:0px;padding-left:15px;}.container.c2764{margin-top:35px;margin-right:auto;margin-bottom:0px;margin-left:auto;}.col-sm.c2294{height:auto;}.col-sm.c2141{text-align:center;}.col-sm.c5640{text-align:center;}.container.c1913{margin-top:0px;margin-right:auto;margin-bottom:45px;margin-left:auto;}.paragraph{color:rgb(0, 0, 0);margin-top:0px;margin-right:0px;margin-bottom:22px;margin-left:0px;}#i3opt{padding-top:10px;padding-right:35px;padding-bottom:10px;padding-left:35px;color:rgb(244, 244, 244);background-color:rgba(47,157,22,0.85);display:inline-block;text-align:center;}#i3opt:hover{background-color:rgba(47,157,22,1);}#ig55p{padding-top:10px;padding-right:10px;padding-bottom:10px;padding-left:10px;}.c2009{text-align:center;font-size:32px;color:rgba(47,157,22,0.85);margin-top:10px;margin-right:0px;margin-bottom:10px;margin-left:0px;}.heading.c2003{text-align:center;font-size:20px;margin-top:0px;margin-right:0px;margin-bottom:10px;margin-left:0px;color:rgba(47,157,22,0.85);}.paragraph.c2012{text-align:center;font-size:16px;color:rgba(0, 0, 0, 0.7);margin-top:0px;margin-right:0px;margin-bottom:60px;margin-left:0px;margin:0 0 30px 0;}.heading.c3088{margin-top:0px;margin-right:0px;margin-bottom:8px;margin-left:0px;}.paragraph.c3097{text-align:center;}.heading.c3399{margin-top:0px;margin-right:0px;margin-bottom:10px;margin-left:0px;font-size:20px;text-align:center;}.paragraph.c3408{color:rgba(0, 0, 0, 0.7);text-align:center;margin-top:0px;margin-right:0px;margin-bottom:60px;margin-left:0px;}.heading.c3818{margin-top:0px;margin-right:0px;margin-bottom:10px;margin-left:0px;font-size:20px;text-align:center;}.paragraph.c3827{color:rgba(0, 0, 0, 0.7);margin-top:0px;margin-right:0px;margin-bottom:60px;margin-left:0px;padding-top:0px;padding-right:0px;padding-bottom:0px;padding-left:0px;}.c2074{text-align:center;}#i0tan{color:black;height:auto;margin-top:0px;margin-right:0px;margin-bottom:8px;margin-left:0px;text-align:center;max-width:100%;}#ikj0f{width:75%;display:inline-block;padding-top:8px;padding-right:0px;padding-bottom:8px;padding-left:0px;color:rgba(255, 255, 255, 0.95);background-color:rgba(47,157,22,0.85);left:0;bottom:0;margin-top:0px;margin-right:0px;margin-bottom:0px;margin-left:0px;position:static;}#ikj0f:hover{background-color:rgba(47,157,22,1);}.heading{color:rgba(157, 22, 22, 0.85);}#ibhjb{color:black;}.heading.c5901{font-weight:400;color:rgba(0, 0, 0, 0.75);font-size:32px;letter-spacing:1.5px;}.paragraph.c5910{color:rgba(0, 0, 0, 0.7);text-align:left;}#i2aacj{color:rgba(0, 0, 0, 0.7);}#izl8ej{padding-top:10px;padding-right:10px;padding-bottom:10px;padding-left:10px;}.c7043{color:rgba(0, 0, 0, 0.7);letter-spacing:0;}.heading.gjs-comp-selected.c2679{text-align:center;}.heading.c3344{text-shadow:0 3px 2px rgba(0,0,0,0.45);color:rgba(47,157,22,0.85);}.paragraph.c3353{color:#000000;}.bdg-sect.c3336{color:#ffffff;}',
        NULL, NULL, NULL, NULL,
        '<div class=\"container c1875\"><img id=\"im4rk\" src=\"https://www.amomed.com/wp-content/uploads/2017/08/o-PEOPLE-IN-OFFICE-facebook.jpg\"/></div>\n<div class=\"container c1953\"><div id=\"ivw2m\">Immigration</div><div id=\"isakc\" class=\"row c2277\"><div class=\"col-sm c2285\"><section class=\"bdg-sect c2349\"><h1 class=\"heading c2357\">EXPRESS ENTRY</h1><p class=\"paragraph c2367\">Lorem ipsum dolor sit amet, consectetur adipiscing elit, sed do eiusmod tempor incididunt ut labore et dolore magna aliq ipsum dolor sit amet, consectetur adipiscing elit, sed deiusod tempor incididunt ut labore et dolore magna aliqua</p></section><section class=\"bdg-sect c2582\"><p class=\"paragraph c2599\">Lorem ipsum dolor sit amet, consectetur adipiscing elit, sed do eiusmod tempor incididunt ut labore et dolore magna aliqua eiusmod tempor inciqua eiusmod tempor inciunt ut labore et dolore</p></section></div><div class=\"col-sm c2294\"><img id=\"i6ch9\" src=\"https://www.salesforcesearch.com/wp-content/uploads/2018/05/o-CELEBRATION-facebook.jpg\"/></div></div><div class=\"row c2133\"><div class=\"col-sm c2141\"><img id=\"ic7rk\" src=\"https://upload.wikimedia.org/wikipedia/commons/thumb/c/cf/Flag_of_Canada.svg/1280px-Flag_of_Canada.svg.png\"/></div><div class=\"col-sm c2150\"><section class=\"bdg-sect c3919\"><h1 class=\"heading c3927\">FEDERAL SKILLED WORKER</h1><p class=\"paragraph c3936\">Lorem ipsum dolor sit amet, consectetur adipiscing elit, sed do eiusmod tempor incididunt ut labore et dolore magna aliqua lit, sed do eiusmod tempor incididunt ut labore et dolore magna aliqua</p></section><section class=\"bdg-sect c4538\"><p class=\"paragraph c4555\">Lorem ipsum dolor sit amet, consectetur adipiscing elit, sed do lit, sed do eiusmod tempor incididunt ut labore et dolor magna aliqua lit, sed do eiusmod tempor incididunt ut labore et dolore magna aliqua lit, sed do eiusmod tempor incididunt ut labore et dolore magna aliqua</p></section></div></div></div>\n<div class=\"container c5568\"><div class=\"row c5623\"><div class=\"col-sm c5631\"><div id=\"i0fsq\">Place short text about company</div></div><div class=\"col-sm c5640\"><a id=\"is0ts\">Get a Free Assessment</a></div></div></div>',
        '#content{padding-top:30px;padding-right:20px;padding-bottom:30px;padding-left:20px;min-height:calc(100vh);}img{max-width:100%;height:auto;}.container{min-height:75px;}.col-sm{min-height:35px;}.navbar-nav .nav-link{opacity:0.5;}a, .navbar-nav .nav-link:hover{opacity:0.9;}.navbar-nav .active > .nav-link{opacity:0.9;}div.iframe-container{position:relative;height:0px;padding-bottom:56.25%;}div.iframe-container > div{position:relative;height:0px;padding-bottom:56.25%;}div.iframe-container > iframe{position:absolute;height:100%;width:100%;top:0px;left:0px;}div.iframe-container > div > iframe{position:absolute;height:100%;width:100%;top:0px;left:0px;}.container.c1738{background-image:url(\"https://images.ctfassets.net/1izjqx4qtt8c/3xTYOuBBubTlAreW1WLaf6/71ba109642cc208a862d9f7901b10fa8/Stocksy_txpfcb852dddwL200_OriginalDelivery_856225__1_.png\");background-attachment:scroll;background-repeat-x:no-repeat;background-repeat-y:no-repeat;background-size:cover;background-position-x:50%;background-position-y:50%;box-shadow:rgba(0, 0, 0, 0.3) 0px 0px 70px 70px inset;height:550px;}.col-sm.c2650{color:rgba(103, 3, 3, 0.85);text-align:center;}.col-sm.c5585{margin-top:0px;margin-right:0px;margin-bottom:0px;margin-left:0px;}.container.c1965{padding-top:0px;padding-right:15px;padding-bottom:25px;padding-left:15px;}.container.c5792{text-align:center;padding-top:10px;padding-right:15px;padding-bottom:0px;padding-left:15px;}.container.c2764{margin-top:35px;margin-right:auto;margin-bottom:0px;margin-left:auto;}.col-sm.c2294{height:auto;}.col-sm.c2141{text-align:center;}.col-sm.c5640{text-align:center;}.container.c1913{margin-top:0px;margin-right:auto;margin-bottom:45px;margin-left:auto;}#im4rk{color:black;}#ivw2m{padding-top:10px;padding-right:10px;padding-bottom:10px;padding-left:10px;color:rgba(47, 157, 22, 0.85);font-size:30px;text-align:center;margin-top:0px;margin-right:0px;margin-bottom:45px;margin-left:0px;}.heading.c2357{font-weight:400;font-size:28px;color:rgba(0, 0, 0, 0.75);margin-top:0px;margin-right:0px;margin-bottom:15px;margin-left:0px;}.paragraph.c2367{color:rgba(0, 0, 0, 0.7);}.paragraph.c2599{color:rgba(0, 0, 0, 0.7);}#i6ch9{color:black;}.heading.c3927{font-size:28px;font-weight:400;color:rgba(0, 0, 0, 0.75);}.c2133{margin-top:0px;margin-right:-15px;margin-bottom:45px;margin-left:-15px;}.paragraph.c3936{color:rgba(0, 0, 0, 0.7);}.paragraph.c4555{color:rgba(0, 0, 0, 0.7);}#ic7rk{color:black;}.c2277{margin-top:0px;margin-right:-15px;margin-bottom:60px;margin-left:-15px;}#i0fsq{padding-top:10px;padding-right:10px;padding-bottom:10px;padding-left:10px;}#is0ts{padding-top:10px;padding-right:10px;padding-bottom:10px;padding-left:10px;display:inline-block;width:45%;text-align:center;color:rgb(248, 245, 246);background-color:rgba(47, 157, 22, 0.85);}#is0ts:hover{background-color:rgba(47, 157, 22, 1);}',
        '<div class=\"container c1893\"><div id=\"ibu14\">Do Your Free Assessment</div><div class=\"iframe-container c2118\"><iframe id=\"9imoqam8u\" class=\"assessment_url\" frameborder=\"0\" allowfullscreen class=\"iframe\"></iframe></div></div>',
        '#content{padding-top:30px;padding-right:20px;padding-bottom:30px;padding-left:20px;min-height:calc(100vh);}img{max-width:100%;height:auto;}.container{min-height:75px;}.navbar-nav .nav-link{opacity:0.5;}a, .navbar-nav .nav-link:hover{opacity:0.9;}.navbar-nav .active > .nav-link{opacity:0.9;}div.iframe-container{position:relative;height:0px;padding-bottom:56.25%;}div.iframe-container > div{position:relative;height:0px;padding-bottom:56.25%;}div.iframe-container > iframe{position:absolute;height:100%;width:100%;top:0px;left:0px;}div.iframe-container > div > iframe{position:absolute;height:100%;width:100%;top:0px;left:0px;}.container.c1738{background-image:url(\"https://images.ctfassets.net/1izjqx4qtt8c/3xTYOuBBubTlAreW1WLaf6/71ba109642cc208a862d9f7901b10fa8/Stocksy_txpfcb852dddwL200_OriginalDelivery_856225__1_.png\");background-attachment:scroll;background-repeat-x:no-repeat;background-repeat-y:no-repeat;background-size:cover;background-position-x:50%;background-position-y:50%;box-shadow:rgba(0, 0, 0, 0.3) 0px 0px 70px 70px inset;height:550px;}.container.c1965{padding-top:0px;padding-right:15px;padding-bottom:25px;padding-left:15px;}.container.c5792{text-align:center;padding-top:10px;padding-right:15px;padding-bottom:0px;padding-left:15px;}.container.c2764{margin-top:35px;margin-right:auto;margin-bottom:0px;margin-left:auto;}.container.c1913{margin-top:0px;margin-right:auto;margin-bottom:45px;margin-left:auto;}#ibu14{padding-top:10px;padding-right:10px;padding-bottom:10px;padding-left:10px;text-align:center;font-size:34px;color:rgba(47, 157, 22, 0.85);}.iframe{min-height:auto;}.iframe-container.c2118{min-height:450px;}',
        '<div class=\"container c1913\"><img id=\"iz5jt\" src=\"https://pngimage.net/wp-content/uploads/2018/05/contact-us-png-images-for-website-3.png\"/></div>\n<div class=\"container c2072\"><div class=\"row c2115\"><div class=\"col-sm c2123\"><div id=\"ihe67\">Contact us</div><form id=\"message-form\" class=\"p-3\"><div class=\"form-group c2196\"><label for=\"name-form\">Your name</label><input name=\"name\" type=\"text\" id=\"name-form\" aria-describedby=\"nameHelp\" placeholder=\"Enter name\" class=\"form-control\"/></div><div class=\"form-group c2227\"><div class=\"form-group c2235\"><label for=\"email-form\">Email address</label><input name=\"email\" type=\"email\" id=\"email-form\" aria-describedby=\"emailHelp\" placeholder=\"Enter email\" required=\"\" class=\"form-control\"/></div><div class=\"form-group c2264\"><label for=\"phone-form\">Phone</label><input name=\"phone\" type=\"phone\" id=\"phone-form\" aria-describedby=\"phoneHelp\" placeholder=\"Phone\" class=\"form-control\"/></div><div class=\"form-group c2293\"><label for=\"textarea-form\">Message</label><textarea name=\"message\" type=\"text\" required=\"\" rows=\"5\" id=\"textarea-form\" placeholder=\"Enter your message\" class=\"form-control\"></textarea></div><button onclick=\"javascript:sendMessage(\'uniques-software-corp\')\" type=\"button\" class=\"btn btn-primary\">Send</button></div></form></div><div class=\"col-sm c2132\"><iframe frameborder=\"0\" id=\"ifeky\" src=\"https://maps.google.com/maps?&z=1&t=q&output=embed\"></iframe></div></div></div>',
        '#content{padding-top:30px;padding-right:20px;padding-bottom:30px;padding-left:20px;min-height:calc(100vh);font-size:medium;}img{max-width:100%;height:auto;}.container{min-height:75px;}.col-sm{min-height:35px;}.navbar-nav .nav-link{opacity:0.5;}a, .navbar-nav .nav-link:hover{opacity:0.9;}.navbar-nav .active > .nav-link{opacity:0.9;}div.iframe-container{position:relative;height:0px;padding-bottom:56.25%;}div.iframe-container > div{position:relative;height:0px;padding-bottom:56.25%;}div.iframe-container > iframe{position:absolute;height:100%;width:100%;top:0px;left:0px;}div.iframe-container > div > iframe{position:absolute;height:100%;width:100%;top:0px;left:0px;}.container.c1738{background-image:url(\"https://images.ctfassets.net/1izjqx4qtt8c/3xTYOuBBubTlAreW1WLaf6/71ba109642cc208a862d9f7901b10fa8/Stocksy_txpfcb852dddwL200_OriginalDelivery_856225__1_.png\");background-attachment:scroll;background-repeat-x:no-repeat;background-repeat-y:no-repeat;background-size:cover;background-position-x:50%;background-position-y:50%;box-shadow:rgba(0, 0, 0, 0.3) 0px 0px 70px 70px inset;height:550px;}.col-sm.c2650{color:rgba(103, 3, 3, 0.85);}.col-sm.c5585{margin-top:0px;margin-right:0px;margin-bottom:0px;margin-left:0px;}.container.c1965{padding-top:0px;padding-right:15px;padding-bottom:25px;padding-left:15px;}.container.c5792{text-align:center;padding-top:10px;padding-right:15px;padding-bottom:0px;padding-left:15px;}.container.c2764{margin-top:35px;margin-right:75.5px;margin-bottom:0px;margin-left:75.5px;margin:0 auto 0 auto;}.col-sm.c2294{height:auto;}.col-sm.c2141{text-align:center;}.col-sm.c5640{text-align:center;}#iz5jt{color:black;}.container.c1913{margin:0 auto 45px auto;}#textarea-form{resize:none;}#ihe67{padding:10px;font-size:28px;color:rgba(0,0,0,0.7);}#ifeky{height:583px;}'),
       (3, 'Blue',
        '<div id=\"inymo\" class=\"container c2764\"><div id=\"ix0vi\" class=\"row c2807\"><div id=\"i5pey\" class=\"col-sm c2815\">\n                            <div class=\"company_name c24537\" data-gjs-removable=\"false\" data-gjs-editable=\"false\">Company name</div>\n                            <div class=\"company_address c23555\" data-gjs-removable=\"false\" data-gjs-editable=\"false\">Company contact address</div>\n                            <div class=\"company_phone c280303\" data-gjs-removable=\"false\" data-gjs-editable=\"false\">Company phone</div>\n                        </div><div class=\"col-sm c2824 c4966\"><div class=\"container d-flex flex-wrap justify-content-around align-items-center h-100 c5026\"><div class=\"container c5792\"><a id=\"iwz5j\"><img id=\"i8yvr\" src=\"https://image.flaticon.com/icons/png/128/20/20837.png\"/></a><a id=\"i89hu\"><img id=\"if8tkh\" src=\"https://image.flaticon.com/icons/png/128/23/23931.png\"/></a></div></div></div></div></div>',
        '#header{padding-top:10px;padding-right:20px;padding-bottom:10px;padding-left:20px;min-height:100px;}img{max-width:100%;height:auto;}.navbar-nav .nav-link{opacity:0.5;}a, .navbar-nav .nav-link:hover{opacity:0.9;}.navbar-nav .active > .nav-link{opacity:0.9;}.navbar-toggler-icon{background-image:url(\"data:image/svg+xml;charset=utf8,%3Csvg viewBox=\'0 0 32 32\' xmlns=\'http://www.w3.org/2000/svg\'%3E%3Cpath stroke=\'rgba(0, 0, 0, 0.5)\' stroke-width=\'2\' stroke-linecap=\'round\' stroke-miterlimit=\'10\' d=\'M4 8h24M4 16h24M4 24h24\'/%3E%3C/svg%3E\");}div.iframe-container{position:relative;height:0px;padding-bottom:56.25%;}div.iframe-container > div{position:relative;height:0px;padding-bottom:56.25%;}div.iframe-container > iframe{position:absolute;height:100%;width:100%;top:0px;left:0px;}div.iframe-container > div > iframe{position:absolute;height:100%;width:100%;top:0px;left:0px;}.nav-link{color:rgba(0, 51, 204, 0.85);}.nav-link:hover{color:rgb(0, 51, 204);}.navbar-brand.nav_title{color:rgba(0, 51, 204, 0.85);} \n #footer{padding-top:25px;padding-right:20px;padding-bottom:10px;padding-left:20px;min-height:100px;}img{max-width:100%;height:auto;}.container{min-height:75px;}.col-sm{min-height:35px;}.navbar-nav .nav-link{opacity:0.5;}a, .navbar-nav .nav-link:hover{opacity:0.9;}.navbar-nav .active > .nav-link{opacity:0.9;}div.iframe-container{position:relative;height:0px;padding-bottom:56.25%;}div.iframe-container > div{position:relative;height:0px;padding-bottom:56.25%;}div.iframe-container > iframe{position:absolute;height:100%;width:100%;top:0px;left:0px;}div.iframe-container > div > iframe{position:absolute;height:100%;width:100%;top:0px;left:0px;}.container.c1738{background-image:url(\"https://images.ctfassets.net/1izjqx4qtt8c/3xTYOuBBubTlAreW1WLaf6/71ba109642cc208a862d9f7901b10fa8/Stocksy_txpfcb852dddwL200_OriginalDelivery_856225__1_.png\");background-attachment:scroll;background-repeat-x:no-repeat;background-repeat-y:no-repeat;background-size:cover;background-position-x:50%;background-position-y:50%;box-shadow:rgba(0, 0, 0, 0.3) 0px 0px 70px 70px inset;height:550px;}.col-sm.c2650{color:rgba(103, 3, 3, 0.85);}.col-sm.c5585{margin-top:0px;margin-right:0px;margin-bottom:0px;margin-left:0px;}.container.c1965{padding-top:0px;padding-right:15px;padding-bottom:25px;padding-left:15px;}#iwz5j{display:inline-block;padding-top:5px;padding-right:5px;padding-bottom:5px;padding-left:5px;min-height:50px;min-width:50px;}#i89hu{display:inline-block;padding-top:5px;padding-right:5px;padding-bottom:5px;padding-left:5px;min-height:50px;min-width:50px;}.container.c5792{text-align:center;padding-top:10px;padding-right:15px;padding-bottom:0px;padding-left:15px;}#i8yvr{width:38px;color:rgb(0, 0, 0);background-color:rgb(255, 255, 255);padding-top:3px;padding-right:3px;padding-bottom:3px;padding-left:3px;border-top-width:2px;border-right-width:2px;border-bottom-width:2px;border-left-width:2px;border-top-style:solid;border-right-style:solid;border-bottom-style:solid;border-left-style:solid;border-top-color:rgb(0, 0, 0);border-right-color:rgb(0, 0, 0);border-bottom-color:rgb(0, 0, 0);border-left-color:rgb(0, 0, 0);border-image-source:initial;border-image-slice:initial;border-image-width:initial;border-image-outset:initial;border-image-repeat:initial;border-top-left-radius:5px;border-top-right-radius:5px;border-bottom-right-radius:5px;border-bottom-left-radius:5px;}#if8tkh{color:black;width:38px;background-color:rgb(255, 255, 255);border-top-left-radius:5px;border-top-right-radius:5px;border-bottom-right-radius:5px;border-bottom-left-radius:5px;border-top-width:2px;border-right-width:2px;border-bottom-width:2px;border-left-width:2px;border-top-style:solid;border-right-style:solid;border-bottom-style:solid;border-left-style:solid;border-top-color:rgb(0, 0, 0);border-right-color:rgb(0, 0, 0);border-bottom-color:rgb(0, 0, 0);border-left-color:rgb(0, 0, 0);border-image-source:initial;border-image-slice:initial;border-image-width:initial;border-image-outset:initial;border-image-repeat:initial;padding-top:3px;padding-right:3px;padding-bottom:3px;padding-left:3px;}.container.c2764{margin-top:35px;margin-right:auto;margin-bottom:0px;margin-left:auto;}.col-sm.c2294{height:auto;}.col-sm.c2141{text-align:center;}.col-sm.c5640{text-align:center;}.container.c1913{margin-top:0px;margin-right:auto;margin-bottom:45px;margin-left:auto;}.container.c2248{text-align:center;}',
        '<div class=\"container c1738\"><div class=\"container d-flex flex-wrap justify-content-around align-items-center h-100 c2064\"><div class=\"container c2248\"><section class=\"bdg-sect c2291\"></section><div class=\"row c2642\"></div><section class=\"bdg-sect c3015\"><h1 class=\"heading c3023\">Expert Immigration Advice</h1><div class=\"row c3086\"><div class=\"col-sm c3094\"></div><div class=\"col-sm c3103\"><p class=\"paragraph c3032\">Lorem ipsum dolor sit amet, consectetur adipiscing elit, sed do eiusmod tempor incididunt ut labore et dolore magna aliqua</p></div><div class=\"col-sm c3112\"></div></div></section><a id=\"i3opt\">Get a Free Assessments</a></div><section class=\"bdg-sect c2123\"></section></div></div>\n<div class=\"container c1965\"><div id=\"ig55p\" class=\"c2009\">Our Services</div><div class=\"row c2074\"><div class=\"col-sm c2082\"><img id=\"i0tan\" src=\"https://capicstorage.blob.core.windows.net/shared/myconsultant/webimages/1062-half.jpg\"/><section class=\"bdg-sect c1995\"><h1 class=\"heading c2003\">Family Class</h1><p class=\"paragraph c2012\">Lorem ipsum dolor sit amet, consectetur adipiscing elit, sed do eiusmod tempor incididunt ut labore et dolore magna aliqua adipiscing elit, sed do eiusmod tempor incididunt ut labore et dolore magna aliqua</p></section><a id=\"ikj0f\">Button name</a></div><div class=\"col-sm c2091\"><img id=\"ijw83\" src=\"http://allhod.com/wp-content/uploads/Fotolia_72979349_S_flagwaving.jpg\"/><section class=\"bdg-sect c3810\"><h1 class=\"heading c3818\">Express Entry</h1><p class=\"paragraph c3827\">Lorem ipsum dolor sit amet, consectetur adipiscing elit, sed do eiusmod tempor incididunt ut labore et dolore magna aliqua Lorem ipsum dolor sit amet, consectetur adipiscing elit, sed do eiusmod tempor incididunt ut labore et</p></section><a id=\"i9vuk\">Button name</a></div></div></div>\n<div class=\"container c3705\"><div class=\"row c3748\"><div class=\"col-sm c3756\"><img id=\"ibhjb\" src=\"https://st.depositphotos.com/1609126/3286/i/950/depositphotos_32863515-stock-photo-canada-flag-and-mountains.jpg\"/></div><div class=\"col-sm c3765\"><h1 class=\"heading c5901\">Live in Canada and Fulfill Your Dreams</h1><span id=\"i2aacj\" class=\"c6941\">Lorem ipsum dolor sit amet, consectetur adipiscing elit, sed do eiusmod tempor incididunt ut labore et dolore magna aliqua. Ut enim ad minim veniam, quis nostrud exercitation ullamco laboris nisi ut aliquip ex ea commodo consequat.</span><div id=\"izl8ej\" class=\"c7043\">Lorem ipsum dolor sit amet, consectetur adipiscing elit, sed do eiusmod tempor incididunt ut labore et dolore magna aliqua. Ut enim ad minim veniam</div></div></div></div>',
        '#content{padding-top:30px;padding-right:20px;padding-bottom:30px;padding-left:20px;min-height:calc(100vh);}img{max-width:100%;height:auto;}.container{min-height:75px;}.col-sm{min-height:35px;}.navbar-nav .nav-link{opacity:0.5;}a, .navbar-nav .nav-link:hover{opacity:0.9;}.navbar-nav .active > .nav-link{opacity:0.9;}div.iframe-container{position:relative;height:0px;padding-bottom:56.25%;}div.iframe-container > div{position:relative;height:0px;padding-bottom:56.25%;}div.iframe-container > iframe{position:absolute;height:100%;width:100%;top:0px;left:0px;}div.iframe-container > div > iframe{position:absolute;height:100%;width:100%;top:0px;left:0px;}.container.c1738{background-image:url(\"https://images.ctfassets.net/1izjqx4qtt8c/3xTYOuBBubTlAreW1WLaf6/71ba109642cc208a862d9f7901b10fa8/Stocksy_txpfcb852dddwL200_OriginalDelivery_856225__1_.png\");background-attachment:scroll;background-repeat-x:no-repeat;background-repeat-y:no-repeat;background-size:cover;background-position-x:50%;background-position-y:50%;box-shadow:rgba(0, 0, 0, 0.3) 0px 0px 70px 70px inset;height:550px;}.col-sm.c2650{color:rgba(103, 3, 3, 0.85);}.col-sm.c5585{margin-top:0px;margin-right:0px;margin-bottom:0px;margin-left:0px;}.container.c1965{padding-top:0px;padding-right:15px;padding-bottom:25px;padding-left:15px;}.container.c5792{text-align:center;padding-top:10px;padding-right:15px;padding-bottom:0px;padding-left:15px;}.container.c2764{margin-top:35px;margin-right:auto;margin-bottom:0px;margin-left:auto;}.col-sm.c2294{height:auto;}.col-sm.c2141{text-align:center;}.col-sm.c5640{text-align:center;}.container.c1913{margin-top:0px;margin-right:auto;margin-bottom:45px;margin-left:auto;}.paragraph{color:rgb(0, 0, 0);margin-top:0px;margin-right:0px;margin-bottom:22px;margin-left:0px;}#i3opt{padding-top:10px;padding-right:35px;padding-bottom:10px;padding-left:35px;color:rgb(244, 244, 244);background-color:rgba(0,51,204,0.85);display:inline-block;text-align:center;}#i3opt:hover{background-color:rgba(0,51,204,1);}#ig55p{padding-top:10px;padding-right:10px;padding-bottom:10px;padding-left:10px;}.c2009{text-align:center;font-size:32px;color:rgba(0,51,204,0.85);margin-top:10px;margin-right:0px;margin-bottom:10px;margin-left:0px;}.heading.c2003{text-align:center;font-size:20px;margin-top:0px;margin-right:0px;margin-bottom:10px;margin-left:0px;color:rgba(0,51,204,0.85);}.paragraph.c2012{text-align:center;font-size:16px;color:rgba(0, 0, 0, 0.7);margin-top:0px;margin-right:0px;margin-bottom:60px;margin-left:0px;}.heading.c3088{margin-top:0px;margin-right:0px;margin-bottom:8px;margin-left:0px;}.paragraph.c3097{text-align:center;}.heading.c3399{margin-top:0px;margin-right:0px;margin-bottom:10px;margin-left:0px;font-size:20px;text-align:center;}.paragraph.c3408{color:rgba(0, 0, 0, 0.7);text-align:center;margin-top:0px;margin-right:0px;margin-bottom:60px;margin-left:0px;}.heading.c3818{margin-top:0px;margin-right:0px;margin-bottom:10px;margin-left:0px;font-size:20px;text-align:center;color:rgba(0,51,204,0.85);}.paragraph.c3827{color:rgba(0, 0, 0, 0.7);margin-top:0px;margin-right:0px;margin-bottom:60px;margin-left:0px;padding-top:0px;padding-right:0px;padding-bottom:0px;padding-left:0px;}.c2074{text-align:center;}#i0tan{color:black;height:auto;margin-top:0px;margin-right:0px;margin-bottom:8px;margin-left:0px;text-align:center;}#ikj0f{width:75%;display:inline-block;padding-top:8px;padding-right:0px;padding-bottom:8px;padding-left:0px;color:rgba(255, 255, 255, 0.95);background-color:rgba(0,51,204,0.85);position:absolute;left:12.5%;bottom:10px;margin-top:0px;margin-right:0px;margin-bottom:0px;margin-left:0px;}#i9vuk{display:inline-block;width:75%;padding-top:8px;padding-right:0px;padding-bottom:8px;padding-left:0px;color:rgba(255, 255, 255, 0.95);background-color:rgba(0,51,204,0.85);margin-top:0px;margin-right:0px;margin-bottom:0px;margin-left:0px;position:absolute;bottom:10px;left:12.5%;text-align:center;}#ikj0f:hover{background-color:rgba(0,51,204,1);}.heading{color:rgba(157, 22, 22, 0.85);}#i9vuk:hover{background-color:rgba(0,51,204,1);}#ibhjb{color:black;}.heading.c5901{font-weight:400;color:rgba(0, 0, 0, 0.75);font-size:32px;letter-spacing:1.5px;}.paragraph.c5910{color:rgba(0, 0, 0, 0.7);text-align:left;}#i2aacj{color:rgba(0, 0, 0, 0.7);}#izl8ej{padding-top:10px;padding-right:10px;padding-bottom:10px;padding-left:10px;}.c7043{color:rgba(0, 0, 0, 0.7);}.container.c2248{text-align:center;}.heading.c3023{color:rgba(0,51,204,0.85);}#ijw83{color:black;}',
        NULL, NULL, NULL, NULL,
        '<div class=\"container c1875\"><img id=\"im4rk\" src=\"https://www.amomed.com/wp-content/uploads/2017/08/o-PEOPLE-IN-OFFICE-facebook.jpg\"/></div>\n<div class=\"container c1953\"><div id=\"ivw2m\">Immigration</div><div id=\"isakc\" class=\"row c2277\"><div class=\"col-sm c2285\"><section class=\"bdg-sect c2349\"><h1 class=\"heading c2357\">EXPRESS ENTRY</h1><p class=\"paragraph c2367\">Lorem ipsum dolor sit amet, consectetur adipiscing elit, sed do eiusmod tempor incididunt ut labore et dolore magna aliq ipsum dolor sit amet, consectetur adipiscing elit, sed deiusod tempor incididunt ut labore et dolore magna aliqua</p></section><section class=\"bdg-sect c2582\"><p class=\"paragraph c2599\">Lorem ipsum dolor sit amet, consectetur adipiscing elit, sed do eiusmod tempor incididunt ut labore et dolore magna aliqua eiusmod tempor inciqua eiusmod tempor inciunt ut labore et dolore</p></section></div><div class=\"col-sm c2294\"><img id=\"i6ch9\" src=\"https://www.salesforcesearch.com/wp-content/uploads/2018/05/o-CELEBRATION-facebook.jpg\"/></div></div><div class=\"row c2133\"><div class=\"col-sm c2141\"><img id=\"ic7rk\" src=\"https://upload.wikimedia.org/wikipedia/commons/thumb/c/cf/Flag_of_Canada.svg/1280px-Flag_of_Canada.svg.png\"/></div><div class=\"col-sm c2150\"><section class=\"bdg-sect c3919\"><h1 class=\"heading c3927\">FEDERAL SKILLED WORKER</h1><p class=\"paragraph c3936\">Lorem ipsum dolor sit amet, consectetur adipiscing elit, sed do eiusmod tempor incididunt ut labore et dolore magna aliqua lit, sed do eiusmod tempor incididunt ut labore et dolore magna aliqua</p></section><section class=\"bdg-sect c4538\"><p class=\"paragraph c4555\">Lorem ipsum dolor sit amet, consectetur adipiscing elit, sed do lit, sed do eiusmod tempor incididunt ut labore et dolor magna aliqua lit, sed do eiusmod tempor incididunt ut labore et dolore magna aliqua lit, sed do eiusmod tempor incididunt ut labore et dolore magna aliqua</p></section></div></div></div>\n<div class=\"container c5568\"><div class=\"row c5623\"><div class=\"col-sm c5631\"><div id=\"i0fsq\">Place short text about company</div></div><div class=\"col-sm c5640\"><a id=\"is0ts\">Get a Free Assessment</a></div></div></div>',
        '#content{padding-top:30px;padding-right:20px;padding-bottom:30px;padding-left:20px;min-height:calc(100vh);}img{max-width:100%;height:auto;}.container{min-height:75px;}.col-sm{min-height:35px;}.navbar-nav .nav-link{opacity:0.5;}a, .navbar-nav .nav-link:hover{opacity:0.9;}.navbar-nav .active > .nav-link{opacity:0.9;}div.iframe-container{position:relative;height:0px;padding-bottom:56.25%;}div.iframe-container > div{position:relative;height:0px;padding-bottom:56.25%;}div.iframe-container > iframe{position:absolute;height:100%;width:100%;top:0px;left:0px;}div.iframe-container > div > iframe{position:absolute;height:100%;width:100%;top:0px;left:0px;}.container.c1738{background-image:url(\"https://images.ctfassets.net/1izjqx4qtt8c/3xTYOuBBubTlAreW1WLaf6/71ba109642cc208a862d9f7901b10fa8/Stocksy_txpfcb852dddwL200_OriginalDelivery_856225__1_.png\");background-attachment:scroll;background-repeat-x:no-repeat;background-repeat-y:no-repeat;background-size:cover;background-position-x:50%;background-position-y:50%;box-shadow:rgba(0, 0, 0, 0.3) 0px 0px 70px 70px inset;height:550px;}.col-sm.c2650{color:rgba(103, 3, 3, 0.85);}.col-sm.c5585{margin-top:0px;margin-right:0px;margin-bottom:0px;margin-left:0px;}.container.c1965{padding-top:0px;padding-right:15px;padding-bottom:25px;padding-left:15px;}.container.c5792{text-align:center;padding-top:10px;padding-right:15px;padding-bottom:0px;padding-left:15px;}.container.c2764{margin-top:35px;margin-right:auto;margin-bottom:0px;margin-left:auto;}.col-sm.c2294{height:auto;}.col-sm.c2141{text-align:center;}.col-sm.c5640{text-align:center;}.container.c1913{margin-top:0px;margin-right:auto;margin-bottom:45px;margin-left:auto;}.container.c2248{text-align:center;}#im4rk{color:black;}#ivw2m{padding-top:10px;padding-right:10px;padding-bottom:10px;padding-left:10px;color:rgba(0,51,204,0.85);font-size:30px;text-align:center;margin-top:0px;margin-right:0px;margin-bottom:45px;margin-left:0px;}.heading.c2357{font-weight:400;font-size:28px;color:rgba(0, 0, 0, 0.75);margin-top:0px;margin-right:0px;margin-bottom:15px;margin-left:0px;}.paragraph.c2367{color:rgba(0, 0, 0, 0.7);}.paragraph.c2599{color:rgba(0, 0, 0, 0.7);}#i6ch9{color:black;}.heading.c3927{font-size:28px;font-weight:400;color:rgba(0, 0, 0, 0.75);}.c2133{margin-top:0px;margin-right:-15px;margin-bottom:45px;margin-left:-15px;}.paragraph.c3936{color:rgba(0, 0, 0, 0.7);}.paragraph.c4555{color:rgba(0, 0, 0, 0.7);}#ic7rk{color:black;}.c2277{margin-top:0px;margin-right:-15px;margin-bottom:60px;margin-left:-15px;}#i0fsq{padding-top:10px;padding-right:10px;padding-bottom:10px;padding-left:10px;}#is0ts{padding-top:10px;padding-right:10px;padding-bottom:10px;padding-left:10px;display:inline-block;width:45%;text-align:center;color:rgb(248, 245, 246);background-color:rgba(0,51,204,0.85);}#is0ts:hover{background-color:rgba(0,51,204,1);}',
        '<div class=\"container c1893\"><div id=\"ibu14\">Do Your Free Assessment</div><div class=\"iframe-container c2118\"><iframe id=\"9imoqam8u\" class=\"assessment_url\" frameborder=\"0\" allowfullscreen class=\"iframe\"></iframe></div></div>',
        '#content{padding-top:30px;padding-right:20px;padding-bottom:30px;padding-left:20px;min-height:calc(100vh);}img{max-width:100%;height:auto;}.container{min-height:75px;}.navbar-nav .nav-link{opacity:0.5;}a, .navbar-nav .nav-link:hover{opacity:0.9;}.navbar-nav .active > .nav-link{opacity:0.9;}div.iframe-container{position:relative;height:0px;padding-bottom:56.25%;}div.iframe-container > div{position:relative;height:0px;padding-bottom:56.25%;}div.iframe-container > iframe{position:absolute;height:100%;width:100%;top:0px;left:0px;}div.iframe-container > div > iframe{position:absolute;height:100%;width:100%;top:0px;left:0px;}.container.c1738{background-image:url(\"https://images.ctfassets.net/1izjqx4qtt8c/3xTYOuBBubTlAreW1WLaf6/71ba109642cc208a862d9f7901b10fa8/Stocksy_txpfcb852dddwL200_OriginalDelivery_856225__1_.png\");background-attachment:scroll;background-repeat-x:no-repeat;background-repeat-y:no-repeat;background-size:cover;background-position-x:50%;background-position-y:50%;box-shadow:rgba(0, 0, 0, 0.3) 0px 0px 70px 70px inset;height:550px;}.container.c1965{padding-top:0px;padding-right:15px;padding-bottom:25px;padding-left:15px;}.container.c5792{text-align:center;padding-top:10px;padding-right:15px;padding-bottom:0px;padding-left:15px;}.container.c2764{margin-top:35px;margin-right:auto;margin-bottom:0px;margin-left:auto;}.container.c1913{margin-top:0px;margin-right:auto;margin-bottom:45px;margin-left:auto;}.container.c2248{text-align:center;}#ibu14{padding-top:10px;padding-right:10px;padding-bottom:10px;padding-left:10px;text-align:center;font-size:34px;color:rgba(0,51,204,0.85);}.iframe{min-height:auto;}.iframe-container.c2118{min-height:450px;}',
        '<div class=\"container c1913\"><img id=\"iz5jt\" src=\"https://pngimage.net/wp-content/uploads/2018/05/contact-us-png-images-for-website-3.png\"/></div>\n<div class=\"container c2072\"><div class=\"row c2115\"><div class=\"col-sm c2123\"><div id=\"ihe67\">Contact us</div><form id=\"message-form\" class=\"p-3\"><div class=\"form-group c2196\"><label for=\"name-form\">Your name</label><input name=\"name\" type=\"text\" id=\"name-form\" aria-describedby=\"nameHelp\" placeholder=\"Enter name\" class=\"form-control\"/></div><div class=\"form-group c2227\"><div class=\"form-group c2235\"><label for=\"email-form\">Email address</label><input name=\"email\" type=\"email\" id=\"email-form\" aria-describedby=\"emailHelp\" placeholder=\"Enter email\" required=\"\" class=\"form-control\"/></div><div class=\"form-group c2264\"><label for=\"phone-form\">Phone</label><input name=\"phone\" type=\"phone\" id=\"phone-form\" aria-describedby=\"phoneHelp\" placeholder=\"Phone\" class=\"form-control\"/></div><div class=\"form-group c2293\"><label for=\"textarea-form\">Message</label><textarea name=\"message\" type=\"text\" required=\"\" rows=\"5\" id=\"textarea-form\" placeholder=\"Enter your message\" class=\"form-control\"></textarea></div><button onclick=\"javascript:sendMessage(\'uniques-software-corp\')\" type=\"button\" class=\"btn btn-primary\">Send</button></div></form></div><div class=\"col-sm c2132\"><iframe frameborder=\"0\" id=\"ifeky\" src=\"https://maps.google.com/maps?&z=1&t=q&output=embed\"></iframe></div></div></div>',
        '#content{padding-top:30px;padding-right:20px;padding-bottom:30px;padding-left:20px;min-height:calc(100vh);font-size:medium;}img{max-width:100%;height:auto;}.container{min-height:75px;}.col-sm{min-height:35px;}.navbar-nav .nav-link{opacity:0.5;}a, .navbar-nav .nav-link:hover{opacity:0.9;}.navbar-nav .active > .nav-link{opacity:0.9;}div.iframe-container{position:relative;height:0px;padding-bottom:56.25%;}div.iframe-container > div{position:relative;height:0px;padding-bottom:56.25%;}div.iframe-container > iframe{position:absolute;height:100%;width:100%;top:0px;left:0px;}div.iframe-container > div > iframe{position:absolute;height:100%;width:100%;top:0px;left:0px;}.container.c1738{background-image:url(\"https://images.ctfassets.net/1izjqx4qtt8c/3xTYOuBBubTlAreW1WLaf6/71ba109642cc208a862d9f7901b10fa8/Stocksy_txpfcb852dddwL200_OriginalDelivery_856225__1_.png\");background-attachment:scroll;background-repeat-x:no-repeat;background-repeat-y:no-repeat;background-size:cover;background-position-x:50%;background-position-y:50%;box-shadow:rgba(0, 0, 0, 0.3) 0px 0px 70px 70px inset;height:550px;}.col-sm.c2650{color:rgba(103, 3, 3, 0.85);}.col-sm.c5585{margin-top:0px;margin-right:0px;margin-bottom:0px;margin-left:0px;}.container.c1965{padding-top:0px;padding-right:15px;padding-bottom:25px;padding-left:15px;}.container.c5792{text-align:center;padding-top:10px;padding-right:15px;padding-bottom:0px;padding-left:15px;}.container.c2764{margin-top:35px;margin-right:75.5px;margin-bottom:0px;margin-left:75.5px;margin:0 auto 0 auto;}.col-sm.c2294{height:auto;}.col-sm.c2141{text-align:center;}.col-sm.c5640{text-align:center;}#iz5jt{color:black;}.container.c1913{margin:0 auto 45px auto;}#textarea-form{resize:none;}#ihe67{padding:10px;font-size:28px;color:rgba(0,0,0,0.7);}#ifeky{height:583px;}');
/*!40000 ALTER TABLE `company_websites_template_default`
    ENABLE KEYS */;
UNLOCK TABLES;

--
-- Table structure for table `company_websites_templates`
--

DROP TABLE IF EXISTS `company_websites_templates`;
/*!40101 SET @saved_cs_client = @@character_set_client */;
/*!50503 SET character_set_client = utf8mb4 */;
CREATE TABLE `company_websites_templates`
(
    `id`            tinyint unsigned NOT NULL AUTO_INCREMENT,
    `template_name` varchar(255)     NOT NULL,
    `options`       longtext,
    `created_date`  datetime         NOT NULL,
    PRIMARY KEY (`id`)
) ENGINE = InnoDB
  AUTO_INCREMENT = 6
  DEFAULT CHARSET = utf8mb3;
/*!40101 SET character_set_client = @saved_cs_client */;

--
-- Dumping data for table `company_websites_templates`
--

LOCK TABLES `company_websites_templates` WRITE;
/*!40000 ALTER TABLE `company_websites_templates`
    DISABLE KEYS */;
INSERT INTO `company_websites_templates`
VALUES (1, 'boleo', NULL, '2012-05-03 00:00:00'),
       (2, 'prospect', NULL, '2012-06-07 16:00:00'),
       (3, 'DK2', NULL, '2012-06-12 15:40:00'),
       (4, 'gipo', NULL, '2012-06-13 16:00:00'),
       (5, 'gourmet', NULL, '2012-06-14 16:40:00');
/*!40000 ALTER TABLE `company_websites_templates`
    ENABLE KEYS */;
UNLOCK TABLES;

--
-- Table structure for table `country_master`
--

DROP TABLE IF EXISTS `country_master`;
/*!40101 SET @saved_cs_client = @@character_set_client */;
/*!50503 SET character_set_client = utf8mb4 */;
CREATE TABLE `country_master`
(
    `countries_id`         int         NOT NULL AUTO_INCREMENT,
    `countries_name`       varchar(64) NOT NULL    DEFAULT '',
    `countries_iso_code_2` varchar(2)  NOT NULL    DEFAULT '',
    `countries_iso_code_3` varchar(3)  NOT NULL    DEFAULT '',
    `immi_code_3`          varchar(5)  NOT NULL    DEFAULT '',
    `type`                 enum ('general','vevo') DEFAULT 'general',
    `synonyms`             text,
    PRIMARY KEY (`countries_id`),
    KEY `IDX_COUNTRIES_NAME` (`countries_name`)
) ENGINE = InnoDB
  AUTO_INCREMENT = 763
  DEFAULT CHARSET = utf8mb3;
/*!40101 SET character_set_client = @saved_cs_client */;

--
-- Dumping data for table `country_master`
--

LOCK TABLES `country_master` WRITE;
/*!40000 ALTER TABLE `country_master`
    DISABLE KEYS */;
INSERT INTO `country_master`
VALUES (1, 'Afghanistan', 'AF', 'AFG', 'AFG', 'general', NULL),
       (2, 'Albania', 'AL', 'ALB', 'ALB', 'general', NULL),
       (3, 'Algeria', 'DZ', 'DZA', 'DZA', 'general', NULL),
       (4, 'American Samoa', 'AS', 'ASM', 'ASM', 'general', NULL),
       (5, 'Andorra', 'AD', 'AND', 'AND', 'general', NULL),
       (6, 'Angola', 'AO', 'AGO', 'AGO', 'general', NULL),
       (7, 'Anguilla', 'AI', 'AIA', 'AIA', 'general', NULL),
       (8, 'Antarctica', 'AQ', 'ATA', '', 'general', NULL),
       (9, 'Antigua and Barbuda', 'AG', 'ATG', 'ATG', 'general', NULL),
       (10, 'Argentina', 'AR', 'ARG', 'ARG', 'general', NULL),
       (11, 'Armenia', 'AM', 'ARM', 'ARM', 'general', NULL),
       (12, 'Aruba', 'AW', 'ABW', 'ABW', 'general', NULL),
       (13, 'Australia', 'AU', 'AUS', 'AUS', 'general', NULL),
       (14, 'Austria', 'AT', 'AUT', 'AUT', 'general', NULL),
       (15, 'Azerbaijan', 'AZ', 'AZE', 'AZE', 'general', NULL),
       (16, 'Bahamas', 'BS', 'BHS', 'BHS', 'general', NULL),
       (17, 'Bahrain', 'BH', 'BHR', 'BHR', 'general', NULL),
       (18, 'Bangladesh', 'BD', 'BGD', 'BGD', 'general', NULL),
       (19, 'Barbados', 'BB', 'BRB', 'BRB', 'general', NULL),
       (20, 'Belarus', 'BY', 'BLR', 'BLR', 'general', NULL),
       (21, 'Belgium', 'BE', 'BEL', 'BEL', 'general', NULL),
       (22, 'Belize', 'BZ', 'BLZ', 'BLZ', 'general', NULL),
       (23, 'Benin', 'BJ', 'BEN', 'BEN', 'general', NULL),
       (24, 'Bermuda', 'BM', 'BMU', 'BMU', 'general', NULL),
       (25, 'Bhutan', 'BT', 'BTN', 'BTN', 'general', NULL),
       (26, 'Bolivia', 'BO', 'BOL', 'BOL', 'general', NULL),
       (27, 'Bosnia and Herzegowina', 'BA', 'BIH', 'BIH', 'general', NULL),
       (28, 'Botswana', 'BW', 'BWA', 'BWA', 'general', NULL),
       (29, 'Bouvet Island', 'BV', 'BVT', '', 'general', NULL),
       (30, 'Brazil', 'BR', 'BRA', 'BRA', 'general', NULL),
       (31, 'British Indian Ocean Territory', 'IO', 'IOT', '', 'general', NULL),
       (32, 'Brunei Darussalam', 'BN', 'BRN', 'BRN', 'general', NULL),
       (33, 'Bulgaria', 'BG', 'BGR', 'BGR', 'general', NULL),
       (34, 'Burkina Faso', 'BF', 'BFA', 'BFA', 'general', NULL),
       (35, 'Burundi', 'BI', 'BDI', 'BDI', 'general', NULL),
       (36, 'Cambodia', 'KH', 'KHM', 'KHM', 'general', NULL),
       (37, 'Cameroon', 'CM', 'CMR', 'CMR', 'general', NULL),
       (38, 'Canada', 'CA', 'CAN', 'CAN', 'general', NULL),
       (39, 'Cape Verde', 'CV', 'CPV', '', 'general', NULL),
       (40, 'Cayman Islands', 'KY', 'CYM', 'CYM', 'general', NULL),
       (41, 'Central African Republic', 'CF', 'CAF', 'CAF', 'general', NULL),
       (42, 'Chad', 'TD', 'TCD', 'TCD', 'general', NULL),
       (43, 'Chile', 'CL', 'CHL', 'CHL', 'general', NULL),
       (44, 'China', 'CN', 'CHN', 'CHN', 'general', NULL),
       (45, 'Christmas Island', 'CX', 'CXR', '', 'general', NULL),
       (46, 'Cocos (Keeling) Islands', 'CC', 'CCK', '', 'general', NULL),
       (47, 'Colombia', 'CO', 'COL', 'COL', 'general', NULL),
       (48, 'Comoros', 'KM', 'COM', 'COM', 'general', NULL),
       (49, 'Congo', 'CG', 'COG', 'COG', 'general', NULL),
       (50, 'Cook Islands', 'CK', 'COK', 'COK', 'general', NULL),
       (51, 'Costa Rica', 'CR', 'CRI', 'CRI', 'general', NULL),
       (52, 'Cote D\'Ivoire', 'CI', 'CIV', 'CIV', 'general', NULL),
       (53, 'Croatia', 'HR', 'HRV', 'HRV', 'general', NULL),
       (54, 'Cuba', 'CU', 'CUB', 'CUB', 'general', NULL),
       (55, 'Cyprus', 'CY', 'CYP', 'CYP', 'general', NULL),
       (56, 'Czech Republic', 'CZ', 'CZE', 'CZE', 'general', NULL),
       (57, 'Denmark', 'DK', 'DNK', 'DNK', 'general', NULL),
       (58, 'Djibouti', 'DJ', 'DJI', 'DJI', 'general', NULL),
       (59, 'Dominica', 'DM', 'DMA', 'DMA', 'general', NULL),
       (60, 'Dominican Republic', 'DO', 'DOM', 'DOM', 'general', NULL),
       (61, 'East Timor', 'TP', 'TMP', 'TMP', 'general', NULL),
       (62, 'Ecuador', 'EC', 'ECU', 'ECU', 'general', NULL),
       (63, 'Egypt', 'EG', 'EGY', 'EGY', 'general', NULL),
       (64, 'El Salvador', 'SV', 'SLV', 'SLV', 'general', NULL),
       (65, 'Equatorial Guinea', 'GQ', 'GNQ', 'GNQ', 'general', NULL),
       (66, 'Eritrea', 'ER', 'ERI', 'ERI', 'general', NULL),
       (67, 'Estonia', 'EE', 'EST', 'EST', 'general', NULL),
       (68, 'Ethiopia', 'ET', 'ETH', 'ETH', 'general', NULL),
       (69, 'Falkland Islands (Malvinas)', 'FK', 'FLK', 'FLK', 'general', NULL),
       (70, 'Faroe Islands', 'FO', 'FRO', '', 'general', NULL),
       (71, 'Fiji', 'FJ', 'FJI', 'FJI', 'general', NULL),
       (72, 'Finland', 'FI', 'FIN', 'FIN', 'general', NULL),
       (73, 'France', 'FR', 'FRA', 'FRA', 'general', NULL),
       (74, 'France, Metropolitan', 'FX', 'FXX', '', 'general', NULL),
       (75, 'French Guiana', 'GF', 'GUF', 'GUF', 'general', NULL),
       (76, 'French Polynesia', 'PF', 'PYF', 'PYF', 'general', NULL),
       (77, 'French Southern Territories', 'TF', 'ATF', '', 'general', NULL),
       (78, 'Gabon', 'GA', 'GAB', 'GAB', 'general', NULL),
       (79, 'Gambia', 'GM', 'GMB', 'GMB', 'general', NULL),
       (80, 'Georgia', 'GE', 'GEO', 'GEO', 'general', NULL),
       (81, 'Germany', 'DE', 'DEU', 'D', 'general', NULL),
       (82, 'Ghana', 'GH', 'GHA', 'GHA', 'general', NULL),
       (83, 'Gibraltar', 'GI', 'GIB', 'GIB', 'general', NULL),
       (84, 'Greece', 'GR', 'GRC', 'GRC', 'general', NULL),
       (85, 'Greenland', 'GL', 'GRL', 'GRL', 'general', NULL),
       (86, 'Grenada', 'GD', 'GRD', 'GRD', 'general', NULL),
       (87, 'Guadeloupe', 'GP', 'GLP', 'GLP', 'general', NULL),
       (88, 'Guam', 'GU', 'GUM', 'GUM', 'general', NULL),
       (89, 'Guatemala', 'GT', 'GTM', 'GTM', 'general', NULL),
       (90, 'Guinea', 'GN', 'GIN', 'GIN', 'general', NULL),
       (91, 'Guinea-bissau', 'GW', 'GNB', 'GNB', 'general', NULL),
       (92, 'Guyana', 'GY', 'GUY', 'GUY', 'general', NULL),
       (93, 'Haiti', 'HT', 'HTI', 'HTI', 'general', NULL),
       (94, 'Heard and Mc Donald Islands', 'HM', 'HMD', '', 'general', NULL),
       (95, 'Honduras', 'HN', 'HND', 'HND', 'general', NULL),
       (96, 'Hong Kong', 'HK', 'HKG', 'HKG', 'general', NULL),
       (97, 'Hungary', 'HU', 'HUN', 'HUN', 'general', NULL),
       (98, 'Iceland', 'IS', 'ISL', 'ISL', 'general', NULL),
       (99, 'India', 'IN', 'IND', 'IND', 'general', NULL),
       (100, 'Indonesia', 'ID', 'IDN', 'IDN', 'general', NULL),
       (101, 'Iran', 'IR', 'IRN', 'IRN', 'general', NULL),
       (102, 'Iraq', 'IQ', 'IRQ', 'IRQ', 'general', NULL),
       (103, 'Ireland', 'IE', 'IRL', 'IRL', 'general', NULL),
       (104, 'Israel', 'IL', 'ISR', 'ISR', 'general', NULL),
       (105, 'Italy', 'IT', 'ITA', 'ITA', 'general', NULL),
       (106, 'Jamaica', 'JM', 'JAM', 'JAM', 'general', NULL),
       (107, 'Japan', 'JP', 'JPN', 'JPN', 'general', NULL),
       (108, 'Jordan', 'JO', 'JOR', 'JOR', 'general', NULL),
       (109, 'Kazakhstan', 'KZ', 'KAZ', 'KAZ', 'general', NULL),
       (110, 'Kenya', 'KE', 'KEN', 'KEN', 'general', NULL),
       (111, 'Kiribati', 'KI', 'KIR', 'KIR', 'general', NULL),
       (112, 'Korea, North', 'KP', 'PRK', 'PRK ', 'general', NULL),
       (113, 'Korea, South', 'KR', 'KOR', 'KOR', 'general', NULL),
       (114, 'Kuwait', 'KW', 'KWT', 'KWT', 'general', NULL),
       (115, 'Kyrgyzstan', 'KG', 'KGZ', 'KGZ', 'general', NULL),
       (116, 'Lao People\'s Democratic Republic', 'LA', 'LAO', 'LAO', 'general', NULL),
       (117, 'Latvia', 'LV', 'LVA', 'LVA', 'general', NULL),
       (118, 'Lebanon', 'LB', 'LBN', 'LBN', 'general', NULL),
       (119, 'Lesotho', 'LS', 'LSO', 'LSO', 'general', NULL),
       (120, 'Liberia', 'LR', 'LBR', 'LBR', 'general', NULL),
       (121, 'Libya', 'LY', 'LBY', 'LBY', 'general', NULL),
       (122, 'Liechtenstein', 'LI', 'LIE', 'LIE', 'general', NULL),
       (123, 'Lithuania', 'LT', 'LTU', 'LTU', 'general', NULL),
       (124, 'Luxembourg', 'LU', 'LUX', 'LUX', 'general', NULL),
       (125, 'Macau', 'MO', 'MAC', 'MAC', 'general', NULL),
       (126, 'Macedonia, The Former Yugoslav Republic of', 'MK', 'MKD', 'MKD', 'general', NULL),
       (127, 'Madagascar', 'MG', 'MDG', 'MDG', 'general', NULL),
       (128, 'Malawi', 'MW', 'MWI', 'MWI', 'general', NULL),
       (129, 'Malaysia', 'MY', 'MYS', 'MYS', 'general', NULL),
       (130, 'Maldives', 'MV', 'MDV', 'MDV', 'general', NULL),
       (131, 'Mali', 'ML', 'MLI', 'MLI', 'general', NULL),
       (132, 'Malta', 'MT', 'MLT', 'MLT', 'general', NULL),
       (133, 'Marshall Islands', 'MH', 'MHL', 'MHL', 'general', NULL),
       (134, 'Martinique', 'MQ', 'MTQ', 'MTQ', 'general', NULL),
       (135, 'Mauritania', 'MR', 'MRT', 'MRT', 'general', NULL),
       (136, 'Mauritius', 'MU', 'MUS', 'MUS', 'general', NULL),
       (137, 'Mayotte', 'YT', 'MYT', '', 'general', NULL),
       (138, 'Mexico', 'MX', 'MEX', 'MEX', 'general', NULL),
       (139, 'Micronesia, Federated States of', 'FM', 'FSM', 'FSM', 'general', NULL),
       (140, 'Moldova, Republic of', 'MD', 'MDA', 'MDA', 'general', NULL),
       (141, 'Monaco', 'MC', 'MCO', 'MCO', 'general', NULL),
       (142, 'Mongolia', 'MN', 'MNG', 'MNG', 'general', NULL),
       (143, 'Montserrat', 'MS', 'MSR', 'MSR', 'general', NULL),
       (144, 'Morocco', 'MA', 'MAR', 'MAR', 'general', NULL),
       (145, 'Mozambique', 'MZ', 'MOZ', 'MOZ', 'general', NULL),
       (146, 'Myanmar', 'MM', 'MMR', '', 'general', NULL),
       (147, 'Namibia', 'NA', 'NAM', 'NAM', 'general', NULL),
       (148, 'Nauru', 'NR', 'NRU', 'NRU', 'general', NULL),
       (149, 'Nepal', 'NP', 'NPL', 'NPL', 'general', NULL),
       (150, 'Netherlands', 'NL', 'NLD', 'NLD', 'general', NULL),
       (151, 'Netherlands Antilles', 'AN', 'ANT', 'ANT', 'general', NULL),
       (152, 'New Caledonia', 'NC', 'NCL', 'NCL', 'general', NULL),
       (153, 'New Zealand', 'NZ', 'NZL', 'NZL', 'general', NULL),
       (154, 'Nicaragua', 'NI', 'NIC', 'NIC', 'general', NULL),
       (155, 'Niger', 'NE', 'NER', 'NER', 'general', NULL),
       (156, 'Nigeria', 'NG', 'NGA', 'NGA', 'general', NULL),
       (157, 'Niue', 'NU', 'NIU', 'NIU', 'general', NULL),
       (158, 'Norfolk Island', 'NF', 'NFK', '', 'general', NULL),
       (159, 'Northern Mariana Islands', 'MP', 'MNP', '', 'general', NULL),
       (160, 'Norway', 'NO', 'NOR', 'NOR', 'general', NULL),
       (161, 'Oman', 'OM', 'OMN', 'OMN', 'general', NULL),
       (162, 'Pakistan', 'PK', 'PAK', 'PAK', 'general', NULL),
       (163, 'Palau', 'PW', 'PLW', 'PLW', 'general', NULL),
       (164, 'Panama', 'PA', 'PAN', 'PAN', 'general', NULL),
       (165, 'Papua New Guinea', 'PG', 'PNG', 'PNG', 'general', NULL),
       (166, 'Paraguay', 'PY', 'PRY', 'PRY', 'general', NULL),
       (167, 'Peru', 'PE', 'PER', 'PER', 'general', NULL),
       (168, 'Philippines', 'PH', 'PHL', 'PHL', 'general', NULL),
       (169, 'Pitcairn', 'PN', 'PCN', 'PCN', 'general', NULL),
       (170, 'Poland', 'PL', 'POL', 'POL', 'general', NULL),
       (171, 'Portugal', 'PT', 'PRT', 'PRT', 'general', NULL),
       (172, 'Puerto Rico', 'PR', 'PRI', 'PRI', 'general', NULL),
       (173, 'Qatar', 'QA', 'QAT', 'QAT', 'general', NULL),
       (174, 'Reunion', 'RE', 'REU', 'REU', 'general', NULL),
       (175, 'Romania', 'RO', 'ROM', 'ROU', 'general', NULL),
       (176, 'Russian Federation', 'RU', 'RUS', 'RUS', 'general', NULL),
       (177, 'Rwanda', 'RW', 'RWA', 'RWA', 'general', NULL),
       (178, 'Saint Kitts and Nevis', 'KN', 'KNA', 'KNA', 'general', NULL),
       (179, 'Saint Lucia', 'LC', 'LCA', 'LCA', 'general', NULL),
       (180, 'Saint Vincent and the Grenadines', 'VC', 'VCT', 'VCT', 'general', NULL),
       (181, 'Samoa', 'WS', 'WSM', 'WSM', 'general', NULL),
       (182, 'San Marino', 'SM', 'SMR', 'SMR', 'general', NULL),
       (183, 'Sao Tome and Principe', 'ST', 'STP', 'STP', 'general', NULL),
       (184, 'Saudi Arabia', 'SA', 'SAU', 'SAU', 'general', NULL),
       (185, 'Senegal', 'SN', 'SEN', 'SEN', 'general', NULL),
       (186, 'Seychelles', 'SC', 'SYC', 'SYC', 'general', NULL),
       (187, 'Sierra Leone', 'SL', 'SLE', 'SLE', 'general', NULL),
       (188, 'Singapore', 'SG', 'SGP', 'SGP', 'general', NULL),
       (189, 'Slovakia (Slovak Republic)', 'SK', 'SVK', 'SVK', 'general', NULL),
       (190, 'Slovenia', 'SI', 'SVN', 'SVN', 'general', NULL),
       (191, 'Solomon Islands', 'SB', 'SLB', 'SLB', 'general', NULL),
       (192, 'Somalia', 'SO', 'SOM', 'SOM', 'general', NULL),
       (193, 'South Africa', 'ZA', 'ZAF', 'ZAF', 'general', NULL),
       (194, 'South Georgia and the South Sandwich Islands', 'GS', 'SGS', '', 'general', NULL),
       (195, 'Spain', 'ES', 'ESP', 'ESP', 'general', NULL),
       (196, 'Sri Lanka', 'LK', 'LKA', '', 'general', NULL),
       (197, 'St. Helena', 'SH', 'SHN', '', 'general', NULL),
       (198, 'St. Pierre and Miquelon', 'PM', 'SPM', '', 'general', NULL),
       (199, 'Sudan', 'SD', 'SDN', 'SDN', 'general', NULL),
       (200, 'Suriname', 'SR', 'SUR', 'SUR', 'general', NULL),
       (201, 'Svalbard and Jan Mayen Islands', 'SJ', 'SJM', '', 'general', NULL),
       (202, 'Swaziland', 'SZ', 'SWZ', 'SWZ', 'general', NULL),
       (203, 'Sweden', 'SE', 'SWE', 'SWE', 'general', NULL),
       (204, 'Switzerland', 'CH', 'CHE', 'CHE', 'general', NULL),
       (205, 'Syria', 'SY', 'SYR', 'SYR', 'general', NULL),
       (206, 'Taiwan', 'TW', 'TWN', 'TWN', 'general', NULL),
       (207, 'Tajikistan', 'TJ', 'TJK', 'TJK', 'general', NULL),
       (208, 'Tanzania, United Republic of', 'TZ', 'TZA', 'TZA', 'general', NULL),
       (209, 'Thailand', 'TH', 'THA', 'THA', 'general', NULL),
       (210, 'Togo', 'TG', 'TGO', 'TGO', 'general', NULL),
       (211, 'Tokelau', 'TK', 'TKL', 'TKL', 'general', NULL),
       (212, 'Tonga', 'TO', 'TON', 'TON', 'general', NULL),
       (213, 'Trinidad and Tobago', 'TT', 'TTO', 'TTO', 'general', NULL),
       (214, 'Tunisia', 'TN', 'TUN', 'TUN', 'general', NULL),
       (215, 'Turkey', 'TR', 'TUR', 'TUR', 'general', NULL),
       (216, 'Turkmenistan', 'TM', 'TKM', 'TKM', 'general', NULL),
       (217, 'Turks and Caicos Islands', 'TC', 'TCA', 'TCA', 'general', NULL),
       (218, 'Tuvalu', 'TV', 'TUV', 'TUV', 'general', NULL),
       (219, 'Uganda', 'UG', 'UGA', 'UGA', 'general', NULL),
       (220, 'Ukraine', 'UA', 'UKR', 'UKR', 'general', NULL),
       (221, 'United Arab Emirates', 'AE', 'ARE', 'ARE', 'general', NULL),
       (222, 'United Kingdom', 'GB', 'GBR', '', 'general', NULL),
       (223, 'United States', 'US', 'USA', 'USA', 'general', NULL),
       (224, 'United States Minor Outlying Islands', 'UM', 'UMI', '', 'general', NULL),
       (225, 'Uruguay', 'UY', 'URY', 'URY', 'general', NULL),
       (226, 'Uzbekistan', 'UZ', 'UZB', 'UZB', 'general', NULL),
       (227, 'Vanuatu', 'VU', 'VUT', 'VUT', 'general', NULL),
       (228, 'Vatican City State (Holy See)', 'VA', 'VAT', 'VAT', 'general', NULL),
       (229, 'Venezuela', 'VE', 'VEN', 'VEN', 'general', NULL),
       (230, 'Vietnam', 'VN', 'VNM', 'VNM', 'general', NULL),
       (231, 'Virgin Islands (British)', 'VG', 'VGB', 'VGB', 'general', NULL),
       (232, 'Virgin Islands (U.S.)', 'VI', 'VIR', '', 'general', NULL),
       (233, 'Wallis and Futuna Islands', 'WF', 'WLF', '', 'general', NULL),
       (234, 'Western Sahara', 'EH', 'ESH', '', 'general', NULL),
       (235, 'Yemen', 'YE', 'YEM', 'YEM', 'general', NULL),
       (236, 'Yugoslavia', 'YU', 'YUG', 'YUG', 'general', NULL),
       (237, 'Zaire', 'ZR', 'ZAR', 'ZAR', 'general', NULL),
       (238, 'Zambia', 'ZM', 'ZMB', 'ZMB', 'general', NULL),
       (239, 'Zimbabwe', 'ZW', 'ZWE', 'ZWE', 'general', NULL),
       (240, 'Aland Islands', 'AX', 'ALA', 'PSE', 'general', NULL),
       (241, 'Bonaire', 'BQ', 'BES', 'COD', 'general', NULL),
       (242, 'Curacao', 'CW', 'CUW', 'SSD', 'general', NULL),
       (243, 'Guernsey', 'GG', 'GGY', '', 'general', NULL),
       (244, 'Isle of Man', 'IM', 'IMN', '', 'general', NULL),
       (245, 'Jersey', 'JE', 'JEY', '', 'general', NULL),
       (246, 'Montenegro', 'ME', 'MNE', '', 'general', NULL),
       (247, 'Saint Barthelemy', 'BL', 'BLM', '', 'general', NULL),
       (248, 'Saint Martin (French part)', 'MF', 'MAF', '', 'general', NULL),
       (249, 'Serbia', 'RS', 'SRB', '', 'general', NULL),
       (250, 'Sint Maarten (Dutch part)', 'SX', 'SXM', '', 'general', NULL),
       (251, 'Palestine', 'PS', 'PSE', '', 'general', NULL),
       (252, 'Democratic Congo', 'CD', 'COD', '', 'general', NULL),
       (253, 'South Sudan', 'SS', 'SSD', '', 'general', NULL),
       (254, 'Kosovo', 'XK', 'UNK', 'RKS', 'general', NULL),
       (500, 'Afghanistan', '', '', 'AFG', 'vevo', NULL),
       (501, 'Albania', '', '', 'ALB', 'vevo', NULL),
       (502, 'Algeria', '', '', 'DZA', 'vevo', NULL),
       (503, 'American Samoa', '', '', 'ASM', 'vevo', NULL),
       (504, 'Andorra', '', '', 'AND', 'vevo', NULL),
       (505, 'Angola', '', '', 'AGO', 'vevo', NULL),
       (506, 'Anguilla', '', '', 'AIA', 'vevo', NULL),
       (507, 'Antarctica', '', '', 'ATA', 'vevo', NULL),
       (508, 'Antigua and Barbuda', '', '', 'ATG', 'vevo', NULL),
       (509, 'Argentina', '', '', 'ARG', 'vevo', NULL),
       (510, 'Armenia', '', '', 'ARM', 'vevo', NULL),
       (511, 'Aruba', '', '', 'ABW', 'vevo', NULL),
       (512, 'Australia', '', '', 'AUS', 'vevo', NULL),
       (513, 'Austria', '', '', 'AUT', 'vevo', NULL),
       (514, 'Azerbaijan', '', '', 'AZE', 'vevo', NULL),
       (515, 'Bahamas', '', '', 'BHS', 'vevo', NULL),
       (516, 'Bahrain', '', '', 'BHR', 'vevo', NULL),
       (517, 'Bangladesh', '', '', 'BGD', 'vevo', NULL),
       (518, 'Barbados', '', '', 'BRB', 'vevo', NULL),
       (519, 'Belarus', '', '', 'BLR', 'vevo', NULL),
       (520, 'Belgium', '', '', 'BEL', 'vevo', NULL),
       (521, 'Belize', '', '', 'BLZ', 'vevo', NULL),
       (522, 'Benin', '', '', 'BEN', 'vevo', NULL),
       (523, 'Bermuda', '', '', 'BMU', 'vevo', NULL),
       (524, 'Bhutan', '', '', 'BTN', 'vevo', NULL),
       (525, 'Bolivia', '', '', 'BOL', 'vevo', NULL),
       (526, 'Bonaire, Saint Eustatius and Saba', '', '', 'BES', 'vevo', NULL),
       (527, 'Bosnia and Herzegovina', '', '', 'BIH', 'vevo', NULL),
       (528, 'Botswana', '', '', 'BWA', 'vevo', NULL),
       (529, 'Bouvet Island', '', '', 'BVT', 'vevo', NULL),
       (530, 'Brazil', '', '', 'BRA', 'vevo', NULL),
       (531, 'British Indian Ocean Territory', '', '', 'IOT', 'vevo', NULL),
       (532, 'Brunei Darussalam', '', '', 'BRN', 'vevo', NULL),
       (533, 'Bulgaria', '', '', 'BGR', 'vevo', NULL),
       (534, 'Burkina Faso', '', '', 'BFA', 'vevo', NULL),
       (535, 'Burma (Myanmar)', '', '', 'MMR', 'vevo', NULL),
       (536, 'Burundi', '', '', 'BDI', 'vevo', NULL),
       (537, 'Cabo Verde', '', '', 'CPV', 'vevo', NULL),
       (538, 'Cambodia', '', '', 'KHM', 'vevo', NULL),
       (539, 'Cameroon', '', '', 'CMR', 'vevo', NULL),
       (540, 'Canada', '', '', 'CAN', 'vevo', NULL),
       (541, 'Cayman Islands', '', '', 'CYM', 'vevo', NULL),
       (542, 'Central African Republic', '', '', 'CAF', 'vevo', NULL),
       (543, 'Chad', '', '', 'TCD', 'vevo', NULL),
       (544, 'Chile', '', '', 'CHL', 'vevo', NULL),
       (545, 'China', '', '', 'CHN', 'vevo', NULL),
       (546, 'Cocos (Keeling) Islands', '', '', 'CCK', 'vevo', NULL),
       (547, 'Colombia', '', '', 'COL', 'vevo', NULL),
       (548, 'Comoros', '', '', 'COM', 'vevo', NULL),
       (549, 'Congo', '', '', 'COG', 'vevo', NULL),
       (550, 'Congo, Democratic Republic of the', '', '', 'COD', 'vevo', NULL),
       (551, 'Cook Islands', '', '', 'COK', 'vevo', NULL),
       (552, 'Costa Rica', '', '', 'CRI', 'vevo', NULL),
       (553, 'Cote D\'ivoire', '', '', 'CIV', 'vevo', NULL),
       (554, 'Croatia', '', '', 'HRV', 'vevo', NULL),
       (555, 'Cuba', '', '', 'CUB', 'vevo', NULL),
       (556, 'Curacao', '', '', 'CUW', 'vevo', NULL),
       (557, 'Cyprus', '', '', 'CYP', 'vevo', NULL),
       (558, 'Czech Republic', '', '', 'CZE', 'vevo', NULL),
       (559, 'Czechoslovakia', '', '', 'CSK', 'vevo', NULL),
       (560, 'Denmark', '', '', 'DNK', 'vevo', NULL),
       (561, 'Djibouti', '', '', 'DJI', 'vevo', NULL),
       (562, 'Dominica', '', '', 'DMA', 'vevo', NULL),
       (563, 'Dominican Republic', '', '', 'DOM', 'vevo', NULL),
       (564, 'East Timor', '', '', 'TMP', 'vevo', NULL),
       (565, 'Ecuador', '', '', 'ECU', 'vevo', NULL),
       (566, 'Egypt', '', '', 'EGY', 'vevo', NULL),
       (567, 'El Salvador', '', '', 'SLV', 'vevo', NULL),
       (568, 'Equatorial Guinea', '', '', 'GNQ', 'vevo', NULL),
       (569, 'Eritrea', '', '', 'ERI', 'vevo', NULL),
       (570, 'Estonia', '', '', 'EST', 'vevo', NULL),
       (571, 'Ethiopia', '', '', 'ETH', 'vevo', NULL),
       (572, 'Falkland Islands (Malvinas)', '', '', 'FLK', 'vevo', NULL),
       (573, 'Faroe Islands', '', '', 'FRO', 'vevo', NULL),
       (574, 'Fiji', '', '', 'FJI', 'vevo', NULL),
       (575, 'Finland', '', '', 'FIN', 'vevo', NULL),
       (576, 'France', '', '', 'FRA', 'vevo', NULL),
       (577, 'France, Metropolitan', '', '', 'FXX', 'vevo', NULL),
       (578, 'French Guiana', '', '', 'GUF', 'vevo', NULL),
       (579, 'French Polynesia', '', '', 'PYF', 'vevo', NULL),
       (580, 'French Southern Terr', '', '', 'ATF', 'vevo', NULL),
       (581, 'Gabon', '', '', 'GAB', 'vevo', NULL),
       (582, 'Gambia', '', '', 'GMB', 'vevo', NULL),
       (583, 'Georgia', '', '', 'GEO', 'vevo', NULL),
       (584, 'Georgia/Sandwich Isl', '', '', 'SGS', 'vevo', NULL),
       (585, 'Germany', '', '', 'D', 'vevo', NULL),
       (586, 'Ghana', '', '', 'GHA', 'vevo', NULL),
       (587, 'Gibraltar', '', '', 'GIB', 'vevo', NULL),
       (588, 'Greece', '', '', 'GRC', 'vevo', NULL),
       (589, 'Greenland', '', '', 'GRL', 'vevo', NULL),
       (590, 'Grenada', '', '', 'GRD', 'vevo', NULL),
       (591, 'Guadeloupe', '', '', 'GLP', 'vevo', NULL),
       (592, 'Guam', '', '', 'GUM', 'vevo', NULL),
       (593, 'Guatemala', '', '', 'GTM', 'vevo', NULL),
       (594, 'Guinea', '', '', 'GIN', 'vevo', NULL),
       (595, 'Guinea-Bissau', '', '', 'GNB', 'vevo', NULL),
       (596, 'Guyana', '', '', 'GUY', 'vevo', NULL),
       (597, 'Haiti', '', '', 'HTI', 'vevo', NULL),
       (598, 'Heard & Mcdonald Isl', '', '', 'HMD', 'vevo', NULL),
       (599, 'Honduras', '', '', 'HND', 'vevo', NULL),
       (600, 'Hong Kong Sar', '', '', 'HKG', 'vevo', NULL),
       (601, 'Hungary', '', '', 'HUN', 'vevo', NULL),
       (602, 'Iceland', '', '', 'ISL', 'vevo', NULL),
       (603, 'India', '', '', 'IND', 'vevo', NULL),
       (604, 'Indonesia', '', '', 'IDN', 'vevo', NULL),
       (605, 'Iran, Islamic Republic of', '', '', 'IRN', 'vevo', NULL),
       (606, 'Iraq', '', '', 'IRQ', 'vevo', NULL),
       (607, 'Ireland', '', '', 'IRL', 'vevo', NULL),
       (608, 'Israel', '', '', 'ISR', 'vevo', NULL),
       (609, 'Italy', '', '', 'ITA', 'vevo', NULL),
       (610, 'Jamaica', '', '', 'JAM', 'vevo', NULL),
       (611, 'Japan', '', '', 'JPN', 'vevo', NULL),
       (612, 'Jordan', '', '', 'JOR', 'vevo', NULL),
       (613, 'Kazakhstan', '', '', 'KAZ', 'vevo', NULL),
       (614, 'Kenya', '', '', 'KEN', 'vevo', NULL),
       (615, 'Kiribati', '', '', 'KIR', 'vevo', NULL),
       (616, 'Korea, Democratic Peoples Republic of (North)', '', '', 'PRK', 'vevo', NULL),
       (617, 'Korea, Republic of (South)', '', '', 'KOR', 'vevo', NULL),
       (618, 'Kosovo', '', '', 'RKS', 'vevo', NULL),
       (619, 'Kuwait', '', '', 'KWT', 'vevo', NULL),
       (620, 'Kyrgyzstan', '', '', 'KGZ', 'vevo', NULL),
       (621, 'Lao People\'s Democratic Republic', '', '', 'LAO', 'vevo', NULL),
       (622, 'Latvia', '', '', 'LVA', 'vevo', NULL),
       (623, 'Lebanon', '', '', 'LBN', 'vevo', NULL),
       (624, 'Lesotho', '', '', 'LSO', 'vevo', NULL),
       (625, 'Liberia', '', '', 'LBR', 'vevo', NULL),
       (626, 'Libya', '', '', 'LBY', 'vevo', NULL),
       (627, 'Liechtenstein', '', '', 'LIE', 'vevo', NULL),
       (628, 'Lithuania', '', '', 'LTU', 'vevo', NULL),
       (629, 'Luxembourg', '', '', 'LUX', 'vevo', NULL),
       (630, 'Macau Sar', '', '', 'MAC', 'vevo', NULL),
       (631, 'Macedonia, Former Yugoslav Republic of', '', '', 'MKD', 'vevo', NULL),
       (632, 'Madagascar', '', '', 'MDG', 'vevo', NULL),
       (633, 'Malawi', '', '', 'MWI', 'vevo', NULL),
       (634, 'Malaysia', '', '', 'MYS', 'vevo', NULL),
       (635, 'Maldives', '', '', 'MDV', 'vevo', NULL),
       (636, 'Mali', '', '', 'MLI', 'vevo', NULL),
       (637, 'Malta', '', '', 'MLT', 'vevo', NULL),
       (638, 'Marshall Islands', '', '', 'MHL', 'vevo', NULL),
       (639, 'Martinique', '', '', 'MTQ', 'vevo', NULL),
       (640, 'Mauritania', '', '', 'MRT', 'vevo', NULL),
       (641, 'Mauritius', '', '', 'MUS', 'vevo', NULL),
       (642, 'Mayotte', '', '', 'MYT', 'vevo', NULL),
       (643, 'Mexico', '', '', 'MEX', 'vevo', NULL),
       (644, 'Micronesia, Federated States of', '', '', 'FSM', 'vevo', NULL),
       (645, 'Moldova, Republic of', '', '', 'MDA', 'vevo', NULL),
       (646, 'Monaco', '', '', 'MCO', 'vevo', NULL),
       (647, 'Mongolia', '', '', 'MNG', 'vevo', NULL),
       (648, 'Montenegro', '', '', 'MNE', 'vevo', NULL),
       (649, 'Montserrat', '', '', 'MSR', 'vevo', NULL),
       (650, 'Morocco', '', '', 'MAR', 'vevo', NULL),
       (651, 'Mozambique', '', '', 'MOZ', 'vevo', NULL),
       (652, 'Namibia', '', '', 'NAM', 'vevo', NULL),
       (653, 'Nauru', '', '', 'NRU', 'vevo', NULL),
       (654, 'Nepal', '', '', 'NPL', 'vevo', NULL),
       (655, 'Netherlands', '', '', 'NLD', 'vevo', NULL),
       (656, 'Netherlands Antilles', '', '', 'ANT', 'vevo', NULL),
       (657, 'Neutral Zone', '', '', 'NTZ', 'vevo', NULL),
       (658, 'New Caledonia', '', '', 'NCL', 'vevo', NULL),
       (659, 'New Zealand', '', '', 'NZL', 'vevo', NULL),
       (660, 'Nicaragua', '', '', 'NIC', 'vevo', NULL),
       (661, 'Niger', '', '', 'NER', 'vevo', NULL),
       (662, 'Nigeria', '', '', 'NGA', 'vevo', NULL),
       (663, 'Niue', '', '', 'NIU', 'vevo', NULL),
       (664, 'Northern Mariana Isl', '', '', 'MNP', 'vevo', NULL),
       (665, 'Norway', '', '', 'NOR', 'vevo', NULL),
       (666, 'Oman', '', '', 'OMN', 'vevo', NULL),
       (667, 'Pakistan', '', '', 'PAK', 'vevo', NULL),
       (668, 'Palau', '', '', 'PLW', 'vevo', NULL),
       (669, 'Palestinian Authority', '', '', 'PSE', 'vevo', NULL),
       (670, 'Panama', '', '', 'PAN', 'vevo', NULL),
       (671, 'Papua New Guinea', '', '', 'PNG', 'vevo', NULL),
       (672, 'Paraguay', '', '', 'PRY', 'vevo', NULL),
       (673, 'Peru', '', '', 'PER', 'vevo', NULL),
       (674, 'Philippines', '', '', 'PHL', 'vevo', NULL),
       (675, 'Pitcairn', '', '', 'PCN', 'vevo', NULL),
       (676, 'Poland', '', '', 'POL', 'vevo', NULL),
       (677, 'Portugal', '', '', 'PRT', 'vevo', NULL),
       (678, 'Puerto Rico', '', '', 'PRI', 'vevo', NULL),
       (679, 'Qatar', '', '', 'QAT', 'vevo', NULL),
       (680, 'Refugee As Per Art 1', '', '', 'XXB', 'vevo', NULL),
       (681, 'Refugee Other', '', '', 'XXC', 'vevo', NULL),
       (682, 'Reunion', '', '', 'REU', 'vevo', NULL),
       (683, 'Romania', '', '', 'ROU', 'vevo', NULL),
       (684, 'Romania Pre 1/2/2002', '', '', 'ROM', 'vevo', NULL),
       (685, 'Russian Federation', '', '', 'RUS', 'vevo', NULL),
       (686, 'Rwanda', '', '', 'RWA', 'vevo', NULL),
       (687, 'Saint Helena, Ascension and Tristan Da Cunha', '', '', 'SHN', 'vevo', NULL),
       (688, 'Saint Kitts and Nevis', '', '', 'KNA', 'vevo', NULL),
       (689, 'Saint Lucia', '', '', 'LCA', 'vevo', NULL),
       (690, 'Saint Vincent and The Grenadines', '', '', 'VCT', 'vevo', NULL),
       (691, 'Samoa', '', '', 'WSM', 'vevo', NULL),
       (692, 'San Marino', '', '', 'SMR', 'vevo', NULL),
       (693, 'Sao Tome and Principe', '', '', 'STP', 'vevo', NULL),
       (694, 'Saudi Arabia', '', '', 'SAU', 'vevo', NULL),
       (695, 'Senegal', '', '', 'SEN', 'vevo', NULL),
       (696, 'Serbia', '', '', 'SRB', 'vevo', NULL),
       (697, 'Serbia and Montenegro', '', '', 'SCG', 'vevo', NULL),
       (698, 'Seychelles', '', '', 'SYC', 'vevo', NULL),
       (699, 'Sierra Leone', '', '', 'SLE', 'vevo', NULL),
       (700, 'Singapore', '', '', 'SGP', 'vevo', NULL),
       (701, 'Sint Maarten (Dutch Part)', '', '', 'SXM', 'vevo', NULL),
       (702, 'Slovak Republic', '', '', 'SVK', 'vevo', NULL),
       (703, 'Slovenia', '', '', 'SVN', 'vevo', NULL),
       (704, 'Solomon Islands', '', '', 'SLB', 'vevo', NULL),
       (705, 'Somalia', '', '', 'SOM', 'vevo', NULL),
       (706, 'South Africa', '', '', 'ZAF', 'vevo', NULL),
       (707, 'South Sudan', '', '', 'SSD', 'vevo', NULL),
       (708, 'Spain', '', '', 'ESP', 'vevo', NULL),
       (709, 'Sri Lanka', '', '', 'LKA', 'vevo', NULL),
       (710, 'St Pierre and Miquelon', '', '', 'SPM', 'vevo', NULL),
       (711, 'Stateless Person', '', '', 'XXA', 'vevo', NULL),
       (712, 'Sudan', '', '', 'SDN', 'vevo', NULL),
       (713, 'Suriname', '', '', 'SUR', 'vevo', NULL),
       (714, 'Svalbard and Jan Mayen', '', '', 'SJM', 'vevo', NULL),
       (715, 'Swaziland', '', '', 'SWZ', 'vevo', NULL),
       (716, 'Sweden', '', '', 'SWE', 'vevo', NULL),
       (717, 'Switzerland', '', '', 'CHE', 'vevo', NULL),
       (718, 'Syrian Arab Republic', '', '', 'SYR', 'vevo', NULL),
       (719, 'Taiwan', '', '', 'TWN', 'vevo', NULL),
       (720, 'Tajikistan', '', '', 'TJK', 'vevo', NULL),
       (721, 'Tanzania, United Republic of', '', '', 'TZA', 'vevo', NULL),
       (722, 'Thailand', '', '', 'THA', 'vevo', NULL),
       (723, 'Timor-leste', '', '', 'TLS', 'vevo', NULL),
       (724, 'Togo', '', '', 'TGO', 'vevo', NULL),
       (725, 'Tokelau', '', '', 'TKL', 'vevo', NULL),
       (726, 'Tonga', '', '', 'TON', 'vevo', NULL),
       (727, 'Trinidad and TobagoTrinidad and TobagoTrinidad and Tobago', '', '', 'TTO', 'vevo', NULL),
       (728, 'Tunisia', '', '', 'TUN', 'vevo', NULL),
       (729, 'Turkey', '', '', 'TUR', 'vevo', NULL),
       (730, 'Turkmenistan', '', '', 'TKM', 'vevo', NULL),
       (731, 'Turks and Caicos Islands', '', '', 'TCA', 'vevo', NULL),
       (732, 'Tuvalu', '', '', 'TUV', 'vevo', NULL),
       (733, 'U.S Minor Islands', '', '', 'UMI', 'vevo', NULL),
       (734, 'Uganda', '', '', 'UGA', 'vevo', NULL),
       (735, 'Ukraine', '', '', 'UKR', 'vevo', NULL),
       (736, 'United Arab Emirates', '', '', 'ARE', 'vevo', NULL),
       (737, 'United Kingdom - British Citizen', '', '', 'GBR', 'vevo', NULL),
       (738, 'United Kingdom - British National (Overseas)', '', '', 'GBN', 'vevo', 'a:3:{i:0;s:2:\"uk\";i:1;s:7:\"britain\";i:2;s:2:\"gb\";}'),
       (739, 'United Kingdom - British Overseas Citizen', '', '', 'GBO', 'vevo', 'a:3:{i:0;s:2:\"uk\";i:1;s:7:\"britain\";i:2;s:2:\"gb\";}'),
       (740, 'United Kingdom - British Overseas Territories Citizen', '', '', 'GBD', 'vevo', 'a:3:{i:0;s:2:\"uk\";i:1;s:7:\"britain\";i:2;s:2:\"gb\";}'),
       (741, 'United Kingdom - British Protected Person', '', '', 'GBP', 'vevo', 'a:3:{i:0;s:2:\"uk\";i:1;s:7:\"britain\";i:2;s:2:\"gb\";}'),
       (742, 'United Kingdom - British Subject', '', '', 'GBS', 'vevo', 'a:3:{i:0;s:2:\"uk\";i:1;s:7:\"britain\";i:2;s:2:\"gb\";}'),
       (743, 'United Nations Agency', '', '', 'UNA', 'vevo', NULL),
       (744, 'United Nations Organisation', '', '', 'UNO', 'vevo', NULL),
       (745, 'United States', '', '', 'USA', 'vevo', 'a:3:{i:0;s:3:\"usa\";i:1;s:2:\"us\";i:2;s:7:\"america\";}'),
       (746, 'UNMIK Travel Doc', '', '', 'UNK', 'vevo', NULL),
       (747, 'Unspecified Nationality', '', '', 'XXX', 'vevo', NULL),
       (748, 'Uruguay', '', '', 'URY', 'vevo', NULL),
       (749, 'Uzbekistan', '', '', 'UZB', 'vevo', NULL),
       (750, 'Vanuatu', '', '', 'VUT', 'vevo', NULL),
       (751, 'Vatican City State (Holy See)', '', '', 'VAT', 'vevo', NULL),
       (752, 'Venezuela', '', '', 'VEN', 'vevo', NULL),
       (753, 'Viet Nam', '', '', 'VNM', 'vevo', NULL),
       (754, 'Virgin Islands (British)', '', '', 'VGB', 'vevo', NULL),
       (755, 'Virgin Islands (U.S)', '', '', 'VIR', 'vevo', NULL),
       (756, 'Wallis and Futuna Isl', '', '', 'WLF', 'vevo', NULL),
       (757, 'Western Sahara', '', '', 'ESH', 'vevo', NULL),
       (758, 'Yemen', '', '', 'YEM', 'vevo', NULL),
       (759, 'Yugoslavia', '', '', 'YUG', 'vevo', NULL),
       (760, 'Zaire', '', '', 'ZAR', 'vevo', NULL),
       (761, 'Zambia', '', '', 'ZMB', 'vevo', NULL),
       (762, 'Zimbabwe', '', '', 'ZWE', 'vevo', NULL);
/*!40000 ALTER TABLE `country_master`
    ENABLE KEYS */;
UNLOCK TABLES;

--
-- Table structure for table `default_searches`
--

DROP TABLE IF EXISTS `default_searches`;
/*!40101 SET @saved_cs_client = @@character_set_client */;
/*!50503 SET character_set_client = utf8mb4 */;
CREATE TABLE `default_searches`
(
    `member_id`           bigint                      NOT NULL,
    `default_search`      varchar(50)                 NOT NULL,
    `default_search_type` enum ('clients','contacts') NOT NULL DEFAULT 'clients',
    KEY `FK_default_searches_members` (`member_id`),
    CONSTRAINT `FK_default_searches_members` FOREIGN KEY (`member_id`) REFERENCES `members` (`member_id`) ON DELETE CASCADE ON UPDATE CASCADE
) ENGINE = InnoDB
  DEFAULT CHARSET = utf8mb3;
/*!40101 SET character_set_client = @saved_cs_client */;

--
-- Dumping data for table `default_searches`
--

LOCK TABLES `default_searches` WRITE;
/*!40000 ALTER TABLE `default_searches`
    DISABLE KEYS */;
INSERT INTO `default_searches`
VALUES (906, 'LAST4ALL', 'clients');
/*!40000 ALTER TABLE `default_searches`
    ENABLE KEYS */;
UNLOCK TABLES;

--
-- Table structure for table `divisions`
--

DROP TABLE IF EXISTS `divisions`;
/*!40101 SET @saved_cs_client = @@character_set_client */;
/*!50503 SET character_set_client = utf8mb4 */;
CREATE TABLE `divisions`
(
    `division_id`           int unsigned NOT NULL AUTO_INCREMENT,
    `division_group_id`     int unsigned     DEFAULT NULL,
    `company_id`            bigint           DEFAULT NULL,
    `name`                  char(255)        DEFAULT '',
    `access_owner_can_edit` enum ('Y','N')   DEFAULT 'N',
    `access_permanent`      enum ('Y','N')   DEFAULT 'N',
    `access_assign_to`      enum ('Y','N')   DEFAULT 'N',
    `order`                 tinyint unsigned DEFAULT '0',
    PRIMARY KEY (`division_id`),
    KEY `FK_divisions_company` (`company_id`),
    KEY `FK_divisions_divisions_groups` (`division_group_id`),
    CONSTRAINT `FK_divisions_company` FOREIGN KEY (`company_id`) REFERENCES `company` (`company_id`) ON DELETE CASCADE ON UPDATE CASCADE,
    CONSTRAINT `FK_divisions_divisions_groups` FOREIGN KEY (`division_group_id`) REFERENCES `divisions_groups` (`division_group_id`) ON DELETE CASCADE ON UPDATE CASCADE
) ENGINE = InnoDB
  AUTO_INCREMENT = 102
  DEFAULT CHARSET = utf8mb3;
/*!40101 SET character_set_client = @saved_cs_client */;

--
-- Dumping data for table `divisions`
--

LOCK TABLES `divisions` WRITE;
/*!40000 ALTER TABLE `divisions`
    DISABLE KEYS */;
INSERT INTO `divisions`
VALUES (40, 1, 0, 'SI Applications Intake', 'N', 'N', 'N', 1),
       (41, 1, 0, 'EI Registrations Unscored', 'N', 'N', 'N', 2),
       (44, 2, 1, 'EI Registrations Unscored', 'N', 'N', 'N', 1),
       (45, 2, 1, 'SI Applications Intake', 'N', 'N', 'N', 1),
       (46, 1, 0, 'SI Registrations Intake', 'N', 'N', 'N', 0),
       (47, 2, 1, 'SI Registrations Intake', 'N', 'N', 'N', 0),
       (49, 1, 0, 'EI Applications Intake', 'N', 'N', 'N', 1),
       (50, 2, 1, 'EI Applications Intake', 'N', 'N', 'N', 0),
       (60, 1, 0, 'SI Invited', 'N', 'N', 'N', 0),
       (61, 2, 1, 'SI Invited', 'N', 'N', 'N', 0),
       (62, 1, 0, 'SI Expired ITA', 'N', 'N', 'N', 0),
       (63, 2, 1, 'SI Expired ITA', 'N', 'N', 'N', 0),
       (64, 1, 0, 'Review Request Intake', 'N', 'N', 'N', 5),
       (65, 2, 1, 'Review Request Intake', 'N', 'N', 'N', 5),
       (67, 1, 0, 'Key Staff Intake', 'N', 'N', 'N', 5),
       (68, 2, 1, 'Key Staff Intake', 'N', 'N', 'N', 5),
       (70, 1, 0, 'EI Arrival Report Intake', 'N', 'N', 'N', 7),
       (71, 2, 1, 'EI Arrival Report Intake', 'N', 'N', 'N', 7),
       (72, 1, 0, 'EI Arrival Report Expired', 'N', 'N', 'N', 8),
       (73, 2, 1, 'EI Arrival Report Expired', 'N', 'N', 'N', 8),
       (77, 1, 0, 'EI Final Report Intake', 'N', 'N', 'N', 7),
       (78, 2, 1, 'EI Final Report Intake', 'N', 'N', 'N', 7),
       (79, 1, 0, 'EI Final Report Expired', 'N', 'N', 'N', 8),
       (80, 2, 1, 'EI Final Report Expired', 'N', 'N', 'N', 8),
       (84, 1, 0, 'Post-Nom Support Intake', 'N', 'N', 'N', 5),
       (85, 2, 1, 'Post-Nom Support Intake', 'N', 'N', 'N', 5),
       (87, 1, 0, 'EI KS Arrival Report Intake', 'N', 'N', 'N', 7),
       (88, 2, 1, 'EI KS Arrival Report Intake', 'N', 'N', 'N', 7),
       (89, 1, 0, 'EI KS Arrival Report Expired', 'N', 'N', 'N', 8),
       (90, 2, 1, 'EI KS Arrival Report Expired', 'N', 'N', 'N', 8),
       (91, 1, 0, 'EI KS Final Report Intake', 'N', 'N', 'N', 9),
       (92, 2, 1, 'EI KS Final Report Intake', 'N', 'N', 'N', 9),
       (93, 1, 0, 'EI KS Final Report Expired', 'N', 'N', 'N', 10),
       (94, 2, 1, 'EI KS Final Report Expired', 'N', 'N', 'N', 10);
/*!40000 ALTER TABLE `divisions`
    ENABLE KEYS */;
UNLOCK TABLES;

--
-- Table structure for table `divisions_groups`
--

DROP TABLE IF EXISTS `divisions_groups`;
/*!40101 SET @saved_cs_client = @@character_set_client */;
/*!50503 SET character_set_client = utf8mb4 */;
CREATE TABLE `divisions_groups`
(
    `division_group_id`              int unsigned NOT NULL AUTO_INCREMENT,
    `company_id`                     bigint                                 DEFAULT NULL,
    `division_group_salutation`      char(255)                              DEFAULT NULL,
    `division_group_first_name`      char(255)                              DEFAULT NULL,
    `division_group_last_name`       char(255)                              DEFAULT NULL,
    `division_group_position`        char(255)                              DEFAULT NULL,
    `division_group_company`         char(255)                              DEFAULT NULL,
    `division_group_address1`        char(255)                              DEFAULT NULL,
    `division_group_address2`        char(255)                              DEFAULT NULL,
    `division_group_city`            char(255)                              DEFAULT NULL,
    `division_group_state`           char(255)                              DEFAULT NULL,
    `division_group_country`         char(255)                              DEFAULT NULL,
    `division_group_postal_code`     char(255)                              DEFAULT NULL,
    `division_group_phone_main`      char(255)                              DEFAULT NULL,
    `division_group_phone_secondary` char(255)                              DEFAULT NULL,
    `division_group_email_primary`   char(255)                              DEFAULT NULL,
    `division_group_email_other`     char(255)                              DEFAULT NULL,
    `division_group_fax`             char(255)                              DEFAULT NULL,
    `division_group_notes`           text,
    `division_group_is_system`       enum ('Y','N')                         DEFAULT 'N',
    `division_group_status`          enum ('active','inactive','suspended') DEFAULT 'active',
    PRIMARY KEY (`division_group_id`),
    KEY `FK_divisions_company` (`company_id`),
    CONSTRAINT `FK_divisions_groups_company` FOREIGN KEY (`company_id`) REFERENCES `company` (`company_id`) ON DELETE CASCADE ON UPDATE CASCADE
) ENGINE = InnoDB
  AUTO_INCREMENT = 3
  DEFAULT CHARSET = utf8mb3 COMMENT ='List of offices/divisions groups.';
/*!40101 SET character_set_client = @saved_cs_client */;

--
-- Dumping data for table `divisions_groups`
--

LOCK TABLES `divisions_groups` WRITE;
/*!40000 ALTER TABLE `divisions_groups`
    DISABLE KEYS */;
INSERT INTO `divisions_groups`
VALUES (1, 0, NULL, NULL, NULL, NULL, 'Main', NULL, NULL, NULL, NULL, NULL, NULL, NULL, NULL, NULL, NULL, NULL, NULL, 'Y', 'active'),
       (2, 1, NULL, NULL, NULL, NULL, 'Main', NULL, NULL, NULL, NULL, NULL, NULL, NULL, NULL, NULL, NULL, NULL, NULL, 'Y', 'active');
/*!40000 ALTER TABLE `divisions_groups`
    ENABLE KEYS */;
UNLOCK TABLES;

--
-- Table structure for table `dm_con_numbers`
--

DROP TABLE IF EXISTS `dm_con_numbers`;
/*!40101 SET @saved_cs_client = @@character_set_client */;
/*!50503 SET character_set_client = utf8mb4 */;
CREATE TABLE `dm_con_numbers`
(
    `dm_con_number_id` bigint NOT NULL AUTO_INCREMENT,
    `company_id`       bigint NOT NULL,
    `member_id`        bigint NOT NULL,
    `dependent_id`     bigint unsigned DEFAULT NULL,
    `year`             int    NOT NULL,
    `number`           int    NOT NULL,
    PRIMARY KEY (`dm_con_number_id`),
    UNIQUE KEY `UQ_con_number` (`company_id`, `year`, `number`),
    KEY `FK_dm_con_numbers_company_id` (`company_id`),
    KEY `FK_dm_con_numbers_member_id` (`member_id`),
    KEY `FK_dm_con_numbers_dependent_id` (`dependent_id`),
    CONSTRAINT `FK_dm_con_numbers_company_id` FOREIGN KEY (`company_id`) REFERENCES `company` (`company_id`) ON DELETE CASCADE ON UPDATE CASCADE,
    CONSTRAINT `FK_dm_con_numbers_dependent_id` FOREIGN KEY (`dependent_id`) REFERENCES `client_form_dependents` (`dependent_id`) ON DELETE CASCADE ON UPDATE CASCADE,
    CONSTRAINT `FK_dm_con_numbers_member_id` FOREIGN KEY (`member_id`) REFERENCES `members` (`member_id`) ON DELETE CASCADE ON UPDATE CASCADE
) ENGINE = InnoDB
  DEFAULT CHARSET = utf8mb3;
/*!40101 SET character_set_client = @saved_cs_client */;

--
-- Dumping data for table `dm_con_numbers`
--

LOCK TABLES `dm_con_numbers` WRITE;
/*!40000 ALTER TABLE `dm_con_numbers`
    DISABLE KEYS */;
/*!40000 ALTER TABLE `dm_con_numbers`
    ENABLE KEYS */;
UNLOCK TABLES;

--
-- Table structure for table `eml_accounts`
--

DROP TABLE IF EXISTS `eml_accounts`;
/*!40101 SET @saved_cs_client = @@character_set_client */;
/*!50503 SET character_set_client = utf8mb4 */;
CREATE TABLE `eml_accounts`
(
    `id`                  int unsigned          NOT NULL AUTO_INCREMENT,
    `member_id`           bigint                NOT NULL,
    `is_default`          enum ('Y','N')        NOT NULL DEFAULT 'N',
    `email`               varchar(255)          NOT NULL,
    `friendly_name`       varchar(255)                   DEFAULT NULL,
    `auto_check`          enum ('Y','N')        NOT NULL DEFAULT 'N',
    `auto_check_every`    int                   NOT NULL DEFAULT '0',
    `signature`           text,
    `inc_enabled`         enum ('Y','N')        NOT NULL DEFAULT 'Y',
    `inc_type`            enum ('pop3','imap')  NOT NULL DEFAULT 'pop3',
    `inc_login`           varchar(128)                   DEFAULT NULL,
    `inc_password`        text,
    `inc_host`            varchar(255)                   DEFAULT NULL,
    `inc_port`            varchar(6)                     DEFAULT NULL,
    `inc_ssl`             enum ('','ssl','tls')          DEFAULT '',
    `inc_leave_messages`  enum ('Y','N')        NOT NULL DEFAULT 'Y',
    `inc_only_headers`    enum ('Y','N')        NOT NULL DEFAULT 'N',
    `inc_fetch_from_date` int                   NOT NULL DEFAULT '0',
    `out_use_own`         enum ('Y','N')        NOT NULL DEFAULT 'N',
    `out_auth_required`   enum ('Y','N')        NOT NULL DEFAULT 'Y',
    `out_login`           varchar(128)                   DEFAULT NULL,
    `out_password`        text,
    `out_host`            varchar(255)                   DEFAULT NULL,
    `out_port`            varchar(6)                     DEFAULT NULL,
    `out_ssl`             enum ('','ssl','tls') NOT NULL DEFAULT '',
    `out_save_sent`       enum ('Y','N')        NOT NULL DEFAULT 'N',
    `last_manual_check`   int                   NOT NULL DEFAULT '0',
    `last_mass_mail`      int                   NOT NULL DEFAULT '0',
    `per_page`            int unsigned          NOT NULL DEFAULT '25',
    `timezone`            varchar(255)          NOT NULL DEFAULT 'America/New_York',
    `last_rabbit_push`    int unsigned                   DEFAULT NULL,
    `last_rabbit_pull`    int unsigned                   DEFAULT NULL,
    `is_checking`         int unsigned                   DEFAULT '0',
    `checking_status`     varchar(255)                   DEFAULT NULL,
    `delimiter`           varchar(1)                     DEFAULT NULL,
    PRIMARY KEY (`id`),
    KEY `FK_eml_accounts_members` (`member_id`),
    CONSTRAINT `FK_eml_accounts_members` FOREIGN KEY (`member_id`) REFERENCES `members` (`member_id`) ON DELETE CASCADE ON UPDATE CASCADE
) ENGINE = InnoDB
  AUTO_INCREMENT = 4
  DEFAULT CHARSET = utf8mb3;
/*!40101 SET character_set_client = @saved_cs_client */;

--
-- Dumping data for table `eml_accounts`
--

LOCK TABLES `eml_accounts` WRITE;
/*!40000 ALTER TABLE `eml_accounts`
    DISABLE KEYS */;
INSERT INTO `eml_accounts`
VALUES (3, 906, 'Y', 'admin@example.com', '', 'N', 0, NULL, 'N', 'pop3', NULL, NULL, NULL, NULL, '', 'Y', 'N', 0, 'N', 'Y', NULL, NULL, NULL, NULL, '', 'N', 0, 0, 25, 'America/Los_Angeles', NULL, NULL, 0, NULL, NULL);
/*!40000 ALTER TABLE `eml_accounts`
    ENABLE KEYS */;
UNLOCK TABLES;

--
-- Table structure for table `eml_attachments`
--

DROP TABLE IF EXISTS `eml_attachments`;
/*!40101 SET @saved_cs_client = @@character_set_client */;
/*!50503 SET character_set_client = utf8mb4 */;
CREATE TABLE `eml_attachments`
(
    `id`                 bigint           NOT NULL AUTO_INCREMENT,
    `id_message`         bigint           NOT NULL,
    `path`               text,
    `original_file_name` varchar(255)              DEFAULT NULL,
    `size`               int                       DEFAULT NULL,
    `part_info`          text             NOT NULL,
    `is_downloaded`      tinyint unsigned NOT NULL DEFAULT '1',
    PRIMARY KEY (`id`),
    KEY `msg_id` (`id_message`),
    CONSTRAINT `FK_eml_attachments` FOREIGN KEY (`id_message`) REFERENCES `eml_messages` (`id`) ON DELETE CASCADE ON UPDATE CASCADE
) ENGINE = InnoDB
  DEFAULT CHARSET = utf8mb3;
/*!40101 SET character_set_client = @saved_cs_client */;

--
-- Dumping data for table `eml_attachments`
--

LOCK TABLES `eml_attachments` WRITE;
/*!40000 ALTER TABLE `eml_attachments`
    DISABLE KEYS */;
/*!40000 ALTER TABLE `eml_attachments`
    ENABLE KEYS */;
UNLOCK TABLES;

--
-- Table structure for table `eml_cron`
--

DROP TABLE IF EXISTS `eml_cron`;
/*!40101 SET @saved_cs_client = @@character_set_client */;
/*!50503 SET character_set_client = utf8mb4 */;
CREATE TABLE `eml_cron`
(
    `id`             int unsigned NOT NULL AUTO_INCREMENT,
    `accounts_count` int unsigned NOT NULL,
    `start`          int unsigned NOT NULL,
    PRIMARY KEY (`id`)
) ENGINE = InnoDB
  DEFAULT CHARSET = utf8mb3;
/*!40101 SET character_set_client = @saved_cs_client */;

--
-- Dumping data for table `eml_cron`
--

LOCK TABLES `eml_cron` WRITE;
/*!40000 ALTER TABLE `eml_cron`
    DISABLE KEYS */;
/*!40000 ALTER TABLE `eml_cron`
    ENABLE KEYS */;
UNLOCK TABLES;

--
-- Table structure for table `eml_cron_accounts`
--

DROP TABLE IF EXISTS `eml_cron_accounts`;
/*!40101 SET @saved_cs_client = @@character_set_client */;
/*!50503 SET character_set_client = utf8mb4 */;
CREATE TABLE `eml_cron_accounts`
(
    `id`         int unsigned NOT NULL AUTO_INCREMENT,
    `cron_id`    int unsigned DEFAULT NULL,
    `account_id` int unsigned DEFAULT NULL,
    `start`      int unsigned DEFAULT NULL,
    `end`        int unsigned DEFAULT NULL,
    `status`     text,
    PRIMARY KEY (`id`),
    KEY `account_id` (`account_id`),
    KEY `FK_eml_cron_accounts_eml_cron` (`cron_id`),
    CONSTRAINT `FK_eml_cron_accounts_eml_accounts` FOREIGN KEY (`account_id`) REFERENCES `eml_accounts` (`id`) ON DELETE CASCADE ON UPDATE CASCADE,
    CONSTRAINT `FK_eml_cron_accounts_eml_cron` FOREIGN KEY (`cron_id`) REFERENCES `eml_cron` (`id`) ON DELETE CASCADE ON UPDATE CASCADE
) ENGINE = InnoDB
  DEFAULT CHARSET = utf8mb3;
/*!40101 SET character_set_client = @saved_cs_client */;

--
-- Dumping data for table `eml_cron_accounts`
--

LOCK TABLES `eml_cron_accounts` WRITE;
/*!40000 ALTER TABLE `eml_cron_accounts`
    DISABLE KEYS */;
/*!40000 ALTER TABLE `eml_cron_accounts`
    ENABLE KEYS */;
UNLOCK TABLES;

--
-- Table structure for table `eml_deleted_messages`
--

DROP TABLE IF EXISTS `eml_deleted_messages`;
/*!40101 SET @saved_cs_client = @@character_set_client */;
/*!50503 SET character_set_client = utf8mb4 */;
CREATE TABLE `eml_deleted_messages`
(
    `id_account` int unsigned NOT NULL,
    `uid`        varchar(255) NOT NULL,
    KEY `id_account` (`id_account`),
    KEY `uid` (`uid`),
    CONSTRAINT `FK_eml_deleted_messages_eml_accounts` FOREIGN KEY (`id_account`) REFERENCES `eml_accounts` (`id`) ON DELETE CASCADE ON UPDATE CASCADE
) ENGINE = InnoDB
  DEFAULT CHARSET = utf8mb3;
/*!40101 SET character_set_client = @saved_cs_client */;

--
-- Dumping data for table `eml_deleted_messages`
--

LOCK TABLES `eml_deleted_messages` WRITE;
/*!40000 ALTER TABLE `eml_deleted_messages`
    DISABLE KEYS */;
/*!40000 ALTER TABLE `eml_deleted_messages`
    ENABLE KEYS */;
UNLOCK TABLES;

--
-- Table structure for table `eml_folders`
--

DROP TABLE IF EXISTS `eml_folders`;
/*!40101 SET @saved_cs_client = @@character_set_client */;
/*!50503 SET character_set_client = utf8mb4 */;
CREATE TABLE `eml_folders`
(
    `id`                int unsigned     NOT NULL AUTO_INCREMENT,
    `id_parent`         int unsigned              DEFAULT '0',
    `level`             int                       DEFAULT '0',
    `order`             int                       DEFAULT NULL,
    `id_account`        int unsigned     NOT NULL,
    `id_folder`         varchar(128)              DEFAULT '0',
    `label`             varchar(255)     NOT NULL,
    `full_path`         text,
    `selectable`        tinyint unsigned NOT NULL DEFAULT '1',
    `id_mapping_folder` int unsigned              DEFAULT '0',
    `visible`           tinyint unsigned NOT NULL DEFAULT '1',
    PRIMARY KEY (`id`),
    KEY `FK_eml_folders_eml_accounts` (`id_account`),
    CONSTRAINT `FK_eml_folders_eml_accounts` FOREIGN KEY (`id_account`) REFERENCES `eml_accounts` (`id`) ON DELETE CASCADE ON UPDATE CASCADE
) ENGINE = InnoDB
  AUTO_INCREMENT = 13
  DEFAULT CHARSET = utf8mb3;
/*!40101 SET character_set_client = @saved_cs_client */;

--
-- Dumping data for table `eml_folders`
--

LOCK TABLES `eml_folders` WRITE;
/*!40000 ALTER TABLE `eml_folders`
    DISABLE KEYS */;
INSERT INTO `eml_folders`
VALUES (9, 0, 0, 0, 3, 'inbox', 'Inbox', 'Inbox', 1, 0, 1),
       (10, 0, 0, 1, 3, 'sent', 'Sent', 'Sent', 1, 0, 1),
       (11, 0, 0, 2, 3, 'drafts', 'Drafts', 'Drafts', 1, 0, 1),
       (12, 0, 0, 3, 3, 'trash', 'Trash', 'Trash', 1, 0, 1);
/*!40000 ALTER TABLE `eml_folders`
    ENABLE KEYS */;
UNLOCK TABLES;

--
-- Table structure for table `eml_messages`
--

DROP TABLE IF EXISTS `eml_messages`;
/*!40101 SET @saved_cs_client = @@character_set_client */;
/*!50503 SET character_set_client = utf8mb4 */;
CREATE TABLE `eml_messages`
(
    `id`              bigint           NOT NULL AUTO_INCREMENT,
    `uid`             varchar(255)     NOT NULL,
    `id_account`      int unsigned     NOT NULL,
    `id_folder`       int unsigned     NOT NULL,
    `from`            text,
    `to`              text,
    `cc`              text,
    `bcc`             text,
    `subject`         varchar(255)              DEFAULT NULL,
    `sent_date`       int                       DEFAULT NULL,
    `has_attachments` tinyint unsigned          DEFAULT '0',
    `size`            bigint unsigned           DEFAULT NULL,
    `seen`            tinyint unsigned          DEFAULT '0',
    `priority`        tinyint                   DEFAULT '3',
    `x_spam`          tinyint unsigned          DEFAULT '0',
    `replied`         tinyint unsigned          DEFAULT '0',
    `forwarded`       tinyint unsigned          DEFAULT '0',
    `flag`            tinyint unsigned NOT NULL DEFAULT '0',
    `body_html`       longtext,
    `is_downloaded`   tinyint unsigned          DEFAULT '1',
    PRIMARY KEY (`id`),
    KEY `fldr_id` (`id_folder`),
    KEY `acc_id` (`id_account`),
    CONSTRAINT `FK_eml_messages_eml_accounts` FOREIGN KEY (`id_account`) REFERENCES `eml_accounts` (`id`) ON DELETE CASCADE ON UPDATE CASCADE,
    CONSTRAINT `FK_eml_messages_eml_folders` FOREIGN KEY (`id_folder`) REFERENCES `eml_folders` (`id`) ON DELETE CASCADE ON UPDATE CASCADE
) ENGINE = InnoDB
  DEFAULT CHARSET = utf8mb3;
/*!40101 SET character_set_client = @saved_cs_client */;

--
-- Dumping data for table `eml_messages`
--

LOCK TABLES `eml_messages` WRITE;
/*!40000 ALTER TABLE `eml_messages`
    DISABLE KEYS */;
/*!40000 ALTER TABLE `eml_messages`
    ENABLE KEYS */;
UNLOCK TABLES;

--
-- Table structure for table `eml_sample_server_settings`
--

DROP TABLE IF EXISTS `eml_sample_server_settings`;
/*!40101 SET @saved_cs_client = @@character_set_client */;
/*!50503 SET character_set_client = utf8mb4 */;
CREATE TABLE `eml_sample_server_settings`
(
    `id`   int unsigned                NOT NULL AUTO_INCREMENT,
    `name` varchar(255)                         DEFAULT NULL,
    `type` enum ('pop3','imap','smtp') NOT NULL DEFAULT 'pop3',
    `host` varchar(255)                         DEFAULT NULL,
    `port` varchar(6)                           DEFAULT NULL,
    `ssl`  enum ('','ssl','tls')                DEFAULT '',
    PRIMARY KEY (`id`)
) ENGINE = InnoDB
  AUTO_INCREMENT = 53
  DEFAULT CHARSET = utf8mb3;
/*!40101 SET character_set_client = @saved_cs_client */;

--
-- Dumping data for table `eml_sample_server_settings`
--

LOCK TABLES `eml_sample_server_settings` WRITE;
/*!40000 ALTER TABLE `eml_sample_server_settings`
    DISABLE KEYS */;
INSERT INTO `eml_sample_server_settings`
VALUES (1, 'Google', 'pop3', 'pop.gmail.com', '995', 'ssl'),
       (2, 'Google', 'imap', 'imap.gmail.com', '993', 'ssl'),
       (3, 'Google SSL required', 'smtp', 'smtp.gmail.com', '465', 'ssl'),
       (4, 'Google TLS required', 'smtp', 'smtp.gmail.com', '587', 'tls'),
       (5, 'Yahoo', 'pop3', 'pop.mail.yahoo.com', '995', 'ssl'),
       (6, 'Yahoo', 'imap', 'imap.mail.yahoo.com', '993', 'ssl'),
       (7, 'Yahoo SSL required', 'smtp', 'smtp.mail.yahoo.com', '465', 'ssl'),
       (8, 'Yahoo TLS required', 'smtp', 'smtp.mail.yahoo.com', '587', 'tls'),
       (9, 'Yahoo Mail Plus', 'pop3', 'plus.pop.mail.yahoo.com', '995', 'ssl'),
       (10, 'Yahoo Mail Plus', 'imap', 'plus.imap.mail.yahoo.com', '993', 'ssl'),
       (11, 'Yahoo Mail Plus', 'smtp', 'plus.smtp.mail.yahoo.com', '465', 'ssl'),
       (12, 'Yahoo Mail UK', 'pop3', 'pop.mail.yahoo.co.uk', '995', 'ssl'),
       (13, 'Yahoo Mail UK', 'imap', 'imap.mail.yahoo.co.uk', '993', 'ssl'),
       (14, 'Yahoo Mail UK', 'smtp', 'smtp.mail.yahoo.co.uk', '465', 'ssl'),
       (15, 'Yahoo Mail AU/NZ', 'pop3', 'pop.mail.yahoo.com.au', '995', 'ssl'),
       (16, 'Yahoo Mail AU/NZ', 'imap', 'imap.mail.yahoo.au', '993', 'ssl'),
       (17, 'Yahoo Mail AU/NZ', 'smtp', 'smtp.mail.yahoo.au', '465', 'ssl'),
       (18, 'AT&T', 'pop3', 'pop.att.yahoo.com', '995', 'ssl'),
       (19, 'AT&T', 'imap', 'imap.att.yahoo.com', '993', 'ssl'),
       (20, 'AT&T', 'smtp', 'smtp.att.yahoo.com', '465', 'ssl'),
       (21, 'NTL @ntlworld.com', 'pop3', 'pop.ntlworld.com', '995', 'ssl'),
       (22, 'NTL @ntlworld.com', 'imap', 'imap.ntlworld.com', '993', 'ssl'),
       (23, 'NTL @ntlworld.com', 'smtp', 'smtp.ntlworld.com', '465', 'ssl'),
       (24, 'BT Connect', 'pop3', 'pop3.btconnect.com', '110', ''),
       (25, 'BT Connect', 'imap', 'imap4.btconnect.com', '143', ''),
       (26, 'BT Connect', 'smtp', 'smtp.btconnect.com', '25', ''),
       (27, 'O2 Deutschland', 'imap', 'imap.o2online.de', '143', ''),
       (28, 'O2 Deutschland', 'smtp', 'mail.o2online.de', '25', ''),
       (29, '1&1 (1and1)', 'imap', 'imap.1and1.com', '993', 'ssl'),
       (30, '1&1 (1and1)', 'smtp', 'smtp.1and1.com', '587', 'tls'),
       (31, 'Verizon', 'imap', 'incoming.verizon.net', '143', ''),
       (32, 'Verizon', 'smtp', 'outgoing.verizon.net', '587', ''),
       (33, 'Zoho Mail', 'imap', 'imap.zoho.com', '993', 'ssl'),
       (34, 'Zoho Mail', 'smtp', 'smtp.zoho.com', '465', 'ssl'),
       (35, 'Mail.com', 'imap', 'imap.mail.com', '993', 'ssl'),
       (36, 'Mail.com', 'smtp', 'smtp.mail.com', '465', 'ssl'),
       (37, 'GMX.com', 'imap', 'imap.gmx.com', '993', 'ssl'),
       (38, 'GMX.com', 'smtp', 'smtp.gmx.com', '465', 'ssl'),
       (39, 'Outlook.com', 'pop3', 'pop-mail.outlook.com', '995', 'ssl'),
       (40, 'Outlook.com', 'imap', 'imap-mail.outlook.com', '993', 'ssl'),
       (41, 'Outlook.com', 'smtp', 'smtp-mail.outlook.com', '587', 'tls'),
       (42, 'AOL', 'pop3', 'pop.aol.com', '110', ''),
       (43, 'AOL', 'imap', 'imap.aol.com', '143', ''),
       (44, 'AOL', 'smtp', 'smtp.aol.com', '587', ''),
       (45, 'iCloud', 'imap', 'imap.mail.me.com', '993', 'ssl'),
       (46, 'iCloud', 'smtp', 'smtp.mail.me.com', '587', 'tls'),
       (47, 'Office365.com', 'pop3', 'outlook.office365.com', '995', 'ssl'),
       (48, 'Office365.com', 'imap', 'outlook.office365.com', '993', 'ssl'),
       (49, 'Office365.com', 'smtp', 'smtp.office365.com', '587', 'tls'),
       (50, 'Hotmail', 'pop3', 'pop3.live.com', '995', 'ssl'),
       (51, 'Hotmail', 'imap', 'imap-mail.outlook.com', '993', 'ssl'),
       (52, 'Hotmail', 'smtp', 'smtp.live.com', '587', 'tls');
/*!40000 ALTER TABLE `eml_sample_server_settings`
    ENABLE KEYS */;
UNLOCK TABLES;

--
-- Table structure for table `faq`
--

DROP TABLE IF EXISTS `faq`;
/*!40101 SET @saved_cs_client = @@character_set_client */;
/*!50503 SET character_set_client = utf8mb4 */;
CREATE TABLE `faq`
(
    `faq_id`                int unsigned                        NOT NULL AUTO_INCREMENT,
    `faq_section_id`        int unsigned                                 DEFAULT NULL,
    `question`              text,
    `answer`                longtext,
    `meta_tags`             longtext,
    `featured`              enum ('Y','N')                      NOT NULL DEFAULT 'N',
    `content_type`          enum ('text','video','walkthrough') NOT NULL DEFAULT 'text',
    `order`                 int unsigned                                 DEFAULT NULL,
    `client_view`           enum ('Y','N')                      NOT NULL DEFAULT 'Y',
    `inlinemanual_topic_id` varchar(50)                                  DEFAULT NULL,
    PRIMARY KEY (`faq_id`),
    KEY `FK_faq_faq_sections` (`faq_section_id`),
    CONSTRAINT `FK_faq_faq_sections` FOREIGN KEY (`faq_section_id`) REFERENCES `faq_sections` (`faq_section_id`) ON DELETE SET NULL ON UPDATE CASCADE
) ENGINE = InnoDB
  DEFAULT CHARSET = utf8mb3;
/*!40101 SET character_set_client = @saved_cs_client */;

--
-- Dumping data for table `faq`
--

LOCK TABLES `faq` WRITE;
/*!40000 ALTER TABLE `faq`
    DISABLE KEYS */;
/*!40000 ALTER TABLE `faq`
    ENABLE KEYS */;
UNLOCK TABLES;

--
-- Table structure for table `faq_assigned_tags`
--

DROP TABLE IF EXISTS `faq_assigned_tags`;
/*!40101 SET @saved_cs_client = @@character_set_client */;
/*!50503 SET character_set_client = utf8mb4 */;
CREATE TABLE `faq_assigned_tags`
(
    `faq_id`     int unsigned NOT NULL,
    `faq_tag_id` int unsigned NOT NULL,
    UNIQUE KEY `faq_id_faq_tag_id` (`faq_id`, `faq_tag_id`),
    KEY `FK_faq_assigned_tags_faq_tags` (`faq_tag_id`),
    CONSTRAINT `FK_faq_assigned_tags_faq` FOREIGN KEY (`faq_id`) REFERENCES `faq` (`faq_id`) ON DELETE CASCADE ON UPDATE CASCADE,
    CONSTRAINT `FK_faq_assigned_tags_faq_tags` FOREIGN KEY (`faq_tag_id`) REFERENCES `faq_tags` (`faq_tag_id`) ON DELETE CASCADE ON UPDATE CASCADE
) ENGINE = InnoDB
  DEFAULT CHARSET = utf8mb3 COMMENT ='Tags assigned to the help article';
/*!40101 SET character_set_client = @saved_cs_client */;

--
-- Dumping data for table `faq_assigned_tags`
--

LOCK TABLES `faq_assigned_tags` WRITE;
/*!40000 ALTER TABLE `faq_assigned_tags`
    DISABLE KEYS */;
/*!40000 ALTER TABLE `faq_assigned_tags`
    ENABLE KEYS */;
UNLOCK TABLES;

--
-- Table structure for table `faq_context_ids`
--

DROP TABLE IF EXISTS `faq_context_ids`;
/*!40101 SET @saved_cs_client = @@character_set_client */;
/*!50503 SET character_set_client = utf8mb4 */;
CREATE TABLE `faq_context_ids`
(
    `faq_context_id`                    int unsigned NOT NULL AUTO_INCREMENT,
    `faq_context_id_text`               varchar(255) NOT NULL,
    `faq_context_id_description`        varchar(255) DEFAULT '',
    `faq_context_id_module_description` text         NOT NULL,
    PRIMARY KEY (`faq_context_id`)
) ENGINE = InnoDB
  AUTO_INCREMENT = 37
  DEFAULT CHARSET = utf8mb3 COMMENT ='Help context ids - are like groups of tags that will be used to filter articles list';
/*!40101 SET character_set_client = @saved_cs_client */;

--
-- Dumping data for table `faq_context_ids`
--

LOCK TABLES `faq_context_ids` WRITE;
/*!40000 ALTER TABLE `faq_context_ids`
    DISABLE KEYS */;
INSERT INTO `faq_context_ids`
VALUES (1, 'clients-list', 'Clients module - list of clients for search or office/queues', ''),
       (2, 'clients-profile', 'Clients - Profile or Case Details subtabs', ''),
       (3, 'clients-tasks', 'Clients - Tasks subtab', ''),
       (4, 'clients-file-notes', 'Clients - File Notes subtab', ''),
       (5, 'clients-forms', 'Clients - Forms subtab', ''),
       (6, 'clients-documents', 'Clients - Documents subtab', ''),
       (7, 'clients-checklist', 'Clients - Checklist subtab', ''),
       (8, 'clients-accounting', 'Clients - Accounting subtab', ''),
       (9, 'clients-time-log', 'Clients - Time Log subtab', ''),
       (10, 'prospects-list', 'Prospects module- prospects list', ''),
       (11, 'prospects-prospect', 'Prospects - Profile, Occupations, Business, Assessment subtabs', ''),
       (12, 'prospects-tasks', 'Prospects - Tasks subtab', ''),
       (13, 'prospects-file-notes', 'Prospects - Notes subtab', ''),
       (14, 'prospects-documents', 'Prospects - Documents subtab', ''),
       (15, 'contacts-list', 'Contacts module - list of contacts', ''),
       (16, 'contacts-profile', 'Contacts module - Profile subtab', ''),
       (17, 'marketplace-prospects-list', 'Marketplace module - prospects list', ''),
       (18, 'marketplace-prospect', 'Marketplace - Profile, Occupations, Business, Assessment subtabs', ''),
       (19, 'marketplace-file-notes', 'Marketplace - Notes subtab', ''),
       (20, 'marketplace-documents', 'Marketplace - Documents subtab', ''),
       (21, 'my-tasks', 'My Tasks module - tasks list', ''),
       (22, 'my-email', 'My Email module - email list', ''),
       (23, 'my-email-settings', 'My Email - Settings subtab', ''),
       (24, 'my-calendar', 'My Calendar module', ''),
       (25, 'my-documents', 'My Documents module- list of folders and files', ''),
       (26, 'client-templates', 'Client Templates module - list of client templates', ''),
       (27, 'client-template-details', 'Client Templates - Settings or Content subtabs', ''),
       (28, 'prospect-templates', 'Prospect Templates module - list of prospect templates', ''),
       (29, 'prospect-template-details', 'Prospect Templates - Settings or Content subtabs', ''),
       (30, 'trust-account-list', 'Client/Trust Account module - T/A list', ''),
       (31, 'trust-account-details', 'Client/Trust Account - Opened T/A tab', ''),
       (32, 'trust-account-reconciliation-report', 'Client/Trust Account - Reconciliation dialog', ''),
       (33, 'dashboard', 'Dashboard', ''),
       (34, 'officio-studio', 'Officio Studio', ''),
       (35, 'admin', 'Admin', ''),
       (36, 'form_filling', 'View, annotate, sign, fill PDF forms', '');
/*!40000 ALTER TABLE `faq_context_ids`
    ENABLE KEYS */;
UNLOCK TABLES;

--
-- Table structure for table `faq_context_ids_tags`
--

DROP TABLE IF EXISTS `faq_context_ids_tags`;
/*!40101 SET @saved_cs_client = @@character_set_client */;
/*!50503 SET character_set_client = utf8mb4 */;
CREATE TABLE `faq_context_ids_tags`
(
    `faq_context_id` int unsigned NOT NULL,
    `faq_tag_id`     int unsigned NOT NULL,
    UNIQUE KEY `faq_context_id_faq_tag_id` (`faq_context_id`, `faq_tag_id`),
    KEY `FK_faq_context_ids_tags_faq_tags` (`faq_tag_id`),
    CONSTRAINT `FK_faq_context_ids_tags_faq_context_ids` FOREIGN KEY (`faq_context_id`) REFERENCES `faq_context_ids` (`faq_context_id`) ON DELETE CASCADE ON UPDATE CASCADE,
    CONSTRAINT `FK_faq_context_ids_tags_faq_tags` FOREIGN KEY (`faq_tag_id`) REFERENCES `faq_tags` (`faq_tag_id`) ON DELETE CASCADE ON UPDATE CASCADE
) ENGINE = InnoDB
  DEFAULT CHARSET = utf8mb3 COMMENT ='Tags assigned to the help context id';
/*!40101 SET character_set_client = @saved_cs_client */;

--
-- Dumping data for table `faq_context_ids_tags`
--

LOCK TABLES `faq_context_ids_tags` WRITE;
/*!40000 ALTER TABLE `faq_context_ids_tags`
    DISABLE KEYS */;
/*!40000 ALTER TABLE `faq_context_ids_tags`
    ENABLE KEYS */;
UNLOCK TABLES;

--
-- Table structure for table `faq_sections`
--

DROP TABLE IF EXISTS `faq_sections`;
/*!40101 SET @saved_cs_client = @@character_set_client */;
/*!50503 SET character_set_client = utf8mb4 */;
CREATE TABLE `faq_sections`
(
    `faq_section_id`          int unsigned           NOT NULL AUTO_INCREMENT,
    `parent_section_id`       int unsigned                    DEFAULT NULL,
    `section_type`            enum ('help','ilearn') NOT NULL DEFAULT 'help',
    `section_name`            varchar(255)                    DEFAULT NULL,
    `section_subtitle`        varchar(255)                    DEFAULT NULL,
    `section_color`           varchar(255)                    DEFAULT NULL,
    `section_class`           varchar(255)                    DEFAULT NULL,
    `section_external_link`   varchar(255)                    DEFAULT NULL,
    `section_show_as_heading` enum ('Y','N')         NOT NULL DEFAULT 'N',
    `section_is_hidden`       enum ('Y','N')         NOT NULL DEFAULT 'N',
    `section_description`     text,
    `order`                   int unsigned                    DEFAULT NULL,
    `client_view`             enum ('Y','N')                  DEFAULT 'N',
    PRIMARY KEY (`faq_section_id`),
    KEY `FK_faq_sections_faq_sections` (`parent_section_id`),
    CONSTRAINT `FK_faq_sections_faq_sections` FOREIGN KEY (`parent_section_id`) REFERENCES `faq_sections` (`faq_section_id`)
) ENGINE = InnoDB
  DEFAULT CHARSET = utf8mb3;
/*!40101 SET character_set_client = @saved_cs_client */;

--
-- Dumping data for table `faq_sections`
--

LOCK TABLES `faq_sections` WRITE;
/*!40000 ALTER TABLE `faq_sections`
    DISABLE KEYS */;
/*!40000 ALTER TABLE `faq_sections`
    ENABLE KEYS */;
UNLOCK TABLES;

--
-- Table structure for table `faq_tags`
--

DROP TABLE IF EXISTS `faq_tags`;
/*!40101 SET @saved_cs_client = @@character_set_client */;
/*!50503 SET character_set_client = utf8mb4 */;
CREATE TABLE `faq_tags`
(
    `faq_tag_id`   int unsigned NOT NULL AUTO_INCREMENT,
    `faq_tag_text` varchar(255) NOT NULL DEFAULT '',
    PRIMARY KEY (`faq_tag_id`)
) ENGINE = InnoDB
  DEFAULT CHARSET = utf8mb3 COMMENT ='Help tags - used for help articles and context ids';
/*!40101 SET character_set_client = @saved_cs_client */;

--
-- Dumping data for table `faq_tags`
--

LOCK TABLES `faq_tags` WRITE;
/*!40000 ALTER TABLE `faq_tags`
    DISABLE KEYS */;
/*!40000 ALTER TABLE `faq_tags`
    ENABLE KEYS */;
UNLOCK TABLES;

--
-- Table structure for table `field_types`
--

DROP TABLE IF EXISTS `field_types`;
/*!40101 SET @saved_cs_client = @@character_set_client */;
/*!50503 SET character_set_client = utf8mb4 */;
CREATE TABLE `field_types`
(
    `field_type_id`                    int unsigned                 NOT NULL AUTO_INCREMENT,
    `field_type_text_id`               varchar(255)                          DEFAULT NULL,
    `field_type_text_aliases`          varchar(255)                          DEFAULT NULL,
    `field_type_label`                 varchar(255)                          DEFAULT NULL,
    `field_type_can_be_used_in_search` enum ('Y','N')               NOT NULL DEFAULT 'N',
    `field_type_can_be_encrypted`      enum ('Y','N')               NOT NULL DEFAULT 'N',
    `field_type_with_max_length`       enum ('Y','N')               NOT NULL DEFAULT 'N',
    `field_type_with_options`          enum ('Y','N')               NOT NULL DEFAULT 'N',
    `field_type_with_default_value`    enum ('Y','N')               NOT NULL DEFAULT 'N',
    `field_type_with_custom_height`    enum ('Y','N')               NOT NULL DEFAULT 'N',
    `field_type_use_for`               enum ('case','all','others') NOT NULL DEFAULT 'all',
    PRIMARY KEY (`field_type_id`)
) ENGINE = InnoDB
  AUTO_INCREMENT = 49
  DEFAULT CHARSET = utf8mb3 COMMENT ='Contains client and case field types.';
/*!40101 SET character_set_client = @saved_cs_client */;

--
-- Dumping data for table `field_types`
--

LOCK TABLES `field_types` WRITE;
/*!40000 ALTER TABLE `field_types`
    DISABLE KEYS */;
INSERT INTO `field_types`
VALUES (1, 'text', NULL, 'Text', 'Y', 'Y', 'Y', 'N', 'Y', 'N', 'all'),
       (2, 'password', NULL, 'Password', 'N', 'N', 'Y', 'N', 'N', 'N', 'all'),
       (3, 'combo', 'select, combobox', 'Select box', 'Y', 'N', 'N', 'Y', 'N', 'N', 'all'),
       (4, 'country', NULL, 'Country', 'Y', 'N', 'N', 'N', 'N', 'N', 'all'),
       (5, 'number', NULL, 'Number', 'Y', 'Y', 'Y', 'N', 'Y', 'N', 'all'),
       (6, 'radio', NULL, 'Radio buttons', 'N', 'N', 'N', 'Y', 'N', 'N', 'all'),
       (7, 'checkbox', NULL, 'Checkbox', 'N', 'N', 'N', 'N', 'N', 'N', 'all'),
       (8, 'date', NULL, 'Date picker', 'Y', 'Y', 'N', 'N', 'Y', 'N', 'all'),
       (9, 'email', NULL, 'Email', 'Y', 'Y', 'N', 'N', 'N', 'N', 'all'),
       (10, 'phone', 'fax', 'Phone/Fax', 'Y', 'Y', 'N', 'N', 'Y', 'N', 'all'),
       (11, 'memo', NULL, 'Memo', 'Y', 'Y', 'N', 'N', 'N', 'Y', 'all'),
       (12, 'agents', 'agent_id, agent', 'Agents', 'Y', 'N', 'N', 'N', 'Y', 'N', 'all'),
       (13, 'office', 'division', '%office_label%', 'Y', 'N', 'N', 'Y', 'N', 'N', 'all'),
       (14, 'assigned_to', 'assigned', 'Assigned to', 'Y', 'N', 'N', 'N', 'N', 'N', 'all'),
       (15, 'date_repeatable', 'rdate', 'Repeatable Date picker', 'Y', 'Y', 'N', 'N', 'Y', 'N', 'all'),
       (16, 'photo', 'image', 'Photo', 'N', 'N', 'N', 'Y', 'N', 'N', 'all'),
       (17, 'file', NULL, 'File', 'N', 'N', 'N', 'Y', 'N', 'N', 'all'),
       (18, 'employee', NULL, 'Employee', 'N', 'N', 'N', 'N', 'N', 'N', 'case'),
       (19, 'employer_contacts', NULL, 'Employer Contacts', 'N', 'N', 'N', 'N', 'N', 'N', 'case'),
       (20, 'employer_engagements', NULL, 'Employer Engagements', 'N', 'N', 'N', 'N', 'N', 'N', 'case'),
       (21, 'employer_legal_entities', NULL, 'Employer Legal Entities', 'N', 'N', 'N', 'N', 'N', 'N', 'case'),
       (22, 'employer_locations', NULL, 'Employer Locations', 'N', 'N', 'N', 'N', 'N', 'N', 'case'),
       (23, 'employer_third_party_representatives', NULL, 'Employer Third Party Representatives', 'N', 'N', 'N', 'N', 'N', 'N', 'case'),
       (24, 'office_multi', NULL, '%office_label% (multiple)', 'N', 'N', 'N', 'Y', 'N', 'N', 'others'),
       (25, 'contact_sales_agent', NULL, 'Sales Agent', 'N', 'N', 'N', 'N', 'N', 'N', 'case'),
       (26, 'immigration_office', 'visa_office', 'Immigration Offices', 'N', 'N', 'N', 'N', 'N', 'N', 'case'),
       (27, 'staff_responsible_rma', NULL, 'Authorized Representative', 'N', 'N', 'N', 'N', 'N', 'N', 'case'),
       (28, 'active_users', NULL, 'Active Users', 'Y', 'N', 'N', 'N', 'N', 'N', 'case'),
       (30, 'categories', NULL, 'Subclasses', 'Y', 'N', 'N', 'N', 'N', 'N', 'case'),
       (31, 'list_of_occupations', NULL, 'List of Occupations', 'Y', 'N', 'N', 'N', 'N', 'N', 'case'),
       (32, 'related_case_selection', NULL, 'Related Case Selection', 'N', 'N', 'N', 'N', 'N', 'N', 'case'),
       (33, 'office_change_date_time', NULL, '%office_label% change date/time', 'N', 'Y', 'N', 'N', 'N', 'N', 'others'),
       (34, 'multiple_text_fields', NULL, 'Multiple Text Fields', 'Y', 'N', 'N', 'N', 'N', 'N', 'all'),
       (35, 'auto_calculated', NULL, 'Auto calculated field', 'Y', 'N', 'N', 'Y', 'N', 'N', 'all'),
       (36, 'html_editor', NULL, 'HTML Editor', 'Y', 'Y', 'N', 'N', 'N', 'Y', 'all'),
       (37, 'kskeydid', NULL, 'KSKEYdId', 'Y', 'Y', 'N', 'N', 'N', 'N', 'case'),
       (38, 'case_internal_id', NULL, 'Case Internal Id', 'Y', 'Y', 'N', 'N', 'N', 'N', 'case'),
       (39, 'applicant_internal_id', NULL, 'Applicant Internal Id', 'Y', 'Y', 'N', 'N', 'N', 'N', 'all'),
       (40, 'multiple_combo', NULL, 'Multiple Select Box', 'Y', 'N', 'N', 'Y', 'N', 'N', 'all'),
       (41, 'bcpnp_nomination_certificate_number', NULL, 'BC PNP Nomination Certificate Number', 'Y', 'Y', 'N', 'N', 'N', 'N', 'case'),
       (42, 'reference', NULL, 'Reference', 'Y', 'Y', 'N', 'N', 'N', 'N', 'all'),
       (43, 'authorized_agents', NULL, 'Authorized Agent', 'Y', 'Y', 'N', 'N', 'N', 'N', 'case'),
       (44, 'hyperlink', NULL, 'Hyperlink', 'Y', 'N', 'N', 'N', 'Y', 'N', 'all'),
       (45, 'case_type', NULL, 'Case Type / Immigration Program', 'N', 'N', 'N', 'N', 'N', 'N', 'case'),
       (46, 'case_status', NULL, 'Case Status', 'Y', 'N', 'N', 'N', 'N', 'N', 'case'),
       (47, 'client_referrals', NULL, 'Client Referrals', 'N', 'N', 'N', 'N', 'N', 'N', 'all'),
       (48, 'client_profile_id', NULL, 'Client Profile ID', 'Y', 'Y', 'N', 'N', 'N', 'N', 'all');
/*!40000 ALTER TABLE `field_types`
    ENABLE KEYS */;
UNLOCK TABLES;

--
-- Table structure for table `file_number_reservations`
--

DROP TABLE IF EXISTS `file_number_reservations`;
/*!40101 SET @saved_cs_client = @@character_set_client */;
/*!50503 SET character_set_client = utf8mb4 */;
CREATE TABLE `file_number_reservations`
(
    `id`          int unsigned NOT NULL AUTO_INCREMENT,
    `company_id`  bigint       NOT NULL,
    `file_number` varchar(32)  NOT NULL,
    `reserved_on` int          NOT NULL,
    `increment`   int DEFAULT NULL,
    PRIMARY KEY (`id`),
    UNIQUE KEY `file_number` (`company_id`, `file_number`),
    CONSTRAINT `FK_file_number_reservations_company` FOREIGN KEY (`company_id`) REFERENCES `company` (`company_id`) ON DELETE CASCADE ON UPDATE CASCADE
) ENGINE = InnoDB
  DEFAULT CHARSET = utf8mb3 COMMENT ='Contains company reserved case file numbers.';
/*!40101 SET character_set_client = @saved_cs_client */;

--
-- Dumping data for table `file_number_reservations`
--

LOCK TABLES `file_number_reservations` WRITE;
/*!40000 ALTER TABLE `file_number_reservations`
    DISABLE KEYS */;
/*!40000 ALTER TABLE `file_number_reservations`
    ENABLE KEYS */;
UNLOCK TABLES;

--
-- Table structure for table `folder_access`
--

DROP TABLE IF EXISTS `folder_access`;
/*!40101 SET @saved_cs_client = @@character_set_client */;
/*!50503 SET character_set_client = utf8mb4 */;
CREATE TABLE `folder_access`
(
    `folder_id` int unsigned    DEFAULT NULL,
    `role_id`   int             DEFAULT NULL,
    `access`    enum ('R','RW') DEFAULT NULL,
    KEY `FK_folder_access_u_folders` (`folder_id`),
    KEY `FK_folder_access_acl_roles` (`role_id`),
    CONSTRAINT `FK_folder_access_acl_roles` FOREIGN KEY (`role_id`) REFERENCES `acl_roles` (`role_id`) ON DELETE CASCADE ON UPDATE CASCADE,
    CONSTRAINT `FK_folder_access_u_folders` FOREIGN KEY (`folder_id`) REFERENCES `u_folders` (`folder_id`) ON DELETE CASCADE ON UPDATE CASCADE
) ENGINE = InnoDB
  DEFAULT CHARSET = utf8mb3;
/*!40101 SET character_set_client = @saved_cs_client */;

--
-- Dumping data for table `folder_access`
--

LOCK TABLES `folder_access` WRITE;
/*!40000 ALTER TABLE `folder_access`
    DISABLE KEYS */;
INSERT INTO `folder_access`
VALUES (7179, 4817, 'R'),
       (7170, 4816, 'RW'),
       (7179, 4816, 'RW'),
       (7177, 4816, 'RW'),
       (7176, 4816, 'RW'),
       (7175, 4816, 'RW'),
       (7174, 4816, 'RW'),
       (7190, 4817, 'R'),
       (7191, 4816, 'RW'),
       (7183, 4816, 'RW'),
       (7189, 4816, 'RW'),
       (7181, 4816, 'RW'),
       (7184, 4816, 'RW'),
       (7182, 4816, 'RW'),
       (7187, 4816, 'RW'),
       (7190, 4816, 'RW'),
       (7189, 4822, 'RW'),
       (7189, 4817, 'RW'),
       (7214, 4932, 'R'),
       (7209, 4929, 'RW'),
       (7214, 4929, 'RW'),
       (7213, 4929, 'RW'),
       (7212, 4929, 'RW'),
       (7211, 4929, 'RW'),
       (7210, 4929, 'RW');
/*!40000 ALTER TABLE `folder_access`
    ENABLE KEYS */;
UNLOCK TABLES;

--
-- Table structure for table `folder_access_by_division`
--

DROP TABLE IF EXISTS `folder_access_by_division`;
/*!40101 SET @saved_cs_client = @@character_set_client */;
/*!50503 SET character_set_client = utf8mb4 */;
CREATE TABLE `folder_access_by_division`
(
    `division_id` int unsigned       NOT NULL,
    `folder_name` char(255)                   DEFAULT NULL,
    `access`      enum ('R','RW','') NOT NULL DEFAULT '',
    KEY `division_id_folder_name` (`division_id`, `folder_name`),
    CONSTRAINT `FK_folder_access_by_office_divisions` FOREIGN KEY (`division_id`) REFERENCES `divisions` (`division_id`) ON DELETE CASCADE ON UPDATE CASCADE
) ENGINE = InnoDB
  DEFAULT CHARSET = utf8mb3 COMMENT ='Access rights to specific client folders based on offices';
/*!40101 SET character_set_client = @saved_cs_client */;

--
-- Dumping data for table `folder_access_by_division`
--

LOCK TABLES `folder_access_by_division` WRITE;
/*!40000 ALTER TABLE `folder_access_by_division`
    DISABLE KEYS */;
/*!40000 ALTER TABLE `folder_access_by_division`
    ENABLE KEYS */;
UNLOCK TABLES;

--
-- Table structure for table `form_assigned`
--

DROP TABLE IF EXISTS `form_assigned`;
/*!40101 SET @saved_cs_client = @@character_set_client */;
/*!50503 SET character_set_client = utf8mb4 */;
CREATE TABLE `form_assigned`
(
    `form_assigned_id` int unsigned   NOT NULL AUTO_INCREMENT,
    `client_member_id` bigint         NOT NULL,
    `family_member_id` enum ('main_applicant','sponsor','employer','spouse','parent1','parent2','parent3','parent4','sibling1','sibling2','sibling3','sibling4','sibling5','child1','child2','child3','child4','child5','child6','child7','child8','child9','child10','other1','other2') DEFAULT 'main_applicant',
    `form_version_id`  int unsigned   NOT NULL,
    `use_revision`     enum ('Y','N') NOT NULL                                                                                                                                                                                                                                           DEFAULT 'N',
    `assign_date`      datetime       NOT NULL,
    `assign_by`        bigint         NOT NULL,
    `completed_date`   datetime                                                                                                                                                                                                                                                          DEFAULT NULL,
    `finalized_date`   datetime                                                                                                                                                                                                                                                          DEFAULT NULL,
    `updated_by`       bigint                                                                                                                                                                                                                                                            DEFAULT NULL,
    `form_status`      tinyint(1)     NOT NULL                                                                                                                                                                                                                                           DEFAULT '0',
    `form_settings`    text,
    `assign_alias`     varchar(255)                                                                                                                                                                                                                                                      DEFAULT NULL,
    `last_update_date` datetime                                                                                                                                                                                                                                                          DEFAULT NULL,
    PRIMARY KEY (`form_assigned_id`),
    KEY `FK_FormAssigned_members` (`client_member_id`),
    KEY `FK_FormAssigned_FormVersion` (`form_version_id`),
    CONSTRAINT `FK_FormAssigned_FormVersion` FOREIGN KEY (`form_version_id`) REFERENCES `form_version` (`form_version_id`) ON DELETE CASCADE ON UPDATE CASCADE,
    CONSTRAINT `FK_FormAssigned_members` FOREIGN KEY (`client_member_id`) REFERENCES `members` (`member_id`) ON DELETE CASCADE ON UPDATE CASCADE
) ENGINE = InnoDB
  DEFAULT CHARSET = utf8mb3;
/*!40101 SET character_set_client = @saved_cs_client */;

--
-- Dumping data for table `form_assigned`
--

LOCK TABLES `form_assigned` WRITE;
/*!40000 ALTER TABLE `form_assigned`
    DISABLE KEYS */;
/*!40000 ALTER TABLE `form_assigned`
    ENABLE KEYS */;
UNLOCK TABLES;

--
-- Table structure for table `form_default`
--

DROP TABLE IF EXISTS `form_default`;
/*!40101 SET @saved_cs_client = @@character_set_client */;
/*!50503 SET character_set_client = utf8mb4 */;
CREATE TABLE `form_default`
(
    `form_default_id` int unsigned NOT NULL AUTO_INCREMENT,
    `company_id`      bigint       NOT NULL,
    `form_version_id` int unsigned NOT NULL,
    `updated_by`      bigint   DEFAULT NULL,
    `updated_on`      datetime DEFAULT NULL,
    PRIMARY KEY (`form_default_id`),
    KEY `FK_form_default_company` (`company_id`),
    KEY `FK_form_default_members` (`updated_by`),
    KEY `FK_form_default_FormVersion` (`form_version_id`),
    CONSTRAINT `FK_form_default_company` FOREIGN KEY (`company_id`) REFERENCES `company` (`company_id`) ON DELETE CASCADE ON UPDATE CASCADE,
    CONSTRAINT `FK_form_default_FormVersion` FOREIGN KEY (`form_version_id`) REFERENCES `form_version` (`form_version_id`) ON DELETE CASCADE ON UPDATE CASCADE,
    CONSTRAINT `FK_form_default_members` FOREIGN KEY (`updated_by`) REFERENCES `members` (`member_id`) ON DELETE SET NULL ON UPDATE CASCADE
) ENGINE = InnoDB
  DEFAULT CHARSET = utf8mb3;
/*!40101 SET character_set_client = @saved_cs_client */;

--
-- Dumping data for table `form_default`
--

LOCK TABLES `form_default` WRITE;
/*!40000 ALTER TABLE `form_default`
    DISABLE KEYS */;
/*!40000 ALTER TABLE `form_default`
    ENABLE KEYS */;
UNLOCK TABLES;

--
-- Table structure for table `form_folder`
--

DROP TABLE IF EXISTS `form_folder`;
/*!40101 SET @saved_cs_client = @@character_set_client */;
/*!50503 SET character_set_client = utf8mb4 */;
CREATE TABLE `form_folder`
(
    `folder_id`   int unsigned NOT NULL AUTO_INCREMENT,
    `parent_id`   int unsigned NOT NULL,
    `folder_name` varchar(255) NOT NULL,
    PRIMARY KEY (`folder_id`)
) ENGINE = InnoDB
  AUTO_INCREMENT = 61
  DEFAULT CHARSET = utf8mb3;
/*!40101 SET character_set_client = @saved_cs_client */;

--
-- Dumping data for table `form_folder`
--

LOCK TABLES `form_folder` WRITE;
/*!40000 ALTER TABLE `form_folder`
    DISABLE KEYS */;
INSERT INTO `form_folder`
VALUES (3, 1, 'Citizenship'),
       (4, 1, 'HRSDC'),
       (5, 4, 'E-LMO'),
       (6, 1, 'In-land'),
       (7, 1, 'Miscellaneous'),
       (8, 1, 'Overseas'),
       (9, 1, 'PNP'),
       (10, 9, 'AB'),
       (11, 9, 'BC'),
       (12, 9, 'MB'),
       (13, 9, 'NB'),
       (14, 9, 'NF'),
       (15, 9, 'NS'),
       (16, 9, 'ON'),
       (17, 9, 'PEI'),
       (18, 9, 'SK'),
       (19, 9, 'YN'),
       (20, 1, 'Quebec'),
       (21, 1, 'Refugee'),
       (22, 1, 'Sponsorship'),
       (23, 2, 'Federal'),
       (24, 2, 'Quebec'),
       (25, 1, 'Citizenship Applications'),
       (26, 1, 'Immigration Applications Outside Canada'),
       (27, 1, 'Immigration Applications Inside Canada'),
       (31, 2, 'Citizenship'),
       (32, 2, 'In-land'),
       (33, 2, 'Miscellaneous'),
       (34, 2, 'Overseas'),
       (35, 2, 'Sponsorship'),
       (36, 2, 'Checklists'),
       (37, 2, 'HRSDC'),
       (38, 22, 'Checklists'),
       (39, 1, 'Post-specific forms'),
       (40, 39, 'India'),
       (41, 39, 'Nigeria'),
       (42, 2, 'Refugee'),
       (45, 10, 'Checklists'),
       (46, 12, 'Checklists'),
       (47, 44, 'test'),
       (48, 43, 'Agent Forms'),
       (49, 43, 'Business Application Forms'),
       (50, 43, 'Citizenship Forms'),
       (51, 43, 'Employer-Nomination-Sponsorship'),
       (52, 43, 'Family Application'),
       (53, 43, 'Miscellaneous'),
       (54, 43, 'Permanent Visa Forms'),
       (55, 43, 'Post-Lodgement'),
       (56, 43, 'Questionnaires'),
       (57, 43, 'Review Forms'),
       (58, 43, 'State Territory-Regional Forms Applications'),
       (59, 43, 'Temporary Stay Visa Forms'),
       (60, 0, 'BCPNP');
/*!40000 ALTER TABLE `form_folder`
    ENABLE KEYS */;
UNLOCK TABLES;

--
-- Table structure for table `form_landing`
--

DROP TABLE IF EXISTS `form_landing`;
/*!40101 SET @saved_cs_client = @@character_set_client */;
/*!50503 SET character_set_client = utf8mb4 */;
CREATE TABLE `form_landing`
(
    `folder_id`   int unsigned NOT NULL AUTO_INCREMENT,
    `parent_id`   int unsigned DEFAULT NULL,
    `folder_name` varchar(255) NOT NULL,
    PRIMARY KEY (`folder_id`)
) ENGINE = InnoDB
  AUTO_INCREMENT = 71
  DEFAULT CHARSET = utf8mb3;
/*!40101 SET character_set_client = @saved_cs_client */;

--
-- Dumping data for table `form_landing`
--

LOCK TABLES `form_landing` WRITE;
/*!40000 ALTER TABLE `form_landing`
    DISABLE KEYS */;
INSERT INTO `form_landing`
VALUES (1, 0, 'Government Forms'),
       (70, 0, 'Questionnaires');
/*!40000 ALTER TABLE `form_landing`
    ENABLE KEYS */;
UNLOCK TABLES;

--
-- Table structure for table `form_map`
--

DROP TABLE IF EXISTS `form_map`;
/*!40101 SET @saved_cs_client = @@character_set_client */;
/*!50503 SET character_set_client = utf8mb4 */;
CREATE TABLE `form_map`
(
    `form_map_id`                 int unsigned NOT NULL AUTO_INCREMENT,
    `from_family_member_id`       enum ('main_applicant','sponsor','employer','spouse','parent1','parent2','parent3','parent4','sibling1','sibling2','sibling3','sibling4','sibling5','child1','child2','child3','child4','child5','child6','child7','child8','child9','child10','other1','other2') DEFAULT 'main_applicant',
    `from_syn_field_id`           int unsigned NOT NULL,
    `to_family_member_id`         enum ('main_applicant','sponsor','employer','spouse','parent1','parent2','parent3','parent4','sibling1','sibling2','sibling3','sibling4','sibling5','child1','child2','child3','child4','child5','child6','child7','child8','child9','child10','other1','other2') DEFAULT 'main_applicant',
    `to_syn_field_id`             int unsigned NOT NULL,
    `to_profile_family_member_id` enum ('main_applicant','sponsor','employer','spouse','parent1','parent2','parent3','parent4','sibling1','sibling2','sibling3','sibling4','sibling5','child1','child2','child3','child4','child5','child6','child7','child8','child9','child10','other1','other2') DEFAULT 'main_applicant',
    `to_profile_field_id`         varchar(255) NOT NULL,
    `form_map_type`               varchar(255)                                                                                                                                                                                                                                                      DEFAULT NULL,
    `parent_member_type`          int unsigned NOT NULL                                                                                                                                                                                                                                             DEFAULT '3',
    PRIMARY KEY (`form_map_id`),
    KEY `FK_FormMap_FormSynField` (`from_syn_field_id`),
    KEY `FK_FormMap_FormSynField_2` (`to_syn_field_id`),
    KEY `FK_formMap_members_types` (`parent_member_type`),
    CONSTRAINT `FK_FormMap_FormSynField` FOREIGN KEY (`from_syn_field_id`) REFERENCES `form_syn_field` (`syn_field_id`) ON DELETE CASCADE ON UPDATE CASCADE,
    CONSTRAINT `FK_FormMap_FormSynField_2` FOREIGN KEY (`to_syn_field_id`) REFERENCES `form_syn_field` (`syn_field_id`) ON DELETE CASCADE ON UPDATE CASCADE,
    CONSTRAINT `FK_formMap_members_types` FOREIGN KEY (`parent_member_type`) REFERENCES `members_types` (`member_type_id`) ON DELETE CASCADE ON UPDATE CASCADE
) ENGINE = InnoDB
  AUTO_INCREMENT = 414
  DEFAULT CHARSET = utf8mb3;
/*!40101 SET character_set_client = @saved_cs_client */;

--
-- Dumping data for table `form_map`
--

LOCK TABLES `form_map` WRITE;
/*!40000 ALTER TABLE `form_map`
    DISABLE KEYS */;
INSERT INTO `form_map`
VALUES (1, 'main_applicant', 1, 'main_applicant', 1, 'main_applicant', 'lName', NULL, 8),
       (2, 'main_applicant', 1, 'main_applicant', 1, 'main_applicant', 'lName', NULL, 8),
       (3, 'main_applicant', 2, 'main_applicant', 2, 'main_applicant', 'fName', NULL, 3),
       (4, 'main_applicant', 2, 'main_applicant', 2, 'main_applicant', 'fName', NULL, 3),
       (5, 'main_applicant', 3, 'main_applicant', 3, 'main_applicant', 'DOB', NULL, 3),
       (6, 'main_applicant', 3, 'main_applicant', 3, 'main_applicant', 'DOB', NULL, 3),
       (7, 'main_applicant', 4, 'main_applicant', 4, 'main_applicant', 'country_of_passport', NULL, 3),
       (8, 'main_applicant', 4, 'main_applicant', 4, 'main_applicant', 'country_of_passport', NULL, 3),
       (9, 'main_applicant', 24, 'main_applicant', 24, 'main_applicant', 'passport_number', NULL, 3),
       (10, 'main_applicant', 24, 'main_applicant', 24, 'main_applicant', 'passport_number', NULL, 3),
       (11, 'main_applicant', 5, 'main_applicant', 5, 'main_applicant', 'phone', NULL, 3),
       (12, 'main_applicant', 5, 'main_applicant', 5, 'main_applicant', 'phone', NULL, 3),
       (13, 'main_applicant', 6, 'main_applicant', 6, 'main_applicant', 'emailAddress', NULL, 3),
       (14, 'main_applicant', 6, 'main_applicant', 6, 'main_applicant', 'emailAddress', NULL, 3),
       (15, 'main_applicant', 7, 'main_applicant', 7, 'main_applicant', 'address_1', NULL, 8),
       (16, 'main_applicant', 7, 'main_applicant', 7, 'main_applicant', 'address_1', NULL, 8),
       (17, 'main_applicant', 8, 'main_applicant', 8, 'main_applicant', 'city', NULL, 8),
       (18, 'main_applicant', 8, 'main_applicant', 8, 'main_applicant', 'city', NULL, 8),
       (19, 'main_applicant', 9, 'main_applicant', 9, 'main_applicant', 'state', NULL, 8),
       (20, 'main_applicant', 9, 'main_applicant', 9, 'main_applicant', 'state', NULL, 8),
       (21, 'main_applicant', 10, 'main_applicant', 10, 'main_applicant', 'country', NULL, 8),
       (22, 'main_applicant', 10, 'main_applicant', 10, 'main_applicant', 'country', NULL, 8),
       (23, 'main_applicant', 11, 'main_applicant', 11, 'main_applicant', 'zip_code', NULL, 8),
       (24, 'main_applicant', 11, 'main_applicant', 11, 'main_applicant', 'zip_code', NULL, 8),
       (25, 'main_applicant', 12, 'main_applicant', 12, 'main_applicant', 'PropInvest_Total', NULL, 3),
       (26, 'main_applicant', 12, 'main_applicant', 12, 'main_applicant', 'PropInvest_Total', NULL, 3),
       (27, 'main_applicant', 13, 'main_applicant', 13, 'main_applicant', 'Partner_InvestTotal', NULL, 3),
       (28, 'main_applicant', 13, 'main_applicant', 13, 'main_applicant', 'Partner_InvestTotal', NULL, 3),
       (29, 'main_applicant', 14, 'main_applicant', 14, 'main_applicant', 'JobsTotal', NULL, 3),
       (30, 'main_applicant', 14, 'main_applicant', 14, 'main_applicant', 'JobsTotal', NULL, 3),
       (31, 'main_applicant', 15, 'main_applicant', 15, 'main_applicant', 'BusPropType', NULL, 3),
       (32, 'main_applicant', 15, 'main_applicant', 15, 'main_applicant', 'BusPropType', NULL, 3),
       (33, 'main_applicant', 16, 'main_applicant', 16, 'main_applicant', 'BusOwnerPercent', NULL, 3),
       (34, 'main_applicant', 16, 'main_applicant', 16, 'main_applicant', 'BusOwnerPercent', NULL, 3),
       (35, 'main_applicant', 17, 'main_applicant', 17, 'main_applicant', 'BusRegionDist', NULL, 3),
       (36, 'main_applicant', 17, 'main_applicant', 17, 'main_applicant', 'BusRegionDist', NULL, 3),
       (37, 'main_applicant', 18, 'main_applicant', 18, 'main_applicant', 'BusMunicipality', NULL, 3),
       (38, 'main_applicant', 18, 'main_applicant', 18, 'main_applicant', 'BusMunicipality', NULL, 3),
       (39, 'main_applicant', 19, 'main_applicant', 19, 'main_applicant', 'BusNAICS', NULL, 3),
       (40, 'main_applicant', 19, 'main_applicant', 19, 'main_applicant', 'BusNAICS', NULL, 3),
       (41, 'main_applicant', 20, 'main_applicant', 20, 'main_applicant', 'BusRoleNOC', NULL, 3),
       (42, 'main_applicant', 20, 'main_applicant', 20, 'main_applicant', 'BusRoleNOC', NULL, 3),
       (57, 'main_applicant', 26, 'main_applicant', 26, 'main_applicant', 'sex', NULL, 3),
       (58, 'main_applicant', 26, 'main_applicant', 26, 'main_applicant', 'sex', NULL, 3),
       (59, 'main_applicant', 27, 'main_applicant', 27, 'main_applicant', 'country_of_citizenship', NULL, 3),
       (60, 'main_applicant', 27, 'main_applicant', 27, 'main_applicant', 'country_of_citizenship', NULL, 3),
       (69, 'main_applicant', 30, 'main_applicant', 30, 'main_applicant', 'inCanadaStatus', NULL, 3),
       (70, 'main_applicant', 30, 'main_applicant', 30, 'main_applicant', 'inCanadaStatus', NULL, 3),
       (71, 'main_applicant', 28, 'main_applicant', 28, 'main_applicant', 'intendedResidence', NULL, 3),
       (72, 'main_applicant', 28, 'main_applicant', 28, 'main_applicant', 'intendedResidence', NULL, 3),
       (73, 'main_applicant', 29, 'main_applicant', 29, 'main_applicant', 'inCanada', NULL, 3),
       (74, 'main_applicant', 29, 'main_applicant', 29, 'main_applicant', 'inCanada', NULL, 3),
       (75, 'main_applicant', 35, 'main_applicant', 35, 'main_applicant', 'nativeLanguage', NULL, 3),
       (76, 'main_applicant', 35, 'main_applicant', 35, 'main_applicant', 'nativeLanguage', NULL, 3),
       (77, 'main_applicant', 36, 'main_applicant', 36, 'main_applicant', 'freqLanguage', NULL, 3),
       (78, 'main_applicant', 36, 'main_applicant', 36, 'main_applicant', 'freqLanguage', NULL, 3),
       (79, 'main_applicant', 37, 'main_applicant', 37, 'main_applicant', 'learnedAboutBCPNP', NULL, 3),
       (80, 'main_applicant', 37, 'main_applicant', 37, 'main_applicant', 'learnedAboutBCPNP', NULL, 3),
       (81, 'main_applicant', 38, 'main_applicant', 38, 'main_applicant', 'postSecEdLevel', NULL, 3),
       (82, 'main_applicant', 38, 'main_applicant', 38, 'main_applicant', 'postSecEdLevel', NULL, 3),
       (83, 'main_applicant', 31, 'main_applicant', 31, 'main_applicant', 'studyPermitID', NULL, 3),
       (84, 'main_applicant', 31, 'main_applicant', 31, 'main_applicant', 'studyPermitID', NULL, 3),
       (85, 'main_applicant', 32, 'main_applicant', 32, 'main_applicant', 'studyPermitValidUntil', NULL, 3),
       (86, 'main_applicant', 32, 'main_applicant', 32, 'main_applicant', 'studyPermitValidUntil', NULL, 3),
       (91, 'main_applicant', 34, 'main_applicant', 34, 'main_applicant', 'workPermitValid', NULL, 3),
       (92, 'main_applicant', 34, 'main_applicant', 34, 'main_applicant', 'workPermitValid', NULL, 3),
       (93, 'main_applicant', 33, 'main_applicant', 33, 'main_applicant', 'workPermitID', NULL, 3),
       (94, 'main_applicant', 33, 'main_applicant', 33, 'main_applicant', 'workPermitID', NULL, 3),
       (95, 'main_applicant', 25, 'main_applicant', 25, 'main_applicant', 'sponsorship_subclass', NULL, 3),
       (96, 'main_applicant', 25, 'main_applicant', 25, 'main_applicant', 'sponsorship_subclass', NULL, 3),
       (97, 'main_applicant', 39, 'main_applicant', 39, 'main_applicant', 'passport_issue_date', NULL, 3),
       (98, 'main_applicant', 39, 'main_applicant', 39, 'main_applicant', 'passport_issue_date', NULL, 3),
       (99, 'main_applicant', 40, 'main_applicant', 40, 'main_applicant', 'passport_expiry_date', NULL, 3),
       (100, 'main_applicant', 40, 'main_applicant', 40, 'main_applicant', 'passport_expiry_date', NULL, 3),
       (104, 'main_applicant', 44, 'main_applicant', 44, 'main_applicant', 'postSecEdLevelCan', NULL, 3),
       (105, 'main_applicant', 45, 'main_applicant', 45, 'main_applicant', 'famMembers', NULL, 3),
       (106, 'main_applicant', 46, 'main_applicant', 46, 'main_applicant', 'maritalStatus', NULL, 3),
       (107, 'main_applicant', 47, 'main_applicant', 47, 'main_applicant', 'jobOfferCompLegalName', NULL, 3),
       (108, 'main_applicant', 48, 'main_applicant', 48, 'main_applicant', 'jobOfferCompOpName', NULL, 3),
       (109, 'main_applicant', 49, 'main_applicant', 49, 'main_applicant', 'jobOfferCompMailCity', NULL, 3),
       (110, 'main_applicant', 50, 'main_applicant', 50, 'main_applicant', 'jobOfferCompBusCity', NULL, 3),
       (111, 'main_applicant', 51, 'main_applicant', 51, 'main_applicant', 'jobOfferContLName', NULL, 3),
       (112, 'main_applicant', 52, 'main_applicant', 52, 'main_applicant', 'jobOfferContFName', NULL, 3),
       (113, 'main_applicant', 53, 'main_applicant', 53, 'main_applicant', 'jobOfferContTitle', NULL, 3),
       (114, 'main_applicant', 54, 'main_applicant', 54, 'main_applicant', 'jobOfferContEmail', NULL, 3),
       (115, 'main_applicant', 55, 'main_applicant', 55, 'main_applicant', 'jobOfferCompEmplNo', NULL, 3),
       (116, 'main_applicant', 56, 'main_applicant', 56, 'main_applicant', 'jobOfferCompSector', NULL, 3),
       (117, 'main_applicant', 57, 'main_applicant', 57, 'main_applicant', 'jobOfferTitle', NULL, 3),
       (118, 'main_applicant', 58, 'main_applicant', 58, 'main_applicant', 'jobOfferNOC', NULL, 3),
       (119, 'main_applicant', 59, 'main_applicant', 59, 'main_applicant', 'jobOfferHourlyWage', NULL, 3),
       (120, 'main_applicant', 60, 'main_applicant', 60, 'main_applicant', 'jobOfferAnnualWage', NULL, 3),
       (121, 'main_applicant', 61, 'main_applicant', 61, 'main_applicant', 'jobOfferHoursPerWeek', NULL, 3),
       (122, 'main_applicant', 62, 'main_applicant', 62, 'main_applicant', 'jobOfferCity', NULL, 3),
       (123, 'main_applicant', 63, 'main_applicant', 63, 'main_applicant', 'jobOfferPostal', NULL, 3),
       (138, 'main_applicant', 64, 'main_applicant', 64, 'main_applicant', 'ee_profile_number', NULL, 3),
       (139, 'main_applicant', 65, 'main_applicant', 65, 'main_applicant', 'ee_expiry_date', NULL, 3),
       (140, 'main_applicant', 66, 'main_applicant', 66, 'main_applicant', 'ee_valid_code', NULL, 3),
       (141, 'main_applicant', 67, 'main_applicant', 67, 'main_applicant', 'ee_crs', NULL, 3),
       (142, 'main_applicant', 62, 'main_applicant', 62, 'main_applicant', 'sirsJobOfferCity', NULL, 3),
       (143, 'main_applicant', 68, 'main_applicant', 68, 'main_applicant', 'sirsJobOfferCity', NULL, 3),
       (144, 'main_applicant', 63, 'main_applicant', 63, 'main_applicant', 'sirsJobOfferPostalCode', NULL, 3),
       (145, 'main_applicant', 69, 'main_applicant', 69, 'main_applicant', 'sirsJobOfferPostalCode', NULL, 3),
       (149, 'main_applicant', 70, 'main_applicant', 70, 'main_applicant', 'partner_lname_1', NULL, 3),
       (150, 'main_applicant', 71, 'main_applicant', 71, 'main_applicant', 'partner_fname_1', NULL, 3),
       (151, 'main_applicant', 72, 'main_applicant', 72, 'main_applicant', 'partner_lname_2', NULL, 3),
       (152, 'main_applicant', 73, 'main_applicant', 73, 'main_applicant', 'partner_fname_2', NULL, 3),
       (153, 'main_applicant', 74, 'main_applicant', 74, 'main_applicant', 'partner_lname_3', NULL, 3),
       (154, 'main_applicant', 75, 'main_applicant', 75, 'main_applicant', 'partner_fname_3', NULL, 3),
       (155, 'main_applicant', 76, 'main_applicant', 76, 'main_applicant', 'ed_in_BC', NULL, 3),
       (156, 'main_applicant', 77, 'main_applicant', 77, 'main_applicant', 'ei_app_bus_desc', NULL, 3),
       (157, 'main_applicant', 78, 'main_applicant', 78, 'main_applicant', 'ei_app_jobs_maint', NULL, 3),
       (158, 'main_applicant', 79, 'main_applicant', 79, 'main_applicant', 'ei_app_jobs_created', NULL, 3),
       (159, 'main_applicant', 80, 'main_applicant', 80, 'main_applicant', 'ei_app_bus_is_franchise', NULL, 3),
       (160, 'main_applicant', 81, 'main_applicant', 81, 'main_applicant', 'ei_app_bus_is_farm', NULL, 3),
       (161, 'main_applicant', 82, 'main_applicant', 82, 'main_applicant', 'ei_app_bus_is_local_partner', NULL, 3),
       (162, 'main_applicant', 83, 'main_applicant', 83, 'main_applicant', 'ei_app_bus_is_co_pnp_partner', NULL, 3),
       (163, 'main_applicant', 84, 'main_applicant', 84, 'main_applicant', 'ei_app_bus_key_staff', NULL, 3),
       (164, 'main_applicant', 85, 'main_applicant', 85, 'main_applicant', 'ei_app_has_active_app', NULL, 3),
       (165, 'main_applicant', 86, 'main_applicant', 86, 'main_applicant', 'ei_app_has_pnp_active_app', NULL, 3),
       (166, 'main_applicant', 87, 'main_applicant', 87, 'main_applicant', 'ei_app_active_app_details', NULL, 3),
       (167, 'main_applicant', 88, 'main_applicant', 88, 'main_applicant', 'ei_app_cur_res_country', NULL, 3),
       (168, 'main_applicant', 89, 'main_applicant', 89, 'main_applicant', 'visitorID', NULL, 3),
       (169, 'main_applicant', 90, 'main_applicant', 90, 'main_applicant', 'ei_app_legal_actions_taken', NULL, 3),
       (170, 'main_applicant', 91, 'main_applicant', 91, 'main_applicant', 'ei_app_personal_bankruptcy', NULL, 3),
       (171, 'main_applicant', 92, 'main_applicant', 92, 'main_applicant', 'ei_app_business_bankruptcy', NULL, 3),
       (172, 'main_applicant', 93, 'main_applicant', 93, 'main_applicant', 'birth_country', NULL, 3),
       (173, 'main_applicant', 46, 'main_applicant', 46, 'main_applicant', 'marital_status', NULL, 3),
       (174, 'main_applicant', 94, 'main_applicant', 94, 'main_applicant', 'has_children', NULL, 3),
       (175, 'main_applicant', 95, 'main_applicant', 95, 'main_applicant', 'phone_secondary_bcpnp', NULL, 3),
       (176, 'main_applicant', 96, 'main_applicant', 96, 'main_applicant', 'phone_business_bcpnp', NULL, 3),
       (177, 'main_applicant', 97, 'main_applicant', 97, 'main_applicant', 'res_addr_diff', NULL, 3),
       (178, 'main_applicant', 98, 'main_applicant', 98, 'main_applicant', 'res_addr', NULL, 3),
       (179, 'main_applicant', 99, 'main_applicant', 99, 'main_applicant', 'res_city', NULL, 3),
       (180, 'main_applicant', 100, 'main_applicant', 100, 'main_applicant', 'res_province', NULL, 3),
       (181, 'main_applicant', 101, 'main_applicant', 101, 'main_applicant', 'res_country', NULL, 3),
       (182, 'main_applicant', 102, 'main_applicant', 102, 'main_applicant', 'res_postal_code', NULL, 3),
       (183, 'main_applicant', 103, 'main_applicant', 103, 'main_applicant', 'spouse_last_name', NULL, 3),
       (184, 'main_applicant', 104, 'main_applicant', 104, 'main_applicant', 'spouse_first_name', NULL, 3),
       (185, 'main_applicant', 105, 'main_applicant', 105, 'main_applicant', 'spouse_dob', NULL, 3),
       (186, 'main_applicant', 106, 'main_applicant', 106, 'main_applicant', 'spouse_birthplace', NULL, 3),
       (187, 'main_applicant', 107, 'main_applicant', 107, 'main_applicant', 'spouse_sex', NULL, 3),
       (188, 'main_applicant', 108, 'main_applicant', 108, 'main_applicant', 'spouse_citizenship', NULL, 3),
       (189, 'main_applicant', 28, 'main_applicant', 28, 'main_applicant', 'intendedResidence', NULL, 3),
       (190, 'main_applicant', 29, 'main_applicant', 29, 'main_applicant', 'inCanada', NULL, 3),
       (191, 'main_applicant', 109, 'main_applicant', 109, 'main_applicant', 'inCanadaStatus', NULL, 3),
       (192, 'main_applicant', 110, 'main_applicant', 110, 'main_applicant', 'studyPermitID', NULL, 3),
       (193, 'main_applicant', 111, 'main_applicant', 111, 'main_applicant', 'BusPropType', NULL, 3),
       (194, 'main_applicant', 112, 'main_applicant', 112, 'main_applicant', 'BusRegionDist', NULL, 3),
       (195, 'main_applicant', 113, 'main_applicant', 113, 'main_applicant', 'BusMunicipality', NULL, 3),
       (196, 'main_applicant', 114, 'main_applicant', 114, 'main_applicant', 'BusNAICS', NULL, 3),
       (197, 'main_applicant', 115, 'main_applicant', 115, 'main_applicant', 'BusRoleNOC', NULL, 3),
       (198, 'main_applicant', 116, 'main_applicant', 116, 'main_applicant', 'PropInvest_Total', NULL, 3),
       (199, 'main_applicant', 1034, 'main_applicant', 1034, 'main_applicant', 'lName', NULL, 7),
       (200, 'main_applicant', 1035, 'main_applicant', 1035, 'main_applicant', 'trading_name', NULL, 7),
       (201, 'main_applicant', 1036, 'main_applicant', 1036, 'main_applicant', 'australian_business_number', NULL, 7),
       (202, 'main_applicant', 1037, 'main_applicant', 1037, 'main_applicant', 'australian_company_number', NULL, 7),
       (203, 'main_applicant', 1038, 'main_applicant', 1038, 'main_applicant', 'australian_registered_body_number', NULL, 7),
       (204, 'main_applicant', 1039, 'main_applicant', 1039, 'main_applicant', 'australian_securities_exchange_code', NULL, 7),
       (205, 'main_applicant', 1040, 'main_applicant', 1040, 'main_applicant', 'operational_since', NULL, 7),
       (206, 'main_applicant', 1041, 'main_applicant', 1041, 'main_applicant', 'industry_type', NULL, 7),
       (207, 'main_applicant', 1042, 'main_applicant', 1042, 'main_applicant', 'emailAddress', NULL, 7),
       (208, 'main_applicant', 1043, 'main_applicant', 1043, 'main_applicant', 'nomination_occupation', NULL, 7),
       (209, 'main_applicant', 1044, 'main_applicant', 1044, 'main_applicant', 'fax_w', NULL, 7),
       (210, 'main_applicant', 1045, 'main_applicant', 1045, 'main_applicant', 'address_1', NULL, 7),
       (211, 'main_applicant', 1046, 'main_applicant', 1046, 'main_applicant', 'address_2', NULL, 7),
       (212, 'main_applicant', 1047, 'main_applicant', 1047, 'main_applicant', 'city', NULL, 7),
       (213, 'main_applicant', 1048, 'main_applicant', 1048, 'main_applicant', 'state', NULL, 7),
       (214, 'main_applicant', 1049, 'main_applicant', 1049, 'main_applicant', 'zip_code', NULL, 7),
       (215, 'main_applicant', 1050, 'main_applicant', 1050, 'main_applicant', 'country', NULL, 7),
       (216, 'main_applicant', 1051, 'main_applicant', 1051, 'main_applicant', 'phone_main', NULL, 7),
       (219, 'main_applicant', 1053, 'main_applicant', 1053, 'main_applicant', 'rev_req_file_number', NULL, 3),
       (220, 'main_applicant', 1054, 'main_applicant', 1054, 'main_applicant', 'rev_req_decision_date', NULL, 3),
       (221, 'main_applicant', 1055, 'main_applicant', 1055, 'main_applicant', 'rev_req_rep_authorized', NULL, 3),
       (222, 'main_applicant', 77, 'main_applicant', 77, 'main_applicant', 'rev_req_grounds', NULL, 3),
       (223, 'main_applicant', 1056, 'main_applicant', 1056, 'main_applicant', 'last_name', NULL, 3),
       (224, 'main_applicant', 1057, 'main_applicant', 1057, 'main_applicant', 'first_name', NULL, 3),
       (226, 'main_applicant', 33, 'main_applicant', 33, 'main_applicant', 'ei_wp_client_id', NULL, 3),
       (227, 'main_applicant', 1058, 'main_applicant', 1058, 'main_applicant', 'ei_wp_client_signed_on', NULL, 3),
       (228, 'main_applicant', 1052, 'main_applicant', 1052, 'main_applicant', 'ei_wp_valid', NULL, 3),
       (229, 'main_applicant', 1059, 'main_applicant', 1059, 'main_applicant', 'last_name', NULL, 3),
       (230, 'main_applicant', 1060, 'main_applicant', 1060, 'main_applicant', 'first_name', NULL, 3),
       (231, 'main_applicant', 1061, 'main_applicant', 1061, 'main_applicant', 'DOB', NULL, 3),
       (232, 'main_applicant', 1062, 'main_applicant', 1062, 'main_applicant', 'phone', NULL, 3),
       (233, 'main_applicant', 1063, 'main_applicant', 1063, 'main_applicant', 'emailAddress', NULL, 3),
       (236, 'main_applicant', 1064, 'main_applicant', 1064, 'main_applicant', 'frr_company_name', NULL, 3),
       (237, 'main_applicant', 1065, 'main_applicant', 1065, 'main_applicant', 'frr_company_oper_name', NULL, 3),
       (238, 'main_applicant', 1066, 'main_applicant', 1066, 'main_applicant', 'frr_company_phone', NULL, 3),
       (239, 'main_applicant', 1067, 'main_applicant', 1067, 'main_applicant', 'frr_company_email', NULL, 3),
       (240, 'main_applicant', 1068, 'main_applicant', 1068, 'main_applicant', 'frr_company_website', NULL, 3),
       (241, 'main_applicant', 1069, 'main_applicant', 1069, 'main_applicant', 'frr_company_commenced', NULL, 3),
       (242, 'main_applicant', 1070, 'main_applicant', 1070, 'main_applicant', 'frr_company_addr', NULL, 3),
       (243, 'main_applicant', 1071, 'main_applicant', 1071, 'main_applicant', 'frr_company_city', NULL, 3),
       (244, 'main_applicant', 1072, 'main_applicant', 1072, 'main_applicant', 'frr_company_postal', NULL, 3),
       (245, 'main_applicant', 1073, 'main_applicant', 1073, 'main_applicant', 'frr_company_alt_addr', NULL, 3),
       (246, 'main_applicant', 1074, 'main_applicant', 1074, 'main_applicant', 'frr_company_alt_city', NULL, 3),
       (247, 'main_applicant', 1075, 'main_applicant', 1075, 'main_applicant', 'frr_company_alt_postal', NULL, 3),
       (248, 'main_applicant', 1076, 'main_applicant', 1076, 'main_applicant', 'frr_company_naics', NULL, 3),
       (249, 'main_applicant', 1077, 'main_applicant', 1077, 'main_applicant', 'frr_company_own_type', NULL, 3),
       (250, 'main_applicant', 1078, 'main_applicant', 1078, 'main_applicant', 'frr_job_title', NULL, 3),
       (251, 'main_applicant', 1079, 'main_applicant', 1079, 'main_applicant', 'frr_company_employees', NULL, 3),
       (252, 'main_applicant', 1080, 'main_applicant', 1080, 'main_applicant', 'frr_pnp_file_number', NULL, 3),
       (253, 'main_applicant', 1081, 'main_applicant', 1081, 'main_applicant', 'res_addr', NULL, 3),
       (254, 'main_applicant', 1082, 'main_applicant', 1082, 'main_applicant', 'res_city', NULL, 3),
       (255, 'main_applicant', 1083, 'main_applicant', 1083, 'main_applicant', 'res_postal_code', NULL, 3),
       (256, 'main_applicant', 1084, 'main_applicant', 1084, 'main_applicant', 'address_1', NULL, 3),
       (257, 'main_applicant', 1085, 'main_applicant', 1085, 'main_applicant', 'city', NULL, 3),
       (258, 'main_applicant', 1086, 'main_applicant', 1086, 'main_applicant', 'postal_code', NULL, 3),
       (260, 'main_applicant', 1087, 'main_applicant', 1087, 'main_applicant', 'eiRegEnglishLevel', NULL, 3),
       (261, 'main_applicant', 1088, 'main_applicant', 1088, 'main_applicant', 'eiRegEducation', NULL, 3),
       (262, 'main_applicant', 1089, 'main_applicant', 1089, 'main_applicant', 'eiRegAge', NULL, 3),
       (263, 'main_applicant', 1090, 'main_applicant', 1090, 'main_applicant', 'eiCanWorkExp', NULL, 3),
       (264, 'main_applicant', 1091, 'main_applicant', 1091, 'main_applicant', 'eiCanBusExp', NULL, 3),
       (265, 'main_applicant', 1092, 'main_applicant', 1092, 'main_applicant', 'eiCanStudy', NULL, 3),
       (266, 'child7', 13, 'main_applicant', 1093, 'child7', 'passport_date', NULL, 3),
       (267, 'child7', 13, 'spouse', 1093, 'child7', 'passport_date', NULL, 3),
       (268, 'child8', 13, 'main_applicant', 1094, 'child8', 'passport_date', NULL, 3),
       (269, 'child8', 13, 'spouse', 1094, 'child8', 'passport_date', NULL, 3),
       (270, 'child9', 13, 'main_applicant', 1095, 'child9', 'passport_date', NULL, 3),
       (271, 'child9', 13, 'spouse', 1095, 'child9', 'passport_date', NULL, 3),
       (272, 'child10', 13, 'main_applicant', 1096, 'child10', 'passport_date', NULL, 3),
       (273, 'child10', 13, 'spouse', 1096, 'child10', 'passport_date', NULL, 3),
       (274, 'child9', 1, 'main_applicant', 1097, 'child9', 'lName', NULL, 8),
       (275, 'child9', 1, 'spouse', 1097, 'child9', 'lName', NULL, 8),
       (276, 'child10', 1, 'main_applicant', 1098, 'child10', 'lName', NULL, 8),
       (277, 'child10', 1, 'spouse', 1098, 'child10', 'lName', NULL, 8),
       (278, 'child9', 2, 'main_applicant', 1099, 'child9', 'fName', NULL, 3),
       (279, 'child9', 2, 'spouse', 1099, 'child9', 'fName', NULL, 3),
       (280, 'child10', 2, 'main_applicant', 1100, 'child10', 'fName', NULL, 3),
       (281, 'child10', 2, 'spouse', 1100, 'child10', 'fName', NULL, 3),
       (282, 'child7', 1, 'main_applicant', 1101, 'child7', 'lName', NULL, 8),
       (283, 'child7', 1, 'spouse', 1101, 'child7', 'lName', NULL, 8),
       (284, 'child7', 2, 'main_applicant', 1102, 'child7', 'fName', NULL, 3),
       (285, 'child7', 2, 'spouse', 1102, 'child7', 'fName', NULL, 3),
       (286, 'child7', 4, 'main_applicant', 1103, 'child7', 'DOB', NULL, 3),
       (287, 'child7', 4, 'spouse', 1103, 'child7', 'DOB', NULL, 3),
       (288, 'child8', 1, 'main_applicant', 1104, 'child8', 'lName', NULL, 8),
       (289, 'child8', 1, 'spouse', 1104, 'child8', 'lName', NULL, 8),
       (290, 'child8', 2, 'main_applicant', 1105, 'child8', 'fName', NULL, 3),
       (291, 'child8', 2, 'spouse', 1105, 'child8', 'fName', NULL, 3),
       (292, 'child8', 4, 'main_applicant', 1106, 'child8', 'DOB', NULL, 3),
       (293, 'child8', 4, 'spouse', 1106, 'child8', 'DOB', NULL, 3),
       (294, 'child9', 4, 'main_applicant', 1107, 'child9', 'DOB', NULL, 3),
       (295, 'child9', 4, 'spouse', 1107, 'child9', 'DOB', NULL, 3),
       (296, 'child10', 4, 'main_applicant', 1108, 'child10', 'DOB', NULL, 3),
       (297, 'child10', 4, 'spouse', 1108, 'child10', 'DOB', NULL, 3),
       (298, 'main_applicant', 1058, 'main_applicant', 1058, 'main_applicant', 'ei_wp_client_signed_on', NULL, 3),
       (299, 'main_applicant', 1109, 'main_applicant', 1109, 'main_applicant', 'birth_country', NULL, 3),
       (300, 'main_applicant', 1110, 'main_applicant', 1110, 'main_applicant', 'country_of_citizenship', NULL, 3),
       (302, 'main_applicant', 1111, 'main_applicant', 1111, 'main_applicant', 'si_app_edu_bc_to', NULL, 3),
       (303, 'main_applicant', 1112, 'main_applicant', 1112, 'main_applicant', 'si_app_edu_bc_institution', NULL, 3),
       (304, 'main_applicant', 1113, 'main_applicant', 1113, 'main_applicant', 'si_app_edu_bc_field', NULL, 3),
       (305, 'main_applicant', 1114, 'main_applicant', 1114, 'main_applicant', 'si_app_edu_can_to', NULL, 3),
       (306, 'main_applicant', 1115, 'main_applicant', 1115, 'main_applicant', 'si_app_edu_can_institution', NULL, 3),
       (307, 'main_applicant', 1116, 'main_applicant', 1116, 'main_applicant', 'si_app_edu_can_field', NULL, 3),
       (308, 'main_applicant', 1117, 'main_applicant', 1117, 'main_applicant', 'si_app_job_offer_full_time', NULL, 3),
       (309, 'main_applicant', 1118, 'main_applicant', 1118, 'main_applicant', 'si_app_job_offer_permanent', NULL, 3),
       (310, 'main_applicant', 1119, 'main_applicant', 1119, 'main_applicant', 'si_app_job_offer_address', NULL, 3),
       (311, 'main_applicant', 1120, 'main_applicant', 1120, 'main_applicant', 'si_app_job_offer_phone', NULL, 3),
       (312, 'main_applicant', 1121, 'main_applicant', 1121, 'main_applicant', 'si_app_job_offer_ends_at', NULL, 3),
       (313, 'main_applicant', 1122, 'main_applicant', 1122, 'main_applicant', 'si_app_emp_contact_phone', NULL, 3),
       (314, 'main_applicant', 1124, 'main_applicant', 1124, 'main_applicant', 'BusPropType', NULL, 3),
       (316, 'main_applicant', 1125, 'main_applicant', 1125, 'main_applicant', 'BusOwnerPercent', NULL, 3),
       (317, 'main_applicant', 1126, 'main_applicant', 1126, 'main_applicant', 'JobsTotal', NULL, 3),
       (318, 'main_applicant', 1128, 'main_applicant', 1128, 'main_applicant', 'BusRegionDist', NULL, 3),
       (319, 'main_applicant', 1127, 'main_applicant', 1127, 'main_applicant', 'BusMunicipality', NULL, 3),
       (320, 'main_applicant', 1129, 'main_applicant', 1129, 'main_applicant', 'BusNAICS', NULL, 3),
       (321, 'main_applicant', 1130, 'main_applicant', 1130, 'main_applicant', 'BusRoleNOC', NULL, 3),
       (322, 'main_applicant', 1131, 'main_applicant', 1131, 'main_applicant', 'spouse_last_name', NULL, 3),
       (323, 'main_applicant', 1132, 'main_applicant', 1132, 'main_applicant', 'spouse_first_name', NULL, 3),
       (324, 'main_applicant', 1133, 'main_applicant', 1133, 'main_applicant', 'ei_app_has_active_app', NULL, 3),
       (325, 'main_applicant', 1134, 'main_applicant', 1134, 'main_applicant', 'ei_app_has_pnp_active_app', NULL, 3),
       (326, 'main_applicant', 1135, 'main_applicant', 1135, 'main_applicant', 'ei_app_active_app_details', NULL, 3),
       (327, 'main_applicant', 1136, 'main_applicant', 1136, 'main_applicant', 'ei_app_cur_res_country', NULL, 3),
       (328, 'main_applicant', 1137, 'main_applicant', 1137, 'main_applicant', 'inCanada', NULL, 3),
       (329, 'main_applicant', 1138, 'main_applicant', 1138, 'main_applicant', 'intendedResidence', NULL, 3),
       (330, 'main_applicant', 1139, 'main_applicant', 1139, 'main_applicant', 'inCanadaStatus', NULL, 3),
       (331, 'main_applicant', 1140, 'main_applicant', 1140, 'main_applicant', 'studyPermitID', NULL, 3),
       (332, 'main_applicant', 1141, 'main_applicant', 1141, 'main_applicant', 'workPermitID', NULL, 3),
       (333, 'main_applicant', 1142, 'main_applicant', 1142, 'main_applicant', 'ei_app_bus_desc', NULL, 3),
       (334, 'main_applicant', 1143, 'main_applicant', 1143, 'main_applicant', 'ei_app_jobs_maint', NULL, 3),
       (335, 'main_applicant', 1144, 'main_applicant', 1144, 'main_applicant', 'ei_app_jobs_created', NULL, 3),
       (336, 'main_applicant', 1145, 'main_applicant', 1145, 'main_applicant', 'ei_app_bus_is_franchise', NULL, 3),
       (337, 'main_applicant', 1146, 'main_applicant', 1146, 'main_applicant', 'ei_app_bus_is_farm', NULL, 3),
       (338, 'main_applicant', 1147, 'main_applicant', 1147, 'main_applicant', 'ei_app_bus_is_local_partner', NULL, 3),
       (339, 'main_applicant', 1148, 'main_applicant', 1148, 'main_applicant', 'ei_app_bus_is_co_pnp_partner', NULL, 3),
       (340, 'main_applicant', 1149, 'main_applicant', 1149, 'main_applicant', 'ei_app_bus_key_staff', NULL, 3),
       (341, 'main_applicant', 1150, 'main_applicant', 1150, 'main_applicant', 'PropInvest_Total', NULL, 3),
       (342, 'main_applicant', 1151, 'main_applicant', 1151, 'main_applicant', 'spouse_dob', NULL, 3),
       (343, 'main_applicant', 1152, 'main_applicant', 1152, 'main_applicant', 'spouse_birthplace', NULL, 3),
       (344, 'main_applicant', 1153, 'main_applicant', 1153, 'main_applicant', 'spouse_sex', NULL, 3),
       (345, 'main_applicant', 1154, 'main_applicant', 1154, 'main_applicant', 'spouse_citizenship', NULL, 3),
       (346, 'main_applicant', 1155, 'main_applicant', 1155, 'main_applicant', 'postnom_ee_number', NULL, 3),
       (347, 'main_applicant', 1156, 'main_applicant', 1156, 'main_applicant', 'postnom_ee_expiry', NULL, 3),
       (348, 'main_applicant', 1157, 'main_applicant', 1157, 'main_applicant', 'postnom_ee_js_validation_code', NULL, 3),
       (349, 'main_applicant', 1158, 'main_applicant', 1158, 'main_applicant', 'postnom_ee_crs', NULL, 3),
       (350, 'main_applicant', 1159, 'main_applicant', 1159, 'main_applicant', 'postnom_ee_prev_number', NULL, 3),
       (351, 'main_applicant', 1160, 'main_applicant', 1160, 'main_applicant', 'postnom_application_received', NULL, 3),
       (352, 'main_applicant', 1161, 'main_applicant', 1161, 'main_applicant', 'postnom_nom_category', NULL, 3),
       (353, 'main_applicant', 1162, 'main_applicant', 1162, 'main_applicant', 'postnom_nom_cert_num', NULL, 3),
       (354, 'main_applicant', 1163, 'main_applicant', 1163, 'main_applicant', 'postnom_nom_file_number', NULL, 3),
       (355, 'main_applicant', 1164, 'main_applicant', 1164, 'main_applicant', 'postnom_nominated_at', NULL, 3),
       (356, 'main_applicant', 1165, 'main_applicant', 1165, 'main_applicant', 'postnom_nom_job_title', NULL, 3),
       (357, 'main_applicant', 1166, 'main_applicant', 1166, 'main_applicant', 'postnom_nom_noc', NULL, 3),
       (358, 'main_applicant', 1167, 'main_applicant', 1167, 'main_applicant', 'postnom_nom_expires_at', NULL, 3),
       (359, 'main_applicant', 1168, 'main_applicant', 1168, 'main_applicant', 'postnom_employer_name', NULL, 3),
       (360, 'main_applicant', 1169, 'main_applicant', 1169, 'main_applicant', 'postnom_employer_op_name', NULL, 3),
       (361, 'main_applicant', 1170, 'main_applicant', 1170, 'main_applicant', 'postnom_job_title', NULL, 3),
       (362, 'main_applicant', 1171, 'main_applicant', 1171, 'main_applicant', 'postnom_work_noc', NULL, 3),
       (363, 'main_applicant', 1172, 'main_applicant', 1172, 'main_applicant', 'postnom_annual_wage', NULL, 3),
       (364, 'main_applicant', 1173, 'main_applicant', 1173, 'main_applicant', 'postnom_offer_until', NULL, 3),
       (365, 'main_applicant', 1174, 'main_applicant', 1174, 'main_applicant', 'postnom_contact_last_name', NULL, 3),
       (366, 'main_applicant', 1175, 'main_applicant', 1175, 'main_applicant', 'postnom_contact_first_name', NULL, 3),
       (367, 'main_applicant', 1176, 'main_applicant', 1176, 'main_applicant', 'postnom_contact_title', NULL, 3),
       (368, 'main_applicant', 1177, 'main_applicant', 1177, 'main_applicant', 'postnom_contact_phone', NULL, 3),
       (369, 'main_applicant', 1178, 'main_applicant', 1178, 'main_applicant', 'postnom_contact_email', NULL, 3),
       (370, 'main_applicant', 1179, 'main_applicant', 1179, 'main_applicant', 'postnom_employees_number', NULL, 3),
       (371, 'main_applicant', 1180, 'main_applicant', 1180, 'main_applicant', 'postnom_work_address', NULL, 3),
       (372, 'main_applicant', 1181, 'main_applicant', 1181, 'main_applicant', 'postnom_work_city', NULL, 3),
       (373, 'main_applicant', 1182, 'main_applicant', 1182, 'main_applicant', 'postnom_work_postalcode', NULL, 3),
       (374, 'main_applicant', 1183, 'main_applicant', 1183, 'main_applicant', 'postnom_work_phone', NULL, 3),
       (375, 'main_applicant', 1139, 'main_applicant', 1139, 'main_applicant', 'postnom_current_status', NULL, 3),
       (376, 'main_applicant', 1184, 'main_applicant', 1184, 'main_applicant', 'postnom_cic_visitor_id', NULL, 3),
       (377, 'main_applicant', 1140, 'main_applicant', 1140, 'main_applicant', 'postnom_cic_student_id', NULL, 3),
       (378, 'main_applicant', 1141, 'main_applicant', 1141, 'main_applicant', 'postnom_cic_wp_id', NULL, 3),
       (379, 'main_applicant', 1185, 'main_applicant', 1185, 'main_applicant', 'postnom_visitor_status_expiry', NULL, 3),
       (380, 'main_applicant', 1186, 'main_applicant', 1186, 'main_applicant', 'postnom_student_status_expiry', NULL, 3),
       (381, 'main_applicant', 1187, 'main_applicant', 1187, 'main_applicant', 'postnom_wp_status_expiry', NULL, 3),
       (382, 'main_applicant', 1140, 'main_applicant', 1140, 'main_applicant', 'postnom_cic_id', NULL, 3),
       (383, 'main_applicant', 1141, 'main_applicant', 1141, 'main_applicant', 'postnom_cic_id', NULL, 3),
       (384, 'main_applicant', 1186, 'main_applicant', 1186, 'main_applicant', 'postnom_status_expiry', NULL, 3),
       (385, 'main_applicant', 1187, 'main_applicant', 1187, 'main_applicant', 'postnom_status_expiry', NULL, 3),
       (386, 'main_applicant', 1188, 'main_applicant', 1188, 'main_applicant', 'postnom_status_expiry', NULL, 3),
       (387, 'main_applicant', 1189, 'main_applicant', 1189, 'main_applicant', 'postnom_status_expiry', NULL, 3),
       (389, 'main_applicant', 33, 'main_applicant', 33, 'main_applicant', 'ei_ks_wp_client_id', NULL, 3),
       (390, 'main_applicant', 1058, 'main_applicant', 1058, 'main_applicant', 'ei_ks_wp_client_signed_on', NULL, 3),
       (391, 'main_applicant', 1052, 'main_applicant', 1052, 'main_applicant', 'ei_ks_wp_valid', NULL, 3),
       (392, 'main_applicant', 1127, 'main_applicant', 1127, 'main_applicant', 'BusMunicipality', NULL, 3),
       (393, 'main_applicant', 1190, 'main_applicant', 1190, 'main_applicant', 'BusMunicipality', NULL, 3),
       (395, 'main_applicant', 1128, 'main_applicant', 1128, 'main_applicant', 'BusRegionDist', NULL, 3),
       (396, 'main_applicant', 1191, 'main_applicant', 1191, 'main_applicant', 'BusRegionDist', NULL, 3),
       (398, 'main_applicant', 1123, 'main_applicant', 1123, 'main_applicant', 'PropInvest_Total', NULL, 3),
       (399, 'main_applicant', 1192, 'main_applicant', 1192, 'main_applicant', 'famMembers', NULL, 3),
       (400, 'main_applicant', 45, 'main_applicant', 45, 'main_applicant', 'famMembers', NULL, 3),
       (401, 'main_applicant', 1193, 'main_applicant', 1193, 'main_applicant', 'famMembers', NULL, 3),
       (402, 'main_applicant', 1194, 'main_applicant', 1194, 'main_applicant', 'jobOfferHealthAuthName', NULL, 3),
       (403, 'main_applicant', 1195, 'main_applicant', 1195, 'main_applicant', 'jobOfferFacilityName', NULL, 3),
       (405, 'main_applicant', 1196, 'main_applicant', 1196, 'main_applicant', 'si_app_job_offer_unit', NULL, 3),
       (406, 'main_applicant', 1197, 'main_applicant', 1197, 'main_applicant', 'BusDevRegion', NULL, 3),
       (407, 'main_applicant', 1198, 'main_applicant', 1198, 'main_applicant', 'App_Job_WorkLocationRegionalDistrict', NULL, 3),
       (408, 'main_applicant', 1199, 'main_applicant', 1199, 'main_applicant', 'prof_designation', NULL, 3),
       (409, 'main_applicant', 1200, 'main_applicant', 1200, 'main_applicant', 'prof_designation_type', NULL, 3),
       (410, 'main_applicant', 1201, 'main_applicant', 1201, 'main_applicant', 'CLB_English', NULL, 3),
       (411, 'main_applicant', 1202, 'main_applicant', 1202, 'main_applicant', 'CLB_French', NULL, 3),
       (412, 'main_applicant', 1203, 'main_applicant', 1203, 'main_applicant', 'NOC_title', NULL, 3),
       (413, 'main_applicant', 1204, 'main_applicant', 1204, 'main_applicant', 'NOC_title', NULL, 3);
/*!40000 ALTER TABLE `form_map`
    ENABLE KEYS */;
UNLOCK TABLES;

--
-- Table structure for table `form_processed`
--

DROP TABLE IF EXISTS `form_processed`;
/*!40101 SET @saved_cs_client = @@character_set_client */;
/*!50503 SET character_set_client = utf8mb4 */;
CREATE TABLE `form_processed`
(
    `form_processed_id` int unsigned NOT NULL AUTO_INCREMENT,
    `template_id`       int unsigned         DEFAULT NULL,
    `version`           enum ('FULL','LAST') DEFAULT 'FULL',
    `content`           longtext,
    PRIMARY KEY (`form_processed_id`),
    KEY `FK_FormProcessed_FormTemplates` (`template_id`),
    CONSTRAINT `FK_FormProcessed_FormTemplates` FOREIGN KEY (`template_id`) REFERENCES `form_templates` (`template_id`) ON DELETE CASCADE ON UPDATE CASCADE
) ENGINE = InnoDB
  AUTO_INCREMENT = 303
  DEFAULT CHARSET = utf8mb3;
/*!40101 SET character_set_client = @saved_cs_client */;

--
-- Dumping data for table `form_processed`
--

LOCK TABLES `form_processed` WRITE;
/*!40000 ALTER TABLE `form_processed`
    DISABLE KEYS */;
INSERT INTO `form_processed`
VALUES (279, 140, 'FULL',
        '<span><input type=\"checkbox\" id=\"pform94\" class=\"pform\" style=\"vertical-align:middle;\" />&nbsp;Employer Nomination Questionnaire</span><br><span><input type=\"checkbox\" id=\"pform95\" class=\"pform\" style=\"vertical-align:middle;\" />&nbsp;Partner Visa Questionnaire</span><br><span><input type=\"checkbox\" id=\"pform96\" class=\"pform\" style=\"vertical-align:middle;\" />&nbsp;Permanent Residence Visa Questionnaire</span><br><span><input type=\"checkbox\" id=\"pform97\" class=\"pform\" style=\"vertical-align:middle;\" />&nbsp;Standard Business Sponsorship Information</span><br><span><input type=\"checkbox\" id=\"pform168\" class=\"pform\" style=\"vertical-align:middle;\" />&nbsp;Student Visa Questionnaire</span>&nbsp;(01 Mar 2015)<br /><span><input type=\"checkbox\" id=\"pform98\" class=\"pform\" style=\"vertical-align:middle;\" />&nbsp;Student Visa Questionnaire</span><br><span><input type=\"checkbox\" id=\"pform157\" class=\"pform\" style=\"vertical-align:middle;\" />&nbsp;Temporary Visa Questionnaire</span>&nbsp;(13 Feb 2015)<br /><span><input type=\"checkbox\" id=\"pform99\" class=\"pform\" style=\"vertical-align:middle;\" />&nbsp;Temporary Visa Questionnaire</span><br><br><span><input type=\"checkbox\" id=\"pform143\" class=\"pform\" style=\"vertical-align:middle;\" />&nbsp;Additional Family Information Questionnaire</span><br><br><br>'),
       (280, 140, 'LAST',
        '<span><input type=\"checkbox\" id=\"pform94\" class=\"pform\" style=\"vertical-align:middle;\" />&nbsp;Employer Nomination Questionnaire</span><br><span><input type=\"checkbox\" id=\"pform95\" class=\"pform\" style=\"vertical-align:middle;\" />&nbsp;Partner Visa Questionnaire</span><br><span><input type=\"checkbox\" id=\"pform96\" class=\"pform\" style=\"vertical-align:middle;\" />&nbsp;Permanent Residence Visa Questionnaire</span><br><span><input type=\"checkbox\" id=\"pform97\" class=\"pform\" style=\"vertical-align:middle;\" />&nbsp;Standard Business Sponsorship Information</span><br><span><input type=\"checkbox\" id=\"pform168\" class=\"pform\" style=\"vertical-align:middle;\" />&nbsp;Student Visa Questionnaire</span><br><span><input type=\"checkbox\" id=\"pform157\" class=\"pform\" style=\"vertical-align:middle;\" />&nbsp;Temporary Visa Questionnaire</span><br><br><span><input type=\"checkbox\" id=\"pform143\" class=\"pform\" style=\"vertical-align:middle;\" />&nbsp;Additional Family Information Questionnaire</span><br><br><br>'),
       (281, 141, 'FULL', '<span><input type=\"checkbox\" id=\"pform1\" class=\"pform\" style=\"vertical-align:middle;\" />&nbsp;956 Advice by a migration agent exempt person of providing immigration assistance</span><br><span><input type=\"checkbox\" id=\"pform2\" class=\"pform\" style=\"vertical-align:middle;\" />&nbsp;956a Appointment or withdrawal of an authorised recipient</span><br><span><input type=\"checkbox\" id=\"pform3\" class=\"pform\" style=\"vertical-align:middle;\" />&nbsp;M5 Appointment of representative and or authorised recipient</span><br><span><input type=\"checkbox\" id=\"pform4\" class=\"pform\" style=\"vertical-align:middle;\" />&nbsp;MR1 Registered migration agent notice under section 312B</span><br>'),
       (282, 141, 'LAST', '<span><input type=\"checkbox\" id=\"pform1\" class=\"pform\" style=\"vertical-align:middle;\" />&nbsp;956 Advice by a migration agent exempt person of providing immigration assistance</span><br><span><input type=\"checkbox\" id=\"pform2\" class=\"pform\" style=\"vertical-align:middle;\" />&nbsp;956a Appointment or withdrawal of an authorised recipient</span><br><span><input type=\"checkbox\" id=\"pform3\" class=\"pform\" style=\"vertical-align:middle;\" />&nbsp;M5 Appointment of representative and or authorised recipient</span><br><span><input type=\"checkbox\" id=\"pform4\" class=\"pform\" style=\"vertical-align:middle;\" />&nbsp;MR1 Registered migration agent notice under section 312B</span><br>'),
       (283, 142, 'FULL',
        '<span><input type=\"checkbox\" id=\"pform151\" class=\"pform\" style=\"vertical-align:middle;\" />&nbsp;47bt Application for a Business Skills (provisional) visa</span>&nbsp;(22 Jan 2015)<br /><span><input type=\"checkbox\" id=\"pform5\" class=\"pform\" style=\"vertical-align:middle;\" />&nbsp;47bt Application for a Business Skills (provisional) visa</span><br><span><input type=\"checkbox\" id=\"pform152\" class=\"pform\" style=\"vertical-align:middle;\" />&nbsp;47bu Application for a Business Skills (permanent) visa</span>&nbsp;(22 Jan 2015)<br /><span><input type=\"checkbox\" id=\"pform6\" class=\"pform\" style=\"vertical-align:middle;\" />&nbsp;47bu Application for a Business Skills (permanent) visa</span><br><span><input type=\"checkbox\" id=\"pform7\" class=\"pform\" style=\"vertical-align:middle;\" />&nbsp;922 Notification of address or change of address for Business Skills visa holders</span><br><span><input type=\"checkbox\" id=\"pform8\" class=\"pform\" style=\"vertical-align:middle;\" />&nbsp;1031 Declaration Business Skills visa class Investor, State-Territory Sponsored</span><br><span><input type=\"checkbox\" id=\"pform9\" class=\"pform\" style=\"vertical-align:middle;\" />&nbsp;1139A Statement of Assets and Liabilities Position</span><br><span><input type=\"checkbox\" id=\"pform10\" class=\"pform\" style=\"vertical-align:middle;\" />&nbsp;1217 Business Skills profile- Business Owner (Residence)</span><br>'),
       (284, 142, 'LAST',
        '<span><input type=\"checkbox\" id=\"pform151\" class=\"pform\" style=\"vertical-align:middle;\" />&nbsp;47bt Application for a Business Skills (provisional) visa</span><br><span><input type=\"checkbox\" id=\"pform152\" class=\"pform\" style=\"vertical-align:middle;\" />&nbsp;47bu Application for a Business Skills (permanent) visa</span><br><span><input type=\"checkbox\" id=\"pform7\" class=\"pform\" style=\"vertical-align:middle;\" />&nbsp;922 Notification of address or change of address for Business Skills visa holders</span><br><span><input type=\"checkbox\" id=\"pform8\" class=\"pform\" style=\"vertical-align:middle;\" />&nbsp;1031 Declaration Business Skills visa class Investor, State-Territory Sponsored</span><br><span><input type=\"checkbox\" id=\"pform9\" class=\"pform\" style=\"vertical-align:middle;\" />&nbsp;1139A Statement of Assets and Liabilities Position</span><br><span><input type=\"checkbox\" id=\"pform10\" class=\"pform\" style=\"vertical-align:middle;\" />&nbsp;1217 Business Skills profile- Business Owner (Residence)</span><br>'),
       (285, 143, 'FULL',
        '<span><input type=\"checkbox\" id=\"pform11\" class=\"pform\" style=\"vertical-align:middle;\" />&nbsp;118 Application for Australian citizenship by descent</span><br><span><input type=\"checkbox\" id=\"pform12\" class=\"pform\" style=\"vertical-align:middle;\" />&nbsp;119 Application for evidence of Australian citizenship</span><br><span><input type=\"checkbox\" id=\"pform13\" class=\"pform\" style=\"vertical-align:middle;\" />&nbsp;128 Application for renunciation of Australian citizenship</span><br><span><input type=\"checkbox\" id=\"pform14\" class=\"pform\" style=\"vertical-align:middle;\" />&nbsp;132 Application to resume Australian citizenship</span><br><span><input type=\"checkbox\" id=\"pform15\" class=\"pform\" style=\"vertical-align:middle;\" />&nbsp;1272 Application for Australian citizenship for children adopted under full Hague Convention arrangements</span><br><span><input type=\"checkbox\" id=\"pform164\" class=\"pform\" style=\"vertical-align:middle;\" />&nbsp;1290 Application for Australian citizenship Other situations</span>&nbsp;(16 Nov 2014)<br /><span><input type=\"checkbox\" id=\"pform16\" class=\"pform\" style=\"vertical-align:middle;\" />&nbsp;1290 Application for Australian citizenship Other situations</span><br><span><input type=\"checkbox\" id=\"pform163\" class=\"pform\" style=\"vertical-align:middle;\" />&nbsp;1300t Application for Australian citizenship - General eligibility</span>&nbsp;(16 Nov 2014)<br /><span><input type=\"checkbox\" id=\"pform17\" class=\"pform\" style=\"vertical-align:middle;\" />&nbsp;1300t Application for Australian citizenship - General eligibility</span><br><span><input type=\"checkbox\" id=\"pform18\" class=\"pform\" style=\"vertical-align:middle;\" />&nbsp;1390 Application for an APEC Business Travel Card (for Australian passport holders only)</span><br><span><input type=\"checkbox\" id=\"pform19\" class=\"pform\" style=\"vertical-align:middle;\" />&nbsp;1391 Request for Confirmation of Australian Citizenship Status - deceased person third party</span><br>'),
       (286, 143, 'LAST',
        '<span><input type=\"checkbox\" id=\"pform11\" class=\"pform\" style=\"vertical-align:middle;\" />&nbsp;118 Application for Australian citizenship by descent</span><br><span><input type=\"checkbox\" id=\"pform12\" class=\"pform\" style=\"vertical-align:middle;\" />&nbsp;119 Application for evidence of Australian citizenship</span><br><span><input type=\"checkbox\" id=\"pform13\" class=\"pform\" style=\"vertical-align:middle;\" />&nbsp;128 Application for renunciation of Australian citizenship</span><br><span><input type=\"checkbox\" id=\"pform14\" class=\"pform\" style=\"vertical-align:middle;\" />&nbsp;132 Application to resume Australian citizenship</span><br><span><input type=\"checkbox\" id=\"pform15\" class=\"pform\" style=\"vertical-align:middle;\" />&nbsp;1272 Application for Australian citizenship for children adopted under full Hague Convention arrangements</span><br><span><input type=\"checkbox\" id=\"pform164\" class=\"pform\" style=\"vertical-align:middle;\" />&nbsp;1290 Application for Australian citizenship Other situations</span><br><span><input type=\"checkbox\" id=\"pform163\" class=\"pform\" style=\"vertical-align:middle;\" />&nbsp;1300t Application for Australian citizenship - General eligibility</span><br><span><input type=\"checkbox\" id=\"pform18\" class=\"pform\" style=\"vertical-align:middle;\" />&nbsp;1390 Application for an APEC Business Travel Card (for Australian passport holders only)</span><br><span><input type=\"checkbox\" id=\"pform19\" class=\"pform\" style=\"vertical-align:middle;\" />&nbsp;1391 Request for Confirmation of Australian Citizenship Status - deceased person third party</span><br>'),
       (287, 144, 'FULL',
        '<span><input type=\"checkbox\" id=\"pform22\" class=\"pform\" style=\"vertical-align:middle;\" />&nbsp;1000 Nomination for Distinguished Talent</span><br><span><input type=\"checkbox\" id=\"pform23\" class=\"pform\" style=\"vertical-align:middle;\" />&nbsp;1283 Acknowledgement of unpaid placement_visa applicant</span><br><span><input type=\"checkbox\" id=\"pform24\" class=\"pform\" style=\"vertical-align:middle;\" />&nbsp;1284 Acknowledgement of unpaid placement _ sponsor</span><br><span><input type=\"checkbox\" id=\"pform25\" class=\"pform\" style=\"vertical-align:middle;\" />&nbsp;1381 Sponsoring a medical practioner</span><br><span><input type=\"checkbox\" id=\"pform162\" class=\"pform\" style=\"vertical-align:middle;\" />&nbsp;1400 Application for a Temporary Work (Short Stay Activity) visa</span>&nbsp;(16 Nov 2014)<br /><span><input type=\"checkbox\" id=\"pform26\" class=\"pform\" style=\"vertical-align:middle;\" />&nbsp;1400 Application for a Temporary Work (Short Stay Activity) visa</span><br><span><input type=\"checkbox\" id=\"pform27\" class=\"pform\" style=\"vertical-align:middle;\" />&nbsp;1401n Nomination for a long stay activity position</span><br><span><input type=\"checkbox\" id=\"pform28\" class=\"pform\" style=\"vertical-align:middle;\" />&nbsp;1401s Application for approval as a long stay activity sponsor</span><br><span><input type=\"checkbox\" id=\"pform29\" class=\"pform\" style=\"vertical-align:middle;\" />&nbsp;1402A Professional Development Agreement</span><br><span><input type=\"checkbox\" id=\"pform30\" class=\"pform\" style=\"vertical-align:middle;\" />&nbsp;1402n Nomination for an occupational trainee position</span><br><span><input type=\"checkbox\" id=\"pform31\" class=\"pform\" style=\"vertical-align:middle;\" />&nbsp;1402s Application for approval as a training and research sponsor or a professional development sponsor</span><br>'),
       (288, 144, 'LAST',
        '<span><input type=\"checkbox\" id=\"pform22\" class=\"pform\" style=\"vertical-align:middle;\" />&nbsp;1000 Nomination for Distinguished Talent</span><br><span><input type=\"checkbox\" id=\"pform23\" class=\"pform\" style=\"vertical-align:middle;\" />&nbsp;1283 Acknowledgement of unpaid placement_visa applicant</span><br><span><input type=\"checkbox\" id=\"pform24\" class=\"pform\" style=\"vertical-align:middle;\" />&nbsp;1284 Acknowledgement of unpaid placement _ sponsor</span><br><span><input type=\"checkbox\" id=\"pform25\" class=\"pform\" style=\"vertical-align:middle;\" />&nbsp;1381 Sponsoring a medical practioner</span><br><span><input type=\"checkbox\" id=\"pform162\" class=\"pform\" style=\"vertical-align:middle;\" />&nbsp;1400 Application for a Temporary Work (Short Stay Activity) visa</span><br><span><input type=\"checkbox\" id=\"pform27\" class=\"pform\" style=\"vertical-align:middle;\" />&nbsp;1401n Nomination for a long stay activity position</span><br><span><input type=\"checkbox\" id=\"pform28\" class=\"pform\" style=\"vertical-align:middle;\" />&nbsp;1401s Application for approval as a long stay activity sponsor</span><br><span><input type=\"checkbox\" id=\"pform29\" class=\"pform\" style=\"vertical-align:middle;\" />&nbsp;1402A Professional Development Agreement</span><br><span><input type=\"checkbox\" id=\"pform30\" class=\"pform\" style=\"vertical-align:middle;\" />&nbsp;1402n Nomination for an occupational trainee position</span><br><span><input type=\"checkbox\" id=\"pform31\" class=\"pform\" style=\"vertical-align:middle;\" />&nbsp;1402s Application for approval as a training and research sponsor or a professional development sponsor</span><br>'),
       (289, 145, 'FULL',
        '<span><input type=\"checkbox\" id=\"pform32\" class=\"pform\" style=\"vertical-align:middle;\" />&nbsp;40 Sponsorship for migration to Australia (parent, aged dependent relative, remaining relative, carer)</span><br><span><input type=\"checkbox\" id=\"pform33\" class=\"pform\" style=\"vertical-align:middle;\" />&nbsp;40ch Sponsorship for a child to migrate to Australia</span><br><span><input type=\"checkbox\" id=\"pform166\" class=\"pform\" style=\"vertical-align:middle;\" />&nbsp;40sp Sponsorship for a partner to migrate to Australia</span>&nbsp;(16 Nov 2014)<br /><span><input type=\"checkbox\" id=\"pform146\" class=\"pform\" style=\"vertical-align:middle;\" />&nbsp;40sp Sponsorship for a partner to migrate to Australia</span><br><div><span><input type=\"checkbox\" id=\"pform34\" class=\"pform\" style=\"vertical-align:middle;\" />&nbsp;47a Details of child or other dependent family member aged 18 years or over</span><br><span><input type=\"checkbox\" id=\"pform35\" class=\"pform\" style=\"vertical-align:middle;\" />&nbsp;47ch Application for migration to Australia by a child</span><br><span><input type=\"checkbox\" id=\"pform36\" class=\"pform\" style=\"vertical-align:middle;\" />&nbsp;47of Application for migration to Australia by other family members</span><br><span><input type=\"checkbox\" id=\"pform37\" class=\"pform\" style=\"vertical-align:middle;\" />&nbsp;47pa Application for a parent to migrate to Australia</span><br><span><input type=\"checkbox\" id=\"pform38\" class=\"pform\" style=\"vertical-align:middle;\" />&nbsp;47pt Application for migration to Australia by a Contributory Parent (Temporary) or Contributory Aged Parent (Temporary) visa holder</span><div><span><input type=\"checkbox\" id=\"pform48\" class=\"pform\" style=\"vertical-align:middle;\" />&nbsp;47sp Application for migration to Australia by a partner</span><br><span><input type=\"checkbox\" id=\"pform39\" class=\"pform\" style=\"vertical-align:middle;\" />&nbsp;54 Family composition (English and Chinese)</span><br><span><input type=\"checkbox\" id=\"pform40\" class=\"pform\" style=\"vertical-align:middle;\" />&nbsp;147 Application for a New Zealand Citizen Family Relationship (subclass 461) visa</span><br><span><input type=\"checkbox\" id=\"pform41\" class=\"pform\" style=\"vertical-align:middle;\" />&nbsp;888 Statutory declaration by a supporting witness relating to a partner visa application</span><br><span><input type=\"checkbox\" id=\"pform42\" class=\"pform\" style=\"vertical-align:middle;\" />&nbsp;1002 Application by a subclass 445 dependent child for a permanent partner visa</span><br><span><input type=\"checkbox\" id=\"pform43\" class=\"pform\" style=\"vertical-align:middle;\" />&nbsp;1040a Statutory declaration relation to family violence (To be used for visa applications lodged before 15 October 2007)</span><br><span><input type=\"checkbox\" id=\"pform44\" class=\"pform\" style=\"vertical-align:middle;\" />&nbsp;1149 Application for sponsorship for sponsored family visitors</span><br><span><input type=\"checkbox\" id=\"pform45\" class=\"pform\" style=\"vertical-align:middle;\" />&nbsp;1229 Consent form to grant an Australian visa to a child under the age of 18 years</span><br><span><input type=\"checkbox\" id=\"pform46\" class=\"pform\" style=\"vertical-align:middle;\" />&nbsp;1277 Application for sponsorship under general skilled migration</span><br><span><input type=\"checkbox\" id=\"pform47\" class=\"pform\" style=\"vertical-align:middle;\" />&nbsp;1378 Nomination for a temporary position</span><br></div></div>'),
       (290, 145, 'LAST',
        '<span><input type=\"checkbox\" id=\"pform32\" class=\"pform\" style=\"vertical-align:middle;\" />&nbsp;40 Sponsorship for migration to Australia (parent, aged dependent relative, remaining relative, carer)</span><br><span><input type=\"checkbox\" id=\"pform33\" class=\"pform\" style=\"vertical-align:middle;\" />&nbsp;40ch Sponsorship for a child to migrate to Australia</span><br><span><input type=\"checkbox\" id=\"pform166\" class=\"pform\" style=\"vertical-align:middle;\" />&nbsp;40sp Sponsorship for a partner to migrate to Australia</span><br><div><span><input type=\"checkbox\" id=\"pform34\" class=\"pform\" style=\"vertical-align:middle;\" />&nbsp;47a Details of child or other dependent family member aged 18 years or over</span><br><span><input type=\"checkbox\" id=\"pform35\" class=\"pform\" style=\"vertical-align:middle;\" />&nbsp;47ch Application for migration to Australia by a child</span><br><span><input type=\"checkbox\" id=\"pform36\" class=\"pform\" style=\"vertical-align:middle;\" />&nbsp;47of Application for migration to Australia by other family members</span><br><span><input type=\"checkbox\" id=\"pform37\" class=\"pform\" style=\"vertical-align:middle;\" />&nbsp;47pa Application for a parent to migrate to Australia</span><br><span><input type=\"checkbox\" id=\"pform38\" class=\"pform\" style=\"vertical-align:middle;\" />&nbsp;47pt Application for migration to Australia by a Contributory Parent (Temporary) or Contributory Aged Parent (Temporary) visa holder</span><div><span><input type=\"checkbox\" id=\"pform48\" class=\"pform\" style=\"vertical-align:middle;\" />&nbsp;47sp Application for migration to Australia by a partner</span><br><span><input type=\"checkbox\" id=\"pform39\" class=\"pform\" style=\"vertical-align:middle;\" />&nbsp;54 Family composition (English and Chinese)</span><br><span><input type=\"checkbox\" id=\"pform40\" class=\"pform\" style=\"vertical-align:middle;\" />&nbsp;147 Application for a New Zealand Citizen Family Relationship (subclass 461) visa</span><br><span><input type=\"checkbox\" id=\"pform41\" class=\"pform\" style=\"vertical-align:middle;\" />&nbsp;888 Statutory declaration by a supporting witness relating to a partner visa application</span><br><span><input type=\"checkbox\" id=\"pform42\" class=\"pform\" style=\"vertical-align:middle;\" />&nbsp;1002 Application by a subclass 445 dependent child for a permanent partner visa</span><br><span><input type=\"checkbox\" id=\"pform43\" class=\"pform\" style=\"vertical-align:middle;\" />&nbsp;1040a Statutory declaration relation to family violence (To be used for visa applications lodged before 15 October 2007)</span><br><span><input type=\"checkbox\" id=\"pform44\" class=\"pform\" style=\"vertical-align:middle;\" />&nbsp;1149 Application for sponsorship for sponsored family visitors</span><br><span><input type=\"checkbox\" id=\"pform45\" class=\"pform\" style=\"vertical-align:middle;\" />&nbsp;1229 Consent form to grant an Australian visa to a child under the age of 18 years</span><br><span><input type=\"checkbox\" id=\"pform46\" class=\"pform\" style=\"vertical-align:middle;\" />&nbsp;1277 Application for sponsorship under general skilled migration</span><br><span><input type=\"checkbox\" id=\"pform47\" class=\"pform\" style=\"vertical-align:middle;\" />&nbsp;1378 Nomination for a temporary position</span><br></div></div>'),
       (291, 146, 'FULL', '<span><input type=\"checkbox\" id=\"pform49\" class=\"pform\" style=\"vertical-align:middle;\" />&nbsp;Addendum Form-Address and Employment</span><br><span><input type=\"checkbox\" id=\"pform50\" class=\"pform\" style=\"vertical-align:middle;\" />&nbsp;Addendum Form-Dependents</span><br><span><input type=\"checkbox\" id=\"pform51\" class=\"pform\" style=\"vertical-align:middle;\" />&nbsp;Addendum Form-Education</span><br><span><input type=\"checkbox\" id=\"pform52\" class=\"pform\" style=\"vertical-align:middle;\" />&nbsp;Addendum Form-Travel</span><br>'),
       (292, 146, 'LAST', '<span><input type=\"checkbox\" id=\"pform49\" class=\"pform\" style=\"vertical-align:middle;\" />&nbsp;Addendum Form-Address and Employment</span><br><span><input type=\"checkbox\" id=\"pform50\" class=\"pform\" style=\"vertical-align:middle;\" />&nbsp;Addendum Form-Dependents</span><br><span><input type=\"checkbox\" id=\"pform51\" class=\"pform\" style=\"vertical-align:middle;\" />&nbsp;Addendum Form-Education</span><br><span><input type=\"checkbox\" id=\"pform52\" class=\"pform\" style=\"vertical-align:middle;\" />&nbsp;Addendum Form-Travel</span><br>'),
       (293, 147, 'FULL',
        '<span><input type=\"checkbox\" id=\"pform165\" class=\"pform\" style=\"vertical-align:middle;\" />&nbsp;47sv Application for special migration to Australia</span>&nbsp;(16 Jul 2014)<br /><span><input type=\"checkbox\" id=\"pform53\" class=\"pform\" style=\"vertical-align:middle;\" />&nbsp;47sv Application for special migration to Australia</span><br><span><input type=\"checkbox\" id=\"pform54\" class=\"pform\" style=\"vertical-align:middle;\" />&nbsp;164 Application for evidence of resident status in Australia</span><br><span><input type=\"checkbox\" id=\"pform55\" class=\"pform\" style=\"vertical-align:middle;\" />&nbsp;681 Refugee and special humanitarian proposal</span><br><span><input type=\"checkbox\" id=\"pform56\" class=\"pform\" style=\"vertical-align:middle;\" />&nbsp;842 Application for an Offshore Humanitarian visa Refugee and Humanitarian (Class XB) visa</span><br><span><input type=\"checkbox\" id=\"pform57\" class=\"pform\" style=\"vertical-align:middle;\" />&nbsp;852 Application for a Confirmatory (Residence) visa</span><br><span><input type=\"checkbox\" id=\"pform159\" class=\"pform\" style=\"vertical-align:middle;\" />&nbsp;866A Application for a Protection visa - Information about your application</span>&nbsp;(16 Jan 2015)<br /><span><input type=\"checkbox\" id=\"pform58\" class=\"pform\" style=\"vertical-align:middle;\" />&nbsp;866A Application for a Protection (Class XA) visa - How to apply</span><div><span><input type=\"checkbox\" id=\"pform160\" class=\"pform\" style=\"vertical-align:middle;\" />&nbsp;866B Application for a Protection visa - Persons included in this application and family composition</span>&nbsp;(16 Jan 2015)<br /><span><input type=\"checkbox\" id=\"pform148\" class=\"pform\" style=\"vertical-align:middle;\" />&nbsp;866B Application for a Protection (Class XA) visa - Persons included in this application and family composition</span></div><div><span><input type=\"checkbox\" id=\"pform161\" class=\"pform\" style=\"vertical-align:middle;\" />&nbsp;866C Application for a Protection visa - Personal details for each person included in this application</span>&nbsp;(16 Jan 2015)<br /><span><input type=\"checkbox\" id=\"pform59\" class=\"pform\" style=\"vertical-align:middle;\" />&nbsp;866C Application for a Protection (Class XA) visa - Application for an applicant who wishes to submit their own claims</span><br><span><input type=\"checkbox\" id=\"pform61\" class=\"pform\" style=\"vertical-align:middle;\" />&nbsp;931 Application for an Australian Declaratory visa</span><br><span><input type=\"checkbox\" id=\"pform62\" class=\"pform\" style=\"vertical-align:middle;\" />&nbsp;1085 Application for a Resident Return Visa (RRV)</span></div>'),
       (294, 147, 'LAST',
        '<span><input type=\"checkbox\" id=\"pform165\" class=\"pform\" style=\"vertical-align:middle;\" />&nbsp;47sv Application for special migration to Australia</span><br><span><input type=\"checkbox\" id=\"pform54\" class=\"pform\" style=\"vertical-align:middle;\" />&nbsp;164 Application for evidence of resident status in Australia</span><br><span><input type=\"checkbox\" id=\"pform55\" class=\"pform\" style=\"vertical-align:middle;\" />&nbsp;681 Refugee and special humanitarian proposal</span><br><span><input type=\"checkbox\" id=\"pform56\" class=\"pform\" style=\"vertical-align:middle;\" />&nbsp;842 Application for an Offshore Humanitarian visa Refugee and Humanitarian (Class XB) visa</span><br><span><input type=\"checkbox\" id=\"pform57\" class=\"pform\" style=\"vertical-align:middle;\" />&nbsp;852 Application for a Confirmatory (Residence) visa</span><br><span><input type=\"checkbox\" id=\"pform159\" class=\"pform\" style=\"vertical-align:middle;\" />&nbsp;866A Application for a Protection visa - Information about your application</span><div><span><input type=\"checkbox\" id=\"pform160\" class=\"pform\" style=\"vertical-align:middle;\" />&nbsp;866B Application for a Protection visa - Persons included in this application and family composition</span></div><div><span><input type=\"checkbox\" id=\"pform161\" class=\"pform\" style=\"vertical-align:middle;\" />&nbsp;866C Application for a Protection visa - Personal details for each person included in this application</span><br><span><input type=\"checkbox\" id=\"pform61\" class=\"pform\" style=\"vertical-align:middle;\" />&nbsp;931 Application for an Australian Declaratory visa</span><br><span><input type=\"checkbox\" id=\"pform62\" class=\"pform\" style=\"vertical-align:middle;\" />&nbsp;1085 Application for a Resident Return Visa (RRV)</span></div>'),
       (295, 148, 'FULL',
        '<span><input type=\"checkbox\" id=\"pform63\" class=\"pform\" style=\"vertical-align:middle;\" />&nbsp;26 Medical examination for an Australian visa</span><br><span><input type=\"checkbox\" id=\"pform156\" class=\"pform\" style=\"vertical-align:middle;\" />&nbsp;80 Personal particulars for assessment including character assessment</span>&nbsp;(03 Dec 2014)<br /><span><input type=\"checkbox\" id=\"pform64\" class=\"pform\" style=\"vertical-align:middle;\" />&nbsp;80 Personal particulars for assessment including character assessment</span><br><span><input type=\"checkbox\" id=\"pform65\" class=\"pform\" style=\"vertical-align:middle;\" />&nbsp;160 Radiological report on chest x-ray of an applicant for an Australian visa</span><br><span><input type=\"checkbox\" id=\"pform170\" class=\"pform\" style=\"vertical-align:middle;\" />&nbsp;424a Request for access to documents or information</span>&nbsp;(22 Apr 2015)<br /><span><input type=\"checkbox\" id=\"pform66\" class=\"pform\" style=\"vertical-align:middle;\" />&nbsp;424a Request for access to documents or information under the Freedom of Information ACT 1982</span><br><span><input type=\"checkbox\" id=\"pform67\" class=\"pform\" style=\"vertical-align:middle;\" />&nbsp;424c Request for amendment or annotation to personal records under the Freedom of Information Act 1982</span><br><span><input type=\"checkbox\" id=\"pform68\" class=\"pform\" style=\"vertical-align:middle;\" />&nbsp;815 Health Undertaking</span><br><span><input type=\"checkbox\" id=\"pform69\" class=\"pform\" style=\"vertical-align:middle;\" />&nbsp;929 Change of address and or passport details</span><br><span><input type=\"checkbox\" id=\"pform70\" class=\"pform\" style=\"vertical-align:middle;\" />&nbsp;1005 Application for a bridging visa To replace a ceased bridging visa</span><br><span><input type=\"checkbox\" id=\"pform71\" class=\"pform\" style=\"vertical-align:middle;\" />&nbsp;1006 Application for a Bridging visa B To seek permission to travel</span><br><span><input type=\"checkbox\" id=\"pform72\" class=\"pform\" style=\"vertical-align:middle;\" />&nbsp;1007 Application for a Bridging visa D</span><br><span><input type=\"checkbox\" id=\"pform73\" class=\"pform\" style=\"vertical-align:middle;\" />&nbsp;1008 Application for Bridging visa E - subclass 050</span><br><span><input type=\"checkbox\" id=\"pform74\" class=\"pform\" style=\"vertical-align:middle;\" />&nbsp;1022 Notification of changes in circumstances</span><br><span><input type=\"checkbox\" id=\"pform75\" class=\"pform\" style=\"vertical-align:middle;\" />&nbsp;1023 Notification of incorrect answer(s)</span><br><span><input type=\"checkbox\" id=\"pform76\" class=\"pform\" style=\"vertical-align:middle;\" />&nbsp;1060 Information collection for Special Circumstance visa</span><br><span><input type=\"checkbox\" id=\"pform77\" class=\"pform\" style=\"vertical-align:middle;\" />&nbsp;1153 Undertaking visa grant subject to Condition 8503 \'No Further Stay</span><br><span><input type=\"checkbox\" id=\"pform78\" class=\"pform\" style=\"vertical-align:middle;\" />&nbsp;1193 Communicating by e-mail with the department</span><br><span><input type=\"checkbox\" id=\"pform79\" class=\"pform\" style=\"vertical-align:middle;\" />&nbsp;1195 Proof of identity and declaration</span><br><span><input type=\"checkbox\" id=\"pform80\" class=\"pform\" style=\"vertical-align:middle;\" />&nbsp;1257 Undertaking declaration</span><br><span><input type=\"checkbox\" id=\"pform81\" class=\"pform\" style=\"vertical-align:middle;\" />&nbsp;1258 Agreement to undertake care of an unaccompanied humanitarian minor</span><span><input type=\"checkbox\" id=\"pform83\" class=\"pform\" style=\"vertical-align:middle;\" />&nbsp;1292 Referral for Complex Case Support (CCS)</span><br><span><input type=\"checkbox\" id=\"pform167\" class=\"pform\" style=\"vertical-align:middle;\" />&nbsp;1359 Request for international movement records</span>&nbsp;(24 Jun 2014)<br /><span><input type=\"checkbox\" id=\"pform84\" class=\"pform\" style=\"vertical-align:middle;\" />&nbsp;1359 Request for international movement records</span><br><span><input type=\"checkbox\" id=\"pform85\" class=\"pform\" style=\"vertical-align:middle;\" />&nbsp;1380 Information regarding travel sanctions- Fiji</span><br><span><input type=\"checkbox\" id=\"pform86\" class=\"pform\" style=\"vertical-align:middle;\" />&nbsp;1392 Pregnancy Health Undertaking</span><br><span><input type=\"checkbox\" id=\"pform87\" class=\"pform\" style=\"vertical-align:middle;\" />&nbsp;1424 Refund Request</span><br><span><input type=\"checkbox\" id=\"pform88\" class=\"pform\" style=\"vertical-align:middle;\" />&nbsp;1427 Biometric Identification Test Independent person Information and Acceptance</span><br><span><input type=\"checkbox\" id=\"pform89\" class=\"pform\" style=\"vertical-align:middle;\" />&nbsp;1430 Biometric Identification Test Legislative script - Minors between 15 and 18 years of age</span><br><span><input type=\"checkbox\" id=\"pform90\" class=\"pform\" style=\"vertical-align:middle;\" />&nbsp;1431 Biometric Identification Test Consent from a person in immigration detention to use a personal identifier</span><br><span><input type=\"checkbox\" id=\"pform91\" class=\"pform\" style=\"vertical-align:middle;\" />&nbsp;1428 Biometric Identification Test Legislative Script _ Adult</span><br><span><input type=\"checkbox\" id=\"pform92\" class=\"pform\" style=\"vertical-align:middle;\" />&nbsp;1429 Biometric Identification Test Legislative script _ Minors under 15 years of age and incapable persons</span><br><span><input type=\"checkbox\" id=\"pform93\" class=\"pform\" style=\"vertical-align:middle;\" />&nbsp;1436 Adding an additional applicant after lodgement</span><br><br>'),
       (296, 148, 'LAST',
        '<span><input type=\"checkbox\" id=\"pform63\" class=\"pform\" style=\"vertical-align:middle;\" />&nbsp;26 Medical examination for an Australian visa</span><br><span><input type=\"checkbox\" id=\"pform156\" class=\"pform\" style=\"vertical-align:middle;\" />&nbsp;80 Personal particulars for assessment including character assessment</span><br><span><input type=\"checkbox\" id=\"pform65\" class=\"pform\" style=\"vertical-align:middle;\" />&nbsp;160 Radiological report on chest x-ray of an applicant for an Australian visa</span><br><span><input type=\"checkbox\" id=\"pform170\" class=\"pform\" style=\"vertical-align:middle;\" />&nbsp;424a Request for access to documents or information</span><br><span><input type=\"checkbox\" id=\"pform67\" class=\"pform\" style=\"vertical-align:middle;\" />&nbsp;424c Request for amendment or annotation to personal records under the Freedom of Information Act 1982</span><br><span><input type=\"checkbox\" id=\"pform68\" class=\"pform\" style=\"vertical-align:middle;\" />&nbsp;815 Health Undertaking</span><br><span><input type=\"checkbox\" id=\"pform69\" class=\"pform\" style=\"vertical-align:middle;\" />&nbsp;929 Change of address and or passport details</span><br><span><input type=\"checkbox\" id=\"pform70\" class=\"pform\" style=\"vertical-align:middle;\" />&nbsp;1005 Application for a bridging visa To replace a ceased bridging visa</span><br><span><input type=\"checkbox\" id=\"pform71\" class=\"pform\" style=\"vertical-align:middle;\" />&nbsp;1006 Application for a Bridging visa B To seek permission to travel</span><br><span><input type=\"checkbox\" id=\"pform72\" class=\"pform\" style=\"vertical-align:middle;\" />&nbsp;1007 Application for a Bridging visa D</span><br><span><input type=\"checkbox\" id=\"pform73\" class=\"pform\" style=\"vertical-align:middle;\" />&nbsp;1008 Application for Bridging visa E - subclass 050</span><br><span><input type=\"checkbox\" id=\"pform74\" class=\"pform\" style=\"vertical-align:middle;\" />&nbsp;1022 Notification of changes in circumstances</span><br><span><input type=\"checkbox\" id=\"pform75\" class=\"pform\" style=\"vertical-align:middle;\" />&nbsp;1023 Notification of incorrect answer(s)</span><br><span><input type=\"checkbox\" id=\"pform76\" class=\"pform\" style=\"vertical-align:middle;\" />&nbsp;1060 Information collection for Special Circumstance visa</span><br><span><input type=\"checkbox\" id=\"pform77\" class=\"pform\" style=\"vertical-align:middle;\" />&nbsp;1153 Undertaking visa grant subject to Condition 8503 \'No Further Stay</span><br><span><input type=\"checkbox\" id=\"pform78\" class=\"pform\" style=\"vertical-align:middle;\" />&nbsp;1193 Communicating by e-mail with the department</span><br><span><input type=\"checkbox\" id=\"pform79\" class=\"pform\" style=\"vertical-align:middle;\" />&nbsp;1195 Proof of identity and declaration</span><br><span><input type=\"checkbox\" id=\"pform80\" class=\"pform\" style=\"vertical-align:middle;\" />&nbsp;1257 Undertaking declaration</span><br><span><input type=\"checkbox\" id=\"pform81\" class=\"pform\" style=\"vertical-align:middle;\" />&nbsp;1258 Agreement to undertake care of an unaccompanied humanitarian minor</span><span><input type=\"checkbox\" id=\"pform83\" class=\"pform\" style=\"vertical-align:middle;\" />&nbsp;1292 Referral for Complex Case Support (CCS)</span><br><span><input type=\"checkbox\" id=\"pform167\" class=\"pform\" style=\"vertical-align:middle;\" />&nbsp;1359 Request for international movement records</span><br><span><input type=\"checkbox\" id=\"pform85\" class=\"pform\" style=\"vertical-align:middle;\" />&nbsp;1380 Information regarding travel sanctions- Fiji</span><br><span><input type=\"checkbox\" id=\"pform86\" class=\"pform\" style=\"vertical-align:middle;\" />&nbsp;1392 Pregnancy Health Undertaking</span><br><span><input type=\"checkbox\" id=\"pform87\" class=\"pform\" style=\"vertical-align:middle;\" />&nbsp;1424 Refund Request</span><br><span><input type=\"checkbox\" id=\"pform88\" class=\"pform\" style=\"vertical-align:middle;\" />&nbsp;1427 Biometric Identification Test Independent person Information and Acceptance</span><br><span><input type=\"checkbox\" id=\"pform89\" class=\"pform\" style=\"vertical-align:middle;\" />&nbsp;1430 Biometric Identification Test Legislative script - Minors between 15 and 18 years of age</span><br><span><input type=\"checkbox\" id=\"pform90\" class=\"pform\" style=\"vertical-align:middle;\" />&nbsp;1431 Biometric Identification Test Consent from a person in immigration detention to use a personal identifier</span><br><span><input type=\"checkbox\" id=\"pform91\" class=\"pform\" style=\"vertical-align:middle;\" />&nbsp;1428 Biometric Identification Test Legislative Script _ Adult</span><br><span><input type=\"checkbox\" id=\"pform92\" class=\"pform\" style=\"vertical-align:middle;\" />&nbsp;1429 Biometric Identification Test Legislative script _ Minors under 15 years of age and incapable persons</span><br><span><input type=\"checkbox\" id=\"pform93\" class=\"pform\" style=\"vertical-align:middle;\" />&nbsp;1436 Adding an additional applicant after lodgement</span><br><br>'),
       (297, 149, 'FULL',
        '<span><input type=\"checkbox\" id=\"pform100\" class=\"pform\" style=\"vertical-align:middle;\" />&nbsp;M1-MRT application form for persons not in immigration detention</span><br><span><input type=\"checkbox\" id=\"pform101\" class=\"pform\" style=\"vertical-align:middle;\" />&nbsp;M2-MRT application form for persons in immigration detention</span><br><span><input type=\"checkbox\" id=\"pform102\" class=\"pform\" style=\"vertical-align:middle;\" />&nbsp;M11 Request for fee reduction</span><br><span><input type=\"checkbox\" id=\"pform103\" class=\"pform\" style=\"vertical-align:middle;\" />&nbsp;M16 Request for access to written material held by the tribunal</span><br><span><input type=\"checkbox\" id=\"pform104\" class=\"pform\" style=\"vertical-align:middle;\" />&nbsp;M19 Response to hearing invitation</span><br><span><input type=\"checkbox\" id=\"pform105\" class=\"pform\" style=\"vertical-align:middle;\" />&nbsp;MR3 Request for access to documents under the FOI Act</span><br><span><input type=\"checkbox\" id=\"pform106\" class=\"pform\" style=\"vertical-align:middle;\" />&nbsp;MR6 Change of contact details</span><br><span><input type=\"checkbox\" id=\"pform107\" class=\"pform\" style=\"vertical-align:middle;\" />&nbsp;MR10 Withdrawal of application for review</span><br><span><input type=\"checkbox\" id=\"pform108\" class=\"pform\" style=\"vertical-align:middle;\" />&nbsp;MRT14 Consent to release personal information under s.362A of the Migration Act</span><br><span><input type=\"checkbox\" id=\"pform109\" class=\"pform\" style=\"vertical-align:middle;\" />&nbsp;R21 Response to resumption of adjourned hearing notice</span><br><span><input type=\"checkbox\" id=\"pform110\" class=\"pform\" style=\"vertical-align:middle;\" />&nbsp;MR13 Consent to extension of time for processing a FOI request</span><br><span><input type=\"checkbox\" id=\"pform111\" class=\"pform\" style=\"vertical-align:middle;\" />&nbsp;R1-RRT Application form</span><br><span><input type=\"checkbox\" id=\"pform113\" class=\"pform\" style=\"vertical-align:middle;\" />&nbsp;RRT19 Response to hearing invitation</span><br>'),
       (298, 149, 'LAST',
        '<span><input type=\"checkbox\" id=\"pform100\" class=\"pform\" style=\"vertical-align:middle;\" />&nbsp;M1-MRT application form for persons not in immigration detention</span><br><span><input type=\"checkbox\" id=\"pform101\" class=\"pform\" style=\"vertical-align:middle;\" />&nbsp;M2-MRT application form for persons in immigration detention</span><br><span><input type=\"checkbox\" id=\"pform102\" class=\"pform\" style=\"vertical-align:middle;\" />&nbsp;M11 Request for fee reduction</span><br><span><input type=\"checkbox\" id=\"pform103\" class=\"pform\" style=\"vertical-align:middle;\" />&nbsp;M16 Request for access to written material held by the tribunal</span><br><span><input type=\"checkbox\" id=\"pform104\" class=\"pform\" style=\"vertical-align:middle;\" />&nbsp;M19 Response to hearing invitation</span><br><span><input type=\"checkbox\" id=\"pform105\" class=\"pform\" style=\"vertical-align:middle;\" />&nbsp;MR3 Request for access to documents under the FOI Act</span><br><span><input type=\"checkbox\" id=\"pform106\" class=\"pform\" style=\"vertical-align:middle;\" />&nbsp;MR6 Change of contact details</span><br><span><input type=\"checkbox\" id=\"pform107\" class=\"pform\" style=\"vertical-align:middle;\" />&nbsp;MR10 Withdrawal of application for review</span><br><span><input type=\"checkbox\" id=\"pform108\" class=\"pform\" style=\"vertical-align:middle;\" />&nbsp;MRT14 Consent to release personal information under s.362A of the Migration Act</span><br><span><input type=\"checkbox\" id=\"pform109\" class=\"pform\" style=\"vertical-align:middle;\" />&nbsp;R21 Response to resumption of adjourned hearing notice</span><br><span><input type=\"checkbox\" id=\"pform110\" class=\"pform\" style=\"vertical-align:middle;\" />&nbsp;MR13 Consent to extension of time for processing a FOI request</span><br><span><input type=\"checkbox\" id=\"pform111\" class=\"pform\" style=\"vertical-align:middle;\" />&nbsp;R1-RRT Application form</span><br><span><input type=\"checkbox\" id=\"pform113\" class=\"pform\" style=\"vertical-align:middle;\" />&nbsp;RRT19 Response to hearing invitation</span><br>'),
       (299, 150, 'FULL', '<span><input type=\"checkbox\" id=\"pform114\" class=\"pform\" style=\"vertical-align:middle;\" />&nbsp;927 State Territory notification Business Skills class</span><br><span><input type=\"checkbox\" id=\"pform115\" class=\"pform\" style=\"vertical-align:middle;\" />&nbsp;949 State Territory sponsorship Business Skills class</span><br><span><input type=\"checkbox\" id=\"pform116\" class=\"pform\" style=\"vertical-align:middle;\" />&nbsp;1100 State Territory nomination</span><br><span><input type=\"checkbox\" id=\"pform117\" class=\"pform\" style=\"vertical-align:middle;\" />&nbsp;1249 StateTerritory Sponsorship Investor Retirement visa</span><br><span><input type=\"checkbox\" id=\"pform118\" class=\"pform\" style=\"vertical-align:middle;\" />&nbsp;1404 Regional Sponsored Migration Scheme _Regional Certifying Body advice</span><br>'),
       (300, 150, 'LAST', '<span><input type=\"checkbox\" id=\"pform114\" class=\"pform\" style=\"vertical-align:middle;\" />&nbsp;927 State Territory notification Business Skills class</span><br><span><input type=\"checkbox\" id=\"pform115\" class=\"pform\" style=\"vertical-align:middle;\" />&nbsp;949 State Territory sponsorship Business Skills class</span><br><span><input type=\"checkbox\" id=\"pform116\" class=\"pform\" style=\"vertical-align:middle;\" />&nbsp;1100 State Territory nomination</span><br><span><input type=\"checkbox\" id=\"pform117\" class=\"pform\" style=\"vertical-align:middle;\" />&nbsp;1249 StateTerritory Sponsorship Investor Retirement visa</span><br><span><input type=\"checkbox\" id=\"pform118\" class=\"pform\" style=\"vertical-align:middle;\" />&nbsp;1404 Regional Sponsored Migration Scheme _Regional Certifying Body advice</span><br>'),
       (301, 151, 'FULL',
        '<span><input type=\"checkbox\" id=\"pform119\" class=\"pform\" style=\"vertical-align:middle;\" />&nbsp;48me Application to visit Australia for medical treatment (Class UB Medical Treatment)</span><br><span><input type=\"checkbox\" id=\"pform120\" class=\"pform\" style=\"vertical-align:middle;\" />&nbsp;157a Application for a student visa</span><br><span><input type=\"checkbox\" id=\"pform121\" class=\"pform\" style=\"vertical-align:middle;\" />&nbsp;157g Application for a Student Guardian visa</span><br><span><input type=\"checkbox\" id=\"pform122\" class=\"pform\" style=\"vertical-align:middle;\" />&nbsp;157n Nomination of a student guardian</span><br><span><input type=\"checkbox\" id=\"pform123\" class=\"pform\" style=\"vertical-align:middle;\" />&nbsp;157p Application for a student visa with permission to work</span><br><span><input type=\"checkbox\" id=\"pform124\" class=\"pform\" style=\"vertical-align:middle;\" />&nbsp;876 Application for transit visa for Australia (subclass 771)</span><br><span><input type=\"checkbox\" id=\"pform125\" class=\"pform\" style=\"vertical-align:middle;\" />&nbsp;918 Application for a subclass 445 (temporary) visa by a dependent child</span><br><span><input type=\"checkbox\" id=\"pform126\" class=\"pform\" style=\"vertical-align:middle;\" />&nbsp;919 Nomination of student dependants</span><br><span><input type=\"checkbox\" id=\"pform127\" class=\"pform\" style=\"vertical-align:middle;\" />&nbsp;1003 Application for an emergency (temporary) visa</span><br><span><input type=\"checkbox\" id=\"pform129\" class=\"pform\" style=\"vertical-align:middle;\" />&nbsp;1010 Survey of Business Skills visa holders (Section 104 of the Migration Act 1958)</span><br><span><input type=\"checkbox\" id=\"pform130\" class=\"pform\" style=\"vertical-align:middle;\" />&nbsp;1150 Application for a Working Holiday visa</span><br><span><input type=\"checkbox\" id=\"pform131\" class=\"pform\" style=\"vertical-align:middle;\" />&nbsp;1162 Application for Certificate of Status for New Zealand Citizens in Australia</span><br><span><input type=\"checkbox\" id=\"pform132\" class=\"pform\" style=\"vertical-align:middle;\" />&nbsp;1194 Certification of Immigration Status andor request to cancel a Temporary Resident visa</span><br><span><input type=\"checkbox\" id=\"pform153\" class=\"pform\" style=\"vertical-align:middle;\" />&nbsp;1208 Application for a Work and Holiday visa</span>&nbsp;(22 Jan 2015)<br /><span><input type=\"checkbox\" id=\"pform133\" class=\"pform\" style=\"vertical-align:middle;\" />&nbsp;1208 Application for a Work and Holiday visa</span><br><span><input type=\"checkbox\" id=\"pform134\" class=\"pform\" style=\"vertical-align:middle;\" />&nbsp;1263 Working Holiday visa- Employment verification</span><br><span><input type=\"checkbox\" id=\"pform135\" class=\"pform\" style=\"vertical-align:middle;\" />&nbsp;1273 Application for a Maritime Crew (Temporary) visa</span><br><span><input type=\"checkbox\" id=\"pform154\" class=\"pform\" style=\"vertical-align:middle;\" />&nbsp;1276 Application for Skilled - Recognised Graduate (Temporary) visa (subclass 476)</span>&nbsp;(22 Jan 2015)<br /><span><input type=\"checkbox\" id=\"pform136\" class=\"pform\" style=\"vertical-align:middle;\" />&nbsp;1276 Application for Skilled - Recognised Graduate (Temporary) visa (subclass 476)</span><br><span><input type=\"checkbox\" id=\"pform137\" class=\"pform\" style=\"vertical-align:middle;\" />&nbsp;1364 Application for a Resolution of Status (subclass 851) visa</span><br><span><input type=\"checkbox\" id=\"pform138\" class=\"pform\" style=\"vertical-align:middle;\" />&nbsp;1365 Application for a Superyacht Crew (Temporary) (subclass 488) visa</span><br><span><input type=\"checkbox\" id=\"pform139\" class=\"pform\" style=\"vertical-align:middle;\" />&nbsp;1366 Application for approval as a Superyacht Crew sponsor</span><br><span><input type=\"checkbox\" id=\"pform140\" class=\"pform\" style=\"vertical-align:middle;\" />&nbsp;1383 Application for a temporary visa for retirees</span><div><span><input type=\"checkbox\" id=\"pform155\" class=\"pform\" style=\"vertical-align:middle;\" />&nbsp;1409 Application for a Temporary Graduate Visa</span>&nbsp;(22 Jan 2015)<br /><span><input type=\"checkbox\" id=\"pform147\" class=\"pform\" style=\"vertical-align:middle;\" />&nbsp;1409 Application for a Temporary Graduate Visa</span></div><div><span><input type=\"checkbox\" id=\"pform149\" class=\"pform\" style=\"vertical-align:middle;\" />&nbsp;1418 Application for a Vistor Visa - Sponsored Family stream</span></div><div><span><input type=\"checkbox\" id=\"pform150\" class=\"pform\" style=\"vertical-align:middle;\" />&nbsp;1419 Application for a Vistor Visa - Tourist stream</span><br></div>'),
       (302, 151, 'LAST',
        '<span><input type=\"checkbox\" id=\"pform119\" class=\"pform\" style=\"vertical-align:middle;\" />&nbsp;48me Application to visit Australia for medical treatment (Class UB Medical Treatment)</span><br><span><input type=\"checkbox\" id=\"pform120\" class=\"pform\" style=\"vertical-align:middle;\" />&nbsp;157a Application for a student visa</span><br><span><input type=\"checkbox\" id=\"pform121\" class=\"pform\" style=\"vertical-align:middle;\" />&nbsp;157g Application for a Student Guardian visa</span><br><span><input type=\"checkbox\" id=\"pform122\" class=\"pform\" style=\"vertical-align:middle;\" />&nbsp;157n Nomination of a student guardian</span><br><span><input type=\"checkbox\" id=\"pform123\" class=\"pform\" style=\"vertical-align:middle;\" />&nbsp;157p Application for a student visa with permission to work</span><br><span><input type=\"checkbox\" id=\"pform124\" class=\"pform\" style=\"vertical-align:middle;\" />&nbsp;876 Application for transit visa for Australia (subclass 771)</span><br><span><input type=\"checkbox\" id=\"pform125\" class=\"pform\" style=\"vertical-align:middle;\" />&nbsp;918 Application for a subclass 445 (temporary) visa by a dependent child</span><br><span><input type=\"checkbox\" id=\"pform126\" class=\"pform\" style=\"vertical-align:middle;\" />&nbsp;919 Nomination of student dependants</span><br><span><input type=\"checkbox\" id=\"pform127\" class=\"pform\" style=\"vertical-align:middle;\" />&nbsp;1003 Application for an emergency (temporary) visa</span><br><span><input type=\"checkbox\" id=\"pform129\" class=\"pform\" style=\"vertical-align:middle;\" />&nbsp;1010 Survey of Business Skills visa holders (Section 104 of the Migration Act 1958)</span><br><span><input type=\"checkbox\" id=\"pform130\" class=\"pform\" style=\"vertical-align:middle;\" />&nbsp;1150 Application for a Working Holiday visa</span><br><span><input type=\"checkbox\" id=\"pform131\" class=\"pform\" style=\"vertical-align:middle;\" />&nbsp;1162 Application for Certificate of Status for New Zealand Citizens in Australia</span><br><span><input type=\"checkbox\" id=\"pform132\" class=\"pform\" style=\"vertical-align:middle;\" />&nbsp;1194 Certification of Immigration Status andor request to cancel a Temporary Resident visa</span><br><span><input type=\"checkbox\" id=\"pform153\" class=\"pform\" style=\"vertical-align:middle;\" />&nbsp;1208 Application for a Work and Holiday visa</span><br><span><input type=\"checkbox\" id=\"pform134\" class=\"pform\" style=\"vertical-align:middle;\" />&nbsp;1263 Working Holiday visa- Employment verification</span><br><span><input type=\"checkbox\" id=\"pform135\" class=\"pform\" style=\"vertical-align:middle;\" />&nbsp;1273 Application for a Maritime Crew (Temporary) visa</span><br><span><input type=\"checkbox\" id=\"pform154\" class=\"pform\" style=\"vertical-align:middle;\" />&nbsp;1276 Application for Skilled - Recognised Graduate (Temporary) visa (subclass 476)</span><br><span><input type=\"checkbox\" id=\"pform137\" class=\"pform\" style=\"vertical-align:middle;\" />&nbsp;1364 Application for a Resolution of Status (subclass 851) visa</span><br><span><input type=\"checkbox\" id=\"pform138\" class=\"pform\" style=\"vertical-align:middle;\" />&nbsp;1365 Application for a Superyacht Crew (Temporary) (subclass 488) visa</span><br><span><input type=\"checkbox\" id=\"pform139\" class=\"pform\" style=\"vertical-align:middle;\" />&nbsp;1366 Application for approval as a Superyacht Crew sponsor</span><br><span><input type=\"checkbox\" id=\"pform140\" class=\"pform\" style=\"vertical-align:middle;\" />&nbsp;1383 Application for a temporary visa for retirees</span><div><span><input type=\"checkbox\" id=\"pform155\" class=\"pform\" style=\"vertical-align:middle;\" />&nbsp;1409 Application for a Temporary Graduate Visa</span></div><div><span><input type=\"checkbox\" id=\"pform149\" class=\"pform\" style=\"vertical-align:middle;\" />&nbsp;1418 Application for a Vistor Visa - Sponsored Family stream</span></div><div><span><input type=\"checkbox\" id=\"pform150\" class=\"pform\" style=\"vertical-align:middle;\" />&nbsp;1419 Application for a Vistor Visa - Tourist stream</span><br></div>');
/*!40000 ALTER TABLE `form_processed`
    ENABLE KEYS */;
UNLOCK TABLES;

--
-- Table structure for table `form_revision`
--

DROP TABLE IF EXISTS `form_revision`;
/*!40101 SET @saved_cs_client = @@character_set_client */;
/*!50503 SET character_set_client = utf8mb4 */;
CREATE TABLE `form_revision`
(
    `form_revision_id`     int unsigned NOT NULL AUTO_INCREMENT,
    `form_assigned_id`     int unsigned NOT NULL,
    `form_revision_number` int unsigned NOT NULL,
    `uploaded_by`          bigint       NOT NULL,
    `uploaded_on`          datetime     NOT NULL,
    PRIMARY KEY (`form_revision_id`),
    KEY `FK_FormRevision_FormAssigned` (`form_assigned_id`),
    KEY `FK_FormRevision_members` (`uploaded_by`),
    CONSTRAINT `FK_FormRevision_FormAssigned` FOREIGN KEY (`form_assigned_id`) REFERENCES `form_assigned` (`form_assigned_id`) ON DELETE CASCADE ON UPDATE CASCADE
) ENGINE = InnoDB
  DEFAULT CHARSET = utf8mb3;
/*!40101 SET character_set_client = @saved_cs_client */;

--
-- Dumping data for table `form_revision`
--

LOCK TABLES `form_revision` WRITE;
/*!40000 ALTER TABLE `form_revision`
    DISABLE KEYS */;
/*!40000 ALTER TABLE `form_revision`
    ENABLE KEYS */;
UNLOCK TABLES;

--
-- Table structure for table `form_syn_field`
--

DROP TABLE IF EXISTS `form_syn_field`;
/*!40101 SET @saved_cs_client = @@character_set_client */;
/*!50503 SET character_set_client = utf8mb4 */;
CREATE TABLE `form_syn_field`
(
    `syn_field_id` int unsigned NOT NULL AUTO_INCREMENT,
    `field_name`   varchar(255) NOT NULL,
    PRIMARY KEY (`syn_field_id`)
) ENGINE = InnoDB
  AUTO_INCREMENT = 1205
  DEFAULT CHARSET = utf8mb3;
/*!40101 SET character_set_client = @saved_cs_client */;

--
-- Dumping data for table `form_syn_field`
--

LOCK TABLES `form_syn_field` WRITE;
/*!40000 ALTER TABLE `form_syn_field`
    DISABLE KEYS */;
INSERT INTO `form_syn_field`
VALUES (1, 'syncA_ExtUsr_LastName'),
       (2, 'syncA_ExtUsr_FirstName'),
       (3, 'syncA_ExtUsr_DOB'),
       (4, 'syncA_ExtUsr_PassportCountry'),
       (5, 'syncA_ExtUsr_Phone'),
       (6, 'syncA_ExtUsr_Email'),
       (7, 'syncA_ExtUsr_MailAddr'),
       (8, 'syncA_ExtUsr_MailCity'),
       (9, 'syncA_ExtUsr_MailProvince'),
       (10, 'syncA_ExtUsr_MailCountry'),
       (11, 'syncA_ExtUsr_MailPostal'),
       (12, 'syncA_Reg_PropInvest_Total'),
       (13, 'syncA_Reg_Partner_InvestTotal'),
       (14, 'syncA_Reg_JobsSectionTotal'),
       (15, 'syncA_Reg_BusPropType'),
       (16, 'syncA_Reg_BusOwnerPercent'),
       (17, 'syncA_Reg_BusRegionDist'),
       (18, 'syncA_Reg_BusMunicipality'),
       (19, 'syncA_Reg_BusNAICS'),
       (20, 'syncA_Reg_BusRoleNOC'),
       (23, 'syncA_Reg_RepEmail'),
       (24, 'syncA_ExtUsr_PassportNo'),
       (25, 'syncA_ExtUsr_Category'),
       (26, 'syncA_App_Sex'),
       (27, 'syncA_App_Citizenship1'),
       (28, 'syncA_App_IntendedResidence'),
       (29, 'syncA_App_InCanada'),
       (30, 'syncA_App_InCanada_Status'),
       (31, 'syncA_App_StudyPermit_ClientID'),
       (32, 'syncA_App_StudyPermit_ValidUntil'),
       (33, 'syncA_App_WorkPermit_ClientID'),
       (34, 'syncA_App_WorkPermit_ValidUntil'),
       (35, 'syncA_App_NativeLang'),
       (36, 'syncA_App_EngFrench'),
       (37, 'syncA_App_HowLearnedPNP'),
       (38, 'syncA_App_EduBC_Level'),
       (39, 'syncA_ExtUsr_PassportIssueDate'),
       (40, 'syncA_ExtUsr_PassportExpiryDate'),
       (43, 'syncA_App_RepEmail'),
       (44, 'syncA_App_EduCAN_Level'),
       (45, 'syncA_App_FamMembers'),
       (46, 'syncA_App_MaritalStatus'),
       (47, 'syncA_App_Emp_Comp_LegalName'),
       (48, 'syncA_App_Emp_Comp_OperName'),
       (49, 'syncA_App_Emp_MailCity'),
       (50, 'syncA_App_Emp_BusCity'),
       (51, 'syncA_App_Emp_ContactLname'),
       (52, 'syncA_App_Emp_ContactFname'),
       (53, 'syncA_App_Emp_ContactTitle'),
       (54, 'syncA_App_Emp_ContactEmail'),
       (55, 'syncA_App_Emp_EmployeesNo'),
       (56, 'syncA_App_Emp_Sector'),
       (57, 'syncA_App_Job_Title'),
       (58, 'syncA_App_Job_NOC'),
       (59, 'syncA_App_Job_HourlyWage'),
       (60, 'syncA_App_Job_AnnualWage'),
       (61, 'syncA_App_Job_HoursPerWeek'),
       (62, 'syncA_App_Job_WorkLocationCity'),
       (63, 'syncA_App_Job_WorkLocationPostal'),
       (64, 'syncA_App_EE_ProfileNumber'),
       (65, 'syncA_App_EE_ExpiryDate'),
       (66, 'syncA_App_EE_ValidCode'),
       (67, 'syncA_App_EE_CRS'),
       (68, 'syncA_App_Job_WorkLocationCity'),
       (69, 'syncA_App_Job_WorkLocationPostal'),
       (70, 'syncA_Partner0_LastName'),
       (71, 'syncA_Partner0_FirstName'),
       (72, 'syncA_Partner1_LastName'),
       (73, 'syncA_Partner1_FirstName'),
       (74, 'syncA_Partner2_LastName'),
       (75, 'syncA_Partner2_FirstName'),
       (76, 'syncA_App_Edu_HighestLevel_BC'),
       (77, 'syncA_App_BusDesc'),
       (78, 'syncA_App_JobsMaintained'),
       (79, 'syncA_App_TotalJobs'),
       (80, 'syncA_App_Bus_franchise'),
       (81, 'syncA_App_Bus_farm'),
       (82, 'syncA_App_Bus_local_partner'),
       (83, 'syncA_App_Bus_co_partner'),
       (84, 'syncA_App_Bus_key_staff'),
       (85, 'syncA_App_ActiveApplication'),
       (86, 'syncA_App_PreviousApp'),
       (87, 'syncA_App_CurPrevApplicationsDetails'),
       (88, 'syncA_App_CurResCountry'),
       (89, 'syncA_App_VisitorID'),
       (90, 'syncA_App_LegalAffectWorth'),
       (91, 'syncA_App_Bankruptcy'),
       (92, 'syncA_App_BusBankruptcy'),
       (93, 'syncA_App_BCountry'),
       (94, 'syncA_App_HaveDepChildren'),
       (95, 'BCPNP_App_Phone2'),
       (96, 'BCPNP_App_PhoneB'),
       (97, 'syncA_App_ResAddrDiff'),
       (98, 'syncA_App_ResAddrLine'),
       (99, 'syncA_App_ResCity'),
       (100, 'syncA_App_ResProvince'),
       (101, 'syncA_App_ResCountry'),
       (102, 'syncA_App_ResPostal'),
       (103, 'syncA_App_Spouse_Lname'),
       (104, 'syncA_App_Spouse_Fname'),
       (105, 'syncA_App_Spouse_DOB'),
       (106, 'syncA_App_Spouse_BirthPlace'),
       (107, 'syncA_App_Spouse_Sex'),
       (108, 'syncA_App_Spouse_Citizenship'),
       (109, 'syncA_App_CanadaStatus'),
       (110, 'syncA_App_StudentClientID'),
       (111, 'syncA_App_BusPropType'),
       (112, 'syncA_App_BusRegionDist'),
       (113, 'syncA_App_BusMunicipality'),
       (114, 'syncA_App_BusNAICS'),
       (115, 'syncA_App_BusRoleNOC'),
       (116, 'syncA_App_TotalPInvestment'),
       (1034, 'syncA_entity_name'),
       (1035, 'syncA_trading_name'),
       (1036, 'syncA_australian_business_number'),
       (1037, 'syncA_australian_company_number'),
       (1038, 'syncA_australian_registered_body_number'),
       (1039, 'syncA_australian_securities_exchange_code'),
       (1040, 'syncA_operational_since'),
       (1041, 'syncA_industry_type'),
       (1042, 'syncA_business_email'),
       (1043, 'syncA_nomination_occupation'),
       (1044, 'syncA_business_fax_number'),
       (1045, 'syncA_business_address_1'),
       (1046, 'syncA_business_address_2'),
       (1047, 'syncA_business_town'),
       (1048, 'syncA_business_state'),
       (1049, 'syncA_business_postcode'),
       (1050, 'syncA_business_country'),
       (1051, 'syncA_business_phone_number'),
       (1052, 'syncA_App_WorkPermit_Valid'),
       (1053, 'syncA_Request_PnpFileNumber'),
       (1054, 'syncA_Request_DescisionDate'),
       (1055, 'syncA_Request_AuthRep'),
       (1056, 'syncA_ExtUsr_Lname'),
       (1057, 'syncA_ExtUsr_Fname'),
       (1058, 'syncA_App_WorkPermit_DateSigned'),
       (1059, 'syncA_Final_ExtUsr_LastName'),
       (1060, 'syncA_Final_ExtUsr_FirstName'),
       (1061, 'syncA_Final_ExtUsr_DOB'),
       (1062, 'syncA_Final_Contact_Phone'),
       (1063, 'syncA_Final_Contact_Email'),
       (1064, 'syncA_Final_CompanyName'),
       (1065, 'syncA_Final_OperatingName'),
       (1066, 'syncA_Final_BusinessPhone'),
       (1067, 'syncA_Final_BusinessEmail'),
       (1068, 'syncA_Final_BusinessWebsite'),
       (1069, 'syncA_Final_businessCommencementDate'),
       (1070, 'syncA_Final_BusinessMailAddr'),
       (1071, 'syncA_Final_BusinessMailCity'),
       (1072, 'syncA_Final_BusinessMailPostal'),
       (1073, 'syncA_Final_BusinessAltMailAddr'),
       (1074, 'syncA_Final_BusinessAltMailCity'),
       (1075, 'syncA_Final_BusinessAltMailPostal'),
       (1076, 'syncA_Final_Business_NAICS'),
       (1077, 'syncA_Final_BusinessOwnershipType'),
       (1078, 'syncA_Final_Reg_JobTitle'),
       (1079, 'syncA_Final_NumberOfEmployee'),
       (1080, 'syncA_Final_PrevPNPFileNum'),
       (1081, 'syncA_Final_ResAddrLine'),
       (1082, 'syncA_Final_ResCity'),
       (1083, 'syncA_Final_ResPostal'),
       (1084, 'syncA_Final_MailAddr'),
       (1085, 'syncA_Final_MailCity'),
       (1086, 'syncA_Final_MailPostal'),
       (1087, 'syncA_Reg_EnglishLevel'),
       (1088, 'syncA_Reg_Education'),
       (1089, 'syncA_Reg_RegistrationAge'),
       (1090, 'syncA_Reg_CANWorkExp'),
       (1091, 'syncA_Reg_CANBusExp'),
       (1092, 'syncA_Reg_CANStudies'),
       (1093, 'syncA_pass_expiry_date1_c7'),
       (1094, 'syncA_pass_expiry_date1_c8'),
       (1095, 'syncA_pass_expiry_date1_c9'),
       (1096, 'syncA_pass_expiry_date1_c10'),
       (1097, 'syncA_family_name_c9'),
       (1098, 'syncA_family_name_c10'),
       (1099, 'syncA_given_name_c9'),
       (1100, 'syncA_given_name_c10'),
       (1101, 'syncA_family_name_c7'),
       (1102, 'syncA_given_name_c7'),
       (1103, 'syncA_DOB_c7'),
       (1104, 'syncA_family_name_c8'),
       (1105, 'syncA_given_name_c8'),
       (1106, 'syncA_DOB_c8'),
       (1107, 'syncA_DOB_c9'),
       (1108, 'syncA_DOB_c10'),
       (1109, 'syncA_App_BirthPlace_Country'),
       (1110, 'syncA_ExtUsr_Citizenship'),
       (1111, 'syncA_App_EduBC_To'),
       (1112, 'syncA_App_EduBC_Institution'),
       (1113, 'syncA_App_EduBC_Field'),
       (1114, 'syncA_App_EduCAN_To'),
       (1115, 'syncA_App_EduCAN_Institution'),
       (1116, 'syncA_App_EduCAN_Field'),
       (1117, 'syncA_App_FullTimeEmpOffer'),
       (1118, 'syncA_App_FullTimeEmpOfferInd'),
       (1119, 'syncA_App_Job_WorkLocationAddr'),
       (1120, 'syncA_App_Job_WorkLocationPhone'),
       (1121, 'syncA_App_Job_OfferEndDate'),
       (1122, 'syncA_App_Emp_ContactPhone'),
       (1123, 'syncA_InvestmentTotal'),
       (1124, 'syncA_BusPropType'),
       (1125, 'syncA_BusOwnerPercent'),
       (1126, 'syncA_JobsSectionTotal'),
       (1127, 'syncA_BusMunicipality'),
       (1128, 'syncA_BusRegionDist'),
       (1129, 'syncA_BusNAICS'),
       (1130, 'syncA_BusRoleNOC'),
       (1131, 'syncA_SpouseLname'),
       (1132, 'syncA_SpouseFname'),
       (1133, 'syncA_ActiveApplication'),
       (1134, 'syncA_PreviousApp'),
       (1135, 'syncA_CurPrevApplicationsDetails'),
       (1136, 'syncA_CurResCountry'),
       (1137, 'syncA_InCanada'),
       (1138, 'syncA_IntendedResidence'),
       (1139, 'syncA_CanadaStatus'),
       (1140, 'syncA_StudentClientID'),
       (1141, 'syncA_WorkPermitClientID'),
       (1142, 'syncA_BusDesc'),
       (1143, 'syncA_JobsMaintained'),
       (1144, 'syncA_JobsCreated'),
       (1145, 'syncA_IsBusinessFranchise'),
       (1146, 'syncA_IsBusinessFarmAgro'),
       (1147, 'syncA_IsBusinessPartnershipLocal'),
       (1148, 'syncA_IsBusinessPartnershipBC'),
       (1149, 'syncA_IsBusinessProposingKeyStaff'),
       (1150, 'syncA_TotalPInvestment'),
       (1151, 'syncA_SpouseDOB'),
       (1152, 'syncA_SpouseBirthPlace'),
       (1153, 'syncA_SpouseSex'),
       (1154, 'syncA_SpouseCitizenship'),
       (1155, 'syncA_CurrentExpressEntryProfileNumber'),
       (1156, 'syncA_CurrentSubmissionExpireDate'),
       (1157, 'syncA_CurrentJobSeekerValidationCode'),
       (1158, 'syncA_CurrentComprehensiveRankingScore'),
       (1159, 'syncA_ExpressEntryProfileNumber'),
       (1160, 'syncA_Ext_ApplicationReceivedDate'),
       (1161, 'syncA_Ext_NominatedCategory'),
       (1162, 'syncA_Ext_NomCertNumber'),
       (1163, 'syncA_Ext_BCPNPFileNumber'),
       (1164, 'syncA_Ext_DateOfNomination'),
       (1165, 'syncA_WorkJobTitle'),
       (1166, 'syncA_WorkNOC'),
       (1167, 'syncA_Ext_NominationExpiry'),
       (1168, 'syncA_NewWorkCompany'),
       (1169, 'syncA_NewWorkCompanyOperatingName'),
       (1170, 'syncA_NewWorkJobTitle'),
       (1171, 'syncA_NewWorkNOC'),
       (1172, 'syncA_NewWorkAnnualWage'),
       (1173, 'syncA_NewWorkEmploymentEndDate'),
       (1174, 'syncA_NewWorkEmployerContactLastName'),
       (1175, 'syncA_NewWorkEmployerContactFirstName'),
       (1176, 'syncA_NewWorkEmployerContactTitle'),
       (1177, 'syncA_NewWorkEmployerContactPhone'),
       (1178, 'syncA_NewWorkEmployerContactEmail'),
       (1179, 'syncA_NewWorkEmployerFullTimeEmployees'),
       (1180, 'syncA_NewWorkLocationAddress'),
       (1181, 'syncA_NewWorkLocationCity'),
       (1182, 'syncA_NewWorkLocationPostal'),
       (1183, 'syncA_NewWorkLocationPhone'),
       (1184, 'syncA_VisitorID'),
       (1185, 'syncA_VisitorDateValid'),
       (1186, 'syncA_StudentValid'),
       (1187, 'syncA_WorkPermitValid'),
       (1188, 'syncA_StudentValid'),
       (1189, 'syncA_WorkPermitValid'),
       (1190, 'syncA_BusMunicipality'),
       (1191, 'syncA_BusRegionDist'),
       (1192, 'syncA_FamMembers'),
       (1193, 'syncA_App_FamMembers'),
       (1194, 'syncA_App_HealthAuthority'),
       (1195, 'syncA_App_HealthAuthorityFacility'),
       (1196, 'syncA_App_Emp_WorkAddrUnit'),
       (1197, 'syncA_BusRegionDevRegion'),
       (1198, 'syncA_App_Job_WorkLocationRegionalDistrict'),
       (1199, 'syncA_ProfessionalDesignationEligible'),
       (1200, 'syncA_ProfessionalDesignation'),
       (1201, 'syncA_EnglishLangTotal'),
       (1202, 'syncA_FrenchLangTotal'),
       (1203, 'syncA_App_Job_NOCDescription'),
       (1204, 'syncA_BusRoleNOCDescription');
/*!40000 ALTER TABLE `form_syn_field`
    ENABLE KEYS */;
UNLOCK TABLES;

--
-- Table structure for table `form_templates`
--

DROP TABLE IF EXISTS `form_templates`;
/*!40101 SET @saved_cs_client = @@character_set_client */;
/*!50503 SET character_set_client = utf8mb4 */;
CREATE TABLE `form_templates`
(
    `template_id` int unsigned NOT NULL AUTO_INCREMENT,
    `folder_id`   int unsigned DEFAULT NULL,
    `name`        varchar(255) DEFAULT '',
    `body`        longtext,
    PRIMARY KEY (`template_id`)
) ENGINE = InnoDB
  AUTO_INCREMENT = 152
  DEFAULT CHARSET = utf8mb3;
/*!40101 SET character_set_client = @saved_cs_client */;

--
-- Dumping data for table `form_templates`
--

LOCK TABLES `form_templates` WRITE;
/*!40000 ALTER TABLE `form_templates`
    DISABLE KEYS */;
INSERT INTO `form_templates`
VALUES (140, 70, 'Questionnaires', '&lt;%form94 - Employer Nomination Questionnaire%&gt;<br>&lt;%form95 - Partner Visa Questionnaire%&gt;<br>&lt;%form96 - Permanent Residence Visa Questionnaire%&gt;<br>&lt;%form97 - Standard Business Sponsorship Information%&gt;<br>&lt;%form98 - Student Visa Questionnaire%&gt;<br>&lt;%form99 - Temporary Visa Questionnaire%&gt;<br><br>&lt;%form143 - Additional Family Information Questionnaire%&gt;<br><br><br>'),
       (141, 1, 'Agent Forms', '&lt;%form1 - 956 Advice by a migration agent exempt person of providing immigration assistance%&gt;<br>&lt;%form2 - 956a Appointment or withdrawal of an authorised recipient%&gt;<br>&lt;%form3 - M5 Appointment of representative and or authorised recipient%&gt;<br>&lt;%form4 - MR1 Registered migration agent notice under section 312B%&gt;<br>'),
       (142, 1, 'Business Application Forms', '&lt;%form5 - 47bt Application for a Business Skills (provisional) visa%&gt;<br>&lt;%form6 - 47bu Application for a Business Skills (permanent) visa%&gt;<br>&lt;%form7 - 922 Notification of address or change of address for Business Skills visa holders%&gt;<br>&lt;%form8 - 1031 Declaration Business Skills visa class Investor, State-Territory Sponsored%&gt;<br>&lt;%form9 - 1139A Statement of Assets and Liabilities Position%&gt;<br>&lt;%form10 - 1217 Business Skills profile- Business Owner (Residence)%&gt;<br>'),
       (143, 1, 'Citizenship Forms', '&lt;%form11 - 118 Application for Australian citizenship by descent%&gt;<br>&lt;%form12 - 119 Application for evidence of Australian citizenship%&gt;<br>&lt;%form13 - 128 Application for renunciation of Australian citizenship%&gt;<br>&lt;%form14 - 132 Application to resume Australian citizenship%&gt;<br>&lt;%form15 - 1272 Application for Australian citizenship for children adopted under full Hague Convention arrangements%&gt;<br>&lt;%form16 - 1290 Application for Australian citizenship Other situations%&gt;<br>&lt;%form17 - 1300t Application for Australian citizenship - General eligibility%&gt;<br>&lt;%form18 - 1390 Application for an APEC Business Travel Card (for Australian passport holders only)%&gt;<br>&lt;%form19 - 1391 Request for Confirmation of Australian Citizenship Status - deceased person third party%&gt;<br>'),
       (144, 1, 'Employer-Nomination-Sponsorship Forms', '&lt;%form22 - 1000 Nomination for Distinguished Talent%&gt;<br>&lt;%form23 - 1283 Acknowledgement of unpaid placement_visa applicant%&gt;<br>&lt;%form24 - 1284 Acknowledgement of unpaid placement _ sponsor%&gt;<br>&lt;%form25 - 1381 Sponsoring a medical practioner%&gt;<br>&lt;%form26 - 1400 Application for a Temporary Work (Short Stay Activity) visa%&gt;<br>&lt;%form27 - 1401n Nomination for a long stay activity position%&gt;<br>&lt;%form28 - 1401s Application for approval as a long stay activity sponsor%&gt;<br>&lt;%form29 - 1402A Professional Development Agreement%&gt;<br>&lt;%form30 - 1402n Nomination for an occupational trainee position%&gt;<br>&lt;%form31 - 1402s Application for approval as a training and research sponsor or a professional development sponsor%&gt;<br>'),
       (145, 1, 'Family Application',
        '&lt;%form32 - 40 Sponsorship for migration to Australia (parent, aged dependent relative, remaining relative, carer)%&gt;<br>&lt;%form33 - 40ch Sponsorship for a child to migrate to Australia%&gt;<br>&lt;%form146 - 40sp Sponsorship for a partner to migrate to Australia%&gt;<br><div>&lt;%form34 - 47a Details of child or other dependent family member aged 18 years or over%&gt;<br>&lt;%form35 - 47ch Application for migration to Australia by a child%&gt;<br>&lt;%form36 - 47of Application for migration to Australia by other family members%&gt;<br>&lt;%form37 - 47pa Application for a parent to migrate to Australia%&gt;<br>&lt;%form38 - 47pt Application for migration to Australia by a Contributory Parent (Temporary) or Contributory Aged Parent (Temporary) visa holder%&gt;<div>&lt;%form48 - 47sp Application for migration to Australia by a partner%&gt;<br>&lt;%form39 - 54 Family composition (English and Chinese)%&gt;<br>&lt;%form40 - 147 Application for a New Zealand Citizen Family Relationship (subclass 461) visa%&gt;<br>&lt;%form41 - 888 Statutory declaration by a supporting witness relating to a partner visa application%&gt;<br>&lt;%form42 - 1002 Application by a subclass 445 dependent child for a permanent partner visa%&gt;<br>&lt;%form43 - 1040a Statutory declaration relation to family violence (To be used for visa applications lodged before 15 October 2007)%&gt;<br>&lt;%form44 - 1149 Application for sponsorship for sponsored family visitors%&gt;<br>&lt;%form45 - 1229 Consent form to grant an Australian visa to a child under the age of 18 years%&gt;<br>&lt;%form46 - 1277 Application for sponsorship under general skilled migration%&gt;<br>&lt;%form47 - 1378 Nomination for a temporary position%&gt;<br></div></div>'),
       (146, 1, 'Miscellaneous', '&lt;%form49 - Addendum Form-Address and Employment%&gt;<br>&lt;%form50 - Addendum Form-Dependents%&gt;<br>&lt;%form51 - Addendum Form-Education%&gt;<br>&lt;%form52 - Addendum Form-Travel%&gt;<br>'),
       (147, 1, 'Permanent Visa Forms', '&lt;%form53 - 47sv Application for special migration to Australia%&gt;<br>&lt;%form54 - 164 Application for evidence of resident status in Australia%&gt;<br>&lt;%form55 - 681 Refugee and special humanitarian proposal%&gt;<br>&lt;%form56 - 842 Application for an Offshore Humanitarian visa Refugee and Humanitarian (Class XB) visa%&gt;<br>&lt;%form57 - 852 Application for a Confirmatory (Residence) visa%&gt;<br>&lt;%form58 - 866A Application for a Protection visa - Information about your application%&gt;<div>&lt;%form148 - 866B Application for a Protection visa - Persons included in this application and family composition%&gt;</div><div>&lt;%form59 - 866C Application for a Protection visa - Personal details for each person included in this application%&gt;<br>&lt;%form61 - 931 Application for an Australian Declaratory visa%&gt;<br>&lt;%form62 - 1085 Application for a Resident Return Visa (RRV)%&gt;</div>'),
       (148, 1, 'Post-Lodgement',
        '&lt;%form63 - 26 Medical examination for an Australian visa%&gt;<br>&lt;%form64 - 80 Personal particulars for assessment including character assessment%&gt;<br>&lt;%form65 - 160 Radiological report on chest x-ray of an applicant for an Australian visa%&gt;<br>&lt;%form66 - 424a Request for access to documents or information%&gt;<br>&lt;%form67 - 424c Request for amendment or annotation to personal records under the Freedom of Information Act 1982%&gt;<br>&lt;%form68 - 815 Health Undertaking%&gt;<br>&lt;%form69 - 929 Change of address and or passport details%&gt;<br>&lt;%form70 - 1005 Application for a bridging visa To replace a ceased bridging visa%&gt;<br>&lt;%form71 - 1006 Application for a Bridging visa B To seek permission to travel%&gt;<br>&lt;%form72 - 1007 Application for a Bridging visa D%&gt;<br>&lt;%form73 - 1008 Application for Bridging visa E - subclass 050%&gt;<br>&lt;%form74 - 1022 Notification of changes in circumstances%&gt;<br>&lt;%form75 - 1023 Notification of incorrect answer(s)%&gt;<br>&lt;%form76 - 1060 Information collection for Special Circumstance visa%&gt;<br>&lt;%form77 - 1153 Undertaking visa grant subject to Condition 8503 \'No Further Stay%&gt;<br>&lt;%form78 - 1193 Communicating by e-mail with the department%&gt;<br>&lt;%form79 - 1195 Proof of identity and declaration%&gt;<br>&lt;%form80 - 1257 Undertaking declaration%&gt;<br>&lt;%form81 - 1258 Agreement to undertake care of an unaccompanied humanitarian minor%&gt;&lt;%form83 - 1292 Referral for Complex Case Support (CCS)%&gt;<br>&lt;%form84 - 1359 Request for international movement records%&gt;<br>&lt;%form85 - 1380 Information regarding travel sanctions- Fiji%&gt;<br>&lt;%form86 - 1392 Pregnancy Health Undertaking%&gt;<br>&lt;%form87 - 1424 Refund Request%&gt;<br>&lt;%form88 - 1427 Biometric Identification Test Independent person Information and Acceptance%&gt;<br>&lt;%form89 - 1430 Biometric Identification Test Legislative script - Minors between 15 and 18 years of age%&gt;<br>&lt;%form90 - 1431 Biometric Identification Test Consent from a person in immigration detention to use a personal identifier%&gt;<br>&lt;%form91 - 1428 Biometric Identification Test Legislative Script _ Adult%&gt;<br>&lt;%form92 - 1429 Biometric Identification Test Legislative script _ Minors under 15 years of age and incapable persons%&gt;<br>&lt;%form93 - 1436 Adding an additional applicant after lodgement%&gt;<br><br>'),
       (149, 1, 'Review Forms', '&lt;%form100 - M1-MRT application form for persons not in immigration detention%&gt;<br>&lt;%form101 - M2-MRT application form for persons in immigration detention%&gt;<br>&lt;%form102 - M11 Request for fee reduction%&gt;<br>&lt;%form103 - M16 Request for access to written material held by the tribunal%&gt;<br>&lt;%form104 - M19 Response to hearing invitation%&gt;<br>&lt;%form105 - MR3 Request for access to documents under the FOI Act%&gt;<br>&lt;%form106 - MR6 Change of contact details%&gt;<br>&lt;%form107 - MR10 Withdrawal of application for review%&gt;<br>&lt;%form108 - MRT14 Consent to release personal information under s.362A of the Migration Act%&gt;<br>&lt;%form109 - R21 Response to resumption of adjourned hearing notice%&gt;<br>&lt;%form110 - MR13 Consent to extension of time for processing a FOI request%&gt;<br>&lt;%form111 - R1-RRT Application form%&gt;<br>&lt;%form113 - RRT19 Response to hearing invitation%&gt;<br>'),
       (150, 1, 'State Territory-Regional Forms Applications', '&lt;%form114 - 927 State Territory notification Business Skills class%&gt;<br>&lt;%form115 - 949 State Territory sponsorship Business Skills class%&gt;<br>&lt;%form116 - 1100 State Territory nomination%&gt;<br>&lt;%form117 - 1249 StateTerritory Sponsorship Investor Retirement visa%&gt;<br>&lt;%form118 - 1404 Regional Sponsored Migration Scheme _Regional Certifying Body advice%&gt;<br>'),
       (151, 1, 'Temporary Stay Visa Forms',
        '&lt;%form119 - 48me Application to visit Australia for medical treatment (Class UB Medical Treatment)%&gt;<br>&lt;%form120 - 157a Application for a student visa%&gt;<br>&lt;%form121 - 157g Application for a Student Guardian visa%&gt;<br>&lt;%form122 - 157n Nomination of a student guardian%&gt;<br>&lt;%form123 - 157p Application for a student visa with permission to work%&gt;<br>&lt;%form124 - 876 Application for transit visa for Australia (subclass 771)%&gt;<br>&lt;%form125 - 918 Application for a subclass 445 (temporary) visa by a dependent child%&gt;<br>&lt;%form126 - 919 Nomination of student dependants%&gt;<br>&lt;%form127 - 1003 Application for an emergency (temporary) visa%&gt;<br>&lt;%form129 - 1010 Survey of Business Skills visa holders (Section 104 of the Migration Act 1958)%&gt;<br>&lt;%form130 - 1150 Application for a Working Holiday visa%&gt;<br>&lt;%form131 - 1162 Application for Certificate of Status for New Zealand Citizens in Australia%&gt;<br>&lt;%form132 - 1194 Certification of Immigration Status andor request to cancel a Temporary Resident visa%&gt;<br>&lt;%form133 - 1208 Application for a Work and Holiday visa%&gt;<br>&lt;%form134 - 1263 Working Holiday visa- Employment verification%&gt;<br>&lt;%form135 - 1273 Application for a Maritime Crew (Temporary) visa%&gt;<br>&lt;%form136 - 1276 Application for Skilled - Recognised Graduate (Temporary) visa (subclass 476)%&gt;<br>&lt;%form137 - 1364 Application for a Resolution of Status (subclass 851) visa%&gt;<br>&lt;%form138 - 1365 Application for a Superyacht Crew (Temporary) (subclass 488) visa%&gt;<br>&lt;%form139 - 1366 Application for approval as a Superyacht Crew sponsor%&gt;<br>&lt;%form140 - 1383 Application for a temporary visa for retirees%&gt;<div>&lt;%form147 - 1409 Application for a Temporary Graduate Visa%&gt;</div><div>&lt;%form149 - 1418 Application for a Vistor Visa - Sponsored Family stream%&gt;</div><div>&lt;%form150 - 1419 Application for a Vistor Visa - Tourist stream%&gt;<br></div>');
/*!40000 ALTER TABLE `form_templates`
    ENABLE KEYS */;
UNLOCK TABLES;

--
-- Table structure for table `form_upload`
--

DROP TABLE IF EXISTS `form_upload`;
/*!40101 SET @saved_cs_client = @@character_set_client */;
/*!50503 SET character_set_client = utf8mb4 */;
CREATE TABLE `form_upload`
(
    `form_id`   int unsigned NOT NULL AUTO_INCREMENT,
    `folder_id` int unsigned NOT NULL,
    PRIMARY KEY (`form_id`),
    KEY `FK_FormUpload_FormFolder` (`folder_id`),
    CONSTRAINT `FK_FormUpload_FormFolder` FOREIGN KEY (`folder_id`) REFERENCES `form_folder` (`folder_id`) ON DELETE CASCADE ON UPDATE CASCADE
) ENGINE = InnoDB
  AUTO_INCREMENT = 18
  DEFAULT CHARSET = utf8mb3;
/*!40101 SET character_set_client = @saved_cs_client */;

--
-- Dumping data for table `form_upload`
--

LOCK TABLES `form_upload` WRITE;
/*!40000 ALTER TABLE `form_upload`
    DISABLE KEYS */;
INSERT INTO `form_upload`
VALUES (1, 60),
       (3, 60),
       (4, 60),
       (5, 60),
       (6, 60),
       (7, 60),
       (8, 60),
       (9, 60),
       (10, 60),
       (11, 60),
       (12, 60),
       (13, 60),
       (14, 60),
       (15, 60),
       (16, 60),
       (17, 60);
/*!40000 ALTER TABLE `form_upload`
    ENABLE KEYS */;
UNLOCK TABLES;

--
-- Table structure for table `form_version`
--

DROP TABLE IF EXISTS `form_version`;
/*!40101 SET @saved_cs_client = @@character_set_client */;
/*!50503 SET character_set_client = utf8mb4 */;
CREATE TABLE `form_version`
(
    `form_version_id` int unsigned NOT NULL AUTO_INCREMENT,
    `form_id`         int unsigned NOT NULL,
    `form_type`       enum ('','bar','officio-form') DEFAULT NULL,
    `version_date`    datetime     NOT NULL,
    `file_path`       varchar(255) NOT NULL,
    `size`            varchar(45)  NOT NULL,
    `uploaded_date`   datetime     NOT NULL,
    `uploaded_by`     bigint       NOT NULL,
    `file_name`       varchar(255) NOT NULL,
    `note1`           varchar(255) NOT NULL,
    `note2`           varchar(255) NOT NULL,
    PRIMARY KEY (`form_version_id`)
) ENGINE = InnoDB
  AUTO_INCREMENT = 29
  DEFAULT CHARSET = utf8mb3;
/*!40101 SET character_set_client = @saved_cs_client */;

--
-- Dumping data for table `form_version`
--

LOCK TABLES `form_version` WRITE;
/*!40000 ALTER TABLE `form_version`
    DISABLE KEYS */;
INSERT INTO `form_version`
VALUES (1, 1, '', '2015-05-29 00:00:00', '2015-05-29 04-11-29.pdf', '21kb', '2015-05-29 04:11:29', 1, 'EI Registration Form', '', ''),
       (2, 3, '', '2015-06-19 00:00:00', '2015-06-19 03-06-30.pdf', '1152kb', '2015-06-19 03:06:30', 1, 'SI Application Form', '', ''),
       (3, 4, '', '2015-12-16 00:00:00', '2015-12-16 00-44-27.pdf', '67kb', '2015-12-16 00:44:27', 1, 'SI Registration Form', '', ''),
       (4, 5, '', '2015-12-16 00:00:00', '2015-12-16 00-44-27.pdf', '67kb', '2015-12-16 00:44:27', 1, 'EI Application Form', '', ''),
       (5, 6, '', '2016-12-22 00:00:00', '2016-12-22 00:00:00.pdf', '21kb', '2016-12-22 00:00:00', 1, 'EI Arrival Report Form', '', ''),
       (6, 7, '', '2016-12-23 00:00:00', '2016-12-23 00:00:00.pdf', '21kb', '2016-12-23 00:00:00', 1, 'Review Request Form', '', ''),
       (7, 8, '', '2017-01-18 00:00:00', '2017-01-18 00:00:00.pdf', '21kb', '2017-01-18 00:00:00', 1, 'Key Staff Application Form', '', ''),
       (8, 1, '', '2017-03-22 06:35:58', 'EI_Registration_Form_v2.pdf', '0Kb', '2017-03-22 06:35:58', 1, 'EI Registration Form v2', '', ''),
       (9, 9, '', '2017-03-22 06:35:58', 'EI_Final_Report_form.pdf', '0Kb', '2017-03-22 06:35:58', 1, 'EI Final Report Form', '', ''),
       (10, 3, '', '2018-11-20 13:41:15', 'SI_Application_Form_v2.pdf', '0Kb', '2018-11-20 13:41:15', 1, 'SI Application Form v2', '', ''),
       (11, 1, '', '2018-11-20 13:41:15', 'EI_Registration_Form_v3.pdf', '0Kb', '2018-11-20 13:41:15', 1, 'EI Registration Form v3', '', ''),
       (12, 5, '', '2019-11-13 16:53:39', 'EI_Application_Form_v2.pdf', '0Kb', '2019-11-13 16:53:39', 1, 'EI Application Form v2', '', ''),
       (13, 10, '', '2018-12-11 00:00:00', '2018-12-11 00:00:00.pdf', '1', '2016-12-23 00:00:00', 1, 'SI Post-Nomination Support Form', '', ''),
       (14, 11, '', '2018-12-14 00:00:00', '2018-12-14 00:00:00.pdf', '21kb', '2018-12-14 00:00:00', 1, 'Key Staff Arrival Report Form', '', ''),
       (15, 12, '', '2018-12-14 00:00:00', '2018-12-14 00:00:00.pdf', '21kb', '2018-12-14 00:00:00', 1, 'Key Staff Final Report Form', '', ''),
       (16, 4, '', '2021-07-02 00:00:00', 'si-reg-v2.pdf', '21kb', '2021-07-02 00:00:00', 1, 'SI Registration Form v2', '', ''),
       (17, 3, '', '2021-07-02 00:00:00', 'si-app-v3.pdf', '21kb', '2021-07-02 00:00:00', 1, 'SI Application Form v3', '', ''),
       (18, 6, '', '2021-07-02 00:00:00', 'ei-arrep-v2.pdf', '21kb', '2021-07-02 00:00:00', 1, 'EI Arrival Report Form v2', '', ''),
       (19, 9, '', '2021-07-02 00:00:00', 'ei-finrep-v2.pdf', '21kb', '2021-07-02 00:00:00', 1, 'EI Final Report Form v2', '', ''),
       (20, 7, '', '2021-07-02 00:00:00', 'revreq-v2.pdf', '21kb', '2021-07-02 00:00:00', 1, 'Review Request Form v2', '', ''),
       (21, 1, '', '2022-11-02 00:00:00', 'ei-reg-v4.pdf', '1kb', '2022-11-02 00:00:00', 1, 'EI Registration Form v4', '', ''),
       (22, 5, '', '2022-11-02 00:00:00', 'ei-app-v3.pdf', '1kb', '2022-11-02 00:00:00', 1, 'EI Application Form v3', '', ''),
       (23, 6, '', '2022-11-02 00:00:00', 'ei-arrival-report-v3.pdf', '1kb', '2022-11-02 00:00:00', 1, 'EI Arrival Report Form v3', '', ''),
       (24, 9, '', '2022-11-02 00:00:00', 'ei-final-report-v3.pdf', '1kb', '2022-11-02 00:00:00', 1, 'EI Final Report Form v3', '', ''),
       (25, 4, '', '2022-11-02 00:00:00', 'si-reg-v3.pdf', '1kb', '2022-11-02 00:00:00', 1, 'SI Registration Form v3', '', ''),
       (26, 3, '', '2022-11-02 00:00:00', 'si-app-v4.pdf', '1kb', '2022-11-02 00:00:00', 1, 'SI Application Form v4', '', ''),
       (27, 10, '', '2022-11-02 00:00:00', 'si-post-nom-v2.pdf', '1kb', '2022-11-02 00:00:00', 1, 'SI Post-Nomination Support Form v2', '', ''),
       (28, 7, '', '2022-11-02 00:00:00', 'revreq-v3.pdf', '1kb', '2022-11-02 00:00:00', 1, 'Review Request Form v3', '', '');
/*!40000 ALTER TABLE `form_version`
    ENABLE KEYS */;
UNLOCK TABLES;

--
-- Table structure for table `hst_companies`
--

DROP TABLE IF EXISTS `hst_companies`;
/*!40101 SET @saved_cs_client = @@character_set_client */;
/*!50503 SET character_set_client = utf8mb4 */;
CREATE TABLE `hst_companies`
(
    `province_id`    int unsigned                          NOT NULL AUTO_INCREMENT,
    `province`       char(255)                                      DEFAULT NULL,
    `rate`           double(13, 4) unsigned                         DEFAULT NULL,
    `tax_label`      char(255)                                      DEFAULT 'GST',
    `tax_type`       enum ('exempt','included','excluded') NOT NULL DEFAULT 'excluded',
    `is_system`      enum ('Y','N')                        NOT NULL DEFAULT 'N',
    `province_order` tinyint                               NOT NULL DEFAULT '2',
    PRIMARY KEY (`province_id`)
) ENGINE = InnoDB
  AUTO_INCREMENT = 18
  DEFAULT CHARSET = utf8mb3;
/*!40101 SET character_set_client = @saved_cs_client */;

--
-- Dumping data for table `hst_companies`
--

LOCK TABLES `hst_companies` WRITE;
/*!40000 ALTER TABLE `hst_companies`
    DISABLE KEYS */;
INSERT INTO `hst_companies`
VALUES (15, 'GST (10%) Included', 10.0000, 'GST', 'included', 'Y', 1),
       (16, 'Add', 10.0000, 'GST', 'excluded', 'N', 2),
       (17, 'GST Exempt', 0.0000, 'GST', 'exempt', 'Y', 0);
/*!40000 ALTER TABLE `hst_companies`
    ENABLE KEYS */;
UNLOCK TABLES;

--
-- Table structure for table `hst_officio`
--

DROP TABLE IF EXISTS `hst_officio`;
/*!40101 SET @saved_cs_client = @@character_set_client */;
/*!50503 SET character_set_client = utf8mb4 */;
CREATE TABLE `hst_officio`
(
    `province_id`    int unsigned                          NOT NULL AUTO_INCREMENT,
    `province`       char(255)                                      DEFAULT NULL,
    `rate`           double(13, 4) unsigned                         DEFAULT NULL,
    `tax_label`      char(255)                                      DEFAULT 'GST',
    `tax_type`       enum ('exempt','included','excluded') NOT NULL DEFAULT 'excluded',
    `is_system`      enum ('Y','N')                        NOT NULL DEFAULT 'N',
    `province_order` tinyint                               NOT NULL DEFAULT '2',
    PRIMARY KEY (`province_id`)
) ENGINE = InnoDB
  AUTO_INCREMENT = 18
  DEFAULT CHARSET = utf8mb3;
/*!40101 SET character_set_client = @saved_cs_client */;

--
-- Dumping data for table `hst_officio`
--

LOCK TABLES `hst_officio` WRITE;
/*!40000 ALTER TABLE `hst_officio`
    DISABLE KEYS */;
INSERT INTO `hst_officio`
VALUES (15, 'GST (10%) Included', 10.0000, 'GST', 'included', 'Y', 1),
       (16, 'Add', 10.0000, 'GST', 'excluded', 'N', 2),
       (17, 'GST Exempt', 0.0000, 'GST', 'exempt', 'Y', 0);
/*!40000 ALTER TABLE `hst_officio`
    ENABLE KEYS */;
UNLOCK TABLES;

--
-- Table structure for table `letterheads`
--

DROP TABLE IF EXISTS `letterheads`;
/*!40101 SET @saved_cs_client = @@character_set_client */;
/*!50503 SET character_set_client = utf8mb4 */;
CREATE TABLE `letterheads`
(
    `letterhead_id`   int    NOT NULL AUTO_INCREMENT,
    `company_id`      bigint NOT NULL,
    `name`            varchar(50)          DEFAULT NULL,
    `create_date`     date                 DEFAULT NULL,
    `type`            enum ('a4','letter') DEFAULT NULL,
    `created_by`      bigint NOT NULL,
    `same_subsequent` int                  DEFAULT '1',
    PRIMARY KEY (`letterhead_id`),
    KEY `FK_company_id` (`company_id`),
    KEY `FK_created_by` (`created_by`),
    CONSTRAINT `FK_company_id` FOREIGN KEY (`company_id`) REFERENCES `company` (`company_id`) ON DELETE CASCADE ON UPDATE CASCADE,
    CONSTRAINT `FK_created_by` FOREIGN KEY (`created_by`) REFERENCES `members` (`member_id`) ON DELETE CASCADE ON UPDATE CASCADE
) ENGINE = InnoDB
  DEFAULT CHARSET = utf8mb3;
/*!40101 SET character_set_client = @saved_cs_client */;

--
-- Dumping data for table `letterheads`
--

LOCK TABLES `letterheads` WRITE;
/*!40000 ALTER TABLE `letterheads`
    DISABLE KEYS */;
/*!40000 ALTER TABLE `letterheads`
    ENABLE KEYS */;
UNLOCK TABLES;

--
-- Table structure for table `letterheads_files`
--

DROP TABLE IF EXISTS `letterheads_files`;
/*!40101 SET @saved_cs_client = @@character_set_client */;
/*!50503 SET character_set_client = utf8mb4 */;
CREATE TABLE `letterheads_files`
(
    `letterhead_file_id` int         NOT NULL AUTO_INCREMENT,
    `letterhead_id`      int         NOT NULL,
    `file_name`          varchar(50) NOT NULL,
    `size`               varchar(45) DEFAULT NULL,
    `margin_left`        int         DEFAULT NULL,
    `margin_top`         int         DEFAULT NULL,
    `margin_right`       int         DEFAULT NULL,
    `margin_bottom`      int         DEFAULT NULL,
    `number`             int         DEFAULT NULL,
    PRIMARY KEY (`letterhead_file_id`),
    KEY `FK_letterhead_id` (`letterhead_id`),
    CONSTRAINT `FK_letterhead_id` FOREIGN KEY (`letterhead_id`) REFERENCES `letterheads` (`letterhead_id`) ON DELETE CASCADE ON UPDATE CASCADE
) ENGINE = InnoDB
  DEFAULT CHARSET = utf8mb3;
/*!40101 SET character_set_client = @saved_cs_client */;

--
-- Dumping data for table `letterheads_files`
--

LOCK TABLES `letterheads_files` WRITE;
/*!40000 ALTER TABLE `letterheads_files`
    DISABLE KEYS */;
/*!40000 ALTER TABLE `letterheads_files`
    ENABLE KEYS */;
UNLOCK TABLES;

--
-- Table structure for table `members`
--

DROP TABLE IF EXISTS `members`;
/*!40101 SET @saved_cs_client = @@character_set_client */;
/*!50503 SET character_set_client = utf8mb4 */;
CREATE TABLE `members`
(
    `member_id`                       bigint         NOT NULL AUTO_INCREMENT,
    `company_id`                      bigint                  DEFAULT NULL,
    `division_group_id`               int unsigned            DEFAULT NULL,
    `userType`                        int unsigned   NOT NULL,
    `username`                        varchar(50)             DEFAULT NULL,
    `password`                        varchar(200)            DEFAULT NULL,
    `oauth_idir`                      varchar(255)            DEFAULT NULL,
    `oauth_guid`                      varchar(255)            DEFAULT NULL,
    `emailAddress`                    varchar(255)            DEFAULT NULL,
    `fName`                           varchar(255)            DEFAULT NULL,
    `lName`                           varchar(255)   NOT NULL DEFAULT '',
    `enable_daily_notifications`      enum ('Y','N') NOT NULL DEFAULT 'N',
    `show_special_announcements`      enum ('Y','N') NOT NULL DEFAULT 'Y',
    `special_announcements_viewed_on` datetime                DEFAULT NULL,
    `regTime`                         int                     DEFAULT NULL,
    `lastLogin`                       int                     DEFAULT NULL,
    `status`                          tinyint(1)     NOT NULL DEFAULT '0',
    `login_enabled`                   enum ('Y','N') NOT NULL DEFAULT 'N',
    `login_temporary_disabled_on`     datetime                DEFAULT NULL,
    `disabled_timestamp`              int            NOT NULL DEFAULT '0',
    `password_change_date`            int                     DEFAULT NULL,
    `news_read_on`                    datetime                DEFAULT NULL,
    `last_access`                     int                     DEFAULT NULL,
    `logged_in`                       enum ('Y','N')          DEFAULT NULL,
    PRIMARY KEY (`member_id`),
    KEY `FK_members_company` (`company_id`),
    KEY `FK_members_members_types` (`userType`),
    KEY `FK_members_divisions_groups` (`division_group_id`),
    CONSTRAINT `FK_members_company` FOREIGN KEY (`company_id`) REFERENCES `company` (`company_id`) ON DELETE CASCADE ON UPDATE CASCADE,
    CONSTRAINT `FK_members_divisions_groups` FOREIGN KEY (`division_group_id`) REFERENCES `divisions_groups` (`division_group_id`) ON DELETE CASCADE ON UPDATE CASCADE,
    CONSTRAINT `FK_members_members_types` FOREIGN KEY (`userType`) REFERENCES `members_types` (`member_type_id`) ON DELETE CASCADE ON UPDATE CASCADE
) ENGINE = InnoDB
  AUTO_INCREMENT = 907
  DEFAULT CHARSET = utf8mb3;
/*!40101 SET character_set_client = @saved_cs_client */;

--
-- Dumping data for table `members`
--

LOCK TABLES `members` WRITE;
/*!40000 ALTER TABLE `members`
    DISABLE KEYS */;
INSERT INTO `members`
VALUES (1, 0, 1, 1, 'superadmin', '$2y$11$cNbX.GhzANcpNHagVfzpTutjx77cUwzEJM8wCZPbQssh3UslLy8kW', NULL, NULL, 'superadmin@email.com', 'Super', 'Admin', 'N', 'Y', NULL, 1246366677, 1490363537, 1, 'Y', NULL, 0, 1432765202, NULL, NULL, NULL),
       (906, 1, 2, 2, 'admin', '$2y$11$ne.qzNCVpIq0/qAv9HwvGOtHGk4MeJYZ/GCQ0xnAhAxmyiKiMNRxO', NULL, NULL, 'admin@example.com', 'Admin', 'Admin', 'N', 'Y', NULL, 1435116958, 1484680195, 1, 'Y', NULL, 0, NULL, NULL, NULL, NULL);
/*!40000 ALTER TABLE `members`
    ENABLE KEYS */;
UNLOCK TABLES;

--
-- Table structure for table `members_divisions`
--

DROP TABLE IF EXISTS `members_divisions`;
/*!40101 SET @saved_cs_client = @@character_set_client */;
/*!50503 SET character_set_client = utf8mb4 */;
CREATE TABLE `members_divisions`
(
    `member_id`   bigint                                                     DEFAULT NULL,
    `division_id` int unsigned NOT NULL,
    `type`        enum ('access_to','responsible_for','pull_from','push_to') DEFAULT 'access_to',
    UNIQUE KEY `member_id_division_id_type` (`member_id`, `division_id`, `type`),
    KEY `FK_members_divisions_1` (`member_id`),
    KEY `FK_members_divisions_divisions` (`division_id`),
    CONSTRAINT `FK_members_divisions_divisions` FOREIGN KEY (`division_id`) REFERENCES `divisions` (`division_id`) ON DELETE CASCADE ON UPDATE CASCADE,
    CONSTRAINT `FK_members_divisions_members` FOREIGN KEY (`member_id`) REFERENCES `members` (`member_id`) ON DELETE CASCADE ON UPDATE CASCADE
) ENGINE = InnoDB
  DEFAULT CHARSET = utf8mb3;
/*!40101 SET character_set_client = @saved_cs_client */;

--
-- Dumping data for table `members_divisions`
--

LOCK TABLES `members_divisions` WRITE;
/*!40000 ALTER TABLE `members_divisions`
    DISABLE KEYS */;
INSERT INTO `members_divisions`
VALUES (906, 44, 'access_to'),
       (906, 44, 'push_to'),
       (906, 45, 'access_to'),
       (906, 45, 'push_to'),
       (906, 47, 'access_to'),
       (906, 47, 'push_to'),
       (906, 50, 'access_to'),
       (906, 50, 'push_to'),
       (906, 61, 'access_to'),
       (906, 61, 'push_to'),
       (906, 63, 'access_to'),
       (906, 63, 'push_to'),
       (906, 65, 'access_to'),
       (906, 65, 'push_to'),
       (906, 68, 'access_to'),
       (906, 68, 'push_to'),
       (906, 71, 'access_to'),
       (906, 71, 'push_to'),
       (906, 73, 'access_to'),
       (906, 73, 'push_to'),
       (906, 78, 'access_to'),
       (906, 78, 'push_to'),
       (906, 80, 'access_to'),
       (906, 80, 'push_to');
/*!40000 ALTER TABLE `members_divisions`
    ENABLE KEYS */;
UNLOCK TABLES;

--
-- Table structure for table `members_last_access`
--

DROP TABLE IF EXISTS `members_last_access`;
/*!40101 SET @saved_cs_client = @@character_set_client */;
/*!50503 SET character_set_client = utf8mb4 */;
CREATE TABLE `members_last_access`
(
    `member_id`      bigint NOT NULL,
    `view_member_id` bigint NOT NULL,
    `access_date`    datetime DEFAULT NULL,
    PRIMARY KEY (`member_id`, `view_member_id`),
    KEY `FK_members_last_access_members` (`view_member_id`),
    CONSTRAINT `FK_members_last_access_1` FOREIGN KEY (`member_id`) REFERENCES `members` (`member_id`) ON DELETE CASCADE ON UPDATE CASCADE,
    CONSTRAINT `FK_members_last_access_members` FOREIGN KEY (`view_member_id`) REFERENCES `members` (`member_id`) ON DELETE CASCADE ON UPDATE CASCADE
) ENGINE = InnoDB
  DEFAULT CHARSET = utf8mb3;
/*!40101 SET character_set_client = @saved_cs_client */;

--
-- Dumping data for table `members_last_access`
--

LOCK TABLES `members_last_access` WRITE;
/*!40000 ALTER TABLE `members_last_access`
    DISABLE KEYS */;
/*!40000 ALTER TABLE `members_last_access`
    ENABLE KEYS */;
UNLOCK TABLES;

--
-- Table structure for table `members_last_passwords`
--

DROP TABLE IF EXISTS `members_last_passwords`;
/*!40101 SET @saved_cs_client = @@character_set_client */;
/*!50503 SET character_set_client = utf8mb4 */;
CREATE TABLE `members_last_passwords`
(
    `member_id` bigint       NOT NULL,
    `password`  varchar(200) NOT NULL,
    `timestamp` int unsigned NOT NULL,
    KEY `FK_members_last_passwords_members` (`member_id`),
    CONSTRAINT `FK_members_last_passwords_members` FOREIGN KEY (`member_id`) REFERENCES `members` (`member_id`) ON DELETE CASCADE ON UPDATE CASCADE
) ENGINE = InnoDB
  DEFAULT CHARSET = utf8mb3;
/*!40101 SET character_set_client = @saved_cs_client */;

--
-- Dumping data for table `members_last_passwords`
--

LOCK TABLES `members_last_passwords` WRITE;
/*!40000 ALTER TABLE `members_last_passwords`
    DISABLE KEYS */;
INSERT INTO `members_last_passwords`
VALUES (1, 'eNortjI2slLawJYkbeb4XCeIhf2dSsL8vUcYb7Blf265ctV69Wbuue1bypWsATLOEL4,', 1432765202);
/*!40000 ALTER TABLE `members_last_passwords`
    ENABLE KEYS */;
UNLOCK TABLES;

--
-- Table structure for table `members_password_retrievals`
--

DROP TABLE IF EXISTS `members_password_retrievals`;
/*!40101 SET @saved_cs_client = @@character_set_client */;
/*!50503 SET character_set_client = utf8mb4 */;
CREATE TABLE `members_password_retrievals`
(
    `id`         int unsigned NOT NULL AUTO_INCREMENT,
    `member_id`  bigint       NOT NULL,
    `hash`       varchar(40)  NOT NULL,
    `expiration` int          NOT NULL COMMENT 'datetime when hash will be expired',
    PRIMARY KEY (`id`),
    KEY `FK_passwd_retr_members` (`member_id`),
    CONSTRAINT `FK_passwd_retr_members` FOREIGN KEY (`member_id`) REFERENCES `members` (`member_id`) ON DELETE CASCADE ON UPDATE CASCADE
) ENGINE = InnoDB
  DEFAULT CHARSET = utf8mb3;
/*!40101 SET character_set_client = @saved_cs_client */;

--
-- Dumping data for table `members_password_retrievals`
--

LOCK TABLES `members_password_retrievals` WRITE;
/*!40000 ALTER TABLE `members_password_retrievals`
    DISABLE KEYS */;
/*!40000 ALTER TABLE `members_password_retrievals`
    ENABLE KEYS */;
UNLOCK TABLES;

--
-- Table structure for table `members_pua`
--

DROP TABLE IF EXISTS `members_pua`;
/*!40101 SET @saved_cs_client = @@character_set_client */;
/*!50503 SET character_set_client = utf8mb4 */;
CREATE TABLE `members_pua`
(
    `pua_id`                                               int unsigned                                                                                   NOT NULL AUTO_INCREMENT,
    `member_id`                                            bigint                                                                                         NOT NULL,
    `pua_type`                                             enum ('designated_person','business_contact') CHARACTER SET utf8mb3 COLLATE utf8mb3_unicode_ci NOT NULL,
    `pua_designated_person_type`                           enum ('responsible_person','authorized_representative') CHARACTER SET utf8mb3 COLLATE utf8mb3_unicode_ci DEFAULT NULL,
    `pua_designated_person_form`                           varchar(255) CHARACTER SET utf8mb3 COLLATE utf8mb3_unicode_ci                                            DEFAULT NULL,
    `pua_designated_person_full_name`                      varchar(255) CHARACTER SET utf8mb3 COLLATE utf8mb3_unicode_ci                                            DEFAULT NULL,
    `pua_designated_person_given_name`                     varchar(255) CHARACTER SET utf8mb3 COLLATE utf8mb3_unicode_ci                                            DEFAULT NULL,
    `pua_designated_person_family_name`                    varchar(255) CHARACTER SET utf8mb3 COLLATE utf8mb3_unicode_ci                                            DEFAULT NULL,
    `pua_designated_person_primary_address`                varchar(255) CHARACTER SET utf8mb3 COLLATE utf8mb3_unicode_ci                                            DEFAULT NULL,
    `pua_designated_person_secondary_address`              varchar(255) CHARACTER SET utf8mb3 COLLATE utf8mb3_unicode_ci                                            DEFAULT NULL,
    `pua_designated_person_phone`                          varchar(255) CHARACTER SET utf8mb3 COLLATE utf8mb3_unicode_ci                                            DEFAULT NULL,
    `pua_designated_person_email`                          varchar(255) CHARACTER SET utf8mb3 COLLATE utf8mb3_unicode_ci                                            DEFAULT NULL,
    `pua_designated_person_primary_rcic_full_name`         varchar(255) CHARACTER SET utf8mb3 COLLATE utf8mb3_unicode_ci                                            DEFAULT NULL,
    `pua_designated_person_primary_rcic_given_name`        varchar(255) CHARACTER SET utf8mb3 COLLATE utf8mb3_unicode_ci                                            DEFAULT NULL,
    `pua_designated_person_primary_rcic_family_name`       varchar(255) CHARACTER SET utf8mb3 COLLATE utf8mb3_unicode_ci                                            DEFAULT NULL,
    `pua_designated_person_primary_rcic_primary_address`   varchar(255) CHARACTER SET utf8mb3 COLLATE utf8mb3_unicode_ci                                            DEFAULT NULL,
    `pua_designated_person_primary_rcic_secondary_address` varchar(255) CHARACTER SET utf8mb3 COLLATE utf8mb3_unicode_ci                                            DEFAULT NULL,
    `pua_designated_person_primary_rcic_phone`             varchar(255) CHARACTER SET utf8mb3 COLLATE utf8mb3_unicode_ci                                            DEFAULT NULL,
    `pua_designated_person_primary_rcic_email`             varchar(255) CHARACTER SET utf8mb3 COLLATE utf8mb3_unicode_ci                                            DEFAULT NULL,
    `pua_business_contact_name`                            varchar(255) CHARACTER SET utf8mb3 COLLATE utf8mb3_unicode_ci                                            DEFAULT NULL,
    `pua_business_contact_or_service`                      varchar(255) CHARACTER SET utf8mb3 COLLATE utf8mb3_unicode_ci                                            DEFAULT NULL,
    `pua_business_contact_phone`                           varchar(255) CHARACTER SET utf8mb3 COLLATE utf8mb3_unicode_ci                                            DEFAULT NULL,
    `pua_business_contact_email`                           varchar(255) CHARACTER SET utf8mb3 COLLATE utf8mb3_unicode_ci                                            DEFAULT NULL,
    `pua_business_contact_username`                        varchar(255) CHARACTER SET utf8mb3 COLLATE utf8mb3_unicode_ci                                            DEFAULT NULL,
    `pua_business_contact_password`                        varchar(255) CHARACTER SET utf8mb3 COLLATE utf8mb3_unicode_ci                                            DEFAULT NULL,
    `pua_business_contact_instructions`                    text CHARACTER SET utf8mb3 COLLATE utf8mb3_unicode_ci,
    `pua_created_by`                                       bigint                                                                                                   DEFAULT NULL,
    `pua_created_on`                                       datetime                                                                                       NOT NULL,
    `pua_updated_by`                                       bigint                                                                                                   DEFAULT NULL,
    `pua_updated_on`                                       datetime                                                                                                 DEFAULT NULL,
    PRIMARY KEY (`pua_id`),
    KEY `FK_members_pua_members` (`member_id`),
    KEY `FK_members_pua_members_2` (`pua_created_by`),
    KEY `FK_members_pua_members_3` (`pua_updated_by`),
    CONSTRAINT `FK_members_pua_members` FOREIGN KEY (`member_id`) REFERENCES `members` (`member_id`) ON DELETE CASCADE ON UPDATE CASCADE,
    CONSTRAINT `FK_members_pua_members_2` FOREIGN KEY (`pua_created_by`) REFERENCES `members` (`member_id`) ON DELETE SET NULL ON UPDATE SET NULL,
    CONSTRAINT `FK_members_pua_members_3` FOREIGN KEY (`pua_updated_by`) REFERENCES `members` (`member_id`) ON DELETE SET NULL ON UPDATE SET NULL
) ENGINE = InnoDB
  DEFAULT CHARSET = utf8mb3
  COLLATE = utf8mb3_unicode_ci COMMENT ='Members Planned or Unplanned Absence (i.e. death)';
/*!40101 SET character_set_client = @saved_cs_client */;

--
-- Dumping data for table `members_pua`
--

LOCK TABLES `members_pua` WRITE;
/*!40000 ALTER TABLE `members_pua`
    DISABLE KEYS */;
/*!40000 ALTER TABLE `members_pua`
    ENABLE KEYS */;
UNLOCK TABLES;

--
-- Table structure for table `members_queues`
--

DROP TABLE IF EXISTS `members_queues`;
/*!40101 SET @saved_cs_client = @@character_set_client */;
/*!50503 SET character_set_client = utf8mb4 */;
CREATE TABLE `members_queues`
(
    `member_id`                          bigint           NOT NULL,
    `queue_member_allowed_queues`        text,
    `queue_member_selected_queues`       text,
    `queue_individual_columns`           text,
    `queue_individual_show_active_cases` tinyint unsigned NOT NULL DEFAULT '1',
    `queue_employer_columns`             text,
    `queue_employer_show_active_cases`   tinyint unsigned NOT NULL DEFAULT '1',
    KEY `FK_members_queues_members` (`member_id`),
    CONSTRAINT `FK_members_queues_members` FOREIGN KEY (`member_id`) REFERENCES `members` (`member_id`) ON DELETE CASCADE ON UPDATE CASCADE
) ENGINE = InnoDB
  DEFAULT CHARSET = utf8mb3;
/*!40101 SET character_set_client = @saved_cs_client */;

--
-- Dumping data for table `members_queues`
--

LOCK TABLES `members_queues` WRITE;
/*!40000 ALTER TABLE `members_queues`
    DISABLE KEYS */;
/*!40000 ALTER TABLE `members_queues`
    ENABLE KEYS */;
UNLOCK TABLES;

--
-- Table structure for table `members_relations`
--

DROP TABLE IF EXISTS `members_relations`;
/*!40101 SET @saved_cs_client = @@character_set_client */;
/*!50503 SET character_set_client = utf8mb4 */;
CREATE TABLE `members_relations`
(
    `parent_member_id`   bigint NOT NULL,
    `child_member_id`    bigint NOT NULL,
    `applicant_group_id` int unsigned     DEFAULT NULL,
    `row`                tinyint unsigned DEFAULT NULL,
    KEY `FK_members_relations_2` (`child_member_id`),
    KEY `FK_members_relations_3` (`applicant_group_id`),
    KEY `FK_members_relations` (`parent_member_id`),
    CONSTRAINT `FK_members_relations_1` FOREIGN KEY (`parent_member_id`) REFERENCES `members` (`member_id`) ON DELETE CASCADE ON UPDATE CASCADE,
    CONSTRAINT `FK_members_relations_2` FOREIGN KEY (`child_member_id`) REFERENCES `members` (`member_id`) ON DELETE CASCADE ON UPDATE CASCADE,
    CONSTRAINT `FK_members_relations_3` FOREIGN KEY (`applicant_group_id`) REFERENCES `applicant_form_groups` (`applicant_group_id`) ON DELETE CASCADE ON UPDATE CASCADE
) ENGINE = InnoDB
  DEFAULT CHARSET = utf8mb3;
/*!40101 SET character_set_client = @saved_cs_client */;

--
-- Dumping data for table `members_relations`
--

LOCK TABLES `members_relations` WRITE;
/*!40000 ALTER TABLE `members_relations`
    DISABLE KEYS */;
/*!40000 ALTER TABLE `members_relations`
    ENABLE KEYS */;
UNLOCK TABLES;

--
-- Table structure for table `members_roles`
--

DROP TABLE IF EXISTS `members_roles`;
/*!40101 SET @saved_cs_client = @@character_set_client */;
/*!50503 SET character_set_client = utf8mb4 */;
CREATE TABLE `members_roles`
(
    `member_id` bigint NOT NULL,
    `role_id`   int    NOT NULL DEFAULT '0',
    KEY `FK_members_roles_members` (`member_id`),
    KEY `FK_members_roles_acl_roles` (`role_id`),
    CONSTRAINT `FK_members_roles_acl_roles` FOREIGN KEY (`role_id`) REFERENCES `acl_roles` (`role_id`) ON DELETE CASCADE ON UPDATE CASCADE,
    CONSTRAINT `FK_members_roles_members` FOREIGN KEY (`member_id`) REFERENCES `members` (`member_id`) ON DELETE CASCADE ON UPDATE CASCADE
) ENGINE = InnoDB
  DEFAULT CHARSET = utf8mb3;
/*!40101 SET character_set_client = @saved_cs_client */;

--
-- Dumping data for table `members_roles`
--

LOCK TABLES `members_roles` WRITE;
/*!40000 ALTER TABLE `members_roles`
    DISABLE KEYS */;
INSERT INTO `members_roles`
VALUES (1, 5),
       (906, 4929);
/*!40000 ALTER TABLE `members_roles`
    ENABLE KEYS */;
UNLOCK TABLES;

--
-- Table structure for table `members_ta`
--

DROP TABLE IF EXISTS `members_ta`;
/*!40101 SET @saved_cs_client = @@character_set_client */;
/*!50503 SET character_set_client = utf8mb4 */;
CREATE TABLE `members_ta`
(
    `members_ta_id`       int           NOT NULL AUTO_INCREMENT,
    `member_id`           bigint                 DEFAULT NULL,
    `company_ta_id`       int                    DEFAULT NULL,
    `order`               tinyint unsigned       DEFAULT '0',
    `outstanding_balance` double(12, 2) NOT NULL DEFAULT '0.00',
    `sub_total`           double(12, 2) NOT NULL DEFAULT '0.00',
    `sub_total_cleared`   double(12, 2) NOT NULL DEFAULT '0.00',
    PRIMARY KEY (`members_ta_id`),
    KEY `FK_members_ta_members` (`member_id`),
    KEY `FK_members_ta_company_ta` (`company_ta_id`),
    CONSTRAINT `FK_members_ta_company_ta` FOREIGN KEY (`company_ta_id`) REFERENCES `company_ta` (`company_ta_id`) ON DELETE CASCADE ON UPDATE CASCADE,
    CONSTRAINT `FK_members_ta_members` FOREIGN KEY (`member_id`) REFERENCES `members` (`member_id`) ON DELETE CASCADE ON UPDATE CASCADE
) ENGINE = InnoDB
  DEFAULT CHARSET = utf8mb3;
/*!40101 SET character_set_client = @saved_cs_client */;

--
-- Dumping data for table `members_ta`
--

LOCK TABLES `members_ta` WRITE;
/*!40000 ALTER TABLE `members_ta`
    DISABLE KEYS */;
/*!40000 ALTER TABLE `members_ta`
    ENABLE KEYS */;
UNLOCK TABLES;

--
-- Table structure for table `members_types`
--

DROP TABLE IF EXISTS `members_types`;
/*!40101 SET @saved_cs_client = @@character_set_client */;
/*!50503 SET character_set_client = utf8mb4 */;
CREATE TABLE `members_types`
(
    `member_type_id`                 int unsigned   NOT NULL AUTO_INCREMENT,
    `member_type_name`               varchar(30)    NOT NULL DEFAULT '',
    `member_type_case_template_name` varchar(30)    NOT NULL DEFAULT '',
    `member_type_visible`            enum ('Y','N') NOT NULL DEFAULT 'Y',
    PRIMARY KEY (`member_type_id`),
    KEY `members_types` (`member_type_id`)
) ENGINE = InnoDB
  AUTO_INCREMENT = 11
  DEFAULT CHARSET = utf8mb3;
/*!40101 SET character_set_client = @saved_cs_client */;

--
-- Dumping data for table `members_types`
--

LOCK TABLES `members_types` WRITE;
/*!40000 ALTER TABLE `members_types`
    DISABLE KEYS */;
INSERT INTO `members_types`
VALUES (1, 'superadmin', '', 'N'),
       (2, 'admin', '', 'N'),
       (3, 'case', '', 'N'),
       (4, 'user', '', 'N'),
       (5, 'agent', '', 'N'),
       (6, 'crm_user', '', 'N'),
       (7, 'employer', 'Employer Clients', 'Y'),
       (8, 'individual', 'Individual Clients', 'Y'),
       (9, 'internal_contact', 'Internal Contact', 'N'),
       (10, 'contact', 'Contact', 'Y');
/*!40000 ALTER TABLE `members_types`
    ENABLE KEYS */;
UNLOCK TABLES;

--
-- Table structure for table `members_vevo_mapping`
--

DROP TABLE IF EXISTS `members_vevo_mapping`;
/*!40101 SET @saved_cs_client = @@character_set_client */;
/*!50503 SET character_set_client = utf8mb4 */;
CREATE TABLE `members_vevo_mapping`
(
    `from_member_id` bigint NOT NULL,
    `to_member_id`   bigint NOT NULL,
    KEY `FK_members_vevo_mapping_members` (`from_member_id`),
    KEY `FK_members_vevo_mapping_members_2` (`to_member_id`),
    CONSTRAINT `FK_members_vevo_mapping_members` FOREIGN KEY (`from_member_id`) REFERENCES `members` (`member_id`) ON DELETE CASCADE ON UPDATE CASCADE,
    CONSTRAINT `FK_members_vevo_mapping_members_2` FOREIGN KEY (`to_member_id`) REFERENCES `members` (`member_id`) ON DELETE CASCADE ON UPDATE CASCADE
) ENGINE = InnoDB
  DEFAULT CHARSET = utf8mb3 COMMENT ='Contains vevo mapping list for the VEVO feature in the Clients.';
/*!40101 SET character_set_client = @saved_cs_client */;

--
-- Dumping data for table `members_vevo_mapping`
--

LOCK TABLES `members_vevo_mapping` WRITE;
/*!40000 ALTER TABLE `members_vevo_mapping`
    DISABLE KEYS */;
/*!40000 ALTER TABLE `members_vevo_mapping`
    ENABLE KEYS */;
UNLOCK TABLES;

--
-- Table structure for table `news`
--

DROP TABLE IF EXISTS `news`;
/*!40101 SET @saved_cs_client = @@character_set_client */;
/*!50503 SET character_set_client = utf8mb4 */;
CREATE TABLE `news`
(
    `news_id`                 int unsigned   NOT NULL AUTO_INCREMENT,
    `title`                   tinytext,
    `content`                 longtext,
    `create_date`             datetime                DEFAULT NULL,
    `show_on_homepage`        enum ('Y','N') NOT NULL DEFAULT 'Y',
    `is_special_announcement` enum ('Y','N') NOT NULL DEFAULT 'N',
    PRIMARY KEY (`news_id`)
) ENGINE = InnoDB
  DEFAULT CHARSET = utf8mb3;
/*!40101 SET character_set_client = @saved_cs_client */;

--
-- Dumping data for table `news`
--

LOCK TABLES `news` WRITE;
/*!40000 ALTER TABLE `news`
    DISABLE KEYS */;
/*!40000 ALTER TABLE `news`
    ENABLE KEYS */;
UNLOCK TABLES;

--
-- Table structure for table `packages`
--

DROP TABLE IF EXISTS `packages`;
/*!40101 SET @saved_cs_client = @@character_set_client */;
/*!50503 SET character_set_client = utf8mb4 */;
CREATE TABLE `packages`
(
    `package_id`          int          NOT NULL AUTO_INCREMENT,
    `package_name`        varchar(100) NOT NULL,
    `package_description` varchar(255) NOT NULL,
    `required`            int          NOT NULL DEFAULT '0',
    `status`              int          NOT NULL DEFAULT '1',
    PRIMARY KEY (`package_id`)
) ENGINE = InnoDB
  AUTO_INCREMENT = 5
  DEFAULT CHARSET = utf8mb3;
/*!40101 SET character_set_client = @saved_cs_client */;

--
-- Dumping data for table `packages`
--

LOCK TABLES `packages` WRITE;
/*!40000 ALTER TABLE `packages`
    DISABLE KEYS */;
INSERT INTO `packages`
VALUES (1, 'Package 1', 'This is the main package. It contains main functionality.', 1, 1),
       (2, 'Package 2', 'This is an additional package. Client Login, Client Account and Accounting Sub tab.', 0, 1),
       (3, 'Package 3', 'This is an additional package. Email, Calendar &amp; My Document', 0, 1),
       (4, 'Package 4', 'This is an additional package. Prospects.', 0, 1);
/*!40000 ALTER TABLE `packages`
    ENABLE KEYS */;
UNLOCK TABLES;

--
-- Table structure for table `packages_details`
--

DROP TABLE IF EXISTS `packages_details`;
/*!40101 SET @saved_cs_client = @@character_set_client */;
/*!50503 SET character_set_client = utf8mb4 */;
CREATE TABLE `packages_details`
(
    `package_detail_id`          int          NOT NULL AUTO_INCREMENT,
    `package_id`                 int          NOT NULL,
    `rule_id`                    int          NOT NULL,
    `package_detail_description` varchar(255) NOT NULL,
    `visible`                    tinyint(1)   NOT NULL DEFAULT '0',
    PRIMARY KEY (`package_detail_id`),
    KEY `FK_packages_details_packages` (`package_id`),
    KEY `FK_packages_details_acl_rules` (`rule_id`),
    CONSTRAINT `FK_packages_details_acl_rules` FOREIGN KEY (`rule_id`) REFERENCES `acl_rules` (`rule_id`) ON DELETE CASCADE ON UPDATE CASCADE,
    CONSTRAINT `FK_packages_details_packages` FOREIGN KEY (`package_id`) REFERENCES `packages` (`package_id`) ON DELETE CASCADE ON UPDATE CASCADE
) ENGINE = InnoDB
  AUTO_INCREMENT = 270
  DEFAULT CHARSET = utf8mb3;
/*!40101 SET character_set_client = @saved_cs_client */;

--
-- Dumping data for table `packages_details`
--

LOCK TABLES `packages_details` WRITE;
/*!40000 ALTER TABLE `packages_details`
    DISABLE KEYS */;
INSERT INTO `packages_details`
VALUES (1, 1, 4, 'Admininstartion section', 0),
       (3, 1, 6, 'Home', 0),
       (4, 1, 1000, 'Change Password', 0),
       (5, 1, 1010, 'Manage Roles', 1),
       (6, 1, 1011, 'Add New Roles', 0),
       (7, 1, 1012, 'View Roles Details', 0),
       (8, 1, 1013, 'Delete Roles', 0),
       (9, 1, 1030, 'Manage Users', 1),
       (10, 1, 1031, 'Add Users', 0),
       (11, 1, 1032, 'View Users Details', 0),
       (12, 1, 1033, 'Delete Users', 0),
       (13, 1, 1050, 'Manage Cases fields/groups/layouts', 1),
       (14, 1, 1040, 'Manage Company Details', 1),
       (15, 1, 1042, 'Edit Company', 0),
       (16, 1, 10, 'Manage Clients', 1),
       (18, 1, 30, 'Notes and Activities', 1),
       (19, 1, 60, 'Client Documents', 1),
       (20, 1, 180, 'Templates', 1),
       (21, 1, 130, 'Links', 1),
       (22, 1, 140, 'Forms', 1),
       (23, 1, 141, 'Enable Assign Forms', 1),
       (24, 1, 142, 'Can Finalize a Form', 1),
       (25, 1, 143, 'Can Lock and Unlock Forms', 1),
       (26, 1, 170, 'Announcements', 1),
       (27, 1, 1060, 'Administer Forms', 1),
       (28, 1, 110, 'Client Account', 1),
       (29, 1, 101, 'Client Account History', 0),
       (30, 1, 102, 'Client Account Import', 0),
       (31, 1, 103, 'Client Account Assign', 0),
       (32, 1, 104, 'Client Account Edit', 0),
       (33, 1, 105, 'Client Account Settings', 0),
       (34, 1, 70, 'Client\'s Accounting', 1),
       (37, 2, 1120, 'Automatic Tasks', 1),
       (38, 1, 61, 'Client Documents Settings', 1),
       (39, 1, 150, 'Calendar', 1),
       (40, 1, 160, 'Mail', 1),
       (41, 1, 100, 'My Documents', 1),
       (42, 1, 1080, 'Shared Templates', 1),
       (43, 1, 1090, 'Default Searches', 1),
       (44, 1, 31, 'Add Notes', 1),
       (45, 1, 32, 'Edit Notes', 1),
       (46, 1, 33, 'Delete Notes', 1),
       (47, 1, 144, 'Can Complete a Form', 1),
       (48, 1, 190, 'Help', 1),
       (49, 1, 11, 'New/Save Profile', 1),
       (50, 1, 12, 'Delete Profile', 1),
       (51, 1, 13, 'New Client', 1),
       (52, 1, 5, 'Staff tabs', 0),
       (53, 1, 191, 'F.A.Q.', 1),
       (54, 1, 7, 'Notes on Homepage', 1),
       (55, 1, 200, 'Prospects', 1),
       (56, 2, 1190, 'Manage Company Prospects', 1),
       (57, 2, 1290, 'Default Forms', 1),
       (58, 1, 1310, 'Import Clients', 1),
       (59, 1, 210, 'My Tasks', 1),
       (60, 1, 25, 'Tasks', 1),
       (61, 1, 175, 'Immigration News', 1),
       (62, 3, 80, 'Client\'s TimeTracker', 1),
       (63, 3, 81, 'Client\'s TimeTracker - Popup Dialog', 1),
       (64, 3, 82, 'Client\'s TimeTracker - Show Time Log', 1),
       (65, 3, 83, 'Client\'s TimeTracker - Time Log Add', 1),
       (66, 3, 84, 'Client\'s TimeTracker - Time Log Edit', 1),
       (67, 3, 85, 'Client\'s TimeTracker - Time Log Delete', 1),
       (72, 1, 1051, 'Manage Individuals fields/groups/layouts', 1),
       (73, 1, 1052, 'Manage Employers fields/groups/layouts', 1),
       (74, 1, 1053, 'Manage Contacts fields/groups/layouts', 1),
       (75, 1, 400, 'Manage Contacts', 1),
       (76, 1, 401, 'Edit Contact', 1),
       (77, 1, 402, 'Delete Contact', 1),
       (78, 1, 403, 'New Contact', 1),
       (79, 1, 21, 'Individual Client Login', 1),
       (80, 2, 20, 'Employer Client Login', 1),
       (81, 1, 1410, 'Access Logs', 1),
       (82, 1, 1411, 'Delete Access Logs', 1),
       (83, 2, 220, 'ABN/ACN Check', 1),
       (84, 1, 1061, 'Manage Landing Pages', 1),
       (85, 3, 1041, 'Add Company', 0),
       (86, 1, 192, 'F.A.Q.', 1),
       (87, 3, 300, 'Company Websites', 1),
       (88, 3, 1020, 'Manage Super Admin Users', 0),
       (89, 3, 1021, 'Add New Super Admin User', 0),
       (90, 3, 1022, 'Edit Super Admin User', 0),
       (91, 3, 1023, 'Delete Super Admin User', 0),
       (92, 3, 1043, 'Delete Company', 0),
       (93, 3, 1044, 'Manage Company As Admin', 0),
       (94, 3, 1420, 'Manage Company Packages', 0),
       (95, 3, 1046, 'Change Company Status', 0),
       (96, 3, 1047, 'View Companies List', 0),
       (97, 1, 1070, 'Announcements', 0),
       (98, 3, 1100, 'Manage Templates', 0),
       (99, 3, 1130, 'System', 1),
       (100, 3, 1140, 'Manage Help', 0),
       (101, 3, 1150, 'Manage Prospects', 0),
       (102, 3, 1160, 'Signup', 1),
       (103, 3, 1170, 'Mail Server Settings', 0),
       (104, 3, 1180, 'Last Logged In Info', 0),
       (105, 3, 1200, 'Manage GST/HST', 0),
       (106, 3, 1210, 'Manage CMI', 0),
       (107, 3, 1220, 'Trial users pricing', 0),
       (108, 3, 1230, 'Manage PT Invoices', 0),
       (109, 3, 1240, 'Manage pricing', 0),
       (110, 3, 1250, 'Bad debts log', 0),
       (111, 3, 1260, 'Automated billing log', 0),
       (112, 3, 1270, 'Manage PT Error codes', 0),
       (113, 3, 1280, 'Accounts', 0),
       (114, 3, 1300, 'Statistics', 0),
       (115, 3, 1320, 'Prospects Matching', 0),
       (116, 3, 1330, 'Manage RSS feed', 0),
       (117, 3, 1350, 'Advanced Search', 0),
       (118, 3, 1360, 'Quick Search', 0),
       (119, 1, 1370, 'Allow Export', 0),
       (120, 3, 1380, 'Manage system variables', 0),
       (121, 2, 1400, 'Company Website', 1),
       (122, 3, 2000, 'CRM Manage', 0),
       (123, 3, 2001, 'Manage Users', 0),
       (124, 3, 2002, 'Define CRM users', 0),
       (125, 3, 2003, 'Define CRM roles', 0),
       (126, 3, 2010, 'Settings', 0),
       (127, 3, 2011, 'Change own password', 1),
       (128, 3, 2100, 'Companies', 1),
       (129, 3, 2101, 'New company', 0),
       (130, 3, 2102, 'Edit company', 0),
       (131, 3, 2103, 'Delete company', 0),
       (132, 3, 2200, 'Prospects', 0),
       (133, 3, 2201, 'New prospect', 0),
       (134, 3, 2202, 'Edit prospect', 0),
       (135, 3, 2203, 'Delete prospect', 0),
       (136, 3, 2204, 'Contacts', 1),
       (137, 1, 1048, 'Company Email', 0),
       (138, 3, 1390, 'View Superadmin Tab', 0),
       (139, 1, 1049, 'Edit Company Extra Details', 1),
       (140, 3, 1421, 'Manage Company Packages Extra Details', 0),
       (141, 1, 1034, 'Edit Users', 1),
       (142, 1, 1014, 'Edit Roles', 1),
       (145, 3, 1430, 'Send Mass Email', 0),
       (146, 1, 1035, 'Change Users Password', 1),
       (147, 4, 1440, 'Manage Company Tickets', 1),
       (148, 4, 1441, 'Add Company Tickets', 1),
       (149, 4, 1442, 'Manage Company Tickets Status', 1),
       (151, 1, 1311, 'Import Client Notes', 1),
       (152, 1, 2210, 'Letterheads', 1),
       (153, 1, 106, 'New Letter on Letterhead', 1),
       (154, 1, 90, 'Advanced search - run', 1),
       (155, 1, 91, 'Advanced search - export', 1),
       (156, 1, 92, 'Advanced search - print', 1),
       (157, 1, 181, 'Manage templates', 1),
       (158, 1, 95, 'Queue - run', 1),
       (159, 1, 96, 'Queue - export', 1),
       (160, 1, 97, 'Queue - print', 1),
       (161, 1, 98, 'Queue - push to office/queue', 1),
       (162, 1, 99, 'Queue - change file status', 1),
       (163, 1, 95, 'Queue - run', 1),
       (164, 1, 96, 'Queue - export', 1),
       (165, 1, 97, 'Queue - print', 1),
       (166, 1, 98, 'Queue - push to office/queue', 1),
       (167, 1, 99, 'Queue - change file status', 1),
       (168, 1, 500, 'User Profile', 1),
       (169, 4, 1450, 'Manage Zoho settings', 0),
       (170, 1, 1054, 'Manage Internal Contacts fields/groups/layouts', 1),
       (171, 3, 2211, 'Manage Super Admin Roles', 0),
       (172, 3, 2212, 'Add New Super Admin Role', 1),
       (173, 3, 2213, 'Edit Super Admin Role', 1),
       (174, 3, 2214, 'Delete Super Admin Role', 1),
       (175, 1, 2215, 'Delete Clients Tasks', 1),
       (176, 1, 2216, 'Delete Tasks', 1),
       (177, 1, 201, 'Prospects Tasks', 1),
       (178, 1, 2217, 'Delete Prospects Tasks', 1),
       (180, 1, 1370, 'Company export', 1),
       (181, 1, 2218, 'Client\'s Accounting - General: Change Currency or Client Account', 1),
       (182, 1, 2219, 'Client\'s Accounting - General: Email Case Accounting', 1),
       (183, 1, 2220, 'Client\'s Accounting - General: Generate Reports', 1),
       (184, 1, 2221, 'Client\'s Accounting - General: Print', 1),
       (185, 1, 2222, 'Client\'s Accounting - Financial Transactions: Add Fees Due', 1),
       (186, 1, 2223, 'Client\'s Accounting - Financial Transactions: Add Fees Received', 1),
       (187, 1, 2224, 'Client\'s Accounting - Financial Transactions: Generate Invoice', 1),
       (188, 1, 2225, 'Client\'s Accounting - Financial Transactions: Generate Receipt', 1),
       (189, 1, 2226, 'Client\'s Accounting - Financial Transactions: Error Correction', 1),
       (190, 1, 2227, 'Define Authorised Agents', 1),
       (191, 1, 2228, 'Define %office_label%', 1),
       (192, 1, 2229, 'Define Case File Number Settings', 1),
       (193, 1, 2230, 'Change Assigned Staff', 1),
       (194, 1, 2231, 'Change Visa Subclass', 1),
       (195, 1, 2232, 'BC PNP Import', 1),
       (196, 1, 2233, 'Manage Default Mail Servers', 1),
       (197, 1, 2234, 'Delete Company Invoices', 1),
       (198, 1, 2235, 'Generate CON', 1),
       (199, 1, 1005, 'PUA Planning', 1),
       (200, 1, 2236, 'Client Documents Checklist', 1),
       (201, 1, 2237, 'Upload Documents', 1),
       (202, 1, 2238, 'Delete Documents', 1),
       (203, 1, 2239, 'Download Documents', 1),
       (204, 1, 2240, 'Set Tags', 1),
       (205, 1, 2241, 'Reassign File', 1),
       (206, 1, 2242, 'Business Hours', 1),
       (207, 1, 2243, 'View Workdays', 1),
       (208, 1, 2244, 'Update Workdays', 1),
       (209, 1, 2245, 'View Holidays', 1),
       (210, 1, 2246, 'Add Holidays', 1),
       (211, 1, 2247, 'Edit Holidays', 1),
       (212, 1, 2248, 'Delete Holidays', 1),
       (213, 1, 2249, 'Business Hours', 1),
       (214, 1, 2250, 'View Workdays', 1),
       (215, 1, 2251, 'Update Workdays', 1),
       (216, 1, 2252, 'View Holidays', 1),
       (217, 1, 2253, 'Add Holidays', 1),
       (218, 1, 2254, 'Edit Holidays', 1),
       (219, 1, 2255, 'Delete Holidays', 1),
       (220, 1, 2256, 'Contacts Advanced search', 1),
       (221, 1, 2257, 'Export', 1),
       (222, 1, 2258, 'Print', 1),
       (223, 1, 2259, 'Analytics', 1),
       (224, 1, 2260, 'Add', 1),
       (225, 1, 2261, 'Edit', 1),
       (226, 1, 2262, 'Delete', 1),
       (227, 1, 2263, 'Export', 1),
       (228, 1, 2264, 'Print', 1),
       (229, 1, 2265, 'Analytics', 1),
       (230, 1, 2266, 'Add', 1),
       (231, 1, 2267, 'Edit', 1),
       (232, 1, 2268, 'Delete', 1),
       (233, 1, 2269, 'Export', 1),
       (234, 1, 2270, 'Print', 1),
       (235, 1, 2271, 'Default Analytics', 1),
       (236, 3, 2272, 'Marketplace Profiles', 1),
       (237, 1, 2273, 'New Prospect', 1),
       (238, 1, 2274, 'Change/Save Profile', 1),
       (239, 1, 2275, 'Delete Prospect', 1),
       (240, 1, 2276, 'Convert to client', 1),
       (241, 1, 2277, 'Advanced search', 1),
       (242, 1, 2278, 'Export', 1),
       (243, 1, 2279, 'Print', 1),
       (244, 1, 2280, 'Prospect Notes', 1),
       (245, 1, 2281, 'Add Notes', 1),
       (246, 1, 2282, 'Edit Notes', 1),
       (247, 1, 2283, 'Delete Notes', 1),
       (248, 1, 2284, 'Prospect Documents', 1),
       (249, 3, 2285, 'Marketplace', 1),
       (250, 3, 2286, 'Convert to client', 1),
       (251, 3, 2287, 'Advanced search', 1),
       (252, 3, 2288, 'Export', 1),
       (253, 3, 2289, 'Print', 1),
       (254, 3, 2290, 'Prospect Notes', 1),
       (255, 3, 2291, 'Add Notes', 1),
       (256, 3, 2292, 'Edit Notes', 1),
       (257, 3, 2293, 'Delete Notes', 1),
       (258, 3, 2294, 'Prospect Documents', 1),
       (259, 1, 2295, 'Add Clients Tasks', 1),
       (260, 1, 2296, 'Add Tasks', 1),
       (261, 1, 2297, 'Add Prospects Tasks', 1),
       (262, 1, 2298, 'PDF Version Checker', 1),
       (263, 1, 2299, 'Manage Shared Templates', 1),
       (264, 1, 2300, 'Generate Comfort Letter', 1),
       (265, 1, 2301, 'Webmail Module', 1),
       (266, 1, 2302, 'My Tasks - Access To View Tasks Assigned To A User', 1),
       (267, 1, 2303, 'Client Account Settings', 1),
       (268, 1, 2304, 'Officio Studio Module', 1),
       (269, 1, 2305, 'Time Log Summary', 1);
/*!40000 ALTER TABLE `packages_details`
    ENABLE KEYS */;
UNLOCK TABLES;

--
-- Table structure for table `phinx_log`
--

DROP TABLE IF EXISTS `phinx_log`;
/*!40101 SET @saved_cs_client = @@character_set_client */;
/*!50503 SET character_set_client = utf8mb4 */;
CREATE TABLE `phinx_log`
(
    `version`        bigint     NOT NULL,
    `migration_name` varchar(100)        DEFAULT NULL,
    `start_time`     timestamp  NOT NULL DEFAULT CURRENT_TIMESTAMP,
    `end_time`       timestamp  NOT NULL DEFAULT '0000-00-00 00:00:00',
    `breakpoint`     tinyint(1) NOT NULL DEFAULT '0',
    PRIMARY KEY (`version`)
) ENGINE = InnoDB
  DEFAULT CHARSET = utf8mb3;
/*!40101 SET character_set_client = @saved_cs_client */;

--
-- Dumping data for table `phinx_log`
--

LOCK TABLES `phinx_log` WRITE;
/*!40000 ALTER TABLE `phinx_log`
    DISABLE KEYS */;
INSERT INTO `phinx_log`
VALUES (20200521141413, 'UpdateClientDependentsGender', '2022-11-14 11:06:18', '2022-11-14 11:06:18', 0),
       (20200521141414, 'UpdatePdfConTemplateOneMoreTime', '2022-11-14 11:06:18', '2022-11-14 11:06:18', 0),
       (20200526151515, 'AddDependantsPlaceOfBirthColumnAndMore', '2022-11-14 11:06:18', '2022-11-14 11:06:18', 0),
       (20200529181818, 'FixMaritalStatusForDependents', '2022-11-14 11:06:18', '2022-11-14 11:06:18', 0),
       (20200902152033, 'IntroduceLms', '2022-11-14 11:06:18', '2022-11-14 11:06:18', 0),
       (20201112131415, 'FixMainPackagesAndSubscriptions', '2022-11-14 11:06:18', '2022-11-14 11:06:18', 0),
       (20201215081400, 'IntroduceSessionsStorage', '2022-11-14 11:06:18', '2022-11-14 11:06:18', 0),
       (20201222122200, 'IntroduceCcStorage', '2022-11-14 11:06:18', '2022-11-14 11:06:18', 0),
       (20201224202020, 'addManageTaForSuperadmin', '2022-11-14 11:06:18', '2022-11-14 11:06:18', 0),
       (20201229181400, 'AddConNumberStorage', '2022-11-14 11:06:18', '2022-11-14 11:06:18', 0),
       (20201229191500, 'UpdateConTemplate1', '2022-11-14 11:06:18', '2022-11-14 11:06:18', 0),
       (20210108151515, 'AddSpecialAnnouncements', '2022-11-14 11:06:18', '2022-11-14 11:06:19', 0),
       (20210118181818, 'UpdateConTemplate2', '2022-11-14 11:06:19', '2022-11-14 11:06:19', 0),
       (20210121141414, 'addProspectAdminInfo', '2022-11-14 11:06:19', '2022-11-14 11:06:19', 0),
       (20210121151515, 'addProspectStartedSignupTemplate', '2022-11-14 11:06:19', '2022-11-14 11:06:19', 0),
       (20210128212121, 'UpdateConTemplate3', '2022-11-14 11:06:19', '2022-11-14 11:06:19', 0),
       (20210128212122, 'RenameLibya', '2022-11-14 11:06:19', '2022-11-14 11:06:19', 0),
       (20210129151515, 'addOfficioDailyNotificationsTemplate', '2022-11-14 11:06:19', '2022-11-14 11:06:20', 0),
       (20210201121221, 'UpdateConTemplate4', '2022-11-14 11:06:20', '2022-11-14 11:06:20', 0),
       (20210223232323, 'IntroduceTemplateHiddenForTheCompany', '2022-11-14 11:06:20', '2022-11-14 11:06:20', 0),
       (20210322154300, 'NewPublicCalendarAclRule', '2022-11-14 11:06:20', '2022-11-14 11:06:20', 0),
       (20210326121212, 'AddCompanyTaToScheduler', '2022-11-14 11:06:20', '2022-11-14 11:06:20', 0),
       (20210413151515, 'AddInvoiceTransferFromOther', '2022-11-14 11:06:20', '2022-11-14 11:06:20', 0),
       (20210415151515, 'AddInvoiceNumberSetting', '2022-11-14 11:06:20', '2022-11-14 11:06:20', 0),
       (20210503140001, 'AddAssignedWithdrawalInvoicePayment', '2022-11-14 11:06:20', '2022-11-14 11:06:20', 0),
       (20210514135131, 'AddMinifyAction', '2022-11-14 11:06:20', '2022-11-14 11:06:20', 0),
       (20210514171717, 'addNocUrlGeneration', '2022-11-14 11:06:20', '2022-11-14 11:06:20', 0),
       (20210517171717, 'addWalkthoughHelpType', '2022-11-14 11:06:20', '2022-11-14 11:06:20', 0),
       (20210519130909, 'addHelpContextIds', '2022-11-14 11:06:20', '2022-11-14 11:06:20', 0),
       (20210531151515, 'addDocumentsManager', '2022-11-14 11:06:20', '2022-11-14 11:06:20', 0),
       (20210608080808, 'makeMultipleComboSearchable', '2022-11-14 11:06:20', '2022-11-14 11:06:20', 0),
       (20210621121212, 'fixProspectsJobOrder', '2022-11-14 11:06:21', '2022-11-14 11:06:21', 0),
       (20210625151515, 'AddHiddenPropertyToHelpSection', '2022-11-14 11:06:21', '2022-11-14 11:06:21', 0),
       (20210702173200, 'IntroduceNewForms2', '2022-11-14 11:06:21', '2022-11-14 11:06:21', 0),
       (20210702173201, 'AdditionalMappings', '2022-11-14 11:06:21', '2022-11-14 11:06:21', 0),
       (20210721212121, 'addMoreHelpContextIds', '2022-11-14 11:06:21', '2022-11-14 11:06:21', 0),
       (20210729121212, 'addProfilesAndCasesExport', '2022-11-14 11:06:21', '2022-11-14 11:06:21', 0),
       (20210823101010, 'RemoveLinkCaseTypes', '2022-11-14 11:06:21', '2022-11-14 11:06:21', 0),
       (20210831173915, 'DeleteClientCompanyLogoRule', '2022-11-14 11:06:21', '2022-11-14 11:06:21', 0),
       (20210913161616, 'IntroduceCaseTemplateCreatedOn', '2022-11-14 11:06:21', '2022-11-14 11:06:21', 0),
       (20210917171717, 'RemoveCaseTypesFromFieldsAccess', '2022-11-14 11:06:21', '2022-11-14 11:06:21', 0),
       (20210917171718, 'AddCaseFieldsSyncingSwitch', '2022-11-14 11:06:21', '2022-11-14 11:06:21', 0),
       (20210920212515, 'AddFaqContextIdModuleDescription', '2022-11-14 11:06:21', '2022-11-14 11:06:21', 0),
       (20210922222222, 'CreateCaseLinkedCategories', '2022-11-14 11:06:21', '2022-11-14 11:06:22', 0),
       (20210929171717, 'AddCaseTypeFieldTypeAndEmptyTopGroups', '2022-11-14 11:06:22', '2022-11-14 11:06:22', 0),
       (20211001010101, 'CreateCaseLinkedStatuses', '2022-11-14 11:06:22', '2022-11-14 11:06:25', 0),
       (20211008194134, 'AddPromoMessageToPricing', '2022-11-14 11:06:25', '2022-11-14 11:06:25', 0),
       (20211018170300, 'Add2faStorage', '2022-11-14 11:06:25', '2022-11-14 11:06:25', 0),
       (20211019191919, 'MakeComboOptionsDeletable', '2022-11-14 11:06:25', '2022-11-14 11:06:25', 0),
       (20211022123500, 'FixFormVersions', '2022-11-14 11:06:25', '2022-11-14 11:06:25', 0),
       (20211027171717, 'AddManageLmsRule', '2022-11-14 11:06:25', '2022-11-14 11:06:25', 0),
       (20211102171717, 'AddSimplifiedToCompanyQuestionnaires', '2022-11-14 11:06:25', '2022-11-14 11:06:25', 0),
       (20211103092300, 'FixFormNames', '2022-11-14 11:06:25', '2022-11-14 11:06:25', 0),
       (20211104114600, 'AddTableComments', '2022-11-14 11:06:25', '2022-11-14 11:06:25', 0),
       (20211105171800, 'Prefix2faTables', '2022-11-14 11:06:25', '2022-11-14 11:06:25', 0),
       (20211108130338, 'EditTablesThatStartWithUppercase', '2022-11-14 11:06:25', '2022-11-14 11:06:26', 0),
       (20211108143200, 'Fix2faReserveTokenDefaultUsedValue', '2022-11-14 11:06:26', '2022-11-14 11:06:26', 0),
       (20211109090909, 'RenameSeveralAccountingRules', '2022-11-14 11:06:26', '2022-11-14 11:06:26', 0),
       (20211110153800, 'ImproveDeviceStorage', '2022-11-14 11:06:26', '2022-11-14 11:06:26', 0),
       (20211112114400, 'PrefixUsmsTable', '2022-11-14 11:06:26', '2022-11-14 11:06:26', 0),
       (20211116171717, 'AddLogoOnTopToCompanyQuestionnaires', '2022-11-14 11:06:26', '2022-11-14 11:06:26', 0),
       (20211118174500, 'Introduce2faSystemTemplates', '2022-11-14 11:06:26', '2022-11-14 11:06:26', 0),
       (20211207070707, 'AddInvoiceRecipientNotes', '2022-11-14 11:06:26', '2022-11-14 11:06:26', 0),
       (20211208080808, 'AddPdfHelpContextId', '2022-11-14 11:06:26', '2022-11-14 11:06:26', 0),
       (20211220155131, 'AddProspectsDropboxAction', '2022-11-14 11:06:26', '2022-11-14 11:06:26', 0),
       (20220106123531, 'AddProspectsGoogleDriveAction', '2022-11-14 11:06:26', '2022-11-14 11:06:26', 0),
       (20220111112500, 'Pnp1125FixQuotedFieldNames', '2022-11-14 11:06:26', '2022-11-14 11:06:26', 0),
       (20220111144800, 'FixSiWorkLocationFieldsSync', '2022-11-14 11:06:26', '2022-11-14 11:06:26', 0),
       (20220120102300, 'Pnp1119ImproveSyncMappings', '2022-11-14 11:06:26', '2022-11-14 11:06:26', 0),
       (20220120151515, 'ChangeClientFormFieldConditions', '2022-11-14 11:06:26', '2022-11-14 11:06:27', 0),
       (20220120151516, 'ChangeClientFormFieldConditionsAgain', '2022-11-14 11:06:27', '2022-11-14 11:06:27', 0),
       (20220124181818, 'AddCreateCaseRule', '2022-11-14 11:06:27', '2022-11-14 11:06:27', 0),
       (20220204040404, 'AddParentClientFormFieldConditions', '2022-11-14 11:06:27', '2022-11-14 11:06:27', 0),
       (20220208173300, 'AddTaskQueueStorage', '2022-11-14 11:06:27', '2022-11-14 11:06:27', 0),
       (20220216161616, 'AllowSearchForProspectJobNoc', '2022-11-14 11:06:27', '2022-11-14 11:06:27', 0),
       (20220222222222, 'NewLinkCaseToCase', '2022-11-14 11:06:27', '2022-11-14 11:06:27', 0),
       (20220223112500, 'Pnp1125FixUtfQuotedFieldNames', '2022-11-14 11:06:27', '2022-11-14 11:06:27', 0),
       (20220309090909, 'NewTimeLogSummary', '2022-11-14 11:06:27', '2022-11-14 11:06:27', 0),
       (20220311111111, 'AddClientReferralsFieldType', '2022-11-14 11:06:27', '2022-11-14 11:06:27', 0),
       (20220318181818, 'RenameInvoiceAccountingRules', '2022-11-14 11:06:27', '2022-11-14 11:06:27', 0),
       (20220401101255, 'AddOfficioFormToFormType', '2022-11-14 11:06:27', '2022-11-14 11:06:27', 0),
       (20220408080808, 'AddMoreQueueSettings', '2022-11-14 11:06:27', '2022-11-14 11:06:27', 0),
       (20220413122309, 'NewPublicUformsv2AclRule', '2022-11-14 11:06:27', '2022-11-14 11:06:27', 0),
       (20220414141414, 'AddCaseFileStatusHistory', '2022-11-14 11:06:27', '2022-11-14 11:06:28', 0),
       (20220421144300, 'FixAddressInSiFormsV3', '2022-11-14 11:06:28', '2022-11-14 11:06:28', 0),
       (20220422073000, 'Pnp1148NewFieldMapping', '2022-11-14 11:06:28', '2022-11-14 11:06:28', 0),
       (20220502081300, 'Pnp1153Fixes', '2022-11-14 11:06:28', '2022-11-14 11:06:28', 0),
       (20220502171717, 'ChangeAutoTasksTriggerLabels', '2022-11-14 11:06:28', '2022-11-14 11:06:28', 0),
       (20220512121212, 'ChangeCaseCategoriesStructure', '2022-11-14 11:06:28', '2022-11-14 11:06:28', 0),
       (20220519191919, 'RemoveEmployerCaseLink', '2022-11-14 11:06:28', '2022-11-14 11:06:28', 0),
       (20220526181818, 'AddMouseOverSettings', '2022-11-14 11:06:28', '2022-11-14 11:06:28', 0),
       (20220530151515, 'AutomaticRemindersAddActiveClients', '2022-11-14 11:06:28', '2022-11-14 11:06:29', 0),
       (20220610110355, 'UpdateProspectFieldLabesInFieldsTemplates', '2022-11-14 11:06:29', '2022-11-14 11:06:29', 0),
       (20220615120034, 'UpdateSectionTemplateName', '2022-11-14 11:06:29', '2022-11-14 11:06:29', 0),
       (20220708111111, 'AddCompaniesExportMainInfoRule', '2022-11-14 11:06:29', '2022-11-14 11:06:29', 0),
       (20220715115500, 'ImproveQueueStorage', '2022-11-14 11:06:29', '2022-11-14 11:06:29', 0),
       (20220728141414, 'IntroduceCaseFieldParentDefaultOptionId', '2022-11-14 11:06:29', '2022-11-14 11:06:29', 0),
       (20220804040404, 'ChangeClientStatusesHistory', '2022-11-14 11:06:29', '2022-11-14 11:06:29', 0),
       (20220816161616, 'AddCaseTypeCaseReferenceAsColumn', '2022-11-14 11:06:29', '2022-11-14 11:06:29', 0),
       (20220818181818, 'AddCutomCaseListIdColumn', '2022-11-14 11:06:29', '2022-11-14 11:06:29', 0),
       (20220824161616, 'AddClientProfileIdSetting', '2022-11-14 11:06:29', '2022-11-14 11:06:29', 0),
       (20220824181818, 'CreateNewClientProfileIdField', '2022-11-14 11:06:29', '2022-11-14 11:06:29', 0),
       (20220926110355, 'Update2ProspectFieldLabesInFieldsTemplates', '2022-11-14 11:06:29', '2022-11-14 11:06:29', 0),
       (20220926141414, 'ConvertVisaPostsToVac', '2022-11-14 11:06:29', '2022-11-14 11:06:31', 0),
       (20220929151515, 'RenameCaseFileNumber', '2022-11-14 11:06:31', '2022-11-14 11:06:31', 0),
       (20221024171717, 'AddPrimaryKeysForClients', '2022-11-14 11:06:31', '2022-11-14 11:06:31', 0),
       (20221028103400, 'FixStoredProceduresForBinLog', '2022-11-14 11:06:31', '2022-11-14 11:06:31', 0),
       (20221028121212, 'AddSystemColumnToNotes', '2022-11-14 11:06:31', '2022-11-14 11:06:31', 0),
       (20221028151515, 'RenameAccessLogsAclRules', '2022-11-14 11:06:31', '2022-11-14 11:06:31', 0),
       (20221031171717, 'SetSystemNotesToAdmin', '2022-11-14 11:06:31', '2022-11-14 11:06:31', 0),
       (20221101010101, 'AddOauthFields', '2022-11-14 11:06:31', '2022-11-14 11:06:32', 0),
       (20221101142800, 'FixSuperadminSmtpRecords', '2022-11-14 11:06:32', '2022-11-14 11:06:32', 0),
       (20221102053300, 'IntroduceNewForms3', '2022-11-14 11:06:32', '2022-11-14 11:06:32', 0),
       (20221102065100, 'SetUpNewFieldMappings', '2022-11-14 11:06:32', '2022-11-14 11:06:32', 0),
       (20221109090909, 'RemoveExtraDefaultOptions', '2022-11-14 11:06:32', '2022-11-14 11:06:32', 0);
/*!40000 ALTER TABLE `phinx_log`
    ENABLE KEYS */;
UNLOCK TABLES;

--
-- Table structure for table `pricing_categories`
--

DROP TABLE IF EXISTS `pricing_categories`;
/*!40101 SET @saved_cs_client = @@character_set_client */;
/*!50503 SET character_set_client = utf8mb4 */;
CREATE TABLE `pricing_categories`
(
    `pricing_category_id`       int unsigned              NOT NULL AUTO_INCREMENT,
    `name`                      varchar(255)              NOT NULL,
    `expiry_date`               date                               DEFAULT NULL,
    `key_string`                varchar(255)                       DEFAULT NULL,
    `key_message`               varchar(255)                       DEFAULT NULL,
    `default_subscription_term` enum ('annual','monthly') NOT NULL DEFAULT 'annual',
    `replacing_general`         enum ('Y','N')            NOT NULL DEFAULT 'N',
    KEY `pricing_category_id` (`pricing_category_id`)
) ENGINE = InnoDB
  AUTO_INCREMENT = 3
  DEFAULT CHARSET = utf8mb3 COMMENT ='Contains general and promotional pricing categories.';
/*!40101 SET character_set_client = @saved_cs_client */;

--
-- Dumping data for table `pricing_categories`
--

LOCK TABLES `pricing_categories` WRITE;
/*!40000 ALTER TABLE `pricing_categories`
    DISABLE KEYS */;
INSERT INTO `pricing_categories`
VALUES (1, 'General', NULL, '', NULL, 'annual', 'N'),
       (2, 'Promotion 1', '2016-12-30', 'Dec2016', NULL, 'annual', 'N');
/*!40000 ALTER TABLE `pricing_categories`
    ENABLE KEYS */;
UNLOCK TABLES;

--
-- Table structure for table `pricing_category_details`
--

DROP TABLE IF EXISTS `pricing_category_details`;
/*!40101 SET @saved_cs_client = @@character_set_client */;
/*!50503 SET character_set_client = utf8mb4 */;
CREATE TABLE `pricing_category_details`
(
    `pricing_category_detail_id` int unsigned NOT NULL AUTO_INCREMENT,
    `pricing_category_id`        int unsigned          DEFAULT NULL,
    `subscription_id`            varchar(255) NOT NULL,
    `price_storage_1_gb_annual`  double       NOT NULL,
    `price_storage_1_gb_monthly` double       NOT NULL,
    `price_license_user_annual`  double       NOT NULL,
    `price_license_user_monthly` double       NOT NULL,
    `price_package_2_years`      double       NOT NULL,
    `price_package_monthly`      double       NOT NULL,
    `price_package_yearly`       double       NOT NULL,
    `users_add_over_limit`       int          NOT NULL,
    `user_included`              int          NOT NULL,
    `free_storage`               int          NOT NULL,
    `free_clients`               int unsigned NOT NULL DEFAULT '0',
    PRIMARY KEY (`pricing_category_detail_id`),
    KEY `FK_pricing_category_details_pricing_categories` (`pricing_category_id`),
    KEY `FK_pricing_category_details_subscriptions` (`subscription_id`),
    CONSTRAINT `FK_pricing_category_details_pricing_categories` FOREIGN KEY (`pricing_category_id`) REFERENCES `pricing_categories` (`pricing_category_id`) ON DELETE CASCADE ON UPDATE CASCADE,
    CONSTRAINT `FK_pricing_category_details_subscriptions` FOREIGN KEY (`subscription_id`) REFERENCES `subscriptions` (`subscription_id`) ON DELETE CASCADE ON UPDATE CASCADE
) ENGINE = InnoDB
  AUTO_INCREMENT = 10
  DEFAULT CHARSET = utf8mb3 COMMENT ='Contains general and promotional pricing categories details.';
/*!40101 SET character_set_client = @saved_cs_client */;

--
-- Dumping data for table `pricing_category_details`
--

LOCK TABLES `pricing_category_details` WRITE;
/*!40000 ALTER TABLE `pricing_category_details`
    DISABLE KEYS */;
INSERT INTO `pricing_category_details`
VALUES (1, 1, 'lite', 5, 0.5, 699, 69, 1275, 69, 699, 0, 1, 2, 0),
       (2, 1, 'pro', 5, 0.5, 699, 69, 1799, 99, 999, 1, 1, 10, 0),
       (3, 1, 'ultimate', 5, 0.5, 999, 99, 2380, 129, 1299, 1, 1, 50, 0),
       (4, 2, 'lite', 5, 0.5, 399, 39, 1275, 69, 699, 0, 1, 2, 0),
       (5, 2, 'pro', 5, 0.5, 399, 39, 1799, 99, 999, 1, 2, 10, 0),
       (6, 2, 'ultimate', 5, 0.5, 399, 39, 2380, 129, 1299, 1, 3, 50, 0);
/*!40000 ALTER TABLE `pricing_category_details`
    ENABLE KEYS */;
UNLOCK TABLES;

--
-- Table structure for table `prospects`
--

DROP TABLE IF EXISTS `prospects`;
/*!40101 SET @saved_cs_client = @@character_set_client */;
/*!50503 SET character_set_client = utf8mb4 */;
CREATE TABLE `prospects`
(
    `prospect_id`                int unsigned NOT NULL AUTO_INCREMENT,
    `company_id`                 bigint                                DEFAULT NULL,
    `salutation`                 varchar(255)                          DEFAULT NULL,
    `name`                       varchar(255)                          DEFAULT NULL,
    `last_name`                  varchar(255)                          DEFAULT NULL,
    `company`                    varchar(255)                          DEFAULT NULL,
    `company_abn`                varchar(255)                          DEFAULT NULL,
    `email`                      varchar(255)                          DEFAULT NULL,
    `phone_w`                    varchar(255)                          DEFAULT NULL,
    `phone_m`                    varchar(255)                          DEFAULT NULL,
    `source`                     varchar(255)                          DEFAULT NULL,
    `key`                        varchar(255)                          DEFAULT NULL,
    `key_status`                 enum ('Active','Used Once','Disable') DEFAULT 'Active',
    `address`                    tinytext,
    `city`                       varchar(255)                          DEFAULT NULL,
    `state`                      varchar(255)                          DEFAULT NULL,
    `country`                    varchar(3)                            DEFAULT NULL,
    `zip`                        varchar(50)                           DEFAULT NULL,
    `package_type`               varchar(255)                          DEFAULT NULL,
    `support`                    enum ('Y','N')                        DEFAULT NULL,
    `payment_term`               varchar(255)                          DEFAULT NULL,
    `paymentech_profile_id`      varchar(255)                          DEFAULT NULL,
    `paymentech_mode_of_payment` enum ('Visa','Mastercard')            DEFAULT NULL,
    `status`                     enum ('Active','Closed')              DEFAULT 'Active',
    `notes`                      tinytext,
    `sign_in_date`               date                                  DEFAULT NULL,
    `subscription_fee`           double(11, 2) unsigned                DEFAULT NULL,
    `support_fee`                double(11, 2) unsigned                DEFAULT NULL,
    `free_users`                 int unsigned                          DEFAULT NULL,
    `free_clients`               int unsigned                          DEFAULT '0',
    `extra_users`                int unsigned                          DEFAULT NULL,
    `free_storage`               int unsigned                          DEFAULT NULL,
    `pricing_category_id`        int unsigned                          DEFAULT NULL,
    `admin_first_name`           varchar(255)                          DEFAULT NULL,
    `admin_last_name`            varchar(255)                          DEFAULT NULL,
    `admin_email`                varchar(255)                          DEFAULT NULL,
    `admin_username`             varchar(50)                           DEFAULT NULL,
    `admin_password`             text,
    PRIMARY KEY (`prospect_id`),
    KEY `FK_prospects_company` (`company_id`),
    KEY `FK_prospects_pricing_categories` (`pricing_category_id`),
    CONSTRAINT `FK_prospects_company` FOREIGN KEY (`company_id`) REFERENCES `company` (`company_id`) ON DELETE SET NULL ON UPDATE CASCADE,
    CONSTRAINT `FK_prospects_pricing_categories` FOREIGN KEY (`pricing_category_id`) REFERENCES `pricing_categories` (`pricing_category_id`) ON DELETE SET NULL ON UPDATE SET NULL
) ENGINE = InnoDB
  DEFAULT CHARSET = utf8mb3;
/*!40101 SET character_set_client = @saved_cs_client */;

--
-- Dumping data for table `prospects`
--

LOCK TABLES `prospects` WRITE;
/*!40000 ALTER TABLE `prospects`
    DISABLE KEYS */;
/*!40000 ALTER TABLE `prospects`
    ENABLE KEYS */;
UNLOCK TABLES;

--
-- Table structure for table `reconciliation_log`
--

DROP TABLE IF EXISTS `reconciliation_log`;
/*!40101 SET @saved_cs_client = @@character_set_client */;
/*!50503 SET character_set_client = utf8mb4 */;
CREATE TABLE `reconciliation_log`
(
    `reconciliation_id`   int unsigned             NOT NULL AUTO_INCREMENT,
    `reconciliation_type` enum ('general','iccrc') NOT NULL DEFAULT 'general',
    `ta_id`               int unsigned                      DEFAULT NULL,
    `author_id`           int unsigned                      DEFAULT NULL,
    `recon_date`          date                              DEFAULT NULL,
    `create_date`         date                              DEFAULT NULL,
    PRIMARY KEY (`reconciliation_id`)
) ENGINE = InnoDB
  DEFAULT CHARSET = utf8mb3;
/*!40101 SET character_set_client = @saved_cs_client */;

--
-- Dumping data for table `reconciliation_log`
--

LOCK TABLES `reconciliation_log` WRITE;
/*!40000 ALTER TABLE `reconciliation_log`
    DISABLE KEYS */;
/*!40000 ALTER TABLE `reconciliation_log`
    ENABLE KEYS */;
UNLOCK TABLES;

--
-- Table structure for table `rss_black_list`
--

DROP TABLE IF EXISTS `rss_black_list`;
/*!40101 SET @saved_cs_client = @@character_set_client */;
/*!50503 SET character_set_client = utf8mb4 */;
CREATE TABLE `rss_black_list`
(
    `id`     int NOT NULL AUTO_INCREMENT,
    `domain` varchar(128) DEFAULT NULL,
    PRIMARY KEY (`id`)
) ENGINE = InnoDB
  AUTO_INCREMENT = 13
  DEFAULT CHARSET = utf8mb3;
/*!40101 SET character_set_client = @saved_cs_client */;

--
-- Dumping data for table `rss_black_list`
--

LOCK TABLES `rss_black_list` WRITE;
/*!40000 ALTER TABLE `rss_black_list`
    DISABLE KEYS */;
INSERT INTO `rss_black_list`
VALUES (1, 'cicnews.com'),
       (2, 'cicsnews.com'),
       (3, 'dailymarkets.com'),
       (4, 'marketwire.com'),
       (5, 'workpermit.com'),
       (6, 'nationalpost.com'),
       (7, 'tricitynews.com'),
       (8, 'Inquirer.net'),
       (9, 'newswire.ca'),
       (10, 'business-standard.com'),
       (11, 'imao.us'),
       (12, 'marxist.com');
/*!40000 ALTER TABLE `rss_black_list`
    ENABLE KEYS */;
UNLOCK TABLES;

--
-- Table structure for table `searches`
--

DROP TABLE IF EXISTS `searches`;
/*!40101 SET @saved_cs_client = @@character_set_client */;
/*!50503 SET character_set_client = utf8mb4 */;
CREATE TABLE `searches`
(
    `search_id`   int                         NOT NULL AUTO_INCREMENT,
    `search_type` enum ('clients','contacts') NOT NULL DEFAULT 'clients',
    `author_id`   bigint                               DEFAULT NULL,
    `company_id`  bigint                               DEFAULT NULL,
    `title`       char(255)                            DEFAULT NULL,
    `query`       text,
    `columns`     text,
    PRIMARY KEY (`search_id`),
    KEY `FK_searches_company` (`company_id`),
    KEY `FK_searches_members` (`author_id`),
    CONSTRAINT `FK_searches_company` FOREIGN KEY (`company_id`) REFERENCES `company` (`company_id`) ON DELETE CASCADE ON UPDATE CASCADE,
    CONSTRAINT `FK_searches_members` FOREIGN KEY (`author_id`) REFERENCES `members` (`member_id`) ON DELETE SET NULL ON UPDATE CASCADE
) ENGINE = InnoDB
  DEFAULT CHARSET = utf8mb3;
/*!40101 SET character_set_client = @saved_cs_client */;

--
-- Dumping data for table `searches`
--

LOCK TABLES `searches` WRITE;
/*!40000 ALTER TABLE `searches`
    DISABLE KEYS */;
/*!40000 ALTER TABLE `searches`
    ENABLE KEYS */;
UNLOCK TABLES;

--
-- Table structure for table `searches_favorites`
--

DROP TABLE IF EXISTS `searches_favorites`;
/*!40101 SET @saved_cs_client = @@character_set_client */;
/*!50503 SET character_set_client = utf8mb4 */;
CREATE TABLE `searches_favorites`
(
    `member_id` bigint NOT NULL,
    `search_id` int    NOT NULL,
    KEY `FK_searches_favorites_members` (`member_id`) USING BTREE,
    KEY `FK_searches_favorites_searches` (`search_id`) USING BTREE,
    CONSTRAINT `FK_searches_favorites_members` FOREIGN KEY (`member_id`) REFERENCES `members` (`member_id`) ON DELETE CASCADE ON UPDATE CASCADE,
    CONSTRAINT `FK_searches_favorites_searches` FOREIGN KEY (`search_id`) REFERENCES `searches` (`search_id`) ON DELETE CASCADE ON UPDATE CASCADE
) ENGINE = InnoDB
  DEFAULT CHARSET = utf8mb3 COMMENT ='Favorite users searches';
/*!40101 SET character_set_client = @saved_cs_client */;

--
-- Dumping data for table `searches_favorites`
--

LOCK TABLES `searches_favorites` WRITE;
/*!40000 ALTER TABLE `searches_favorites`
    DISABLE KEYS */;
/*!40000 ALTER TABLE `searches_favorites`
    ENABLE KEYS */;
UNLOCK TABLES;

--
-- Table structure for table `sessions`
--

DROP TABLE IF EXISTS `sessions`;
/*!40101 SET @saved_cs_client = @@character_set_client */;
/*!50503 SET character_set_client = utf8mb4 */;
CREATE TABLE `sessions`
(
    `id`       char(32) NOT NULL,
    `name`     char(32) NOT NULL,
    `modified` int DEFAULT NULL,
    `lifetime` int DEFAULT NULL,
    `data`     text,
    PRIMARY KEY (`id`, `name`)
) ENGINE = InnoDB
  DEFAULT CHARSET = utf8mb3 COMMENT ='Officio user sessions';
/*!40101 SET character_set_client = @saved_cs_client */;

--
-- Dumping data for table `sessions`
--

LOCK TABLES `sessions` WRITE;
/*!40000 ALTER TABLE `sessions`
    DISABLE KEYS */;
/*!40000 ALTER TABLE `sessions`
    ENABLE KEYS */;
UNLOCK TABLES;

--
-- Table structure for table `snapshots`
--

DROP TABLE IF EXISTS `snapshots`;
/*!40101 SET @saved_cs_client = @@character_set_client */;
/*!50503 SET character_set_client = utf8mb4 */;
CREATE TABLE `snapshots`
(
    `id`               int       NOT NULL AUTO_INCREMENT,
    `url`              char(255)      DEFAULT NULL,
    `assigned_form_id` int unsigned   DEFAULT NULL,
    `url_description`  text,
    `created`          timestamp NULL DEFAULT CURRENT_TIMESTAMP,
    `updated`          timestamp NULL DEFAULT NULL,
    `hash`             char(255)      DEFAULT NULL,
    PRIMARY KEY (`id`),
    KEY `FK_snapshots_FormUpload` (`assigned_form_id`),
    CONSTRAINT `FK_snapshots_FormUpload` FOREIGN KEY (`assigned_form_id`) REFERENCES `form_upload` (`form_id`) ON DELETE SET NULL ON UPDATE CASCADE
) ENGINE = InnoDB
  DEFAULT CHARSET = utf8mb3 COMMENT ='Contains URLs for PDF Version Checker in SuperAdmin';
/*!40101 SET character_set_client = @saved_cs_client */;

--
-- Dumping data for table `snapshots`
--

LOCK TABLES `snapshots` WRITE;
/*!40000 ALTER TABLE `snapshots`
    DISABLE KEYS */;
/*!40000 ALTER TABLE `snapshots`
    ENABLE KEYS */;
UNLOCK TABLES;

--
-- Table structure for table `states`
--

DROP TABLE IF EXISTS `states`;
/*!40101 SET @saved_cs_client = @@character_set_client */;
/*!50503 SET character_set_client = utf8mb4 */;
CREATE TABLE `states`
(
    `state_id`    int unsigned NOT NULL AUTO_INCREMENT,
    `country_id`  int          NOT NULL,
    `state_name`  varchar(250) NOT NULL,
    `state_order` int          NOT NULL DEFAULT '0',
    PRIMARY KEY (`state_id`),
    KEY `FK_states_country_master` (`country_id`),
    CONSTRAINT `FK_states_country_master` FOREIGN KEY (`country_id`) REFERENCES `country_master` (`countries_id`) ON DELETE CASCADE ON UPDATE CASCADE
) ENGINE = InnoDB
  AUTO_INCREMENT = 22
  DEFAULT CHARSET = utf8mb3;
/*!40101 SET character_set_client = @saved_cs_client */;

--
-- Dumping data for table `states`
--

LOCK TABLES `states` WRITE;
/*!40000 ALTER TABLE `states`
    DISABLE KEYS */;
INSERT INTO `states`
VALUES (1, 38, 'Alberta', 0),
       (2, 38, 'British Columbia', 1),
       (3, 38, 'Manitoba', 2),
       (4, 38, 'New Brunswick', 3),
       (5, 38, 'Newfoundland and Labrador', 4),
       (6, 38, 'Northwest Territories', 5),
       (7, 38, 'Nova Scotia', 6),
       (8, 38, 'Nunavut', 7),
       (9, 38, 'Ontario', 8),
       (10, 38, 'Prince Edward Island', 9),
       (11, 38, 'Quebec', 10),
       (12, 38, 'Saskatchewan', 11),
       (13, 38, 'Yukon', 12),
       (14, 13, 'Queensland', 0),
       (15, 13, 'New South Wales', 1),
       (16, 13, 'Victoria', 2),
       (17, 13, 'Australian Capital Territory', 3),
       (18, 13, 'South Australia', 4),
       (19, 13, 'Western Australia', 5),
       (20, 13, 'Northern Territory', 6),
       (21, 13, 'Tasmania', 7);
/*!40000 ALTER TABLE `states`
    ENABLE KEYS */;
UNLOCK TABLES;

--
-- Table structure for table `subscriptions`
--

DROP TABLE IF EXISTS `subscriptions`;
/*!40101 SET @saved_cs_client = @@character_set_client */;
/*!50503 SET character_set_client = utf8mb4 */;
CREATE TABLE `subscriptions`
(
    `subscription_id`     varchar(255)   NOT NULL,
    `subscription_name`   varchar(255)            DEFAULT NULL,
    `subscription_hidden` enum ('Y','N') NOT NULL DEFAULT 'N',
    `subscription_order`  tinyint unsigned        DEFAULT NULL,
    KEY `subscription_id` (`subscription_id`)
) ENGINE = InnoDB
  DEFAULT CHARSET = utf8mb3 COMMENT ='Contains list of all supported subscriptions that can be assigned to companies.';
/*!40101 SET character_set_client = @saved_cs_client */;

--
-- Dumping data for table `subscriptions`
--

LOCK TABLES `subscriptions` WRITE;
/*!40000 ALTER TABLE `subscriptions`
    DISABLE KEYS */;
INSERT INTO `subscriptions`
VALUES ('lite', 'OfficioLite', 'N', 1),
       ('pro', 'OfficioPro', 'N', 2),
       ('ultimate', 'OfficioUltimate', 'N', 4);
/*!40000 ALTER TABLE `subscriptions`
    ENABLE KEYS */;
UNLOCK TABLES;

--
-- Table structure for table `subscriptions_packages`
--

DROP TABLE IF EXISTS `subscriptions_packages`;
/*!40101 SET @saved_cs_client = @@character_set_client */;
/*!50503 SET character_set_client = utf8mb4 */;
CREATE TABLE `subscriptions_packages`
(
    `subscription_id` varchar(255) NOT NULL,
    `package_id`      int          NOT NULL,
    KEY `FK_subscriptions_packages_subscriptions` (`subscription_id`),
    KEY `FK_subscriptions_packages_packages` (`package_id`),
    CONSTRAINT `FK_subscriptions_packages_packages` FOREIGN KEY (`package_id`) REFERENCES `packages` (`package_id`) ON DELETE CASCADE ON UPDATE CASCADE,
    CONSTRAINT `FK_subscriptions_packages_subscriptions` FOREIGN KEY (`subscription_id`) REFERENCES `subscriptions` (`subscription_id`) ON DELETE CASCADE ON UPDATE CASCADE
) ENGINE = InnoDB
  DEFAULT CHARSET = utf8mb3 COMMENT ='Contains matching between subscriptions and packages.';
/*!40101 SET character_set_client = @saved_cs_client */;

--
-- Dumping data for table `subscriptions_packages`
--

LOCK TABLES `subscriptions_packages` WRITE;
/*!40000 ALTER TABLE `subscriptions_packages`
    DISABLE KEYS */;
INSERT INTO `subscriptions_packages`
VALUES ('lite', 1),
       ('pro', 1),
       ('pro', 2),
       ('ultimate', 1),
       ('ultimate', 2),
       ('ultimate', 3);
/*!40000 ALTER TABLE `subscriptions_packages`
    ENABLE KEYS */;
UNLOCK TABLES;

--
-- Table structure for table `superadmin_searches`
--

DROP TABLE IF EXISTS `superadmin_searches`;
/*!40101 SET @saved_cs_client = @@character_set_client */;
/*!50503 SET character_set_client = utf8mb4 */;
CREATE TABLE `superadmin_searches`
(
    `search_id`    int NOT NULL AUTO_INCREMENT,
    `search_title` char(255) DEFAULT NULL,
    `search_query` text,
    PRIMARY KEY (`search_id`)
) ENGINE = InnoDB
  AUTO_INCREMENT = 9
  DEFAULT CHARSET = utf8mb3;
/*!40101 SET character_set_client = @saved_cs_client */;

--
-- Dumping data for table `superadmin_searches`
--

LOCK TABLES `superadmin_searches` WRITE;
/*!40000 ALTER TABLE `superadmin_searches`
    DISABLE KEYS */;
INSERT INTO `superadmin_searches`
VALUES (4, 'This month Subscriptions', '{\"max_rows_count\":\"2\",\"operator_1\":\"and\",\"field_1\":\"company_next_billing_date\",\"filter_1\":\"is_in_this_month\",\"date_from_1\":\"2050-10-01T00:00:00\",\"date_to_1\":\"\",\"text_1\":\"\",\"field_type_1\":\"short_date\",\"operator_2\":\"and\",\"field_2\":\"company_account_trial\",\"filter_2\":\"no\",\"date_from_2\":\"\",\"date_to_2\":\"\",\"text_2\":\"\",\"field_type_2\":\"yes_no\"}'),
       (6, 'This month Annual Subscriptions', '{\"max_rows_count\":\"3\",\"operator_1\":\"and\",\"field_1\":\"company_next_billing_date\",\"filter_1\":\"is_in_this_month\",\"date_from_1\":\"2060-01-01T00:00:00\",\"date_to_1\":\"\",\"text_1\":\"\",\"field_type_1\":\"short_date\",\"operator_2\":\"and\",\"field_2\":\"company_billing_frequency\",\"filter_2\":2,\"date_from_2\":\"\",\"date_to_2\":\"\",\"text_2\":\"\",\"field_type_2\":\"billing_frequency\"}'),
       (7, 'This month Biannual Subscription', '{\"max_rows_count\":\"2\",\"operator_1\":\"and\",\"field_1\":\"company_next_billing_date\",\"filter_1\":\"is_in_this_month\",\"date_from_1\":\"2059-12-31T00:00:00\",\"date_to_1\":\"\",\"text_1\":\"\",\"field_type_1\":\"short_date\",\"operator_2\":\"and\",\"field_2\":\"company_billing_frequency\",\"filter_2\":3,\"date_from_2\":\"\",\"date_to_2\":\"\",\"text_2\":\"\",\"field_type_2\":\"billing_frequency\"}'),
       (8, 'This month subs until 15th', '{\"max_rows_count\":\"2\",\"operator_1\":\"and\",\"field_1\":\"company_next_billing_date\",\"filter_1\":\"is_between_today_and_date\",\"date_from_1\":\"2013-03-16T00:00:00\",\"date_to_1\":\"\",\"text_1\":\"\",\"field_type_1\":\"short_date\",\"operator_2\":\"and\",\"field_2\":\"company_account_trial\",\"filter_2\":\"no\",\"date_from_2\":\"\",\"date_to_2\":\"\",\"text_2\":\"\",\"field_type_2\":\"yes_no\"}');
/*!40000 ALTER TABLE `superadmin_searches`
    ENABLE KEYS */;
UNLOCK TABLES;

--
-- Table structure for table `superadmin_smtp`
--

DROP TABLE IF EXISTS `superadmin_smtp`;
/*!40101 SET @saved_cs_client = @@character_set_client */;
/*!50503 SET character_set_client = utf8mb4 */;
CREATE TABLE `superadmin_smtp`
(
    `smtp_id`       int unsigned          NOT NULL AUTO_INCREMENT,
    `smtp_on`       enum ('Y','N') DEFAULT 'N',
    `smtp_server`   char(255)      DEFAULT NULL,
    `smtp_port`     int unsigned   DEFAULT NULL,
    `smtp_username` char(255)      DEFAULT NULL,
    `smtp_password` text,
    `smtp_use_ssl`  enum ('','ssl','tls') NOT NULL,
    PRIMARY KEY (`smtp_id`)
) ENGINE = InnoDB
  AUTO_INCREMENT = 4
  DEFAULT CHARSET = utf8mb3;
/*!40101 SET character_set_client = @saved_cs_client */;

--
-- Dumping data for table `superadmin_smtp`
--

LOCK TABLES `superadmin_smtp` WRITE;
/*!40000 ALTER TABLE `superadmin_smtp`
    DISABLE KEYS */;
INSERT INTO `superadmin_smtp`
VALUES (1, 'N', NULL, 25, NULL, NULL, ''),
       (2, 'N', NULL, 25, NULL, NULL, ''),
       (3, 'N', NULL, 587, NULL, NULL, 'tls');
/*!40000 ALTER TABLE `superadmin_smtp`
    ENABLE KEYS */;
UNLOCK TABLES;

--
-- Table structure for table `system_templates`
--

DROP TABLE IF EXISTS `system_templates`;
/*!40101 SET @saved_cs_client = @@character_set_client */;
/*!50503 SET character_set_client = utf8mb4 */;
CREATE TABLE `system_templates`
(
    `system_template_id` int unsigned                         NOT NULL AUTO_INCREMENT,
    `type`               enum ('system','mass_email','other') NOT NULL DEFAULT 'other',
    `title`              varchar(255)                                  DEFAULT NULL,
    `subject`            varchar(255)                                  DEFAULT NULL,
    `from`               varchar(255)                                  DEFAULT NULL,
    `to`                 varchar(255)                                  DEFAULT NULL,
    `cc`                 varchar(255)                                  DEFAULT NULL,
    `bcc`                varchar(255)                                  DEFAULT NULL,
    `template`           text,
    `create_date`        date                                          DEFAULT NULL,
    PRIMARY KEY (`system_template_id`)
) ENGINE = InnoDB
  AUTO_INCREMENT = 33
  DEFAULT CHARSET = utf8mb3;
/*!40101 SET character_set_client = @saved_cs_client */;

--
-- Dumping data for table `system_templates`
--

LOCK TABLES `system_templates` WRITE;
/*!40000 ALTER TABLE `system_templates`
    DISABLE KEYS */;
INSERT INTO `system_templates`
VALUES (1, 'system', 'First Invoice', 'Sign up Invoice for {prospects: package}', 'support@officio.com.au', '{prospects: email}', '', 'support@officio.com.au',
        '<table style=\"width: 81.28%; height: 197px;\" border=\"1\" cellpadding=\"5\" cellspacing=\"0\">\n<tbody>\n<tr>\n<td>BILL TO</td></tr>\n<tr>\n<td>{prospects: salutation} {prospects: name} {prospects: last name}<br>{prospects: company}<br>{prospects: address}<br>{prospects: city} {prospects: province/state}{prospects: postal code/zip} <br>{prospects: country}</td></tr></tbody></table><br><br><br>\n<table style=\"width: 70%;\" border=\"1\" cellpadding=\"5\" cellspacing=\"0\">\n<tbody>\n<tr>\n<td align=\"center\">INVOICE NO.</td>\n<td align=\"center\">DATE</td>\n<td align=\"center\">TERMS</td></tr>\n<tr>\n<td align=\"left\">{invoice: number}</td>\n<td align=\"center\">{invoice: date}</td>\n<td><br></td></tr></tbody></table><br><br>\n<table border=\"1\" cellpadding=\"5\" cellspacing=\"0\">\n<tbody>\n<tr>\n<td align=\"center\" width=\"50%\">DESCRIPTION</td>\n<td align=\"center\" width=\"20%\">RATE</td>\n<td align=\"center\" width=\"15%\">QTY</td>\n<td align=\"center\" width=\"15%\">AMOUNT</td></tr>\n<tr>\n<td width=\"50%\">{prospects: package}<br></td>\n<td align=\"center\" width=\"20%\"><br></td>\n<td align=\"center\" width=\"15%\"><br></td>\n<td align=\"right\" width=\"15%\">${invoice: subscription fee}</td></tr>\n<tr>\n<td width=\"50%\">Support and Training</td>\n<td align=\"center\" width=\"20%\"><br></td>\n<td align=\"center\" width=\"15%\"><br></td>\n<td align=\"right\" width=\"15%\">${invoice: support fee}</td></tr>\n<tr>\n<td width=\"50%\">Additional Users</td>\n<td align=\"center\" width=\"20%\">${invoice: price per user}/user</td>\n<td align=\"center\" width=\"15%\">{invoice: additional users}</td>\n<td align=\"right\" width=\"15%\">${invoice: additional users fee}</td></tr>\n<tr>\n<td width=\"50%\">Additional Storage</td>\n<td align=\"center\" width=\"20%\">${invoice: price per storage}/1Gb</td>\n<td align=\"center\" width=\"15%\">{invoice: additional storage}</td>\n<td align=\"right\" width=\"15%\">${invoice: additional storage charges}</td></tr>\n<tr>\n<td colspan=\"3\" width=\"85%\"><br></td>\n<td align=\"right\" width=\"15%\"><b>${invoice: subtotal}</b></td></tr>\n<tr>\n<td colspan=\"4\" width=\"100%\"><br></td></tr>\n<tr>\n<td colspan=\"3\" align=\"left\" width=\"85%\"><br></td>\n<td align=\"right\" width=\"15%\">${invoice: gst/hst fee}</td></tr>\n<tr>\n<td colspan=\"4\" width=\"100%\"><br></td></tr>\n<tr>\n<td colspan=\"3\" align=\"right\" width=\"85%\"><b>TOTAL</b></td>\n<td align=\"right\" width=\"15%\"><b>${invoice: total}</b></td></tr></tbody></table><br>\n<div>\n<center><b>Thank you for using our services. Please do not hesitate to contact us, if we can be of further assistance in the future.</b></center></div>',
        '2010-07-14'),
       (2, 'system', 'Recurring Invoice', '{billing frequency} recurring subscription invoice for {subscription description}', '', '', '', '',
        '<br>\n<table style=\"width: 89.07%; height: 123px;\" border=\"1\" cellpadding=\"5\" cellspacing=\"0\">\n<tbody>\n<tr>\n<td>BILL TO</td></tr>\n<tr>\n<td>{admin first name} {admin last name}<br>{company name}<br>{company address}<br>{company city} {company province/state} {company postal code/zip}<br>{company country}</td></tr></tbody></table><br><br><br>\n<table style=\"width: 70%;\" border=\"1\" cellpadding=\"5\" cellspacing=\"0\">\n<tbody>\n<tr>\n<td align=\"middle\">INVOICE NO.</td>\n<td align=\"middle\">DATE</td>\n<td align=\"middle\">TERMS</td></tr>\n<tr>\n<td align=\"left\">{invoice: number}</td>\n<td align=\"middle\">{invoice: date}</td>\n<td><br></td></tr></tbody></table>\n<br><br><br><div>&nbsp;<br><br><br></div>\n<table style=\"width: 100%;\" border=\"1\" cellpadding=\"5\" cellspacing=\"0\">\n<tbody>\n<tr>\n<td align=\"middle\" width=\"50%\">DESCRIPTION</td>\n<td align=\"middle\" width=\"20%\">RATE</td>\n<td align=\"middle\" width=\"15%\">QTY</td>\n<td align=\"middle\" width=\"15%\">AMOUNT</td></tr>\n<tr>\n<td width=\"50%\">{subscription description}<br></td>\n<td align=\"middle\" width=\"20%\"><br></td>\n<td align=\"middle\" width=\"15%\"><br></td>\n<td align=\"right\" width=\"15%\">${invoice: subscription fee}</td></tr>\n<tr>\n<td width=\"50%\">Additional Users</td>\n<td align=\"middle\" width=\"20%\">${invoice: price per user}/user</td>\n<td align=\"middle\" width=\"15%\">{invoice: additional users}</td>\n<td align=\"right\" width=\"15%\">${invoice: additional users fee}</td></tr>\n<tr>\n<td width=\"50%\">Additional Storage</td>\n<td align=\"middle\" width=\"20%\">${invoice: price per storage} / 1Gb</td>\n<td align=\"middle\" width=\"15%\">{invoice: additional storage}</td>\n<td align=\"right\" width=\"15%\">${invoice: additional storage charges}</td></tr>\n<tr>\n<td colspan=\"3\" width=\"85%\"><br></td>\n<td align=\"right\" width=\"15%\"><b>${invoice: subtotal}</b></td></tr>\n<tr>\n<td colspan=\"4\" width=\"100%\"><br></td></tr>\n<tr>\n<td colspan=\"3\" align=\"left\" width=\"85%\"><br></td>\n<td align=\"right\" width=\"15%\">${invoice: gst/hst fee}</td></tr>\n<tr>\n<td colspan=\"4\" width=\"100%\"><br></td></tr>\n<tr>\n<td colspan=\"3\" align=\"right\" width=\"85%\"><b>TOTAL</b></td>\n<td align=\"right\" width=\"15%\"><b>${invoice: total}</b></td></tr></tbody></table><br>\n<div>\n<center><b>Thank you for using our services. Please do not hesitate to contact us, if we can be of further assistance in the future.</b></center></div>',
        '2010-07-14'),
       (3, 'system', 'Reply to Request a Demo', 'Officio request for demo', 'support@officio.com.au', '{prospects: email}', 'support@officio.com.au', 'bateni@officio.com.au',
        '<p><font size=\"2\" style=\"font-family: arial; font-size: 12px;\">Dear {prospects: salutation} {prospects: last name};<br><br>Thank you for your interest in Officio, the ultimate in Migration Practice Management software.<br><br></font><font size=\"2\"><font face=\"arial\"><span style=\"font-size: 12px;\">To learn more about Officio, please&nbsp;</span>suggest<span style=\"font-size: 12px;\">&nbsp;a suitable time when we can arrange for an online demo.</span></font></font></p><p style=\"font-family: arial; font-size: 12px;\"><span style=\"font-size: small;\">If we can be of any further assistance, please do not hesitate to contact us.<br></span><span style=\"font-size: small;\"><br>Best regards,<br></span><span style=\"font-size: small;\">Officio Team</span></p>\n<p><font size=\"2\"><font face=\"arial\">_______________________________________ </font><br><br><font face=\"arial\">Officio Australia</font><br><font face=\"arial\">T:+61 7 3040 8008&nbsp;</font><br><font face=\"arial\"><span style=\"font-size: 12px;\">Level 7, 199 George Street, Brisbane, QLD, 4000</span></font><br><font face=\"arial\"><span style=\"font-size: 12px;\"><a href=\"http://www.officio.com.au\">www.officio.com.au</a><a href=\"http://www.uniques.ca\" rel=\"nofollow\" target=\"_blank\"></a></span></font></font></p>',
        '2011-04-15'),
       (4, 'system', 'Support Email', 'Officio Support {support email counter}', '{support request: email}', 'support@officio.com.au', '', 'bateni@officio.com.au', '<font face=\"arial\">Dear {support request: name},<br><br>Thank you for your inquiry.<br><br><br><br><br>If we can be of further assistance, please do not hesitate to contact us.<br><br>Best regards,<br>Officio Support Team<br><br>----------------------------------------------------------------------------------<br><br>Name: {support request: name}<br>Company: {support request: company}<br>Tel: {support request: phone}<br>Email: {support request: email}<br>Your Request:<br><br>{support request: request}</font><br>', '2010-05-26'),
       (5, 'system', 'Signup Completed', 'Welcome to Officio. Your online office.', 'support@officio.com.au', '{prospects: email}', 'support@officio.com.au', 'bateni@officio.com.au',
        '<p><font face=\"arial\" size=\"2\">Dear {prospects: salutation} {prospects: last name};<br><br>Thank you for signing up with Officio, the ultimate in migration practice management software.<br><br>Before using Officio, you need to setup your account. If you have not already set up your account, please click on the following link:<a style=\"font-family: arial; font-size: 12px;\"><br><br>http://secure.officio.com.au/companywizard</a><a href=\"http://secure.officio.com.au/companywizard?key=%7Bprospects:%20reg.%20key%7D\" style=\"font-family: arial; font-size: 12px;\">?key={prospects: reg. key}</a><br><br><span style=\"font-size: 12px;\">This link takes you thru a simple step-by-step wizard to customize the software to your requirements. Once the setup is complete, you can start using Officio immediately.</span><br><br><span style=\"font-size: 12px;\">If we can be of any further assistance, please do not hesitate to contact us by replying to this email.</span><br><br><span style=\"font-size: 12px;\">Regards,</span><br><span style=\"font-size: 12px;\">Officio Support Team</span><br><span style=\"font-size: 12px;\">---------------------------------------------------</span><br><span style=\"font-size: 12px;\">Officio Pty Ltd.</span><br><span style=\"font-size: 12px;\">T:&nbsp;</span>+61 7 3040 8008<span style=\"font-size: 12px;\">&nbsp;</span><br><span style=\"font-size: 12px;\">Level 7, 199 George Street, Brisbane, QLD, 4000</span><br><span style=\"font-size: 12px;\">www.officio.com.au</span></font><br></p>',
        '2011-04-15'),
       (7, 'other', 'follow up 1', 'follow up to your last demo request', 'support@officio.com.au', '{prospects: email}', '', '', 'Dear {prospects: name} {prospects: last name};<br><br>I hope you have had a chance to review our demo video.&nbsp;&nbsp; If you have any questions or require more information about a specific requirement you have, please reply to this email with your questions.<br><br>Regards<br>Officio Sales Team<br>', '2009-12-27'),
       (8, 'system', 'New user notification on Company Creation', 'Your Officio account information', 'support@officio.com.au', '{user: email}', '', 'support@officio.com.au',
        '<font face=\"arial\" size=\"2\">Dear {user: first name},</font>\n<div><font face=\"arial\" size=\"2\"><br>Welcome to Officio.com.au, the ultimate in Migration Practice Management software.<br><br>1. You have been added to Officio by your company Admin.&nbsp;You can login to Officio by clicking on the following link:</font></div>\n<div><font face=\"arial\" size=\"2\"><br><a href=\"http://secure.officio.com.au\">http://secure.officio.com.au</a> <br><br></font></div>\n\n<div><div><font face=\"arial\" size=\"2\">The followings are your login details:</font></div>\n<div><font face=\"arial\" size=\"2\"><br></font></div>\n<div><font face=\"arial\" size=\"2\">Username:&nbsp; <b>{user: username}</b></font><font face=\"arial\" size=\"2\"><br>Password: &nbsp; &nbsp;<b>{user: password}</b></font><font face=\"arial\" size=\"2\"><br><br></font>\n<div><font face=\"arial\" size=\"2\">For the security of your data, please ensure to always log out from Officio when you finish work.<br><br>2. To learn more about Officio, please ensure to visit the help, where you can access tutorials for various sections of the program. This helps you get familiar with the program more quickly. Please ensure to configure your email and calendar to start using these components as well.<br><br></font><font face=\"arial\" size=\"2\"><br><br>We hope you enjoy your experience with Officio.</font><font face=\"arial\" size=\"2\"> If we can do anything to enhance your experience with Officio, please do not hesitate to let us know.<br><br>Regards,</font><font face=\"arial\" size=\"2\"><br>Officio Support Team</font></div></div>\n<div><font face=\"arial\"><br></font></div>\n<div><font face=\"arial\"><br></font></div></div>',
        '2011-04-15'),
       (9, 'system', 'Forgotten Email', 'Your login details to Officio', 'support@officio.com.au', '{user: email}', '', '',
        '<div><font face=\"arial\"><span style=\"FONT-SIZE: small\">Dear {user: first name} {user: last name};</span></font></div>\n<div><font face=\"arial\"><span style=\"FONT-SIZE: small\"><br></span></font></div>\n<div><font face=\"arial\"><span style=\"FONT-SIZE: small\">As per your request, please find below your login details:</span></font></div>\n<div><font face=\"arial\"><span style=\"FONT-SIZE: small\"><br></span></font></div>\n<div><font face=\"arial\"><span style=\"FONT-SIZE: small\">User ID: <b>{user: username}</b></span></font></div>\n<div><font face=\"arial\"><span style=\"FONT-SIZE: small\">Link to reset password: <b><a href=\"https://secure.officio.com.au/auth/recovery/hash/{user: password hash}\">click here</a></b></span></font></div>\n<div><font face=\"arial\"><span style=\"FONT-SIZE: small\"><br></span></font></div>\n<div><font face=\"arial\"><span style=\"FONT-SIZE: small\">For the security of your data, please ensure to always logout from Officio when you finish work.</span></font></div>\n<div><font face=\"arial\"><span style=\"FONT-SIZE: small\"><br></span></font></div>\n<div><font face=\"arial\"><span style=\"FONT-SIZE: small\">Regards,</span></font></div>\n<div><font face=\"arial\"><span style=\"FONT-SIZE: small\">Officio Support Team</span></font></div>\n<div><font face=\"arial\"><span style=\"FONT-SIZE: small\"><br></span></font></div><br>',
        '2011-04-15'),
       (10, 'system', 'Special CC Charge', '{special cc charge: notes}', '', '', '', '',
        '&nbsp; \n<table style=\"width: 451px; height: 137px;\" border=\"1\" cellpadding=\"5\" cellspacing=\"0\">\n<tbody>\n<tr>\n<td>BILL TO</td></tr>\n<tr>\n<td>{admin first name} {admin last name}<br>{company name}<br>{company address}<br>{company city} {company province/state} {company postal code/zip}<br>{company country}</td></tr></tbody></table><br><br><br>\n<table border=\"1\" cellpadding=\"5\" cellspacing=\"0\">\n<tbody>\n<tr>\n<td align=\"center\">INVOICE NO.</td>\n<td align=\"center\">DATE</td>\n<td align=\"center\">TERMS</td></tr>\n<tr>\n<td align=\"left\">{invoice: number}</td>\n<td align=\"center\">{invoice: date}</td>\n<td><br></td></tr></tbody></table><br><br><br><br><br><br><br>\n<table border=\"1\" cellpadding=\"5\" cellspacing=\"0\">\n<tbody>\n<tr>\n<td align=\"center\" width=\"50%\">DESCRIPTION</td>\n<td align=\"center\" width=\"20%\">RATE</td>\n<td align=\"center\" width=\"15%\">QTY</td>\n<td align=\"center\" width=\"15%\">AMOUNT</td></tr>\n<tr>\n<td width=\"50%\">{subscription description}<br></td>\n<td align=\"center\" width=\"20%\"><br></td>\n<td align=\"center\" width=\"15%\"><br></td>\n<td align=\"right\" width=\"15%\">${invoice: subscription fee}</td></tr>\n<tr>\n<td width=\"50%\">Support and Training</td>\n<td align=\"center\" width=\"20%\"><br></td>\n<td align=\"center\" width=\"15%\"><br></td>\n<td align=\"right\" width=\"15%\">${invoice: support fee}</td></tr>\n<tr>\n<td width=\"50%\">Additional Users</td>\n<td align=\"center\" width=\"20%\">${invoice: price per user}/user</td>\n<td align=\"center\" width=\"15%\">{invoice: additional users}</td>\n<td align=\"right\" width=\"15%\">${invoice: additional users fee}</td></tr>\n<tr>\n<td width=\"50%\">Additional Storage</td>\n<td align=\"center\" width=\"20%\">${invoice: price per storage}/1Gb</td>\n<td align=\"center\" width=\"15%\">{invoice: additional storage}</td>\n<td align=\"right\" width=\"15%\">${invoice: additional storage charges}</td></tr>\n<tr>\n<td colspan=\"3\" width=\"85%\"><br></td>\n<td align=\"right\" width=\"15%\"><b>${invoice: subtotal}</b></td></tr>\n<tr>\n<td colspan=\"4\" width=\"100%\"><br></td></tr>\n<tr>\n<td colspan=\"3\" align=\"left\" width=\"85%\">GST<br></td>\n<td align=\"right\" width=\"15%\">${invoice: gst/hst fee}</td></tr>\n<tr>\n<td colspan=\"4\" width=\"100%\"><br></td></tr>\n<tr>\n<td colspan=\"3\" align=\"right\" width=\"85%\"><b>TOTAL</b></td>\n<td align=\"right\" width=\"15%\">${special cc charge: amount}</td></tr></tbody></table><br>\n<p></p>\n<center><b>Thank you for using our services. Please do not hesitate to contact us, if we can be of further assistance in the future.</b></center>\n<p></p>',
        '2010-07-14'),
       (11, 'system', 'Credit Card Processing Error', 'Officio Billing - Please update your credit card information', 'support@officio.com.au', 'support@officio.com.au', '', 'shahram@officio.com.au',
        '<font face=\"arial\" size=\"2\">Dear </font><font face=\"arial\" size=\"2\">{admin first name} {admin last name};<br><br>Our automated billing system has encountered the following error in processing your credit card:<br></font><font size=\"2\"><font face=\"arial\"><br><b>{error message}</b></font><br></font><font face=\"arial\" size=\"2\"><br>To update your credit card details, please take the following steps:<br><br>- Login to Officio, <br>- On the top-right corner of the screen, click on <b>Admin</b><br>- On the left, click on <b>Company Details</b><br>- Click on <b>Account Details</b><br>- Click on <b>Update Credit Card on File</b><br>- Update your credit card information and click on Save<br><br>We will be automatically notified of this change, and your account will be reinstated automatically.<br><br>If we can be of any further assistance, please do not hesitate to contact us by replying to this email.<br><br>Best regards,<br>Officio Billing Team<br></font><font size=\"2\"><span style=\"FONT-FAMILY: arial\"><br>_______________________________________ </span><br style=\"FONT-FAMILY: arial\"><br style=\"FONT-FAMILY: arial\">Officio Pty Ltd.<br>T: +61 7 3212-2266 F: +61 7 3212-2211<br>Level 7, 199 George Street, Brisbane, QLD, 4000<br>www.officio.com.au</font><br><br>',
        '2010-05-28'),
       (12, 'system', 'Credit card on file was updated by admin', 'Admin of {company name} updated their credit card on file', 'support@officio.com.au', 'Support@officio.com.au', '', 'shahram@officio.com.au', '<br>The following company has updated their credit card information on file.&nbsp;&nbsp; Please check their account and process any invoice that is outstanding.<br><br>Their detail:<br>Company Name: {company name}<br>Company City: {company city}<br>Company Phone 1: {company phone 1}<br>Company Phone 2: {company phone 2}<br>Admin:{admin first name} {admin last name}<br>Admin email: {admin email}', '2010-05-28'),
       (13, 'system', 'Notes or Special Invoice', '{special cc charge: notes}', '', '', '', '',
        '<br>\n<table border=\"1\" cellpadding=\"5\" cellspacing=\"0\" height=\"157\" width=\"260\">\n<tbody>\n<tr>\n<td>BILL TO</td></tr>\n<tr>\n<td>{admin first name} {admin last name}<br>{company name}<br>{company address}<br>{company city} {company province/state} {company postal code/zip}<br>{company country}</td></tr></tbody></table><br><br><br>\n<table style=\"width: 70%;\" align=\"right\" border=\"1\" cellpadding=\"5\" cellspacing=\"0\">\n<tbody>\n<tr>\n<td align=\"center\">INVOICE NO.</td>\n<td align=\"center\">DATE</td>\n<td align=\"center\">TERMS</td></tr>\n<tr>\n<td align=\"left\">{invoice: number}</td>\n<td align=\"center\">{invoice: date}</td>\n<td><br></td></tr></tbody></table><br><br><br>\n<table style=\"width: 100%;\" border=\"1\" cellpadding=\"5\" cellspacing=\"0\">\n<tbody>\n<tr>\n<td align=\"center\" width=\"50%\">DESCRIPTION</td>\n<td align=\"center\" width=\"20%\">RATE</td>\n<td align=\"center\" width=\"15%\">QTY</td>\n<td align=\"center\" width=\"15%\">AMOUNT</td></tr>\n<tr>\n<td width=\"50%\">{subscription description}<br></td>\n<td align=\"center\" width=\"20%\"><br></td>\n<td align=\"center\" width=\"15%\"><br></td>\n<td align=\"right\" width=\"15%\">$ {invoice: subscription fee}</td></tr>\n<tr>\n<td width=\"50%\">Additional Users</td>\n<td align=\"center\" width=\"20%\">${invoice: price per user}/user</td>\n<td align=\"center\" width=\"15%\">{invoice: additional users}</td>\n<td align=\"right\" width=\"15%\">${invoice: additional users fee}</td></tr>\n<tr>\n<td width=\"50%\">Additional Storage</td>\n<td align=\"center\" width=\"20%\">${invoice: price per storage}/ 1Gb</td>\n<td align=\"center\" width=\"15%\">{invoice: additional storage}</td>\n<td align=\"right\" width=\"15%\">${invoice: additional storage charges}</td></tr>\n<tr>\n<td colspan=\"3\" width=\"85%\"><br></td>\n<td align=\"right\" width=\"15%\"><b>${invoice: subtotal}</b></td></tr>\n<tr>\n<td colspan=\"4\" width=\"100%\"><br></td></tr>\n<tr>\n<td colspan=\"3\" align=\"left\" width=\"85%\">GST ()</td>\n<td align=\"right\" width=\"15%\">${invoice: gst/hst fee}</td></tr>\n<tr>\n<td colspan=\"4\" width=\"100%\"><br></td></tr>\n<tr>\n<td colspan=\"3\" align=\"right\" width=\"85%\"><b>TOTAL</b></td>\n<td align=\"right\" width=\"15%\"><strong>${special cc charge: amount}</strong></td></tr></tbody></table><br>\n<div>\n<center><b>Thank you for using our services. Please do not hesitate to contact us, if we can be of further assistance in the future.</b></center></div>\n<p></p>',
        '2010-07-14'),
       (14, 'system', 'Subscription Invoice', 'Invoice for {company package} - {billing frequency} Subscription', 'support@officio.com.au', '{company email}', '', 'support@officio.com.au',
        '<table>\n    <tbody><tr>\n    <td>\n    <img src=\"{settings: images path}/default/officio_logo_with_bg.png\" alt=\"logo\" height=\"94\" width=\"600\">\n    </td>\n    </tr>\n\n    <tr>\n\n    <td>\n  <table align=\"center\" bgcolor=\"#b3bcbf\" border=\"0\" cellpadding=\"6\" cellspacing=\"1\" width=\"600\">\n    <tbody>\n      <tr>\n    <td bgcolor=\"#ffffff\">\n      <table border=\"0\" cellpadding=\"5\" cellspacing=\"0\" width=\"100%\">\n        <tbody>\n      <tr>\n        <td style=\"font: 11px Arial,Helvetica,sans-serif; text-align: left;\" bgcolor=\"#f0f0f0\">\n\n        <table border=\"0\" cellpadding=\"5\" width=\"100%\">\n          <tbody>\n   <tr>\n          <td>\n   <div style=\"font: 11px Arial,Helvetica,sans-serif;\">Dear {admin first name} {admin last name},<br><br>Thank you for your order. Here are your order details:</div>\n          </td>\n   </tr>\n          </tbody>\n        </table>\n\n          <table border=\"1\" cellpadding=\"6\" width=\"100%\">\n        <tbody>\n          <tr>\n   <td bgcolor=\"#ffffff\">\n          <table border=\"0\" cellpadding=\"0\" cellspacing=\"0\" width=\"100%\">\n   <tbody>\n   <tr>\n   <td style=\"font: 11px Arial,Helvetica,sans-serif;\" nowrap=\"nowrap\"><span style=\"color: #4F8CBC; font-weight: bold;\">{company package} - {billing frequency} Subscription</span><br>\n   <strong>Licensee Name:</strong>&nbsp;&nbsp;{company name}\n   </td>\n   </tr>\n   </tbody>\n          </table>\n   </td>\n          </tr>\n        </tbody>\n          </table>\n\n          <br>\n\n          <table bgcolor=\"#f0f0f0\" border=\"0\" cellpadding=\"0\" cellspacing=\"0\" width=\"100%\">\n        <tbody>\n          <tr>\n   <td colspan=\"4\" style=\"font: 11px Arial,Helvetica,sans-serif;\" bgcolor=\"#e3e2e2\" nowrap=\"nowrap\">\n          <span style=\"font: 11px Arial,Helvetica,sans-serif; font-weight: bold;\">Your order summary:</span><br>\n          <table border=\"0\" cellpadding=\"5\" cellspacing=\"0\" width=\"100%\">\n   <tbody>\n   <tr>\n   <td style=\"font: 11px Arial,Helvetica,sans-serif; font-weight: bold;\" width=\"20%\">Invoice #:</td>\n   <td style=\"font: 11px Arial,Helvetica,sans-serif;\">{invoice: number}</td>\n   </tr>\n   <tr>\n   <td style=\"font: 11px Arial,Helvetica,sans-serif; font-weight: bold;\">Date:</td>\n   <td style=\"font: 11px Arial,Helvetica,sans-serif;\">{invoice: date}</td>\n   </tr>\n   <tr>\n   <td style=\"font: 11px Arial,Helvetica,sans-serif; font-weight: bold;\">Next billing date:</td>\n   <td style=\"font: 11px Arial,Helvetica,sans-serif;\">{next billing date}</td>\n   </tr>\n   </tbody>\n          </table>\n   </td>\n          </tr>\n        </tbody>\n          </table>\n        \n          <br>\n\n        <table style=\"background: url(&quot;{settings: images path}/default/officio_watermark.png&quot;) no-repeat center;\" bgcolor=\"#f0f0f0\" border=\"0\" cellpadding=\"3\" cellspacing=\"0\" width=\"100%\">\n   <tbody><tr>\n   <td style=\"font: 11px Arial,Helvetica,sans-serif;\" width=\"40%\"><strong>Description</strong></td>\n   <td style=\"font: 11px Arial,Helvetica,sans-serif;\" align=\"center\" width=\"20%\"><strong>Qty</strong></td>\n   <td style=\"font: 11px Arial,Helvetica,sans-serif;\" align=\"center\" width=\"20%\"><strong>Unit Price</strong></td>\n   <td style=\"font: 11px Arial,Helvetica,sans-serif;\" align=\"right\" width=\"20%\"><strong>Amount</strong></td>\n   </tr>\n   <tr>\n   <td style=\"font: 11px Arial,Helvetica,sans-serif;\"><span style=\"font-weight: bold;\">{company package} - {billing frequency} Subscription</span>\n   <br>Includes:<br>\n   - {invoice: free storage} Gb of space<br>\n   - {invoice: free users} user license(s)\n   </td>\n   <td style=\"font: 11px Arial,Helvetica,sans-serif;\" align=\"center\">{invoice: quantity}</td>\n   <td style=\"font: 11px Arial,Helvetica,sans-serif;\" align=\"center\">{invoice: currency} {invoice: subscription fee}</td>\n   <td style=\"font: 11px Arial,Helvetica,sans-serif;\" align=\"right\">{invoice: currency} {invoice: subscription fee}</td>\n   </tr>\n   <tr {invoice:=\"\" hide=\"\" if=\"\" empty=\"\" discount}=\"\">\n   <td style=\"font: 11px Arial,Helvetica,sans-serif;\">Discount</td>\n   <td style=\"font: 11px Arial,Helvetica,sans-serif;\" align=\"center\">&nbsp;</td>\n   <td style=\"font: 11px Arial,Helvetica,sans-serif;\" align=\"center\">&nbsp;</td>\n   <td style=\"font: 11px Arial,Helvetica,sans-serif;\" align=\"right\">{invoice: currency} -{invoice: discount}</td>\n   </tr>\n   <tr>\n   <td style=\"font: 11px Arial,Helvetica,sans-serif; font-weight: bold;\">Additional user license(s)</td>\n   <td style=\"font: 11px Arial,Helvetica,sans-serif;\" align=\"center\">{invoice: additional users}</td>\n   <td style=\"font: 11px Arial,Helvetica,sans-serif;\" align=\"center\">{invoice: currency} {invoice: price per user}</td>\n   <td style=\"font: 11px Arial,Helvetica,sans-serif;\" align=\"right\">{invoice: currency} {invoice: additional users fee}</td>\n   </tr>\n   <tr><td colspan=\"4\"><hr></td></tr>\n   <tr>\n   <td style=\"font: 11px Arial,Helvetica,sans-serif;\">&nbsp;</td>\n   <td style=\"font: 11px Arial,Helvetica,sans-serif;\" align=\"center\">&nbsp;</td>\n   <td style=\"font: 11px Arial,Helvetica,sans-serif;\" align=\"right\">Sub Total</td>\n   <td style=\"font: 11px Arial,Helvetica,sans-serif;\" align=\"right\">{invoice: currency} {invoice: subtotal}</td>\n   </tr>\n   <tr>\n   <td colspan=\"3\" style=\"font: 11px Arial,Helvetica,sans-serif;\" align=\"right\">GST ()</td>\n   <td style=\"font: 11px Arial,Helvetica,sans-serif;\" align=\"right\">{invoice: currency} {invoice: gst/hst fee}</td>\n   </tr>\n   <tr>\n   <td style=\"font: 11px Arial,Helvetica,sans-serif;\">&nbsp;</td>\n   <td style=\"font: 11px Arial,Helvetica,sans-serif;\" align=\"center\">&nbsp;</td>\n   <td style=\"font: 11px Arial,Helvetica,sans-serif; font-weight: bold;\" align=\"right\">Total</td>\n   <td style=\"font: 11px Arial,Helvetica,sans-serif;\" align=\"right\">{invoice: currency} {invoice: total}</td>\n   </tr>\n   <tr>\n   <td style=\"font: 11px Arial,Helvetica,sans-serif;\">&nbsp;</td>\n   <td style=\"font: 11px Arial,Helvetica,sans-serif;\" align=\"center\">&nbsp;</td>\n   <td style=\"font: 11px Arial,Helvetica,sans-serif; font-weight: bold;\" align=\"right\">Paid</td>\n   <td style=\"font: 11px Arial,Helvetica,sans-serif;\" align=\"right\">{invoice: currency} -{invoice: amount paid}</td>\n   </tr>\n   <tr>\n          <td colspan=\"4\" height=\"38\" nowrap=\"nowrap\">\n   <table border=\"0\" width=\"100%\">\n   <tbody><tr>\n   <td style=\"font: 11px Arial,Helvetica,sans-serif;\" nowrap=\"nowrap\" width=\"18%\"><strong>Payment method:</strong></td>\n   <td style=\"font: 11px Arial,Helvetica,sans-serif;\" width=\"82%\">{invoice: payment method}</td>\n   </tr>\n   </tbody></table>\n          </td>\n   </tr>\n        </tbody></table>\n\n        <table border=\"0\" cellpadding=\"5\" width=\"100%\">\n          <tbody>\n   <tr>\n          <td style=\"font: 11px Arial,Helvetica,sans-serif;\">\n   <p><strong>A couple of quick notes and reminders:</strong></p>\n   <ul>\n   <li><strong>Payment:</strong> Your credit card&nbsp; has been debited with {invoice: currency} {invoice: amount paid}, your card statement will list \"Officio Pty Ltd\".</li>\n   <li><strong>My account:</strong> You can always access your invoices by logging into Officio, and going to Admin | Company Details | Company Invoices. </li>\n   </ul>\n   <p>Thank you for your order. If we can do anything to enhance your experience with Officio, please do not hesitate to let us know.</p>\n   <br><br>\n   <p>Best regards,</p>\n   <p><strong>The Officio Team</strong></p>\n   <p><br></p>\n          </td>\n   </tr>\n          </tbody>\n        </table>\n\n        <p>\n        </p></td>\n      </tr>\n        </tbody>\n      </table>\n    </td>\n      </tr>\n    </tbody>\n  </table>\n    </td>\n  </tr>\n</tbody></table>',
        '2011-03-17'),
       (15, 'system', 'Renew Invoice', 'Invoice for {company package} - {billing frequency} Renew', 'support@officio.com.au', '{company email}', '', 'support@officio.com.au',
        '<table>\n    <tbody><tr>\n    <td>\n    <img src=\"{settings: images path}/default/officio_logo_with_bg.png\" alt=\"logo\" height=\"94\" width=\"600\">\n    </td>\n    </tr>\n\n    <tr>\n\n    <td>\n  <table align=\"center\" bgcolor=\"#b3bcbf\" border=\"0\" cellpadding=\"6\" cellspacing=\"1\" width=\"600\">\n    <tbody>\n      <tr>\n    <td bgcolor=\"#ffffff\">\n      <table border=\"0\" cellpadding=\"5\" cellspacing=\"0\" width=\"100%\">\n        <tbody>\n      <tr>\n        <td style=\"font: 11px Arial,Helvetica,sans-serif; text-align: left;\" bgcolor=\"#f0f0f0\">\n\n        <table border=\"0\" cellpadding=\"5\" width=\"100%\">\n          <tbody>\n   <tr>\n          <td>\n   <div style=\"font: 11px Arial,Helvetica,sans-serif;\">Dear {admin first name} {admin last name},<br><br>Thank you for your order. Here are your order details:</div>\n          </td>\n   </tr>\n          </tbody>\n        </table>\n\n          <table border=\"1\" cellpadding=\"6\" width=\"100%\">\n        <tbody>\n          <tr>\n   <td bgcolor=\"#ffffff\">\n          <table border=\"0\" cellpadding=\"0\" cellspacing=\"0\" width=\"100%\">\n   <tbody>\n   <tr>\n   <td style=\"font: 11px Arial,Helvetica,sans-serif;\" nowrap=\"nowrap\"><span style=\"color: #4F8CBC; font-weight: bold;\">{company package} - {billing frequency} Subscription</span><br>\n   <strong>Licensee Name:</strong>&nbsp;&nbsp;{company name}\n   </td>\n   </tr>\n   </tbody>\n          </table>\n   </td>\n          </tr>\n        </tbody>\n          </table>\n\n          <br>\n\n          <table bgcolor=\"#f0f0f0\" border=\"0\" cellpadding=\"0\" cellspacing=\"0\" width=\"100%\">\n        <tbody>\n          <tr>\n   <td colspan=\"4\" style=\"font: 11px Arial,Helvetica,sans-serif;\" bgcolor=\"#e3e2e2\" nowrap=\"nowrap\">\n          <span style=\"font: 11px Arial,Helvetica,sans-serif; font-weight: bold;\">Your order summary:</span><br>\n          <table border=\"0\" cellpadding=\"5\" cellspacing=\"0\" width=\"100%\">\n   <tbody>\n   <tr>\n   <td style=\"font: 11px Arial,Helvetica,sans-serif; font-weight: bold;\" width=\"20%\">Invoice #:</td>\n   <td style=\"font: 11px Arial,Helvetica,sans-serif;\">{invoice: number}</td>\n   </tr>\n   <tr>\n   <td style=\"font: 11px Arial,Helvetica,sans-serif; font-weight: bold;\">Date:</td>\n   <td style=\"font: 11px Arial,Helvetica,sans-serif;\">{invoice: date}</td>\n   </tr>\n   <tr>\n   <td style=\"font: 11px Arial,Helvetica,sans-serif; font-weight: bold;\">Next billing date:</td>\n   <td style=\"font: 11px Arial,Helvetica,sans-serif;\">{next billing date}</td>\n   </tr>\n   </tbody>\n          </table>\n   </td>\n          </tr>\n        </tbody>\n          </table>\n        \n          <br>\n\n        <table style=\"background: url(&quot;{settings: images path}/default/officio_watermark.png&quot;) no-repeat center;\" bgcolor=\"#f0f0f0\" border=\"0\" cellpadding=\"3\" cellspacing=\"0\" width=\"100%\">\n   <tbody><tr>\n   <td style=\"font: 11px Arial,Helvetica,sans-serif;\" width=\"40%\"><strong>Description</strong></td>\n   <td style=\"font: 11px Arial,Helvetica,sans-serif;\" align=\"center\" width=\"20%\"><strong>Qty</strong></td>\n   <td style=\"font: 11px Arial,Helvetica,sans-serif;\" align=\"center\" width=\"20%\"><strong>Unit Price</strong></td>\n   <td style=\"font: 11px Arial,Helvetica,sans-serif;\" align=\"right\" width=\"20%\"><strong>Amount</strong></td>\n   </tr>\n   <tr>\n   <td style=\"font: 11px Arial,Helvetica,sans-serif;\"><span style=\"font-weight: bold;\">{company package} - {billing frequency} Subscription</span>\n   <br>Includes:<br>\n   - {invoice: free storage} Gb of space<br>\n   - {invoice: free users} user license(s)\n   </td>\n   <td style=\"font: 11px Arial,Helvetica,sans-serif;\" align=\"center\">{invoice: quantity}</td>\n   <td style=\"font: 11px Arial,Helvetica,sans-serif;\" align=\"center\">{invoice: currency} {invoice: subscription fee}</td>\n   <td style=\"font: 11px Arial,Helvetica,sans-serif;\" align=\"right\">{invoice: currency} {invoice: subscription fee}</td>\n   </tr>\n   <tr {invoice:=\"\" hide=\"\" if=\"\" empty=\"\" discount}=\"\">\n   <td style=\"font: 11px Arial,Helvetica,sans-serif;\">Discount</td>\n   <td style=\"font: 11px Arial,Helvetica,sans-serif;\" align=\"center\">&nbsp;</td>\n   <td style=\"font: 11px Arial,Helvetica,sans-serif;\" align=\"center\">&nbsp;</td>\n   <td style=\"font: 11px Arial,Helvetica,sans-serif;\" align=\"right\">{invoice: currency} -{invoice: discount}</td>\n   </tr>\n   <tr>\n   <td style=\"font: 11px Arial,Helvetica,sans-serif; font-weight: bold;\">Additional user license(s)</td>\n   <td style=\"font: 11px Arial,Helvetica,sans-serif;\" align=\"center\">{invoice: additional users}</td>\n   <td style=\"font: 11px Arial,Helvetica,sans-serif;\" align=\"center\">{invoice: currency} {invoice: price per user}</td>\n   <td style=\"font: 11px Arial,Helvetica,sans-serif;\" align=\"right\">{invoice: currency} {invoice: additional users fee}</td>\n   </tr>\n   <tr><td colspan=\"4\"><hr></td></tr>\n   <tr>\n   <td style=\"font: 11px Arial,Helvetica,sans-serif;\">&nbsp;</td>\n   <td style=\"font: 11px Arial,Helvetica,sans-serif;\" align=\"center\">&nbsp;</td>\n   <td style=\"font: 11px Arial,Helvetica,sans-serif;\" align=\"right\">Sub Total</td>\n   <td style=\"font: 11px Arial,Helvetica,sans-serif;\" align=\"right\">{invoice: currency} {invoice: subtotal}</td>\n   </tr>\n   <tr>\n   <td colspan=\"3\" style=\"font: 11px Arial,Helvetica,sans-serif;\" align=\"right\">GST ()</td>\n   <td style=\"font: 11px Arial,Helvetica,sans-serif;\" align=\"right\">{invoice: currency} {invoice: gst/hst fee}</td>\n   </tr>\n   <tr>\n   <td style=\"font: 11px Arial,Helvetica,sans-serif;\">&nbsp;</td>\n   <td style=\"font: 11px Arial,Helvetica,sans-serif;\" align=\"center\">&nbsp;</td>\n   <td style=\"font: 11px Arial,Helvetica,sans-serif; font-weight: bold;\" align=\"right\">Total</td>\n   <td style=\"font: 11px Arial,Helvetica,sans-serif;\" align=\"right\">{invoice: currency} {invoice: total}</td>\n   </tr>\n   <tr>\n   <td style=\"font: 11px Arial,Helvetica,sans-serif;\">&nbsp;</td>\n   <td style=\"font: 11px Arial,Helvetica,sans-serif;\" align=\"center\">&nbsp;</td>\n   <td style=\"font: 11px Arial,Helvetica,sans-serif; font-weight: bold;\" align=\"right\">Paid</td>\n   <td style=\"font: 11px Arial,Helvetica,sans-serif;\" align=\"right\">{invoice: currency} -{invoice: amount paid}</td>\n   </tr>\n   <tr>\n          <td colspan=\"4\" height=\"38\" nowrap=\"nowrap\">\n   <table border=\"0\" width=\"100%\">\n   <tbody><tr>\n   <td style=\"font: 11px Arial,Helvetica,sans-serif;\" nowrap=\"nowrap\" width=\"18%\"><strong>Payment method:</strong></td>\n   <td style=\"font: 11px Arial,Helvetica,sans-serif;\" width=\"82%\">{invoice: payment method}</td>\n   </tr>\n   </tbody></table>\n          </td>\n   </tr>\n        </tbody></table>\n\n        <table border=\"0\" cellpadding=\"5\" width=\"100%\">\n          <tbody>\n   <tr>\n          <td style=\"font: 11px Arial,Helvetica,sans-serif;\">\n   <p><strong>A couple of quick notes and reminders:</strong></p>\n   <ul>\n   <li><strong>Payment:</strong> Your credit card&nbsp; has been debited with {invoice: currency} {invoice: amount paid}, your card statement will list \"Officio PTY Ltd.\".</li>\n   <li><strong>My account:</strong> You can always access your invoices by logging into Officio, and going to Admin | Company Details | Company Invoices. </li>\n   </ul>\n   <p>Thank you for your order. If we can do anything to enhance your experience with Officio, please do not hesitate to let us know.</p>\n   <br><br>\n   <p>Best regards,</p>\n   <p><strong>The Officio Team</strong></p>\n   <p><br></p>\n          </td>\n   </tr>\n          </tbody>\n        </table>\n\n        <p>\n        </p></td>\n      </tr>\n        </tbody>\n      </table>\n    </td>\n      </tr>\n    </tbody>\n  </table>\n    </td>\n  </tr>\n</tbody></table>',
        '2011-03-17'),
       (18, 'mass_email', 'Scheduled Maintenance', 'Scheduled Maintenance', 'Officio Support \"support@uniques.ca\"', '', '', '',
        '<font face=\"arial\"><br>Dear {user: first name},<br><br>We will be conducting a scheduled maintenance on one of Officio\'s servers on Saturday, Feb. 2nd, 2013, starting at 00:05AM AST. D</font><font face=\"arial\"><font face=\"arial\">uring this time service will not be available to you.<br></font><br>While our intent is to minimize the downtime, the server should be back online by 9:00AM AST on Saturday.&nbsp; <br><br>Officio is growing very quickly, thanks to users like you.&nbsp; This scheduled maintenance is part one of a 2-step process to expand our servers capacities.<br><br>Apart from working on infrastructure, we will be releasing a new upgrade that includes:<br>- Improved and faster performing Document-Management<br>- Time-Management Module<br>- Task-Management Module<br><br>We will be sending you additional emails with instructions on how to use these new features.<br><br>We apologize for any inconvenience this may cause. I trust you will like the new improvements.<br><br>If we can be of any further assistance, please do not hesitate to contact us.<br><br>do not hesitate to contact us.<br><br></font><font size=\"2\">Best regards,<br>Officio Team<br></font>\n<p style=\"font-family: arial;\"><font size=\"2\">_______________________________________ <br><br>Officio Pty Ltd.<br>T: +61 7 3212-2266 F: +61 7 3212-2211<br>Level 7, 199 George Street, Brisbane, QLD, 4000<br>www.officio.com.au</font></p><p><font face=\"arial\"><br></font></p><font face=\"arial\"><br><br></font>',
        '2011-11-17'),
       (19, 'mass_email', 'Officio Update 2013', 'Officio Update 2013', 'support@officio.com.au', '', '', 'shahram@officio.com.au',
        '<p></p><p><font color=\"#000000\"><font face=\"arial\"><br>Dear {user: first name},<br><br>I\'m excited to announce the release of Officio-2013. This version includes the following key features:<br><br>- Immigration News section<br>- Time Management<br></font></font><span style=\"font-family: arial;\">- Task Management<br></span><span style=\"font-family: arial;\">- Improved Document Management<br></span><span style=\"font-family: arial;\"><br>To learn more, please watch the following 10-minute video:<br></span><span style=\"font-family: arial;\"></span></p><p><span style=\"font-family: arial;\">&lt;link&gt;</span></p><p><span style=\"font-family: arial;\"></span><span style=\"font-family: arial;\"><br>These features are available to you at no extra cost. I hope you\'ll find them useful in your day-to-day operation.</span><span style=\"font-family: arial;\"><br><br>If we can be of any further assistance, please do not hesitate to contact us.<br></span><span style=\"font-family: arial;\"><br>Best regards,<br></span><span style=\"font-family: arial;\">Officio Team<br></span></p><p><font color=\"#000000\"><font face=\"arial\">_______________________________________<br><br>Officio Pty Ltd.<br>T: +61 7 3212-2266&nbsp;&nbsp;&nbsp; F: +61 7 3212-2211<br>Level 7, 199 George Street, Brisbane, QLD, 4000<br>www.officio.com.au</font></font></p><p></p>',
        '2013-02-04'),
       (21, 'mass_email', 'Scheduled Maintenance 2', 'Scheduled Maintenance', 'Officio Support \"support@officio.com.au\"', '', '', '',
        '<font face=\"arial\"><br>Dear {user: first name},<br><br>We will be performing a software upgrade on one of Officio\'s servers on Saturday, April 6th, 2013, starting at 01:00AM AST. D</font><font face=\"arial\"><font face=\"arial\">uring this time service will not be available to you.<br></font><br>While our intent is to minimize the downtime, the server should be back online by 9:00AM AST on Saturday. <br><br>We apologize for any inconvenience this may cause. I trust you will like the new improvements.<br><br></font><font face=\"arial\"><font face=\"arial\">Officio is growing very quickly, thanks to users like you. </font>If you have any suggestions or improving ideas, please do not hesitate to contact us.<br><br>Best regards, <br>Officio Team<br>_______________________________________  <br><br>Officio Pty Ltd.<br>T: +61 7 3212-2266&nbsp;&nbsp;&nbsp; F: +61 7 3212-2211<br>Level 7, 199 George Street, Brisbane, QLD, 4000<br>www.officio.com.au<a href=\"http://www.officio.ca\"></a></font><p><font face=\"arial\"><br></font></p><font face=\"arial\"><br><br></font>',
        '2013-04-04'),
       (22, 'system', 'Password Changed', 'Officio - Password Changed', 'support@officio.com.au', '{user: email}', '', '', '<font face=\"arial\" size=\"2\">Dear {user: first name},</font>\n<div>Your password was changed.</div>', '2014-04-25'),
       (23, 'system', 'User account locked', 'Officio - User account locked', 'support@officio.com.au', 'support@officio.com.au', '', 'bateni@officio.com.au', '<div>User account locked: {user: username}.</div>', '2014-04-26'),
       (24, 'system', 'Certificate of Naturalisation (for PDF generation)', 'Certificate of Naturalisation (for PDF generation)', '', '', '', '',
        '<table border=\"0\" cellpadding=\"3\" align=\"left\" width=\"100%\">\n         <tr>\n          <td width=\"75%\" style=\"font-weight: bold; font-family: Cambria, Arial, Helvetica;\">COMMONWEALTH OF DOMINICA CITIZENSHIP ACT (Ch.1:10)</td>\n          <td width=\"25%\" align=\"right\" style=\"font-weight: bold; font-family: Cambria, Arial, Helvetica;\">SECTION 8</td>\n         </tr>\n        </table>\n        <p align=\"center\" style=\"font-size: 19pt;\">CERTIFICATE OF NATURALISATION</p>\n        <p style=\"text-indent: 30px; text-align: justify; font-size: 11pt;\">WHEREAS <i><b>{main_applicant_name}</b></i> has applied to the Minister responsible for citizenship in the Government of Dominica for a certificate of naturalisation, alleging with respect to {self_name} the particulars set out below, and has satisfied the Minister that the conditions laid down in the Constitution and in the Citizenship Act Chapter 1:10 for the grant of a certificate of naturalisation are fulfilled:</p>\n        <p style=\"text-indent: 30px; text-align: justify; font-size: 11pt;\">Now, THEREFORE, the Minister, in exercise of the powers conferred upon him by the said Constitution and Act, grants to the said <i><b>{main_applicant_name_2}</b></i> this Certificate of Naturalisation, and declares that upon taking the oath or affirmation of allegiance in the manner required by the Act shall be a citizen of Dominica as from the date of this certificate.</p>\n        <p style=\"text-indent: 30px; text-align: right; font-size: 11pt;\">In witness whereof I have hereto subscribed my name this ____ day of _________, _____.</p>\n        <p></p>\n        <p></p>\n        <p></p>\n        <table border=\"0\" cellpadding=\"3\" align=\"left\" width=\"100%\">\n         <tr>\n          <td width=\"65%\"></td>                                                        \n          <td width=\"35%\" style=\"font-size: 9pt; font-style: italic; text-align: center;\"><br />MINISTER FOR NATIONAL SECURITY</td>\n         </tr>\n        </table>\n        <p></p>\n        <p align=\"center\" style=\"font-weight: bold; font-size: 10pt; font-family: Times New Roman, Georgia, Serif;\">Particulars relating to applicant</p>\n        <table border=\"0\" cellpadding=\"0\" align=\"left\" width=\"100%\" style=\"font-size: 10pt; font-family: Times New Roman, Georgia, Serif;\">\n         <tr>\n          <td width=\"32%\"></td>\n          <td width=\"25%\">FULL NAME:</td>\n          <td width=\"43%\"><b><u><i>{main_applicant_name_3}</i></u></b></td>\n         </tr>\n         <tr><td colspan=\"3\"></td></tr>\n         <tr>\n          <td width=\"32%\"></td>\n          <td width=\"25%\">ADDRESS:</td>\n          <td width=\"43%\"><b><u><i>{address}</i></u></b></td>\n         </tr>\n         <tr><td colspan=\"3\"></td></tr>\n         <tr>\n          <td width=\"32%\"></td>\n          <td width=\"25%\">PROFESSION/<br />OCCUPATION:</td>\n          <td width=\"43%\"><b><u><i>{occupation}</i></u></b></td>\n         </tr>\n         <tr><td colspan=\"3\"></td></tr>\n         <tr>\n          <td width=\"32%\"></td>\n          <td width=\"25%\">PLACE OF BIRTH:</td>\n          <td width=\"43%\"><b><u><i>{place_of_birth}</i></u></b></td>\n         </tr>\n         <tr><td colspan=\"3\"></td></tr>\n         <tr>\n          <td width=\"32%\"></td>\n          <td width=\"25%\">DATE OF BIRTH:</td>\n          <td width=\"43%\"><b><u><i>{date_of_birth}</i></u></b></td>\n         </tr>\n         <tr><td colspan=\"3\"></td></tr>\n         <tr>\n          <td width=\"32%\"></td>\n          <td width=\"25%\">SINGLE/MARRIED, etc.:</td>\n          <td width=\"43%\"><b><u><i>{marital_status}</i></u></b></td>\n         </tr>\n         <tr><td colspan=\"3\"></td></tr>\n         <tr>\n          <td width=\"32%\"></td>\n          <td width=\"25%\">NAME OF SPOUSE:</td>\n          <td width=\"43%\"><b><u><i>{name_of_spouse}</i></u></b></td>\n         </tr>\n        </table>',
        '2018-03-21'),
       (25, 'system', 'Upgrade to OfficioSolo', 'Upgrade to Solo', 'support@officio.com.au', '{company email}', '', 'support@officio.com.au',
        '<table>     <tr>         <td>             <img src=\"{settings: images path}/default/officio_logo_with_bg.png\" alt=\"logo\" width=\"600\" height=\"94\" />         </td>     </tr>      <tr>      <td>       <table width=\"600\" align=\"center\" bgcolor=\"#b3bcbf\" border=\"0\" cellpadding=\"6\" cellspacing=\"1\">         <tbody>           <tr>             <td bgcolor=\"#ffffff\">               <table width=\"100%\" border=\"0\" cellpadding=\"5\" cellspacing=\"0\">                 <tbody>                   <tr>                     <td style=\"font: 11px Arial,Helvetica,sans-serif; text-align: left;\" bgcolor=\"#f0f0f0\">                          <table width=\"100%\" border=\"0\" cellpadding=\"5\">                           <tbody>                             <tr>                               <td>                                   <div style=\"font: 11px Arial,Helvetica,sans-serif;\">Dear {admin first name} {admin last name},<br><br>Thank you for your order. Here are your order details:</div>                               </td>                             </tr>                           </tbody>                         </table>                        <table width=\"100%\" border=\"1\" cellpadding=\"6\">                         <tbody>                           <tr>                             <td bgcolor=\"#ffffff\">                               <table width=\"100%\" border=\"0\" cellpadding=\"0\" cellspacing=\"0\">                                 <tbody>                                   <tr>                                     <td style=\"font: 11px Arial,Helvetica,sans-serif;\" nowrap=\"nowrap\"><span style=\"color: #4F8CBC; font-weight: bold;\">Upgrade to Solo - Prorated</span><br>                                         <strong>Licensee Name:</strong>&nbsp;&nbsp;{company name}                                     </td>                                   </tr>                                 </tbody>                               </table>                             </td>                           </tr>                         </tbody>                       </table>                        <br>                        <table width=\"100%\" bgcolor=\"#f0f0f0\" border=\"0\" cellpadding=\"0\" cellspacing=\"0\">                         <tbody>                           <tr>                             <td colspan=\"4\" style=\"font: 11px Arial,Helvetica,sans-serif;\" bgcolor=\"#e3e2e2\" nowrap=\"nowrap\">                               <span style=\"font: 11px Arial,Helvetica,sans-serif; font-weight: bold;\">Your order summary:</span><br>                               <table width=\"100%\" border=\"0\" cellpadding=\"5\" cellspacing=\"0\">                                 <tbody>                                     <tr>                                         <td style=\"font: 11px Arial,Helvetica,sans-serif; font-weight: bold;\" width=\"20%\">Invoice #:</td>                                         <td style=\"font: 11px Arial,Helvetica,sans-serif;\">{invoice: number}</td>                                     </tr>                                     <tr>                                         <td style=\"font: 11px Arial,Helvetica,sans-serif; font-weight: bold;\">Date:</td>                                         <td style=\"font: 11px Arial,Helvetica,sans-serif;\">{invoice: date}</td>                                     </tr>                                     <tr>                                         <td style=\"font: 11px Arial,Helvetica,sans-serif; font-weight: bold;\">Next billing date:</td>                                         <td style=\"font: 11px Arial,Helvetica,sans-serif;\">{next billing date}</td>                                     </tr>                                 </tbody>                               </table>                             </td>                           </tr>                         </tbody>                       </table>                                               <br>                          <table width=\"100%\" bgcolor=\"#f0f0f0\" border=\"0\" cellpadding=\"3\" cellspacing=\"0\" style=\'background: url(\"{settings: images path}/default/officio_watermark.png\") no-repeat center;\'>                             <tr>                                   <td style=\"font: 11px Arial,Helvetica,sans-serif;\" width=\"40%\"><strong>Description</strong></td>                                   <td style=\"font: 11px Arial,Helvetica,sans-serif;\" align=\"center\" width=\"20%\"><strong>Qty</strong></td>                                   <td style=\"font: 11px Arial,Helvetica,sans-serif;\" align=\"center\" width=\"20%\"><strong>Unit Price</strong></td>                                   <td style=\"font: 11px Arial,Helvetica,sans-serif;\" align=\"right\" width=\"20%\"><strong>Amount</strong></td>                             </tr>                             <tr>                                   <td style=\"font: 11px Arial,Helvetica,sans-serif;\"><span style=\"font-weight: bold;\">Upgrade to Solo - Prorated</span>                                       <br/>Includes:<br>                                         - {invoice: free storage} Gb of space<br>                                         - {invoice: free users} user license(s)                                   </td>                                   <td style=\"font: 11px Arial,Helvetica,sans-serif;\" align=\"center\">{invoice: quantity}</td>                                   <td style=\"font: 11px Arial,Helvetica,sans-serif;\" align=\"center\">{invoice: currency} {invoice: subscription fee}</td>                                   <td style=\"font: 11px Arial,Helvetica,sans-serif;\" align=\"right\">{invoice: currency} {invoice: subscription fee}</td>                             </tr>                             <tr {invoice: hide if empty discount}>                                   <td style=\"font: 11px Arial,Helvetica,sans-serif;\">Discount</td>                                   <td style=\"font: 11px Arial,Helvetica,sans-serif;\" align=\"center\">&nbsp;</td>                                   <td style=\"font: 11px Arial,Helvetica,sans-serif;\" align=\"center\">&nbsp;</td>                                   <td style=\"font: 11px Arial,Helvetica,sans-serif;\" align=\"right\">{invoice: currency} -{invoice: discount}</td>                             </tr>                             <tr>                                 <td style=\"font: 11px Arial,Helvetica,sans-serif; font-weight: bold;\">Additional user license(s)</td>                                 <td style=\"font: 11px Arial,Helvetica,sans-serif;\" align=\"center\">{invoice: additional users}</td>                                 <td style=\"font: 11px Arial,Helvetica,sans-serif;\" align=\"center\">{invoice: currency} {invoice: price per user}</td>                                 <td style=\"font: 11px Arial,Helvetica,sans-serif;\" align=\"right\">{invoice: currency} {invoice: additional users fee}</td>                             </tr>                             <tr><td colspan=\"4\"><hr></td></tr>                             <tr>                                   <td style=\"font: 11px Arial,Helvetica,sans-serif;\">&nbsp;</td>                                   <td style=\"font: 11px Arial,Helvetica,sans-serif;\" align=\"center\">&nbsp;</td>                                   <td style=\"font: 11px Arial,Helvetica,sans-serif;\" align=\"right\">Sub Total</td>                                   <td style=\"font: 11px Arial,Helvetica,sans-serif;\" align=\"right\">{invoice: currency} {invoice: subtotal}</td>                             </tr>                             <tr>                                   <td colspan=\"3\" style=\"font: 11px Arial,Helvetica,sans-serif;\" align=\"right\">GST</td>                                   <td style=\"font: 11px Arial,Helvetica,sans-serif;\" align=\"right\">{invoice: currency} {invoice: gst/hst fee}</td>                             </tr>                             <tr>                                   <td style=\"font: 11px Arial,Helvetica,sans-serif;\">&nbsp;</td>                                   <td style=\"font: 11px Arial,Helvetica,sans-serif;\" align=\"center\">&nbsp;</td>                                   <td style=\"font: 11px Arial,Helvetica,sans-serif; font-weight: bold;\" align=\"right\">Total</td>                                   <td style=\"font: 11px Arial,Helvetica,sans-serif;\" align=\"right\">{invoice: currency} {invoice: total}</td>                             </tr>                             <tr>                                   <td style=\"font: 11px Arial,Helvetica,sans-serif;\">&nbsp;</td>                                   <td style=\"font: 11px Arial,Helvetica,sans-serif;\" align=\"center\">&nbsp;</td>                                   <td style=\"font: 11px Arial,Helvetica,sans-serif; font-weight: bold;\" align=\"right\">Paid</td>                                   <td style=\"font: 11px Arial,Helvetica,sans-serif;\" align=\"right\">{invoice: currency} -{invoice: amount paid}</td>                             </tr>                             <tr>                               <td colspan=\"4\" nowrap=\"nowrap\" height=\"38\">                                 <table width=\"100%\" border=\"0\">                                     <tr>                                       <td style=\"font: 11px Arial,Helvetica,sans-serif;\" width=\"18%\" nowrap=\"nowrap\"><strong>Payment method:</strong></td>                                       <td style=\"font: 11px Arial,Helvetica,sans-serif;\" width=\"82%\">{invoice: payment method}</td>                                     </tr>                                 </table>                               </td>                             </tr>                         </table>                          <table width=\"100%\" border=\"0\" cellpadding=\"5\">                           <tbody>                             <tr>                               <td style=\"font: 11px Arial,Helvetica,sans-serif;\">                                   <p><strong>A couple of quick notes and reminders:</strong></p>                                   <ul>                                     <li><strong>Payment:</strong> Your credit card&nbsp; has been debited with {invoice: currency} {invoice: amount paid}, your card statement will list &quot;UNIQUES SOFTWARE&quot;.</li>                                     <li><strong>My account:</strong> You can always access your invoices by logging into Officio, and going to Admin | Company Details | Company Invoices. </li>                                   </ul>                                   <p>Thank you for your order. If we can do anything to enhance your experience with Officio, please do not hesitate to let us know.</p></td>                             </tr>                           </tbody>                         </table>                          <p>                     </td>                   </tr>                 </tbody>               </table>             </td>           </tr>         </tbody>       </table>     </td>   </tr> </table>',
        '2019-11-13'),
       (26, 'system', 'Certificate of Naturalisation (for HTML preview)', 'Certificate of Naturalisation (for HTML preview)', NULL, NULL, NULL, NULL,
        '<div style=\"font-size: 17px; border: 1px solid #ccc; padding: 10px 10px 40px 10px; margin: 5px 5px 30px 5px; background-color: white;\">\n            <div style=\"float: right; margin: 10px 0;\">\n                <input type=\"text\" readonly disabled name=\"con_number_{page_number}\" size=\"30\" value=\"{con_number}\" style=\"text-align: right\" />\n                <input type=\"hidden\" name=\"dependent_id_{page_number}\" value=\"{dependent_id}\" />\n            </div>\n            <table border=\"0\" cellpadding=\"3\" width=\"100%\">\n                <tr>\n                    <td width=\"75%\" style=\"font-weight: bold;\">COMMONWEALTH OF DOMINICA CITIZENSHIP ACT (Ch.1:10)</td>\n                    <td width=\"25%\" align=\"right\" style=\"font-weight: bold;\">SECTION 8</td>\n                </tr>\n            </table>\n            <h1 align=\"center\" style=\"font-size: 22px; margin: 20px\">CERTIFICATE OF NATURALISATION</h1>\n            <p style=\"text-indent: 30px; padding-bottom: 15px; text-align: justify;\">\n                WHEREAS <i><b><input type=\"text\" name=\"main_applicant_name_{page_number}\" size=\"30\" value=\"{main_applicant_name}\"/></b></i> has applied to the Minister responsible for citizenship in the Government of Dominica for a certificate of naturalisation, alleging with respect to <input type=\"text\" name=\"self_name_{page_number}\" size=\"30\" value=\"{self_name}\"/> the particulars set out below, and has satisfied the Minister that\n                the conditions laid down in the Constitution and in the Citizenship Act Chapter 1:10 for the grant of a certificate of naturalisation are fulfilled:\n            </p>\n            <p style=\"text-indent: 30px; padding-bottom: 15px; text-align: justify;\">\n                Now, THEREFORE, the Minister, in exercise of the powers conferred upon him by the said Constitution and Act, grants to the said <i><b><input type=\"text\" name=\"main_applicant_name_2_{page_number}\" size=\"30\" value=\"{main_applicant_name_2}\"/></b></i> this Certificate of Naturalisation, and declares that upon taking the oath or affirmation of allegiance in the manner required by the Act shall be a citizen of Dominica as from the\n                date of this certificate.\n            </p>\n            <p style=\"text-indent: 30px; padding-bottom: 75px; text-align: right;\">In witness whereof I have hereto subscribed my name this ____ day of _________, ______.</p>\n        \n            <table border=\"0\" cellpadding=\"3\" width=\"100%\">\n                <tr>\n                    <td width=\"65%\"></td>\n                    <td width=\"35%\" style=\"font-style: italic; font-size: smaller; text-align: center\">...............................................................................................<br/>MINISTER FOR NATIONAL SECURITY</td>\n                </tr>\n            </table>\n        \n            <p align=\"center\" style=\"font-weight: bold; padding: 40px 0 10px;\">Particulars relating to applicant</p>\n        \n            <table border=\"0\" cellpadding=\"2\" width=\"100%\">\n                <tr>\n                    <td width=\"37%\" rowspan=\"8\" style=\"text-align: center\">{photo}<input type=\"hidden\" name=\"photo_path_{page_number}\" value=\"{photo_path}\"/></td>\n                    <td width=\"30%\" height=\"30px\"><label for=\"main_applicant_name_3_{page_number}\">FULL NAME:</label></td>\n                    <td width=\"33%\" height=\"30px\"><textarea id=\"main_applicant_name_3_{page_number}\" name=\"main_applicant_name_3_{page_number}\" cols=\"37\" rows=\"2\">{main_applicant_name_3}</textarea></td>\n                </tr>\n                <tr>\n                    <td width=\"30%\" height=\"70px\"><label for=\"address_{page_number}\">ADDRESS:</label></td>\n                    <td width=\"33%\" height=\"70px\"><textarea id=\"address_{page_number}\" name=\"address_{page_number}\" cols=\"37\" rows=\"5\">{address}</textarea></td>\n                </tr>\n                <tr>\n                    <td width=\"30%\" height=\"30px\"><label for=\"occupation_{page_number}\">PROFESSION/<br/>OCCUPATION:</label></td>\n                    <td width=\"33%\" height=\"30px\"><textarea id=\"occupation_{page_number}\" name=\"occupation_{page_number}\" cols=\"37\" rows=\"2\">{occupation}</textarea></td>\n                </tr>\n                <tr>\n                    <td width=\"30%\"><label for=\"place_of_birth_{page_number}\">PLACE OF BIRTH:</label></td>\n                    <td width=\"33%\"><input type=\"text\" id=\"place_of_birth_{page_number}\" name=\"place_of_birth_{page_number}\" value=\"{place_of_birth}\" size=\"37\"/></td>\n                </tr>\n                <tr>\n                    <td width=\"30%\"><label for=\"date_of_birth_{page_number}\">DATE OF BIRTH:</label></td>\n                    <td width=\"33%\"><input type=\"text\" id=\"date_of_birth_{page_number}\" name=\"date_of_birth_{page_number}\" value=\"{date_of_birth}\" size=\"37\"/></td>\n                </tr>\n                <tr>\n                    <td width=\"30%\"><label for=\"marital_status_{page_number}\">SINGLE/MARRIED, etc.:</label></td>\n                    <td width=\"33%\"><input type=\"text\" id=\"marital_status_{page_number}\" name=\"marital_status_{page_number}\" value=\"{marital_status}\" size=\"37\"/></td>\n                </tr>\n                <tr>\n                    <td width=\"30%\" height=\"30px\"><label for=\"name_of_spouse_{page_number}\">NAME OF SPOUSE:</label></td>\n                    <td width=\"33%\" height=\"30px\"><textarea id=\"name_of_spouse_{page_number}\" name=\"name_of_spouse_{page_number}\" cols=\"37\" rows=\"2\">{name_of_spouse}</textarea></td>\n                </tr>\n            </table>\n        </div>',
        '2019-11-13'),
       (27, 'system', 'Marketplace Prospect to Client Fee', 'Marketplace prospect to client conversion', 'support@officio.com.au', '', '', 'support@officio.com.au',
        '<table border=\"1\" cellpadding=\"5\" cellspacing=\"0\">\r\n    <tbody>\r\n    <tr>\r\n        <td>BILL TO</td>\r\n    </tr>\r\n    <tr>\r\n        <td>{admin first name} {admin last name}<br>{company name}<br>{company address}<br>{company city} {company province/state} {company postal code/zip}<br>{company country}\r\n        </td>\r\n    </tr>\r\n    </tbody>\r\n</table><br><br><br>\r\n<table border=\"1\" cellpadding=\"5\" cellspacing=\"0\">\r\n    <tbody>\r\n    <tr>\r\n        <td align=\"middle\">INVOICE NO.</td>\r\n        <td align=\"middle\">DATE</td>\r\n        <td align=\"middle\">TERMS</td>\r\n    </tr>\r\n    <tr>\r\n        <td align=\"left\">{invoice: number}</td>\r\n        <td align=\"middle\">{invoice: date}</td>\r\n        <td><br></td>\r\n    </tr>\r\n    </tbody>\r\n</table><br><br>\r\n<table border=\"1\" cellpadding=\"5\" cellspacing=\"0\">\r\n    <tbody>\r\n    <tr>\r\n        <td align=\"middle\" width=\"50%\">DESCRIPTION</td>\r\n        <td align=\"middle\" width=\"20%\">RATE</td>\r\n        <td align=\"middle\" width=\"15%\">QTY</td>\r\n        <td align=\"middle\" width=\"15%\">AMOUNT</td>\r\n    </tr>\r\n    <tr>\r\n        <td width=\"50%\">Fee for the Marketplace prospect lead<br></td>\r\n        <td align=\"middle\" width=\"20%\">${company prospect: conversion rate}</td>\r\n        <td align=\"middle\" width=\"15%\">{company prospect: conversion quantity}</td>\r\n        <td align=\"right\" width=\"15%\">${invoice: subtotal}</td>\r\n    </tr>\r\n    <tr>\r\n        <td colspan=\"3\" width=\"85%\"><br></td>\r\n        <td align=\"right\" width=\"15%\"><b>${invoice: subtotal}</b></td>\r\n    </tr>\r\n    <tr>\r\n        <td colspan=\"4\" width=\"100%\"><br></td>\r\n    </tr>\r\n    <tr>\r\n        <td colspan=\"3\" align=\"left\" width=\"85%\">GST/HST (Registration No. 896191244)</td>\r\n        <td align=\"right\" width=\"15%\">${invoice: gst/hst fee}</td>\r\n    </tr>\r\n    <tr>\r\n        <td colspan=\"4\" width=\"100%\"><br></td>\r\n    </tr>\r\n    <tr>\r\n        <td colspan=\"3\" align=\"right\" width=\"85%\"><b>TOTAL</b></td>\r\n        <td align=\"right\" width=\"15%\"><b>${invoice: total}</b></td>\r\n    </tr>\r\n    </tbody>\r\n</table><br>\r\n<p></p>\r\n<center>\r\n    <b>Thank you for using our services. Please do not hesitate to contact us, if we can be of further assistance in the future.</b>\r\n</center>\r\n<p></p>',
        '2019-11-13'),
       (28, 'system', 'New Company Signup - Started', 'New Company Signup - Started', 'support@officio.ca', 'support@officio.ca', '', '', '<h1>New Company Signup - Started</h1>\n<div>Company name: {prospects: company}</div>\n<div>Company phone (W): {prospects: company}</div>\n<br>\n<h2>Admin User Details</h2>\n<div>First Name: {prospects: admin_first_name}</div>\n<div>Last Name: {prospects: admin_last_name}</div>\n<div>Email: {prospects: admin_email}</div>\n<div>Username: {prospects: admin_username}</div>\n<br>\n<h3>You should receive a second email confirmation after they have successfully paid for the subscription.</h3>', '2022-11-14'),
       (29, 'system', 'New Company Signup - Failed (Payment Successful)', 'New Company Signup - Failed (Payment Successful)', 'support@officio.ca', 'support@officio.ca', '', '', '<h1>New Company Signup - Failed (Payment Successful)</h1>\n<div>Company name: {prospects: company}</div>\n<div>Company phone (W): {prospects: company}</div>\n<br>\n<h2>Admin User Details</h2>\n<div>First Name: {prospects: admin_first_name}</div>\n<div>Last Name: {prospects: admin_last_name}</div>\n<div>Email: {prospects: admin_email}</div>\n<div>Username: {prospects: admin_username}</div>\n<br>\n', '2022-11-14'),
       (30, 'system', 'Officio Daily Notifications', 'Daily Notifications', 'Officio \"no-reply@officio.ca\"', '{user: email}', '', '',
        '<!DOCTYPE html PUBLIC \"-//W3C//DTD XHTML 1.0 Transitional//EN\" \"http://www.w3.org/TR/xhtml1/DTD/xhtml1-transitional.dtd\">\n<html xmlns=\"http://www.w3.org/1999/xhtml\" lang=\"en-GB\">\n<head>\n    <title>Daily Officio Notifications</title>\n\n    <meta http-equiv=\"Content-Type\" content=\"text/html; charset=UTF-8\"/>\n    <meta name=\"viewport\" content=\"width=device-width, initial-scale=1.0\"/>\n\n    <style type=\"text/css\">\n        body {\n            margin: 0;\n            padding: 0;\n            color: #082040;\n        }\n\n        h1 {\n            margin: 0;\n            padding: 0;\n            font-weight: normal;\n        }\n\n        h2 {\n            margin: 0;\n            padding: 0;\n            font-weight: normal;\n        }\n\n        a[x-apple-data-detectors] {\n            color: inherit !important;\n        }\n\n        .today_news_item {\n            border-collapse: collapse;\n            border: 2px solid #E0EDFF;\n            border-radius: 5px;\n            width: 150px;\n        }\n\n        .today_news_item_spacer {\n            width: 15px;\n        }\n\n        .today_news_title {\n            text-align: center;\n            background-color: #E0EDFF;\n            padding: 5px;\n            font-weight: bold;\n        }\n\n        .today_news_count {\n            text-align: center;\n            font-size: 48px;\n        }\n\n        .block_spacer {\n            padding: 10px;\n        }\n    </style>\n\n</head>\n<body>\n<table border=\"0\" cellpadding=\"0\" cellspacing=\"0\" style=\"border-collapse: collapse;\">\n    <tr>\n        <td style=\"padding: 20px 0 10px; border-bottom: 2px solid #6793CD;\">\n            <a href=\"https://officio.ca/\"><img alt=\"Officio\" width=\"160\" height=\"41\" src=\"{settings: officio url}/images/default/logo_new.png\"/></a>\n        </td>\n    </tr>\n\n    <tr>\n        <td style=\"padding-top: 20px\">\n            <div>Hello {user: first name}. Happy {today_date_day}!</div>\n            <br>\n            <div>The following is an update for {today_date}:</div>\n        </td>\n    </tr>\n\n    <tr>\n        <td style=\"{studio_news_block_style}\">\n            <div class=\"block_spacer\">&nbsp;</div>\n            <table border=\"0\" cellpadding=\"0\" cellspacing=\"0\" width=\"100%\" style=\"border-collapse: collapse; {studio_news_block_style}\">\n                <tr>\n                    <td>\n                        <h1>Studio News</h1>\n                    </td>\n                </tr>\n                <tr>\n                    <td>\n                        {studio_news}\n                    </td>\n                </tr>\n            </table>\n        </td>\n    </tr>\n\n    <tr>\n        <td style=\"{announcements_block_style}\">\n            <div class=\"block_spacer\">&nbsp;</div>\n            <table border=\"0\" cellpadding=\"0\" cellspacing=\"0\" width=\"100%\" style=\"border-collapse: collapse; {announcements_block_style}\">\n                <tr>\n                    <td>\n                        <h1>Announcements</h1>\n                    </td>\n                </tr>\n                <tr>\n                    <td>\n                        {announcements}\n                    </td>\n                </tr>\n            </table>\n        </td>\n    </tr>\n\n    <tr>\n        <td>\n            <div class=\"block_spacer\">&nbsp;</div>\n            <table border=\"0\" cellpadding=\"0\" cellspacing=\"0\" width=\"100%\" style=\"border-collapse: collapse;\">\n                <tr>\n                    <td>\n                        <h1>Today\'s Summary</h1>\n                        <h4>New or unread items:</h4>\n                    </td>\n                </tr>\n                <tr>\n                    <td>\n                        {today_news}\n                    </td>\n                </tr>\n            </table>\n        </td>\n    </tr>\n\n    <tr>\n        <td>\n            <div style=\"padding: 20px 0;\">\n                <div style=\"margin-top: 40px;\">For privacy reasons, clients and prospects names are not visible in this email. Please login to your <a href=\"{settings: officio url}\">Officio</a> account for details.</div>\n                <div style=\"margin-top: 20px;\">Wishing you a pleasant day.<br>Team Officio</div>\n            </div>\n        </td>\n    </tr>\n\n    <tr>\n        <td>\n            <div style=\"padding: 20px 0; border-top: 2px solid #E9EAEC;\">\n                <div style=\"color: #808080; font-size: smaller\">To discontinue receiving daily email notifications, go to the Dashboard and toggle off the daily email notification.</div>\n            </div>\n        </td>\n    </tr>\n</table>\n</body>\n</html>',
        '2021-06-24'),
       (31, 'system', 'New 2FA token', 'Officio Verification Code', NULL, '{user: email}', NULL, NULL, '\n                <span style=\"font-style: italic\">This is an automated message from Officio, please do not reply to it. </span><br />\n                <br />\n                Dear {user: name},<br />\n                <br />\n                Here is verification code for your recent login attempt:<br />\n                <br />\n                {2fa_token: guid}<br />\n                <br />\n                Please copy and paste it to the corresponding field in Officio.<br />\n                <br />\n                Regards,<br />\n                Officio Support Team<br />\n            ', '2022-11-14'),
       (32, 'system', 'Login from new device', 'Officio login from new device', NULL, '{user: email}', NULL, NULL,
        '\n                <span style=\"font-style: italic\">This is an automated message from Officio, please do not reply to it. </span><br />\n                <br />\n                Dear {user: name},<br />\n                <br />\n                We have detected a log in attempt from a previously unknonwn device.<br />\n                <br />\n                Details of the login:<br />\n                Location: {trusted_device: location}<br />\n                Browser: {trusted_device: browser}<br />\n                OS: {trusted_device: os}<br />\n                IP Address: {trusted_device: last_login_ip}<br />\n                <br />\n                If that wasn\'t you, we strongly suggest to change your password and contact us if it happens again.<br />\n                If that was your device, no further action needed.<br />\n                <br />\n                Regards,<br />\n                Officio Support Team<br />\n            ', '2022-11-14');
/*!40000 ALTER TABLE `system_templates`
    ENABLE KEYS */;
UNLOCK TABLES;

--
-- Table structure for table `task_queue`
--

DROP TABLE IF EXISTS `task_queue`;
/*!40101 SET @saved_cs_client = @@character_set_client */;
/*!50503 SET character_set_client = utf8mb4 */;
CREATE TABLE `task_queue`
(
    `id`             int           NOT NULL AUTO_INCREMENT,
    `created`        datetime      NOT NULL DEFAULT CURRENT_TIMESTAMP,
    `last_attempted` datetime               DEFAULT NULL ON UPDATE CURRENT_TIMESTAMP,
    `priority`       int           NOT NULL DEFAULT '0',
    `handler_class`  varchar(1024) NOT NULL,
    `info`           blob,
    `failed`         int           NOT NULL DEFAULT '0',
    `failure_log`    blob,
    PRIMARY KEY (`id`),
    KEY `created` (`created`),
    KEY `priority` (`priority`),
    KEY `failed` (`failed`)
) ENGINE = InnoDB
  DEFAULT CHARSET = utf8mb3;
/*!40101 SET character_set_client = @saved_cs_client */;

--
-- Dumping data for table `task_queue`
--

LOCK TABLES `task_queue` WRITE;
/*!40000 ALTER TABLE `task_queue`
    DISABLE KEYS */;
/*!40000 ALTER TABLE `task_queue`
    ENABLE KEYS */;
UNLOCK TABLES;

--
-- Table structure for table `template_attachments`
--

DROP TABLE IF EXISTS `template_attachments`;
/*!40101 SET @saved_cs_client = @@character_set_client */;
/*!50503 SET character_set_client = utf8mb4 */;
CREATE TABLE `template_attachments`
(
    `email_template_id`  int unsigned NOT NULL,
    `letter_template_id` int unsigned NOT NULL,
    KEY `FK_template_attachments_email_templates` (`email_template_id`),
    KEY `FK_template_attachments_letter_templates` (`letter_template_id`),
    CONSTRAINT `FK_template_attachments_email_templates` FOREIGN KEY (`email_template_id`) REFERENCES `templates` (`template_id`) ON DELETE CASCADE ON UPDATE CASCADE,
    CONSTRAINT `FK_template_attachments_letter_templates` FOREIGN KEY (`letter_template_id`) REFERENCES `templates` (`template_id`) ON DELETE CASCADE ON UPDATE CASCADE
) ENGINE = InnoDB
  DEFAULT CHARSET = utf8mb3 COMMENT ='Contains links between email templates and attached to them letter templates.';
/*!40101 SET character_set_client = @saved_cs_client */;

--
-- Dumping data for table `template_attachments`
--

LOCK TABLES `template_attachments` WRITE;
/*!40000 ALTER TABLE `template_attachments`
    DISABLE KEYS */;
/*!40000 ALTER TABLE `template_attachments`
    ENABLE KEYS */;
UNLOCK TABLES;

--
-- Table structure for table `template_file_attachments`
--

DROP TABLE IF EXISTS `template_file_attachments`;
/*!40101 SET @saved_cs_client = @@character_set_client */;
/*!50503 SET character_set_client = utf8mb4 */;
CREATE TABLE `template_file_attachments`
(
    `id`          int          NOT NULL AUTO_INCREMENT,
    `template_id` int unsigned NOT NULL,
    `member_id`   bigint       NOT NULL,
    `name`        varchar(255) DEFAULT NULL,
    `size`        int          DEFAULT NULL,
    PRIMARY KEY (`id`),
    KEY `FK_template_file_attachments_templates` (`template_id`),
    KEY `FK_template_file_attachments_members` (`member_id`),
    CONSTRAINT `FK_template_file_attachments_members` FOREIGN KEY (`member_id`) REFERENCES `members` (`member_id`) ON DELETE CASCADE ON UPDATE CASCADE,
    CONSTRAINT `FK_template_file_attachments_templates` FOREIGN KEY (`template_id`) REFERENCES `templates` (`template_id`) ON DELETE CASCADE ON UPDATE CASCADE
) ENGINE = InnoDB
  DEFAULT CHARSET = utf8mb3 COMMENT ='Contains info about attachments in email templates';
/*!40101 SET character_set_client = @saved_cs_client */;

--
-- Dumping data for table `template_file_attachments`
--

LOCK TABLES `template_file_attachments` WRITE;
/*!40000 ALTER TABLE `template_file_attachments`
    DISABLE KEYS */;
/*!40000 ALTER TABLE `template_file_attachments`
    ENABLE KEYS */;
UNLOCK TABLES;

--
-- Table structure for table `templates`
--

DROP TABLE IF EXISTS `templates`;
/*!40101 SET @saved_cs_client = @@character_set_client */;
/*!50503 SET character_set_client = utf8mb4 */;
CREATE TABLE `templates`
(
    `template_id`     int unsigned NOT NULL AUTO_INCREMENT,
    `member_id`       bigint       NOT NULL,
    `updated_by_id`   bigint                                                                         DEFAULT NULL,
    `folder_id`       int unsigned                                                                   DEFAULT NULL,
    `order`           int unsigned                                                                   DEFAULT '0',
    `templates_for`   enum ('Invoice','Payment','General','Password','Request','Prospect','Welcome') DEFAULT 'General',
    `templates_type`  enum ('Email','Letter')                                                        DEFAULT 'Email',
    `name`            char(255)                                                                      DEFAULT NULL,
    `subject`         char(255)                                                                      DEFAULT NULL,
    `from`            char(255)                                                                      DEFAULT NULL,
    `cc`              char(255)                                                                      DEFAULT NULL,
    `bcc`             char(255)                                                                      DEFAULT NULL,
    `message`         longtext,
    `create_date`     datetime                                                                       DEFAULT NULL,
    `update_date`     datetime                                                                       DEFAULT NULL,
    `default`         enum ('Y','N')                                                                 DEFAULT 'N',
    `attachments_pdf` tinyint(1)                                                                     DEFAULT '0',
    PRIMARY KEY (`template_id`),
    KEY `FK_templates_members` (`member_id`),
    KEY `FK_templates_u_folders` (`folder_id`),
    KEY `FK1_templates_members` (`updated_by_id`),
    CONSTRAINT `FK1_templates_members` FOREIGN KEY (`updated_by_id`) REFERENCES `members` (`member_id`) ON DELETE SET NULL ON UPDATE CASCADE,
    CONSTRAINT `FK_templates_members` FOREIGN KEY (`member_id`) REFERENCES `members` (`member_id`) ON DELETE CASCADE ON UPDATE CASCADE,
    CONSTRAINT `FK_templates_u_folders` FOREIGN KEY (`folder_id`) REFERENCES `u_folders` (`folder_id`) ON DELETE CASCADE ON UPDATE CASCADE
) ENGINE = InnoDB
  AUTO_INCREMENT = 9386
  DEFAULT CHARSET = utf8mb3;
/*!40101 SET character_set_client = @saved_cs_client */;

--
-- Dumping data for table `templates`
--

LOCK TABLES `templates` WRITE;
/*!40000 ALTER TABLE `templates`
    DISABLE KEYS */;
INSERT INTO `templates`
VALUES (9287, 1, 1, 7174, 0, 'General', 'Email', 'Default Template', 'RE: Email Received', '', '', '', '<font face=\"tahoma, arial, helvetica, sans-serif\" size=\"2\">Dear &lt;%given_names%&gt; &lt;%family_name%&gt;;</font><br><br><font face=\"tahoma, arial, helvetica, sans-serif\" size=\"2\">\nThank you for your email, we endeavour&nbsp;</font><font face=\"tahoma, arial, helvetica, sans-serif\" size=\"2\">to reply as soon as possible.</font><br><br><br><br><font face=\"tahoma, arial, helvetica, sans-serif\" size=\"2\">\nRegards,</font><br><font face=\"tahoma, arial, helvetica, sans-serif\" size=\"2\">\n&lt;%current_user_email_signature%&gt;</font>', '2014-06-05 00:00:00', '2014-06-05 00:00:00', 'Y', 0),
       (9290, 1, 1, 7174, 118, 'Welcome', 'Email', 'Welcome', 'Re: Welcome', '', '', '', 'Dear &lt;%given_names%&gt; &lt;%family_name%&gt;;<div><br><p>I would like to welcome you to &lt;%company_name%&gt;.</p><p>Please note that your client ID is: &lt;%file_number%&gt;. Please use this reference number in all communications with us.</p><p>We are thrilled to have you as our client and are looking forwards to working with you. Your &lt;%visa_subclass%&gt; matter will be handled by &lt;%registered_migrant_agent%&gt; and &lt;%processing%&gt;.</p><p>You will receive further communications from us very soon. Meanwhile, please feel free to contact us on &lt;%company_phone_1%&gt; or Email us on &lt;%company_email%&gt; if you have any questions.</p><p>Once again, thank you for choosing our services.</p><p>Regards,</p><p>&lt;%current_user_email_signature%&gt;</p><p></p></div>', '2014-06-05 00:00:00', '2014-06-05 00:00:00', 'N', 0),
       (9371, 906, 906, 7210, 119, 'General', 'Email', 'Default Template', 'RE: Email Received', '', '', '', '<div>Dear &lt;%given_names%&gt; &lt;%family_name%&gt;;<br />\n<br />\nThank you for your email, we endeavour&nbsp;to reply as soon as possible.<br />\n<br />\n<br />\n<br />\nRegards,<br />\n&lt;%current_user_email_signature%&gt;</div>', '2015-06-23 00:00:00', '2015-06-23 00:00:00', 'Y', 0),
       (9372, 906, 906, 7210, 118, 'Welcome', 'Email', 'Welcome', 'Re: Welcome', '', '', '', 'Dear &lt;%given_names%&gt; &lt;%family_name%&gt;;<div><br><p>I would like to welcome you to &lt;%company_name%&gt;.</p><p>Please note that your client ID is: &lt;%file_number%&gt;. Please use this reference number in all communications with us.</p><p>We are thrilled to have you as our client and are looking forwards to working with you. Your &lt;%visa_subclass%&gt; matter will be handled by &lt;%registered_migrant_agent%&gt; and &lt;%processing%&gt;.</p><p>You will receive further communications from us very soon. Meanwhile, please feel free to contact us on &lt;%company_phone_1%&gt; or Email us on &lt;%company_email%&gt; if you have any questions.</p><p>Once again, thank you for choosing our services.</p><p>Regards,</p><p>&lt;%current_user_email_signature%&gt;</p><p></p></div>', '2015-06-23 00:00:00', '2015-06-23 00:00:00', 'N', 0),
       (9373, 906, 906, 7210, 130, 'Welcome', 'Email', 'SI AOR', 'BC PNP Acknowledgement of Receipt', 'The BC PNP notification \"noreply@gov.bc.ca\"', '', '',
        '<div>\n<div>&nbsp;</div>\n\n<div>\n<div style=\"text-align:center\">\n<table align=\"center\" border=\"0\" cellpadding=\"10\" cellspacing=\"1\" style=\"border-collapse:collapse; font-family:sans-serif,arial,verdana,trebuchet ms; font-size:13px; line-height:20.7999992370605px; width:650px\">\n	<tbody>\n		<tr>\n			<td>\n			<div style=\"text-align:left\">\n			<div><span style=\"font-size:12px\"><span style=\"font-family:arial,helvetica,sans-serif\">Date:&nbsp;&lt;%today_date%&gt;</span></span></div>\n\n			<div>&nbsp;</div>\n\n			<div><span style=\"font-size:12px\"><span style=\"font-family:arial,helvetica,sans-serif\">Dear&nbsp;&lt;%first_name%&gt;&nbsp;&lt;%last_name%&gt;:</span></span></div>\n\n			<div>&nbsp;</div>\n\n			<div><span style=\"color:#333333\"><span style=\"font-family:arial,sans-serif\"><span style=\"font-size:9.0pt\">This email confirms that your submission to the British&nbsp;Columbia Provincial Nominee Program (BC PNP) for&nbsp;</span></span></span><strong><span style=\"color:#333333\"><span style=\"font-family:arial,sans-serif\"><span style=\"font-size:10.0pt\">&lt;%first_name%&gt;&nbsp;&lt;%last_name%&gt;</span></span></span></strong>&nbsp;<span style=\"color:#333333\"><span style=\"font-family:arial,sans-serif\"><span style=\"font-size:9.0pt\">was received on&nbsp;<strong>&lt;%date_client_signed%&gt;</strong>.</span></span></span></div>\n\n			<div>&nbsp;</div>\n\n			<div><span style=\"font-size:12px\"><span style=\"font-family:arial,helvetica,sans-serif\">Your BC PNP file number is:&nbsp;<strong>&lt;%file_number%&gt;</strong></span></span></div>\n\n			<div>&nbsp;</div>\n\n			<div><span style=\"color:#333333\"><span style=\"font-family:arial,sans-serif\"><span style=\"font-size:9.0pt\">Your application will be reviewed according to the BC PNP criteria and processing times in place at the time of submission.&nbsp;<strong>Please be advised that processing does not guarantee approval.</strong></span></span></span></div>\n\n			<div><span style=\"font-size:12px\"><span style=\"font-family:arial,helvetica,sans-serif\"><strong>PLEASE NOTE:</strong></span></span></div>\n\n			<ul>\n				<li><span style=\"font-family:arial,sans-serif\"><span style=\"font-size:9.0pt\">You are responsible for maintaining your legal immigration status while in Canada. Please visit CIC&rsquo;s website for more information:&nbsp;<a href=\"http://www.cic.gc.ca/\"><span style=\"color:#0782C1\">www.cic.gc.ca</span></a></span></span></li>\n				<li><span style=\"font-family:arial,sans-serif\"><span style=\"font-size:9.0pt\">You must ensure that your contact information in your&nbsp;<a href=\"https://www.pnpapplication.gov.bc.ca/\"><span style=\"color:#0782C1\">BC PNP Online profile</span></a>&nbsp;is up-to-date.</span></span></li>\n				<li><span style=\"font-family:arial,sans-serif\"><span style=\"font-size:9.0pt\">You can check the status of your application at any time by logging in to see&nbsp;<a href=\"https://www.pnpapplication.gov.bc.ca/\"><span style=\"color:#0782C1\">your profile dashboard</span></a>. The dashboard has the most up to date information about your individual file status.</span></span></li>\n				<li><span style=\"font-family:arial,sans-serif\"><span style=\"font-size:9.0pt\">The BC PNP will never ask for credit card or other payment information via email. Payments to the the PNP are only accepted through the PNP Online secure system.</span></span></li>\n				<li><span style=\"font-family:arial,sans-serif\"><span style=\"font-size:9.0pt\">The information you have provided in your online submission is secure and email communications are not. Always ensure that you are communicating directly with a PNP advisor when personal or sensitive information is involved.</span></span></li>\n			</ul>\n\n			<div>&nbsp;</div>\n\n			<div><strong><span style=\"color:#333333\"><span style=\"font-family:arial,sans-serif\"><span style=\"font-size:9.0pt\">Please be aware that our processing times are impacted by the volume of applications received and the program&rsquo;s processing capacity. For the most current information about processing times, please check the website:&nbsp;<a href=\"http://www.welcomebc.ca/Immigrate/About-the-BC-PNP/About-the-BC-PNP/Processing-Times.aspx\"><span style=\"color:#0782C1\">http://www.welcomebc.ca/Immigrate/About-the-BC-PNP/About-the-BC-PNP/Processing-Times.aspx</span></a></span></span></span></strong></div>\n\n			<div>&nbsp;</div>\n\n			<div><span style=\"color:#333333\"><span style=\"font-family:arial,sans-serif\"><span style=\"font-size:9.0pt\">For information about what happens after you submit an application, please visit this page of the website:&nbsp;<a href=\"http://www.welcomebc.ca/Immigrate/About-the-BC-PNP/Skills-Immigration/How-To-Apply.aspx\"><span style=\"color:#0782C1\">http://www.welcomebc.ca/Immigrate/About-the-BC-PNP/Skills-Immigration/How-To-Apply.aspx</span></a></span></span></span></div>\n\n			<div>&nbsp;</div>\n\n			<div>\n			<div><span style=\"color:#333333\"><span style=\"font-family:arial,sans-serif\"><span style=\"font-size:9.0pt\"><a href=\"http://www.welcomebc.ca/Immigrate/About-the-BC-PNP.aspx\"><strong><em><span style=\"color:#0782C1\">BC Provincial Nominee Program</span></em></strong></a><br />\n			Economic Immigration Programs Branch</span></span></span></div>\n			<span style=\"color:#333333\"><span style=\"font-family:arial,sans-serif\"><span style=\"font-size:9.0pt\">Ministry of Jobs, Tourism and Skills Training</span></span></span></div>\n			</div>\n			</td>\n		</tr>\n	</tbody>\n</table>\n</div>\n</div>\n</div>',
        '2015-06-26 00:00:00', '2015-06-26 00:00:00', 'N', 0),
       (9374, 906, 906, 7210, 131, 'Welcome', 'Email', 'EI AOR', 'BC PNP Acknowledgement of Receipt', 'The BC PNP notification \"noreply@gov.bc.ca\"', '', '',
        '<div>\n<div>&nbsp;</div>\n\n<div>\n<div style=\"text-align:center\">\n<table align=\"center\" border=\"0\" cellpadding=\"10\" cellspacing=\"1\" style=\"border-collapse:collapse; font-family:sans-serif,arial,verdana,trebuchet ms; font-size:13px; line-height:20.7999992370605px; width:650px\">\n	<tbody>\n		<tr>\n			<td>\n			<div style=\"text-align:left\">\n			<div><span style=\"font-size:12px\"><span style=\"font-family:arial,helvetica,sans-serif\">Date:&nbsp;&lt;%today_date%&gt;</span></span></div>\n\n			<div>&nbsp;</div>\n\n			<div><span style=\"font-size:12px\"><span style=\"font-family:arial,helvetica,sans-serif\">Dear&nbsp;&lt;%first_name%&gt;&nbsp;&lt;%last_name%&gt;:</span></span></div>\n\n			<div>&nbsp;</div>\n\n			<div>\n			<div><span style=\"color:#333333\"><span style=\"font-family:arial,sans-serif\"><span style=\"font-size:9.0pt\">This email confirms that your submission to the British&nbsp;Columbia Provincial Nominee Program (BC PNP) for&nbsp;<strong>&lt;%first_name%&gt;&nbsp;&lt;%last_name%&gt;</strong></span></span></span>&nbsp;<span style=\"color:#333333\"><span style=\"font-family:arial,sans-serif\"><span style=\"font-size:9.0pt\">was received on&nbsp;<strong>&lt;%date_client_signed%&gt;</strong>.</span></span></span></div>\n			<span style=\"color:#333333\"><span style=\"font-family:arial,sans-serif\"><span style=\"font-size:9.0pt\">Your registration will be reviewed according to the BC PNP criteria and processing times in place at the time of submission.&nbsp;<strong>Please be advised that review does not guarantee entry into the eligibility pool.</strong></span></span></span>\n\n			<div>&nbsp;</div>\n\n			<div><span style=\"color:#333333\"><span style=\"font-family:arial,sans-serif\"><span style=\"font-size:9.0pt\">You will be notified on whether your registration will be selected into the eligibility pool.</span></span></span></div>\n\n			<div>&nbsp;</div>\n\n			<div><span style=\"font-size:12px\"><span style=\"font-family:arial,helvetica,sans-serif\"><strong>PLEASE NOTE:</strong></span></span></div>\n\n			<ul>\n				<li><span style=\"font-family:arial,sans-serif\"><span style=\"font-size:9.0pt\">You are responsible for maintaining your legal immigration status while in Canada. Please visit Citizenship and Immigration Canada&rsquo;s website for more information:&nbsp;<a href=\"http://www.cic.gc.ca/\"><span style=\"color:#0782C1\">www.cic.gc.ca</span></a></span></span></li>\n				<li><span style=\"font-family:arial,sans-serif\"><span style=\"font-size:9.0pt\">You must ensure that your contact information in your&nbsp;<a href=\"https://www.pnpapplication.gov.bc.ca/\"><span style=\"color:#0782C1\">BC PNP Online profile</span></a>&nbsp;is up-to-date.</span></span></li>\n				<li><span style=\"font-family:arial,sans-serif\"><span style=\"font-size:9.0pt\">You can check the status of your registration at any time by logging in to see&nbsp;<a href=\"https://www.pnpapplication.gov.bc.ca/\"><span style=\"color:#0782C1\">your profile dashboard</span></a>. The dashboard has the most up-to-date information about your registration status.</span></span></li>\n				<li><span style=\"font-family:arial,sans-serif\"><span style=\"font-size:9.0pt\">The BC PNP will never ask for credit card or other payment information via email. Payments to the PNP are only accepted through the BC PNP Online secure system.</span></span></li>\n				<li><span style=\"font-family:arial,sans-serif\"><span style=\"font-size:9.0pt\">The information you have provided in your online submission is secure and email communications are not. Always ensure that you are communicating directly with the BC PNP when personal or sensitive information is involved.</span></span></li>\n			</ul>\n\n			<div>&nbsp;</div>\n\n			<div>\n			<div><span style=\"color:#333333\"><span style=\"font-family:arial,sans-serif\"><span style=\"font-size:9.0pt\"><a href=\"http://www.welcomebc.ca/Immigrate/About-the-BC-PNP.aspx\"><strong><em><span style=\"color:#0782C1\">BC Provincial Nominee Program</span></em></strong></a><br />\n			Economic Immigration Programs Branch</span></span></span></div>\n			<span style=\"color:#333333\"><span style=\"font-family:arial,sans-serif\"><span style=\"font-size:9.0pt\">Ministry of Jobs, Tourism and Skills Training</span></span></span></div>\n			</div>\n			</div>\n			</td>\n		</tr>\n	</tbody>\n</table>\n</div>\n</div>\n</div>',
        '2015-06-26 00:00:00', '2015-06-26 00:00:00', 'N', 0),
       (9375, 906, 906, 7210, 200, 'Welcome', 'Email', 'SI Registration AOR', 'SIRS Confirmation of Registration', 'The BC PNP notification \"noreply@gov.bc.ca\"', '', '',
        '<div> <div> <p>&nbsp;</p>  <div> <div style=\"text-align:center\"> <table align=\"center\" border=\"0\" cellpadding=\"10\" cellspacing=\"1\" style=\"border-collapse:collapse; font-family:sans-serif,arial,verdana,trebuchet ms; font-size:13px; line-height:20.7999992370605px; width:650px\"> 	<tbody> 		<tr> 			<td> 			<div style=\"text-align:left\"> 			<p><span style=\"font-size:12px\"><span style=\"font-family:arial,helvetica,sans-serif\">Date:&nbsp;&lt;%today_date%&gt;</span></span></p>  			<p><span style=\"font-size:12px\"><span style=\"font-family:arial,helvetica,sans-serif\">Dear&nbsp;&lt;%first_name%&gt;&nbsp;&lt;%last_name%&gt;:</span></span></p>  			<div> 			<p><span style=\"font-size:12px\"><span style=\"font-family:arial,helvetica,sans-serif\">This email confirms your registration to the British&nbsp;Columbia Provincial Nominee Program (BC PNP) for&nbsp;<strong>&lt;%first_name%&gt;&nbsp;&lt;%last_name%&gt; </strong>in the &lt;%siCategoryName%&gt; category.</span></span></p>  			<p><span style=\"font-size:12px\"><span style=\"font-family:arial,helvetica,sans-serif\">Your BC PNP file number is:&nbsp;<strong>&lt;%file_number%&gt;</strong></span></span></p>  			<div> 			<p><span style=\"font-size:12px\"><span style=\"font-family:arial,helvetica,sans-serif\">Your registration was received on <span style=\"color:rgb(51, 51, 51)\"><strong>&lt;%date_client_signed%&gt;</strong></span> and will expire on <span style=\"color:rgb(51, 51, 51)\"><strong>&lt;%sirsExpiryDate%&gt;</strong></span>.</span></span></p> 			</div> 			</div>  			<div> 			<p><span style=\"font-size:12px\"><span style=\"font-family:arial,helvetica,sans-serif\">Important information:</span></span></p>  			<ul> 				<li><span style=\"font-size:12px\"><span style=\"font-family:arial,helvetica,sans-serif\">A registration into the Skills Immigration Registration System is not an application to the BC PNP or a guarantee that you will be invited to apply.</span></span></li> 				<li><span style=\"font-size:12px\"><span style=\"font-family:arial,helvetica,sans-serif\"><span style=\"font-size:12px\"><span style=\"font-family:arial,helvetica,sans-serif\">You may only have one active registration at a time.</span></span></span></span></li> 				<li><span style=\"font-size:12px\"><span style=\"font-family:arial,helvetica,sans-serif\">Your registration is valid only for the category that you have selected. </span></span></li> 				<li><span style=\"font-size:12px\"><span style=\"font-family:arial,helvetica,sans-serif\">The frequency and number of invitations issued will be determined by the BC PNP&rsquo;s processing capacity and is subject to change. </span></span></li> 				<li><span style=\"font-size:12px\"><span style=\"font-family:arial,helvetica,sans-serif\">Your registration was scored according to the factors applicable at the time of submission. </span></span></li> 				<li><span style=\"font-size:12px\"><span style=\"font-family:arial,helvetica,sans-serif\">Should you be invited to apply, your application may be refused if the information in your application is different from what you submitted in your registration.</span></span></li> 			</ul>  			<p>&nbsp;</p> 			</div>  			<p><span style=\"font-size:12px\"><span style=\"font-family:arial,helvetica,sans-serif\"><strong>PLEASE NOTE:</strong></span></span></p>  			<ul> 				<li><span style=\"font-size:12px\"><span style=\"font-family:arial,helvetica,sans-serif\">You are responsible for maintaining your legal immigration status while in Canada. Please visit Immigration, Refugee and Citizenship Canada&rsquo;s (IRCC)&rsquo;s website for more information:&nbsp;<a href=\"http://www.cic.gc.ca/\"><span style=\"color:rgb(7, 130, 193)\">www.cic.gc.ca</span></a></span></span></li> 				<li><span style=\"font-size:12px\"><span style=\"font-family:arial,helvetica,sans-serif\">You must ensure that your contact information in your&nbsp;<a href=\"https://www.pnpapplication.gov.bc.ca/\"><span style=\"color:rgb(7, 130, 193)\">BC PNP Online profile</span></a>&nbsp;is up-to-date.</span></span></li> 				<li><span style=\"font-size:12px\"><span style=\"font-family:arial,helvetica,sans-serif\">If you wish to change the information that you have entered in your registration, you must withdraw your registration and submit a new registration with the updated information. You may withdraw and/or submit registrations using your existing BC PNP Online profile. </span></span></li> 				<li><span style=\"font-size:12px\"><span style=\"font-family:arial,helvetica,sans-serif\">You can check the status of your registration at any time by checking your BC PNP Online <a href=\"https://www.pnpapplication.gov.bc.ca/\">profile dashboard</a>. The dashboard has the most up to date information about your individual file status.</span></span></li> 				<li><span style=\"font-size:12px\"><span style=\"font-family:arial,helvetica,sans-serif\">The BC PNP will never ask for credit card or other payment information via email. Payments to the the PNP are only accepted through the PNP Online secure system.</span></span></li> 				<li><span style=\"font-size:12px\"><span style=\"font-family:arial,helvetica,sans-serif\">The information you have provided in your online submission is secure, and email communications may not be. Please use caution when communicating personal or sensitive information via email.</span></span></li> 			</ul>  			<div> 			<p><span style=\"font-size:12px\"><span style=\"font-family:arial,helvetica,sans-serif\">For information on the BC PNP process, including invitations to apply, the date, number of invitations issued and the required minimum score, please visit the <a href=\"http://www.welcomebc.ca/pnp\">BC PNP website</a>. </span></span><br /> 			&nbsp;</p> 			</div>  			<div> 			<p><span style=\"font-size:12px\"><span style=\"font-family:arial,helvetica,sans-serif\"><span style=\"color:rgb(51, 51, 51)\"><a href=\"http://www.welcomebc.ca/Immigrate/About-the-BC-PNP.aspx\"><strong><em><span style=\"color:rgb(7, 130, 193)\">BC Provincial Nominee Program</span></em></strong></a><br /> 			Economic Immigration Programs Branch<br /> 			Ministry of Jobs, Tourism and Skills Training</span></span></span></p> 			</div> 			</div> 			</td> 		</tr> 		<tr> 			<td> 			<p>&nbsp;</p> 			</td> 		</tr> 	</tbody> </table> </div> </div> </div> </div>',
        '2015-12-16 00:00:00', '2015-12-16 00:00:00', 'N', 0),
       (9376, 906, 906, 7210, 0, 'General', 'Email', 'SI Invitation', 'BC PNP Invitation to Apply', 'noreply@gov.bc.ca', '', '',
        '<div>\r\n<div>\r\n<div>\r\n<div>&nbsp;</div>\r\n\r\n<div>\r\n<div style=\"text-align:center\">\r\n<table align=\"center\" border=\"0\" cellpadding=\"10\" cellspacing=\"1\" style=\"border-collapse:collapse; font-family:sans-serif,arial,verdana,trebuchet ms; font-size:13px; line-height:20.7999992370605px; width:650px\">\r\n	<tbody>\r\n		<tr>\r\n			<td>\r\n			<div style=\"text-align:left\">\r\n			<div><span style=\"font-size:12px\"><span style=\"font-family:arial,helvetica,sans-serif\">Date:&nbsp;&lt;%today_date%&gt;</span></span></div>\r\n\r\n			<div>&nbsp;</div>\r\n\r\n			<div><span style=\"font-size:12px\"><span style=\"font-family:arial,helvetica,sans-serif\">Dear&nbsp;&lt;%first_name%&gt;&nbsp;&lt;%last_name%&gt;:</span></span></div>\r\n\r\n			<div>&nbsp;</div>\r\n			<span style=\"font-size:12px\"><span style=\"font-family:arial,helvetica,sans-serif\">You are invited to apply.</span></span>\r\n\r\n			<div>&nbsp;</div>\r\n\r\n			<div>\r\n			<div><span style=\"color:#333333\"><span style=\"font-family:arial,sans-serif\"><span style=\"font-size:9.0pt\"><a href=\"http://www.welcomebc.ca/Immigrate/About-the-BC-PNP.aspx\"><strong><em><span style=\"color:#0782C1\">BC Provincial Nominee Program</span></em></strong></a><br />\r\n			Economic Immigration Programs Branch</span></span></span></div>\r\n			<span style=\"color:#333333\"><span style=\"font-family:arial,sans-serif\"><span style=\"font-size:9.0pt\">Ministry of Jobs, Tourism and Skills Training</span></span></span></div>\r\n			</div>\r\n			</td>\r\n		</tr>\r\n	</tbody>\r\n</table>\r\n</div>\r\n</div>\r\n</div>\r\n</div>\r\n</div>',
        '2015-12-16 00:00:00', '2015-12-16 00:00:00', 'N', 0),
       (9378, 906, 906, 7210, 200, 'General', 'Email', 'SI Withdrawn', 'BC PNP Application Withdrawal', 'noreply@gov.bc.ca', '', '',
        '<div>\r\n<div>\r\n<div>&nbsp;</div>\r\n\r\n<div>\r\n<div style=\"text-align:center\">\r\n<table align=\"center\" border=\"0\" cellpadding=\"10\" cellspacing=\"1\" style=\"border-collapse:collapse; font-family:sans-serif,arial,verdana,trebuchet ms; font-size:13px; line-height:20.7999992370605px; width:650px\">\r\n	<tbody>\r\n		<tr>\r\n			<td>\r\n			<div style=\"text-align:left\">\r\n			<div><span style=\"font-size:12px\"><span style=\"font-family:arial,helvetica,sans-serif\">Date:&nbsp;&lt;%today_date%&gt;</span></span></div>\r\n\r\n			<div><span style=\"font-size:12px\"><span style=\"font-family:arial,helvetica,sans-serif\">Dear&nbsp;&lt;%first_name%&gt;&nbsp;&lt;%last_name%&gt;:</span></span></div>\r\n\r\n			<div>\r\n			<p><span style=\"font-size:12px\"><span style=\"font-family:arial,helvetica,sans-serif\">This email confirms withdrawal of registration <strong>&lt;%file_number%&gt;</strong> to the British&nbsp;Columbia Provincial Nominee Program (BC PNP) for&nbsp;<strong>&lt;%first_name%&gt;&nbsp;&lt;%last_name%&gt;</strong>.</span></span></p>\r\n\r\n			<p><span style=\"font-size:12px\"><span style=\"font-family:arial,helvetica,sans-serif\">You can register again at any time using your existing BC PNP Online profile. </span></span></p>\r\n\r\n			<p><span style=\"font-size:12px\"><span style=\"font-family:arial,helvetica,sans-serif\">Please note that should you submit a new registration, you must meet the minimum program and category requirements. A registration into the Skills Immigration Registration System is not an application to the BC PNP or a guarantee that you will be invited to apply.</span></span></p>\r\n			</div>\r\n\r\n			<div>&nbsp;</div>\r\n\r\n			<div>\r\n			<div><span style=\"color:#333333\"><span style=\"font-family:arial,sans-serif\"><span style=\"font-size:9.0pt\"><a href=\"http://www.welcomebc.ca/Immigrate/About-the-BC-PNP.aspx\"><strong><em><span style=\"color:#0782C1\">BC Provincial Nominee Program</span></em></strong></a><br />\r\n			Economic Immigration Programs Branch</span></span></span></div>\r\n			<span style=\"color:#333333\"><span style=\"font-family:arial,sans-serif\"><span style=\"font-size:9.0pt\">Ministry of Jobs, Tourism and Skills Training</span></span></span></div>\r\n			</div>\r\n			</td>\r\n		</tr>\r\n	</tbody>\r\n</table>\r\n</div>\r\n</div>\r\n</div>\r\n</div>',
        '2015-12-16 00:00:00', '2015-12-16 00:00:00', 'N', 0),
       (9379, 906, 906, 7210, 200, 'Welcome', 'Email', 'EI Application AOR', 'EIRS Confirmation of Application', 'The BC PNP notification \"noreply@gov.bc.ca\"', '', '',
        '<div>\r\n<div>\r\n<p>&nbsp;</p>\r\n\r\n<div>\r\n<div style=\"text-align:center\">\r\n<table align=\"center\" border=\"0\" cellpadding=\"10\" cellspacing=\"1\" style=\"border-collapse:collapse; font-family:sans-serif,arial,verdana,trebuchet ms; font-size:13px; line-height:20.7999992370605px; width:650px\">\r\n	<tbody>\r\n		<tr>\r\n			<td>\r\n			<div style=\"text-align:left\">\r\n			<p><span style=\"font-size:12px\"><span style=\"font-family:arial,helvetica,sans-serif\">Date:&nbsp;&lt;%today_date%&gt;</span></span></p>\r\n\r\n			<p><span style=\"font-size:12px\"><span style=\"font-family:arial,helvetica,sans-serif\">Dear&nbsp;&lt;%first_name%&gt;&nbsp;&lt;%last_name%&gt;:</span></span></p>\r\n\r\n			<div>\r\n			<p><span style=\"font-size:12px\"><span style=\"font-family:arial,helvetica,sans-serif\">This email confirms your registration to the British&nbsp;Columbia Provincial Nominee Program (BC PNP) for&nbsp;<strong>&lt;%first_name%&gt;&nbsp;&lt;%last_name%&gt; </strong>in the &lt;%siCategoryName%&gt; category.</span></span></p>\r\n\r\n			<p><span style=\"font-size:12px\"><span style=\"font-family:arial,helvetica,sans-serif\">Your BC PNP file number is:&nbsp;<strong>&lt;%file_number%&gt;</strong></span></span></p>\r\n\r\n			<div>\r\n			<p><span style=\"font-size:12px\"><span style=\"font-family:arial,helvetica,sans-serif\">Your registration was received on <span style=\"color:rgb(51, 51, 51)\"><strong>&lt;%date_client_signed%&gt;</strong></span> and will expire on <span style=\"color:rgb(51, 51, 51)\"><strong>&lt;%sirsExpiryDate%&gt;</strong></span>.</span></span></p>\r\n			</div>\r\n			</div>\r\n\r\n			<div>\r\n			<p><span style=\"font-size:12px\"><span style=\"font-family:arial,helvetica,sans-serif\">Important information:</span></span></p>\r\n\r\n			<ul>\r\n				<li><span style=\"font-size:12px\"><span style=\"font-family:arial,helvetica,sans-serif\">A registration into the Skills Immigration Registration System is not an application to the BC PNP or a guarantee that you will be invited to apply.</span></span></li>\r\n				<li><span style=\"font-size:12px\"><span style=\"font-family:arial,helvetica,sans-serif\"><span style=\"font-size:12px\"><span style=\"font-family:arial,helvetica,sans-serif\">You may only have one active registration at a time.</span></span></span></span></li>\r\n				<li><span style=\"font-size:12px\"><span style=\"font-family:arial,helvetica,sans-serif\">Your registration is valid only for the category that you have selected. </span></span></li>\r\n				<li><span style=\"font-size:12px\"><span style=\"font-family:arial,helvetica,sans-serif\">The frequency and number of invitations issued will be determined by the BC PNP&rsquo;s processing capacity and is subject to change. </span></span></li>\r\n				<li><span style=\"font-size:12px\"><span style=\"font-family:arial,helvetica,sans-serif\">Your registration was scored according to the factors applicable at the time of submission. </span></span></li>\r\n				<li><span style=\"font-size:12px\"><span style=\"font-family:arial,helvetica,sans-serif\">Should you be invited to apply, your application may be refused if the information in your application is different from what you submitted in your registration.</span></span></li>\r\n			</ul>\r\n\r\n			<p>&nbsp;</p>\r\n			</div>\r\n\r\n			<p><span style=\"font-size:12px\"><span style=\"font-family:arial,helvetica,sans-serif\"><strong>PLEASE NOTE:</strong></span></span></p>\r\n\r\n			<ul>\r\n				<li><span style=\"font-size:12px\"><span style=\"font-family:arial,helvetica,sans-serif\">You are responsible for maintaining your legal immigration status while in Canada. Please visit Immigration, Refugee and Citizenship Canada&rsquo;s (IRCC)&rsquo;s website for more information:&nbsp;<a href=\"http://www.cic.gc.ca/\"><span style=\"color:rgb(7, 130, 193)\">www.cic.gc.ca</span></a></span></span></li>\r\n				<li><span style=\"font-size:12px\"><span style=\"font-family:arial,helvetica,sans-serif\">You must ensure that your contact information in your&nbsp;<a href=\"https://www.pnpapplication.gov.bc.ca/\"><span style=\"color:rgb(7, 130, 193)\">BC PNP Online profile</span></a>&nbsp;is up-to-date.</span></span></li>\r\n				<li><span style=\"font-size:12px\"><span style=\"font-family:arial,helvetica,sans-serif\">If you wish to change the information that you have entered in your registration, you must withdraw your registration and submit a new registration with the updated information. You may withdraw and/or submit registrations using your existing BC PNP Online profile. </span></span></li>\r\n				<li><span style=\"font-size:12px\"><span style=\"font-family:arial,helvetica,sans-serif\">You can check the status of your registration at any time by checking your BC PNP Online <a href=\"https://www.pnpapplication.gov.bc.ca/\">profile dashboard</a>. The dashboard has the most up to date information about your individual file status.</span></span></li>\r\n				<li><span style=\"font-size:12px\"><span style=\"font-family:arial,helvetica,sans-serif\">The BC PNP will never ask for credit card or other payment information via email. Payments to the the PNP are only accepted through the PNP Online secure system.</span></span></li>\r\n				<li><span style=\"font-size:12px\"><span style=\"font-family:arial,helvetica,sans-serif\">The information you have provided in your online submission is secure, and email communications may not be. Please use caution when communicating personal or sensitive information via email.</span></span></li>\r\n			</ul>\r\n\r\n			<div>\r\n			<p><span style=\"font-size:12px\"><span style=\"font-family:arial,helvetica,sans-serif\">For information on the BC PNP process, including invitations to apply, the date, number of invitations issued and the required minimum score, please visit the <a href=\"http://www.welcomebc.ca/pnp\">BC PNP website</a>. </span></span><br />\r\n			&nbsp;</p>\r\n			</div>\r\n\r\n			<div>\r\n			<p><span style=\"font-size:12px\"><span style=\"font-family:arial,helvetica,sans-serif\"><span style=\"color:rgb(51, 51, 51)\"><a href=\"http://www.welcomebc.ca/Immigrate/About-the-BC-PNP.aspx\"><strong><em><span style=\"color:rgb(7, 130, 193)\">BC Provincial Nominee Program</span></em></strong></a><br />\r\n			Economic Immigration Programs Branch<br />\r\n			Ministry of Jobs, Tourism and Skills Training</span></span></span></p>\r\n			</div>\r\n			</div>\r\n			</td>\r\n		</tr>\r\n		<tr>\r\n			<td>\r\n			<p>&nbsp;</p>\r\n			</td>\r\n		</tr>\r\n	</tbody>\r\n</table>\r\n</div>\r\n</div>\r\n</div>\r\n</div>',
        '2015-12-16 00:00:00', '2015-12-16 00:00:00', 'N', 0),
       (9380, 906, 906, 7210, 0, 'General', 'Email', 'EI Invitation', 'BC PNP Invitation to Apply', 'noreply@gov.bc.ca', '', '',
        '<div>\r\n<div>\r\n<div>\r\n<div>&nbsp;</div>\r\n\r\n<div>\r\n<div style=\"text-align:center\">\r\n<table align=\"center\" border=\"0\" cellpadding=\"10\" cellspacing=\"1\" style=\"border-collapse:collapse; font-family:sans-serif,arial,verdana,trebuchet ms; font-size:13px; line-height:20.7999992370605px; width:650px\">\r\n	<tbody>\r\n		<tr>\r\n			<td>\r\n			<div style=\"text-align:left\">\r\n			<div><span style=\"font-size:12px\"><span style=\"font-family:arial,helvetica,sans-serif\">Date:&nbsp;&lt;%today_date%&gt;</span></span></div>\r\n\r\n			<div>&nbsp;</div>\r\n\r\n			<div><span style=\"font-size:12px\"><span style=\"font-family:arial,helvetica,sans-serif\">Dear&nbsp;&lt;%first_name%&gt;&nbsp;&lt;%last_name%&gt;:</span></span></div>\r\n\r\n			<div>&nbsp;</div>\r\n			<span style=\"font-size:12px\"><span style=\"font-family:arial,helvetica,sans-serif\">You are invited to apply.</span></span>\r\n\r\n			<div>&nbsp;</div>\r\n\r\n			<div>\r\n			<div><span style=\"color:#333333\"><span style=\"font-family:arial,sans-serif\"><span style=\"font-size:9.0pt\"><a href=\"http://www.welcomebc.ca/Immigrate/About-the-BC-PNP.aspx\"><strong><em><span style=\"color:#0782C1\">BC Provincial Nominee Program</span></em></strong></a><br />\r\n			Economic Immigration Programs Branch</span></span></span></div>\r\n			<span style=\"color:#333333\"><span style=\"font-family:arial,sans-serif\"><span style=\"font-size:9.0pt\">Ministry of Jobs, Tourism and Skills Training</span></span></span></div>\r\n			</div>\r\n			</td>\r\n		</tr>\r\n	</tbody>\r\n</table>\r\n</div>\r\n</div>\r\n</div>\r\n</div>\r\n</div>',
        '2015-12-16 00:00:00', '2015-12-16 00:00:00', 'N', 0),
       (9385, 906, 906, 7210, 200, 'General', 'Email', 'SI Expired ITA', 'BC PNP SI ITA Expiry', 'noreply@gov.bc.ca', '', '',
        '<div>\n        <div>\n        <div>&nbsp;</div>\n\n        <div>\n        <div style=\"text-align:center\">\n        <table align=\"center\" border=\"0\" cellpadding=\"10\" cellspacing=\"1\" style=\"border-collapse:collapse; font-family:sans-serif,arial,verdana,trebuchet ms; font-size:13px; line-height:20.7999992370605px; width:650px\">\n      <tbody>\n        <tr>\n          <td>\n          <div style=\"text-align:left\">\n          <div><span style=\"font-size:12px\"><span style=\"font-family:arial,helvetica,sans-serif\">Date:&nbsp;&lt;%today_date%&gt;</span></span></div>\n\n          <div><span style=\"font-size:12px\"><span style=\"font-family:arial,helvetica,sans-serif\">Dear&nbsp;&lt;%first_name%&gt;&nbsp;&lt;%last_name%&gt;:</span></span></div>\n\n          <div>\n          <p><span style=\"font-size:12px\"><span style=\"font-family:arial,helvetica,sans-serif\">This email confirms withdrawal of registration <strong>&lt;%file_number%&gt;</strong> to the British&nbsp;Columbia Provincial Nominee Program (BC PNP) for&nbsp;<strong>&lt;%first_name%&gt;&nbsp;&lt;%last_name%&gt;</strong>.</span></span></p>\n\n          <p><span style=\"font-size:12px\"><span style=\"font-family:arial,helvetica,sans-serif\">You can register again at any time using your existing BC PNP Online profile. </span></span></p>\n\n          <p><span style=\"font-size:12px\"><span style=\"font-family:arial,helvetica,sans-serif\">Please note that should you submit a new registration, you must meet the minimum program and category requirements. A registration into the Skills Immigration Registration System is not an application to the BC PNP or a guarantee that you will be invited to apply.</span></span></p>\n          </div>\n\n          <div>&nbsp;</div>\n\n          <div>\n          <div><span style=\"color:#333333\"><span style=\"font-family:arial,sans-serif\"><span style=\"font-size:9.0pt\"><a href=\"http://www.welcomebc.ca/Immigrate/About-the-BC-PNP.aspx\"><strong><em><span style=\"color:#0782C1\">BC Provincial Nominee Program</span></em></strong></a><br />\n          Economic Immigration Programs Branch</span></span></span></div>\n          <span style=\"color:#333333\"><span style=\"font-family:arial,sans-serif\"><span style=\"font-size:9.0pt\">Ministry of Jobs, Tourism and Skills Training</span></span></span></div>\n          </div>\n          </td>\n        </tr>\n      </tbody>\n        </table>\n        </div>\n        </div>\n        </div>\n        </div>',
        '2015-12-16 00:00:00', '2015-12-16 00:00:00', 'N', 0);
/*!40000 ALTER TABLE `templates`
    ENABLE KEYS */;
UNLOCK TABLES;

--
-- Table structure for table `tickets`
--

DROP TABLE IF EXISTS `tickets`;
/*!40101 SET @saved_cs_client = @@character_set_client */;
/*!50503 SET character_set_client = utf8mb4 */;
CREATE TABLE `tickets`
(
    `ticket_id`         int unsigned                           NOT NULL AUTO_INCREMENT,
    `company_id`        bigint                                          DEFAULT NULL,
    `company_member_id` bigint                                          DEFAULT NULL,
    `author_id`         bigint                                          DEFAULT NULL,
    `ticket`            text,
    `contacted_by`      enum ('phone','email','chat','system') NOT NULL DEFAULT 'phone',
    `status`            enum ('resolved','not_resolved')       NOT NULL DEFAULT 'not_resolved',
    `create_date`       datetime                                        DEFAULT NULL,
    PRIMARY KEY (`ticket_id`),
    KEY `FK_tickets_author` (`author_id`),
    KEY `FK_tickets_company_member` (`company_member_id`),
    KEY `FK_tickets_company` (`company_id`),
    CONSTRAINT `FK_tickets_author` FOREIGN KEY (`author_id`) REFERENCES `members` (`member_id`) ON DELETE CASCADE ON UPDATE CASCADE,
    CONSTRAINT `FK_tickets_company` FOREIGN KEY (`company_id`) REFERENCES `company` (`company_id`) ON DELETE CASCADE ON UPDATE CASCADE,
    CONSTRAINT `FK_tickets_company_member` FOREIGN KEY (`company_member_id`) REFERENCES `members` (`member_id`) ON DELETE CASCADE ON UPDATE CASCADE
) ENGINE = InnoDB
  DEFAULT CHARSET = utf8mb3;
/*!40101 SET character_set_client = @saved_cs_client */;

--
-- Dumping data for table `tickets`
--

LOCK TABLES `tickets` WRITE;
/*!40000 ALTER TABLE `tickets`
    DISABLE KEYS */;
/*!40000 ALTER TABLE `tickets`
    ENABLE KEYS */;
UNLOCK TABLES;

--
-- Table structure for table `time_tracker`
--

DROP TABLE IF EXISTS `time_tracker`;
/*!40101 SET @saved_cs_client = @@character_set_client */;
/*!50503 SET character_set_client = utf8mb4 */;
CREATE TABLE `time_tracker`
(
    `track_id`                  bigint         NOT NULL AUTO_INCREMENT,
    `track_member_id`           bigint                  DEFAULT NULL,
    `track_company_id`          bigint                  DEFAULT NULL,
    `track_posted_on`           date           NOT NULL,
    `track_posted_by_member_id` bigint         NOT NULL,
    `track_time_billed`         int            NOT NULL COMMENT 'in min',
    `track_time_actual`         int            NOT NULL COMMENT 'in min',
    `track_round_up`            tinyint        NOT NULL DEFAULT '0',
    `track_rate`                double(12, 2)  NOT NULL,
    `track_total`               double(12, 2)  NOT NULL,
    `track_comment`             text           NOT NULL,
    `track_billed`              enum ('Y','N') NOT NULL DEFAULT 'N',
    PRIMARY KEY (`track_id`),
    KEY `FK_clients_time_tracker_members` (`track_member_id`),
    KEY `FK_time_tracker_company` (`track_company_id`),
    CONSTRAINT `FK_clients_time_tracker_members` FOREIGN KEY (`track_member_id`) REFERENCES `members` (`member_id`) ON DELETE CASCADE ON UPDATE CASCADE,
    CONSTRAINT `FK_time_tracker_company` FOREIGN KEY (`track_company_id`) REFERENCES `company` (`company_id`) ON DELETE CASCADE ON UPDATE CASCADE
) ENGINE = InnoDB
  DEFAULT CHARSET = utf8mb3;
/*!40101 SET character_set_client = @saved_cs_client */;

--
-- Dumping data for table `time_tracker`
--

LOCK TABLES `time_tracker` WRITE;
/*!40000 ALTER TABLE `time_tracker`
    DISABLE KEYS */;
/*!40000 ALTER TABLE `time_tracker`
    ENABLE KEYS */;
UNLOCK TABLES;

--
-- Table structure for table `trusted_devices`
--

DROP TABLE IF EXISTS `trusted_devices`;
/*!40101 SET @saved_cs_client = @@character_set_client */;
/*!50503 SET character_set_client = utf8mb4 */;
CREATE TABLE `trusted_devices`
(
    `id`      int          NOT NULL AUTO_INCREMENT,
    `last_ip` varchar(16)  NOT NULL,
    `country` varchar(128) NOT NULL,
    `city`    varchar(128) NOT NULL,
    PRIMARY KEY (`id`)
) ENGINE = InnoDB
  DEFAULT CHARSET = utf8mb3;
/*!40101 SET character_set_client = @saved_cs_client */;

--
-- Dumping data for table `trusted_devices`
--

LOCK TABLES `trusted_devices` WRITE;
/*!40000 ALTER TABLE `trusted_devices`
    DISABLE KEYS */;
/*!40000 ALTER TABLE `trusted_devices`
    ENABLE KEYS */;
UNLOCK TABLES;

--
-- Table structure for table `u_assigned_deposits`
--

DROP TABLE IF EXISTS `u_assigned_deposits`;
/*!40101 SET @saved_cs_client = @@character_set_client */;
/*!50503 SET character_set_client = utf8mb4 */;
CREATE TABLE `u_assigned_deposits`
(
    `deposit_id`             int NOT NULL AUTO_INCREMENT,
    `author_id`              bigint           DEFAULT NULL,
    `company_ta_id`          int NOT NULL,
    `trust_account_id`       int              DEFAULT NULL,
    `template_id`            int unsigned     DEFAULT NULL,
    `deposit`                double(12, 2)    DEFAULT '0.00',
    `member_id`              bigint           DEFAULT NULL,
    `special_transaction`    tinytext,
    `special_transaction_id` tinyint unsigned DEFAULT NULL,
    `date_of_event`          datetime         DEFAULT NULL,
    `description`            tinytext,
    `notes`                  varchar(255)     DEFAULT NULL,
    `receipt_number`         bigint unsigned  DEFAULT NULL,
    PRIMARY KEY (`deposit_id`),
    KEY `FK_u_assigned_deposits_members` (`author_id`),
    KEY `FK_u_assigned_deposits_company_ta` (`company_ta_id`),
    KEY `FK_u_assigned_deposits_u_trust_account` (`trust_account_id`),
    KEY `FK_u_assigned_deposits_members_2` (`member_id`),
    KEY `FK_u_assigned_deposits_templates` (`template_id`),
    CONSTRAINT `FK_u_assigned_deposits_company_ta` FOREIGN KEY (`company_ta_id`) REFERENCES `company_ta` (`company_ta_id`) ON DELETE CASCADE ON UPDATE CASCADE,
    CONSTRAINT `FK_u_assigned_deposits_members` FOREIGN KEY (`author_id`) REFERENCES `members` (`member_id`) ON DELETE SET NULL ON UPDATE CASCADE,
    CONSTRAINT `FK_u_assigned_deposits_members_2` FOREIGN KEY (`member_id`) REFERENCES `members` (`member_id`) ON DELETE CASCADE ON UPDATE CASCADE,
    CONSTRAINT `FK_u_assigned_deposits_templates` FOREIGN KEY (`template_id`) REFERENCES `templates` (`template_id`) ON DELETE SET NULL ON UPDATE SET NULL,
    CONSTRAINT `FK_u_assigned_deposits_u_trust_account` FOREIGN KEY (`trust_account_id`) REFERENCES `u_trust_account` (`trust_account_id`) ON DELETE CASCADE ON UPDATE CASCADE
) ENGINE = InnoDB
  DEFAULT CHARSET = utf8mb3;
/*!40101 SET character_set_client = @saved_cs_client */;

--
-- Dumping data for table `u_assigned_deposits`
--

LOCK TABLES `u_assigned_deposits` WRITE;
/*!40000 ALTER TABLE `u_assigned_deposits`
    DISABLE KEYS */;
/*!40000 ALTER TABLE `u_assigned_deposits`
    ENABLE KEYS */;
UNLOCK TABLES;

--
-- Table structure for table `u_assigned_withdrawals`
--

DROP TABLE IF EXISTS `u_assigned_withdrawals`;
/*!40101 SET @saved_cs_client = @@character_set_client */;
/*!50503 SET character_set_client = utf8mb4 */;
CREATE TABLE `u_assigned_withdrawals`
(
    `withdrawal_id`              int NOT NULL AUTO_INCREMENT,
    `author_id`                  bigint           DEFAULT NULL,
    `member_id`                  bigint           DEFAULT NULL,
    `company_ta_id`              int NOT NULL,
    `trust_account_id`           int              DEFAULT NULL,
    `withdrawal`                 double(12, 2)    DEFAULT '0.00',
    `invoice_payment_id`         int              DEFAULT NULL,
    `special_transaction`        tinytext,
    `special_transaction_id`     tinyint unsigned DEFAULT NULL,
    `returned_payment_member_id` bigint           DEFAULT NULL,
    `destination_account_id`     int              DEFAULT NULL,
    `destination_account_other`  tinytext,
    `date_of_event`              datetime         DEFAULT NULL,
    `notes`                      varchar(255)     DEFAULT NULL,
    PRIMARY KEY (`withdrawal_id`),
    KEY `company_ta_id` (`company_ta_id`),
    KEY `trust_account_id` (`trust_account_id`),
    KEY `returned_payment_member_id` (`returned_payment_member_id`),
    KEY `FK_u_assigned_withdrawals_members` (`author_id`),
    KEY `FK_u_member_id` (`member_id`),
    KEY `FK_u_assigned_withdrawals_u_invoice_payments` (`invoice_payment_id`),
    CONSTRAINT `FK_company_ta_id` FOREIGN KEY (`company_ta_id`) REFERENCES `company_ta` (`company_ta_id`) ON DELETE CASCADE ON UPDATE CASCADE,
    CONSTRAINT `FK_returned_payment_member_id` FOREIGN KEY (`returned_payment_member_id`) REFERENCES `members` (`member_id`) ON DELETE CASCADE ON UPDATE CASCADE,
    CONSTRAINT `FK_trust_account_id` FOREIGN KEY (`trust_account_id`) REFERENCES `u_trust_account` (`trust_account_id`) ON DELETE CASCADE ON UPDATE CASCADE,
    CONSTRAINT `FK_u_assigned_withdrawals_members` FOREIGN KEY (`author_id`) REFERENCES `members` (`member_id`) ON DELETE SET NULL ON UPDATE CASCADE,
    CONSTRAINT `FK_u_assigned_withdrawals_u_invoice_payments` FOREIGN KEY (`invoice_payment_id`) REFERENCES `u_invoice_payments` (`invoice_payment_id`) ON DELETE CASCADE ON UPDATE CASCADE,
    CONSTRAINT `FK_u_member_id` FOREIGN KEY (`member_id`) REFERENCES `members` (`member_id`) ON DELETE CASCADE ON UPDATE CASCADE
) ENGINE = InnoDB
  DEFAULT CHARSET = utf8mb3;
/*!40101 SET character_set_client = @saved_cs_client */;

--
-- Dumping data for table `u_assigned_withdrawals`
--

LOCK TABLES `u_assigned_withdrawals` WRITE;
/*!40000 ALTER TABLE `u_assigned_withdrawals`
    DISABLE KEYS */;
/*!40000 ALTER TABLE `u_assigned_withdrawals`
    ENABLE KEYS */;
UNLOCK TABLES;

--
-- Table structure for table `u_deposit_types`
--

DROP TABLE IF EXISTS `u_deposit_types`;
/*!40101 SET @saved_cs_client = @@character_set_client */;
/*!50503 SET character_set_client = utf8mb4 */;
CREATE TABLE `u_deposit_types`
(
    `dtl_id`      int    NOT NULL AUTO_INCREMENT,
    `company_id`  bigint NOT NULL,
    `author_id`   bigint           DEFAULT NULL,
    `name`        tinytext,
    `unique_name` varchar(255)     DEFAULT NULL,
    `amount`      double(8, 2)     DEFAULT '0.00',
    `order`       tinyint unsigned DEFAULT '0',
    `locked`      enum ('Y','N')   DEFAULT 'N',
    PRIMARY KEY (`dtl_id`),
    KEY `FK_u_deposit_types_company` (`company_id`),
    KEY `FK_u_deposit_types_members` (`author_id`),
    CONSTRAINT `FK_u_deposit_types_company` FOREIGN KEY (`company_id`) REFERENCES `company` (`company_id`) ON DELETE CASCADE ON UPDATE CASCADE,
    CONSTRAINT `FK_u_deposit_types_members` FOREIGN KEY (`author_id`) REFERENCES `members` (`member_id`) ON DELETE SET NULL ON UPDATE CASCADE
) ENGINE = InnoDB
  AUTO_INCREMENT = 2585
  DEFAULT CHARSET = utf8mb3;
/*!40101 SET character_set_client = @saved_cs_client */;

--
-- Dumping data for table `u_deposit_types`
--

LOCK TABLES `u_deposit_types` WRITE;
/*!40000 ALTER TABLE `u_deposit_types`
    DISABLE KEYS */;
INSERT INTO `u_deposit_types`
VALUES (2573, 0, 1, 'Interest Credit', NULL, 0.00, 0, 'N'),
       (2574, 0, 1, 'Bank Error', 'bank_error', 0.00, 0, 'Y'),
       (2575, 0, 1, 'Interest Earned', 'interest', 0.00, 1, 'Y'),
       (2582, 1, 906, 'Interest Credit', NULL, 0.00, 0, 'N'),
       (2583, 1, 906, 'Bank Error', 'bank_error', 0.00, 0, 'Y'),
       (2584, 1, 906, 'Interest Earned', 'interest', 0.00, 1, 'Y');
/*!40000 ALTER TABLE `u_deposit_types`
    ENABLE KEYS */;
UNLOCK TABLES;

--
-- Table structure for table `u_destination_types`
--

DROP TABLE IF EXISTS `u_destination_types`;
/*!40101 SET @saved_cs_client = @@character_set_client */;
/*!50503 SET character_set_client = utf8mb4 */;
CREATE TABLE `u_destination_types`
(
    `destination_account_id` int    NOT NULL AUTO_INCREMENT,
    `company_id`             bigint NOT NULL,
    `author_id`              bigint           DEFAULT NULL,
    `name`                   tinytext,
    `order`                  tinyint unsigned DEFAULT '0',
    PRIMARY KEY (`destination_account_id`),
    KEY `FK_u_destination_types_company` (`company_id`),
    KEY `FK_u_destination_types_members` (`author_id`),
    CONSTRAINT `FK_u_destination_types_company` FOREIGN KEY (`company_id`) REFERENCES `company` (`company_id`) ON DELETE CASCADE ON UPDATE CASCADE,
    CONSTRAINT `FK_u_destination_types_members` FOREIGN KEY (`author_id`) REFERENCES `members` (`member_id`) ON DELETE SET NULL ON UPDATE CASCADE
) ENGINE = InnoDB
  DEFAULT CHARSET = utf8mb3;
/*!40101 SET character_set_client = @saved_cs_client */;

--
-- Dumping data for table `u_destination_types`
--

LOCK TABLES `u_destination_types` WRITE;
/*!40000 ALTER TABLE `u_destination_types`
    DISABLE KEYS */;
/*!40000 ALTER TABLE `u_destination_types`
    ENABLE KEYS */;
UNLOCK TABLES;

--
-- Table structure for table `u_folders`
--

DROP TABLE IF EXISTS `u_folders`;
/*!40101 SET @saved_cs_client = @@character_set_client */;
/*!50503 SET character_set_client = utf8mb4 */;
CREATE TABLE `u_folders`
(
    `folder_id`   int unsigned                                      NOT NULL AUTO_INCREMENT,
    `parent_id`   int unsigned                                               DEFAULT NULL,
    `company_id`  bigint                                                     DEFAULT NULL,
    `author_id`   bigint                                                     DEFAULT NULL,
    `folder_name` char(255)                                                  DEFAULT NULL,
    `upd_date`    datetime                                                   DEFAULT NULL,
    `type`        enum ('D','C','F','T','ST','CD','SD','SDR','STR') NOT NULL DEFAULT 'D' COMMENT 'D=dir, C=correspondence, F=submisions(forms), T=templates, ST=Shared Templates CD=Client Documents, SD=Shared Workspace, SDR=Root Shared Workspace,STR=Root Shared Templates',
    PRIMARY KEY (`folder_id`),
    KEY `FK_u_folders_company` (`company_id`),
    KEY `FK_u_folders_members` (`author_id`),
    CONSTRAINT `FK_u_folders_company` FOREIGN KEY (`company_id`) REFERENCES `company` (`company_id`) ON DELETE CASCADE ON UPDATE CASCADE,
    CONSTRAINT `FK_u_folders_members` FOREIGN KEY (`author_id`) REFERENCES `members` (`member_id`) ON DELETE SET NULL ON UPDATE CASCADE
) ENGINE = InnoDB
  AUTO_INCREMENT = 7215
  DEFAULT CHARSET = utf8mb3;
/*!40101 SET character_set_client = @saved_cs_client */;

--
-- Dumping data for table `u_folders`
--

LOCK TABLES `u_folders` WRITE;
/*!40000 ALTER TABLE `u_folders`
    DISABLE KEYS */;
INSERT INTO `u_folders`
VALUES (7170, 0, NULL, 1, 'Correspondence', '2014-06-05 03:15:41', 'C'),
       (7174, 0, NULL, 1, 'Shared Templates', '2014-06-05 03:15:41', 'STR'),
       (7175, 0, NULL, 1, 'My Templates', '2014-06-05 03:15:41', 'T'),
       (7176, 0, NULL, 1, 'Shared Workspace', '2014-06-05 03:15:41', 'SDR'),
       (7177, 0, NULL, 1, 'My Documents', '2014-06-05 03:15:41', 'D'),
       (7179, 0, NULL, 1, 'Submissions', '2014-06-05 03:15:41', 'F'),
       (7181, 0, 0, 1, 'Correspondence', '2014-06-05 03:15:41', 'C'),
       (7182, 0, 0, 1, 'Miscellaneous', '2014-06-05 03:15:41', 'CD'),
       (7183, 0, 0, 1, 'Applications', '2014-06-05 03:15:41', 'CD'),
       (7184, 0, 0, 1, 'Documents', '2014-06-05 03:15:41', 'CD'),
       (7185, 0, 0, 1, 'Shared Templates', '2014-06-05 03:15:41', 'STR'),
       (7186, 0, 0, 1, 'My Templates', '2014-06-05 03:15:41', 'T'),
       (7187, 0, 0, 1, 'Shared Workspace', '2014-06-05 03:15:41', 'SDR'),
       (7188, 0, 0, 1, 'My Documents', '2014-06-05 03:15:41', 'D'),
       (7189, 0, 0, 1, 'Client Uploaded Documents', '2014-06-05 03:15:41', 'CD'),
       (7190, 0, 0, 1, 'Submissions', '2014-06-05 03:15:41', 'F'),
       (7191, 0, 0, 1, 'Accounting', '2014-06-05 03:15:41', 'CD'),
       (7209, 0, 1, 906, 'Correspondence', '2015-06-23 23:35:59', 'C'),
       (7210, 0, 1, 906, 'Shared Templates', '2015-06-23 23:35:59', 'STR'),
       (7211, 0, 1, 906, 'My Templates', '2015-06-23 23:35:59', 'T'),
       (7212, 0, 1, 906, 'Shared Workspace', '2015-06-23 23:35:59', 'SDR'),
       (7213, 0, 1, 906, 'My Documents', '2015-06-23 23:35:59', 'D'),
       (7214, 0, 1, 906, 'Submissions', '2015-06-23 23:35:59', 'F');
/*!40000 ALTER TABLE `u_folders`
    ENABLE KEYS */;
UNLOCK TABLES;

--
-- Table structure for table `u_import_transactions`
--

DROP TABLE IF EXISTS `u_import_transactions`;
/*!40101 SET @saved_cs_client = @@character_set_client */;
/*!50503 SET character_set_client = utf8mb4 */;
CREATE TABLE `u_import_transactions`
(
    `import_transaction_id` int NOT NULL AUTO_INCREMENT,
    `company_ta_id`         int NOT NULL,
    `author_id`             bigint    DEFAULT NULL,
    `dt_start`              date      DEFAULT NULL,
    `dt_end`                date      DEFAULT NULL,
    `bankid`                int       DEFAULT NULL,
    `import_datetime`       datetime  DEFAULT NULL,
    `records`               int       DEFAULT NULL,
    `filename`              char(255) DEFAULT NULL,
    PRIMARY KEY (`import_transaction_id`),
    KEY `FK_u_import_transactions_company_ta` (`company_ta_id`),
    KEY `FK_u_import_transactions_members` (`author_id`),
    CONSTRAINT `FK_u_import_transactions_company_ta` FOREIGN KEY (`company_ta_id`) REFERENCES `company_ta` (`company_ta_id`) ON DELETE CASCADE ON UPDATE CASCADE,
    CONSTRAINT `FK_u_import_transactions_members` FOREIGN KEY (`author_id`) REFERENCES `members` (`member_id`) ON DELETE SET NULL ON UPDATE CASCADE
) ENGINE = InnoDB
  DEFAULT CHARSET = utf8mb3;
/*!40101 SET character_set_client = @saved_cs_client */;

--
-- Dumping data for table `u_import_transactions`
--

LOCK TABLES `u_import_transactions` WRITE;
/*!40000 ALTER TABLE `u_import_transactions`
    DISABLE KEYS */;
/*!40000 ALTER TABLE `u_import_transactions`
    ENABLE KEYS */;
UNLOCK TABLES;

--
-- Table structure for table `u_invoice`
--

DROP TABLE IF EXISTS `u_invoice`;
/*!40101 SET @saved_cs_client = @@character_set_client */;
/*!50503 SET character_set_client = utf8mb4 */;
CREATE TABLE `u_invoice`
(
    `invoice_id`                  int            NOT NULL AUTO_INCREMENT,
    `member_id`                   bigint                  DEFAULT NULL,
    `company_ta_id`               int            NOT NULL,
    `author_id`                   bigint                  DEFAULT NULL,
    `invoice_num`                 varchar(255)   NOT NULL,
    `amount`                      double(12, 2)  NOT NULL,
    `fee`                         double(12, 2)  NOT NULL,
    `tax`                         double(12, 2)  NOT NULL,
    `description`                 tinytext       NOT NULL,
    `transfer_from_company_ta_id` int                     DEFAULT NULL,
    `transfer_from_amount`        double(12, 2)           DEFAULT NULL,
    `destination_account_id`      int                     DEFAULT NULL,
    `destination_account_other`   tinytext,
    `date_of_invoice`             date           NOT NULL,
    `date_of_creation`            datetime       NOT NULL,
    `notes`                       varchar(255)            DEFAULT NULL,
    `invoice_recipient_notes`     varchar(255)            DEFAULT NULL,
    `received`                    enum ('Y','N') NOT NULL DEFAULT 'Y',
    `type`                        varchar(255)   NOT NULL DEFAULT 'invoice',
    PRIMARY KEY (`invoice_id`),
    KEY `FK_u_invoice_members` (`member_id`),
    KEY `FK_u_invoice_company_ta` (`company_ta_id`),
    KEY `FK_u_invoice_members1` (`author_id`),
    CONSTRAINT `FK_u_invoice_company_ta` FOREIGN KEY (`company_ta_id`) REFERENCES `company_ta` (`company_ta_id`) ON DELETE CASCADE ON UPDATE CASCADE,
    CONSTRAINT `FK_u_invoice_members` FOREIGN KEY (`member_id`) REFERENCES `members` (`member_id`) ON DELETE CASCADE ON UPDATE CASCADE,
    CONSTRAINT `FK_u_invoice_members1` FOREIGN KEY (`author_id`) REFERENCES `members` (`member_id`) ON DELETE SET NULL ON UPDATE CASCADE
) ENGINE = InnoDB
  DEFAULT CHARSET = utf8mb3;
/*!40101 SET character_set_client = @saved_cs_client */;

--
-- Dumping data for table `u_invoice`
--

LOCK TABLES `u_invoice` WRITE;
/*!40000 ALTER TABLE `u_invoice`
    DISABLE KEYS */;
/*!40000 ALTER TABLE `u_invoice`
    ENABLE KEYS */;
UNLOCK TABLES;

--
-- Table structure for table `u_invoice_payments`
--

DROP TABLE IF EXISTS `u_invoice_payments`;
/*!40101 SET @saved_cs_client = @@character_set_client */;
/*!50503 SET character_set_client = utf8mb4 */;
CREATE TABLE `u_invoice_payments`
(
    `invoice_payment_id`          int           NOT NULL AUTO_INCREMENT,
    `invoice_id`                  int           NOT NULL,
    `company_ta_id`               int           DEFAULT NULL,
    `company_ta_other`            varchar(255)  DEFAULT NULL,
    `invoice_payment_amount`      double(12, 2) NOT NULL,
    `invoice_payment_date`        date          NOT NULL,
    `invoice_payment_cheque_num`  varchar(255)  DEFAULT NULL,
    `transfer_from_company_ta_id` int           DEFAULT NULL,
    `transfer_from_amount`        double(12, 2) DEFAULT NULL,
    PRIMARY KEY (`invoice_payment_id`) USING BTREE,
    KEY `FK_u_invoice_payments_u_invoice` (`invoice_id`) USING BTREE,
    KEY `FK_u_invoice_payments_company_ta` (`company_ta_id`) USING BTREE,
    KEY `FK_u_invoice_payments_company_ta_2` (`transfer_from_company_ta_id`),
    CONSTRAINT `FK_u_invoice_payments_company_ta` FOREIGN KEY (`company_ta_id`) REFERENCES `company_ta` (`company_ta_id`) ON DELETE CASCADE ON UPDATE CASCADE,
    CONSTRAINT `FK_u_invoice_payments_company_ta_2` FOREIGN KEY (`transfer_from_company_ta_id`) REFERENCES `company_ta` (`company_ta_id`) ON DELETE SET NULL ON UPDATE CASCADE,
    CONSTRAINT `FK_u_invoice_payments_u_invoice` FOREIGN KEY (`invoice_id`) REFERENCES `u_invoice` (`invoice_id`) ON DELETE CASCADE ON UPDATE CASCADE
) ENGINE = InnoDB
  DEFAULT CHARSET = utf8mb3 COMMENT ='Each invoice can be paid in several transactions';
/*!40101 SET character_set_client = @saved_cs_client */;

--
-- Dumping data for table `u_invoice_payments`
--

LOCK TABLES `u_invoice_payments` WRITE;
/*!40000 ALTER TABLE `u_invoice_payments`
    DISABLE KEYS */;
/*!40000 ALTER TABLE `u_invoice_payments`
    ENABLE KEYS */;
UNLOCK TABLES;

--
-- Table structure for table `u_links`
--

DROP TABLE IF EXISTS `u_links`;
/*!40101 SET @saved_cs_client = @@character_set_client */;
/*!50503 SET character_set_client = utf8mb4 */;
CREATE TABLE `u_links`
(
    `link_id`   int NOT NULL AUTO_INCREMENT,
    `title`     char(255) DEFAULT NULL,
    `url`       text,
    `member_id` bigint    DEFAULT NULL,
    PRIMARY KEY (`link_id`),
    KEY `FK_u_links_members` (`member_id`),
    CONSTRAINT `FK_u_links_members` FOREIGN KEY (`member_id`) REFERENCES `members` (`member_id`) ON DELETE CASCADE ON UPDATE CASCADE
) ENGINE = InnoDB
  DEFAULT CHARSET = utf8mb3;
/*!40101 SET character_set_client = @saved_cs_client */;

--
-- Dumping data for table `u_links`
--

LOCK TABLES `u_links` WRITE;
/*!40000 ALTER TABLE `u_links`
    DISABLE KEYS */;
/*!40000 ALTER TABLE `u_links`
    ENABLE KEYS */;
UNLOCK TABLES;

--
-- Table structure for table `u_links_sharing`
--

DROP TABLE IF EXISTS `u_links_sharing`;
/*!40101 SET @saved_cs_client = @@character_set_client */;
/*!50503 SET character_set_client = utf8mb4 */;
CREATE TABLE `u_links_sharing`
(
    `link_id` int NOT NULL,
    `role_id` int NOT NULL,
    UNIQUE KEY `link_id_role_id` (`link_id`, `role_id`),
    KEY `FK_u_links_sharing_acl_roles` (`role_id`),
    CONSTRAINT `FK_u_links_sharing_acl_roles` FOREIGN KEY (`role_id`) REFERENCES `acl_roles` (`role_id`) ON DELETE CASCADE ON UPDATE CASCADE,
    CONSTRAINT `FK_u_links_sharing_u_links` FOREIGN KEY (`link_id`) REFERENCES `u_links` (`link_id`) ON DELETE CASCADE ON UPDATE CASCADE
) ENGINE = InnoDB
  DEFAULT CHARSET = utf8mb3 COMMENT ='Share links based on roles';
/*!40101 SET character_set_client = @saved_cs_client */;

--
-- Dumping data for table `u_links_sharing`
--

LOCK TABLES `u_links_sharing` WRITE;
/*!40000 ALTER TABLE `u_links_sharing`
    DISABLE KEYS */;
/*!40000 ALTER TABLE `u_links_sharing`
    ENABLE KEYS */;
UNLOCK TABLES;

--
-- Table structure for table `u_log`
--

DROP TABLE IF EXISTS `u_log`;
/*!40101 SET @saved_cs_client = @@character_set_client */;
/*!50503 SET character_set_client = utf8mb4 */;
CREATE TABLE `u_log`
(
    `log_id`           int NOT NULL AUTO_INCREMENT,
    `trust_account_id` int NOT NULL,
    `action_id`        int NOT NULL,
    `author_id`        bigint   DEFAULT NULL,
    `date_of_event`    datetime DEFAULT NULL,
    PRIMARY KEY (`log_id`),
    KEY `FK_u_log_u_trust_account` (`trust_account_id`),
    KEY `FK_u_log_members` (`author_id`),
    CONSTRAINT `FK_u_log_members` FOREIGN KEY (`author_id`) REFERENCES `members` (`member_id`) ON DELETE SET NULL ON UPDATE CASCADE,
    CONSTRAINT `FK_u_log_u_trust_account` FOREIGN KEY (`trust_account_id`) REFERENCES `u_trust_account` (`trust_account_id`) ON DELETE CASCADE ON UPDATE CASCADE
) ENGINE = InnoDB
  DEFAULT CHARSET = utf8mb3;
/*!40101 SET character_set_client = @saved_cs_client */;

--
-- Dumping data for table `u_log`
--

LOCK TABLES `u_log` WRITE;
/*!40000 ALTER TABLE `u_log`
    DISABLE KEYS */;
/*!40000 ALTER TABLE `u_log`
    ENABLE KEYS */;
UNLOCK TABLES;

--
-- Table structure for table `u_notes`
--

DROP TABLE IF EXISTS `u_notes`;
/*!40101 SET @saved_cs_client = @@character_set_client */;
/*!50503 SET character_set_client = utf8mb4 */;
CREATE TABLE `u_notes`
(
    `note_id`            int unsigned             NOT NULL AUTO_INCREMENT,
    `member_id`          bigint                            DEFAULT NULL,
    `company_id`         bigint                            DEFAULT NULL,
    `author_id`          int unsigned                      DEFAULT NULL,
    `note`               text,
    `create_date`        datetime                          DEFAULT NULL,
    `visible_to_clients` enum ('Y','N')           NOT NULL DEFAULT 'N',
    `rtl`                enum ('Y','N')           NOT NULL DEFAULT 'N',
    `note_color`         tinyint(1)               NOT NULL DEFAULT '0',
    `type`               enum ('general','draft') NOT NULL DEFAULT 'general',
    `is_system`          enum ('Y','N')           NOT NULL DEFAULT 'N',
    PRIMARY KEY (`note_id`),
    KEY `FK_u_notes_members` (`member_id`),
    KEY `FK_u_notes_company` (`company_id`),
    CONSTRAINT `FK_u_notes_company` FOREIGN KEY (`company_id`) REFERENCES `company` (`company_id`) ON DELETE CASCADE ON UPDATE CASCADE,
    CONSTRAINT `FK_u_notes_members` FOREIGN KEY (`member_id`) REFERENCES `members` (`member_id`) ON DELETE CASCADE ON UPDATE CASCADE
) ENGINE = InnoDB
  DEFAULT CHARSET = utf8mb3;
/*!40101 SET character_set_client = @saved_cs_client */;

--
-- Dumping data for table `u_notes`
--

LOCK TABLES `u_notes` WRITE;
/*!40000 ALTER TABLE `u_notes`
    DISABLE KEYS */;
/*!40000 ALTER TABLE `u_notes`
    ENABLE KEYS */;
UNLOCK TABLES;

--
-- Table structure for table `u_payment`
--

DROP TABLE IF EXISTS `u_payment`;
/*!40101 SET @saved_cs_client = @@character_set_client */;
/*!50503 SET character_set_client = utf8mb4 */;
CREATE TABLE `u_payment`
(
    `payment_id`          int            NOT NULL AUTO_INCREMENT,
    `payment_schedule_id` int                     DEFAULT NULL,
    `member_id`           bigint                  DEFAULT NULL,
    `author_id`           bigint                  DEFAULT NULL,
    `company_ta_id`       int            NOT NULL,
    `transaction_id`      tinytext,
    `invoice_number`      int                     DEFAULT NULL,
    `invoice_id`          int                     DEFAULT NULL,
    `trust_account_id`    int                     DEFAULT NULL,
    `deposit`             double(12, 2)           DEFAULT '0.00',
    `withdrawal`          double(12, 2)           DEFAULT '0.00',
    `description`         tinytext,
    `payment_made_by`     tinytext,
    `date_of_event`       datetime                DEFAULT NULL,
    `gst`                 float(13, 4)            DEFAULT NULL,
    `gst_province_id`     int unsigned            DEFAULT NULL,
    `gst_tax_label`       char(255)               DEFAULT '',
    `notes`               varchar(255)            DEFAULT NULL,
    `company_agent`       enum ('Y','N') NOT NULL DEFAULT 'N',
    PRIMARY KEY (`payment_id`),
    KEY `company_ta_id` (`company_ta_id`),
    KEY `trust_account_id` (`trust_account_id`),
    KEY `FK_u_payment_members` (`member_id`),
    KEY `FK_u_payment_u_payment_schedule` (`payment_schedule_id`),
    KEY `FK_author_id_u_payment` (`author_id`),
    KEY `FK_u_invoice_id` (`invoice_id`),
    CONSTRAINT `FK_author_id_u_payment` FOREIGN KEY (`author_id`) REFERENCES `members` (`member_id`) ON DELETE SET NULL ON UPDATE SET NULL,
    CONSTRAINT `FK_company_ta_id_2_u_payment` FOREIGN KEY (`company_ta_id`) REFERENCES `company_ta` (`company_ta_id`) ON DELETE CASCADE ON UPDATE CASCADE,
    CONSTRAINT `FK_trust_account_id_2_u_payment` FOREIGN KEY (`trust_account_id`) REFERENCES `u_trust_account` (`trust_account_id`) ON DELETE CASCADE ON UPDATE CASCADE,
    CONSTRAINT `FK_u_invoice_id` FOREIGN KEY (`invoice_id`) REFERENCES `u_invoice` (`invoice_id`) ON DELETE SET NULL ON UPDATE CASCADE,
    CONSTRAINT `FK_u_payment_members` FOREIGN KEY (`member_id`) REFERENCES `members` (`member_id`) ON DELETE CASCADE ON UPDATE CASCADE,
    CONSTRAINT `FK_u_payment_u_payment_schedule` FOREIGN KEY (`payment_schedule_id`) REFERENCES `u_payment_schedule` (`payment_schedule_id`) ON DELETE CASCADE ON UPDATE CASCADE
) ENGINE = InnoDB
  DEFAULT CHARSET = utf8mb3;
/*!40101 SET character_set_client = @saved_cs_client */;

--
-- Dumping data for table `u_payment`
--

LOCK TABLES `u_payment` WRITE;
/*!40000 ALTER TABLE `u_payment`
    DISABLE KEYS */;
/*!40000 ALTER TABLE `u_payment`
    ENABLE KEYS */;
UNLOCK TABLES;

--
-- Table structure for table `u_payment_invoices`
--

DROP TABLE IF EXISTS `u_payment_invoices`;
/*!40101 SET @saved_cs_client = @@character_set_client */;
/*!50503 SET character_set_client = utf8mb4 */;
CREATE TABLE `u_payment_invoices`
(
    `u_payment_invoice_id`   int unsigned       NOT NULL AUTO_INCREMENT,
    `member_id`              bigint             NOT NULL,
    `company_ta_id`          int                NOT NULL,
    `amount`                 double(11, 2)      NOT NULL,
    `message`                text,
    `tranpage_approval_code` varchar(12)                 DEFAULT NULL,
    `invoice_date`           datetime           NOT NULL,
    `status`                 enum ('C','F','Q') NOT NULL DEFAULT 'Q' COMMENT 'C - complete, F - failed, Q - queued',
    PRIMARY KEY (`u_payment_invoice_id`),
    KEY `FK_u_payment_invoices_members` (`member_id`),
    KEY `FK_u_payment_invoices_company_ta` (`company_ta_id`),
    CONSTRAINT `FK_u_payment_invoices_company_ta` FOREIGN KEY (`company_ta_id`) REFERENCES `company_ta` (`company_ta_id`) ON DELETE CASCADE ON UPDATE CASCADE,
    CONSTRAINT `FK_u_payment_invoices_members` FOREIGN KEY (`member_id`) REFERENCES `members` (`member_id`) ON DELETE CASCADE ON UPDATE CASCADE
) ENGINE = InnoDB
  DEFAULT CHARSET = utf8mb3 COMMENT ='TranPage invoices will be saved here';
/*!40101 SET character_set_client = @saved_cs_client */;

--
-- Dumping data for table `u_payment_invoices`
--

LOCK TABLES `u_payment_invoices` WRITE;
/*!40000 ALTER TABLE `u_payment_invoices`
    DISABLE KEYS */;
/*!40000 ALTER TABLE `u_payment_invoices`
    ENABLE KEYS */;
UNLOCK TABLES;

--
-- Table structure for table `u_payment_schedule`
--

DROP TABLE IF EXISTS `u_payment_schedule`;
/*!40101 SET @saved_cs_client = @@character_set_client */;
/*!50503 SET character_set_client = utf8mb4 */;
CREATE TABLE `u_payment_schedule`
(
    `payment_schedule_id`         int           NOT NULL AUTO_INCREMENT,
    `member_id`                   bigint       DEFAULT NULL,
    `company_ta_id`               int          DEFAULT NULL,
    `description`                 tinytext,
    `amount`                      double(12, 2) NOT NULL,
    `based_on_date`               date         DEFAULT NULL,
    `based_on_profile_date_field` int unsigned DEFAULT NULL,
    `based_on_account`            int          DEFAULT NULL,
    `status`                      tinyint      DEFAULT '0',
    `gst`                         float(13, 4) DEFAULT '0.0000',
    `gst_province_id`             int unsigned DEFAULT NULL,
    `gst_tax_label`               char(255)    DEFAULT '',
    `template_id`                 int unsigned DEFAULT NULL,
    PRIMARY KEY (`payment_schedule_id`),
    KEY `FK_u_payment_schedule_members` (`member_id`),
    KEY `FK_u_template_id` (`template_id`),
    KEY `FK_u_payment_schedule_company_ta` (`company_ta_id`),
    CONSTRAINT `FK_u_payment_schedule_company_ta` FOREIGN KEY (`company_ta_id`) REFERENCES `company_ta` (`company_ta_id`) ON DELETE CASCADE ON UPDATE CASCADE,
    CONSTRAINT `FK_u_payment_schedule_members` FOREIGN KEY (`member_id`) REFERENCES `members` (`member_id`) ON DELETE CASCADE ON UPDATE CASCADE,
    CONSTRAINT `FK_u_template_id` FOREIGN KEY (`template_id`) REFERENCES `templates` (`template_id`) ON DELETE SET NULL ON UPDATE CASCADE
) ENGINE = InnoDB
  DEFAULT CHARSET = utf8mb3;
/*!40101 SET character_set_client = @saved_cs_client */;

--
-- Dumping data for table `u_payment_schedule`
--

LOCK TABLES `u_payment_schedule` WRITE;
/*!40000 ALTER TABLE `u_payment_schedule`
    DISABLE KEYS */;
/*!40000 ALTER TABLE `u_payment_schedule`
    ENABLE KEYS */;
UNLOCK TABLES;

--
-- Table structure for table `u_payment_templates`
--

DROP TABLE IF EXISTS `u_payment_templates`;
/*!40101 SET @saved_cs_client = @@character_set_client */;
/*!50503 SET character_set_client = utf8mb4 */;
CREATE TABLE `u_payment_templates`
(
    `saved_payment_template_id` int unsigned NOT NULL AUTO_INCREMENT,
    `company_id`                bigint       NOT NULL,
    `name`                      varchar(255) DEFAULT NULL,
    `payments`                  text,
    `created_date`              date         DEFAULT NULL,
    PRIMARY KEY (`saved_payment_template_id`),
    KEY `FK_u_payment_templates_company` (`company_id`),
    CONSTRAINT `FK_u_payment_templates_company` FOREIGN KEY (`company_id`) REFERENCES `company` (`company_id`) ON DELETE CASCADE ON UPDATE CASCADE
) ENGINE = InnoDB
  DEFAULT CHARSET = utf8mb3;
/*!40101 SET character_set_client = @saved_cs_client */;

--
-- Dumping data for table `u_payment_templates`
--

LOCK TABLES `u_payment_templates` WRITE;
/*!40000 ALTER TABLE `u_payment_templates`
    DISABLE KEYS */;
/*!40000 ALTER TABLE `u_payment_templates`
    ENABLE KEYS */;
UNLOCK TABLES;

--
-- Table structure for table `u_tasks`
--

DROP TABLE IF EXISTS `u_tasks`;
/*!40101 SET @saved_cs_client = @@character_set_client */;
/*!50503 SET character_set_client = utf8mb4 */;
CREATE TABLE `u_tasks`
(
    `task_id`        int unsigned               NOT NULL AUTO_INCREMENT,
    `member_id`      bigint                              DEFAULT NULL,
    `company_id`     bigint                              DEFAULT NULL,
    `client_type`    enum ('client','prospect') NOT NULL DEFAULT 'client',
    `task`           text,
    `type`           enum ('S','C','B','P')              DEFAULT 'S',
    `number`         int unsigned                        DEFAULT NULL,
    `days`           enum ('CALENDAR','BUSINESS')        DEFAULT 'CALENDAR',
    `ba`             enum ('BEFORE','AFTER')             DEFAULT 'AFTER',
    `prof`           int unsigned                        DEFAULT NULL,
    `due_on`         date                                DEFAULT NULL,
    `create_date`    datetime                            DEFAULT NULL,
    `author_id`      bigint                              DEFAULT NULL,
    `notify_client`  enum ('Y','N')                      DEFAULT 'N',
    `is_due`         enum ('Y','N')             NOT NULL DEFAULT 'N',
    `completed`      enum ('Y','N')             NOT NULL DEFAULT 'N',
    `sms_processed`  tinyint                    NOT NULL DEFAULT '0',
    `deadline`       date                                DEFAULT NULL,
    `flag`           tinyint                             DEFAULT '0',
    `auto_task_type` tinyint                             DEFAULT NULL COMMENT 'null - not auto-task, 1 - Payment is due, 2 - Client mark a form as Complete, 3 - Client uploads Documents , 10 - Based on a date in the "Client''s Profile", 11 - Based on File Status on Profile Info',
    `from`           char(255)                           DEFAULT NULL,
    `cc`             char(255)                           DEFAULT NULL,
    PRIMARY KEY (`task_id`),
    KEY `FK_u_tasks_company` (`company_id`),
    KEY `FK_u_tasks_members` (`author_id`),
    CONSTRAINT `FK_u_tasks_company` FOREIGN KEY (`company_id`) REFERENCES `company` (`company_id`) ON DELETE CASCADE ON UPDATE CASCADE,
    CONSTRAINT `FK_u_tasks_members` FOREIGN KEY (`author_id`) REFERENCES `members` (`member_id`) ON DELETE SET NULL ON UPDATE CASCADE
) ENGINE = InnoDB
  AUTO_INCREMENT = 11
  DEFAULT CHARSET = utf8mb3;
/*!40101 SET character_set_client = @saved_cs_client */;

--
-- Dumping data for table `u_tasks`
--

LOCK TABLES `u_tasks` WRITE;
/*!40000 ALTER TABLE `u_tasks`
    DISABLE KEYS */;
INSERT INTO `u_tasks`
VALUES (1, NULL, NULL, 'client', 'Missing documents John Smith', 'S', 0, 'BUSINESS', 'AFTER', NULL, '2015-05-29', '2015-05-29 05:01:58', NULL, 'N', 'Y', 'N', 0, NULL, 0, NULL, NULL, NULL),
       (2, NULL, NULL, 'client', 'Test followup task', 'S', 0, 'BUSINESS', 'AFTER', NULL, '2015-06-02', '2015-06-02 17:41:47', NULL, 'N', 'Y', 'Y', 0, '2015-06-02', 0, NULL, NULL, NULL),
       (7, NULL, NULL, 'client', 'cookie', 'S', 0, 'BUSINESS', 'AFTER', NULL, '2015-06-02', '2015-06-02 18:20:07', NULL, 'N', 'Y', 'N', 0, NULL, 6, NULL, NULL, NULL),
       (10, NULL, NULL, 'client', 'test', 'S', 0, 'BUSINESS', 'AFTER', NULL, '2015-06-02', '2015-06-02 18:24:05', NULL, 'N', 'Y', 'N', 0, NULL, 0, NULL, NULL, NULL);
/*!40000 ALTER TABLE `u_tasks`
    ENABLE KEYS */;
UNLOCK TABLES;

--
-- Table structure for table `u_tasks_assigned_to`
--

DROP TABLE IF EXISTS `u_tasks_assigned_to`;
/*!40101 SET @saved_cs_client = @@character_set_client */;
/*!50503 SET character_set_client = utf8mb4 */;
CREATE TABLE `u_tasks_assigned_to`
(
    `id`        int unsigned     NOT NULL AUTO_INCREMENT,
    `task_id`   int unsigned     NOT NULL,
    `member_id` bigint                    DEFAULT NULL,
    `to_cc`     enum ('to','cc') NOT NULL DEFAULT 'to',
    PRIMARY KEY (`id`),
    KEY `FK_u_tasks_assigned_to_u_tasks` (`task_id`),
    KEY `FK_u_tasks_assigned_to_members` (`member_id`),
    CONSTRAINT `FK_u_tasks_assigned_to_members` FOREIGN KEY (`member_id`) REFERENCES `members` (`member_id`) ON DELETE CASCADE ON UPDATE CASCADE,
    CONSTRAINT `FK_u_tasks_assigned_to_u_tasks` FOREIGN KEY (`task_id`) REFERENCES `u_tasks` (`task_id`) ON DELETE CASCADE ON UPDATE CASCADE
) ENGINE = InnoDB
  DEFAULT CHARSET = utf8mb3;
/*!40101 SET character_set_client = @saved_cs_client */;

--
-- Dumping data for table `u_tasks_assigned_to`
--

LOCK TABLES `u_tasks_assigned_to` WRITE;
/*!40000 ALTER TABLE `u_tasks_assigned_to`
    DISABLE KEYS */;
/*!40000 ALTER TABLE `u_tasks_assigned_to`
    ENABLE KEYS */;
UNLOCK TABLES;

--
-- Table structure for table `u_tasks_messages`
--

DROP TABLE IF EXISTS `u_tasks_messages`;
/*!40101 SET @saved_cs_client = @@character_set_client */;
/*!50503 SET character_set_client = utf8mb4 */;
CREATE TABLE `u_tasks_messages`
(
    `id`            int unsigned NOT NULL AUTO_INCREMENT,
    `task_id`       int unsigned NOT NULL,
    `member_id`     bigint                DEFAULT NULL,
    `message`       text         NOT NULL,
    `timestamp`     int          NOT NULL,
    `officio_said`  tinyint      NOT NULL DEFAULT '0',
    `from_template` tinyint(1)   NOT NULL DEFAULT '0',
    PRIMARY KEY (`id`),
    KEY `FK_u_tasks_messages_u_tasks` (`task_id`),
    KEY `FK_u_tasks_messages_members` (`member_id`),
    CONSTRAINT `FK_u_tasks_messages_members` FOREIGN KEY (`member_id`) REFERENCES `members` (`member_id`) ON DELETE CASCADE ON UPDATE CASCADE,
    CONSTRAINT `FK_u_tasks_messages_u_tasks` FOREIGN KEY (`task_id`) REFERENCES `u_tasks` (`task_id`) ON DELETE CASCADE ON UPDATE CASCADE
) ENGINE = InnoDB
  AUTO_INCREMENT = 36
  DEFAULT CHARSET = utf8mb3;
/*!40101 SET character_set_client = @saved_cs_client */;

--
-- Dumping data for table `u_tasks_messages`
--

LOCK TABLES `u_tasks_messages` WRITE;
/*!40000 ALTER TABLE `u_tasks_messages`
    DISABLE KEYS */;
INSERT INTO `u_tasks_messages`
VALUES (1, 1, NULL, 'marked this task as due', 1432890118, 1, 0),
       (2, 2, NULL, 'marked this task as due', 1433281307, 1, 0),
       (19, 7, NULL, 'marked this task as due', 1433283607, 1, 0),
       (35, 10, NULL, 'marked this task as due', 1433283845, 1, 0);
/*!40000 ALTER TABLE `u_tasks_messages`
    ENABLE KEYS */;
UNLOCK TABLES;

--
-- Table structure for table `u_tasks_priority`
--

DROP TABLE IF EXISTS `u_tasks_priority`;
/*!40101 SET @saved_cs_client = @@character_set_client */;
/*!50503 SET character_set_client = utf8mb4 */;
CREATE TABLE `u_tasks_priority`
(
    `id`        int                                               NOT NULL AUTO_INCREMENT,
    `task_id`   int unsigned                                      NOT NULL,
    `member_id` bigint                                            NOT NULL,
    `priority`  enum ('low','regular','medium','high','critical') NOT NULL,
    PRIMARY KEY (`id`),
    KEY `FK_u_tasks_priority_u_tasks` (`task_id`),
    KEY `FK_u_tasks_priority_members` (`member_id`),
    CONSTRAINT `FK_u_tasks_priority_members` FOREIGN KEY (`member_id`) REFERENCES `members` (`member_id`) ON DELETE CASCADE ON UPDATE CASCADE,
    CONSTRAINT `FK_u_tasks_priority_u_tasks` FOREIGN KEY (`task_id`) REFERENCES `u_tasks` (`task_id`) ON DELETE CASCADE ON UPDATE CASCADE
) ENGINE = InnoDB
  DEFAULT CHARSET = utf8mb3;
/*!40101 SET character_set_client = @saved_cs_client */;

--
-- Dumping data for table `u_tasks_priority`
--

LOCK TABLES `u_tasks_priority` WRITE;
/*!40000 ALTER TABLE `u_tasks_priority`
    DISABLE KEYS */;
/*!40000 ALTER TABLE `u_tasks_priority`
    ENABLE KEYS */;
UNLOCK TABLES;

--
-- Table structure for table `u_tasks_read`
--

DROP TABLE IF EXISTS `u_tasks_read`;
/*!40101 SET @saved_cs_client = @@character_set_client */;
/*!50503 SET character_set_client = utf8mb4 */;
CREATE TABLE `u_tasks_read`
(
    `id`        int          NOT NULL AUTO_INCREMENT,
    `task_id`   int unsigned NOT NULL,
    `member_id` bigint       NOT NULL,
    PRIMARY KEY (`id`),
    KEY `FK__u_tasks` (`task_id`),
    KEY `FK__members` (`member_id`),
    CONSTRAINT `FK__members` FOREIGN KEY (`member_id`) REFERENCES `members` (`member_id`) ON DELETE CASCADE ON UPDATE CASCADE,
    CONSTRAINT `FK__u_tasks` FOREIGN KEY (`task_id`) REFERENCES `u_tasks` (`task_id`) ON DELETE CASCADE ON UPDATE CASCADE
) ENGINE = InnoDB
  DEFAULT CHARSET = utf8mb3;
/*!40101 SET character_set_client = @saved_cs_client */;

--
-- Dumping data for table `u_tasks_read`
--

LOCK TABLES `u_tasks_read` WRITE;
/*!40000 ALTER TABLE `u_tasks_read`
    DISABLE KEYS */;
/*!40000 ALTER TABLE `u_tasks_read`
    ENABLE KEYS */;
UNLOCK TABLES;

--
-- Table structure for table `u_trust_account`
--

DROP TABLE IF EXISTS `u_trust_account`;
/*!40101 SET @saved_cs_client = @@character_set_client */;
/*!50503 SET character_set_client = utf8mb4 */;
CREATE TABLE `u_trust_account`
(
    `trust_account_id` int NOT NULL AUTO_INCREMENT,
    `company_ta_id`    int NOT NULL,
    `import_id`        int           DEFAULT NULL,
    `fit`              char(40)      DEFAULT NULL,
    `date_from_bank`   date          DEFAULT NULL,
    `description`      tinytext,
    `deposit`          double(12, 2) DEFAULT NULL,
    `withdrawal`       double(12, 2) DEFAULT NULL,
    `balance`          double(12, 2) DEFAULT NULL,
    `notes`            tinytext,
    `payment_made_by`  tinytext,
    `purpose`          tinytext,
    PRIMARY KEY (`trust_account_id`),
    KEY `FK_u_trust_account_company_ta` (`company_ta_id`),
    CONSTRAINT `FK_u_trust_account_company_ta` FOREIGN KEY (`company_ta_id`) REFERENCES `company_ta` (`company_ta_id`) ON DELETE CASCADE ON UPDATE CASCADE
) ENGINE = InnoDB
  DEFAULT CHARSET = utf8mb3;
/*!40101 SET character_set_client = @saved_cs_client */;

--
-- Dumping data for table `u_trust_account`
--

LOCK TABLES `u_trust_account` WRITE;
/*!40000 ALTER TABLE `u_trust_account`
    DISABLE KEYS */;
/*!40000 ALTER TABLE `u_trust_account`
    ENABLE KEYS */;
UNLOCK TABLES;

--
-- Table structure for table `u_variable`
--

DROP TABLE IF EXISTS `u_variable`;
/*!40101 SET @saved_cs_client = @@character_set_client */;
/*!50503 SET character_set_client = utf8mb4 */;
CREATE TABLE `u_variable`
(
    `name`  varchar(255) NOT NULL DEFAULT '',
    `value` longtext     NOT NULL,
    PRIMARY KEY (`name`)
) ENGINE = InnoDB
  DEFAULT CHARSET = utf8mb3;
/*!40101 SET character_set_client = @saved_cs_client */;

--
-- Dumping data for table `u_variable`
--

LOCK TABLES `u_variable` WRITE;
/*!40000 ALTER TABLE `u_variable`
    DISABLE KEYS */;
INSERT INTO `u_variable`
VALUES ('cutting_of_service_days', '32'),
       ('dateFormatFull', 'd M Y'),
       ('dateFormatFullExtended', 'd M Y'),
       ('dateFormatShort', 'd/m/Y'),
       ('datePickerFormat', 'dd/mm/yy'),
       ('datetimeFormatFull', 'd/M/Y'),
       ('dateZendFormatFull', 'dd MMM yyyy'),
       ('description_antigua_development_fund_contribution', 'NDF Contribution'),
       ('description_antigua_due_diligence_fee', 'Due Diligence Fee'),
       ('description_antigua_passport_fee', 'Passport Fee'),
       ('description_antigua_processing_fee', 'Processing Fee'),
       ('description_antigua_real_estate_contribution', 'Real Estate Contribution'),
       ('description_antigua_system_access_fee', 'System Access Fee'),
       ('description_dm_certificate_of_naturalization_fee', 'Fee for Certificate of Naturalization'),
       ('description_dm_due_diligence_fee', 'Due Diligence Fee'),
       ('description_dm_expedited_passport_issue_fee', 'Expedited Passport Issue Fee'),
       ('description_dm_government_fund_fee', 'Government Fund'),
       ('description_dm_processing_fee', 'Processing Fee'),
       ('description_dm_real_estate_fee', 'Real Estate'),
       ('description_dm_system_access_fee', 'System Access Fee'),
       ('free_storage_lite', '2'),
       ('free_storage_pro', '10'),
       ('free_storage_ultimate', '50'),
       ('GST', '5.00'),
       ('last_charge_failed_show_days', '6'),
       ('noc_url_details', 'http://www5.hrsdc.gc.ca/NOC/English/NOC/2011/Profile.aspx?val=0&val1=XXXX'),
       ('noc_url_education_job_requirements', 'http://www.workingincanada.gc.ca/report-eng.do?area=25565&lang=eng&noc=XXXX&action=final&backurl=http%3A%2F&ln=n&s=3#report_tabs_container2'),
       ('noc_url_jobs', 'http://www.workingincanada.gc.ca/report-eng.do?area=25565&lang=eng&noc=XXXX&action=final&backurl=http%3A%2F&ln=n&s=0#report_tabs_container2'),
       ('noc_url_outlook', 'http://www.workingincanada.gc.ca/report-eng.do?area=25565&lang=eng&noc=XXXX&action=final&backurl=http%3A%2F&ln=n&s=2#report_tabs_container2'),
       ('noc_url_prevailing', 'http://www.workingincanada.gc.ca/report-eng.do?area=25565&lang=eng&noc=XXXX&action=final&backurl=http%3A%2F&ln=n&s=1#wages'),
       ('price_antigua_due_diligence_fee_dependent_12_to_17', '2000.00'),
       ('price_antigua_due_diligence_fee_dependent_18_and_over', '4000.00'),
       ('price_antigua_due_diligence_fee_dependent_parent_over_65', '4000.00'),
       ('price_antigua_due_diligence_fee_main_applicant', '7500.00'),
       ('price_antigua_due_diligence_fee_spouse', '7500.00'),
       ('price_antigua_national_development_fund_contribution_main_applicant', '100000.00'),
       ('price_antigua_national_development_fund_contribution_more_than_4_persons', '125000.00'),
       ('price_antigua_national_development_fund_contribution_up_to_4_persons', '100000.00'),
       ('price_antigua_national_development_fund_fee_additional_dependent', '15000.00'),
       ('price_antigua_national_development_fund_fee_main_applicant', '25000.00'),
       ('price_antigua_national_development_fund_fee_up_to_4_persons', '25000.00'),
       ('price_antigua_passport_fee', '300.00'),
       ('price_antigua_real_estate_contribution_main_applicant', '400000.00'),
       ('price_antigua_real_estate_contribution_more_than_4_persons', '400000.00'),
       ('price_antigua_real_estate_contribution_up_to_4_persons', '400000.00'),
       ('price_antigua_real_estate_fee_additional_dependent', '15000.00'),
       ('price_antigua_real_estate_fee_main_applicant', '50000.00'),
       ('price_antigua_real_estate_fee_up_to_4_persons', '50000.00'),
       ('price_antigua_system_access_fee', '1000.00'),
       ('price_dm_certificate_of_naturalization_fee', '750.00'),
       ('price_dm_due_diligence_fee_dependent', '4000.00'),
       ('price_dm_due_diligence_fee_main_applicant', '7500.00'),
       ('price_dm_due_diligence_fee_spouse', '7500.00'),
       ('price_dm_expedited_passport_issue_fee', '1200.00'),
       ('price_dm_government_fund_fee_additional_dependent', '50000.00'),
       ('price_dm_government_fund_fee_main_and_spouse', '175000.00'),
       ('price_dm_government_fund_fee_single_applicant', '100000.00'),
       ('price_dm_government_fund_fee_up_to_4_persons', '200000.00'),
       ('price_dm_government_fund_fee_up_to_5_persons', '200000.00'),
       ('price_dm_processing_fee', '3000.00'),
       ('price_dm_real_estate_fee_additional_dependent_over_18_years', '25000.00'),
       ('price_dm_real_estate_fee_additional_dependent_under_18_years', '20000.00'),
       ('price_dm_real_estate_fee_single_applicant', '50000.00'),
       ('price_dm_real_estate_fee_up_to_4_persons', '75000.00'),
       ('price_dm_real_estate_fee_up_to_6_persons', '100000.00'),
       ('price_dm_system_access_fee', '1000.00'),
       ('price_lite_license_user_annual', '699.00'),
       ('price_lite_license_user_monthly', '69.00'),
       ('price_lite_package_2_years', '1275.00'),
       ('price_lite_package_monthly', '69.00'),
       ('price_lite_package_yearly', '699.00'),
       ('price_marketplace_prospect_convert', '100.00'),
       ('price_pro_license_user_annual', '699.00'),
       ('price_pro_license_user_monthly', '69.00'),
       ('price_pro_package_2_years', '1799.00'),
       ('price_pro_package_monthly', '99.00'),
       ('price_pro_package_yearly', '999.00'),
       ('price_storage_1_gb_annual', '20.00'),
       ('price_storage_1_gb_monthly', '2.00'),
       ('price_training', '125.00'),
       ('price_ultimate_license_user_annual', '999.00'),
       ('price_ultimate_license_user_monthly', '99.00'),
       ('price_ultimate_package_2_years', '2380.00'),
       ('price_ultimate_package_monthly', '129.00'),
       ('price_ultimate_package_yearly', '1299.00'),
       ('support_request_count', '101118'),
       ('trial_after_exp_discount_label', 'Subscribe now and receive <span style=\"color: rgb(255, 0, 0);\">30%</span> off the regular pricing.'),
       ('trial_after_exp_fee_annual', '699.00'),
       ('trial_after_exp_fee_annual_discount', '0.00'),
       ('trial_after_exp_fee_monthly', '69.00'),
       ('trial_after_exp_fee_monthly_discount', '0.00'),
       ('trial_after_exp_free_users', '3'),
       ('trial_after_exp_license_annual', '999.00'),
       ('trial_after_exp_license_monthly', '99.00'),
       ('trial_before_exp_discount_label', 'Subscribe now and receive <span style=\"color: rgb(255, 0, 0);\">30%</span> off the regular pricing.'),
       ('trial_before_exp_fee_annual', '699.00'),
       ('trial_before_exp_fee_annual_discount', '0.00'),
       ('trial_before_exp_fee_monthly', '69.00'),
       ('trial_before_exp_fee_monthly_discount', '0.00'),
       ('trial_before_exp_free_users', '3'),
       ('trial_before_exp_license_annual', '999.00'),
       ('trial_before_exp_license_monthly', '99.00'),
       ('users_add_over_limit_lite', '0'),
       ('users_add_over_limit_pro', '1'),
       ('users_add_over_limit_ultimate', '1'),
       ('user_included_lite', '1'),
       ('user_included_pro', '1'),
       ('user_included_ultimate', '1');
/*!40000 ALTER TABLE `u_variable`
    ENABLE KEYS */;
UNLOCK TABLES;

--
-- Table structure for table `u_withdrawal_types`
--

DROP TABLE IF EXISTS `u_withdrawal_types`;
/*!40101 SET @saved_cs_client = @@character_set_client */;
/*!50503 SET character_set_client = utf8mb4 */;
CREATE TABLE `u_withdrawal_types`
(
    `wtl_id`      int    NOT NULL AUTO_INCREMENT,
    `company_id`  bigint NOT NULL,
    `author_id`   bigint           DEFAULT NULL,
    `name`        tinytext,
    `order`       tinyint unsigned DEFAULT '0',
    `locked`      enum ('Y','N')   DEFAULT 'N',
    `unique_name` enum ('Y','N')   DEFAULT 'N',
    `amount`      double(8, 2)     DEFAULT '0.00',
    PRIMARY KEY (`wtl_id`),
    KEY `FK_u_withdrawal_types_company` (`company_id`),
    KEY `FK_u_withdrawal_types_members` (`author_id`),
    CONSTRAINT `FK_u_withdrawal_types_company` FOREIGN KEY (`company_id`) REFERENCES `company` (`company_id`) ON DELETE CASCADE ON UPDATE CASCADE,
    CONSTRAINT `FK_u_withdrawal_types_members` FOREIGN KEY (`author_id`) REFERENCES `members` (`member_id`) ON DELETE SET NULL ON UPDATE CASCADE
) ENGINE = InnoDB
  AUTO_INCREMENT = 2569
  DEFAULT CHARSET = utf8mb3;
/*!40101 SET character_set_client = @saved_cs_client */;

--
-- Dumping data for table `u_withdrawal_types`
--

LOCK TABLES `u_withdrawal_types` WRITE;
/*!40000 ALTER TABLE `u_withdrawal_types`
    DISABLE KEYS */;
INSERT INTO `u_withdrawal_types`
VALUES (2561, 0, 1, 'Bank Account Service Charge', 1, 'N', 'N', 0.00),
       (2562, 0, 1, 'Banking Fees', 0, '', '', 0.00),
       (2567, 1, 906, 'Bank Account Service Charge', 1, 'N', 'N', 0.00),
       (2568, 1, 906, 'Banking Fees', 0, '', '', 0.00);
/*!40000 ALTER TABLE `u_withdrawal_types`
    ENABLE KEYS */;
UNLOCK TABLES;

--
-- Table structure for table `user_smtp`
--

DROP TABLE IF EXISTS `user_smtp`;
/*!40101 SET @saved_cs_client = @@character_set_client */;
/*!50503 SET character_set_client = utf8mb4 */;
CREATE TABLE `user_smtp`
(
    `smtp_id`             int unsigned          NOT NULL AUTO_INCREMENT,
    `member_id`           bigint         DEFAULT NULL,
    `email_signature`     text,
    `email_friendly_name` char(255)      DEFAULT NULL,
    `smtp_use_own`        enum ('Y','N') DEFAULT 'N',
    `smtp_host`           char(255)      DEFAULT NULL,
    `smtp_port`           int unsigned   DEFAULT NULL,
    `smtp_username`       char(255)      DEFAULT NULL,
    `smtp_password`       text,
    `smtp_use_ssl`        enum ('','ssl','tls') NOT NULL,
    PRIMARY KEY (`smtp_id`),
    KEY `FK_user_smtp_1` (`member_id`),
    CONSTRAINT `FK_user_smtp_1` FOREIGN KEY (`member_id`) REFERENCES `members` (`member_id`) ON DELETE CASCADE ON UPDATE CASCADE
) ENGINE = InnoDB
  DEFAULT CHARSET = utf8mb3 COMMENT ='Contains user SMTP settings.';
/*!40101 SET character_set_client = @saved_cs_client */;

--
-- Dumping data for table `user_smtp`
--

LOCK TABLES `user_smtp` WRITE;
/*!40000 ALTER TABLE `user_smtp`
    DISABLE KEYS */;
/*!40000 ALTER TABLE `user_smtp`
    ENABLE KEYS */;
UNLOCK TABLES;

--
-- Table structure for table `users`
--

DROP TABLE IF EXISTS `users`;
/*!40101 SET @saved_cs_client = @@character_set_client */;
/*!50503 SET character_set_client = utf8mb4 */;
CREATE TABLE `users`
(
    `user_id`                    bigint         NOT NULL AUTO_INCREMENT,
    `member_id`                  bigint                  DEFAULT NULL,
    `notes`                      text,
    `activationCode`             varchar(50)    NOT NULL DEFAULT '',
    `city`                       varchar(255)   NOT NULL DEFAULT '',
    `state`                      varchar(255)   NOT NULL DEFAULT '',
    `country`                    int                     DEFAULT NULL,
    `homePhone`                  varchar(30)    NOT NULL DEFAULT '',
    `workPhone`                  varchar(30)    NOT NULL DEFAULT '',
    `mobilePhone`                varchar(30)    NOT NULL DEFAULT '',
    `fax`                        varchar(50)    NOT NULL DEFAULT '',
    `zip`                        varchar(10)    NOT NULL DEFAULT '',
    `address`                    text           NOT NULL,
    `timeZone`                   int            NOT NULL DEFAULT '0',
    `code`                       varchar(255)            DEFAULT NULL,
    `user_is_rma`                enum ('Y','N') NOT NULL DEFAULT 'N',
    `user_migration_number`      varchar(15)             DEFAULT NULL,
    `lms_user_id`                bigint                  DEFAULT NULL,
    `time_tracker_enable`        enum ('Y','N') NOT NULL DEFAULT 'N',
    `time_tracker_disable_popup` enum ('Y','N') NOT NULL DEFAULT 'N',
    `time_tracker_rate`          float unsigned          DEFAULT NULL,
    `time_tracker_round_up`      tinyint        NOT NULL DEFAULT '0',
    `queue_show_in_left_panel`   enum ('Y','N') NOT NULL DEFAULT 'N',
    `vevo_login`                 varchar(255)            DEFAULT NULL,
    `vevo_password`              text,
    `quick_menu_settings`        text,
    PRIMARY KEY (`user_id`),
    KEY `FK_users_members` (`member_id`),
    KEY `FK_users_country_master` (`country`),
    CONSTRAINT `FK_users_country_master` FOREIGN KEY (`country`) REFERENCES `country_master` (`countries_id`) ON DELETE SET NULL ON UPDATE CASCADE,
    CONSTRAINT `FK_users_members` FOREIGN KEY (`member_id`) REFERENCES `members` (`member_id`) ON DELETE CASCADE ON UPDATE CASCADE
) ENGINE = InnoDB
  AUTO_INCREMENT = 4
  DEFAULT CHARSET = utf8mb3;
/*!40101 SET character_set_client = @saved_cs_client */;

--
-- Dumping data for table `users`
--

LOCK TABLES `users` WRITE;
/*!40000 ALTER TABLE `users`
    DISABLE KEYS */;
INSERT INTO `users`
VALUES (3, 906, NULL, '', '', '', NULL, '', '', '', '', '', '', 0, NULL, 'N', NULL, NULL, 'N', 'N', NULL, 0, 'N', NULL, NULL, NULL);
/*!40000 ALTER TABLE `users`
    ENABLE KEYS */;
UNLOCK TABLES;

--
-- Table structure for table `usertypes`
--

DROP TABLE IF EXISTS `usertypes`;
/*!40101 SET @saved_cs_client = @@character_set_client */;
/*!50503 SET character_set_client = utf8mb4 */;
CREATE TABLE `usertypes`
(
    `usertype_id`   int         NOT NULL AUTO_INCREMENT,
    `role_type`     varchar(50) NOT NULL,
    `usertype_name` varchar(50) NOT NULL DEFAULT '',
    PRIMARY KEY (`usertype_id`)
) ENGINE = InnoDB
  AUTO_INCREMENT = 5
  DEFAULT CHARSET = utf8mb3;
/*!40101 SET character_set_client = @saved_cs_client */;

--
-- Dumping data for table `usertypes`
--

LOCK TABLES `usertypes` WRITE;
/*!40000 ALTER TABLE `usertypes`
    DISABLE KEYS */;
INSERT INTO `usertypes`
VALUES (1, 'superadmin', 'Super Admin'),
       (2, 'admin', 'Company Admin'),
       (3, 'client', 'Client'),
       (4, 'user', 'Company Staff');
/*!40000 ALTER TABLE `usertypes`
    ENABLE KEYS */;
UNLOCK TABLES;

--
-- Temporary view structure for view `view_active_users`
--

DROP TABLE IF EXISTS `view_active_users`;
/*!50001 DROP VIEW IF EXISTS `view_active_users`*/;
SET @saved_cs_client = @@character_set_client;
/*!50503 SET character_set_client = utf8mb4 */;
/*!50001 CREATE VIEW `view_active_users` AS
SELECT 1 AS `company_id`,
       1 AS `active_users_count`
        */;
SET character_set_client = @saved_cs_client;

--
-- Temporary view structure for view `view_clients_count`
--

DROP TABLE IF EXISTS `view_clients_count`;
/*!50001 DROP VIEW IF EXISTS `view_clients_count`*/;
SET @saved_cs_client = @@character_set_client;
/*!50503 SET character_set_client = utf8mb4 */;
/*!50001 CREATE VIEW `view_clients_count` AS
SELECT 1 AS `company_id`,
       1 AS `clients_count`
        */;
SET character_set_client = @saved_cs_client;

--
-- Temporary view structure for view `view_last_mail_used`
--

DROP TABLE IF EXISTS `view_last_mail_used`;
/*!50001 DROP VIEW IF EXISTS `view_last_mail_used`*/;
SET @saved_cs_client = @@character_set_client;
/*!50503 SET character_set_client = utf8mb4 */;
/*!50001 CREATE VIEW `view_last_mail_used` AS
SELECT 1 AS `company_id`,
       1 AS `last_manual_check`,
       1 AS `last_mass_mail`
        */;
SET character_set_client = @saved_cs_client;

--
-- Temporary view structure for view `view_last_ta_uploaded`
--

DROP TABLE IF EXISTS `view_last_ta_uploaded`;
/*!50001 DROP VIEW IF EXISTS `view_last_ta_uploaded`*/;
SET @saved_cs_client = @@character_set_client;
/*!50503 SET character_set_client = utf8mb4 */;
/*!50001 CREATE VIEW `view_last_ta_uploaded` AS
SELECT 1 AS `company_id`,
       1 AS `last_ta_uploaded_date`
        */;
SET character_set_client = @saved_cs_client;

--
-- Table structure for table `zoho_keys`
--

DROP TABLE IF EXISTS `zoho_keys`;
/*!40101 SET @saved_cs_client = @@character_set_client */;
/*!50503 SET character_set_client = utf8mb4 */;
CREATE TABLE `zoho_keys`
(
    `zoho_key`        varchar(255)                NOT NULL DEFAULT '',
    `zoho_key_status` enum ('enabled','disabled') NOT NULL DEFAULT 'enabled',
    PRIMARY KEY (`zoho_key`)
) ENGINE = InnoDB
  DEFAULT CHARSET = utf8mb3;
/*!40101 SET character_set_client = @saved_cs_client */;

--
-- Dumping data for table `zoho_keys`
--

LOCK TABLES `zoho_keys` WRITE;
/*!40000 ALTER TABLE `zoho_keys`
    DISABLE KEYS */;
INSERT INTO `zoho_keys`
VALUES ('ba52082120340f887665ed87a2637f3c', 'enabled');
/*!40000 ALTER TABLE `zoho_keys`
    ENABLE KEYS */;
UNLOCK TABLES;

--
-- Dumping events for database 'bcpnp_backend'
--

--
-- Dumping routines for database 'bcpnp_backend'
--
/*!50003 DROP FUNCTION IF EXISTS `expire_abandoned_file_number_reservations` */;
/*!50003 SET @saved_cs_client = @@character_set_client */;
/*!50003 SET @saved_cs_results = @@character_set_results */;
/*!50003 SET @saved_col_connection = @@collation_connection */;
/*!50003 SET character_set_client = utf8mb3 */;
/*!50003 SET character_set_results = utf8mb3 */;
/*!50003 SET collation_connection = utf8mb3_general_ci */;
/*!50003 SET @saved_sql_mode = @@sql_mode */;
/*!50003 SET sql_mode = 'NO_ENGINE_SUBSTITUTION' */;
DELIMITER ;;
CREATE FUNCTION `expire_abandoned_file_number_reservations`(`expire_before` INT) RETURNS int
    MODIFIES SQL DATA
    DETERMINISTIC
BEGIN

    DELETE fnr
    FROM file_number_reservations fnr
             LEFT OUTER JOIN clients c ON c.fileNumber = fnr.file_number
             LEFT OUTER JOIN members m ON m.member_id = c.member_id AND m.company_id = fnr.company_id
    WHERE fnr.reserved_on < expire_before
      AND m.member_id IS NULL;

    RETURN ROW_COUNT();
END ;;
DELIMITER ;
/*!50003 SET sql_mode = @saved_sql_mode */;
/*!50003 SET character_set_client = @saved_cs_client */;
/*!50003 SET character_set_results = @saved_cs_results */;
/*!50003 SET collation_connection = @saved_col_connection */;
/*!50003 DROP FUNCTION IF EXISTS `release_file_number` */;
/*!50003 SET @saved_cs_client = @@character_set_client */;
/*!50003 SET @saved_cs_results = @@character_set_results */;
/*!50003 SET @saved_col_connection = @@collation_connection */;
/*!50003 SET character_set_client = utf8mb3 */;
/*!50003 SET character_set_results = utf8mb3 */;
/*!50003 SET collation_connection = utf8mb3_general_ci */;
/*!50003 SET @saved_sql_mode = @@sql_mode */;
/*!50003 SET sql_mode = 'NO_ENGINE_SUBSTITUTION' */;
DELIMITER ;;
CREATE FUNCTION `release_file_number`(`company_id_to_delete` INT(11), `file_number_to_delete` VARCHAR(255)) RETURNS int
    MODIFIES SQL DATA
    DETERMINISTIC
BEGIN
    DECLARE result INT(1);
    SET @exists = (SELECT COUNT(*)
                   FROM `clients` c
                            INNER JOIN members m ON m.member_id = c.member_id
                   WHERE c.`fileNumber` = file_number_to_delete
                     AND m.company_id = company_id_to_delete);

    IF (@exists > 0) THEN
        SET result = 0;
    ELSE
        DELETE
        FROM file_number_reservations
        WHERE file_number = file_number_to_delete
          AND company_id = company_id_to_delete;
        SET result = 1;
    END IF;

    RETURN result;
END ;;
DELIMITER ;
/*!50003 SET sql_mode = @saved_sql_mode */;
/*!50003 SET character_set_client = @saved_cs_client */;
/*!50003 SET character_set_results = @saved_cs_results */;
/*!50003 SET collation_connection = @saved_col_connection */;
/*!50003 DROP FUNCTION IF EXISTS `reserve_file_number` */;
/*!50003 SET @saved_cs_client = @@character_set_client */;
/*!50003 SET @saved_cs_results = @@character_set_results */;
/*!50003 SET @saved_col_connection = @@collation_connection */;
/*!50003 SET character_set_client = utf8mb3 */;
/*!50003 SET character_set_results = utf8mb3 */;
/*!50003 SET collation_connection = utf8mb3_general_ci */;
/*!50003 SET @saved_sql_mode = @@sql_mode */;
/*!50003 SET sql_mode = 'NO_ENGINE_SUBSTITUTION' */;
DELIMITER ;;
CREATE FUNCTION `reserve_file_number`(`company_id_to_check` INT(11), `file_number_to_check` VARCHAR(255), `increment` INT(11)) RETURNS int
    MODIFIES SQL DATA
    DETERMINISTIC
BEGIN
    DECLARE result INT(1);
    SET @exists = (SELECT COUNT(*)
                   FROM `file_number_reservations`
                   WHERE `file_number` = file_number_to_check
                     AND company_id = company_id_to_check);

    IF (@exists > 0) THEN
        SET result = 0;
    ELSE
        INSERT INTO file_number_reservations (company_id, file_number, reserved_on, increment)
        VALUES (company_id_to_check, file_number_to_check, UNIX_TIMESTAMP(), increment);
        SET result = 1;
    END IF;

    RETURN result;
END ;;
DELIMITER ;
/*!50003 SET sql_mode = @saved_sql_mode */;
/*!50003 SET character_set_client = @saved_cs_client */;
/*!50003 SET character_set_results = @saved_cs_results */;
/*!50003 SET collation_connection = @saved_col_connection */;
/*!50003 DROP PROCEDURE IF EXISTS `createCaseField` */;
/*!50003 SET @saved_cs_client = @@character_set_client */;
/*!50003 SET @saved_cs_results = @@character_set_results */;
/*!50003 SET @saved_col_connection = @@collation_connection */;
/*!50003 SET character_set_client = utf8mb3 */;
/*!50003 SET character_set_results = utf8mb3 */;
/*!50003 SET collation_connection = utf8mb3_general_ci */;
/*!50003 SET @saved_sql_mode = @@sql_mode */;
/*!50003 SET sql_mode = 'NO_AUTO_VALUE_ON_ZERO' */;
DELIMITER ;;
CREATE PROCEDURE `createCaseField`(`newFieldName` VARCHAR(255), `fieldType` INT,
                                   `fieldLabel` VARCHAR(255), `fieldMaxlength` INT,
                                   `fieldRequired` VARCHAR(1), `fieldDisabled` VARCHAR(1),
                                   `groupName` VARCHAR(255), `caseTypeName` VARCHAR(255),
                                   `mapTo` VARCHAR(255))
BEGIN
    INSERT INTO `client_form_fields` (company_id, company_field_id, type, label, maxlength, encrypted, required,
                                      disabled, blocked)
    SELECT `company_id`,
           newFieldName,
           fieldType,
           fieldLabel,
           fieldMaxlength,
           'N',
           fieldRequired,
           fieldDisabled,
           'N'
    FROM `company`;

    CALL putCaseFieldIntoGroup(newFieldName, groupName, caseTypeName, mapTo);
END ;;
DELIMITER ;
/*!50003 SET sql_mode = @saved_sql_mode */;
/*!50003 SET character_set_client = @saved_cs_client */;
/*!50003 SET character_set_results = @saved_cs_results */;
/*!50003 SET collation_connection = @saved_col_connection */;
/*!50003 DROP PROCEDURE IF EXISTS `createCaseGroup` */;
/*!50003 SET @saved_cs_client = @@character_set_client */;
/*!50003 SET @saved_cs_results = @@character_set_results */;
/*!50003 SET @saved_col_connection = @@collation_connection */;
/*!50003 SET character_set_client = utf8mb3 */;
/*!50003 SET character_set_results = utf8mb3 */;
/*!50003 SET collation_connection = utf8mb3_general_ci */;
/*!50003 SET @saved_sql_mode = @@sql_mode */;
/*!50003 SET sql_mode = 'NO_AUTO_VALUE_ON_ZERO' */;
DELIMITER ;;
CREATE PROCEDURE `createCaseGroup`(`groupName` VARCHAR(255), `colsCount` INT,
                                   `caseTypeName` VARCHAR(255))
BEGIN
    DECLARE groupOrder INT;

    SELECT MAX(`order`)
    INTO groupOrder
    FROM client_form_groups AS cfg
             INNER JOIN client_types ct ON ct.client_type_id = cfg.client_type_id
    WHERE ct.client_type_name = caseTypeName;

    INSERT INTO `client_form_groups` (`company_id`, `client_type_id`, `title`, `order`, `cols_count`, `regTime`,
                                      `assigned`)
    SELECT `ct`.`company_id`, `ct`.`client_type_id`, groupName, groupOrder + 1, colsCount, UNIX_TIMESTAMP(), 'A'
    FROM `client_types` AS `ct`
    WHERE `ct`.`client_type_name` = caseTypeName;

    INSERT INTO `client_form_group_access` (`role_id`, `group_id`, `status`)
    SELECT `ar`.`role_id`, `cfg`.`group_id`, 'F'
    FROM `client_form_groups` as `cfg`
             LEFT OUTER JOIN `acl_roles` AS `ar` ON `ar`.`company_id` = `cfg`.`company_id`
             INNER JOIN client_types AS ct ON ct.client_type_id = cfg.client_type_id
    WHERE (`cfg`.`title` = groupName)
      AND (`ar`.`role_name` = 'Admin')
      AND (`ct`.`client_type_name` = caseTypeName);
END ;;
DELIMITER ;
/*!50003 SET sql_mode = @saved_sql_mode */;
/*!50003 SET character_set_client = @saved_cs_client */;
/*!50003 SET character_set_results = @saved_cs_results */;
/*!50003 SET collation_connection = @saved_col_connection */;
/*!50003 DROP PROCEDURE IF EXISTS `createIAField` */;
/*!50003 SET @saved_cs_client = @@character_set_client */;
/*!50003 SET @saved_cs_results = @@character_set_results */;
/*!50003 SET @saved_col_connection = @@collation_connection */;
/*!50003 SET character_set_client = utf8mb3 */;
/*!50003 SET character_set_results = utf8mb3 */;
/*!50003 SET collation_connection = utf8mb3_general_ci */;
/*!50003 SET @saved_sql_mode = @@sql_mode */;
/*!50003 SET sql_mode = 'NO_AUTO_VALUE_ON_ZERO' */;
DELIMITER ;;
CREATE PROCEDURE `createIAField`(`newFieldName` VARCHAR(255), `fieldType` VARCHAR(15),
                                 `fieldLabel` VARCHAR(255), `fieldRequired` VARCHAR(1),
                                 `fieldDisabled` VARCHAR(1), `groupName` VARCHAR(255),
                                 `mapTo` VARCHAR(255))
BEGIN
    INSERT INTO applicant_form_fields (member_type_id, company_id, applicant_field_unique_id, type, label, encrypted,
                                       required, disabled, blocked)
    SELECT mt.member_type_id,
           c.`company_id`,
           newFieldName,
           fieldType,
           fieldLabel,
           'N',
           fieldRequired,
           fieldDisabled,
           'N'
    FROM `company` AS c
             LEFT OUTER JOIN members_types AS mt ON mt.member_type_name = 'individual';

    CALL putIAFieldIntoGroup(newFieldName, groupName, mapTo);
END ;;
DELIMITER ;
/*!50003 SET sql_mode = @saved_sql_mode */;
/*!50003 SET character_set_client = @saved_cs_client */;
/*!50003 SET character_set_results = @saved_cs_results */;
/*!50003 SET collation_connection = @saved_col_connection */;
/*!50003 DROP PROCEDURE IF EXISTS `createIAGroup` */;
/*!50003 SET @saved_cs_client = @@character_set_client */;
/*!50003 SET @saved_cs_results = @@character_set_results */;
/*!50003 SET @saved_col_connection = @@collation_connection */;
/*!50003 SET character_set_client = utf8mb3 */;
/*!50003 SET character_set_results = utf8mb3 */;
/*!50003 SET collation_connection = utf8mb3_general_ci */;
/*!50003 SET @saved_sql_mode = @@sql_mode */;
/*!50003 SET sql_mode = 'NO_AUTO_VALUE_ON_ZERO' */;
DELIMITER ;;
CREATE PROCEDURE `createIAGroup`(`groupName` VARCHAR(255), `colsCount` INT, `collapsed` VARCHAR(1))
BEGIN
    DECLARE groupOrder INT;

    SELECT MAX(`order`) INTO groupOrder FROM applicant_form_groups;

    INSERT INTO applicant_form_groups (applicant_block_id, company_id, title, cols_count, collapsed, `order`)
    SELECT afb.applicant_block_id, afb.company_id, groupName, colsCount, collapsed, groupOrder + 1
    FROM applicant_form_blocks AS afb
             INNER JOIN members_types AS mt ON afb.member_type_id = mt.member_type_id
    WHERE mt.member_type_name = 'individual'
      AND afb.contact_block = 'Y'
    GROUP BY afb.company_id
    HAVING MIN(afb.applicant_block_id);

    INSERT INTO members_relations (parent_member_id, child_member_id, applicant_group_id, `row`)
    SELECT mr.parent_member_id, mr.child_member_id, afg1.applicant_group_id, 0
    FROM members_relations AS mr
             INNER JOIN members AS m ON m.member_id = mr.child_member_id
             INNER JOIN members_types AS mt ON mt.member_type_id = m.userType
             INNER JOIN applicant_form_groups AS afg ON afg.applicant_group_id = mr.applicant_group_id
             LEFT OUTER JOIN applicant_form_groups AS afg1 ON afg1.company_id = m.company_id
    WHERE mt.member_type_name = 'internal_contact'
      AND afg.title = 'Applicant Passport Info'
      AND afg1.title = groupName;

END ;;
DELIMITER ;
/*!50003 SET sql_mode = @saved_sql_mode */;
/*!50003 SET character_set_client = @saved_cs_client */;
/*!50003 SET character_set_results = @saved_cs_results */;
/*!50003 SET collation_connection = @saved_col_connection */;
/*!50003 DROP PROCEDURE IF EXISTS `putCaseFieldIntoGroup` */;
/*!50003 SET @saved_cs_client = @@character_set_client */;
/*!50003 SET @saved_cs_results = @@character_set_results */;
/*!50003 SET @saved_col_connection = @@collation_connection */;
/*!50003 SET character_set_client = utf8mb3 */;
/*!50003 SET character_set_results = utf8mb3 */;
/*!50003 SET collation_connection = utf8mb3_general_ci */;
/*!50003 SET @saved_sql_mode = @@sql_mode */;
/*!50003 SET sql_mode = 'NO_AUTO_VALUE_ON_ZERO' */;
DELIMITER ;;
CREATE PROCEDURE `putCaseFieldIntoGroup`(`newFieldName` VARCHAR(255),
                                         `groupName` VARCHAR(255),
                                         `caseTypeName` VARCHAR(255), `mapTo` VARCHAR(255))
BEGIN
    DECLARE rowNum INT;
    DECLARE synFieldCount INT;

    SELECT MAX(`field_order`) INTO rowNum FROM `client_form_order`;
    INSERT INTO `client_form_order` (`group_id`, `field_id`, `use_full_row`, `field_order`)
    SELECT `cfg`.`group_id`, `cff`.`field_id`, 'N', rowNum + 1
    FROM `client_form_fields` as `cff`
             LEFT OUTER JOIN `client_form_groups` AS `cfg` ON `cff`.`company_id` = `cfg`.`company_id`
             LEFT OUTER JOIN `client_types` AS `ct` ON `ct`.`client_type_id` = `cfg`.`client_type_id`
    WHERE (`cff`.`company_field_id` = newFieldName)
      AND (`cfg`.`title` = groupName)
      AND (`ct`.`client_type_name` = caseTypeName);

    INSERT INTO `client_form_field_access` (`role_id`, `field_id`, `client_type_id`, `status`)
    SELECT `ar`.`role_id`, `cff`.`field_id`, `ct`.`client_type_id`, 'F'
    FROM `client_form_fields` as `cff`
             LEFT OUTER JOIN `client_form_groups` AS `cfg` ON `cff`.`company_id` = `cfg`.`company_id`
             LEFT OUTER JOIN `client_types` AS `ct` ON `ct`.`client_type_id` = `cfg`.`client_type_id`
             LEFT OUTER JOIN `acl_roles` AS `ar` ON `ar`.`company_id` = `cff`.`company_id`
    WHERE (`cff`.`company_field_id` = newFieldName)
      AND (`cfg`.`title` = groupName)
      AND (`ct`.`client_type_name` = caseTypeName)
      AND (`ar`.`role_name` = 'Admin');

    IF (mapTo <> '') THEN
        SELECT COUNT(*) INTO synFieldCount FROM FormSynField WHERE `FieldName` = mapTo;
        IF (synFieldCount = 0) THEN
            INSERT INTO FormSynField (`FieldName`) VALUES (mapTo);
        END IF;

        INSERT INTO `FormMap` (`FromFamilyMemberId`, `FromSynFieldId`, `ToFamilyMemberId`, `ToSynFieldId`,
                               `ToProfileFamilyMemberId`, `ToProfileFieldId`)
        SELECT 'main_applicant', `SynFieldId`, 'main_applicant', `SynFieldId`, 'main_applicant', newFieldName
        FROM `FormSynField`
        WHERE `FieldName` = mapTo;
    END IF;
END ;;
DELIMITER ;
/*!50003 SET sql_mode = @saved_sql_mode */;
/*!50003 SET character_set_client = @saved_cs_client */;
/*!50003 SET character_set_results = @saved_cs_results */;
/*!50003 SET collation_connection = @saved_col_connection */;
/*!50003 DROP PROCEDURE IF EXISTS `putIAFieldIntoGroup` */;
/*!50003 SET @saved_cs_client = @@character_set_client */;
/*!50003 SET @saved_cs_results = @@character_set_results */;
/*!50003 SET @saved_col_connection = @@collation_connection */;
/*!50003 SET character_set_client = utf8mb3 */;
/*!50003 SET character_set_results = utf8mb3 */;
/*!50003 SET collation_connection = utf8mb3_general_ci */;
/*!50003 SET @saved_sql_mode = @@sql_mode */;
/*!50003 SET sql_mode = 'NO_AUTO_VALUE_ON_ZERO' */;
DELIMITER ;;
CREATE PROCEDURE `putIAFieldIntoGroup`(`newFieldName` VARCHAR(255),
                                       `groupName` VARCHAR(255), `mapTo` VARCHAR(255))
BEGIN
    DECLARE rowCount INT;
    DECLARE synFieldCount INT;

    SELECT MAX(`field_order`) INTO rowCount FROM `applicant_form_order`;
    INSERT INTO `applicant_form_order` (`applicant_group_id`, `applicant_field_id`, `use_full_row`, `field_order`)
    SELECT `afg`.`applicant_group_id`, `aff`.`applicant_field_id`, 'N', rowCount + 1
    FROM `applicant_form_fields` as `aff`
             LEFT OUTER JOIN `applicant_form_groups` AS `afg` ON `aff`.`company_id` = `afg`.`company_id`
    WHERE (`aff`.`applicant_field_unique_id` = newFieldName)
      AND (`afg`.`title` = groupName);

    INSERT INTO `applicant_form_fields_access` (`role_id`, `applicant_group_id`, `applicant_field_id`, `status`)
    SELECT `ar`.`role_id`, `afo`.`applicant_group_id`, `aff`.`applicant_field_id`, 'F'
    FROM `applicant_form_fields` as `aff`
             INNER JOIN `applicant_form_order` AS `afo` ON `afo`.`applicant_field_id` = `aff`.`applicant_field_id`
             LEFT OUTER JOIN `acl_roles` AS `ar` ON `ar`.`company_id` = `aff`.`company_id`
    WHERE (`aff`.`applicant_field_unique_id` = newFieldName)
      AND (`ar`.`role_name` = 'Admin');

    IF (mapTo <> '') THEN
        SELECT COUNT(*) INTO synFieldCount FROM FormSynField WHERE `FieldName` = mapTo;
        IF (synFieldCount = 0) THEN
            INSERT INTO FormSynField (`FieldName`) VALUES (mapTo);
        END IF;

        INSERT INTO `FormMap` (`FromFamilyMemberId`, `FromSynFieldId`, `ToFamilyMemberId`, `ToSynFieldId`,
                               `ToProfileFamilyMemberId`, `ToProfileFieldId`)
        SELECT 'main_applicant', `SynFieldId`, 'main_applicant', `SynFieldId`, 'main_applicant', newFieldName
        FROM `FormSynField`
        WHERE `FieldName` = mapTo;
    END IF;
END ;;
DELIMITER ;
/*!50003 SET sql_mode = @saved_sql_mode */;
/*!50003 SET character_set_client = @saved_cs_client */;
/*!50003 SET character_set_results = @saved_cs_results */;
/*!50003 SET collation_connection = @saved_col_connection */;

--
-- Final view structure for view `view_active_users`
--

/*!50001 DROP VIEW IF EXISTS `view_active_users`*/;
/*!50001 SET @saved_cs_client = @@character_set_client */;
/*!50001 SET @saved_cs_results = @@character_set_results */;
/*!50001 SET @saved_col_connection = @@collation_connection */;
/*!50001 SET character_set_client = utf8mb3 */;
/*!50001 SET character_set_results = utf8mb3 */;
/*!50001 SET collation_connection = utf8mb3_general_ci */;
/*!50001 CREATE VIEW `view_active_users` AS
select `c`.`company_id` AS `company_id`, count(`m`.`member_id`) AS `active_users_count`
from (`company` `c` left join `members` `m` on ((`m`.`company_id` = `c`.`company_id`)))
where ((`m`.`userType` in (2, 4)) and (`m`.`status` = 1))
group by `c`.`company_id`
        */;
/*!50001 SET character_set_client = @saved_cs_client */;
/*!50001 SET character_set_results = @saved_cs_results */;
/*!50001 SET collation_connection = @saved_col_connection */;

--
-- Final view structure for view `view_clients_count`
--

/*!50001 DROP VIEW IF EXISTS `view_clients_count`*/;
/*!50001 SET @saved_cs_client = @@character_set_client */;
/*!50001 SET @saved_cs_results = @@character_set_results */;
/*!50001 SET @saved_col_connection = @@collation_connection */;
/*!50001 SET character_set_client = utf8mb3 */;
/*!50001 SET character_set_results = utf8mb3 */;
/*!50001 SET collation_connection = utf8mb3_general_ci */;
/*!50001 CREATE VIEW `view_clients_count` AS
select `c`.`company_id` AS `company_id`, count(`m`.`member_id`) AS `clients_count`
from (`company` `c` left join `members` `m` on ((`m`.`company_id` = `c`.`company_id`)))
where (`m`.`userType` = 3)
group by `c`.`company_id`
        */;
/*!50001 SET character_set_client = @saved_cs_client */;
/*!50001 SET character_set_results = @saved_cs_results */;
/*!50001 SET collation_connection = @saved_col_connection */;

--
-- Final view structure for view `view_last_mail_used`
--

/*!50001 DROP VIEW IF EXISTS `view_last_mail_used`*/;
/*!50001 SET @saved_cs_client = @@character_set_client */;
/*!50001 SET @saved_cs_results = @@character_set_results */;
/*!50001 SET @saved_col_connection = @@collation_connection */;
/*!50001 SET character_set_client = utf8mb3 */;
/*!50001 SET character_set_results = utf8mb3 */;
/*!50001 SET collation_connection = utf8mb3_general_ci */;
/*!50001 CREATE VIEW `view_last_mail_used` AS
select `c`.`company_id` AS `company_id`, max(`a`.`last_manual_check`) AS `last_manual_check`, max(`a`.`last_mass_mail`) AS `last_mass_mail`
from ((`company` `c` left join `members` `m` on ((`m`.`company_id` = `c`.`company_id`))) left join `eml_accounts` `a` on ((`m`.`member_id` = `a`.`member_id`)))
group by `c`.`company_id`
        */;
/*!50001 SET character_set_client = @saved_cs_client */;
/*!50001 SET character_set_results = @saved_cs_results */;
/*!50001 SET collation_connection = @saved_col_connection */;

--
-- Final view structure for view `view_last_ta_uploaded`
--

/*!50001 DROP VIEW IF EXISTS `view_last_ta_uploaded`*/;
/*!50001 SET @saved_cs_client = @@character_set_client */;
/*!50001 SET @saved_cs_results = @@character_set_results */;
/*!50001 SET @saved_col_connection = @@collation_connection */;
/*!50001 SET character_set_client = utf8mb3 */;
/*!50001 SET character_set_results = utf8mb3 */;
/*!50001 SET collation_connection = utf8mb3_general_ci */;
/*!50001 CREATE VIEW `view_last_ta_uploaded` AS
select `c`.`company_id` AS `company_id`, max(`i`.`import_datetime`) AS `last_ta_uploaded_date`
from ((`company` `c` left join `company_ta` `ta` on ((`c`.`company_id` = `ta`.`company_id`))) left join `u_import_transactions` `i` on ((`i`.`company_ta_id` = `ta`.`company_ta_id`)))
group by `c`.`company_id`
        */;
/*!50001 SET character_set_client = @saved_cs_client */;
/*!50001 SET character_set_results = @saved_cs_results */;
/*!50001 SET collation_connection = @saved_col_connection */;
/*!40103 SET TIME_ZONE = @OLD_TIME_ZONE */;

/*!40101 SET SQL_MODE = @OLD_SQL_MODE */;
/*!40014 SET FOREIGN_KEY_CHECKS = @OLD_FOREIGN_KEY_CHECKS */;
/*!40014 SET UNIQUE_CHECKS = @OLD_UNIQUE_CHECKS */;
/*!40101 SET CHARACTER_SET_CLIENT = @OLD_CHARACTER_SET_CLIENT */;
/*!40101 SET CHARACTER_SET_RESULTS = @OLD_CHARACTER_SET_RESULTS */;
/*!40101 SET COLLATION_CONNECTION = @OLD_COLLATION_CONNECTION */;
/*!40111 SET SQL_NOTES = @OLD_SQL_NOTES */;

-- Dump completed on 2022-11-14 11:23:45
