SET FOREIGN_KEY_CHECKS = 0;
SET SQL_MODE = "NO_AUTO_VALUE_ON_ZERO";
SET time_zone = "+00:00";

--
-- Database: `antigua`
--

DELIMITER $$
--
-- Functions
--
CREATE FUNCTION `expire_abandoned_file_number_reservations`(`expire_before` INT) RETURNS INT(11)
BEGIN
    DELETE fnr
    FROM file_number_reservations fnr
             LEFT OUTER JOIN clients c ON c.fileNumber = fnr.file_number
             LEFT OUTER JOIN members m ON m.member_id = c.member_id AND m.company_id = fnr.company_id
    WHERE fnr.reserved_on < expire_before
      AND m.member_id IS NULL;

    RETURN ROW_COUNT();
END$$

CREATE FUNCTION `release_file_number`(`company_id_to_delete` INT(11),
                                      `file_number_to_delete` VARCHAR(255)) RETURNS INT(1)
BEGIN
    DECLARE result INT(1);
    SET @exists = (
        SELECT COUNT(*)
        FROM `clients` c
                 INNER JOIN members m ON m.member_id = c.member_id
        WHERE c.`fileNumber` = file_number_to_delete
          AND m.company_id = company_id_to_delete);

    IF (@exists > 0) THEN
        SET result = 0;
    ELSE
        DELETE
        FROM file_number_reservations
        WHERE file_number = file_number_to_delete AND company_id = company_id_to_delete;
        SET result = 1;
    END IF;

    RETURN result;
END$$

CREATE FUNCTION `reserve_file_number`(`company_id_to_check` INT(11), `file_number_to_check` VARCHAR(255),
                                      `increment` INT(11)) RETURNS INT(1)
BEGIN
    DECLARE result INT(1);
    SET @exists = (SELECT COUNT(*)
                   FROM `file_number_reservations`
                   WHERE `file_number` = file_number_to_check
                     AND company_id = company_id_to_check);

    IF (@exists > 0) THEN
        SET result = 0;
    ELSE
        INSERT INTO file_number_reservations (company_id, file_number, reserved_on, increment)
        VALUES (company_id_to_check, file_number_to_check, UNIX_TIMESTAMP(), increment);
        SET result = 1;
    END IF;

    RETURN result;
END$$

DELIMITER ;

-- --------------------------------------------------------

--
-- Table structure for table `access_logs`
--

CREATE TABLE `access_logs`
(
    `log_id`                bigint(20) UNSIGNED NOT NULL,
    `log_section`           varchar(100) DEFAULT NULL,
    `log_action`            varchar(100) DEFAULT NULL,
    `log_description`       varchar(255) DEFAULT NULL,
    `log_company_id`        bigint(20)   DEFAULT NULL,
    `log_created_by`        bigint(20)   DEFAULT NULL,
    `log_created_on`        datetime            NOT NULL,
    `log_action_applied_to` bigint(20)   DEFAULT NULL,
    `log_ip`                varchar(39)  DEFAULT NULL
) ENGINE = InnoDB
  DEFAULT CHARSET = utf8 COMMENT ='Used to save specific log actions, e.g. login success/fail, user profile update, etc.';

--
-- Dumping data for table `access_logs`
--

/*!40000 ALTER TABLE `access_logs`
    DISABLE KEYS */;
/*!40000 ALTER TABLE `access_logs`
    ENABLE KEYS */;

-- --------------------------------------------------------

--
-- Table structure for table `acl_modules`
--

CREATE TABLE `acl_modules`
(
    `module_id`   varchar(50)  NOT NULL,
    `module_name` varchar(100) NOT NULL
) ENGINE = InnoDB
  DEFAULT CHARSET = utf8 COMMENT ='List of all modules, used to identify access rights of the logged in/not logged in users';

--
-- Dumping data for table `acl_modules`
--

INSERT INTO `acl_modules` (`module_id`, `module_name`)
VALUES ('applicants', 'Applicants'),
       ('calendar', 'Calendar'),
       ('clients', 'Clients'),
       ('crm', 'CRM Admin'),
       ('default', 'Staff Tabs'),
       ('documents', 'Files & Folders'),
       ('forms', 'Forms'),
       ('help', 'Help'),
       ('links', 'Links'),
       ('mail', 'Mail'),
       ('news', 'Announcements'),
       ('notes', 'Notes'),
       ('profile', 'User Profile'),
       ('prospects', 'Prospects'),
       ('qnr', 'Questionnaires'),
       ('rss', 'Immigration News'),
       ('signup', 'Signup'),
       ('superadmin', 'Make the user an Admin, show admin tab, and give access to all offices to the user.'),
       ('system', 'System'),
       ('tasks', 'Tasks'),
       ('templates', 'Templates'),
       ('trust-account', 'Client Account'),
       ('websites', 'Company Websites');

-- --------------------------------------------------------

--
-- Table structure for table `acl_roles`
--

CREATE TABLE `acl_roles`
(
    `role_id`           int(11)     NOT NULL,
    `company_id`        bigint(20)  NOT NULL DEFAULT '0',
    `division_group_id` int(11) UNSIGNED     DEFAULT NULL,
    `role_name`         varchar(50) NOT NULL,
    `role_type`         varchar(50) NOT NULL,
    `role_parent_id`    varchar(50) NOT NULL,
    `role_child_id`     varchar(50)          DEFAULT NULL,
    `role_visible`      tinyint(1)  NOT NULL DEFAULT '0',
    `role_status`       int(1)      NOT NULL DEFAULT '1',
    `role_regTime`      int(11)     NOT NULL DEFAULT '0'
) ENGINE = InnoDB
  DEFAULT CHARSET = utf8 COMMENT ='List of all roles that are used during users/clients login. If role''s company is 0 - this means that this role will be created for all new companies (except of superadmin roles).';

--
-- Dumping data for table `acl_roles`
--

INSERT INTO `acl_roles` (`role_id`, `company_id`, `division_group_id`, `role_name`, `role_type`, `role_parent_id`,
                         `role_child_id`, `role_visible`, `role_status`, `role_regTime`)
VALUES (4816, 0, 1, 'Admin', 'admin', 'company_0_admin', 'guest', 1, 1, 1401902139),
       (4818, 0, 1, 'CRM Admin role', 'crmuser', 'company_0_crmuser', 'guest', 1, 1, 1401902139),
       (4822, 0, 1, 'Employer Client', 'employer_client', 'company_0_employer_client', 'guest', 1, 1, 1401902139),
       (4817, 0, 1, 'Individual Client', 'individual_client', 'company_0_individual_client', 'guest', 1, 1, 1401902139),
       (4812, 0, 1, 'Registered Migration Agent (RMA)', 'user', 'company_0_user', 'guest', 1, 1, 1401902139),
       (4813, 0, 1, 'Sales and Marketing Staff', 'user', 'company_0_user_1', 'guest', 1, 1, 1401902139),
       (4819, 0, 1, 'Processing Staff', 'user', 'company_0_user_4', 'guest', 1, 1, 1401902139),
       (4820, 0, 1, 'Sales Agent', 'user', 'company_0_user_5', 'guest', 1, 1, 1401902139),
       (4821, 0, 1, 'Accounting', 'user', 'company_0_user_6', 'guest', 1, 1, 1401902139),
       (4917, 1, 2, 'CRM Admin role', 'crmuser', 'company_1_crmuser', 'guest', 1, 1, 1498004434),
       (4918, 1, 2, 'Employer Client', 'employer_client', 'company_1_employer_client', 'guest', 1, 1, 1498004434),
       (4919, 1, 2, 'Individual Client', 'individual_client', 'company_1_individual_client', 'guest', 1, 1, 1498004434),
       (4925, 1, 2, 'Admin', 'admin', 'company_1_role', 'guest', 1, 1, 1498191134),
       (4926, 1, NULL, 'Agent Admin', 'admin', 'company_1_role_1', 'guest', 1, 1, 1498193509),
       (4936, 1, 2, 'IT Admin', 'admin', 'company_1_role_10', 'guest', 1, 1, 1507177211),
       (4937, 1, 2, 'Reporting Staff', 'user', 'company_1_role_11', 'guest', 1, 1, 1524244106),
       (4938, 1, 2, 'Corporate Services - Senior', 'user', 'company_1_role_12', 'guest', 1, 1, 1565818683),
       (4927, 1, NULL, 'Agent Support Staff', 'user', 'company_1_role_2', 'guest', 1, 1, 1498193509),
       (4928, 1, 2, 'Examiner', 'user', 'company_1_role_3', 'guest', 1, 1, 1499108793),
       (4929, 1, 2, 'Senior Examiner', 'user', 'company_1_role_4', 'guest', 1, 1, 1499108812),
       (4930, 1, 2, 'Corporate Services', 'user', 'company_1_role_5', 'guest', 1, 1, 1499108842),
       (4931, 1, 2, 'Coordinator', 'user', 'company_1_role_6', 'guest', 1, 1, 1499108900),
       (4933, 1, 2, 'Senior Examiner - CON', 'user', 'company_1_role_7', 'guest', 1, 1, 1499114740),
       (4934, 1, 2, 'DD Provider', 'user', 'company_1_role_8', 'guest', 1, 1, 1501141814),
       (4935, 1, NULL, 'Agent Subagent', 'user', 'company_1_role_9', 'guest', 1, 1, 1505383853),
       (1, 0, 1, 'Default Guest Role', 'guest', 'guest', NULL, 0, 1, 1246366684),
       (4796, 0, 1, 'Site Admin', 'superadmin', 'siteadmin', 'guest', 0, 1, 1378459176),
       (5, 0, 1, 'Default Superadmin Role', 'superadmin', 'superadmin', 'guest', 0, 1, 1246366684),
       (4808, 0, 1, 'Support Admin', 'superadmin', 'supportadmin', 'guest', 0, 1, 1394194654),
       (4915, 0, 1, 'Support-CA', 'superadmin', 'supportadmin_ca', 'guest', 0, 1, 1394194654);

-- --------------------------------------------------------

--
-- Table structure for table `acl_role_access`
--

CREATE TABLE `acl_role_access`
(
    `role_id` varchar(50) NOT NULL,
    `rule_id` int(11)     NOT NULL
) ENGINE = InnoDB
  DEFAULT CHARSET = utf8 COMMENT ='Each role''s access rights are described here.';

--
-- Dumping data for table `acl_role_access`
--

INSERT INTO `acl_role_access` (`role_id`, `rule_id`)
VALUES ('guest', 1),
       ('guest', 2),
       ('superadmin', 3),
       ('company_0_admin', 4),
       ('company_1_role', 4),
       ('company_1_role_1', 4),
       ('company_1_role_10', 4),
       ('siteadmin', 4),
       ('supportadmin', 4),
       ('supportadmin_ca', 4),
       ('company_0_admin', 6),
       ('company_0_crmuser', 6),
       ('company_0_employer_client', 6),
       ('company_0_individual_client', 6),
       ('company_0_user', 6),
       ('company_0_user_1', 6),
       ('company_0_user_4', 6),
       ('company_0_user_5', 6),
       ('company_0_user_6', 6),
       ('company_1_crmuser', 6),
       ('company_1_employer_client', 6),
       ('company_1_individual_client', 6),
       ('company_1_role', 6),
       ('company_1_role_1', 6),
       ('company_1_role_10', 6),
       ('company_1_role_11', 6),
       ('company_1_role_12', 6),
       ('company_1_role_2', 6),
       ('company_1_role_3', 6),
       ('company_1_role_4', 6),
       ('company_1_role_5', 6),
       ('company_1_role_6', 6),
       ('company_1_role_7', 6),
       ('company_1_role_8', 6),
       ('company_1_role_9', 6),
       ('siteadmin', 6),
       ('supportadmin', 6),
       ('supportadmin_ca', 6),
       ('company_0_admin', 7),
       ('company_0_crmuser', 7),
       ('company_0_user', 7),
       ('company_0_user_1', 7),
       ('company_0_user_4', 7),
       ('company_0_user_5', 7),
       ('company_0_user_6', 7),
       ('company_1_crmuser', 7),
       ('company_1_role', 7),
       ('company_1_role_10', 7),
       ('company_1_role_11', 7),
       ('company_1_role_12', 7),
       ('company_1_role_3', 7),
       ('company_1_role_4', 7),
       ('company_1_role_5', 7),
       ('company_1_role_6', 7),
       ('company_1_role_7', 7),
       ('company_0_admin', 10),
       ('company_0_employer_client', 10),
       ('company_0_individual_client', 10),
       ('company_0_user', 10),
       ('company_0_user_1', 10),
       ('company_0_user_4', 10),
       ('company_0_user_5', 10),
       ('company_0_user_6', 10),
       ('company_1_employer_client', 10),
       ('company_1_individual_client', 10),
       ('company_1_role', 10),
       ('company_1_role_1', 10),
       ('company_1_role_10', 10),
       ('company_1_role_11', 10),
       ('company_1_role_12', 10),
       ('company_1_role_2', 10),
       ('company_1_role_3', 10),
       ('company_1_role_4', 10),
       ('company_1_role_5', 10),
       ('company_1_role_6', 10),
       ('company_1_role_7', 10),
       ('company_1_role_8', 10),
       ('company_1_role_9', 10),
       ('siteadmin', 10),
       ('supportadmin', 10),
       ('supportadmin_ca', 10),
       ('company_0_admin', 11),
       ('company_0_user', 11),
       ('company_0_user_1', 11),
       ('company_0_user_4', 11),
       ('company_0_user_5', 11),
       ('company_0_user_6', 11),
       ('company_1_individual_client', 11),
       ('company_1_role', 11),
       ('company_1_role_1', 11),
       ('company_1_role_11', 11),
       ('company_1_role_12', 11),
       ('company_1_role_2', 11),
       ('company_1_role_3', 11),
       ('company_1_role_4', 11),
       ('company_1_role_5', 11),
       ('company_1_role_6', 11),
       ('company_1_role_7', 11),
       ('company_1_role_8', 11),
       ('company_1_role_9', 11),
       ('company_0_admin', 12),
       ('company_0_user', 12),
       ('company_1_role', 12),
       ('company_1_role_1', 12),
       ('company_0_admin', 13),
       ('company_0_user', 13),
       ('company_0_user_1', 13),
       ('company_0_user_4', 13),
       ('company_0_user_5', 13),
       ('company_1_role', 13),
       ('company_1_role_1', 13),
       ('company_1_role_11', 13),
       ('company_1_role_12', 13),
       ('company_1_role_2', 13),
       ('company_1_role_3', 13),
       ('company_1_role_4', 13),
       ('company_1_role_5', 13),
       ('company_1_role_6', 13),
       ('company_1_role_7', 13),
       ('company_1_role_9', 13),
       ('company_0_admin', 20),
       ('company_0_user', 20),
       ('company_0_user_1', 20),
       ('company_0_user_4', 20),
       ('company_0_admin', 21),
       ('company_0_user', 21),
       ('company_0_user_1', 21),
       ('company_0_user_4', 21),
       ('company_0_admin', 25),
       ('company_0_employer_client', 25),
       ('company_0_user', 25),
       ('company_0_user_1', 25),
       ('company_0_user_4', 25),
       ('company_0_user_5', 25),
       ('company_0_user_6', 25),
       ('company_1_employer_client', 25),
       ('company_1_role', 25),
       ('company_1_role_10', 25),
       ('company_1_role_11', 25),
       ('company_1_role_12', 25),
       ('company_1_role_3', 25),
       ('company_1_role_4', 25),
       ('company_1_role_5', 25),
       ('company_1_role_6', 25),
       ('company_1_role_7', 25),
       ('siteadmin', 25),
       ('supportadmin', 25),
       ('company_0_admin', 30),
       ('company_0_employer_client', 30),
       ('company_0_individual_client', 30),
       ('company_0_user', 30),
       ('company_0_user_1', 30),
       ('company_0_user_4', 30),
       ('company_0_user_5', 30),
       ('company_0_user_6', 30),
       ('company_1_employer_client', 30),
       ('company_1_role', 30),
       ('company_1_role_10', 30),
       ('company_1_role_11', 30),
       ('company_1_role_12', 30),
       ('company_1_role_3', 30),
       ('company_1_role_4', 30),
       ('company_1_role_5', 30),
       ('company_1_role_6', 30),
       ('company_1_role_7', 30),
       ('siteadmin', 30),
       ('supportadmin', 30),
       ('supportadmin_ca', 30),
       ('company_0_admin', 31),
       ('company_0_user', 31),
       ('company_0_user_1', 31),
       ('company_0_user_4', 31),
       ('company_0_user_5', 31),
       ('company_0_user_6', 31),
       ('company_1_role', 31),
       ('company_1_role_10', 31),
       ('company_1_role_11', 31),
       ('company_1_role_12', 31),
       ('company_1_role_3', 31),
       ('company_1_role_4', 31),
       ('company_1_role_5', 31),
       ('company_1_role_6', 31),
       ('company_1_role_7', 31),
       ('siteadmin', 31),
       ('supportadmin', 31),
       ('supportadmin_ca', 31),
       ('company_0_admin', 32),
       ('company_0_user', 32),
       ('company_1_role', 32),
       ('siteadmin', 32),
       ('supportadmin', 32),
       ('supportadmin_ca', 32),
       ('company_0_admin', 33),
       ('company_0_user', 33),
       ('company_1_role', 33),
       ('siteadmin', 33),
       ('superadmin', 33),
       ('supportadmin', 33),
       ('company_0_admin', 60),
       ('company_0_employer_client', 60),
       ('company_0_individual_client', 60),
       ('company_0_user', 60),
       ('company_0_user_1', 60),
       ('company_0_user_4', 60),
       ('company_0_user_6', 60),
       ('company_1_employer_client', 60),
       ('company_1_individual_client', 60),
       ('company_1_role', 60),
       ('company_1_role_1', 60),
       ('company_1_role_10', 60),
       ('company_1_role_11', 60),
       ('company_1_role_12', 60),
       ('company_1_role_2', 60),
       ('company_1_role_3', 60),
       ('company_1_role_4', 60),
       ('company_1_role_5', 60),
       ('company_1_role_6', 60),
       ('company_1_role_7', 60),
       ('company_1_role_8', 60),
       ('company_1_role_9', 60),
       ('siteadmin', 60),
       ('supportadmin', 60),
       ('supportadmin_ca', 60),
       ('company_0_admin', 61),
       ('company_1_role', 61),
       ('siteadmin', 61),
       ('supportadmin', 61),
       ('company_0_admin', 70),
       ('company_0_user', 70),
       ('company_0_user_1', 70),
       ('company_0_user_4', 70),
       ('company_0_user_5', 70),
       ('company_0_user_6', 70),
       ('company_1_individual_client', 70),
       ('company_1_role', 70),
       ('company_1_role_1', 70),
       ('company_1_role_10', 70),
       ('company_1_role_11', 70),
       ('company_1_role_12', 70),
       ('company_1_role_2', 70),
       ('company_1_role_3', 70),
       ('company_1_role_4', 70),
       ('company_1_role_5', 70),
       ('company_1_role_6', 70),
       ('company_1_role_7', 70),
       ('company_1_role_9', 70),
       ('siteadmin', 80),
       ('superadmin', 80),
       ('supportadmin', 80),
       ('siteadmin', 81),
       ('superadmin', 81),
       ('supportadmin', 81),
       ('siteadmin', 82),
       ('superadmin', 82),
       ('supportadmin', 82),
       ('siteadmin', 83),
       ('superadmin', 83),
       ('supportadmin', 83),
       ('siteadmin', 84),
       ('superadmin', 84),
       ('supportadmin', 84),
       ('siteadmin', 85),
       ('superadmin', 85),
       ('supportadmin', 85),
       ('company_0_admin', 90),
       ('company_0_user', 90),
       ('company_0_user_1', 90),
       ('company_0_user_4', 90),
       ('company_0_user_5', 90),
       ('company_0_user_6', 90),
       ('company_1_role', 90),
       ('company_1_role_10', 90),
       ('company_1_role_11', 90),
       ('company_1_role_12', 90),
       ('company_1_role_3', 90),
       ('company_1_role_4', 90),
       ('company_1_role_5', 90),
       ('company_1_role_6', 90),
       ('company_1_role_7', 90),
       ('siteadmin', 90),
       ('superadmin', 90),
       ('supportadmin', 90),
       ('supportadmin_ca', 90),
       ('company_0_admin', 91),
       ('company_0_user', 91),
       ('company_0_user_1', 91),
       ('company_0_user_4', 91),
       ('company_0_user_5', 91),
       ('company_0_user_6', 91),
       ('company_1_role', 91),
       ('company_1_role_10', 91),
       ('company_1_role_11', 91),
       ('company_1_role_12', 91),
       ('company_1_role_4', 91),
       ('company_1_role_5', 91),
       ('company_1_role_6', 91),
       ('company_1_role_7', 91),
       ('siteadmin', 91),
       ('superadmin', 91),
       ('supportadmin', 91),
       ('supportadmin_ca', 91),
       ('company_0_admin', 92),
       ('company_0_user', 92),
       ('company_0_user_1', 92),
       ('company_0_user_4', 92),
       ('company_0_user_5', 92),
       ('company_0_user_6', 92),
       ('company_1_role', 92),
       ('company_1_role_10', 92),
       ('company_1_role_11', 92),
       ('company_1_role_12', 92),
       ('company_1_role_4', 92),
       ('company_1_role_5', 92),
       ('company_1_role_6', 92),
       ('company_1_role_7', 92),
       ('siteadmin', 92),
       ('superadmin', 92),
       ('supportadmin', 92),
       ('supportadmin_ca', 92),
       ('company_1_role', 95),
       ('company_1_role_1', 95),
       ('company_1_role_10', 95),
       ('company_1_role_11', 95),
       ('company_1_role_12', 95),
       ('company_1_role_2', 95),
       ('company_1_role_3', 95),
       ('company_1_role_4', 95),
       ('company_1_role_5', 95),
       ('company_1_role_6', 95),
       ('company_1_role_7', 95),
       ('company_1_role_8', 95),
       ('company_1_role_9', 95),
       ('company_1_role', 96),
       ('company_1_role_1', 96),
       ('company_1_role_11', 96),
       ('company_1_role_12', 96),
       ('company_1_role_3', 96),
       ('company_1_role_4', 96),
       ('company_1_role_5', 96),
       ('company_1_role_6', 96),
       ('company_1_role_7', 96),
       ('company_1_role', 97),
       ('company_1_role_10', 97),
       ('company_1_role_11', 97),
       ('company_1_role_12', 97),
       ('company_1_role_3', 97),
       ('company_1_role_4', 97),
       ('company_1_role_5', 97),
       ('company_1_role_6', 97),
       ('company_1_role_7', 97),
       ('company_1_role', 98),
       ('company_1_role_10', 98),
       ('company_1_role_11', 98),
       ('company_1_role_12', 98),
       ('company_1_role_3', 98),
       ('company_1_role_4', 98),
       ('company_1_role_5', 98),
       ('company_1_role_6', 98),
       ('company_1_role_7', 98),
       ('company_1_role_8', 98),
       ('company_1_role', 99),
       ('company_1_role_11', 99),
       ('company_1_role_12', 99),
       ('company_1_role_3', 99),
       ('company_1_role_4', 99),
       ('company_1_role_5', 99),
       ('company_1_role_6', 99),
       ('company_1_role_7', 99),
       ('company_0_admin', 100),
       ('company_0_user', 100),
       ('company_0_user_1', 100),
       ('company_0_user_4', 100),
       ('company_0_user_5', 100),
       ('company_0_user_6', 100),
       ('company_1_role', 100),
       ('company_1_role_10', 100),
       ('company_1_role_11', 100),
       ('company_1_role_12', 100),
       ('company_1_role_3', 100),
       ('company_1_role_4', 100),
       ('company_1_role_5', 100),
       ('company_1_role_6', 100),
       ('company_1_role_7', 100),
       ('siteadmin', 100),
       ('superadmin', 100),
       ('supportadmin', 100),
       ('supportadmin_ca', 100),
       ('company_0_admin', 101),
       ('company_0_user', 101),
       ('company_0_user_4', 101),
       ('company_0_user_6', 101),
       ('siteadmin', 101),
       ('supportadmin', 101),
       ('supportadmin_ca', 101),
       ('company_0_admin', 102),
       ('company_0_user', 102),
       ('company_0_user_4', 102),
       ('company_0_user_6', 102),
       ('siteadmin', 102),
       ('supportadmin', 102),
       ('supportadmin_ca', 102),
       ('company_0_admin', 103),
       ('company_0_user', 103),
       ('company_0_user_4', 103),
       ('company_0_user_6', 103),
       ('siteadmin', 103),
       ('supportadmin', 103),
       ('supportadmin_ca', 103),
       ('company_0_admin', 104),
       ('company_0_user', 104),
       ('company_0_user_4', 104),
       ('company_0_user_6', 104),
       ('siteadmin', 104),
       ('supportadmin', 104),
       ('supportadmin_ca', 104),
       ('company_0_admin', 105),
       ('company_0_user', 105),
       ('company_0_user_4', 105),
       ('company_0_user_6', 105),
       ('siteadmin', 105),
       ('supportadmin', 105),
       ('company_0_admin', 106),
       ('company_1_role', 106),
       ('company_1_role_10', 106),
       ('siteadmin', 106),
       ('superadmin', 106),
       ('supportadmin', 106),
       ('supportadmin_ca', 106),
       ('company_0_admin', 110),
       ('company_0_user', 110),
       ('company_0_user_4', 110),
       ('company_0_user_6', 110),
       ('siteadmin', 110),
       ('supportadmin', 110),
       ('supportadmin_ca', 110),
       ('company_0_admin', 130),
       ('company_0_crmuser', 130),
       ('company_0_user', 130),
       ('company_0_user_1', 130),
       ('company_0_user_4', 130),
       ('company_0_user_5', 130),
       ('company_0_user_6', 130),
       ('company_1_crmuser', 130),
       ('company_1_role', 130),
       ('company_1_role_10', 130),
       ('company_1_role_11', 130),
       ('company_1_role_12', 130),
       ('company_1_role_3', 130),
       ('company_1_role_4', 130),
       ('company_1_role_5', 130),
       ('company_1_role_6', 130),
       ('company_1_role_7', 130),
       ('company_0_admin', 140),
       ('company_0_employer_client', 140),
       ('company_0_individual_client', 140),
       ('company_0_user', 140),
       ('company_0_user_4', 140),
       ('company_0_user_5', 140),
       ('company_1_employer_client', 140),
       ('company_1_individual_client', 140),
       ('company_1_role', 140),
       ('company_1_role_1', 140),
       ('company_1_role_10', 140),
       ('company_1_role_2', 140),
       ('company_1_role_9', 140),
       ('company_0_admin', 141),
       ('company_0_user', 141),
       ('company_0_user_4', 141),
       ('company_1_role', 141),
       ('company_1_role_1', 141),
       ('company_1_role_10', 141),
       ('company_1_role_2', 141),
       ('company_1_role_9', 141),
       ('company_0_admin', 142),
       ('company_0_user', 142),
       ('company_0_user_4', 142),
       ('company_0_admin', 143),
       ('company_0_user', 143),
       ('company_0_user_4', 143),
       ('company_1_role_1', 143),
       ('company_0_admin', 144),
       ('company_0_employer_client', 144),
       ('company_0_individual_client', 144),
       ('company_0_user', 144),
       ('company_0_user_4', 144),
       ('company_0_user_5', 144),
       ('company_1_employer_client', 144),
       ('company_0_admin', 150),
       ('company_0_user', 150),
       ('company_0_user_1', 150),
       ('company_0_user_4', 150),
       ('company_0_user_5', 150),
       ('company_0_user_6', 150),
       ('company_1_role', 150),
       ('company_1_role_10', 150),
       ('company_1_role_11', 150),
       ('company_1_role_12', 150),
       ('company_1_role_3', 150),
       ('company_1_role_4', 150),
       ('company_1_role_5', 150),
       ('company_1_role_6', 150),
       ('company_1_role_7', 150),
       ('siteadmin', 150),
       ('supportadmin', 150),
       ('supportadmin_ca', 150),
       ('company_0_admin', 160),
       ('company_0_user', 160),
       ('company_0_user_1', 160),
       ('company_0_user_4', 160),
       ('company_0_user_5', 160),
       ('company_0_user_6', 160),
       ('company_1_role', 160),
       ('company_1_role_10', 160),
       ('company_1_role_11', 160),
       ('company_1_role_12', 160),
       ('company_1_role_3', 160),
       ('company_1_role_4', 160),
       ('company_1_role_5', 160),
       ('company_1_role_6', 160),
       ('company_1_role_7', 160),
       ('siteadmin', 160),
       ('supportadmin', 160),
       ('supportadmin_ca', 160),
       ('company_0_admin', 170),
       ('company_0_crmuser', 170),
       ('company_0_user', 170),
       ('company_0_user_1', 170),
       ('company_0_user_4', 170),
       ('company_0_user_5', 170),
       ('company_0_user_6', 170),
       ('company_1_crmuser', 170),
       ('company_1_role', 170),
       ('company_1_role_10', 170),
       ('company_1_role_11', 170),
       ('company_1_role_12', 170),
       ('company_1_role_3', 170),
       ('company_1_role_4', 170),
       ('company_1_role_5', 170),
       ('company_1_role_6', 170),
       ('company_1_role_7', 170),
       ('company_0_admin', 175),
       ('company_0_user', 175),
       ('company_0_user_1', 175),
       ('company_0_user_4', 175),
       ('company_0_user_5', 175),
       ('company_0_user_6', 175),
       ('company_0_admin', 180),
       ('company_0_crmuser', 180),
       ('company_0_user', 180),
       ('company_0_user_1', 180),
       ('company_0_user_4', 180),
       ('company_0_user_5', 180),
       ('company_0_user_6', 180),
       ('company_1_crmuser', 180),
       ('company_1_role', 180),
       ('company_1_role_10', 180),
       ('company_1_role_11', 180),
       ('company_1_role_12', 180),
       ('company_1_role_3', 180),
       ('company_1_role_4', 180),
       ('company_1_role_5', 180),
       ('company_1_role_6', 180),
       ('company_1_role_7', 180),
       ('siteadmin', 180),
       ('supportadmin', 180),
       ('supportadmin_ca', 180),
       ('company_0_admin', 181),
       ('company_0_crmuser', 181),
       ('company_0_user', 181),
       ('company_0_user_1', 181),
       ('company_0_user_4', 181),
       ('company_0_user_5', 181),
       ('company_0_user_6', 181),
       ('company_1_crmuser', 181),
       ('company_1_role', 181),
       ('company_1_role_11', 181),
       ('company_1_role_12', 181),
       ('company_1_role_3', 181),
       ('company_1_role_4', 181),
       ('company_1_role_5', 181),
       ('company_1_role_6', 181),
       ('company_1_role_7', 181),
       ('siteadmin', 181),
       ('supportadmin', 181),
       ('supportadmin_ca', 181),
       ('company_0_admin', 190),
       ('company_0_crmuser', 190),
       ('company_0_employer_client', 190),
       ('company_0_individual_client', 190),
       ('company_0_user', 190),
       ('company_0_user_1', 190),
       ('company_0_user_4', 190),
       ('company_0_user_5', 190),
       ('company_0_user_6', 190),
       ('company_1_crmuser', 190),
       ('company_1_employer_client', 190),
       ('guest', 192),
       ('company_0_admin', 200),
       ('company_0_user', 200),
       ('company_0_user_1', 200),
       ('company_0_user_4', 200),
       ('company_0_user_5', 200),
       ('company_0_admin', 201),
       ('company_0_user', 201),
       ('company_0_user_1', 201),
       ('company_0_user_4', 201),
       ('company_0_user_5', 201),
       ('company_0_admin', 210),
       ('company_0_user', 210),
       ('company_0_user_1', 210),
       ('company_0_user_4', 210),
       ('company_0_user_5', 210),
       ('company_0_user_6', 210),
       ('company_1_role', 210),
       ('company_1_role_10', 210),
       ('company_1_role_11', 210),
       ('company_1_role_12', 210),
       ('company_1_role_3', 210),
       ('company_1_role_4', 210),
       ('company_1_role_5', 210),
       ('company_1_role_6', 210),
       ('company_1_role_7', 210),
       ('siteadmin', 210),
       ('superadmin', 210),
       ('supportadmin', 210),
       ('supportadmin_ca', 210),
       ('company_0_admin', 220),
       ('company_0_employer_client', 220),
       ('company_0_individual_client', 220),
       ('company_0_user', 220),
       ('company_0_user_1', 220),
       ('company_0_user_4', 220),
       ('company_0_user_5', 220),
       ('company_0_user_6', 220),
       ('company_1_employer_client', 220),
       ('guest', 300),
       ('company_0_admin', 400),
       ('company_0_user', 400),
       ('company_0_user_1', 400),
       ('company_0_user_4', 400),
       ('company_0_user_6', 400),
       ('company_0_admin', 401),
       ('company_0_user', 401),
       ('company_0_user_1', 401),
       ('company_0_user_4', 401),
       ('company_0_user_6', 401),
       ('company_0_admin', 402),
       ('company_0_user', 402),
       ('company_0_user_4', 402),
       ('company_0_user_6', 402),
       ('company_0_admin', 403),
       ('company_0_user', 403),
       ('company_0_user_1', 403),
       ('company_0_user_4', 403),
       ('company_0_user_6', 403),
       ('company_0_admin', 500),
       ('company_0_user', 500),
       ('company_0_user_1', 500),
       ('company_0_user_4', 500),
       ('company_0_user_5', 500),
       ('company_0_user_6', 500),
       ('company_1_individual_client', 500),
       ('company_1_role', 500),
       ('company_1_role_1', 500),
       ('company_1_role_10', 500),
       ('company_1_role_11', 500),
       ('company_1_role_12', 500),
       ('company_1_role_2', 500),
       ('company_1_role_3', 500),
       ('company_1_role_4', 500),
       ('company_1_role_5', 500),
       ('company_1_role_6', 500),
       ('company_1_role_7', 500),
       ('company_1_role_8', 500),
       ('company_1_role_9', 500),
       ('siteadmin', 500),
       ('superadmin', 500),
       ('supportadmin', 500),
       ('supportadmin_ca', 500),
       ('company_0_admin', 1000),
       ('company_1_role', 1000),
       ('siteadmin', 1000),
       ('supportadmin', 1000),
       ('company_0_admin', 1010),
       ('company_1_role', 1010),
       ('siteadmin', 1010),
       ('supportadmin', 1010),
       ('supportadmin_ca', 1010),
       ('company_0_admin', 1011),
       ('company_1_role', 1011),
       ('siteadmin', 1011),
       ('supportadmin', 1011),
       ('company_0_admin', 1012),
       ('company_1_role', 1012),
       ('siteadmin', 1012),
       ('supportadmin', 1012),
       ('supportadmin_ca', 1012),
       ('company_0_admin', 1013),
       ('company_1_role', 1013),
       ('siteadmin', 1013),
       ('supportadmin', 1013),
       ('company_0_admin', 1014),
       ('company_1_role', 1014),
       ('siteadmin', 1014),
       ('superadmin', 1014),
       ('supportadmin', 1014),
       ('company_0_admin', 1030),
       ('company_1_role', 1030),
       ('company_1_role_1', 1030),
       ('supportadmin_ca', 1030),
       ('company_0_admin', 1031),
       ('company_1_role', 1031),
       ('company_1_role_1', 1031),
       ('company_0_admin', 1032),
       ('company_1_role', 1032),
       ('company_1_role_1', 1032),
       ('supportadmin_ca', 1032),
       ('company_0_admin', 1033),
       ('company_1_role', 1033),
       ('company_1_role_1', 1033),
       ('company_0_admin', 1034),
       ('company_1_role', 1034),
       ('company_1_role_1', 1034),
       ('siteadmin', 1034),
       ('superadmin', 1034),
       ('supportadmin', 1034),
       ('company_1_role', 1035),
       ('company_1_role_1', 1035),
       ('supportadmin_ca', 1035),
       ('company_0_admin', 1040),
       ('company_1_role', 1040),
       ('company_1_role_1', 1040),
       ('siteadmin', 1040),
       ('supportadmin', 1040),
       ('supportadmin_ca', 1040),
       ('company_0_admin', 1042),
       ('company_1_role', 1042),
       ('supportadmin_ca', 1042),
       ('company_1_role', 1044),
       ('siteadmin', 1047),
       ('supportadmin', 1047),
       ('supportadmin_ca', 1047),
       ('siteadmin', 1048),
       ('superadmin', 1048),
       ('supportadmin', 1048),
       ('company_1_role', 1049),
       ('company_0_admin', 1050),
       ('company_1_role', 1050),
       ('company_0_admin', 1051),
       ('company_1_role', 1051),
       ('company_0_admin', 1052),
       ('company_1_role', 1052),
       ('company_0_admin', 1053),
       ('company_1_role', 1053),
       ('company_0_admin', 1054),
       ('company_1_role', 1054),
       ('siteadmin', 1061),
       ('superadmin', 1061),
       ('supportadmin', 1061),
       ('siteadmin', 1070),
       ('supportadmin', 1070),
       ('siteadmin', 1080),
       ('supportadmin', 1080),
       ('siteadmin', 1090),
       ('supportadmin', 1090),
       ('supportadmin_ca', 1100),
       ('company_0_admin', 1120),
       ('company_1_role', 1120),
       ('siteadmin', 1120),
       ('supportadmin', 1120),
       ('siteadmin', 1140),
       ('supportadmin', 1140),
       ('company_0_admin', 1190),
       ('siteadmin', 1190),
       ('supportadmin', 1190),
       ('supportadmin_ca', 1230),
       ('company_0_admin', 1290),
       ('company_1_role', 1310),
       ('company_0_admin', 1311),
       ('company_1_role', 1311),
       ('siteadmin', 1360),
       ('superadmin', 1360),
       ('supportadmin', 1360),
       ('supportadmin_ca', 1360),
       ('siteadmin', 1390),
       ('superadmin', 1390),
       ('supportadmin', 1390),
       ('company_0_admin', 1410),
       ('company_1_role', 1410),
       ('company_0_admin', 1411),
       ('company_1_role', 1411),
       ('supportadmin_ca', 1420),
       ('supportadmin_ca', 1430),
       ('siteadmin', 1440),
       ('superadmin', 1440),
       ('supportadmin', 1440),
       ('supportadmin_ca', 1440),
       ('siteadmin', 1441),
       ('superadmin', 1441),
       ('supportadmin', 1441),
       ('supportadmin_ca', 1441),
       ('siteadmin', 1442),
       ('superadmin', 1442),
       ('supportadmin', 1442),
       ('supportadmin_ca', 1442),
       ('siteadmin', 1450),
       ('superadmin', 1450),
       ('supportadmin', 1450),
       ('supportadmin_ca', 1450),
       ('company_0_admin', 2210),
       ('siteadmin', 2210),
       ('superadmin', 2210),
       ('supportadmin', 2210),
       ('supportadmin_ca', 2210),
       ('superadmin', 2211),
       ('superadmin', 2212),
       ('superadmin', 2213),
       ('superadmin', 2214),
       ('company_0_admin', 2215),
       ('company_1_role', 2215),
       ('company_0_admin', 2216),
       ('company_1_role', 2216),
       ('siteadmin', 2216),
       ('superadmin', 2216),
       ('supportadmin', 2216),
       ('supportadmin_ca', 2216),
       ('company_0_admin', 2217),
       ('company_0_admin', 2218),
       ('company_0_user', 2218),
       ('company_0_user_1', 2218),
       ('company_0_user_4', 2218),
       ('company_0_user_5', 2218),
       ('company_0_user_6', 2218),
       ('company_1_role', 2218),
       ('company_1_role_10', 2218),
       ('company_1_role_12', 2218),
       ('company_1_role_5', 2218),
       ('company_0_admin', 2219),
       ('company_0_user', 2219),
       ('company_0_user_1', 2219),
       ('company_0_user_4', 2219),
       ('company_0_user_5', 2219),
       ('company_0_user_6', 2219),
       ('company_1_role', 2219),
       ('company_1_role_11', 2219),
       ('company_1_role_12', 2219),
       ('company_1_role_3', 2219),
       ('company_1_role_4', 2219),
       ('company_1_role_5', 2219),
       ('company_1_role_6', 2219),
       ('company_1_role_7', 2219),
       ('company_0_admin', 2220),
       ('company_0_user', 2220),
       ('company_0_user_1', 2220),
       ('company_0_user_4', 2220),
       ('company_0_user_5', 2220),
       ('company_0_user_6', 2220),
       ('company_1_role', 2220),
       ('company_1_role_12', 2220),
       ('company_1_role_5', 2220),
       ('company_0_admin', 2221),
       ('company_0_user', 2221),
       ('company_0_user_1', 2221),
       ('company_0_user_4', 2221),
       ('company_0_user_5', 2221),
       ('company_0_user_6', 2221),
       ('company_1_role', 2221),
       ('company_1_role_1', 2221),
       ('company_1_role_10', 2221),
       ('company_1_role_11', 2221),
       ('company_1_role_2', 2221),
       ('company_1_role_3', 2221),
       ('company_1_role_4', 2221),
       ('company_1_role_6', 2221),
       ('company_1_role_7', 2221),
       ('company_1_role_9', 2221),
       ('company_0_admin', 2222),
       ('company_0_user', 2222),
       ('company_0_user_1', 2222),
       ('company_0_user_4', 2222),
       ('company_0_user_5', 2222),
       ('company_0_user_6', 2222),
       ('company_1_role', 2222),
       ('company_1_role_11', 2222),
       ('company_1_role_12', 2222),
       ('company_1_role_3', 2222),
       ('company_1_role_4', 2222),
       ('company_1_role_5', 2222),
       ('company_1_role_6', 2222),
       ('company_1_role_7', 2222),
       ('company_0_admin', 2223),
       ('company_0_user', 2223),
       ('company_0_user_1', 2223),
       ('company_0_user_4', 2223),
       ('company_0_user_5', 2223),
       ('company_0_user_6', 2223),
       ('company_1_role', 2223),
       ('company_1_role_11', 2223),
       ('company_1_role_12', 2223),
       ('company_1_role_3', 2223),
       ('company_1_role_4', 2223),
       ('company_1_role_5', 2223),
       ('company_1_role_6', 2223),
       ('company_1_role_7', 2223),
       ('company_0_admin', 2224),
       ('company_0_user', 2224),
       ('company_0_user_1', 2224),
       ('company_0_user_4', 2224),
       ('company_0_user_5', 2224),
       ('company_0_user_6', 2224),
       ('company_1_role', 2224),
       ('company_0_admin', 2225),
       ('company_0_user', 2225),
       ('company_0_user_1', 2225),
       ('company_0_user_4', 2225),
       ('company_0_user_5', 2225),
       ('company_0_user_6', 2225),
       ('company_1_role', 2225),
       ('company_0_admin', 2226),
       ('company_0_user', 2226),
       ('company_0_user_1', 2226),
       ('company_0_user_4', 2226),
       ('company_0_user_5', 2226),
       ('company_0_user_6', 2226),
       ('company_1_role', 2226),
       ('company_1_role_11', 2226),
       ('company_1_role_12', 2226),
       ('company_1_role_3', 2226),
       ('company_1_role_4', 2226),
       ('company_1_role_5', 2226),
       ('company_1_role_6', 2226),
       ('company_1_role_7', 2226),
       ('company_0_admin', 2227),
       ('company_1_role', 2227),
       ('siteadmin', 2227),
       ('supportadmin', 2227),
       ('supportadmin_ca', 2227),
       ('company_0_admin', 2228),
       ('company_1_role', 2228),
       ('company_1_role_1', 2228),
       ('siteadmin', 2228),
       ('supportadmin', 2228),
       ('supportadmin_ca', 2228),
       ('company_0_admin', 2229),
       ('company_1_role', 2229),
       ('siteadmin', 2229),
       ('supportadmin', 2229),
       ('supportadmin_ca', 2229),
       ('company_1_role', 2230),
       ('company_1_role_1', 2230),
       ('company_1_role_11', 2230),
       ('company_1_role_12', 2230),
       ('company_1_role_3', 2230),
       ('company_1_role_4', 2230),
       ('company_1_role_5', 2230),
       ('company_1_role_6', 2230),
       ('company_1_role_7', 2230),
       ('company_1_role', 2231),
       ('company_1_role_1', 2231),
       ('company_1_role_11', 2231),
       ('company_1_role_12', 2231),
       ('company_1_role_3', 2231),
       ('company_1_role_4', 2231),
       ('company_1_role_5', 2231),
       ('company_1_role_6', 2231),
       ('company_1_role_7', 2231),
       ('siteadmin', 2233),
       ('superadmin', 2233),
       ('supportadmin', 2233),
       ('supportadmin_ca', 2233),
       ('supportadmin_ca', 2234),
       ('company_1_role', 2235),
       ('company_1_role_11', 2235),
       ('company_1_role_12', 2235),
       ('company_1_role_5', 2235),
       ('company_1_role_7', 2235),
       ('company_0_admin', 2242),
       ('company_1_role', 2242),
       ('company_1_role_1', 2242),
       ('supportadmin_ca', 2242),
       ('company_0_admin', 2243),
       ('company_1_role', 2243),
       ('company_1_role_1', 2243),
       ('supportadmin_ca', 2243),
       ('company_0_admin', 2244),
       ('company_1_role', 2244),
       ('company_1_role_1', 2244),
       ('supportadmin_ca', 2244),
       ('company_0_admin', 2245),
       ('company_1_role', 2245),
       ('company_1_role_1', 2245),
       ('supportadmin_ca', 2245),
       ('company_0_admin', 2246),
       ('company_1_role', 2246),
       ('company_1_role_1', 2246),
       ('supportadmin_ca', 2246),
       ('company_0_admin', 2247),
       ('company_1_role', 2247),
       ('company_1_role_1', 2247),
       ('supportadmin_ca', 2247),
       ('company_0_admin', 2248),
       ('company_1_role', 2248),
       ('company_1_role_1', 2248),
       ('supportadmin_ca', 2248),
       ('company_0_admin', 2249),
       ('company_1_role', 2249),
       ('supportadmin_ca', 2249),
       ('company_0_admin', 2250),
       ('company_1_role', 2250),
       ('supportadmin_ca', 2250),
       ('company_0_admin', 2251),
       ('company_1_role', 2251),
       ('supportadmin_ca', 2251),
       ('company_0_admin', 2252),
       ('company_1_role', 2252),
       ('supportadmin_ca', 2252),
       ('company_0_admin', 2253),
       ('company_1_role', 2253),
       ('supportadmin_ca', 2253),
       ('company_0_admin', 2254),
       ('company_1_role', 2254),
       ('supportadmin_ca', 2254),
       ('company_0_admin', 2255),
       ('company_1_role', 2255),
       ('supportadmin_ca', 2255),
       ('company_0_admin', 2256),
       ('company_0_user', 2256),
       ('company_0_user_1', 2256),
       ('company_0_user_4', 2256),
       ('company_0_user_6', 2256),
       ('company_0_admin', 2257),
       ('company_0_user', 2257),
       ('company_0_user_1', 2257),
       ('company_0_user_4', 2257),
       ('company_0_user_6', 2257),
       ('company_0_admin', 2258),
       ('company_0_user', 2258),
       ('company_0_user_1', 2258),
       ('company_0_user_4', 2258),
       ('company_0_user_6', 2258),
       ('company_0_admin', 2259),
       ('company_0_employer_client', 2259),
       ('company_0_individual_client', 2259),
       ('company_0_user', 2259),
       ('company_0_user_1', 2259),
       ('company_0_user_4', 2259),
       ('company_0_user_5', 2259),
       ('company_0_user_6', 2259),
       ('company_1_employer_client', 2259),
       ('company_1_individual_client', 2259),
       ('company_1_role', 2259),
       ('company_1_role_1', 2259),
       ('company_1_role_10', 2259),
       ('company_1_role_11', 2259),
       ('company_1_role_12', 2259),
       ('company_1_role_2', 2259),
       ('company_1_role_3', 2259),
       ('company_1_role_4', 2259),
       ('company_1_role_5', 2259),
       ('company_1_role_6', 2259),
       ('company_1_role_7', 2259),
       ('company_1_role_8', 2259),
       ('company_1_role_9', 2259),
       ('siteadmin', 2259),
       ('supportadmin', 2259),
       ('supportadmin_ca', 2259),
       ('company_0_admin', 2260),
       ('company_0_employer_client', 2260),
       ('company_0_individual_client', 2260),
       ('company_0_user', 2260),
       ('company_0_user_1', 2260),
       ('company_0_user_4', 2260),
       ('company_0_user_5', 2260),
       ('company_0_user_6', 2260),
       ('company_1_employer_client', 2260),
       ('company_1_individual_client', 2260),
       ('company_1_role', 2260),
       ('company_1_role_1', 2260),
       ('company_1_role_10', 2260),
       ('company_1_role_11', 2260),
       ('company_1_role_12', 2260),
       ('company_1_role_2', 2260),
       ('company_1_role_3', 2260),
       ('company_1_role_4', 2260),
       ('company_1_role_5', 2260),
       ('company_1_role_6', 2260),
       ('company_1_role_7', 2260),
       ('company_1_role_8', 2260),
       ('company_1_role_9', 2260),
       ('siteadmin', 2260),
       ('supportadmin', 2260),
       ('supportadmin_ca', 2260),
       ('company_0_admin', 2261),
       ('company_0_employer_client', 2261),
       ('company_0_individual_client', 2261),
       ('company_0_user', 2261),
       ('company_0_user_1', 2261),
       ('company_0_user_4', 2261),
       ('company_0_user_5', 2261),
       ('company_0_user_6', 2261),
       ('company_1_employer_client', 2261),
       ('company_1_individual_client', 2261),
       ('company_1_role', 2261),
       ('company_1_role_1', 2261),
       ('company_1_role_10', 2261),
       ('company_1_role_11', 2261),
       ('company_1_role_12', 2261),
       ('company_1_role_2', 2261),
       ('company_1_role_3', 2261),
       ('company_1_role_4', 2261),
       ('company_1_role_5', 2261),
       ('company_1_role_6', 2261),
       ('company_1_role_7', 2261),
       ('company_1_role_8', 2261),
       ('company_1_role_9', 2261),
       ('siteadmin', 2261),
       ('supportadmin', 2261),
       ('supportadmin_ca', 2261),
       ('company_0_admin', 2262),
       ('company_0_employer_client', 2262),
       ('company_0_individual_client', 2262),
       ('company_0_user', 2262),
       ('company_0_user_1', 2262),
       ('company_0_user_4', 2262),
       ('company_0_user_5', 2262),
       ('company_0_user_6', 2262),
       ('company_1_employer_client', 2262),
       ('company_1_individual_client', 2262),
       ('company_1_role', 2262),
       ('company_1_role_1', 2262),
       ('company_1_role_10', 2262),
       ('company_1_role_11', 2262),
       ('company_1_role_12', 2262),
       ('company_1_role_2', 2262),
       ('company_1_role_3', 2262),
       ('company_1_role_4', 2262),
       ('company_1_role_5', 2262),
       ('company_1_role_6', 2262),
       ('company_1_role_7', 2262),
       ('company_1_role_8', 2262),
       ('company_1_role_9', 2262),
       ('siteadmin', 2262),
       ('supportadmin', 2262),
       ('supportadmin_ca', 2262),
       ('company_0_admin', 2263),
       ('company_0_employer_client', 2263),
       ('company_0_individual_client', 2263),
       ('company_0_user', 2263),
       ('company_0_user_1', 2263),
       ('company_0_user_4', 2263),
       ('company_0_user_5', 2263),
       ('company_0_user_6', 2263),
       ('company_1_employer_client', 2263),
       ('company_1_individual_client', 2263),
       ('company_1_role', 2263),
       ('company_1_role_1', 2263),
       ('company_1_role_10', 2263),
       ('company_1_role_11', 2263),
       ('company_1_role_12', 2263),
       ('company_1_role_2', 2263),
       ('company_1_role_3', 2263),
       ('company_1_role_4', 2263),
       ('company_1_role_5', 2263),
       ('company_1_role_6', 2263),
       ('company_1_role_7', 2263),
       ('company_1_role_8', 2263),
       ('company_1_role_9', 2263),
       ('siteadmin', 2263),
       ('supportadmin', 2263),
       ('supportadmin_ca', 2263),
       ('company_0_admin', 2264),
       ('company_0_employer_client', 2264),
       ('company_0_individual_client', 2264),
       ('company_0_user', 2264),
       ('company_0_user_1', 2264),
       ('company_0_user_4', 2264),
       ('company_0_user_5', 2264),
       ('company_0_user_6', 2264),
       ('company_1_employer_client', 2264),
       ('company_1_individual_client', 2264),
       ('company_1_role', 2264),
       ('company_1_role_1', 2264),
       ('company_1_role_10', 2264),
       ('company_1_role_11', 2264),
       ('company_1_role_12', 2264),
       ('company_1_role_2', 2264),
       ('company_1_role_3', 2264),
       ('company_1_role_4', 2264),
       ('company_1_role_5', 2264),
       ('company_1_role_6', 2264),
       ('company_1_role_7', 2264),
       ('company_1_role_8', 2264),
       ('company_1_role_9', 2264),
       ('siteadmin', 2264),
       ('supportadmin', 2264),
       ('supportadmin_ca', 2264),
       ('company_0_admin', 2265),
       ('company_0_user', 2265),
       ('company_0_user_1', 2265),
       ('company_0_user_4', 2265),
       ('company_0_user_6', 2265),
       ('company_0_admin', 2266),
       ('company_0_user', 2266),
       ('company_0_user_1', 2266),
       ('company_0_user_4', 2266),
       ('company_0_user_6', 2266),
       ('company_0_admin', 2267),
       ('company_0_user', 2267),
       ('company_0_user_1', 2267),
       ('company_0_user_4', 2267),
       ('company_0_user_6', 2267),
       ('company_0_admin', 2268),
       ('company_0_user', 2268),
       ('company_0_user_1', 2268),
       ('company_0_user_4', 2268),
       ('company_0_user_6', 2268),
       ('company_0_admin', 2269),
       ('company_0_user', 2269),
       ('company_0_user_1', 2269),
       ('company_0_user_4', 2269),
       ('company_0_user_6', 2269),
       ('company_0_admin', 2270),
       ('company_0_user', 2270),
       ('company_0_user_1', 2270),
       ('company_0_user_4', 2270),
       ('company_0_user_6', 2270),
       ('siteadmin', 2271),
       ('supportadmin', 2271),
       ('company_0_admin', 2273),
       ('company_0_user', 2273),
       ('company_0_user_1', 2273),
       ('company_0_user_4', 2273),
       ('company_0_user_5', 2273),
       ('company_0_admin', 2274),
       ('company_0_user', 2274),
       ('company_0_user_1', 2274),
       ('company_0_user_4', 2274),
       ('company_0_user_5', 2274),
       ('company_0_admin', 2275),
       ('company_0_user', 2275),
       ('company_0_user_1', 2275),
       ('company_0_user_4', 2275),
       ('company_0_user_5', 2275),
       ('company_0_admin', 2276),
       ('company_0_user', 2276),
       ('company_0_user_1', 2276),
       ('company_0_user_4', 2276),
       ('company_0_user_5', 2276),
       ('company_0_admin', 2277),
       ('company_0_user', 2277),
       ('company_0_user_1', 2277),
       ('company_0_user_4', 2277),
       ('company_0_user_5', 2277),
       ('company_0_admin', 2278),
       ('company_0_user', 2278),
       ('company_0_user_1', 2278),
       ('company_0_user_4', 2278),
       ('company_0_user_5', 2278),
       ('company_0_admin', 2279),
       ('company_0_user', 2279),
       ('company_0_user_1', 2279),
       ('company_0_user_4', 2279),
       ('company_0_user_5', 2279),
       ('company_0_admin', 2280),
       ('company_0_user', 2280),
       ('company_0_user_1', 2280),
       ('company_0_user_4', 2280),
       ('company_0_user_5', 2280),
       ('company_0_admin', 2281),
       ('company_0_user', 2281),
       ('company_0_user_1', 2281),
       ('company_0_user_4', 2281),
       ('company_0_user_5', 2281),
       ('company_0_admin', 2282),
       ('company_0_user', 2282),
       ('company_0_user_1', 2282),
       ('company_0_user_4', 2282),
       ('company_0_user_5', 2282),
       ('company_0_admin', 2283),
       ('company_0_user', 2283),
       ('company_0_user_1', 2283),
       ('company_0_user_4', 2283),
       ('company_0_user_5', 2283),
       ('company_0_admin', 2284),
       ('company_0_user', 2284),
       ('company_0_user_1', 2284),
       ('company_0_user_4', 2284),
       ('company_0_user_5', 2284),
       ('company_0_admin', 2295),
       ('company_0_employer_client', 2295),
       ('company_0_user', 2295),
       ('company_0_user_1', 2295),
       ('company_0_user_4', 2295),
       ('company_0_user_5', 2295),
       ('company_0_user_6', 2295),
       ('company_1_employer_client', 2295),
       ('company_1_role', 2295),
       ('company_1_role_10', 2295),
       ('company_1_role_11', 2295),
       ('company_1_role_12', 2295),
       ('company_1_role_3', 2295),
       ('company_1_role_4', 2295),
       ('company_1_role_5', 2295),
       ('company_1_role_6', 2295),
       ('company_1_role_7', 2295),
       ('siteadmin', 2295),
       ('supportadmin', 2295),
       ('company_0_admin', 2296),
       ('company_0_user', 2296),
       ('company_0_user_1', 2296),
       ('company_0_user_4', 2296),
       ('company_0_user_5', 2296),
       ('company_0_user_6', 2296),
       ('company_1_role', 2296),
       ('company_1_role_10', 2296),
       ('company_1_role_11', 2296),
       ('company_1_role_12', 2296),
       ('company_1_role_3', 2296),
       ('company_1_role_4', 2296),
       ('company_1_role_5', 2296),
       ('company_1_role_6', 2296),
       ('company_1_role_7', 2296),
       ('siteadmin', 2296),
       ('superadmin', 2296),
       ('supportadmin', 2296),
       ('supportadmin_ca', 2296),
       ('company_0_admin', 2297),
       ('company_0_user', 2297),
       ('company_0_user_1', 2297),
       ('company_0_user_4', 2297),
       ('company_0_user_5', 2297);

-- --------------------------------------------------------

--
-- Table structure for table `acl_rules`
--

CREATE TABLE `acl_rules`
(
    `rule_id`          int(11)        NOT NULL,
    `rule_parent_id`   int(11)                 DEFAULT NULL,
    `module_id`        varchar(50)    NOT NULL,
    `rule_description` varchar(100)   NOT NULL,
    `rule_check_id`    varchar(100)   NOT NULL,
    `superadmin_only`  tinyint(1)     NOT NULL DEFAULT '0',
    `crm_only`         enum ('Y','N') NOT NULL DEFAULT 'N',
    `rule_visible`     tinyint(1)     NOT NULL DEFAULT '0',
    `rule_order`       int(11)        NOT NULL DEFAULT '0'
) ENGINE = InnoDB
  DEFAULT CHARSET = utf8 COMMENT ='Access rights to all parts of the web site are described here. Each access right can be dynamic, so real access will be checked by rule_check_id option (if enabled for specific role).';

--
-- Dumping data for table `acl_rules`
--

INSERT INTO `acl_rules` (`rule_id`, `rule_parent_id`, `module_id`, `rule_description`, `rule_check_id`,
                         `superadmin_only`, `crm_only`, `rule_visible`, `rule_order`)
VALUES (1, NULL, 'default', 'Default access rights in default module', 'access-to-default', 0, 'N', 0, 0),
       (2, NULL, 'superadmin', 'Default access rights in superadmin module', 'access-to-superadmin', 0, 'N', 0, 0),
       (3, NULL, '', 'Default full access to whole web site', 'whole-web-site', 0, 'N', 0, 0),
       (4, NULL, 'superadmin', 'Admin Tab', 'admin-view', 0, 'N', 1, 0),
       (5, NULL, 'default', 'Staff Tabs', 'staff-tabs-view', 0, 'Y', 1, 0),
       (6, 5, 'default', 'Home page', 'index-view', 0, 'Y', 1, 2),
       (7, 6, 'notes', 'Notes on Homepage', 'user-notes-view', 0, 'Y', 1, 0),
       (10, 5, 'clients', 'Clients', 'clients-view', 0, 'N', 1, 4),
       (11, 10, 'clients', 'Change/Save Profile', 'clients-profile-edit', 0, 'N', 1, 6),
       (12, 10, 'clients', 'Delete client', 'clients-profile-delete', 0, 'N', 1, 2),
       (13, 10, 'clients', 'New Client', 'clients-profile-new', 0, 'N', 1, 4),
       (20, 10, 'clients', 'Employer Client Login', 'clients-employer-client-login', 0, 'N', 1, 6),
       (21, 10, 'clients', 'Individual Client Login', 'clients-individual-client-login', 0, 'N', 1, 6),
       (25, 10, 'tasks', 'Tasks', 'clients-tasks-view', 0, 'N', 1, 7),
       (30, 10, 'notes', 'Notes and Activities', 'clients-notes-view', 0, 'N', 1, 8),
       (31, 30, 'notes', 'Add Notes', 'clients-notes-add', 0, 'N', 1, 0),
       (32, 30, 'notes', 'Edit Notes', 'clients-notes-edit', 0, 'N', 1, 0),
       (33, 30, 'notes', 'Delete Notes', 'clients-notes-delete', 0, 'N', 1, 0),
       (60, 10, 'clients', 'Client Documents', 'client-documents-view', 0, 'N', 1, 12),
       (61, 4, 'superadmin', 'Client Documents Settings', 'client-documents-settings-view', 0, 'N', 1, 10),
       (70, 10, 'clients', 'Accounting', 'clients-accounting-view', 0, 'N', 1, 14),
       (80, 10, 'clients', 'Time Tracker', 'clients-time-tracker', 0, 'N', 1, 15),
       (81, 80, 'clients', 'Popup Time Tracker Dialog', 'clients-time-tracker-popup-dialog', 0, 'N', 1, 16),
       (82, 80, 'clients', 'Show Time Log', 'clients-time-tracker-show', 0, 'N', 1, 17),
       (83, 82, 'clients', 'Time Log Add', 'clients-time-tracker-add', 0, 'N', 1, 18),
       (84, 82, 'clients', 'Time Log Edit', 'clients-time-tracker-edit', 0, 'N', 1, 19),
       (85, 82, 'clients', 'Time Log Delete', 'clients-time-tracker-delete', 0, 'N', 1, 20),
       (90, 10, 'clients', 'Advanced search', 'clients-advanced-search-run', 0, 'N', 1, 21),
       (91, 90, 'clients', 'Export', 'clients-advanced-search-export', 0, 'N', 1, 0),
       (92, 90, 'clients', 'Print', 'clients-advanced-search-print', 0, 'N', 1, 0),
       (95, 10, 'applicants', 'Office/Queue', 'clients-queue-run', 0, 'N', 1, 22),
       (96, 95, 'applicants', 'Export', 'clients-queue-export', 0, 'N', 1, 0),
       (97, 95, 'applicants', 'Print', 'clients-queue-print', 0, 'N', 1, 0),
       (98, 95, 'applicants', 'Push to Office/Queue', 'clients-queue-push-to-queue', 0, 'N', 1, 0),
       (99, 95, 'applicants', 'Change File Status', 'clients-queue-change-file-status', 0, 'N', 1, 0),
       (100, 5, 'documents', 'My Documents', 'my-documents-view', 0, 'Y', 1, 10),
       (101, 110, 'trust-account', 'Client Account History', 'trust-account-history-view', 0, 'N', 1, 0),
       (102, 110, 'trust-account', 'Client Account Import', 'trust-account-import-view', 0, 'N', 1, 0),
       (103, 110, 'trust-account', 'Client Account Assign', 'trust-account-assign-view', 0, 'N', 1, 0),
       (104, 110, 'trust-account', 'Client Account Edit', 'trust-account-edit-view', 0, 'N', 1, 0),
       (105, 110, 'superadmin', 'Client Account Settings', 'trust-account-settings-view', 0, 'N', 1, 0),
       (106, 100, 'documents', 'New Letter on Letterhead', 'new-letter-on-letterhead', 0, 'N', 1, 0),
       (110, 5, 'trust-account', 'Client Account', 'trust-account-view', 0, 'N', 1, 14),
       (130, 6, 'links', 'My Bookmarks', 'links-view', 0, 'Y', 1, 0),
       (140, 10, 'forms', 'Forms', 'forms-view', 0, 'N', 1, 10),
       (141, 140, 'forms', 'Enable Assign Forms', 'forms-assign', 0, 'N', 1, 0),
       (142, 140, 'forms', 'Can Finalize a Form', 'forms-finalize', 0, 'N', 1, 0),
       (143, 140, 'forms', 'Can Lock and Unlock Forms', 'forms-lock-unlock', 0, 'N', 1, 0),
       (144, 140, 'forms', 'Can Complete a Form', 'forms-complete', 0, 'N', 1, 0),
       (150, 5, 'calendar', 'Calendar', 'calendar-view', 0, 'Y', 1, 8),
       (160, 5, 'mail', 'Mail', 'mail-view', 0, 'Y', 1, 6),
       (170, 6, 'news', 'Announcements', 'news-view', 0, 'Y', 1, 0),
       (175, 6, 'rss', 'Immigration News', 'rss-view', 0, 'N', 1, 0),
       (180, 5, 'templates', 'Templates', 'templates-view', 0, 'Y', 1, 12),
       (181, 180, 'templates', 'Manage templates', 'templates-manage', 0, 'N', 1, 0),
       (190, 5, 'help', 'Help', 'help-view', 0, 'Y', 1, 18),
       (191, 5, 'help', 'F.A.Q.', 'faq-view', 0, 'N', 1, 19),
       (192, 5, 'help', 'F.A.Q.', 'faq-public-view', 0, 'N', 0, 20),
       (200, 5, 'prospects', 'Prospects', 'prospects-view', 0, 'N', 1, 20),
       (201, 200, 'tasks', 'Tasks', 'prospects-tasks-view', 0, 'N', 1, 21),
       (210, 5, 'tasks', 'My Tasks', 'tasks-view', 0, 'N', 1, 11),
       (220, 10, 'applicants', 'ABN/ACN Check', 'abn-check', 0, 'N', 1, 0),
       (300, 3, 'websites', 'Company Websites', 'websites-view', 0, 'N', 1, 0),
       (400, 5, 'applicants', 'Contacts', 'contacts-view', 0, 'N', 1, 30),
       (401, 400, 'applicants', 'Change/Save Profile', 'contacts-profile-edit', 0, 'N', 1, 31),
       (402, 400, 'applicants', 'Delete Contact', 'contacts-profile-delete', 0, 'N', 1, 32),
       (403, 400, 'applicants', 'New Contact', 'contacts-profile-new', 0, 'N', 1, 33),
       (500, 5, 'profile', 'User Profile', 'user-profile-view', 0, 'N', 1, 34),
       (1000, 4, 'superadmin', 'Change My Password Page', 'admin-mypassword', 0, 'N', 1, 0),
       (1005, 4, 'superadmin', 'PUA Planning', 'pua-planning', 0, 'N', 1, 0),
       (1010, 4, 'superadmin', 'Manage Roles', 'admin-roles-view', 0, 'N', 1, 0),
       (1011, 1010, 'superadmin', 'Add New Roles', 'admin-roles-add', 0, 'N', 1, 0),
       (1012, 1010, 'superadmin', 'View Roles Details', 'admin-roles-view-details', 0, 'N', 1, 0),
       (1013, 1010, 'superadmin', 'Delete Roles', 'admin-roles-delete', 0, 'N', 1, 0),
       (1014, 1012, 'superadmin', 'Edit Roles ', 'admin-roles-edit', 0, 'N', 1, 0),
       (1020, 4, 'superadmin', 'Manage Super Admin Users', 'manage-admin-user-view', 1, 'N', 1, 0),
       (1021, 1020, 'superadmin', 'Add New Super Admin User', 'manage-admin-user-add', 1, 'N', 1, 0),
       (1022, 1020, 'superadmin', 'Edit Super Admin User', 'manage-admin-user-edit', 1, 'N', 1, 0),
       (1023, 1020, 'superadmin', 'Delete Super Admin User', 'manage-admin-user-delete', 1, 'N', 1, 0),
       (1030, 4, 'superadmin', 'Manage Users', 'manage-members', 0, 'N', 1, 0),
       (1031, 1030, 'superadmin', 'Add Users', 'manage-members-add', 0, 'N', 1, 0),
       (1032, 1030, 'superadmin', 'View Users Details', 'manage-members-view-details', 0, 'N', 1, 0),
       (1033, 1030, 'superadmin', 'Delete Users', 'manage-members-delete', 0, 'N', 1, 0),
       (1034, 1032, 'superadmin', 'Edit Users', 'manage-members-edit', 0, 'N', 1, 0),
       (1035, 1032, 'superadmin', 'Change Users Password', 'manage-members-change-password', 0, 'N', 1, 0),
       (1040, 4, 'superadmin', 'Manage Companies', 'manage-company', 0, 'N', 1, 0),
       (1041, 1040, 'superadmin', 'Add Company', 'manage-company-add', 1, 'N', 1, 0),
       (1042, 1040, 'superadmin', 'Edit Company', 'manage-company-edit', 0, 'N', 1, 1),
       (1043, 1040, 'superadmin', 'Delete Company', 'manage-company-delete', 1, 'N', 1, 2),
       (1044, 1040, 'superadmin', 'Login as User/Admin', 'manage-company-as-admin', 0, 'N', 1, 3),
       (1046, 1040, 'superadmin', 'Change Company Status', 'manage-company-change-status', 1, 'N', 1, 4),
       (1047, 1040, 'superadmin', 'View Companies List', 'manage-company-view-companies', 1, 'N', 1, 5),
       (1048, 1040, 'superadmin', 'Manage Company Email', 'manage-company-email', 1, 'N', 1, 0),
       (1049, 1042, 'superadmin', 'Edit Company Extra Details', 'edit-company-extra-details', 0, 'N', 1, 0),
       (1050, 4, 'superadmin', 'Manage Cases fields/groups/layouts', 'manage-groups-view', 0, 'N', 1, 0),
       (1051, 4, 'superadmin', 'Manage Individuals fields/groups/layouts', 'manage-individuals-fields', 0, 'N', 1, 0),
       (1052, 4, 'superadmin', 'Manage Employers fields/groups/layouts', 'manage-employers-fields', 0, 'N', 1, 0),
       (1053, 4, 'superadmin', 'Manage Contacts fields/groups/layouts', 'manage-contacts-fields', 0, 'N', 1, 0),
       (1054, 4, 'superadmin', 'Manage Internals fields/groups/layouts', 'manage-internals-fields', 0, 'N', 1, 0),
       (1060, 4, 'superadmin', 'Manage forms', 'manage-forms-view', 1, 'N', 1, 0),
       (1061, 1060, 'superadmin', 'Manage Landing Pages', 'manage-forms-view-landing-pages', 1, 'N', 1, 0),
       (1070, 4, 'superadmin', 'Announcements', 'manage-news-view', 1, 'N', 1, 0),
       (1080, 4, 'superadmin', 'Shared Templates', 'shared-templates-view', 1, 'N', 1, 0),
       (1090, 4, 'superadmin', 'Default Searches', 'default-searches-view', 1, 'N', 1, 0),
       (1100, 4, 'superadmin', 'Manage Templates', 'faq-view', 1, 'N', 1, 0),
       (1120, 4, 'superadmin', 'Automatic Tasks', 'automatic-reminders', 0, 'N', 1, 0),
       (1130, 4, 'system', 'System', 'system', 1, 'N', 1, 0),
       (1140, 4, 'superadmin', 'Manage Help', 'manage-faq-view', 1, 'N', 1, 0),
       (1150, 4, 'superadmin', 'Manage Prospects', 'manage-prospects', 1, 'N', 1, 0),
       (1160, 5, 'signup', 'Signup', 'signup', 0, 'N', 0, 0),
       (1170, 4, 'superadmin', 'Mail Server Settings', 'smtp-view', 1, 'N', 1, 0),
       (1180, 4, 'superadmin', 'Last Logged In Info', 'last-logged-in-view', 1, 'N', 1, 0),
       (1190, 4, 'superadmin', 'Manage Company Prospects', 'manage-company-prospects', 0, 'N', 1, 0),
       (1200, 4, 'superadmin', 'Manage GST/HST', 'manage-hst', 1, 'N', 1, 0),
       (1210, 4, 'superadmin', 'Manage CMI', 'manage-cmi', 1, 'N', 1, 0),
       (1220, 4, 'superadmin', 'Trial users pricing', 'manage-trial-users-pricing', 1, 'N', 1, 0),
       (1230, 4, 'superadmin', 'Manage PT Invoices', 'manage-invoices', 1, 'N', 1, 0),
       (1240, 4, 'superadmin', 'Manage pricing', 'manage-pricing', 1, 'N', 1, 0),
       (1250, 4, 'superadmin', 'Bad debts log', 'manage-bad-debts-log', 1, 'N', 1, 0),
       (1260, 4, 'superadmin', 'Automated billing log', 'automated-billing-log', 1, 'N', 1, 0),
       (1270, 4, 'superadmin', 'Manage PT Error codes', 'manage-pt-error-codes', 1, 'N', 1, 0),
       (1280, 4, 'superadmin', 'Accounts', 'manage-accounts-view', 1, 'N', 1, 0),
       (1290, 4, 'superadmin', 'Customize Forms', 'forms-default', 0, 'N', 1, 0),
       (1300, 4, 'superadmin', 'Statistics', 'statistics', 1, 'N', 1, 0),
       (1310, 4, 'superadmin', 'Import Clients', 'import-clients-view', 0, 'N', 1, 0),
       (1311, 4, 'superadmin', 'Import Client Notes', 'import-client-notes-view', 0, 'N', 1, 0),
       (1320, 4, 'superadmin', 'Prospects Matching', 'prospects-matching', 1, 'N', 1, 0),
       (1330, 4, 'superadmin', 'Manage RSS feed', 'manage-rss-feed', 1, 'N', 1, 0),
       (1350, 1040, 'superadmin', 'Advanced Search', 'manage-advanced-search', 1, 'N', 1, 0),
       (1360, 1040, 'superadmin', 'Quick Search', 'run-companies-search', 1, 'N', 1, 0),
       (1370, 1040, 'superadmin', 'Export clients, prospects, etc.', 'allow-export', 0, 'N', 1, 0),
       (1380, 4, 'superadmin', 'Manage system variables', 'system-variables', 1, 'N', 1, 0),
       (1390, 4, 'superadmin', 'View Superadmin Tab', 'admin-tab-view', 1, 'N', 1, 0),
       (1400, 4, 'superadmin', 'Company Website', 'company-website', 0, 'N', 1, 0),
       (1410, 4, 'superadmin', 'Access Logs', 'access-logs-view', 0, 'N', 1, 0),
       (1411, 1410, 'superadmin', 'Delete Access Logs', 'access-logs-delete', 0, 'N', 1, 0),
       (1420, 1040, 'superadmin', 'Manage Company Packages', 'manage-company-packages', 1, 'N', 1, 4),
       (1421, 1420, 'superadmin', 'Manage Company Packages Extra Details', 'manage-company-packages-extra-details', 1,
        'N', 1, 0),
       (1430, 1040, 'superadmin', 'Send Mass Email', 'mass-email', 1, 'N', 1, 0),
       (1440, 1040, 'superadmin', 'Manage Company Tickets', 'manage-company-tickets', 1, 'N', 1, 0),
       (1441, 1440, 'superadmin', 'Add Company Tickets', 'manage-company-tickets-add', 1, 'N', 1, 0),
       (1442, 1440, 'superadmin', 'Manage Company Tickets Status', 'manage-company-tickets-status', 1, 'N', 1, 0),
       (1450, 4, 'superadmin', 'Manage Zoho settings', 'zoho-settings', 1, 'N', 1, 0),
       (2000, NULL, 'crm', 'CRM Manage', 'crm-manage', 1, 'Y', 1, 0),
       (2001, 2000, 'crm', 'Manage Users', 'crm-admin', 1, 'Y', 1, 0),
       (2002, 2001, 'crm', 'Define CRM users', 'crm-manage-users', 1, 'Y', 1, 0),
       (2003, 2001, 'crm', 'Define CRM roles', 'crm-manage-roles', 1, 'Y', 1, 0),
       (2010, 2000, 'crm', 'Settings', 'crm-settings', 1, 'Y', 1, 1),
       (2011, 2010, 'crm', 'Change own password', 'crm-manage-own-password', 1, 'Y', 1, 0),
       (2100, 5, 'crm', 'Companies', 'crm-companies-view', 1, 'Y', 1, 3),
       (2101, 2100, 'crm', 'New company', 'crm-companies-add', 1, 'Y', 1, 0),
       (2102, 2100, 'crm', 'Edit company', 'crm-companies-edit', 1, 'Y', 1, 0),
       (2103, 2100, 'crm', 'Delete company', 'crm-companies-delete', 1, 'Y', 1, 0),
       (2200, 5, 'crm', 'Prospects', 'crm-prospects-view', 1, 'Y', 1, 4),
       (2201, 2200, 'crm', 'New prospect', 'crm-prospect-add', 1, 'Y', 1, 0),
       (2202, 2200, 'crm', 'Edit prospect', 'crm-prospect-edit', 1, 'Y', 1, 0),
       (2203, 2200, 'crm', 'Delete prospect', 'crm-prospect-delete', 1, 'Y', 1, 0),
       (2204, 4, 'superadmin', 'Contacts', 'manage-company-contacts-types', 0, 'N', 1, 0),
       (2210, 4, 'superadmin', 'Letterheads', 'manage-letterheads', 0, 'N', 1, 0),
       (2211, 4, 'superadmin', 'Manage Super Admin Roles', 'manage-superadmin-roles', 1, 'N', 1, 0),
       (2212, 2211, 'superadmin', 'Add Super Admin Role', 'manage-superadmin-roles-add', 1, 'N', 1, 0),
       (2213, 2211, 'superadmin', 'Edit Super Admin Role', 'manage-superadmin-roles-edit', 1, 'N', 1, 0),
       (2214, 2211, 'superadmin', 'delete Super Admin Role', 'manage-superadmin-roles-delete', 1, 'N', 1, 0),
       (2215, 25, 'tasks', 'Delete Tasks', 'clients-tasks-delete', 0, 'N', 1, 1),
       (2216, 210, 'tasks', 'Delete Tasks', 'tasks-delete', 0, 'N', 1, 1),
       (2217, 201, 'tasks', 'Delete Tasks', 'prospects-tasks-delete', 0, 'N', 1, 1),
       (2218, 70, 'clients', 'General: Change Currency or Client Account', 'clients-accounting-change-currency', 0, 'N',
        1, 0),
       (2219, 70, 'clients', 'General: Email Case Accounting', 'clients-accounting-email-accounting', 0, 'N', 1, 1),
       (2220, 70, 'clients', 'General: Generate Reports', 'clients-accounting-reports', 0, 'N', 1, 2),
       (2221, 70, 'clients', 'General: Print', 'clients-accounting-print', 0, 'N', 1, 3),
       (2222, 70, 'clients', 'Financial Transactions: Add Fees Due', 'clients-accounting-ft-add-fees-due', 0, 'N', 1,
        4),
       (2223, 70, 'clients', 'Financial Transactions: Add Fees Received', 'clients-accounting-ft-add-fees-received', 0,
        'N', 1, 5),
       (2224, 70, 'clients', 'Financial Transactions: Generate Invoice', 'clients-accounting-ft-generate-invoice', 0,
        'N', 1, 6),
       (2225, 70, 'clients', 'Financial Transactions: Generate Receipt', 'clients-accounting-ft-generate-receipt', 0,
        'N', 1, 7),
       (2226, 70, 'clients', 'Financial Transactions: Error Correction', 'clients-accounting-ft-error-correction', 0,
        'N', 1, 8),
       (2227, 1040, 'superadmin', 'Define Authorised Agents', 'define-authorised-agents', 0, 'N', 1, 4),
       (2228, 1040, 'superadmin', 'Define %office_label%', 'manage-offices', 0, 'N', 1, 5),
       (2229, 1040, 'superadmin', 'Define Case Reference Number Settings', 'manage-case-reference-number-settings', 0,
        'N', 1, 6),
       (2230, 95, 'applicants', 'Change Assigned Staff', 'clients-queue-change-assigned-staff', 0, 'N', 1, 0),
       (2231, 95, 'applicants', 'Change Visa Subclass', 'clients-queue-change-visa-subclass', 0, 'N', 1, 1),
       (2232, 4, 'superadmin', 'BC PNP Import', 'import-bcpnp', 0, 'N', 1, 0),
       (2233, 4, 'superadmin', 'Manage Default Mail Servers', 'manage-default-mail-servers', 1, 'N', 1, 0),
       (2234, 1042, 'superadmin', 'Delete Company Invoices', 'delete-company-invoices', 1, 'N', 1, 1),
       (2235, 10, 'applicants', 'Generate CON', 'generate-con', 0, 'N', 1, 23),
       (2236, 10, 'documents', 'Client Documents Checklist', 'client-documents-checklist-view', 0, 'N', 1, 13),
       (2237, 2236, 'documents', 'Upload Documents', 'client-documents-checklist-upload', 0, 'N', 1, 0),
       (2238, 2236, 'documents', 'Delete Documents', 'client-documents-checklist-delete', 0, 'N', 1, 1),
       (2239, 2236, 'documents', 'Download Documents', 'client-documents-checklist-download', 0, 'N', 1, 2),
       (2240, 2236, 'documents', 'Set Tags', 'client-documents-checklist-change-tags', 0, 'N', 1, 3),
       (2241, 2236, 'documents', 'Reassign File', 'client-documents-checklist-reassign', 0, 'N', 1, 4),
       (2242, 1032, 'superadmin', 'Business Hours', 'manage-members-business-hours', 0, 'N', 1, 0),
       (2243, 2242, 'superadmin', 'View Workdays', 'manage-members-business-hours-workdays-view', 0, 'N', 1, 0),
       (2244, 2242, 'superadmin', 'Update Workdays', 'manage-members-business-hours-workdays-update', 0, 'N', 1, 1),
       (2245, 2242, 'superadmin', 'View Holidays', 'manage-members-business-hours-holidays-view', 0, 'N', 1, 2),
       (2246, 2242, 'superadmin', 'Add Holidays', 'manage-members-business-hours-holidays-add', 0, 'N', 1, 3),
       (2247, 2242, 'superadmin', 'Edit Holidays', 'manage-members-business-hours-holidays-edit', 0, 'N', 1, 4),
       (2248, 2242, 'superadmin', 'Delete Holidays', 'manage-members-business-hours-holidays-delete', 0, 'N', 1, 5),
       (2249, 1042, 'superadmin', 'Business Hours', 'manage-company-business-hours', 0, 'N', 1, 0),
       (2250, 2249, 'superadmin', 'View Workdays', 'manage-company-business-hours-workdays-view', 0, 'N', 1, 0),
       (2251, 2249, 'superadmin', 'Update Workdays', 'manage-company-business-hours-workdays-update', 0, 'N', 1, 1),
       (2252, 2249, 'superadmin', 'View Holidays', 'manage-company-business-hours-holidays-view', 0, 'N', 1, 2),
       (2253, 2249, 'superadmin', 'Add Holidays', 'manage-company-business-hours-holidays-add', 0, 'N', 1, 3),
       (2254, 2249, 'superadmin', 'Edit Holidays', 'manage-company-business-hours-holidays-edit', 0, 'N', 1, 4),
       (2255, 2249, 'superadmin', 'Delete Holidays', 'manage-company-business-hours-holidays-delete', 0, 'N', 1, 5),
       (2256, 400, 'clients', 'Advanced search', 'contacts-advanced-search-run', 0, 'N', 1, 0),
       (2257, 2256, 'applicants', 'Export', 'contacts-advanced-search-export', 0, 'N', 1, 0),
       (2258, 2256, 'applicants', 'Print', 'contacts-advanced-search-print', 0, 'N', 1, 1),
       (2259, 10, 'applicants', 'Analytics', 'applicants-analytics-view', 0, 'N', 1, 21),
       (2260, 2259, 'applicants', 'Add', 'applicants-analytics-add', 0, 'N', 1, 0),
       (2261, 2259, 'applicants', 'Edit', 'applicants-analytics-edit', 0, 'N', 1, 1),
       (2262, 2259, 'applicants', 'Delete', 'applicants-analytics-delete', 0, 'N', 1, 2),
       (2263, 2259, 'applicants', 'Export', 'applicants-analytics-export', 0, 'N', 1, 3),
       (2264, 2259, 'applicants', 'Print', 'applicants-analytics-print', 0, 'N', 1, 4),
       (2265, 400, 'applicants', 'Analytics', 'contacts-analytics-view', 0, 'N', 1, 21),
       (2266, 2265, 'applicants', 'Add', 'contacts-analytics-add', 0, 'N', 1, 0),
       (2267, 2265, 'applicants', 'Edit', 'contacts-analytics-edit', 0, 'N', 1, 1),
       (2268, 2265, 'applicants', 'Delete', 'contacts-analytics-delete', 0, 'N', 1, 2),
       (2269, 2265, 'applicants', 'Export', 'contacts-analytics-export', 0, 'N', 1, 3),
       (2270, 2265, 'applicants', 'Print', 'contacts-analytics-print', 0, 'N', 1, 4),
       (2271, 4, 'superadmin', 'Default Analytics', 'manage-default-analytics', 1, 'N', 1, 0),
       (2272, 4, 'superadmin', 'Marketplace Profiles', 'manage-marketplace', 0, 'N', 1, 0),
       (2273, 200, 'prospects', 'New Prospect', 'prospects-add', 0, 'N', 1, 0),
       (2274, 200, 'prospects', 'Change/Save Profile', 'prospects-edit', 0, 'N', 1, 1),
       (2275, 200, 'prospects', 'Delete Prospect', 'prospects-delete', 0, 'N', 1, 2),
       (2276, 200, 'prospects', 'Convert to Client', 'prospects-convert-to-client', 0, 'N', 1, 3),
       (2277, 200, 'prospects', 'Advanced search', 'prospects-advanced-search-run', 0, 'N', 1, 4),
       (2278, 2277, 'prospects', 'Export', 'prospects-advanced-search-export', 0, 'N', 1, 0),
       (2279, 2277, 'prospects', 'Print', 'prospects-advanced-search-print', 0, 'N', 1, 1),
       (2280, 200, 'prospects', 'Prospect Notes', 'prospects-notes-view', 0, 'N', 1, 5),
       (2281, 2280, 'prospects', 'Add Notes', 'prospects-notes-add', 0, 'N', 1, 0),
       (2282, 2280, 'prospects', 'Edit Notes', 'prospects-notes-edit', 0, 'N', 1, 1),
       (2283, 2280, 'prospects', 'Delete Notes', 'prospects-notes-delete', 0, 'N', 1, 2),
       (2284, 200, 'prospects', 'Prospect Documents', 'prospects-documents', 0, 'N', 1, 6),
       (2285, 5, 'prospects', 'Marketplace', 'marketplace-view', 0, 'N', 1, 25),
       (2286, 2285, 'prospects', 'Convert to Client', 'marketplace-convert-to-client', 0, 'N', 1, 0),
       (2287, 2285, 'prospects', 'Advanced search', 'marketplace-advanced-search-run', 0, 'N', 1, 1),
       (2288, 2287, 'prospects', 'Export', 'marketplace-advanced-search-export', 0, 'N', 1, 0),
       (2289, 2287, 'prospects', 'Print', 'marketplace-advanced-search-print', 0, 'N', 1, 1),
       (2290, 2285, 'prospects', 'Prospect Notes', 'marketplace-notes-view', 0, 'N', 1, 2),
       (2291, 2290, 'prospects', 'Add Notes', 'marketplace-notes-add', 0, 'N', 1, 0),
       (2292, 2290, 'prospects', 'Edit Notes', 'marketplace-notes-edit', 0, 'N', 1, 1),
       (2293, 2290, 'prospects', 'Delete Notes', 'marketplace-notes-delete', 0, 'N', 1, 2),
       (2294, 2285, 'prospects', 'Prospect Documents', 'marketplace-documents', 0, 'N', 1, 3),
       (2295, 25, 'tasks', 'Add Tasks', 'clients-tasks-add', 0, 'N', 1, 0),
       (2296, 210, 'tasks', 'Add Tasks', 'tasks-add', 0, 'N', 1, 0),
       (2297, 201, 'tasks', 'Add Tasks', 'prospects-tasks-add', 0, 'N', 1, 0);

-- --------------------------------------------------------

--
-- Table structure for table `acl_rule_details`
--

CREATE TABLE `acl_rule_details`
(
    `rule_id`            int(11)     NOT NULL,
    `module_id`          varchar(50) NOT NULL,
    `resource_id`        varchar(50) NOT NULL DEFAULT '',
    `resource_privilege` varchar(50) NOT NULL DEFAULT '',
    `rule_allow`         tinyint(1)  NOT NULL DEFAULT '1'
) ENGINE = InnoDB
  DEFAULT CHARSET = utf8 COMMENT ='Each access rule can enable access to specific modules/sections of the web site. This is the place.';

--
-- Dumping data for table `acl_rule_details`
--

INSERT INTO `acl_rule_details` (`rule_id`, `module_id`, `resource_id`, `resource_privilege`, `rule_allow`)
VALUES (1, 'api', 'gv', '', 1),
       (1, 'api', 'index', 'add-company', 1),
       (1, 'api', 'index', 'add-prospect', 1),
       (1, 'api', 'index', 'add-recurring-invoice', 1),
       (1, 'api', 'index', 'check-username', 1),
       (1, 'api', 'index', 'get-clients-list', 1),
       (1, 'api', 'index', 'get-prices', 1),
       (1, 'api', 'index', 'receive-eml-file', 1),
       (1, 'api', 'index', 'register-agent', 1),
       (1, 'api', 'index', 'run-recurring-payments', 1),
       (1, 'api', 'index', 'save-smtp-settings', 1),
       (1, 'api', 'index', 'send-support-request', 1),
       (1, 'api', 'marketplace', '', 1),
       (1, 'api', 'remote', '', 1),
       (1, 'cmi-signup', 'index', '', 1),
       (1, 'companywizard', 'index', '', 1),
       (1, 'default', 'auth', '', 1),
       (1, 'default', 'error', '', 1),
       (1, 'default', 'index', 'cron', 1),
       (1, 'default', 'index', 'privacy', 1),
       (1, 'default', 'index', 'terms', 1),
       (1, 'documents', 'index', 'get-file', 1),
       (1, 'documents', 'index', 'get-image', 1),
       (1, 'documents', 'index', 'get-pdf', 1),
       (1, 'documents', 'index', 'open-pdf', 1),
       (1, 'documents', 'index', 'save-file', 1),
       (1, 'forms', 'sync', '', 1),
       (1, 'freetrial', 'index', '', 1),
       (1, 'prospects', 'index', 'get-file', 1),
       (1, 'prospects', 'index', 'save-file', 1),
       (1, 'qnr', 'index', 'index', 1),
       (1, 'qnr', 'index', 'save', 1),
       (1, 'qnr', 'index', 'search', 1),
       (1, 'signup', 'index', '', 1),
       (1, 'specialoffer', 'index', '', 1),
       (1, 'templates', 'index', 'get-file', 1),
       (1, 'templates', 'index', 'save-letter-template-file', 1),
       (1, 'wizard', 'index', '', 1),
       (2, 'superadmin', 'auth', '', 1),
       (2, 'superadmin', 'error', '', 1),
       (3, 'applicants', 'search', '', 1),
       (3, 'calendar', '', '', 1),
       (3, 'clients', '', '', 1),
       (3, 'crm', '', '', 1),
       (3, 'default', '', '', 1),
       (3, 'documents', '', '', 1),
       (3, 'forms', '', '', 1),
       (3, 'help', '', '', 1),
       (3, 'links', '', '', 1),
       (3, 'mail', '', '', 1),
       (3, 'news', '', '', 1),
       (3, 'notes', '', '', 1),
       (3, 'prospects', '', '', 1),
       (3, 'qnr', '', '', 1),
       (3, 'signup', '', '', 1),
       (3, 'superadmin', '', '', 1),
       (3, 'system', '', '', 1),
       (3, 'tasks', '', '', 1),
       (3, 'templates', '', '', 1),
       (3, 'trust-account', '', '', 1),
       (3, 'websites', '', '', 1),
       (4, 'superadmin', 'index', '', 1),
       (6, 'clients', 'index', 'get-client-company-logo', 1),
       (6, 'default', 'admin', '', 1),
       (6, 'default', 'index', '', 1),
       (6, 'default', 'trial', '', 1),
       (6, 'homepage', 'index', '', 1),
       (7, 'notes', 'index', 'add', 1),
       (7, 'notes', 'index', 'delete', 1),
       (7, 'notes', 'index', 'edit', 1),
       (7, 'notes', 'index', 'get-note', 1),
       (7, 'notes', 'index', 'get-notes-list', 1),
       (10, 'applicants', 'index', '', 1),
       (10, 'applicants', 'profile', 'change-my-password', 1),
       (10, 'applicants', 'profile', 'check-employer-case', 1),
       (10, 'applicants', 'profile', 'get-login-info', 1),
       (10, 'applicants', 'profile', 'get-profile-image', 1),
       (10, 'applicants', 'profile', 'index', 1),
       (10, 'applicants', 'profile', 'load', 1),
       (10, 'applicants', 'profile', 'load-employer-cases-list', 1),
       (10, 'applicants', 'profile', 'load-short-info', 1),
       (10, 'applicants', 'profile', 'view-image', 1),
       (10, 'applicants', 'search', '', 1),
       (10, 'clients', 'index', 'get-sub-tab', 1),
       (11, 'applicants', 'profile', 'delete-file', 1),
       (11, 'applicants', 'profile', 'download-file', 1),
       (11, 'applicants', 'profile', 'generate-case-number', 1),
       (11, 'applicants', 'profile', 'generate-ks-key', 1),
       (11, 'applicants', 'profile', 'get-reference-field-view', 1),
       (11, 'applicants', 'profile', 'get-vevo-country-suggestions', 1),
       (11, 'applicants', 'profile', 'get-vevo-info', 1),
       (11, 'applicants', 'profile', 'link-case-to-employer', 1),
       (11, 'applicants', 'profile', 'save', 1),
       (11, 'applicants', 'profile', 'update-login-info', 1),
       (11, 'applicants', 'profile', 'update-vevo-info', 1),
       (11, 'applicants', 'profile', 'upgrade-subscription-plan', 1),
       (12, 'applicants', 'profile', 'delete', 1),
       (13, 'applicants', 'profile', 'get-vevo-country-suggestions', 1),
       (13, 'applicants', 'profile', 'get-vevo-info', 1),
       (13, 'applicants', 'profile', 'save', 1),
       (13, 'applicants', 'profile', 'update-login-info', 1),
       (13, 'applicants', 'profile', 'update-vevo-info', 1),
       (20, 'applicants', 'index', 'index', 1),
       (21, 'applicants', 'index', 'index', 1),
       (25, 'tasks', 'index', '', 1),
       (30, 'notes', 'index', 'get-note', 1),
       (30, 'notes', 'index', 'get-notes', 1),
       (30, 'notes', 'index', 'get-notes-list', 1),
       (31, 'notes', 'index', 'add', 1),
       (32, 'notes', 'index', 'edit', 1),
       (33, 'notes', 'index', 'delete', 1),
       (60, 'documents', 'index', '', 1),
       (61, 'superadmin', 'client-documents', '', 1),
       (70, 'clients', 'accounting', '', 1),
       (70, 'default', 'tran-page', 'process-payment', 1),
       (70, 'templates', 'index', 'show-pdf', 1),
       (70, 'templates', 'index', 'view-pdf', 1),
       (80, 'clients', 'time-tracker', 'index', 1),
       (80, 'clients', 'time-tracker', 'print', 1),
       (81, 'clients', 'time-tracker', 'create', 1),
       (82, 'clients', 'time-tracker', 'get-list', 1),
       (82, 'clients', 'time-tracker', 'mark-billed', 1),
       (83, 'clients', 'time-tracker', 'add', 1),
       (84, 'clients', 'time-tracker', 'edit', 1),
       (85, 'clients', 'time-tracker', 'delete', 1),
       (90, 'applicants', 'search', 'run-search', 1),
       (91, 'applicants', 'search', 'export-to-excel', 1),
       (92, 'applicants', 'search', 'print', 1),
       (95, 'applicants', 'queue', 'load-queues-with-count', 1),
       (95, 'applicants', 'queue', 'load-settings', 1),
       (95, 'applicants', 'queue', 'run', 1),
       (95, 'applicants', 'queue', 'run-and-get-main-info', 1),
       (95, 'applicants', 'queue', 'save-settings', 1),
       (96, 'applicants', 'queue', 'export-to-excel', 1),
       (97, 'applicants', 'queue', 'print', 1),
       (98, 'applicants', 'queue', 'pull-from-queue', 1),
       (98, 'applicants', 'queue', 'push-to-queue', 1),
       (99, 'applicants', 'queue', 'change-file-status', 1),
       (100, 'documents', 'index', '', 1),
       (101, 'trust-account', 'history', '', 1),
       (102, 'trust-account', 'import', '', 1),
       (103, 'trust-account', 'assign', '', 1),
       (104, 'trust-account', 'edit', '', 1),
       (105, 'superadmin', 'trust-account-settings', '', 1),
       (105, 'superadmin', 'trust-account-settings', 'settings', 1),
       (106, 'documents', 'index', 'get-letterheads-list', 1),
       (110, 'clients', 'accounting', '', 1),
       (110, 'default', 'deposit-types', '', 1),
       (110, 'default', 'destination-account', '', 1),
       (110, 'default', 'withdrawal-types', '', 1),
       (110, 'trust-account', 'index', '', 1),
       (130, 'links', 'index', '', 1),
       (140, 'forms', 'angular-forms', 'load', 1),
       (140, 'forms', 'angular-forms', 'save', 1),
       (140, 'forms', 'forms-folders', 'files', 1),
       (140, 'forms', 'forms-folders', 'list', 1),
       (140, 'forms', 'index', 'delete', 1),
       (140, 'forms', 'index', 'download-revision', 1),
       (140, 'forms', 'index', 'edit-alias', 1),
       (140, 'forms', 'index', 'email', 1),
       (140, 'forms', 'index', 'get-family-members', 1),
       (140, 'forms', 'index', 'list', 1),
       (140, 'forms', 'index', 'load-settings', 1),
       (140, 'forms', 'index', 'open-assigned-pdf', 1),
       (140, 'forms', 'index', 'open-assigned-xfdf', 1),
       (140, 'forms', 'index', 'open-embed-pdf', 1),
       (140, 'forms', 'index', 'open-pdf-and-xfdf', 1),
       (140, 'forms', 'index', 'open-pdf-print', 1),
       (140, 'forms', 'index', 'open-version-pdf', 1),
       (140, 'forms', 'index', 'open-xdp', 1),
       (140, 'forms', 'index', 'open-xod', 1),
       (140, 'forms', 'index', 'print', 1),
       (140, 'forms', 'index', 'search', 1),
       (140, 'forms', 'index', 'stop-immi-submission', 1),
       (140, 'forms', 'index', 'submit-immi', 1),
       (140, 'forms', 'index', 'upload-revision', 1),
       (140, 'forms', 'sync', 'save-xod', 1),
       (140, 'templates', 'index', 'show-pdf', 1),
       (140, 'templates', 'index', 'view-pdf', 1),
       (141, 'forms', 'index', 'assign', 1),
       (142, 'forms', 'index', 'finalize', 1),
       (143, 'forms', 'index', 'lock-and-unlock', 1),
       (144, 'forms', 'index', 'complete', 1),
       (150, 'calendar', 'index', '', 1),
       (160, 'mail', 'index', '', 1),
       (160, 'mail', 'settings', '', 1),
       (170, 'news', 'index', '', 1),
       (175, 'rss', 'index', '', 1),
       (180, 'templates', 'index', 'get-email-template', 1),
       (180, 'templates', 'index', 'get-message', 1),
       (180, 'templates', 'index', 'get-templates-list', 1),
       (180, 'templates', 'index', 'show-pdf', 1),
       (180, 'templates', 'index', 'view-pdf', 1),
       (181, 'templates', 'index', '', 1),
       (190, 'help', 'index', '', 1),
       (192, 'help', 'public', '', 1),
       (200, 'prospects', 'index', 'export-to-pdf', 1),
       (200, 'prospects', 'index', 'get-all-prospects-list', 1),
       (200, 'prospects', 'index', 'get-done-tasks-list', 1),
       (200, 'prospects', 'index', 'get-prospect-title', 1),
       (200, 'prospects', 'index', 'get-prospects-list', 1),
       (200, 'prospects', 'index', 'get-prospects-page', 1),
       (200, 'prospects', 'index', 'get-prospects-unread-counts', 1),
       (200, 'prospects', 'index', 'index', 1),
       (200, 'prospects', 'index', 'mark', 1),
       (200, 'superadmin', 'manage-company-prospects', 'get-templates-list', 1),
       (201, 'tasks', 'index', '', 1),
       (210, 'tasks', 'index', '', 1),
       (220, 'applicants', 'index', 'open-link', 1),
       (300, 'websites', 'index', '', 1),
       (400, 'applicants', 'index', '', 1),
       (400, 'applicants', 'profile', 'check-employer-case', 1),
       (400, 'applicants', 'profile', 'get-login-info', 1),
       (400, 'applicants', 'profile', 'index', 1),
       (400, 'applicants', 'profile', 'load', 1),
       (400, 'applicants', 'profile', 'load-employer-cases-list', 1),
       (400, 'applicants', 'profile', 'load-short-info', 1),
       (400, 'applicants', 'profile', 'view-image', 1),
       (400, 'applicants', 'search', '', 1),
       (401, 'applicants', 'profile', 'delete-image', 1),
       (401, 'applicants', 'profile', 'get-vevo-country-suggestions', 1),
       (401, 'applicants', 'profile', 'get-vevo-info', 1),
       (401, 'applicants', 'profile', 'save', 1),
       (401, 'applicants', 'profile', 'update-login-info', 1),
       (401, 'applicants', 'profile', 'update-vevo-info', 1),
       (402, 'applicants', 'profile', 'delete', 1),
       (403, 'applicants', 'profile', 'get-vevo-country-suggestions', 1),
       (403, 'applicants', 'profile', 'get-vevo-info', 1),
       (403, 'applicants', 'profile', 'save', 1),
       (403, 'applicants', 'profile', 'update-login-info', 1),
       (403, 'applicants', 'profile', 'update-vevo-info', 1),
       (500, 'profile', 'index', '', 1),
       (1000, 'superadmin', 'change-my-password', '', 1),
       (1005, 'superadmin', 'manage-members-pua', 'delete', 1),
       (1005, 'superadmin', 'manage-members-pua', 'delete-designation-form', 1),
       (1005, 'superadmin', 'manage-members-pua', 'download-designation-form', 1),
       (1005, 'superadmin', 'manage-members-pua', 'export', 1),
       (1005, 'superadmin', 'manage-members-pua', 'get-designation-form', 1),
       (1005, 'superadmin', 'manage-members-pua', 'index', 1),
       (1005, 'superadmin', 'manage-members-pua', 'list', 1),
       (1005, 'superadmin', 'manage-members-pua', 'manage', 1),
       (1005, 'superadmin', 'manage-members-pua', 'upload-designation-form', 1),
       (1010, 'superadmin', 'roles', 'index', 1),
       (1011, 'superadmin', 'roles', 'add', 1),
       (1011, 'superadmin', 'roles', 'check-role', 1),
       (1012, 'superadmin', 'roles', 'check-role', 1),
       (1012, 'superadmin', 'roles', 'edit', 1),
       (1013, 'superadmin', 'roles', 'delete', 1),
       (1014, 'superadmin', 'roles', 'edit-extra-details', 1),
       (1020, 'superadmin', 'manage-admin-users', 'index', 1),
       (1021, 'superadmin', 'manage-admin-users', 'add', 1),
       (1021, 'superadmin', 'manage-admin-users', 'check-username', 1),
       (1022, 'superadmin', 'manage-admin-users', 'check-username', 1),
       (1022, 'superadmin', 'manage-admin-users', 'edit', 1),
       (1023, 'superadmin', 'manage-admin-users', 'delete', 1),
       (1030, 'superadmin', 'manage-members', 'delete-email-account', 1),
       (1030, 'superadmin', 'manage-members', 'get-email-accounts', 1),
       (1030, 'superadmin', 'manage-members', 'index', 1),
       (1030, 'superadmin', 'manage-members', 'list', 1),
       (1030, 'superadmin', 'manage-members', 'save-email-account', 1),
       (1030, 'superadmin', 'manage-members', 'set-email-account-by-default', 1),
       (1030, 'superadmin', 'manage-members', 'test-mail-settings', 1),
       (1031, 'superadmin', 'manage-members', 'add', 1),
       (1031, 'superadmin', 'manage-members', 'check-is-user-exists', 1),
       (1032, 'superadmin', 'manage-members', 'change-vevo-credentials', 1),
       (1032, 'superadmin', 'manage-members', 'check-vevo-account', 1),
       (1032, 'superadmin', 'manage-members', 'edit', 1),
       (1033, 'superadmin', 'manage-members', 'delete', 1),
       (1034, 'superadmin', 'manage-members', 'change-status', 1),
       (1034, 'superadmin', 'manage-members', 'edit-extra-details', 1),
       (1035, 'superadmin', 'manage-members', 'change-password', 1),
       (1040, 'superadmin', 'manage-company', 'check-cc-info', 1),
       (1040, 'superadmin', 'manage-company', 'get-company-details', 1),
       (1040, 'superadmin', 'manage-company', 'get-company-logo', 1),
       (1040, 'superadmin', 'manage-company', 'get-invoice', 1),
       (1040, 'superadmin', 'manage-company', 'index', 1),
       (1040, 'superadmin', 'manage-company', 'show-invoice-pdf', 1),
       (1040, 'superadmin', 'manage-company', 'update-packages-cc', 1),
       (1040, 'superadmin', 'manage-own-company', 'category', 1),
       (1040, 'superadmin', 'manage-own-company', 'file', 1),
       (1040, 'superadmin', 'manage-own-company', 'index', 1),
       (1040, 'superadmin', 'manage-own-company', 'visa', 1),
       (1041, 'superadmin', 'manage-company', 'add', 1),
       (1042, 'superadmin', 'manage-company', 'edit', 1),
       (1042, 'superadmin', 'manage-company', 'remove-company-logo', 1),
       (1042, 'superadmin', 'manage-company', 'update-default-company-admin', 1),
       (1043, 'superadmin', 'manage-company', 'delete', 1),
       (1044, 'superadmin', 'manage-company-as-admin', 'index', 1),
       (1046, 'superadmin', 'manage-company', 'get-failed-invoices', 1),
       (1046, 'superadmin', 'manage-company', 'update-status', 1),
       (1047, 'superadmin', 'manage-company', 'get-companies', 1),
       (1048, 'superadmin', 'manage-company', 'email', 1),
       (1049, 'superadmin', 'manage-company', 'index', 1),
       (1050, 'superadmin', 'manage-company', 'options-delete', 1),
       (1050, 'superadmin', 'manage-company', 'options-get', 1),
       (1050, 'superadmin', 'manage-company', 'options-manage', 1),
       (1050, 'superadmin', 'manage-fields-groups', '', 1),
       (1051, 'superadmin', 'manage-applicant-fields-groups', 'add-block', 1),
       (1051, 'superadmin', 'manage-applicant-fields-groups', 'add-group', 1),
       (1051, 'superadmin', 'manage-applicant-fields-groups', 'delete-field', 1),
       (1051, 'superadmin', 'manage-applicant-fields-groups', 'delete-group', 1),
       (1051, 'superadmin', 'manage-applicant-fields-groups', 'edit-block', 1),
       (1051, 'superadmin', 'manage-applicant-fields-groups', 'edit-field', 1),
       (1051, 'superadmin', 'manage-applicant-fields-groups', 'edit-group', 1),
       (1051, 'superadmin', 'manage-applicant-fields-groups', 'get-contact-fields', 1),
       (1051, 'superadmin', 'manage-applicant-fields-groups', 'get-field-info', 1),
       (1051, 'superadmin', 'manage-applicant-fields-groups', 'index', 1),
       (1051, 'superadmin', 'manage-applicant-fields-groups', 'individuals', 1),
       (1051, 'superadmin', 'manage-applicant-fields-groups', 'remove-block', 1),
       (1051, 'superadmin', 'manage-applicant-fields-groups', 'save-order', 1),
       (1051, 'superadmin', 'manage-applicant-fields-groups', 'toggle-contact-fields', 1),
       (1052, 'superadmin', 'manage-applicant-fields-groups', 'add-block', 1),
       (1052, 'superadmin', 'manage-applicant-fields-groups', 'add-group', 1),
       (1052, 'superadmin', 'manage-applicant-fields-groups', 'delete-field', 1),
       (1052, 'superadmin', 'manage-applicant-fields-groups', 'delete-group', 1),
       (1052, 'superadmin', 'manage-applicant-fields-groups', 'edit-block', 1),
       (1052, 'superadmin', 'manage-applicant-fields-groups', 'edit-field', 1),
       (1052, 'superadmin', 'manage-applicant-fields-groups', 'edit-group', 1),
       (1052, 'superadmin', 'manage-applicant-fields-groups', 'employers', 1),
       (1052, 'superadmin', 'manage-applicant-fields-groups', 'get-contact-fields', 1),
       (1052, 'superadmin', 'manage-applicant-fields-groups', 'get-field-info', 1),
       (1052, 'superadmin', 'manage-applicant-fields-groups', 'index', 1),
       (1052, 'superadmin', 'manage-applicant-fields-groups', 'remove-block', 1),
       (1052, 'superadmin', 'manage-applicant-fields-groups', 'save-order', 1),
       (1052, 'superadmin', 'manage-applicant-fields-groups', 'toggle-contact-fields', 1),
       (1053, 'superadmin', 'manage-applicant-fields-groups', 'add-applicant-type', 1),
       (1053, 'superadmin', 'manage-applicant-fields-groups', 'add-block', 1),
       (1053, 'superadmin', 'manage-applicant-fields-groups', 'add-group', 1),
       (1053, 'superadmin', 'manage-applicant-fields-groups', 'applicant-types', 1),
       (1053, 'superadmin', 'manage-applicant-fields-groups', 'contacts', 1),
       (1053, 'superadmin', 'manage-applicant-fields-groups', 'delete-applicant-type', 1),
       (1053, 'superadmin', 'manage-applicant-fields-groups', 'delete-field', 1),
       (1053, 'superadmin', 'manage-applicant-fields-groups', 'delete-group', 1),
       (1053, 'superadmin', 'manage-applicant-fields-groups', 'edit-block', 1),
       (1053, 'superadmin', 'manage-applicant-fields-groups', 'edit-field', 1),
       (1053, 'superadmin', 'manage-applicant-fields-groups', 'edit-group', 1),
       (1053, 'superadmin', 'manage-applicant-fields-groups', 'get-applicant-types', 1),
       (1053, 'superadmin', 'manage-applicant-fields-groups', 'get-contact-fields', 1),
       (1053, 'superadmin', 'manage-applicant-fields-groups', 'get-field-info', 1),
       (1053, 'superadmin', 'manage-applicant-fields-groups', 'index', 1),
       (1053, 'superadmin', 'manage-applicant-fields-groups', 'remove-block', 1),
       (1053, 'superadmin', 'manage-applicant-fields-groups', 'save-order', 1),
       (1053, 'superadmin', 'manage-applicant-fields-groups', 'toggle-contact-fields', 1),
       (1053, 'superadmin', 'manage-applicant-fields-groups', 'update-applicant-type', 1),
       (1054, 'superadmin', 'manage-applicant-fields-groups', 'add-block', 1),
       (1054, 'superadmin', 'manage-applicant-fields-groups', 'add-group', 1),
       (1054, 'superadmin', 'manage-applicant-fields-groups', 'delete-field', 1),
       (1054, 'superadmin', 'manage-applicant-fields-groups', 'delete-group', 1),
       (1054, 'superadmin', 'manage-applicant-fields-groups', 'edit-block', 1),
       (1054, 'superadmin', 'manage-applicant-fields-groups', 'edit-field', 1),
       (1054, 'superadmin', 'manage-applicant-fields-groups', 'edit-group', 1),
       (1054, 'superadmin', 'manage-applicant-fields-groups', 'get-contact-fields', 1),
       (1054, 'superadmin', 'manage-applicant-fields-groups', 'get-field-info', 1),
       (1054, 'superadmin', 'manage-applicant-fields-groups', 'index', 1),
       (1054, 'superadmin', 'manage-applicant-fields-groups', 'internals', 1),
       (1054, 'superadmin', 'manage-applicant-fields-groups', 'remove-block', 1),
       (1054, 'superadmin', 'manage-applicant-fields-groups', 'save-order', 1),
       (1054, 'superadmin', 'manage-applicant-fields-groups', 'toggle-contact-fields', 1),
       (1060, 'forms', 'forms-folders', '', 1),
       (1060, 'forms', 'index', 'open-version-pdf', 1),
       (1060, 'forms', 'index', 'open-xod', 1),
       (1060, 'forms', 'index', 'search', 1),
       (1060, 'superadmin', 'forms', '', 1),
       (1060, 'superadmin', 'forms-maps', '', 1),
       (1061, 'superadmin', 'landing-pages', 'manage-landing-pages', 1),
       (1070, 'superadmin', 'news', '', 1),
       (1080, 'superadmin', 'shared-templates', '', 1),
       (1090, 'applicants', 'search', 'load-search', 1),
       (1090, 'applicants', 'search', 'save-search', 1),
       (1090, 'superadmin', 'default-searches', '', 1),
       (1090, 'templates', 'index', 'get-email-template', 1),
       (1100, 'superadmin', 'manage-templates', '', 1),
       (1120, 'superadmin', 'automatic-reminder-actions', '', 1),
       (1120, 'superadmin', 'automatic-reminder-conditions', '', 1),
       (1120, 'superadmin', 'automatic-reminder-triggers', '', 1),
       (1120, 'superadmin', 'automatic-reminders', '', 1),
       (1130, 'system', 'import', '', 1),
       (1130, 'system', 'index', '', 1),
       (1140, 'superadmin', 'manage-faq', '', 1),
       (1150, 'superadmin', 'manage-prospects', '', 1),
       (1170, 'superadmin', 'smtp', '', 1),
       (1180, 'superadmin', 'last-logged-in', '', 1),
       (1190, 'superadmin', 'manage-company-prospects', '', 1),
       (1200, 'superadmin', 'manage-hst', '', 1),
       (1210, 'superadmin', 'manage-cmi', '', 1),
       (1220, 'superadmin', 'manage-trial-pricing', '', 1),
       (1230, 'superadmin', 'manage-company', 'generate-invoice-template', 1),
       (1230, 'superadmin', 'manage-company', 'run-charge', 1),
       (1230, 'superadmin', 'manage-invoices', '', 1),
       (1240, 'superadmin', 'manage-pricing', '', 1),
       (1250, 'superadmin', 'manage-bad-debts-log', '', 1),
       (1260, 'superadmin', 'automated-billing-log', '', 1),
       (1270, 'superadmin', 'manage-pt-error-codes', '', 1),
       (1280, 'superadmin', 'accounts', '', 1),
       (1290, 'superadmin', 'forms-default', '', 1),
       (1300, 'superadmin', 'statistics', '', 1),
       (1310, 'superadmin', 'import-clients', '', 1),
       (1311, 'superadmin', 'import-client-notes', '', 1),
       (1320, 'superadmin', 'prospects-matching', '', 1),
       (1330, 'superadmin', 'manage-rss-feed', '', 1),
       (1350, 'superadmin', 'advanced-search', '', 1),
       (1360, 'superadmin', 'manage-company', 'company-search', 1),
       (1370, 'superadmin', 'manage-company', 'export', 1),
       (1370, 'superadmin', 'manage-company', 'export-emails', 1),
       (1370, 'superadmin', 'manage-company', 'get-export-email-accounts', 1),
       (1370, 'superadmin', 'manage-company', 'get-export-email-accounts-folders', 1),
       (1370, 'superadmin', 'manage-company', 'get-export-email-users', 1),
       (1380, 'superadmin', 'system-variables', '', 1),
       (1390, 'superadmin', 'index', 'index', 1),
       (1400, 'superadmin', 'company-website', '', 1),
       (1410, 'superadmin', 'access-logs', 'index', 1),
       (1410, 'superadmin', 'access-logs', 'list', 1),
       (1411, 'superadmin', 'access-logs', 'delete', 1),
       (1420, 'superadmin', 'manage-company', 'generate-invoice-template', 1),
       (1420, 'superadmin', 'manage-company', 'run-charge', 1),
       (1420, 'superadmin', 'manage-company', 'save-packages', 1),
       (1420, 'superadmin', 'manage-company-packages', 'index', 1),
       (1420, 'superadmin', 'manage-templates', 'create-invoice', 1),
       (1421, 'superadmin', 'manage-company-packages', 'edit-extra-details', 1),
       (1430, 'superadmin', 'manage-company', 'mass-email', 1),
       (1440, 'superadmin', 'tickets', 'get-ticket', 1),
       (1440, 'superadmin', 'tickets', 'get-tickets', 1),
       (1441, 'superadmin', 'tickets', 'add', 1),
       (1442, 'superadmin', 'tickets', 'change-status', 1),
       (1450, 'superadmin', 'zoho', '', 1),
       (2000, 'crm', 'index', '', 1),
       (2001, 'crm', 'admin', 'index', 1),
       (2002, 'crm', 'define-users', '', 1),
       (2003, 'crm', 'define-roles', '', 1),
       (2010, 'crm', 'settings', 'index', 1),
       (2011, 'crm', 'settings', 'update-pass', 1),
       (2100, 'crm', 'companies', 'index', 1),
       (2101, 'crm', 'companies', 'add', 1),
       (2102, 'crm', 'companies', 'edit', 1),
       (2103, 'crm', 'companies', 'delete', 1),
       (2200, 'crm', 'prospects', 'index', 1),
       (2201, 'crm', 'prospects', 'add', 1),
       (2202, 'crm', 'prospects', 'edit', 1),
       (2203, 'crm', 'prospects', 'delete', 1),
       (2204, 'superadmin', 'manage-company-contacts-types', '', 1),
       (2210, 'superadmin', 'letterheads', '', 1),
       (2211, 'superadmin', 'roles', '', 1),
       (2212, 'superadmin', 'roles', 'add', 1),
       (2213, 'superadmin', 'roles', 'edit', 1),
       (2214, 'superadmin', 'roles', 'delete', 1),
       (2215, 'tasks', 'index', 'delete', 1),
       (2216, 'tasks', 'index', 'delete', 1),
       (2217, 'tasks', 'index', 'delete', 1),
       (2218, 'clients', 'accounting', 'index', 1),
       (2219, 'clients', 'accounting', 'index', 1),
       (2219, 'mail', 'index', 'send', 1),
       (2220, 'clients', 'accounting', 'index', 1),
       (2221, 'clients', 'accounting', 'index', 1),
       (2222, 'clients', 'accounting', 'index', 1),
       (2223, 'clients', 'accounting', 'index', 1),
       (2224, 'clients', 'accounting', 'index', 1),
       (2225, 'clients', 'accounting', 'index', 1),
       (2226, 'clients', 'accounting', 'index', 1),
       (2227, 'superadmin', 'manage-divisions-groups', '', 1),
       (2228, 'superadmin', 'manage-offices', '', 1),
       (2229, 'superadmin', 'manage-company', 'case-number-settings', 1),
       (2229, 'superadmin', 'manage-company', 'case-number-settings-reset-counter', 1),
       (2229, 'superadmin', 'manage-company', 'case-number-settings-save', 1),
       (2230, 'applicants', 'queue', 'change-assigned-staff', 1),
       (2231, 'applicants', 'queue', 'change-visa-subclass', 1),
       (2232, 'superadmin', 'import-bcpnp', '', 1),
       (2233, 'superadmin', 'manage-default-mail-servers', '', 1),
       (2234, 'superadmin', 'manage-company', 'delete-invoice', 1),
       (2235, 'applicants', 'profile', 'export-con', 1),
       (2235, 'applicants', 'profile', 'generate-con', 1),
       (2236, 'documents', 'checklist', 'get-family-members', 1),
       (2236, 'documents', 'checklist', 'get-list', 1),
       (2237, 'documents', 'checklist', 'upload', 1),
       (2238, 'documents', 'checklist', 'delete', 1),
       (2239, 'documents', 'checklist', 'download', 1),
       (2240, 'documents', 'checklist', 'get-all-tags', 1),
       (2240, 'documents', 'checklist', 'set-tags', 1),
       (2241, 'documents', 'checklist', 'reassign', 1),
       (2242, 'superadmin', 'manage-business-hours', 'index', 1),
       (2243, 'superadmin', 'manage-business-hours', 'load-workdays-data', 1),
       (2244, 'superadmin', 'manage-business-hours', 'save-workdays-data', 1),
       (2245, 'superadmin', 'manage-business-hours', 'holidays-view', 1),
       (2246, 'superadmin', 'manage-business-hours', 'holidays-add', 1),
       (2247, 'superadmin', 'manage-business-hours', 'holidays-edit', 1),
       (2248, 'superadmin', 'manage-business-hours', 'holidays-delete', 1),
       (2249, 'superadmin', 'manage-business-hours', 'index', 1),
       (2250, 'superadmin', 'manage-business-hours', 'load-workdays-data', 1),
       (2251, 'superadmin', 'manage-business-hours', 'save-workdays-data', 1),
       (2252, 'superadmin', 'manage-business-hours', 'holidays-view', 1),
       (2253, 'superadmin', 'manage-business-hours', 'holidays-add', 1),
       (2254, 'superadmin', 'manage-business-hours', 'holidays-edit', 1),
       (2255, 'superadmin', 'manage-business-hours', 'holidays-delete', 1),
       (2256, 'applicants', 'search', 'run-search', 1),
       (2257, 'applicants', 'search', 'export-to-excel', 1),
       (2258, 'applicants', 'search', 'print', 1),
       (2259, 'applicants', 'analytics', 'get-analytics-data', 1),
       (2259, 'applicants', 'analytics', 'load-list', 1),
       (2260, 'applicants', 'analytics', 'add', 1),
       (2261, 'applicants', 'analytics', 'edit', 1),
       (2262, 'applicants', 'analytics', 'delete', 1),
       (2263, 'applicants', 'analytics', 'export', 1),
       (2264, 'applicants', 'analytics', 'print', 1),
       (2265, 'applicants', 'analytics', 'get-analytics-data', 1),
       (2265, 'applicants', 'analytics', 'load-list', 1),
       (2266, 'applicants', 'analytics', 'add', 1),
       (2267, 'applicants', 'analytics', 'edit', 1),
       (2268, 'applicants', 'analytics', 'delete', 1),
       (2269, 'applicants', 'analytics', 'export', 1),
       (2270, 'applicants', 'analytics', 'print', 1),
       (2271, 'superadmin', 'manage-default-analytics', '', 1),
       (2272, 'superadmin', 'marketplace', '', 1),
       (2273, 'prospects', 'index', 'save', 1),
       (2274, 'prospects', 'index', 'delete-resume', 1),
       (2274, 'prospects', 'index', 'download-resume', 1),
       (2274, 'prospects', 'index', 'save', 1),
       (2274, 'prospects', 'index', 'save-assessment', 1),
       (2274, 'prospects', 'index', 'save-business', 1),
       (2274, 'prospects', 'index', 'save-occupations', 1),
       (2275, 'prospects', 'index', 'delete-prospect', 1),
       (2276, 'prospects', 'index', 'convert-to-client', 1),
       (2277, 'prospects', 'index', 'get-adv-search-fields', 1),
       (2278, 'prospects', 'index', 'export-to-excel', 1),
       (2279, 'prospects', 'index', 'index', 1),
       (2280, 'prospects', 'index', 'get-note', 1),
       (2280, 'prospects', 'index', 'get-notes', 1),
       (2281, 'prospects', 'index', 'notes-add', 1),
       (2282, 'prospects', 'index', 'notes-edit', 1),
       (2283, 'prospects', 'index', 'notes-delete', 1),
       (2284, 'prospects', 'index', 'add-folder', 1),
       (2284, 'prospects', 'index', 'copy-files', 1),
       (2284, 'prospects', 'index', 'create-letter', 1),
       (2284, 'prospects', 'index', 'delete', 1),
       (2284, 'prospects', 'index', 'download-email', 1),
       (2284, 'prospects', 'index', 'drag-and-drop', 1),
       (2284, 'prospects', 'index', 'files-upload', 1),
       (2284, 'prospects', 'index', 'get-documents-tree', 1),
       (2284, 'prospects', 'index', 'get-image', 1),
       (2284, 'prospects', 'index', 'get-pdf', 1),
       (2284, 'prospects', 'index', 'move-files', 1),
       (2284, 'prospects', 'index', 'new-file', 1),
       (2284, 'prospects', 'index', 'open-pdf', 1),
       (2284, 'prospects', 'index', 'preview', 1),
       (2284, 'prospects', 'index', 'rename-file', 1),
       (2284, 'prospects', 'index', 'rename-folder', 1),
       (2284, 'prospects', 'index', 'save-file', 1),
       (2284, 'prospects', 'index', 'save-to-inbox', 1),
       (2285, 'prospects', 'index', 'download-resume', 1),
       (2285, 'prospects', 'index', 'export-to-pdf', 1),
       (2285, 'prospects', 'index', 'get-all-prospects-list', 1),
       (2285, 'prospects', 'index', 'get-done-tasks-list', 1),
       (2285, 'prospects', 'index', 'get-prospect-title', 1),
       (2285, 'prospects', 'index', 'get-prospects-list', 1),
       (2285, 'prospects', 'index', 'get-prospects-page', 1),
       (2285, 'prospects', 'index', 'get-prospects-unread-counts', 1),
       (2285, 'prospects', 'index', 'index', 1),
       (2285, 'prospects', 'index', 'mark', 1),
       (2285, 'superadmin', 'manage-company-prospects', 'get-templates-list', 1),
       (2286, 'prospects', 'index', 'convert-to-client', 1),
       (2287, 'prospects', 'index', 'get-adv-search-fields', 1),
       (2288, 'prospects', 'index', 'export-to-excel', 1),
       (2289, 'prospects', 'index', 'index', 1),
       (2290, 'prospects', 'index', 'get-note', 1),
       (2290, 'prospects', 'index', 'get-notes', 1),
       (2291, 'prospects', 'index', 'notes-add', 1),
       (2292, 'prospects', 'index', 'notes-edit', 1),
       (2293, 'prospects', 'index', 'notes-delete', 1),
       (2294, 'prospects', 'index', 'add-folder', 1),
       (2294, 'prospects', 'index', 'copy-files', 1),
       (2294, 'prospects', 'index', 'create-letter', 1),
       (2294, 'prospects', 'index', 'delete', 1),
       (2294, 'prospects', 'index', 'download-email', 1),
       (2294, 'prospects', 'index', 'drag-and-drop', 1),
       (2294, 'prospects', 'index', 'files-upload', 1),
       (2294, 'prospects', 'index', 'get-documents-tree', 1),
       (2294, 'prospects', 'index', 'get-image', 1),
       (2294, 'prospects', 'index', 'get-pdf', 1),
       (2294, 'prospects', 'index', 'move-files', 1),
       (2294, 'prospects', 'index', 'new-file', 1),
       (2294, 'prospects', 'index', 'open-pdf', 1),
       (2294, 'prospects', 'index', 'preview', 1),
       (2294, 'prospects', 'index', 'rename-file', 1),
       (2294, 'prospects', 'index', 'rename-folder', 1),
       (2294, 'prospects', 'index', 'save-file', 1),
       (2294, 'prospects', 'index', 'save-to-inbox', 1),
       (2295, 'tasks', 'index', 'add', 1),
       (2296, 'tasks', 'index', 'add', 1),
       (2297, 'tasks', 'index', 'add', 1);

-- --------------------------------------------------------

--
-- Table structure for table `admin_navigation`
--

CREATE TABLE `admin_navigation`
(
    `navigation_id` int(11)      NOT NULL,
    `section_id`    int(11)               DEFAULT '0',
    `resource_id`   varchar(100) NOT NULL DEFAULT '',
    `action`        varchar(255)          DEFAULT NULL,
    `rule_check_id` varchar(100) NOT NULL DEFAULT '',
    `title`         varchar(100) NOT NULL DEFAULT '',
    `order_id`      int(11)      NOT NULL DEFAULT '0',
    `status`        int(1)       NOT NULL DEFAULT '1'
) ENGINE = InnoDB
  DEFAULT CHARSET = utf8;

--
-- Dumping data for table `admin_navigation`
--

INSERT INTO `admin_navigation` (`navigation_id`, `section_id`, `resource_id`, `action`, `rule_check_id`, `title`,
                                `order_id`, `status`)
VALUES (2, 1, '#', NULL, '', 'Manage Sub Offices', 2, 0),
       (3, 1, '#', NULL, '', 'Manage Company Templates', 3, 0),
       (4, 1, 'news', NULL, '', 'Announcements', 4, 1),
       (5, 1, 'manage-admin-users', NULL, '', 'Manage Super Admin Users', 6, 1),
       (6, 1, 'manage-members', NULL, '', 'Manage All Company Users', 7, 1),
       (7, 1, 'forms', NULL, '', 'Manage Forms', 8, 1),
       (8, 1, 'change-my-password', NULL, '', 'Change My Password', 9, 1),
       (9, 2, 'roles', NULL, '', 'Default Roles', 1, 1),
       (10, 2, 'manage-fields-groups', 'templates', '', 'Default Cases Fields/Groups', 2, 1),
       (11, 2, 'client-documents', NULL, 'client-documents-settings-view', 'Default Client\'s Document Folders', 5, 1),
       (12, 2, 'automatic-reminders', NULL, '', 'Default Automatic Tasks', 6, 1),
       (13, 2, 'trust-account-settings', NULL, '', 'Default Trust A/C Settings', 7, 1),
       (14, 2, 'shared-templates', NULL, '', 'Default Shared Templates', 8, 1),
       (15, 2, 'default-searches', NULL, '', 'Default Searches', 9, 1),
       (16, 3, 'roles', NULL, '', 'Roles', 1, 1),
       (17, 3, 'manage-members', NULL, '', 'Users', 2, 1),
       (18, 3, 'change-my-password', NULL, '', 'Change My Password', 3, 1),
       (19, 4, 'manage-own-company', NULL, '', 'Company Details', 1, 1),
       (20, 4, 'manage-own-company', 'file', '', 'File Statuses', 2, 1),
       (21, 4, 'manage-own-company', 'category', '', 'Categories', 3, 1),
       (22, 4, 'manage-own-company', 'visa', '', 'Visa Posts', 4, 1),
       (23, 4, 'manage-own-company', 'office', '', 'Offices', 5, 1),
       (24, 4, 'automatic-reminders', NULL, '', 'Automatic Tasks', 6, 1),
       (25, 4, 'client-documents', NULL, 'client-documents-settings-view', 'Clients\' Default Folders', 7, 1),
       (26, 4, 'trust-account-settings', NULL, '', 'Trust Accounts', 8, 1),
       (27, 4, 'trust-account-settings', 'settings', '', 'Trust Account Settings', 9, 1),
       (28, 4, 'manage-fields-groups', 'templates', '', 'Manage Cases Fields/Grouping', 10, 2),
       (29, 1, 'manage-faq', NULL, '', 'Manage Help', 5, 1),
       (30, 1, 'manage-prospects', NULL, '', 'Manage Prospects', 10, 1),
       (31, 1, 'manage-templates', NULL, '', 'Manage Templates', 11, 1),
       (33, 1, 'smtp', '', '', 'Mail Server Settings', 12, 1),
       (34, 1, 'last-logged-in', NULL, '', 'Last Logged In Info', 13, 1),
       (35, 4, 'manage-company-prospects', NULL, '', 'Prospects Manager', 14, 1),
       (36, 2, 'manage-company-prospects', NULL, '', 'Default Prospects', 10, 1),
       (38, 1, 'manage-hst', NULL, '', 'Manage GST/HST', 14, 1),
       (39, 1, 'manage-cmi', NULL, '', 'Manage CMI', 15, 1),
       (40, 1, 'manage-trial-pricing', NULL, '', 'Trial users pricing', 16, 1),
       (42, 1, 'manage-pricing', NULL, '', 'Manage pricing', 18, 1),
       (46, 1, 'accounts', NULL, '', 'Accounts', 19, 1),
       (47, 4, 'forms-default', NULL, 'forms-default', 'Customize Forms', 15, 1),
       (48, 1, 'statistics', NULL, '', 'Statistics', 20, 1),
       (49, 4, 'company-website', NULL, '', 'Web-builder', 16, 1),
       (50, 1, 'prospects-matching', NULL, '', 'Prospects Matching', 21, 1),
       (51, 4, 'import-clients', NULL, '', 'Import Clients', 17, 2),
       (52, 1, 'manage-rss-feed', NULL, '', 'Manage news black list', 15, 1),
       (55, 4, 'manage-company-contacts-types', NULL, '', 'Contacts', 5, 1),
       (56, 2, 'manage-applicant-fields-groups', 'individuals', '', 'Default Individuals Fields/Groups', 3, 1),
       (57, 2, 'manage-applicant-fields-groups', 'employers', '', 'Default Employers Fields/Groups', 4, 1),
       (58, 4, 'manage-applicant-fields-groups', 'individuals', 'manage-individuals-fields',
        'Manage Individuals Fields/Grouping', 12, 2),
       (59, 4, 'manage-applicant-fields-groups', 'employers', 'manage-employers-fields',
        'Manage Employers Fields/Grouping', 13, 2),
       (60, 4, 'manage-applicant-fields-groups', 'applicant-types', 'manage-contacts-fields',
        'Manage Contacts Fields/Grouping', 11, 2);

-- --------------------------------------------------------

--
-- Table structure for table `admin_navigation_sections`
--

CREATE TABLE `admin_navigation_sections`
(
    `section_id`         int(11)      NOT NULL,
    `section_name`       varchar(100) NOT NULL DEFAULT '',
    `section_order_id`   int(11)      NOT NULL DEFAULT '0',
    `section_status`     int(1)       NOT NULL DEFAULT '1',
    `section_superadmin` int(1)       NOT NULL DEFAULT '0'
) ENGINE = InnoDB
  DEFAULT CHARSET = utf8;

--
-- Dumping data for table `admin_navigation_sections`
--

INSERT INTO `admin_navigation_sections` (`section_id`, `section_name`, `section_order_id`, `section_status`,
                                         `section_superadmin`)
VALUES (1, 'Super Admin Functions', 0, 1, 1),
       (2, 'New Company Defaults', 1, 1, 1),
       (3, 'Manage Users', 0, 1, 0),
       (4, 'Company Preferences', 1, 1, 0);

-- --------------------------------------------------------

--
-- Table structure for table `analytics`
--

CREATE TABLE `analytics`
(
    `analytics_id`     int(11)                        NOT NULL,
    `analytics_type`   enum ('applicants','contacts') NOT NULL DEFAULT 'applicants',
    `company_id`       bigint(20)                              DEFAULT NULL,
    `analytics_name`   char(255)                               DEFAULT NULL,
    `analytics_params` text
) ENGINE = InnoDB
  DEFAULT CHARSET = utf8 COMMENT ='Contains saved analytics params about client and case fields data.';

--
-- Dumping data for table `analytics`
--

INSERT INTO `analytics` (`analytics_id`, `analytics_type`, `company_id`, `analytics_name`, `analytics_params`)
VALUES (1, 'applicants', 1, 'By Country of Citizenship (6 months)',
        '{\"breakdown_field_1\":\"individual_country_of_citizenship\",\"breakdown_field_2\":\"case_date_received\",\"breakdown_field_operator_2\":\"months\",\"breakdown_field_date_starting_quarter_2\":\"\",\"breakdown_field_date_starting_month_2\":\"3\",\"breakdown_field_date_starting_year_2\":2019,\"breakdown_field_go_back_number_2\":9,\"breakdown_field_go_back_period_2\":\"months\",\"show_chart\":true,\"chart_type\":\"bar\"}'),
       (2, 'applicants', 1, 'By Country of Citizenship (same month last year)',
        '{\"breakdown_field_1\":\"individual_country_of_citizenship\",\"breakdown_field_2\":\"case_date_received\",\"breakdown_field_operator_2\":\"same_month_last_years\",\"breakdown_field_date_starting_quarter_2\":\"\",\"breakdown_field_date_starting_month_2\":\"3\",\"breakdown_field_date_starting_year_2\":2019,\"breakdown_field_go_back_number_2\":1,\"breakdown_field_go_back_period_2\":\"years\",\"show_chart\":true,\"chart_type\":\"bar\"}'),
       (3, 'applicants', 1, 'By Agent (6 months)',
        '{\"breakdown_field_1\":\"case_auth_agent\",\"breakdown_field_2\":\"case_date_received\",\"breakdown_field_operator_2\":\"months\",\"breakdown_field_date_starting_quarter_2\":\"\",\"breakdown_field_date_starting_month_2\":\"3\",\"breakdown_field_date_starting_year_2\":2019,\"breakdown_field_go_back_number_2\":5,\"breakdown_field_go_back_period_2\":\"months\",\"show_chart\":true,\"chart_type\":\"bar\"}'),
       (4, 'applicants', 1, 'By Agent (same month last year)',
        '{\"breakdown_field_1\":\"case_auth_agent\",\"breakdown_field_2\":\"case_date_received\",\"breakdown_field_operator_2\":\"same_month_last_years\",\"breakdown_field_date_starting_quarter_2\":\"\",\"breakdown_field_date_starting_month_2\":\"4\",\"breakdown_field_date_starting_year_2\":2019,\"breakdown_field_go_back_number_2\":1,\"breakdown_field_go_back_period_2\":\"years\",\"show_chart\":true,\"chart_type\":\"bar\"}'),
       (5, 'applicants', 1, 'By Number of Applications (12 months)',
        '{\"breakdown_field_1\":\"case_date_received\",\"breakdown_field_operator_1\":\"months\",\"breakdown_field_date_starting_quarter_1\":\"\",\"breakdown_field_date_starting_month_1\":\"3\",\"breakdown_field_date_starting_year_1\":2019,\"breakdown_field_go_back_number_1\":11,\"breakdown_field_go_back_period_1\":\"months\",\"show_chart\":true,\"chart_type\":\"bar\"}'),
       (6, 'applicants', 1, 'By Number of Applications (MTD)',
        '{\"breakdown_field_1\":\"case_date_received\",\"breakdown_field_operator_1\":\"same_month_last_years\",\"breakdown_field_date_starting_quarter_1\":\"\",\"breakdown_field_date_starting_month_1\":\"\",\"breakdown_field_date_starting_year_1\":\"MTD\",\"breakdown_field_go_back_number_1\":1,\"breakdown_field_go_back_period_1\":\"years\",\"show_chart\":true,\"chart_type\":\"bar\"}'),
       (7, 'applicants', 1, 'By Number of Applications (same month last year)',
        '{\"breakdown_field_1\":\"case_date_received\",\"breakdown_field_operator_1\":\"same_month_last_years\",\"breakdown_field_date_starting_quarter_1\":\"\",\"breakdown_field_date_starting_month_1\":\"3\",\"breakdown_field_date_starting_year_1\":2019,\"breakdown_field_go_back_number_1\":1,\"breakdown_field_go_back_period_1\":\"years\",\"show_chart\":true,\"chart_type\":\"bar\"}');

-- --------------------------------------------------------

--
-- Table structure for table `applicant_form_blocks`
--

CREATE TABLE `applicant_form_blocks`
(
    `applicant_block_id` int(11) UNSIGNED NOT NULL,
    `member_type_id`     int(2) UNSIGNED  NOT NULL,
    `company_id`         bigint(20)       NOT NULL,
    `applicant_type_id`  int(11) UNSIGNED          DEFAULT NULL,
    `contact_block`      enum ('Y','N')   NOT NULL DEFAULT 'N' COMMENT 'Identifies if this block is related to the current client or to related internal contact',
    `repeatable`         enum ('Y','N')   NOT NULL DEFAULT 'N' COMMENT 'Identifies if several internal contacts can be related to the current user (so several contact blocks can be created).',
    `order`              int(11) UNSIGNED          DEFAULT NULL
) ENGINE = InnoDB
  DEFAULT CHARSET = utf8 COMMENT ='Client''s profile is created from blocks. Each block is related to the current client or to related clients (internal contacts).';

--
-- Dumping data for table `applicant_form_blocks`
--

INSERT INTO `applicant_form_blocks` (`applicant_block_id`, `member_type_id`, `company_id`, `applicant_type_id`,
                                     `contact_block`, `repeatable`, `order`)
VALUES (131, 8, 0, NULL, 'Y', 'N', 0),
       (132, 8, 0, NULL, 'N', 'N', 1),
       (133, 7, 0, NULL, 'Y', 'N', 0),
       (134, 7, 0, NULL, 'Y', 'Y', 1),
       (135, 10, 0, 19, 'Y', 'N', 0),
       (136, 7, 0, NULL, 'N', 'N', 2),
       (137, 10, 0, 20, 'Y', 'N', 0),
       (138, 10, 0, 21, 'Y', 'N', 0),
       (139, 10, 0, 22, 'Y', 'N', 0),
       (140, 10, 0, 23, 'Y', 'N', 0),
       (141, 10, 0, 24, 'Y', 'N', 0),
       (142, 10, 0, 25, 'Y', 'N', 0),
       (143, 10, 0, 26, 'Y', 'N', 0),
       (1093, 9, 0, NULL, 'N', 'N', 0),
       (1094, 8, 1, NULL, 'Y', 'N', 0),
       (1095, 8, 1, NULL, 'N', 'N', 1),
       (1096, 7, 1, NULL, 'Y', 'N', 0),
       (1097, 7, 1, NULL, 'Y', 'Y', 1),
       (1098, 10, 1, 27, 'Y', 'N', 0),
       (1099, 7, 1, NULL, 'N', 'N', 2),
       (1100, 10, 1, 28, 'Y', 'N', 0),
       (1101, 10, 1, 29, 'Y', 'N', 0),
       (1102, 10, 1, 30, 'Y', 'N', 0),
       (1103, 10, 1, 31, 'Y', 'N', 0),
       (1104, 10, 1, 32, 'Y', 'N', 0),
       (1105, 10, 1, 33, 'Y', 'N', 0),
       (1106, 10, 1, 34, 'Y', 'N', 0),
       (1107, 9, 1, NULL, 'N', 'N', 0);

-- --------------------------------------------------------

--
-- Table structure for table `applicant_form_data`
--

CREATE TABLE `applicant_form_data`
(
    `applicant_id`       bigint(20)          NOT NULL,
    `applicant_field_id` int(11) UNSIGNED    NOT NULL,
    `value`              text,
    `row`                tinyint(2) UNSIGNED NOT NULL COMMENT 'If client has several internal contacts - each row is related to specific internal contact.',
    `row_id`             varchar(32) DEFAULT NULL COMMENT 'Is used to identify repeatable internal contacts.'
) ENGINE = InnoDB
  DEFAULT CHARSET = utf8 COMMENT ='Client''s saved data is saved here. Each field''s value is saved in the value column. Format is different, based on the field''s type.';

-- --------------------------------------------------------

--
-- Table structure for table `applicant_form_default`
--

CREATE TABLE `applicant_form_default`
(
    `applicant_form_default_id` int(11) UNSIGNED NOT NULL,
    `applicant_field_id`        int(11) UNSIGNED    DEFAULT NULL,
    `value`                     text,
    `order`                     tinyint(3) UNSIGNED DEFAULT NULL
) ENGINE = InnoDB
  DEFAULT CHARSET = utf8 COMMENT ='Each company can have own list of fields. Radios,checkboxes, other field types have own list of options that are saved here.';

--
-- Dumping data for table `applicant_form_default`
--

INSERT INTO `applicant_form_default` (`applicant_form_default_id`, `applicant_field_id`, `value`, `order`)
VALUES (111, 695, 'HR representative', 0),
       (112, 695, 'Mobility advisor', 1),
       (113, 695, 'Team lead', 2),
       (114, 695, 'Legal counsel', 3),
       (115, 695, 'Other', 4),
       (116, 696, 'Mr.', 0),
       (117, 696, 'Ms.', 1),
       (118, 696, 'Mrs.', 2),
       (119, 696, 'Miss', 3),
       (120, 696, 'Dr.', 4),
       (121, 714, 'Email', 0),
       (122, 714, 'Fax', 1),
       (123, 714, 'Phone', 2),
       (124, 720, 'Active', 0),
       (125, 720, 'Closed', 1),
       (126, 720, 'Archived', 2),
       (127, 730, '', 0),
       (128, 733, '', 0),
       (129, 735, '', 0),
       (130, 736, '', 0),
       (131, 737, '', 0),
       (132, 738, '', 0),
       (133, 727, '', 0),
       (134, 741, 'Male', 0),
       (135, 741, 'Female', 1),
       (136, 742, 'Never Married', 0),
       (137, 742, 'Married', 1),
       (138, 742, 'Engaged', 2),
       (139, 742, 'Widowed', 3),
       (140, 742, 'Separated', 4),
       (141, 742, 'Divorced', 5),
       (142, 752, 'Enabled', 0),
       (143, 752, 'Disabled', 1),
       (144, 753, 'Enabled', 0),
       (145, 753, 'Disabled', 1),
       (146, 742, 'De-Facto/Common Law', 6),
       (147, 732, 'Accommodation & Food Services', 1),
       (148, 732, 'Administrative & Support Services', 2),
       (149, 732, 'Agriculture, Forestry and Fishing', 3),
       (150, 732, 'Arts & Recreation Services', 4),
       (151, 732, 'Construction', 5),
       (152, 732, 'Education and Training', 6),
       (153, 732, 'Electricity, Gas, Water and Waste Services', 7),
       (154, 732, 'Financial and Insurance Services', 8),
       (155, 732, 'Health Care and Social Assistance', 9),
       (156, 732, 'Information Media and Telecommunications', 10),
       (157, 732, 'Manufacturing', 11),
       (158, 732, 'Mining', 12),
       (159, 732, 'Other Services', 13),
       (160, 732, 'Professional, Scientific and Technical Services', 14),
       (161, 732, 'Public Administration and Safety', 15),
       (162, 732, 'Rental, Hiring and Real Estate Services', 16),
       (163, 732, 'Retail Trade', 17),
       (164, 732, 'Transport, Postal and Warehousing', 18),
       (165, 734, '', 0),
       (441, 1097, 'Yes', 0),
       (448, 1097, 'No', 1),
       (449, 4562, 'HR representative', 0),
       (450, 4562, 'Mobility advisor', 1),
       (451, 4562, 'Team lead', 2),
       (452, 4562, 'Legal counsel', 3),
       (453, 4562, 'Other', 4),
       (454, 4563, 'Mr.', 0),
       (455, 4563, 'Ms.', 1),
       (456, 4563, 'Mrs.', 2),
       (457, 4563, 'Miss', 3),
       (458, 4563, 'Dr.', 4),
       (459, 4581, 'Email', 0),
       (460, 4581, 'Fax', 1),
       (461, 4581, 'Phone', 2),
       (462, 4587, 'Active', 0),
       (463, 4587, 'Closed', 1),
       (464, 4587, 'Archived', 2),
       (465, 4597, '', 0),
       (466, 4600, '', 0),
       (467, 4602, '', 0),
       (468, 4603, '', 0),
       (469, 4604, '', 0),
       (470, 4605, '', 0),
       (471, 4594, '', 0),
       (472, 4608, 'Male', 0),
       (473, 4608, 'Female', 1),
       (474, 4609, 'Never Married', 0),
       (475, 4609, 'Married', 1),
       (476, 4609, 'Engaged', 2),
       (477, 4609, 'Widowed', 3),
       (478, 4609, 'Separated', 4),
       (479, 4609, 'Divorced', 5),
       (480, 4619, 'Enabled', 0),
       (481, 4619, 'Disabled', 1),
       (482, 4620, 'Enabled', 0),
       (483, 4620, 'Disabled', 1),
       (484, 4609, 'De-Facto/Common Law', 6),
       (485, 4599, 'Accommodation & Food Services', 1),
       (486, 4599, 'Administrative & Support Services', 2),
       (487, 4599, 'Agriculture, Forestry and Fishing', 3),
       (488, 4599, 'Arts & Recreation Services', 4),
       (489, 4599, 'Construction', 5),
       (490, 4599, 'Education and Training', 6),
       (491, 4599, 'Electricity, Gas, Water and Waste Services', 7),
       (492, 4599, 'Financial and Insurance Services', 8),
       (493, 4599, 'Health Care and Social Assistance', 9),
       (494, 4599, 'Information Media and Telecommunications', 10),
       (495, 4599, 'Manufacturing', 11),
       (496, 4599, 'Mining', 12),
       (497, 4599, 'Other Services', 13),
       (498, 4599, 'Professional, Scientific and Technical Services', 14),
       (499, 4599, 'Public Administration and Safety', 15),
       (500, 4599, 'Rental, Hiring and Real Estate Services', 16),
       (501, 4599, 'Retail Trade', 17),
       (502, 4599, 'Transport, Postal and Warehousing', 18),
       (503, 4601, '', 0),
       (504, 4623, 'Yes', 0),
       (505, 4623, 'No', 1),
       (507, 4610, '', 0),
       (508, 4567, '', 0),
       (509, 4576, '', 0),
       (510, 4565, '', 0);

-- --------------------------------------------------------

--
-- Table structure for table `applicant_form_fields`
--

CREATE TABLE `applicant_form_fields`
(
    `applicant_field_id`        int(11) UNSIGNED                                                                                                                                                                                                                                                                                                                                                       NOT NULL,
    `member_type_id`            int(2) UNSIGNED                                                                                                                                                                                                                                                                                                                                                        NOT NULL,
    `company_id`                bigint(20)                                                                                                                                                                                                                                                                                                                                                             NOT NULL,
    `applicant_field_unique_id` varchar(100)                                                                                                                                                                                                                                                                                                                                                                    DEFAULT NULL,
    `type`                      enum ('text','password','number','email','phone','memo','combo','country','agents','office','office_multi','assigned_to','radio','checkbox','date','date_repeatable','photo','file','office_change_date_time','multiple_text_fields','html_editor','kskeydid','case_internal_id','applicant_internal_id','multiple_combo','reference','authorized_agents','hyperlink') NOT NULL DEFAULT 'text',
    `label`                     char(255)                                                                                                                                                                                                                                                                                                                                                                       DEFAULT NULL,
    `maxlength`                 int(6) UNSIGNED                                                                                                                                                                                                                                                                                                                                                                 DEFAULT NULL,
    `encrypted`                 enum ('Y','N')                                                                                                                                                                                                                                                                                                                                                         NOT NULL DEFAULT 'N',
    `required`                  enum ('Y','N')                                                                                                                                                                                                                                                                                                                                                         NOT NULL DEFAULT 'N',
    `required_for_submission`   enum ('Y','N')                                                                                                                                                                                                                                                                                                                                                         NOT NULL DEFAULT 'N',
    `disabled`                  enum ('Y','N')                                                                                                                                                                                                                                                                                                                                                         NOT NULL DEFAULT 'N',
    `blocked`                   enum ('Y','N')                                                                                                                                                                                                                                                                                                                                                         NOT NULL DEFAULT 'N',
    `multiple_values`           enum ('Y','N')                                                                                                                                                                                                                                                                                                                                                         NOT NULL DEFAULT 'N',
    `skip_access_requirements`  enum ('Y','N')                                                                                                                                                                                                                                                                                                                                                         NOT NULL DEFAULT 'N',
    `custom_height`             int(11) UNSIGNED                                                                                                                                                                                                                                                                                                                                                       NOT NULL DEFAULT '0'
) ENGINE = InnoDB
  DEFAULT CHARSET = utf8 COMMENT ='Contains fields that are used/showed in the client''s profile. Each field''s unique id (saved in applicant_field_unique_id) must be unique for specific client type (described in applicant_form_order table).';

--
-- Dumping data for table `applicant_form_fields`
--

INSERT INTO `applicant_form_fields` (`applicant_field_id`, `member_type_id`, `company_id`, `applicant_field_unique_id`,
                                     `type`, `label`, `maxlength`, `encrypted`, `required`, `required_for_submission`,
                                     `disabled`, `blocked`, `multiple_values`, `skip_access_requirements`,
                                     `custom_height`)
VALUES (688, 9, 0, 'given_names', 'text', 'Given Names', 64, 'N', 'Y', 'N', 'N', 'N', 'N', 'N', 0),
       (689, 9, 0, 'family_name', 'text', 'Family Name', 64, 'N', 'Y', 'N', 'N', 'N', 'N', 'N', 0),
       (690, 9, 0, 'phone_h', 'phone', 'Phone (Home)', NULL, 'N', 'N', 'N', 'N', 'N', 'N', 'N', 0),
       (691, 9, 0, 'phone_secondary', 'phone', 'Phone (Secondary)', NULL, 'N', 'N', 'N', 'N', 'N', 'N', 'N', 0),
       (692, 9, 0, 'phone_main', 'phone', 'Phone (Main)', NULL, 'N', 'N', 'N', 'N', 'N', 'N', 'N', 0),
       (693, 9, 0, 'email', 'email', 'Email (Primary)', NULL, 'N', 'N', 'N', 'N', 'N', 'N', 'N', 0),
       (694, 9, 0, 'email_1', 'email', 'Email (Other)', NULL, 'N', 'N', 'N', 'N', 'N', 'N', 'N', 0),
       (695, 9, 0, 'contact_type', 'combo', 'Contact type', NULL, 'N', 'N', 'N', 'N', 'N', 'N', 'N', 0),
       (696, 9, 0, 'title', 'combo', 'Salutation', NULL, 'N', 'N', 'N', 'N', 'N', 'N', 'N', 0),
       (697, 9, 0, 'DOB', 'date_repeatable', 'Date of Birth', NULL, 'N', 'N', 'N', 'N', 'N', 'N', 'N', 0),
       (698, 9, 0, 'passport_number', 'text', 'Passport #', 16, 'N', 'N', 'N', 'N', 'N', 'N', 'N', 0),
       (699, 9, 0, 'passport_exp_date', 'date_repeatable', 'Passport Expiry Date', NULL, 'N', 'N', 'N', 'N', 'N', 'N',
        'N', 0),
       (700, 9, 0, 'country_of_birth', 'text', 'Country of Birth', NULL, 'N', 'N', 'N', 'N', 'N', 'N', 'N', 0),
       (701, 9, 0, 'country_of_residence', 'text', 'Country of Residence', NULL, 'N', 'N', 'N', 'N', 'N', 'N', 'N', 0),
       (702, 9, 0, 'country_of_citizenship', 'text', 'Country of Citizenship', NULL, 'N', 'N', 'N', 'N', 'N', 'N', 'N',
        0),
       (703, 9, 0, 'salutation_in_native_lang', 'text', 'Salutation in Native Language', 20, 'N', 'N', 'N', 'N', 'N',
        'N', 'N', 0),
       (704, 9, 0, 'name_in_native_lang', 'text', 'Name in Native Language', 50, 'N', 'N', 'N', 'N', 'N', 'N', 'N', 0),
       (705, 9, 0, 'preferred_language', 'text', 'Preferred Language', 20, 'N', 'N', 'N', 'N', 'N', 'N', 'N', 0),
       (706, 9, 0, 'photo', 'photo', 'Photo', NULL, 'N', 'N', 'N', 'N', 'N', 'N', 'N', 0),
       (707, 9, 0, 'address_1', 'text', 'Address 1', NULL, 'N', 'N', 'N', 'N', 'N', 'N', 'N', 0),
       (708, 9, 0, 'address_2', 'text', 'Address 2', NULL, 'N', 'N', 'N', 'N', 'N', 'N', 'N', 0),
       (709, 9, 0, 'city', 'text', 'Suburb', 64, 'N', 'N', 'N', 'N', 'N', 'N', 'N', 0),
       (710, 9, 0, 'state', 'text', 'State', 64, 'N', 'N', 'N', 'N', 'N', 'N', 'N', 0),
       (711, 9, 0, 'country', 'country', 'Country', NULL, 'N', 'N', 'N', 'N', 'N', 'N', 'N', 0),
       (712, 9, 0, 'zip_code', 'text', 'Postal code', 16, 'N', 'N', 'N', 'N', 'N', 'N', 'N', 0),
       (713, 9, 0, 'fax_w', 'phone', 'Fax', NULL, 'N', 'N', 'N', 'N', 'N', 'N', 'N', 0),
       (714, 9, 0, 'pref_contact_method', 'combo', 'Preferred Contact Method', NULL, 'N', 'N', 'N', 'N', 'N', 'N', 'N',
        0),
       (715, 9, 0, 'special_instruction', 'memo', 'Special Instruction', NULL, 'N', 'N', 'N', 'N', 'N', 'N', 'N', 0),
       (716, 9, 0, 'entity_name', 'text', 'Entity Name', NULL, 'N', 'Y', 'N', 'N', 'N', 'N', 'N', 0),
       (717, 9, 0, 'company_legal_name', 'text', 'Company Legal Name', NULL, 'N', 'N', 'N', 'N', 'N', 'N', 'N', 0),
       (718, 9, 0, 'company_activity', 'text', 'Company Activity', NULL, 'N', 'N', 'N', 'N', 'N', 'N', 'N', 0),
       (719, 9, 0, 'website', 'text', 'Website', NULL, 'N', 'N', 'N', 'N', 'N', 'N', 'N', 0),
       (720, 9, 0, 'status', 'combo', 'Status', NULL, 'N', 'N', 'N', 'N', 'N', 'N', 'N', 0),
       (721, 9, 0, 'email_2', 'email', 'Email 2', NULL, 'N', 'N', 'N', 'N', 'N', 'N', 'N', 0),
       (722, 9, 0, 'fax_home', 'phone', 'Fax (Home)', NULL, 'N', 'N', 'N', 'N', 'N', 'N', 'N', 0),
       (723, 9, 0, 'fax_other', 'phone', 'Fax (Others)', NULL, 'N', 'N', 'N', 'N', 'N', 'N', 'N', 0),
       (724, 9, 0, 'notes', 'memo', 'Notes', NULL, 'N', 'N', 'N', 'N', 'N', 'N', 'N', 0),
       (725, 7, 0, 'office', 'office_multi', 'Agent\'s Office', NULL, 'N', 'Y', 'N', 'N', 'N', 'N', 'N', 0),
       (726, 8, 0, 'office', 'office_multi', 'Agent\'s Office', NULL, 'N', 'Y', 'N', 'N', 'N', 'N', 'N', 0),
       (727, 8, 0, 'username', 'text', 'Username', 64, 'N', 'N', 'N', 'N', 'N', 'N', 'N', 0),
       (728, 8, 0, 'password', 'password', 'Password', 64, 'N', 'N', 'N', 'N', 'N', 'N', 'N', 0),
       (729, 10, 0, 'office', 'office_multi', 'Agent\'s Office', NULL, 'N', 'Y', 'N', 'N', 'N', 'N', 'N', 0),
       (730, 7, 0, 'username', 'text', 'Username', 0, 'N', 'N', 'N', 'N', 'N', 'N', 'N', 0),
       (731, 7, 0, 'password', 'password', 'Password', 0, 'N', 'N', 'N', 'N', 'N', 'N', 'N', 0),
       (732, 7, 0, 'industry_type', 'combo', 'Industry Type', 0, 'N', 'N', 'N', 'N', 'N', 'N', 'N', 0),
       (733, 7, 0, 'trading_name', 'text', 'Trading Name', 30, 'N', 'N', 'N', 'N', 'N', 'N', 'N', 0),
       (734, 7, 0, 'australian_business_number', 'text', 'Australian Business Number (ABN)', 30, 'N', 'N', 'N', 'N',
        'N', 'N', 'N', 0),
       (735, 7, 0, 'australian_company_number', 'text', 'Australian Company Number (ACN)', 30, 'N', 'N', 'N', 'N', 'N',
        'N', 'N', 0),
       (736, 7, 0, 'australian_registered_body_number', 'text', 'Australian Registered Body Number (ARBN)', 30, 'N',
        'N', 'N', 'N', 'N', 'N', 'N', 0),
       (737, 7, 0, 'australian_securities_exchange_code', 'text', 'Australian Securities Exchange (ASX) Code', 30, 'N',
        'N', 'N', 'N', 'N', 'N', 'N', 0),
       (738, 7, 0, 'operational_since', 'date', 'Operational Since', 0, 'N', 'N', 'N', 'N', 'N', 'N', 'N', 0),
       (739, 9, 0, 'position', 'text', 'Position', 30, 'N', 'N', 'N', 'N', 'N', 'N', 'N', 0),
       (740, 9, 0, 'other_names', 'text', 'Other Names', 64, 'N', 'N', 'N', 'N', 'N', 'N', 'N', 0),
       (741, 9, 0, 'sex', 'combo', 'Sex', NULL, 'N', 'N', 'N', 'N', 'N', 'N', 'N', 0),
       (742, 9, 0, 'relationship_status', 'combo', 'Relationship Status', NULL, 'N', 'N', 'N', 'N', 'N', 'N', 'N', 0),
       (743, 9, 0, 'nationality', 'text', 'Nationality', 64, 'N', 'N', 'N', 'N', 'N', 'N', 'N', 0),
       (744, 9, 0, 'passport_issuing_authority', 'text', 'Passport Issuing Authority', 64, 'N', 'N', 'N', 'N', 'N', 'N',
        'N', 0),
       (745, 9, 0, 'passport_issue_date', 'date', 'Passport Issue Date', NULL, 'N', 'N', 'N', 'N', 'N', 'N', 'N', 0),
       (746, 9, 0, 'passport_expiry_date', 'date', 'Passport Expiry Date', NULL, 'N', 'N', 'N', 'N', 'N', 'N', 'N', 0),
       (747, 9, 0, 'current_visa', 'text', 'Current Visa', 64, 'N', 'N', 'N', 'N', 'N', 'N', 'N', 0),
       (748, 9, 0, 'visa_expiry_date', 'date', 'Visa Expiry Date', NULL, 'N', 'N', 'N', 'N', 'N', 'N', 'N', 0),
       (749, 9, 0, 'country_of_passport', 'text', 'Country of Passport', NULL, 'N', 'N', 'N', 'N', 'N', 'N', 'N', 0),
       (750, 9, 0, 'emergency_contact', 'text', 'Emergency Contact', 64, 'N', 'N', 'N', 'N', 'N', 'N', 'N', 0),
       (751, 9, 0, 'emergency_contact_phone_number', 'phone', 'Emergency Contact Phone Number', NULL, 'N', 'N', 'N',
        'N', 'N', 'N', 'N', 0),
       (752, 8, 0, 'disable_login', 'combo', 'Client Login Access', 0, 'N', 'Y', 'N', 'N', 'N', 'N', 'N', 0),
       (753, 7, 0, 'disable_login', 'combo', 'Client Login Access', 0, 'N', 'Y', 'N', 'N', 'N', 'N', 'N', 0),
       (754, 9, 0, 'department', 'text', 'Department', NULL, 'N', 'N', 'N', 'N', 'N', 'N', 'N', 0),
       (1090, 9, 0, 'medical_expiration_date', 'date', 'Medical Expiration Date', NULL, 'N', 'N', 'N', 'N', 'N', 'N',
        'N', 0),
       (1097, 9, 0, 'migrating', 'combo', 'Migrating', NULL, 'N', 'N', 'N', 'N', 'N', 'N', 'N', 0),
       (4554, 9, 0, 'entered_queue_on', 'office_change_date_time', 'Entered Queue On', NULL, 'N', 'N', 'N', 'N', 'N',
        'N', 'N', 0),
       (4555, 9, 1, 'given_names', 'text', 'Given Names', 64, 'N', 'Y', 'N', 'N', 'N', 'N', 'N', 0),
       (4556, 9, 1, 'family_name', 'text', 'Family Name', 64, 'N', 'Y', 'N', 'N', 'N', 'N', 'N', 0),
       (4557, 9, 1, 'phone_h', 'phone', 'Phone (Home)', NULL, 'N', 'N', 'N', 'N', 'N', 'N', 'N', 0),
       (4558, 9, 1, 'phone_secondary', 'phone', 'Phone (Secondary)', NULL, 'N', 'N', 'N', 'N', 'N', 'N', 'N', 0),
       (4559, 9, 1, 'phone_main', 'phone', 'Phone (Main)', NULL, 'N', 'N', 'N', 'N', 'N', 'N', 'N', 0),
       (4560, 9, 1, 'email', 'email', 'Agent\'s Email (Primary)', 0, 'N', 'Y', 'N', 'N', 'N', 'N', 'N', 0),
       (4561, 9, 1, 'email_1', 'email', 'Applicant\'s Email', 0, 'N', 'N', 'N', 'N', 'N', 'N', 'N', 0),
       (4562, 9, 1, 'contact_type', 'combo', 'Contact type', NULL, 'N', 'N', 'N', 'N', 'N', 'N', 'N', 0),
       (4563, 9, 1, 'title', 'combo', 'Salutation', NULL, 'N', 'N', 'N', 'N', 'N', 'N', 'N', 0),
       (4564, 9, 1, 'DOB', 'date_repeatable', 'Date of Birth', NULL, 'N', 'N', 'N', 'N', 'N', 'N', 'N', 0),
       (4565, 9, 1, 'passport_number', 'text', 'Passport #', 30, 'N', 'N', 'N', 'N', 'N', 'N', 'N', 0),
       (4566, 9, 1, 'passport_exp_date', 'date_repeatable', 'Passport Expiry Date', NULL, 'N', 'N', 'N', 'N', 'N', 'N',
        'N', 0),
       (4567, 9, 1, 'country_of_birth', 'text', 'Place and Country of Birth', 0, 'N', 'N', 'N', 'N', 'N', 'N', 'N', 0),
       (4568, 9, 1, 'country_of_residence', 'country', 'Country of Residence', 0, 'N', 'Y', 'N', 'N', 'N', 'N', 'N', 0),
       (4569, 9, 1, 'country_of_citizenship', 'country', 'Country of Citizenship', 0, 'N', 'Y', 'N', 'N', 'N', 'N', 'N',
        0),
       (4570, 9, 1, 'salutation_in_native_lang', 'text', 'Salutation in Native Language', 20, 'N', 'N', 'N', 'N', 'N',
        'N', 'N', 0),
       (4571, 9, 1, 'name_in_native_lang', 'text', 'Name in Native Language', 50, 'N', 'N', 'N', 'N', 'N', 'N', 'N', 0),
       (4572, 9, 1, 'preferred_language', 'text', 'Preferred Language', 20, 'N', 'N', 'N', 'N', 'N', 'N', 'N', 0),
       (4573, 9, 1, 'photo', 'photo', 'Photo', 0, 'N', 'N', 'N', 'N', 'N', 'N', 'N', 0),
       (4574, 9, 1, 'address_1', 'text', 'Address 1', NULL, 'N', 'N', 'N', 'N', 'N', 'N', 'N', 0),
       (4575, 9, 1, 'address_2', 'text', 'Address 2', NULL, 'N', 'N', 'N', 'N', 'N', 'N', 'N', 0),
       (4576, 9, 1, 'city', 'text', 'City', 64, 'N', 'N', 'N', 'N', 'N', 'N', 'N', 0),
       (4577, 9, 1, 'state', 'text', 'State', 64, 'N', 'N', 'N', 'N', 'N', 'N', 'N', 0),
       (4578, 9, 1, 'country', 'country', 'Country', NULL, 'N', 'N', 'N', 'N', 'N', 'N', 'N', 0),
       (4579, 9, 1, 'zip_code', 'text', 'Postal code', 16, 'N', 'N', 'N', 'N', 'N', 'N', 'N', 0),
       (4580, 9, 1, 'fax_w', 'phone', 'Fax', NULL, 'N', 'N', 'N', 'N', 'N', 'N', 'N', 0),
       (4581, 9, 1, 'pref_contact_method', 'combo', 'Preferred Contact Method', NULL, 'N', 'N', 'N', 'N', 'N', 'N', 'N',
        0),
       (4582, 9, 1, 'special_instruction', 'memo', 'Special Instruction', NULL, 'N', 'N', 'N', 'N', 'N', 'N', 'N', 0),
       (4583, 9, 1, 'entity_name', 'text', 'Entity Name', NULL, 'N', 'Y', 'N', 'N', 'N', 'N', 'N', 0),
       (4584, 9, 1, 'company_legal_name', 'text', 'Company Legal Name', NULL, 'N', 'N', 'N', 'N', 'N', 'N', 'N', 0),
       (4585, 9, 1, 'company_activity', 'text', 'Company Activity', NULL, 'N', 'N', 'N', 'N', 'N', 'N', 'N', 0),
       (4586, 9, 1, 'website', 'text', 'Website', NULL, 'N', 'N', 'N', 'N', 'N', 'N', 'N', 0),
       (4587, 9, 1, 'status', 'combo', 'Status', NULL, 'N', 'N', 'N', 'N', 'N', 'N', 'N', 0),
       (4588, 9, 1, 'email_2', 'email', 'Email 2', NULL, 'N', 'N', 'N', 'N', 'N', 'N', 'N', 0),
       (4589, 9, 1, 'fax_home', 'phone', 'Fax (Home)', NULL, 'N', 'N', 'N', 'N', 'N', 'N', 'N', 0),
       (4590, 9, 1, 'fax_other', 'phone', 'Fax (Others)', NULL, 'N', 'N', 'N', 'N', 'N', 'N', 'N', 0),
       (4591, 9, 1, 'notes', 'memo', 'Notes', NULL, 'N', 'N', 'N', 'N', 'N', 'N', 'N', 0),
       (4592, 7, 1, 'office', 'office_multi', 'Queue', NULL, 'N', 'Y', 'N', 'N', 'N', 'N', 'N', 0),
       (4593, 8, 1, 'office', 'office_multi', 'Queue', NULL, 'N', 'Y', 'N', 'N', 'N', 'N', 'N', 0),
       (4594, 8, 1, 'username', 'text', 'Username', 64, 'N', 'N', 'N', 'N', 'N', 'N', 'N', 0),
       (4595, 8, 1, 'password', 'password', 'Password', 64, 'N', 'N', 'N', 'N', 'N', 'N', 'N', 0),
       (4596, 10, 1, 'office', 'office_multi', 'Queue', NULL, 'N', 'Y', 'N', 'N', 'N', 'N', 'N', 0),
       (4597, 7, 1, 'username', 'text', 'Username', 0, 'N', 'N', 'N', 'N', 'N', 'N', 'N', 0),
       (4598, 7, 1, 'password', 'password', 'Password', 0, 'N', 'N', 'N', 'N', 'N', 'N', 'N', 0),
       (4599, 7, 1, 'industry_type', 'combo', 'Industry Type', 0, 'N', 'N', 'N', 'N', 'N', 'N', 'N', 0),
       (4600, 7, 1, 'trading_name', 'text', 'Trading Name', 30, 'N', 'N', 'N', 'N', 'N', 'N', 'N', 0),
       (4601, 7, 1, 'australian_business_number', 'text', 'Australian Business Number (ABN)', 30, 'N', 'N', 'N', 'N',
        'N', 'N', 'N', 0),
       (4602, 7, 1, 'australian_company_number', 'text', 'Australian Company Number (ACN)', 30, 'N', 'N', 'N', 'N', 'N',
        'N', 'N', 0),
       (4603, 7, 1, 'australian_registered_body_number', 'text', 'Australian Registered Body Number (ARBN)', 30, 'N',
        'N', 'N', 'N', 'N', 'N', 'N', 0),
       (4604, 7, 1, 'australian_securities_exchange_code', 'text', 'Australian Securities Exchange (ASX) Code', 30, 'N',
        'N', 'N', 'N', 'N', 'N', 'N', 0),
       (4605, 7, 1, 'operational_since', 'date', 'Operational Since', 0, 'N', 'N', 'N', 'N', 'N', 'N', 'N', 0),
       (4606, 9, 1, 'position', 'text', 'Position', 30, 'N', 'N', 'N', 'N', 'N', 'N', 'N', 0),
       (4607, 9, 1, 'other_names', 'text', 'Other Names', 64, 'N', 'N', 'N', 'N', 'N', 'N', 'N', 0),
       (4608, 9, 1, 'sex', 'combo', 'Sex', NULL, 'N', 'N', 'N', 'N', 'N', 'N', 'N', 0),
       (4609, 9, 1, 'relationship_status', 'combo', 'Marital Status', 0, 'N', 'N', 'N', 'N', 'N', 'N', 'N', 0),
       (4610, 9, 1, 'nationality', 'text', 'Nationality', 64, 'N', 'N', 'N', 'N', 'N', 'N', 'N', 0),
       (4611, 9, 1, 'passport_issuing_authority', 'text', 'Passport Issuing Authority', 64, 'N', 'N', 'N', 'N', 'N',
        'N', 'N', 0),
       (4612, 9, 1, 'passport_issue_date', 'date', 'Passport Issue Date', NULL, 'N', 'N', 'N', 'N', 'N', 'N', 'N', 0),
       (4613, 9, 1, 'passport_expiry_date', 'date', 'Passport Expiry Date', NULL, 'N', 'N', 'N', 'N', 'N', 'N', 'N', 0),
       (4614, 9, 1, 'current_visa', 'text', 'Current Visa', 64, 'N', 'N', 'N', 'N', 'N', 'N', 'N', 0),
       (4615, 9, 1, 'visa_expiry_date', 'date', 'Visa Expiry Date', NULL, 'N', 'N', 'N', 'N', 'N', 'N', 'N', 0),
       (4616, 9, 1, 'country_of_passport', 'text', 'Country of Passport', NULL, 'N', 'N', 'N', 'N', 'N', 'N', 'N', 0),
       (4617, 9, 1, 'emergency_contact', 'text', 'Emergency Contact', 64, 'N', 'N', 'N', 'N', 'N', 'N', 'N', 0),
       (4618, 9, 1, 'emergency_contact_phone_number', 'phone', 'Emergency Contact Phone Number', NULL, 'N', 'N', 'N',
        'N', 'N', 'N', 'N', 0),
       (4619, 8, 1, 'disable_login', 'combo', 'Client Login Access', 0, 'N', 'Y', 'N', 'N', 'N', 'N', 'N', 0),
       (4620, 7, 1, 'disable_login', 'combo', 'Client Login Access', 0, 'N', 'Y', 'N', 'N', 'N', 'N', 'N', 0),
       (4621, 9, 1, 'department', 'text', 'Department', NULL, 'N', 'N', 'N', 'N', 'N', 'N', 'N', 0),
       (4622, 9, 1, 'medical_expiration_date', 'date', 'Medical Expiration Date', NULL, 'N', 'N', 'N', 'N', 'N', 'N',
        'N', 0),
       (4623, 9, 1, 'migrating', 'combo', 'Migrating', NULL, 'N', 'N', 'N', 'N', 'N', 'N', 'N', 0),
       (4624, 9, 1, 'entered_queue_on', 'office_change_date_time', 'Entered Queue On', NULL, 'N', 'N', 'N', 'N', 'N',
        'N', 'N', 0),
       (4625, 9, 1, 'passport_issuing_country', 'country', 'Passport Issuing Country', 0, 'N', 'N', 'N', 'N', 'N', 'N',
        'N', 0),
       (4626, 9, 1, 'subagents_email', 'email', 'Subagent\'s Email', 0, 'N', 'N', 'N', 'N', 'N', 'N', 'N', 0);

-- --------------------------------------------------------

--
-- Table structure for table `applicant_form_fields_access`
--

CREATE TABLE `applicant_form_fields_access`
(
    `role_id`            int(11)          NOT NULL,
    `applicant_group_id` int(11) UNSIGNED NOT NULL,
    `applicant_field_id` int(11) UNSIGNED NOT NULL,
    `status`             enum ('R','F')   NOT NULL DEFAULT 'R' COMMENT 'R=read only, F=full access'
) ENGINE = InnoDB
  DEFAULT CHARSET = utf8 COMMENT ='Identifies if specific role has access to specific client''s field. If there is no record here - role has not access to the field. Because the same field can be placed in different groups - group id is used here too.';

--
-- Dumping data for table `applicant_form_fields_access`
--

INSERT INTO `applicant_form_fields_access` (`role_id`, `applicant_group_id`, `applicant_field_id`, `status`)
VALUES (4812, 161, 688, 'F'),
       (4812, 161, 689, 'F'),
       (4812, 161, 697, 'F'),
       (4812, 161, 698, 'F'),
       (4812, 161, 700, 'F'),
       (4812, 161, 701, 'F'),
       (4812, 161, 706, 'F'),
       (4812, 161, 726, 'F'),
       (4812, 161, 740, 'F'),
       (4812, 161, 741, 'F'),
       (4812, 161, 742, 'F'),
       (4812, 161, 743, 'F'),
       (4812, 161, 744, 'F'),
       (4812, 161, 745, 'F'),
       (4812, 161, 746, 'F'),
       (4812, 161, 747, 'F'),
       (4812, 161, 748, 'F'),
       (4812, 161, 749, 'F'),
       (4812, 162, 691, 'F'),
       (4812, 162, 692, 'F'),
       (4812, 162, 693, 'F'),
       (4812, 162, 694, 'F'),
       (4812, 162, 707, 'F'),
       (4812, 162, 708, 'F'),
       (4812, 162, 709, 'F'),
       (4812, 162, 710, 'F'),
       (4812, 162, 711, 'F'),
       (4812, 162, 712, 'F'),
       (4812, 162, 714, 'F'),
       (4812, 162, 750, 'F'),
       (4812, 162, 751, 'F'),
       (4812, 163, 727, 'F'),
       (4812, 163, 728, 'F'),
       (4812, 163, 752, 'F'),
       (4812, 164, 716, 'F'),
       (4812, 164, 725, 'F'),
       (4812, 164, 732, 'F'),
       (4812, 164, 733, 'F'),
       (4812, 164, 734, 'F'),
       (4812, 164, 735, 'F'),
       (4812, 164, 736, 'F'),
       (4812, 164, 737, 'F'),
       (4812, 164, 738, 'F'),
       (4812, 165, 688, 'F'),
       (4812, 165, 689, 'F'),
       (4812, 165, 691, 'F'),
       (4812, 165, 692, 'F'),
       (4812, 165, 693, 'F'),
       (4812, 165, 694, 'F'),
       (4812, 165, 707, 'F'),
       (4812, 165, 708, 'F'),
       (4812, 165, 709, 'F'),
       (4812, 165, 710, 'F'),
       (4812, 165, 711, 'F'),
       (4812, 165, 712, 'F'),
       (4812, 165, 713, 'F'),
       (4812, 165, 739, 'F'),
       (4812, 166, 688, 'F'),
       (4812, 166, 689, 'F'),
       (4812, 166, 696, 'F'),
       (4812, 166, 729, 'F'),
       (4812, 166, 739, 'F'),
       (4812, 166, 754, 'F'),
       (4812, 167, 691, 'F'),
       (4812, 167, 692, 'F'),
       (4812, 167, 693, 'F'),
       (4812, 167, 694, 'F'),
       (4812, 167, 707, 'F'),
       (4812, 167, 708, 'F'),
       (4812, 167, 709, 'F'),
       (4812, 167, 710, 'F'),
       (4812, 167, 711, 'F'),
       (4812, 167, 712, 'F'),
       (4812, 167, 713, 'F'),
       (4812, 168, 724, 'F'),
       (4812, 169, 730, 'F'),
       (4812, 169, 731, 'F'),
       (4812, 169, 753, 'F'),
       (4812, 170, 691, 'F'),
       (4812, 170, 692, 'F'),
       (4812, 170, 693, 'F'),
       (4812, 170, 694, 'F'),
       (4812, 170, 707, 'F'),
       (4812, 170, 708, 'F'),
       (4812, 170, 709, 'F'),
       (4812, 170, 710, 'F'),
       (4812, 170, 711, 'F'),
       (4812, 170, 712, 'F'),
       (4812, 170, 713, 'F'),
       (4812, 171, 688, 'F'),
       (4812, 171, 689, 'F'),
       (4812, 171, 696, 'F'),
       (4812, 171, 729, 'F'),
       (4812, 171, 739, 'F'),
       (4812, 171, 754, 'F'),
       (4812, 172, 691, 'F'),
       (4812, 172, 692, 'F'),
       (4812, 172, 693, 'F'),
       (4812, 172, 694, 'F'),
       (4812, 172, 707, 'F'),
       (4812, 172, 708, 'F'),
       (4812, 172, 709, 'F'),
       (4812, 172, 710, 'F'),
       (4812, 172, 711, 'F'),
       (4812, 172, 712, 'F'),
       (4812, 172, 713, 'F'),
       (4812, 173, 724, 'F'),
       (4812, 174, 688, 'F'),
       (4812, 174, 689, 'F'),
       (4812, 174, 696, 'F'),
       (4812, 174, 729, 'F'),
       (4812, 174, 739, 'F'),
       (4812, 174, 754, 'F'),
       (4812, 175, 691, 'F'),
       (4812, 175, 692, 'F'),
       (4812, 175, 693, 'F'),
       (4812, 175, 694, 'F'),
       (4812, 175, 707, 'F'),
       (4812, 175, 708, 'F'),
       (4812, 175, 709, 'F'),
       (4812, 175, 710, 'F'),
       (4812, 175, 711, 'F'),
       (4812, 175, 712, 'F'),
       (4812, 175, 713, 'F'),
       (4812, 176, 724, 'F'),
       (4812, 177, 688, 'F'),
       (4812, 177, 689, 'F'),
       (4812, 177, 696, 'F'),
       (4812, 177, 729, 'F'),
       (4812, 177, 739, 'F'),
       (4812, 177, 754, 'F'),
       (4812, 178, 691, 'F'),
       (4812, 178, 692, 'F'),
       (4812, 178, 693, 'F'),
       (4812, 178, 694, 'F'),
       (4812, 178, 707, 'F'),
       (4812, 178, 708, 'F'),
       (4812, 178, 709, 'F'),
       (4812, 178, 710, 'F'),
       (4812, 178, 711, 'F'),
       (4812, 178, 712, 'F'),
       (4812, 178, 713, 'F'),
       (4812, 179, 724, 'F'),
       (4812, 180, 688, 'F'),
       (4812, 180, 689, 'F'),
       (4812, 180, 696, 'F'),
       (4812, 180, 729, 'F'),
       (4812, 180, 739, 'F'),
       (4812, 180, 754, 'F'),
       (4812, 181, 691, 'F'),
       (4812, 181, 692, 'F'),
       (4812, 181, 693, 'F'),
       (4812, 181, 694, 'F'),
       (4812, 181, 707, 'F'),
       (4812, 181, 708, 'F'),
       (4812, 181, 709, 'F'),
       (4812, 181, 710, 'F'),
       (4812, 181, 711, 'F'),
       (4812, 181, 712, 'F'),
       (4812, 181, 713, 'F'),
       (4812, 182, 724, 'F'),
       (4812, 183, 688, 'F'),
       (4812, 183, 689, 'F'),
       (4812, 183, 696, 'F'),
       (4812, 183, 729, 'F'),
       (4812, 183, 739, 'F'),
       (4812, 183, 754, 'F'),
       (4812, 184, 691, 'F'),
       (4812, 184, 692, 'F'),
       (4812, 184, 693, 'F'),
       (4812, 184, 694, 'F'),
       (4812, 184, 707, 'F'),
       (4812, 184, 708, 'F'),
       (4812, 184, 709, 'F'),
       (4812, 184, 710, 'F'),
       (4812, 184, 711, 'F'),
       (4812, 184, 712, 'F'),
       (4812, 184, 713, 'F'),
       (4812, 185, 724, 'F'),
       (4812, 186, 688, 'F'),
       (4812, 186, 689, 'F'),
       (4812, 186, 696, 'F'),
       (4812, 186, 729, 'F'),
       (4812, 186, 739, 'F'),
       (4812, 186, 754, 'F'),
       (4812, 187, 691, 'F'),
       (4812, 187, 692, 'F'),
       (4812, 187, 693, 'F'),
       (4812, 187, 694, 'F'),
       (4812, 187, 707, 'F'),
       (4812, 187, 708, 'F'),
       (4812, 187, 709, 'F'),
       (4812, 187, 710, 'F'),
       (4812, 187, 711, 'F'),
       (4812, 187, 712, 'F'),
       (4812, 187, 713, 'F'),
       (4812, 188, 724, 'F'),
       (4812, 189, 688, 'F'),
       (4812, 189, 689, 'F'),
       (4812, 189, 696, 'F'),
       (4812, 189, 729, 'F'),
       (4812, 189, 739, 'F'),
       (4812, 189, 754, 'F'),
       (4812, 190, 691, 'F'),
       (4812, 190, 692, 'F'),
       (4812, 190, 693, 'F'),
       (4812, 190, 694, 'F'),
       (4812, 190, 707, 'F'),
       (4812, 190, 708, 'F'),
       (4812, 190, 709, 'F'),
       (4812, 190, 710, 'F'),
       (4812, 190, 711, 'F'),
       (4812, 190, 712, 'F'),
       (4812, 190, 713, 'F'),
       (4812, 191, 724, 'F'),
       (4813, 161, 688, 'F'),
       (4813, 161, 689, 'F'),
       (4813, 161, 697, 'F'),
       (4813, 161, 698, 'F'),
       (4813, 161, 700, 'F'),
       (4813, 161, 701, 'F'),
       (4813, 161, 706, 'F'),
       (4813, 161, 726, 'F'),
       (4813, 161, 740, 'F'),
       (4813, 161, 741, 'F'),
       (4813, 161, 742, 'F'),
       (4813, 161, 743, 'F'),
       (4813, 161, 744, 'F'),
       (4813, 161, 745, 'F'),
       (4813, 161, 746, 'F'),
       (4813, 161, 747, 'F'),
       (4813, 161, 748, 'F'),
       (4813, 161, 749, 'F'),
       (4813, 162, 691, 'F'),
       (4813, 162, 692, 'F'),
       (4813, 162, 693, 'F'),
       (4813, 162, 694, 'F'),
       (4813, 162, 707, 'F'),
       (4813, 162, 708, 'F'),
       (4813, 162, 709, 'F'),
       (4813, 162, 710, 'F'),
       (4813, 162, 711, 'F'),
       (4813, 162, 712, 'F'),
       (4813, 162, 714, 'F'),
       (4813, 162, 750, 'F'),
       (4813, 162, 751, 'F'),
       (4813, 163, 727, 'F'),
       (4813, 163, 728, 'F'),
       (4813, 163, 752, 'F'),
       (4813, 164, 716, 'F'),
       (4813, 164, 725, 'F'),
       (4813, 164, 732, 'F'),
       (4813, 164, 733, 'F'),
       (4813, 164, 734, 'F'),
       (4813, 164, 735, 'F'),
       (4813, 164, 736, 'F'),
       (4813, 164, 737, 'F'),
       (4813, 164, 738, 'F'),
       (4813, 165, 688, 'F'),
       (4813, 165, 689, 'F'),
       (4813, 165, 691, 'F'),
       (4813, 165, 692, 'F'),
       (4813, 165, 693, 'F'),
       (4813, 165, 694, 'F'),
       (4813, 165, 707, 'F'),
       (4813, 165, 708, 'F'),
       (4813, 165, 709, 'F'),
       (4813, 165, 710, 'F'),
       (4813, 165, 711, 'F'),
       (4813, 165, 712, 'F'),
       (4813, 165, 713, 'F'),
       (4813, 165, 739, 'F'),
       (4813, 166, 688, 'F'),
       (4813, 166, 689, 'F'),
       (4813, 166, 696, 'F'),
       (4813, 166, 729, 'F'),
       (4813, 166, 739, 'F'),
       (4813, 166, 754, 'F'),
       (4813, 167, 691, 'F'),
       (4813, 167, 692, 'F'),
       (4813, 167, 693, 'F'),
       (4813, 167, 694, 'F'),
       (4813, 167, 707, 'F'),
       (4813, 167, 708, 'F'),
       (4813, 167, 709, 'F'),
       (4813, 167, 710, 'F'),
       (4813, 167, 711, 'F'),
       (4813, 167, 712, 'F'),
       (4813, 167, 713, 'F'),
       (4813, 168, 724, 'F'),
       (4813, 169, 730, 'F'),
       (4813, 169, 731, 'F'),
       (4813, 169, 753, 'F'),
       (4813, 170, 691, 'F'),
       (4813, 170, 692, 'F'),
       (4813, 170, 693, 'F'),
       (4813, 170, 694, 'F'),
       (4813, 170, 707, 'F'),
       (4813, 170, 708, 'F'),
       (4813, 170, 709, 'F'),
       (4813, 170, 710, 'F'),
       (4813, 170, 711, 'F'),
       (4813, 170, 712, 'F'),
       (4813, 170, 713, 'F'),
       (4813, 171, 688, 'F'),
       (4813, 171, 689, 'F'),
       (4813, 171, 696, 'F'),
       (4813, 171, 729, 'F'),
       (4813, 171, 739, 'F'),
       (4813, 171, 754, 'F'),
       (4813, 172, 691, 'F'),
       (4813, 172, 692, 'F'),
       (4813, 172, 693, 'F'),
       (4813, 172, 694, 'F'),
       (4813, 172, 707, 'F'),
       (4813, 172, 708, 'F'),
       (4813, 172, 709, 'F'),
       (4813, 172, 710, 'F'),
       (4813, 172, 711, 'F'),
       (4813, 172, 712, 'F'),
       (4813, 172, 713, 'F'),
       (4813, 173, 724, 'F'),
       (4813, 174, 688, 'F'),
       (4813, 174, 689, 'F'),
       (4813, 174, 696, 'F'),
       (4813, 174, 729, 'F'),
       (4813, 174, 739, 'F'),
       (4813, 174, 754, 'F'),
       (4813, 175, 691, 'F'),
       (4813, 175, 692, 'F'),
       (4813, 175, 693, 'F'),
       (4813, 175, 694, 'F'),
       (4813, 175, 707, 'F'),
       (4813, 175, 708, 'F'),
       (4813, 175, 709, 'F'),
       (4813, 175, 710, 'F'),
       (4813, 175, 711, 'F'),
       (4813, 175, 712, 'F'),
       (4813, 175, 713, 'F'),
       (4813, 176, 724, 'F'),
       (4813, 177, 688, 'F'),
       (4813, 177, 689, 'F'),
       (4813, 177, 696, 'F'),
       (4813, 177, 729, 'F'),
       (4813, 177, 739, 'F'),
       (4813, 177, 754, 'F'),
       (4813, 178, 691, 'F'),
       (4813, 178, 692, 'F'),
       (4813, 178, 693, 'F'),
       (4813, 178, 694, 'F'),
       (4813, 178, 707, 'F'),
       (4813, 178, 708, 'F'),
       (4813, 178, 709, 'F'),
       (4813, 178, 710, 'F'),
       (4813, 178, 711, 'F'),
       (4813, 178, 712, 'F'),
       (4813, 178, 713, 'F'),
       (4813, 179, 724, 'F'),
       (4813, 180, 688, 'F'),
       (4813, 180, 689, 'F'),
       (4813, 180, 696, 'F'),
       (4813, 180, 729, 'F'),
       (4813, 180, 739, 'F'),
       (4813, 180, 754, 'F'),
       (4813, 181, 691, 'F'),
       (4813, 181, 692, 'F'),
       (4813, 181, 693, 'F'),
       (4813, 181, 694, 'F'),
       (4813, 181, 707, 'F'),
       (4813, 181, 708, 'F'),
       (4813, 181, 709, 'F'),
       (4813, 181, 710, 'F'),
       (4813, 181, 711, 'F'),
       (4813, 181, 712, 'F'),
       (4813, 181, 713, 'F'),
       (4813, 182, 724, 'F'),
       (4813, 183, 688, 'F'),
       (4813, 183, 689, 'F'),
       (4813, 183, 696, 'F'),
       (4813, 183, 729, 'F'),
       (4813, 183, 739, 'F'),
       (4813, 183, 754, 'F'),
       (4813, 184, 691, 'F'),
       (4813, 184, 692, 'F'),
       (4813, 184, 693, 'F'),
       (4813, 184, 694, 'F'),
       (4813, 184, 707, 'F'),
       (4813, 184, 708, 'F'),
       (4813, 184, 709, 'F'),
       (4813, 184, 710, 'F'),
       (4813, 184, 711, 'F'),
       (4813, 184, 712, 'F'),
       (4813, 184, 713, 'F'),
       (4813, 185, 724, 'F'),
       (4813, 186, 688, 'F'),
       (4813, 186, 689, 'F'),
       (4813, 186, 696, 'F'),
       (4813, 186, 729, 'F'),
       (4813, 186, 739, 'F'),
       (4813, 186, 754, 'F'),
       (4813, 187, 691, 'F'),
       (4813, 187, 692, 'F'),
       (4813, 187, 693, 'F'),
       (4813, 187, 694, 'F'),
       (4813, 187, 707, 'F'),
       (4813, 187, 708, 'F'),
       (4813, 187, 709, 'F'),
       (4813, 187, 710, 'F'),
       (4813, 187, 711, 'F'),
       (4813, 187, 712, 'F'),
       (4813, 187, 713, 'F'),
       (4813, 188, 724, 'F'),
       (4813, 189, 688, 'F'),
       (4813, 189, 689, 'F'),
       (4813, 189, 696, 'F'),
       (4813, 189, 729, 'F'),
       (4813, 189, 739, 'F'),
       (4813, 189, 754, 'F'),
       (4813, 190, 691, 'F'),
       (4813, 190, 692, 'F'),
       (4813, 190, 693, 'F'),
       (4813, 190, 694, 'F'),
       (4813, 190, 707, 'F'),
       (4813, 190, 708, 'F'),
       (4813, 190, 709, 'F'),
       (4813, 190, 710, 'F'),
       (4813, 190, 711, 'F'),
       (4813, 190, 712, 'F'),
       (4813, 190, 713, 'F'),
       (4813, 191, 724, 'F'),
       (4816, 161, 688, 'F'),
       (4816, 161, 689, 'F'),
       (4816, 161, 697, 'F'),
       (4816, 161, 698, 'F'),
       (4816, 161, 700, 'F'),
       (4816, 161, 701, 'F'),
       (4816, 161, 706, 'F'),
       (4816, 161, 726, 'F'),
       (4816, 161, 740, 'F'),
       (4816, 161, 741, 'F'),
       (4816, 161, 742, 'F'),
       (4816, 161, 743, 'F'),
       (4816, 161, 744, 'F'),
       (4816, 161, 745, 'F'),
       (4816, 161, 746, 'F'),
       (4816, 161, 747, 'F'),
       (4816, 161, 748, 'F'),
       (4816, 161, 749, 'F'),
       (4816, 162, 691, 'F'),
       (4816, 162, 692, 'F'),
       (4816, 162, 693, 'F'),
       (4816, 162, 694, 'F'),
       (4816, 162, 707, 'F'),
       (4816, 162, 708, 'F'),
       (4816, 162, 709, 'F'),
       (4816, 162, 710, 'F'),
       (4816, 162, 711, 'F'),
       (4816, 162, 712, 'F'),
       (4816, 162, 714, 'F'),
       (4816, 162, 750, 'F'),
       (4816, 162, 751, 'F'),
       (4816, 163, 727, 'F'),
       (4816, 163, 728, 'F'),
       (4816, 163, 752, 'F'),
       (4816, 164, 716, 'F'),
       (4816, 164, 725, 'F'),
       (4816, 164, 732, 'F'),
       (4816, 164, 733, 'F'),
       (4816, 164, 734, 'F'),
       (4816, 164, 735, 'F'),
       (4816, 164, 736, 'F'),
       (4816, 164, 737, 'F'),
       (4816, 164, 738, 'F'),
       (4816, 165, 688, 'F'),
       (4816, 165, 689, 'F'),
       (4816, 165, 691, 'F'),
       (4816, 165, 692, 'F'),
       (4816, 165, 693, 'F'),
       (4816, 165, 694, 'F'),
       (4816, 165, 707, 'F'),
       (4816, 165, 708, 'F'),
       (4816, 165, 709, 'F'),
       (4816, 165, 710, 'F'),
       (4816, 165, 711, 'F'),
       (4816, 165, 712, 'F'),
       (4816, 165, 713, 'F'),
       (4816, 165, 739, 'F'),
       (4816, 166, 688, 'F'),
       (4816, 166, 689, 'F'),
       (4816, 166, 696, 'F'),
       (4816, 166, 729, 'F'),
       (4816, 166, 739, 'F'),
       (4816, 166, 754, 'F'),
       (4816, 167, 691, 'F'),
       (4816, 167, 692, 'F'),
       (4816, 167, 693, 'F'),
       (4816, 167, 694, 'F'),
       (4816, 167, 707, 'F'),
       (4816, 167, 708, 'F'),
       (4816, 167, 709, 'F'),
       (4816, 167, 710, 'F'),
       (4816, 167, 711, 'F'),
       (4816, 167, 712, 'F'),
       (4816, 167, 713, 'F'),
       (4816, 168, 724, 'F'),
       (4816, 169, 730, 'F'),
       (4816, 169, 731, 'F'),
       (4816, 169, 753, 'F'),
       (4816, 170, 691, 'F'),
       (4816, 170, 692, 'F'),
       (4816, 170, 693, 'F'),
       (4816, 170, 694, 'F'),
       (4816, 170, 707, 'F'),
       (4816, 170, 708, 'F'),
       (4816, 170, 709, 'F'),
       (4816, 170, 710, 'F'),
       (4816, 170, 711, 'F'),
       (4816, 170, 712, 'F'),
       (4816, 170, 713, 'F'),
       (4816, 171, 688, 'F'),
       (4816, 171, 689, 'F'),
       (4816, 171, 696, 'F'),
       (4816, 171, 729, 'F'),
       (4816, 171, 739, 'F'),
       (4816, 171, 754, 'F'),
       (4816, 172, 691, 'F'),
       (4816, 172, 692, 'F'),
       (4816, 172, 693, 'F'),
       (4816, 172, 694, 'F'),
       (4816, 172, 707, 'F'),
       (4816, 172, 708, 'F'),
       (4816, 172, 709, 'F'),
       (4816, 172, 710, 'F'),
       (4816, 172, 711, 'F'),
       (4816, 172, 712, 'F'),
       (4816, 172, 713, 'F'),
       (4816, 173, 724, 'F'),
       (4816, 174, 688, 'F'),
       (4816, 174, 689, 'F'),
       (4816, 174, 696, 'F'),
       (4816, 174, 729, 'F'),
       (4816, 174, 739, 'F'),
       (4816, 174, 754, 'F'),
       (4816, 175, 691, 'F'),
       (4816, 175, 692, 'F'),
       (4816, 175, 693, 'F'),
       (4816, 175, 694, 'F'),
       (4816, 175, 707, 'F'),
       (4816, 175, 708, 'F'),
       (4816, 175, 709, 'F'),
       (4816, 175, 710, 'F'),
       (4816, 175, 711, 'F'),
       (4816, 175, 712, 'F'),
       (4816, 175, 713, 'F'),
       (4816, 176, 724, 'F'),
       (4816, 177, 688, 'F'),
       (4816, 177, 689, 'F'),
       (4816, 177, 696, 'F'),
       (4816, 177, 729, 'F'),
       (4816, 177, 739, 'F'),
       (4816, 177, 754, 'F'),
       (4816, 178, 691, 'F'),
       (4816, 178, 692, 'F'),
       (4816, 178, 693, 'F'),
       (4816, 178, 694, 'F'),
       (4816, 178, 707, 'F'),
       (4816, 178, 708, 'F'),
       (4816, 178, 709, 'F'),
       (4816, 178, 710, 'F'),
       (4816, 178, 711, 'F'),
       (4816, 178, 712, 'F'),
       (4816, 178, 713, 'F'),
       (4816, 179, 724, 'F'),
       (4816, 180, 688, 'F'),
       (4816, 180, 689, 'F'),
       (4816, 180, 696, 'F'),
       (4816, 180, 729, 'F'),
       (4816, 180, 739, 'F'),
       (4816, 180, 754, 'F'),
       (4816, 181, 691, 'F'),
       (4816, 181, 692, 'F'),
       (4816, 181, 693, 'F'),
       (4816, 181, 694, 'F'),
       (4816, 181, 707, 'F'),
       (4816, 181, 708, 'F'),
       (4816, 181, 709, 'F'),
       (4816, 181, 710, 'F'),
       (4816, 181, 711, 'F'),
       (4816, 181, 712, 'F'),
       (4816, 181, 713, 'F'),
       (4816, 182, 724, 'F'),
       (4816, 183, 688, 'F'),
       (4816, 183, 689, 'F'),
       (4816, 183, 696, 'F'),
       (4816, 183, 729, 'F'),
       (4816, 183, 739, 'F'),
       (4816, 183, 754, 'F'),
       (4816, 184, 691, 'F'),
       (4816, 184, 692, 'F'),
       (4816, 184, 693, 'F'),
       (4816, 184, 694, 'F'),
       (4816, 184, 707, 'F'),
       (4816, 184, 708, 'F'),
       (4816, 184, 709, 'F'),
       (4816, 184, 710, 'F'),
       (4816, 184, 711, 'F'),
       (4816, 184, 712, 'F'),
       (4816, 184, 713, 'F'),
       (4816, 185, 724, 'F'),
       (4816, 186, 688, 'F'),
       (4816, 186, 689, 'F'),
       (4816, 186, 696, 'F'),
       (4816, 186, 729, 'F'),
       (4816, 186, 739, 'F'),
       (4816, 186, 754, 'F'),
       (4816, 187, 691, 'F'),
       (4816, 187, 692, 'F'),
       (4816, 187, 693, 'F'),
       (4816, 187, 694, 'F'),
       (4816, 187, 707, 'F'),
       (4816, 187, 708, 'F'),
       (4816, 187, 709, 'F'),
       (4816, 187, 710, 'F'),
       (4816, 187, 711, 'F'),
       (4816, 187, 712, 'F'),
       (4816, 187, 713, 'F'),
       (4816, 188, 724, 'F'),
       (4816, 189, 688, 'F'),
       (4816, 189, 689, 'F'),
       (4816, 189, 696, 'F'),
       (4816, 189, 729, 'F'),
       (4816, 189, 739, 'F'),
       (4816, 189, 754, 'F'),
       (4816, 190, 691, 'F'),
       (4816, 190, 692, 'F'),
       (4816, 190, 693, 'F'),
       (4816, 190, 694, 'F'),
       (4816, 190, 707, 'F'),
       (4816, 190, 708, 'F'),
       (4816, 190, 709, 'F'),
       (4816, 190, 710, 'F'),
       (4816, 190, 711, 'F'),
       (4816, 190, 712, 'F'),
       (4816, 190, 713, 'F'),
       (4816, 191, 724, 'F'),
       (4817, 161, 688, 'R'),
       (4817, 161, 689, 'R'),
       (4817, 161, 697, 'R'),
       (4817, 161, 698, 'R'),
       (4817, 161, 700, 'R'),
       (4817, 161, 701, 'R'),
       (4817, 161, 706, 'R'),
       (4817, 161, 726, 'R'),
       (4817, 161, 740, 'R'),
       (4817, 161, 741, 'R'),
       (4817, 161, 742, 'R'),
       (4817, 161, 743, 'R'),
       (4817, 161, 744, 'R'),
       (4817, 161, 745, 'R'),
       (4817, 161, 746, 'R'),
       (4817, 161, 747, 'R'),
       (4817, 161, 748, 'R'),
       (4817, 161, 749, 'R'),
       (4817, 162, 691, 'R'),
       (4817, 162, 692, 'R'),
       (4817, 162, 693, 'R'),
       (4817, 162, 694, 'R'),
       (4817, 162, 707, 'R'),
       (4817, 162, 708, 'R'),
       (4817, 162, 709, 'R'),
       (4817, 162, 710, 'R'),
       (4817, 162, 711, 'R'),
       (4817, 162, 712, 'R'),
       (4817, 162, 714, 'R'),
       (4817, 162, 750, 'R'),
       (4817, 162, 751, 'R'),
       (4817, 164, 716, 'R'),
       (4817, 164, 725, 'R'),
       (4817, 164, 732, 'R'),
       (4817, 164, 733, 'R'),
       (4817, 164, 734, 'R'),
       (4817, 164, 735, 'R'),
       (4817, 164, 736, 'R'),
       (4817, 164, 737, 'R'),
       (4817, 164, 738, 'R'),
       (4817, 165, 688, 'R'),
       (4817, 165, 689, 'R'),
       (4817, 165, 691, 'R'),
       (4817, 165, 692, 'R'),
       (4817, 165, 693, 'R'),
       (4817, 165, 694, 'R'),
       (4817, 165, 707, 'R'),
       (4817, 165, 708, 'R'),
       (4817, 165, 709, 'R'),
       (4817, 165, 710, 'R'),
       (4817, 165, 711, 'R'),
       (4817, 165, 712, 'R'),
       (4817, 165, 713, 'R'),
       (4817, 165, 739, 'R'),
       (4817, 170, 691, 'R'),
       (4817, 170, 692, 'R'),
       (4817, 170, 693, 'R'),
       (4817, 170, 694, 'R'),
       (4817, 170, 707, 'R'),
       (4817, 170, 708, 'R'),
       (4817, 170, 709, 'R'),
       (4817, 170, 710, 'R'),
       (4817, 170, 711, 'R'),
       (4817, 170, 712, 'R'),
       (4817, 170, 713, 'R'),
       (4819, 161, 688, 'F'),
       (4819, 161, 689, 'F'),
       (4819, 161, 697, 'F'),
       (4819, 161, 698, 'F'),
       (4819, 161, 700, 'F'),
       (4819, 161, 701, 'F'),
       (4819, 161, 706, 'F'),
       (4819, 161, 726, 'F'),
       (4819, 161, 740, 'F'),
       (4819, 161, 741, 'F'),
       (4819, 161, 742, 'F'),
       (4819, 161, 743, 'F'),
       (4819, 161, 744, 'F'),
       (4819, 161, 745, 'F'),
       (4819, 161, 746, 'F'),
       (4819, 161, 747, 'F'),
       (4819, 161, 748, 'F'),
       (4819, 161, 749, 'F'),
       (4819, 162, 691, 'F'),
       (4819, 162, 692, 'F'),
       (4819, 162, 693, 'F'),
       (4819, 162, 694, 'F'),
       (4819, 162, 707, 'F'),
       (4819, 162, 708, 'F'),
       (4819, 162, 709, 'F'),
       (4819, 162, 710, 'F'),
       (4819, 162, 711, 'F'),
       (4819, 162, 712, 'F'),
       (4819, 162, 714, 'F'),
       (4819, 162, 750, 'F'),
       (4819, 162, 751, 'F'),
       (4819, 163, 727, 'F'),
       (4819, 163, 728, 'F'),
       (4819, 163, 752, 'F'),
       (4819, 164, 716, 'F'),
       (4819, 164, 725, 'F'),
       (4819, 164, 732, 'F'),
       (4819, 164, 733, 'F'),
       (4819, 164, 734, 'F'),
       (4819, 164, 735, 'F'),
       (4819, 164, 736, 'F'),
       (4819, 164, 737, 'F'),
       (4819, 164, 738, 'F'),
       (4819, 165, 688, 'F'),
       (4819, 165, 689, 'F'),
       (4819, 165, 691, 'F'),
       (4819, 165, 692, 'F'),
       (4819, 165, 693, 'F'),
       (4819, 165, 694, 'F'),
       (4819, 165, 707, 'F'),
       (4819, 165, 708, 'F'),
       (4819, 165, 709, 'F'),
       (4819, 165, 710, 'F'),
       (4819, 165, 711, 'F'),
       (4819, 165, 712, 'F'),
       (4819, 165, 713, 'F'),
       (4819, 165, 739, 'F'),
       (4819, 166, 688, 'F'),
       (4819, 166, 689, 'F'),
       (4819, 166, 696, 'F'),
       (4819, 166, 729, 'F'),
       (4819, 166, 739, 'F'),
       (4819, 166, 754, 'F'),
       (4819, 167, 691, 'F'),
       (4819, 167, 692, 'F'),
       (4819, 167, 693, 'F'),
       (4819, 167, 694, 'F'),
       (4819, 167, 707, 'F'),
       (4819, 167, 708, 'F'),
       (4819, 167, 709, 'F'),
       (4819, 167, 710, 'F'),
       (4819, 167, 711, 'F'),
       (4819, 167, 712, 'F'),
       (4819, 167, 713, 'F'),
       (4819, 168, 724, 'F'),
       (4819, 169, 730, 'F'),
       (4819, 169, 731, 'F'),
       (4819, 169, 753, 'F'),
       (4819, 170, 691, 'F'),
       (4819, 170, 692, 'F'),
       (4819, 170, 693, 'F'),
       (4819, 170, 694, 'F'),
       (4819, 170, 707, 'F'),
       (4819, 170, 708, 'F'),
       (4819, 170, 709, 'F'),
       (4819, 170, 710, 'F'),
       (4819, 170, 711, 'F'),
       (4819, 170, 712, 'F'),
       (4819, 170, 713, 'F'),
       (4819, 171, 688, 'F'),
       (4819, 171, 689, 'F'),
       (4819, 171, 696, 'F'),
       (4819, 171, 729, 'F'),
       (4819, 171, 739, 'F'),
       (4819, 171, 754, 'F'),
       (4819, 172, 691, 'F'),
       (4819, 172, 692, 'F'),
       (4819, 172, 693, 'F'),
       (4819, 172, 694, 'F'),
       (4819, 172, 707, 'F'),
       (4819, 172, 708, 'F'),
       (4819, 172, 709, 'F'),
       (4819, 172, 710, 'F'),
       (4819, 172, 711, 'F'),
       (4819, 172, 712, 'F'),
       (4819, 172, 713, 'F'),
       (4819, 173, 724, 'F'),
       (4819, 174, 688, 'F'),
       (4819, 174, 689, 'F'),
       (4819, 174, 696, 'F'),
       (4819, 174, 729, 'F'),
       (4819, 174, 739, 'F'),
       (4819, 174, 754, 'F'),
       (4819, 175, 691, 'F'),
       (4819, 175, 692, 'F'),
       (4819, 175, 693, 'F'),
       (4819, 175, 694, 'F'),
       (4819, 175, 707, 'F'),
       (4819, 175, 708, 'F'),
       (4819, 175, 709, 'F'),
       (4819, 175, 710, 'F'),
       (4819, 175, 711, 'F'),
       (4819, 175, 712, 'F'),
       (4819, 175, 713, 'F'),
       (4819, 176, 724, 'F'),
       (4819, 177, 688, 'F'),
       (4819, 177, 689, 'F'),
       (4819, 177, 696, 'F'),
       (4819, 177, 729, 'F'),
       (4819, 177, 739, 'F'),
       (4819, 177, 754, 'F'),
       (4819, 178, 691, 'F'),
       (4819, 178, 692, 'F'),
       (4819, 178, 693, 'F'),
       (4819, 178, 694, 'F'),
       (4819, 178, 707, 'F'),
       (4819, 178, 708, 'F'),
       (4819, 178, 709, 'F'),
       (4819, 178, 710, 'F'),
       (4819, 178, 711, 'F'),
       (4819, 178, 712, 'F'),
       (4819, 178, 713, 'F'),
       (4819, 179, 724, 'F'),
       (4819, 180, 688, 'F'),
       (4819, 180, 689, 'F'),
       (4819, 180, 696, 'F'),
       (4819, 180, 729, 'F'),
       (4819, 180, 739, 'F'),
       (4819, 180, 754, 'F'),
       (4819, 181, 691, 'F'),
       (4819, 181, 692, 'F'),
       (4819, 181, 693, 'F'),
       (4819, 181, 694, 'F'),
       (4819, 181, 707, 'F'),
       (4819, 181, 708, 'F'),
       (4819, 181, 709, 'F'),
       (4819, 181, 710, 'F'),
       (4819, 181, 711, 'F'),
       (4819, 181, 712, 'F'),
       (4819, 181, 713, 'F'),
       (4819, 182, 724, 'F'),
       (4819, 183, 688, 'F'),
       (4819, 183, 689, 'F'),
       (4819, 183, 696, 'F'),
       (4819, 183, 729, 'F'),
       (4819, 183, 739, 'F'),
       (4819, 183, 754, 'F'),
       (4819, 184, 691, 'F'),
       (4819, 184, 692, 'F'),
       (4819, 184, 693, 'F'),
       (4819, 184, 694, 'F'),
       (4819, 184, 707, 'F'),
       (4819, 184, 708, 'F'),
       (4819, 184, 709, 'F'),
       (4819, 184, 710, 'F'),
       (4819, 184, 711, 'F'),
       (4819, 184, 712, 'F'),
       (4819, 184, 713, 'F'),
       (4819, 185, 724, 'F'),
       (4819, 186, 688, 'F'),
       (4819, 186, 689, 'F'),
       (4819, 186, 696, 'F'),
       (4819, 186, 729, 'F'),
       (4819, 186, 739, 'F'),
       (4819, 186, 754, 'F'),
       (4819, 187, 691, 'F'),
       (4819, 187, 692, 'F'),
       (4819, 187, 693, 'F'),
       (4819, 187, 694, 'F'),
       (4819, 187, 707, 'F'),
       (4819, 187, 708, 'F'),
       (4819, 187, 709, 'F'),
       (4819, 187, 710, 'F'),
       (4819, 187, 711, 'F'),
       (4819, 187, 712, 'F'),
       (4819, 187, 713, 'F'),
       (4819, 188, 724, 'F'),
       (4819, 189, 688, 'F'),
       (4819, 189, 689, 'F'),
       (4819, 189, 696, 'F'),
       (4819, 189, 729, 'F'),
       (4819, 189, 739, 'F'),
       (4819, 189, 754, 'F'),
       (4819, 190, 691, 'F'),
       (4819, 190, 692, 'F'),
       (4819, 190, 693, 'F'),
       (4819, 190, 694, 'F'),
       (4819, 190, 707, 'F'),
       (4819, 190, 708, 'F'),
       (4819, 190, 709, 'F'),
       (4819, 190, 710, 'F'),
       (4819, 190, 711, 'F'),
       (4819, 190, 712, 'F'),
       (4819, 190, 713, 'F'),
       (4819, 191, 724, 'F'),
       (4820, 161, 688, 'F'),
       (4820, 161, 689, 'F'),
       (4820, 161, 697, 'F'),
       (4820, 161, 698, 'F'),
       (4820, 161, 700, 'F'),
       (4820, 161, 701, 'F'),
       (4820, 161, 726, 'F'),
       (4820, 161, 740, 'F'),
       (4820, 161, 741, 'F'),
       (4820, 161, 742, 'F'),
       (4820, 161, 743, 'F'),
       (4820, 161, 744, 'F'),
       (4820, 161, 745, 'F'),
       (4820, 161, 746, 'F'),
       (4820, 161, 747, 'F'),
       (4820, 161, 748, 'F'),
       (4820, 161, 749, 'F'),
       (4820, 162, 691, 'F'),
       (4820, 162, 692, 'F'),
       (4820, 162, 693, 'F'),
       (4820, 162, 694, 'F'),
       (4820, 162, 707, 'F'),
       (4820, 162, 708, 'F'),
       (4820, 162, 709, 'F'),
       (4820, 162, 710, 'F'),
       (4820, 162, 711, 'F'),
       (4820, 162, 712, 'F'),
       (4820, 162, 714, 'F'),
       (4820, 162, 750, 'F'),
       (4820, 162, 751, 'F'),
       (4820, 163, 727, 'F'),
       (4820, 163, 728, 'F'),
       (4820, 163, 752, 'F'),
       (4820, 164, 716, 'F'),
       (4820, 164, 725, 'F'),
       (4820, 164, 732, 'F'),
       (4820, 164, 733, 'F'),
       (4820, 164, 734, 'F'),
       (4820, 164, 735, 'F'),
       (4820, 164, 736, 'F'),
       (4820, 164, 737, 'F'),
       (4820, 164, 738, 'F'),
       (4820, 165, 688, 'F'),
       (4820, 165, 689, 'F'),
       (4820, 165, 691, 'F'),
       (4820, 165, 692, 'F'),
       (4820, 165, 693, 'F'),
       (4820, 165, 694, 'F'),
       (4820, 165, 707, 'F'),
       (4820, 165, 708, 'F'),
       (4820, 165, 709, 'F'),
       (4820, 165, 710, 'F'),
       (4820, 165, 711, 'F'),
       (4820, 165, 712, 'F'),
       (4820, 165, 713, 'F'),
       (4820, 165, 739, 'F'),
       (4820, 166, 688, 'F'),
       (4820, 166, 689, 'F'),
       (4820, 166, 696, 'F'),
       (4820, 166, 729, 'F'),
       (4820, 166, 739, 'F'),
       (4820, 166, 754, 'F'),
       (4820, 167, 691, 'F'),
       (4820, 167, 692, 'F'),
       (4820, 167, 693, 'F'),
       (4820, 167, 694, 'F'),
       (4820, 167, 707, 'F'),
       (4820, 167, 708, 'F'),
       (4820, 167, 709, 'F'),
       (4820, 167, 710, 'F'),
       (4820, 167, 711, 'F'),
       (4820, 167, 712, 'F'),
       (4820, 167, 713, 'F'),
       (4820, 168, 724, 'F'),
       (4820, 169, 730, 'F'),
       (4820, 169, 731, 'F'),
       (4820, 169, 753, 'F'),
       (4820, 170, 691, 'F'),
       (4820, 170, 692, 'F'),
       (4820, 170, 693, 'F'),
       (4820, 170, 694, 'F'),
       (4820, 170, 707, 'F'),
       (4820, 170, 708, 'F'),
       (4820, 170, 709, 'F'),
       (4820, 170, 710, 'F'),
       (4820, 170, 711, 'F'),
       (4820, 170, 712, 'F'),
       (4820, 170, 713, 'F'),
       (4820, 171, 688, 'F'),
       (4820, 171, 689, 'F'),
       (4820, 171, 696, 'F'),
       (4820, 171, 729, 'F'),
       (4820, 171, 739, 'F'),
       (4820, 171, 754, 'F'),
       (4820, 172, 691, 'F'),
       (4820, 172, 692, 'F'),
       (4820, 172, 693, 'F'),
       (4820, 172, 694, 'F'),
       (4820, 172, 707, 'F'),
       (4820, 172, 708, 'F'),
       (4820, 172, 709, 'F'),
       (4820, 172, 710, 'F'),
       (4820, 172, 711, 'F'),
       (4820, 172, 712, 'F'),
       (4820, 172, 713, 'F'),
       (4820, 173, 724, 'F'),
       (4820, 174, 688, 'F'),
       (4820, 174, 689, 'F'),
       (4820, 174, 696, 'F'),
       (4820, 174, 729, 'F'),
       (4820, 174, 739, 'F'),
       (4820, 174, 754, 'F'),
       (4820, 175, 691, 'F'),
       (4820, 175, 692, 'F'),
       (4820, 175, 693, 'F'),
       (4820, 175, 694, 'F'),
       (4820, 175, 707, 'F'),
       (4820, 175, 708, 'F'),
       (4820, 175, 709, 'F'),
       (4820, 175, 710, 'F'),
       (4820, 175, 711, 'F'),
       (4820, 175, 712, 'F'),
       (4820, 175, 713, 'F'),
       (4820, 176, 724, 'F'),
       (4820, 177, 688, 'F'),
       (4820, 177, 689, 'F'),
       (4820, 177, 696, 'F'),
       (4820, 177, 729, 'F'),
       (4820, 177, 739, 'F'),
       (4820, 177, 754, 'F'),
       (4820, 178, 691, 'F'),
       (4820, 178, 692, 'F'),
       (4820, 178, 693, 'F'),
       (4820, 178, 694, 'F'),
       (4820, 178, 707, 'F'),
       (4820, 178, 708, 'F'),
       (4820, 178, 709, 'F'),
       (4820, 178, 710, 'F'),
       (4820, 178, 711, 'F'),
       (4820, 178, 712, 'F'),
       (4820, 178, 713, 'F'),
       (4820, 179, 724, 'F'),
       (4820, 180, 688, 'F'),
       (4820, 180, 689, 'F'),
       (4820, 180, 696, 'F'),
       (4820, 180, 729, 'F'),
       (4820, 180, 739, 'F'),
       (4820, 180, 754, 'F'),
       (4820, 181, 691, 'F'),
       (4820, 181, 692, 'F'),
       (4820, 181, 693, 'F'),
       (4820, 181, 694, 'F'),
       (4820, 181, 707, 'F'),
       (4820, 181, 708, 'F'),
       (4820, 181, 709, 'F'),
       (4820, 181, 710, 'F'),
       (4820, 181, 711, 'F'),
       (4820, 181, 712, 'F'),
       (4820, 181, 713, 'F'),
       (4820, 182, 724, 'F'),
       (4820, 183, 688, 'F'),
       (4820, 183, 689, 'F'),
       (4820, 183, 696, 'F'),
       (4820, 183, 729, 'F'),
       (4820, 183, 739, 'F'),
       (4820, 183, 754, 'F'),
       (4820, 184, 691, 'F'),
       (4820, 184, 692, 'F'),
       (4820, 184, 693, 'F'),
       (4820, 184, 694, 'F'),
       (4820, 184, 707, 'F'),
       (4820, 184, 708, 'F'),
       (4820, 184, 709, 'F'),
       (4820, 184, 710, 'F'),
       (4820, 184, 711, 'F'),
       (4820, 184, 712, 'F'),
       (4820, 184, 713, 'F'),
       (4820, 185, 724, 'F'),
       (4820, 186, 688, 'F'),
       (4820, 186, 689, 'F'),
       (4820, 186, 696, 'F'),
       (4820, 186, 729, 'F'),
       (4820, 186, 739, 'F'),
       (4820, 186, 754, 'F'),
       (4820, 187, 691, 'F'),
       (4820, 187, 692, 'F'),
       (4820, 187, 693, 'F'),
       (4820, 187, 694, 'F'),
       (4820, 187, 707, 'F'),
       (4820, 187, 708, 'F'),
       (4820, 187, 709, 'F'),
       (4820, 187, 710, 'F'),
       (4820, 187, 711, 'F'),
       (4820, 187, 712, 'F'),
       (4820, 187, 713, 'F'),
       (4820, 188, 724, 'F'),
       (4820, 189, 688, 'F'),
       (4820, 189, 689, 'F'),
       (4820, 189, 696, 'F'),
       (4820, 189, 729, 'F'),
       (4820, 189, 739, 'F'),
       (4820, 189, 754, 'F'),
       (4820, 190, 691, 'F'),
       (4820, 190, 692, 'F'),
       (4820, 190, 693, 'F'),
       (4820, 190, 694, 'F'),
       (4820, 190, 707, 'F'),
       (4820, 190, 708, 'F'),
       (4820, 190, 709, 'F'),
       (4820, 190, 710, 'F'),
       (4820, 190, 711, 'F'),
       (4820, 190, 712, 'F'),
       (4820, 190, 713, 'F'),
       (4820, 191, 724, 'F'),
       (4821, 161, 688, 'F'),
       (4821, 161, 689, 'F'),
       (4821, 161, 697, 'F'),
       (4821, 161, 698, 'F'),
       (4821, 161, 700, 'F'),
       (4821, 161, 701, 'F'),
       (4821, 161, 706, 'F'),
       (4821, 161, 726, 'F'),
       (4821, 161, 740, 'F'),
       (4821, 161, 741, 'F'),
       (4821, 161, 742, 'F'),
       (4821, 161, 743, 'F'),
       (4821, 161, 744, 'F'),
       (4821, 161, 745, 'F'),
       (4821, 161, 746, 'F'),
       (4821, 161, 747, 'F'),
       (4821, 161, 748, 'F'),
       (4821, 161, 749, 'F'),
       (4821, 162, 691, 'F'),
       (4821, 162, 692, 'F'),
       (4821, 162, 693, 'F'),
       (4821, 162, 694, 'F'),
       (4821, 162, 707, 'F'),
       (4821, 162, 708, 'F'),
       (4821, 162, 709, 'F'),
       (4821, 162, 710, 'F'),
       (4821, 162, 711, 'F'),
       (4821, 162, 712, 'F'),
       (4821, 162, 714, 'F'),
       (4821, 162, 750, 'F'),
       (4821, 162, 751, 'F'),
       (4821, 163, 727, 'R'),
       (4821, 163, 728, 'R'),
       (4821, 163, 752, 'R'),
       (4821, 164, 716, 'F'),
       (4821, 164, 725, 'F'),
       (4821, 164, 732, 'F'),
       (4821, 164, 733, 'F'),
       (4821, 164, 734, 'F'),
       (4821, 164, 735, 'F'),
       (4821, 164, 736, 'F'),
       (4821, 164, 737, 'F'),
       (4821, 164, 738, 'F'),
       (4821, 165, 688, 'F'),
       (4821, 165, 689, 'F'),
       (4821, 165, 691, 'F'),
       (4821, 165, 692, 'F'),
       (4821, 165, 693, 'F'),
       (4821, 165, 694, 'F'),
       (4821, 165, 707, 'F'),
       (4821, 165, 708, 'F'),
       (4821, 165, 709, 'F'),
       (4821, 165, 710, 'F'),
       (4821, 165, 711, 'F'),
       (4821, 165, 712, 'F'),
       (4821, 165, 713, 'F'),
       (4821, 165, 739, 'F'),
       (4821, 166, 688, 'F'),
       (4821, 166, 689, 'F'),
       (4821, 166, 696, 'F'),
       (4821, 166, 729, 'F'),
       (4821, 166, 739, 'F'),
       (4821, 166, 754, 'F'),
       (4821, 167, 691, 'F'),
       (4821, 167, 692, 'F'),
       (4821, 167, 693, 'F'),
       (4821, 167, 694, 'F'),
       (4821, 167, 707, 'F'),
       (4821, 167, 708, 'F'),
       (4821, 167, 709, 'F'),
       (4821, 167, 710, 'F'),
       (4821, 167, 711, 'F'),
       (4821, 167, 712, 'F'),
       (4821, 167, 713, 'F'),
       (4821, 168, 724, 'F'),
       (4821, 169, 730, 'R'),
       (4821, 169, 731, 'R'),
       (4821, 169, 753, 'R'),
       (4821, 170, 691, 'F'),
       (4821, 170, 692, 'F'),
       (4821, 170, 693, 'F'),
       (4821, 170, 694, 'F'),
       (4821, 170, 707, 'F'),
       (4821, 170, 708, 'F'),
       (4821, 170, 709, 'F'),
       (4821, 170, 710, 'F'),
       (4821, 170, 711, 'F'),
       (4821, 170, 712, 'F'),
       (4821, 170, 713, 'F'),
       (4821, 171, 688, 'F'),
       (4821, 171, 689, 'F'),
       (4821, 171, 696, 'F'),
       (4821, 171, 729, 'F'),
       (4821, 171, 739, 'F'),
       (4821, 171, 754, 'F'),
       (4821, 172, 691, 'F'),
       (4821, 172, 692, 'F'),
       (4821, 172, 693, 'F'),
       (4821, 172, 694, 'F'),
       (4821, 172, 707, 'F'),
       (4821, 172, 708, 'F'),
       (4821, 172, 709, 'F'),
       (4821, 172, 710, 'F'),
       (4821, 172, 711, 'F'),
       (4821, 172, 712, 'F'),
       (4821, 172, 713, 'F'),
       (4821, 173, 724, 'F'),
       (4821, 174, 688, 'F'),
       (4821, 174, 689, 'F'),
       (4821, 174, 696, 'F'),
       (4821, 174, 729, 'F'),
       (4821, 174, 739, 'F'),
       (4821, 174, 754, 'F'),
       (4821, 175, 691, 'F'),
       (4821, 175, 692, 'F'),
       (4821, 175, 693, 'F'),
       (4821, 175, 694, 'F'),
       (4821, 175, 707, 'F'),
       (4821, 175, 708, 'F'),
       (4821, 175, 709, 'F'),
       (4821, 175, 710, 'F'),
       (4821, 175, 711, 'F'),
       (4821, 175, 712, 'F'),
       (4821, 175, 713, 'F'),
       (4821, 176, 724, 'F'),
       (4821, 177, 688, 'F'),
       (4821, 177, 689, 'F'),
       (4821, 177, 696, 'F'),
       (4821, 177, 729, 'F'),
       (4821, 177, 739, 'F'),
       (4821, 177, 754, 'F'),
       (4821, 178, 691, 'F'),
       (4821, 178, 692, 'F'),
       (4821, 178, 693, 'F'),
       (4821, 178, 694, 'F'),
       (4821, 178, 707, 'F'),
       (4821, 178, 708, 'F'),
       (4821, 178, 709, 'F'),
       (4821, 178, 710, 'F'),
       (4821, 178, 711, 'F'),
       (4821, 178, 712, 'F'),
       (4821, 178, 713, 'F'),
       (4821, 179, 724, 'F'),
       (4821, 180, 688, 'F'),
       (4821, 180, 689, 'F'),
       (4821, 180, 696, 'F'),
       (4821, 180, 729, 'F'),
       (4821, 180, 739, 'F'),
       (4821, 180, 754, 'F'),
       (4821, 181, 691, 'F'),
       (4821, 181, 692, 'F'),
       (4821, 181, 693, 'F'),
       (4821, 181, 694, 'F'),
       (4821, 181, 707, 'F'),
       (4821, 181, 708, 'F'),
       (4821, 181, 709, 'F'),
       (4821, 181, 710, 'F'),
       (4821, 181, 711, 'F'),
       (4821, 181, 712, 'F'),
       (4821, 181, 713, 'F'),
       (4821, 182, 724, 'F'),
       (4821, 183, 688, 'F'),
       (4821, 183, 689, 'F'),
       (4821, 183, 696, 'F'),
       (4821, 183, 729, 'F'),
       (4821, 183, 739, 'F'),
       (4821, 183, 754, 'F'),
       (4821, 184, 691, 'F'),
       (4821, 184, 692, 'F'),
       (4821, 184, 693, 'F'),
       (4821, 184, 694, 'F'),
       (4821, 184, 707, 'F'),
       (4821, 184, 708, 'F'),
       (4821, 184, 709, 'F'),
       (4821, 184, 710, 'F'),
       (4821, 184, 711, 'F'),
       (4821, 184, 712, 'F'),
       (4821, 184, 713, 'F'),
       (4821, 185, 724, 'F'),
       (4821, 186, 688, 'F'),
       (4821, 186, 689, 'F'),
       (4821, 186, 696, 'F'),
       (4821, 186, 729, 'F'),
       (4821, 186, 739, 'F'),
       (4821, 186, 754, 'F'),
       (4821, 187, 691, 'F'),
       (4821, 187, 692, 'F'),
       (4821, 187, 693, 'F'),
       (4821, 187, 694, 'F'),
       (4821, 187, 707, 'F'),
       (4821, 187, 708, 'F'),
       (4821, 187, 709, 'F'),
       (4821, 187, 710, 'F'),
       (4821, 187, 711, 'F'),
       (4821, 187, 712, 'F'),
       (4821, 187, 713, 'F'),
       (4821, 188, 724, 'F'),
       (4821, 189, 688, 'F'),
       (4821, 189, 689, 'F'),
       (4821, 189, 696, 'F'),
       (4821, 189, 729, 'F'),
       (4821, 189, 739, 'F'),
       (4821, 189, 754, 'F'),
       (4821, 190, 691, 'F'),
       (4821, 190, 692, 'F'),
       (4821, 190, 693, 'F'),
       (4821, 190, 694, 'F'),
       (4821, 190, 707, 'F'),
       (4821, 190, 708, 'F'),
       (4821, 190, 709, 'F'),
       (4821, 190, 710, 'F'),
       (4821, 190, 711, 'F'),
       (4821, 190, 712, 'F'),
       (4821, 190, 713, 'F'),
       (4821, 191, 724, 'F'),
       (4822, 161, 688, 'R'),
       (4822, 161, 689, 'R'),
       (4822, 161, 697, 'R'),
       (4822, 161, 706, 'R'),
       (4822, 161, 726, 'R'),
       (4822, 161, 741, 'R'),
       (4822, 161, 742, 'R'),
       (4822, 161, 748, 'R'),
       (4822, 164, 716, 'R'),
       (4822, 164, 732, 'R'),
       (4822, 164, 733, 'R'),
       (4822, 164, 734, 'R'),
       (4822, 164, 735, 'R'),
       (4822, 164, 736, 'R'),
       (4822, 164, 737, 'R'),
       (4822, 164, 738, 'R'),
       (4918, 2456, 4555, 'R'),
       (4918, 2456, 4556, 'R'),
       (4918, 2456, 4564, 'R'),
       (4918, 2456, 4573, 'R'),
       (4918, 2456, 4593, 'R'),
       (4918, 2456, 4608, 'R'),
       (4918, 2456, 4609, 'R'),
       (4918, 2459, 4583, 'R'),
       (4918, 2459, 4599, 'R'),
       (4918, 2459, 4600, 'R'),
       (4918, 2459, 4601, 'R'),
       (4918, 2459, 4602, 'R'),
       (4918, 2459, 4603, 'R'),
       (4918, 2459, 4604, 'R'),
       (4918, 2459, 4605, 'R'),
       (4919, 2456, 4555, 'F'),
       (4919, 2456, 4556, 'F'),
       (4919, 2456, 4563, 'F'),
       (4919, 2456, 4564, 'F'),
       (4919, 2456, 4565, 'F'),
       (4919, 2456, 4567, 'F'),
       (4919, 2456, 4568, 'F'),
       (4919, 2456, 4569, 'F'),
       (4919, 2456, 4573, 'F'),
       (4919, 2456, 4593, 'F'),
       (4919, 2456, 4607, 'F'),
       (4919, 2456, 4608, 'F'),
       (4919, 2456, 4609, 'F'),
       (4919, 2456, 4612, 'F'),
       (4919, 2456, 4613, 'F'),
       (4919, 2456, 4625, 'F'),
       (4919, 2457, 4557, 'F'),
       (4919, 2457, 4558, 'F'),
       (4919, 2457, 4559, 'F'),
       (4919, 2457, 4560, 'F'),
       (4919, 2457, 4561, 'F'),
       (4919, 2457, 4574, 'F'),
       (4919, 2457, 4575, 'F'),
       (4919, 2457, 4576, 'F'),
       (4919, 2457, 4577, 'F'),
       (4919, 2457, 4578, 'F'),
       (4919, 2457, 4579, 'F'),
       (4919, 2457, 4617, 'F'),
       (4919, 2457, 4618, 'F'),
       (4925, 2456, 4555, 'F'),
       (4925, 2456, 4556, 'F'),
       (4925, 2456, 4563, 'F'),
       (4925, 2456, 4564, 'F'),
       (4925, 2456, 4565, 'F'),
       (4925, 2456, 4567, 'F'),
       (4925, 2456, 4568, 'F'),
       (4925, 2456, 4569, 'F'),
       (4925, 2456, 4573, 'F'),
       (4925, 2456, 4593, 'F'),
       (4925, 2456, 4607, 'F'),
       (4925, 2456, 4608, 'F'),
       (4925, 2456, 4609, 'F'),
       (4925, 2456, 4612, 'F'),
       (4925, 2456, 4613, 'F'),
       (4925, 2456, 4625, 'F'),
       (4925, 2457, 4557, 'F'),
       (4925, 2457, 4558, 'F'),
       (4925, 2457, 4559, 'F'),
       (4925, 2457, 4560, 'F'),
       (4925, 2457, 4561, 'F'),
       (4925, 2457, 4574, 'F'),
       (4925, 2457, 4575, 'F'),
       (4925, 2457, 4576, 'F'),
       (4925, 2457, 4577, 'F'),
       (4925, 2457, 4578, 'F'),
       (4925, 2457, 4579, 'F'),
       (4925, 2457, 4617, 'F'),
       (4925, 2457, 4618, 'F'),
       (4925, 2457, 4626, 'F'),
       (4926, 2456, 4555, 'F'),
       (4926, 2456, 4556, 'F'),
       (4926, 2456, 4563, 'F'),
       (4926, 2456, 4564, 'F'),
       (4926, 2456, 4565, 'F'),
       (4926, 2456, 4567, 'F'),
       (4926, 2456, 4568, 'F'),
       (4926, 2456, 4569, 'F'),
       (4926, 2456, 4573, 'F'),
       (4926, 2456, 4593, 'F'),
       (4926, 2456, 4607, 'F'),
       (4926, 2456, 4608, 'F'),
       (4926, 2456, 4609, 'F'),
       (4926, 2456, 4612, 'F'),
       (4926, 2456, 4613, 'F'),
       (4926, 2456, 4625, 'F'),
       (4926, 2457, 4557, 'F'),
       (4926, 2457, 4558, 'F'),
       (4926, 2457, 4559, 'F'),
       (4926, 2457, 4560, 'F'),
       (4926, 2457, 4561, 'F'),
       (4926, 2457, 4574, 'F'),
       (4926, 2457, 4575, 'F'),
       (4926, 2457, 4576, 'F'),
       (4926, 2457, 4577, 'F'),
       (4926, 2457, 4578, 'F'),
       (4926, 2457, 4579, 'F'),
       (4926, 2457, 4617, 'F'),
       (4926, 2457, 4618, 'F'),
       (4926, 2457, 4626, 'F'),
       (4927, 2456, 4555, 'F'),
       (4927, 2456, 4556, 'F'),
       (4927, 2456, 4563, 'F'),
       (4927, 2456, 4564, 'F'),
       (4927, 2456, 4565, 'F'),
       (4927, 2456, 4567, 'F'),
       (4927, 2456, 4568, 'F'),
       (4927, 2456, 4569, 'F'),
       (4927, 2456, 4573, 'F'),
       (4927, 2456, 4593, 'F'),
       (4927, 2456, 4607, 'F'),
       (4927, 2456, 4608, 'F'),
       (4927, 2456, 4609, 'F'),
       (4927, 2456, 4612, 'F'),
       (4927, 2456, 4613, 'F'),
       (4927, 2456, 4625, 'F'),
       (4927, 2457, 4557, 'F'),
       (4927, 2457, 4558, 'F'),
       (4927, 2457, 4559, 'F'),
       (4927, 2457, 4560, 'F'),
       (4927, 2457, 4561, 'F'),
       (4927, 2457, 4574, 'F'),
       (4927, 2457, 4575, 'F'),
       (4927, 2457, 4576, 'F'),
       (4927, 2457, 4577, 'F'),
       (4927, 2457, 4578, 'F'),
       (4927, 2457, 4579, 'F'),
       (4927, 2457, 4617, 'F'),
       (4927, 2457, 4618, 'F'),
       (4927, 2457, 4626, 'F'),
       (4928, 2456, 4555, 'R'),
       (4928, 2456, 4556, 'R'),
       (4928, 2456, 4563, 'R'),
       (4928, 2456, 4564, 'R'),
       (4928, 2456, 4565, 'R'),
       (4928, 2456, 4567, 'R'),
       (4928, 2456, 4568, 'R'),
       (4928, 2456, 4569, 'R'),
       (4928, 2456, 4573, 'R'),
       (4928, 2456, 4593, 'R'),
       (4928, 2456, 4607, 'R'),
       (4928, 2456, 4608, 'R'),
       (4928, 2456, 4609, 'R'),
       (4928, 2456, 4612, 'R'),
       (4928, 2456, 4613, 'R'),
       (4928, 2456, 4625, 'R'),
       (4928, 2457, 4557, 'R'),
       (4928, 2457, 4558, 'R'),
       (4928, 2457, 4559, 'R'),
       (4928, 2457, 4560, 'R'),
       (4928, 2457, 4561, 'R'),
       (4928, 2457, 4574, 'R'),
       (4928, 2457, 4575, 'R'),
       (4928, 2457, 4576, 'R'),
       (4928, 2457, 4577, 'R'),
       (4928, 2457, 4578, 'R'),
       (4928, 2457, 4579, 'R'),
       (4928, 2457, 4617, 'R'),
       (4928, 2457, 4618, 'R'),
       (4928, 2457, 4626, 'R'),
       (4928, 2461, 4555, 'F'),
       (4928, 2461, 4556, 'F'),
       (4928, 2461, 4563, 'F'),
       (4928, 2461, 4596, 'F'),
       (4928, 2461, 4606, 'F'),
       (4928, 2461, 4621, 'F'),
       (4928, 2462, 4558, 'F'),
       (4928, 2462, 4559, 'F'),
       (4928, 2462, 4560, 'F'),
       (4928, 2462, 4561, 'F'),
       (4928, 2462, 4574, 'F'),
       (4928, 2462, 4575, 'F'),
       (4928, 2462, 4576, 'F'),
       (4928, 2462, 4577, 'F'),
       (4928, 2462, 4578, 'F'),
       (4928, 2462, 4579, 'F'),
       (4928, 2462, 4580, 'F'),
       (4928, 2463, 4591, 'F'),
       (4928, 2466, 4555, 'F'),
       (4928, 2466, 4556, 'F'),
       (4928, 2466, 4563, 'F'),
       (4928, 2466, 4596, 'F'),
       (4928, 2466, 4606, 'F'),
       (4928, 2466, 4621, 'F'),
       (4928, 2467, 4558, 'F'),
       (4928, 2467, 4559, 'F'),
       (4928, 2467, 4560, 'F'),
       (4928, 2467, 4561, 'F'),
       (4928, 2467, 4574, 'F'),
       (4928, 2467, 4575, 'F'),
       (4928, 2467, 4576, 'F'),
       (4928, 2467, 4577, 'F'),
       (4928, 2467, 4578, 'F'),
       (4928, 2467, 4579, 'F'),
       (4928, 2467, 4580, 'F'),
       (4928, 2468, 4591, 'F'),
       (4928, 2469, 4555, 'F'),
       (4928, 2469, 4556, 'F'),
       (4928, 2469, 4563, 'F'),
       (4928, 2469, 4596, 'F'),
       (4928, 2469, 4606, 'F'),
       (4928, 2469, 4621, 'F'),
       (4928, 2470, 4558, 'F'),
       (4928, 2470, 4559, 'F'),
       (4928, 2470, 4560, 'F'),
       (4928, 2470, 4561, 'F'),
       (4928, 2470, 4574, 'F'),
       (4928, 2470, 4575, 'F'),
       (4928, 2470, 4576, 'F'),
       (4928, 2470, 4577, 'F'),
       (4928, 2470, 4578, 'F'),
       (4928, 2470, 4579, 'F'),
       (4928, 2470, 4580, 'F'),
       (4928, 2471, 4591, 'F'),
       (4928, 2472, 4555, 'F'),
       (4928, 2472, 4556, 'F'),
       (4928, 2472, 4563, 'F'),
       (4928, 2472, 4596, 'F'),
       (4928, 2472, 4606, 'F'),
       (4928, 2472, 4621, 'F'),
       (4928, 2473, 4558, 'F'),
       (4928, 2473, 4559, 'F'),
       (4928, 2473, 4560, 'F'),
       (4928, 2473, 4561, 'F'),
       (4928, 2473, 4574, 'F'),
       (4928, 2473, 4575, 'F'),
       (4928, 2473, 4576, 'F'),
       (4928, 2473, 4577, 'F'),
       (4928, 2473, 4578, 'F'),
       (4928, 2473, 4579, 'F'),
       (4928, 2473, 4580, 'F'),
       (4928, 2474, 4591, 'F'),
       (4928, 2475, 4555, 'F'),
       (4928, 2475, 4556, 'F'),
       (4928, 2475, 4563, 'F'),
       (4928, 2475, 4596, 'F'),
       (4928, 2475, 4606, 'F'),
       (4928, 2475, 4621, 'F'),
       (4928, 2476, 4558, 'F'),
       (4928, 2476, 4559, 'F'),
       (4928, 2476, 4560, 'F'),
       (4928, 2476, 4561, 'F'),
       (4928, 2476, 4574, 'F'),
       (4928, 2476, 4575, 'F'),
       (4928, 2476, 4576, 'F'),
       (4928, 2476, 4577, 'F'),
       (4928, 2476, 4578, 'F'),
       (4928, 2476, 4579, 'F'),
       (4928, 2476, 4580, 'F'),
       (4928, 2477, 4591, 'F'),
       (4928, 2478, 4555, 'F'),
       (4928, 2478, 4556, 'F'),
       (4928, 2478, 4563, 'F'),
       (4928, 2478, 4596, 'F'),
       (4928, 2478, 4606, 'F'),
       (4928, 2478, 4621, 'F'),
       (4928, 2479, 4558, 'F'),
       (4928, 2479, 4559, 'F'),
       (4928, 2479, 4560, 'F'),
       (4928, 2479, 4561, 'F'),
       (4928, 2479, 4574, 'F'),
       (4928, 2479, 4575, 'F'),
       (4928, 2479, 4576, 'F'),
       (4928, 2479, 4577, 'F'),
       (4928, 2479, 4578, 'F'),
       (4928, 2479, 4579, 'F'),
       (4928, 2479, 4580, 'F'),
       (4928, 2480, 4591, 'F'),
       (4928, 2481, 4555, 'F'),
       (4928, 2481, 4556, 'F'),
       (4928, 2481, 4563, 'F'),
       (4928, 2481, 4596, 'F'),
       (4928, 2481, 4606, 'F'),
       (4928, 2481, 4621, 'F'),
       (4928, 2482, 4558, 'F'),
       (4928, 2482, 4559, 'F'),
       (4928, 2482, 4560, 'F'),
       (4928, 2482, 4561, 'F'),
       (4928, 2482, 4574, 'F'),
       (4928, 2482, 4575, 'F'),
       (4928, 2482, 4576, 'F'),
       (4928, 2482, 4577, 'F'),
       (4928, 2482, 4578, 'F'),
       (4928, 2482, 4579, 'F'),
       (4928, 2482, 4580, 'F'),
       (4928, 2483, 4591, 'F'),
       (4928, 2484, 4555, 'F'),
       (4928, 2484, 4556, 'F'),
       (4928, 2484, 4563, 'F'),
       (4928, 2484, 4596, 'F'),
       (4928, 2484, 4606, 'F'),
       (4928, 2484, 4621, 'F'),
       (4928, 2485, 4558, 'F'),
       (4928, 2485, 4559, 'F'),
       (4928, 2485, 4560, 'F'),
       (4928, 2485, 4561, 'F'),
       (4928, 2485, 4574, 'F'),
       (4928, 2485, 4575, 'F'),
       (4928, 2485, 4576, 'F'),
       (4928, 2485, 4577, 'F'),
       (4928, 2485, 4578, 'F'),
       (4928, 2485, 4579, 'F'),
       (4928, 2485, 4580, 'F'),
       (4928, 2486, 4591, 'F'),
       (4929, 2456, 4555, 'F'),
       (4929, 2456, 4556, 'F'),
       (4929, 2456, 4563, 'F'),
       (4929, 2456, 4564, 'F'),
       (4929, 2456, 4565, 'F'),
       (4929, 2456, 4567, 'F'),
       (4929, 2456, 4568, 'F'),
       (4929, 2456, 4569, 'F'),
       (4929, 2456, 4573, 'F'),
       (4929, 2456, 4593, 'F'),
       (4929, 2456, 4607, 'F'),
       (4929, 2456, 4608, 'F'),
       (4929, 2456, 4609, 'F'),
       (4929, 2456, 4612, 'F'),
       (4929, 2456, 4613, 'F'),
       (4929, 2456, 4625, 'F'),
       (4929, 2457, 4557, 'F'),
       (4929, 2457, 4558, 'F'),
       (4929, 2457, 4559, 'F'),
       (4929, 2457, 4560, 'F'),
       (4929, 2457, 4561, 'F'),
       (4929, 2457, 4574, 'F'),
       (4929, 2457, 4575, 'F'),
       (4929, 2457, 4576, 'F'),
       (4929, 2457, 4577, 'F'),
       (4929, 2457, 4578, 'F'),
       (4929, 2457, 4579, 'F'),
       (4929, 2457, 4617, 'F'),
       (4929, 2457, 4618, 'F'),
       (4929, 2457, 4626, 'F'),
       (4929, 2461, 4555, 'F'),
       (4929, 2461, 4556, 'F'),
       (4929, 2461, 4563, 'F'),
       (4929, 2461, 4596, 'F'),
       (4929, 2461, 4606, 'F'),
       (4929, 2461, 4621, 'F'),
       (4929, 2462, 4558, 'F'),
       (4929, 2462, 4559, 'F'),
       (4929, 2462, 4560, 'F'),
       (4929, 2462, 4561, 'F'),
       (4929, 2462, 4574, 'F'),
       (4929, 2462, 4575, 'F'),
       (4929, 2462, 4576, 'F'),
       (4929, 2462, 4577, 'F'),
       (4929, 2462, 4578, 'F'),
       (4929, 2462, 4579, 'F'),
       (4929, 2462, 4580, 'F'),
       (4929, 2463, 4591, 'F'),
       (4929, 2466, 4555, 'F'),
       (4929, 2466, 4556, 'F'),
       (4929, 2466, 4563, 'F'),
       (4929, 2466, 4596, 'F'),
       (4929, 2466, 4606, 'F'),
       (4929, 2466, 4621, 'F'),
       (4929, 2467, 4558, 'F'),
       (4929, 2467, 4559, 'F'),
       (4929, 2467, 4560, 'F'),
       (4929, 2467, 4561, 'F'),
       (4929, 2467, 4574, 'F'),
       (4929, 2467, 4575, 'F'),
       (4929, 2467, 4576, 'F'),
       (4929, 2467, 4577, 'F'),
       (4929, 2467, 4578, 'F'),
       (4929, 2467, 4579, 'F'),
       (4929, 2467, 4580, 'F'),
       (4929, 2468, 4591, 'F'),
       (4929, 2469, 4555, 'F'),
       (4929, 2469, 4556, 'F'),
       (4929, 2469, 4563, 'F'),
       (4929, 2469, 4596, 'F'),
       (4929, 2469, 4606, 'F'),
       (4929, 2469, 4621, 'F'),
       (4929, 2470, 4558, 'F'),
       (4929, 2470, 4559, 'F'),
       (4929, 2470, 4560, 'F'),
       (4929, 2470, 4561, 'F'),
       (4929, 2470, 4574, 'F'),
       (4929, 2470, 4575, 'F'),
       (4929, 2470, 4576, 'F'),
       (4929, 2470, 4577, 'F'),
       (4929, 2470, 4578, 'F'),
       (4929, 2470, 4579, 'F'),
       (4929, 2470, 4580, 'F'),
       (4929, 2471, 4591, 'F'),
       (4929, 2472, 4555, 'F'),
       (4929, 2472, 4556, 'F'),
       (4929, 2472, 4563, 'F'),
       (4929, 2472, 4596, 'F'),
       (4929, 2472, 4606, 'F'),
       (4929, 2472, 4621, 'F'),
       (4929, 2473, 4558, 'F'),
       (4929, 2473, 4559, 'F'),
       (4929, 2473, 4560, 'F'),
       (4929, 2473, 4561, 'F'),
       (4929, 2473, 4574, 'F'),
       (4929, 2473, 4575, 'F'),
       (4929, 2473, 4576, 'F'),
       (4929, 2473, 4577, 'F'),
       (4929, 2473, 4578, 'F'),
       (4929, 2473, 4579, 'F'),
       (4929, 2473, 4580, 'F'),
       (4929, 2474, 4591, 'F'),
       (4929, 2475, 4555, 'F'),
       (4929, 2475, 4556, 'F'),
       (4929, 2475, 4563, 'F'),
       (4929, 2475, 4596, 'F'),
       (4929, 2475, 4606, 'F'),
       (4929, 2475, 4621, 'F'),
       (4929, 2476, 4558, 'F'),
       (4929, 2476, 4559, 'F'),
       (4929, 2476, 4560, 'F'),
       (4929, 2476, 4561, 'F'),
       (4929, 2476, 4574, 'F'),
       (4929, 2476, 4575, 'F'),
       (4929, 2476, 4576, 'F'),
       (4929, 2476, 4577, 'F'),
       (4929, 2476, 4578, 'F'),
       (4929, 2476, 4579, 'F'),
       (4929, 2476, 4580, 'F'),
       (4929, 2477, 4591, 'F'),
       (4929, 2478, 4555, 'F'),
       (4929, 2478, 4556, 'F'),
       (4929, 2478, 4563, 'F'),
       (4929, 2478, 4596, 'F'),
       (4929, 2478, 4606, 'F'),
       (4929, 2478, 4621, 'F'),
       (4929, 2479, 4558, 'F'),
       (4929, 2479, 4559, 'F'),
       (4929, 2479, 4560, 'F'),
       (4929, 2479, 4561, 'F'),
       (4929, 2479, 4574, 'F'),
       (4929, 2479, 4575, 'F'),
       (4929, 2479, 4576, 'F'),
       (4929, 2479, 4577, 'F'),
       (4929, 2479, 4578, 'F'),
       (4929, 2479, 4579, 'F'),
       (4929, 2479, 4580, 'F'),
       (4929, 2480, 4591, 'F'),
       (4929, 2481, 4555, 'F'),
       (4929, 2481, 4556, 'F'),
       (4929, 2481, 4563, 'F'),
       (4929, 2481, 4596, 'F'),
       (4929, 2481, 4606, 'F'),
       (4929, 2481, 4621, 'F'),
       (4929, 2482, 4558, 'F'),
       (4929, 2482, 4559, 'F'),
       (4929, 2482, 4560, 'F'),
       (4929, 2482, 4561, 'F'),
       (4929, 2482, 4574, 'F'),
       (4929, 2482, 4575, 'F'),
       (4929, 2482, 4576, 'F'),
       (4929, 2482, 4577, 'F'),
       (4929, 2482, 4578, 'F'),
       (4929, 2482, 4579, 'F'),
       (4929, 2482, 4580, 'F'),
       (4929, 2483, 4591, 'F'),
       (4929, 2484, 4555, 'F'),
       (4929, 2484, 4556, 'F'),
       (4929, 2484, 4563, 'F'),
       (4929, 2484, 4596, 'F'),
       (4929, 2484, 4606, 'F'),
       (4929, 2484, 4621, 'F'),
       (4929, 2485, 4558, 'F'),
       (4929, 2485, 4559, 'F'),
       (4929, 2485, 4560, 'F'),
       (4929, 2485, 4561, 'F'),
       (4929, 2485, 4574, 'F'),
       (4929, 2485, 4575, 'F'),
       (4929, 2485, 4576, 'F'),
       (4929, 2485, 4577, 'F'),
       (4929, 2485, 4578, 'F'),
       (4929, 2485, 4579, 'F'),
       (4929, 2485, 4580, 'F'),
       (4929, 2486, 4591, 'F'),
       (4930, 2456, 4555, 'R'),
       (4930, 2456, 4556, 'R'),
       (4930, 2456, 4563, 'R'),
       (4930, 2456, 4564, 'R'),
       (4930, 2456, 4565, 'R'),
       (4930, 2456, 4567, 'R'),
       (4930, 2456, 4568, 'R'),
       (4930, 2456, 4569, 'R'),
       (4930, 2456, 4573, 'R'),
       (4930, 2456, 4593, 'R'),
       (4930, 2456, 4607, 'R'),
       (4930, 2456, 4608, 'R'),
       (4930, 2456, 4609, 'R'),
       (4930, 2456, 4612, 'R'),
       (4930, 2456, 4613, 'R'),
       (4930, 2456, 4625, 'R'),
       (4930, 2457, 4557, 'R'),
       (4930, 2457, 4558, 'R'),
       (4930, 2457, 4559, 'R'),
       (4930, 2457, 4560, 'R'),
       (4930, 2457, 4561, 'R'),
       (4930, 2457, 4574, 'R'),
       (4930, 2457, 4575, 'R'),
       (4930, 2457, 4576, 'R'),
       (4930, 2457, 4577, 'R'),
       (4930, 2457, 4578, 'R'),
       (4930, 2457, 4579, 'R'),
       (4930, 2457, 4617, 'R'),
       (4930, 2457, 4618, 'R'),
       (4930, 2457, 4626, 'R'),
       (4930, 2461, 4555, 'F'),
       (4930, 2461, 4556, 'F'),
       (4930, 2461, 4563, 'F'),
       (4930, 2461, 4596, 'F'),
       (4930, 2461, 4606, 'F'),
       (4930, 2461, 4621, 'F'),
       (4930, 2462, 4558, 'F'),
       (4930, 2462, 4559, 'F'),
       (4930, 2462, 4560, 'F'),
       (4930, 2462, 4561, 'F'),
       (4930, 2462, 4574, 'F'),
       (4930, 2462, 4575, 'F'),
       (4930, 2462, 4576, 'F'),
       (4930, 2462, 4577, 'F'),
       (4930, 2462, 4578, 'F'),
       (4930, 2462, 4579, 'F'),
       (4930, 2462, 4580, 'F'),
       (4930, 2463, 4591, 'F'),
       (4930, 2466, 4555, 'F'),
       (4930, 2466, 4556, 'F'),
       (4930, 2466, 4563, 'F'),
       (4930, 2466, 4596, 'F'),
       (4930, 2466, 4606, 'F'),
       (4930, 2466, 4621, 'F'),
       (4930, 2467, 4558, 'F'),
       (4930, 2467, 4559, 'F'),
       (4930, 2467, 4560, 'F'),
       (4930, 2467, 4561, 'F'),
       (4930, 2467, 4574, 'F'),
       (4930, 2467, 4575, 'F'),
       (4930, 2467, 4576, 'F'),
       (4930, 2467, 4577, 'F'),
       (4930, 2467, 4578, 'F'),
       (4930, 2467, 4579, 'F'),
       (4930, 2467, 4580, 'F'),
       (4930, 2468, 4591, 'F'),
       (4930, 2469, 4555, 'F'),
       (4930, 2469, 4556, 'F'),
       (4930, 2469, 4563, 'F'),
       (4930, 2469, 4596, 'F'),
       (4930, 2469, 4606, 'F'),
       (4930, 2469, 4621, 'F'),
       (4930, 2470, 4558, 'F'),
       (4930, 2470, 4559, 'F'),
       (4930, 2470, 4560, 'F'),
       (4930, 2470, 4561, 'F'),
       (4930, 2470, 4574, 'F'),
       (4930, 2470, 4575, 'F'),
       (4930, 2470, 4576, 'F'),
       (4930, 2470, 4577, 'F'),
       (4930, 2470, 4578, 'F'),
       (4930, 2470, 4579, 'F'),
       (4930, 2470, 4580, 'F'),
       (4930, 2471, 4591, 'F'),
       (4930, 2472, 4555, 'F'),
       (4930, 2472, 4556, 'F'),
       (4930, 2472, 4563, 'F'),
       (4930, 2472, 4596, 'F'),
       (4930, 2472, 4606, 'F'),
       (4930, 2472, 4621, 'F'),
       (4930, 2473, 4558, 'F'),
       (4930, 2473, 4559, 'F'),
       (4930, 2473, 4560, 'F'),
       (4930, 2473, 4561, 'F'),
       (4930, 2473, 4574, 'F'),
       (4930, 2473, 4575, 'F'),
       (4930, 2473, 4576, 'F'),
       (4930, 2473, 4577, 'F'),
       (4930, 2473, 4578, 'F'),
       (4930, 2473, 4579, 'F'),
       (4930, 2473, 4580, 'F'),
       (4930, 2474, 4591, 'F'),
       (4930, 2475, 4555, 'F'),
       (4930, 2475, 4556, 'F'),
       (4930, 2475, 4563, 'F'),
       (4930, 2475, 4596, 'F'),
       (4930, 2475, 4606, 'F'),
       (4930, 2475, 4621, 'F'),
       (4930, 2476, 4558, 'F'),
       (4930, 2476, 4559, 'F'),
       (4930, 2476, 4560, 'F'),
       (4930, 2476, 4561, 'F'),
       (4930, 2476, 4574, 'F'),
       (4930, 2476, 4575, 'F'),
       (4930, 2476, 4576, 'F'),
       (4930, 2476, 4577, 'F'),
       (4930, 2476, 4578, 'F'),
       (4930, 2476, 4579, 'F'),
       (4930, 2476, 4580, 'F'),
       (4930, 2477, 4591, 'F'),
       (4930, 2478, 4555, 'F'),
       (4930, 2478, 4556, 'F'),
       (4930, 2478, 4563, 'F'),
       (4930, 2478, 4596, 'F'),
       (4930, 2478, 4606, 'F'),
       (4930, 2478, 4621, 'F'),
       (4930, 2479, 4558, 'F'),
       (4930, 2479, 4559, 'F'),
       (4930, 2479, 4560, 'F'),
       (4930, 2479, 4561, 'F'),
       (4930, 2479, 4574, 'F'),
       (4930, 2479, 4575, 'F'),
       (4930, 2479, 4576, 'F'),
       (4930, 2479, 4577, 'F'),
       (4930, 2479, 4578, 'F'),
       (4930, 2479, 4579, 'F'),
       (4930, 2479, 4580, 'F'),
       (4930, 2480, 4591, 'F'),
       (4930, 2481, 4555, 'F'),
       (4930, 2481, 4556, 'F'),
       (4930, 2481, 4563, 'F'),
       (4930, 2481, 4596, 'F'),
       (4930, 2481, 4606, 'F'),
       (4930, 2481, 4621, 'F'),
       (4930, 2482, 4558, 'F'),
       (4930, 2482, 4559, 'F'),
       (4930, 2482, 4560, 'F'),
       (4930, 2482, 4561, 'F'),
       (4930, 2482, 4574, 'F'),
       (4930, 2482, 4575, 'F'),
       (4930, 2482, 4576, 'F'),
       (4930, 2482, 4577, 'F'),
       (4930, 2482, 4578, 'F'),
       (4930, 2482, 4579, 'F'),
       (4930, 2482, 4580, 'F'),
       (4930, 2483, 4591, 'F'),
       (4930, 2484, 4555, 'F'),
       (4930, 2484, 4556, 'F'),
       (4930, 2484, 4563, 'F'),
       (4930, 2484, 4596, 'F'),
       (4930, 2484, 4606, 'F'),
       (4930, 2484, 4621, 'F'),
       (4930, 2485, 4558, 'F'),
       (4930, 2485, 4559, 'F'),
       (4930, 2485, 4560, 'F'),
       (4930, 2485, 4561, 'F'),
       (4930, 2485, 4574, 'F'),
       (4930, 2485, 4575, 'F'),
       (4930, 2485, 4576, 'F'),
       (4930, 2485, 4577, 'F'),
       (4930, 2485, 4578, 'F'),
       (4930, 2485, 4579, 'F'),
       (4930, 2485, 4580, 'F'),
       (4930, 2486, 4591, 'F'),
       (4931, 2456, 4555, 'R'),
       (4931, 2456, 4556, 'R'),
       (4931, 2456, 4563, 'R'),
       (4931, 2456, 4564, 'R'),
       (4931, 2456, 4565, 'R'),
       (4931, 2456, 4567, 'R'),
       (4931, 2456, 4568, 'R'),
       (4931, 2456, 4569, 'R'),
       (4931, 2456, 4573, 'R'),
       (4931, 2456, 4593, 'R'),
       (4931, 2456, 4607, 'R'),
       (4931, 2456, 4608, 'R'),
       (4931, 2456, 4609, 'R'),
       (4931, 2456, 4612, 'R'),
       (4931, 2456, 4613, 'R'),
       (4931, 2456, 4625, 'R'),
       (4931, 2457, 4557, 'R'),
       (4931, 2457, 4558, 'R'),
       (4931, 2457, 4559, 'R'),
       (4931, 2457, 4560, 'R'),
       (4931, 2457, 4561, 'R'),
       (4931, 2457, 4574, 'R'),
       (4931, 2457, 4575, 'R'),
       (4931, 2457, 4576, 'R'),
       (4931, 2457, 4577, 'R'),
       (4931, 2457, 4578, 'R'),
       (4931, 2457, 4579, 'R'),
       (4931, 2457, 4617, 'R'),
       (4931, 2457, 4618, 'R'),
       (4931, 2457, 4626, 'R'),
       (4931, 2461, 4555, 'F'),
       (4931, 2461, 4556, 'F'),
       (4931, 2461, 4563, 'F'),
       (4931, 2461, 4596, 'F'),
       (4931, 2461, 4606, 'F'),
       (4931, 2461, 4621, 'F'),
       (4931, 2462, 4558, 'F'),
       (4931, 2462, 4559, 'F'),
       (4931, 2462, 4560, 'F'),
       (4931, 2462, 4561, 'F'),
       (4931, 2462, 4574, 'F'),
       (4931, 2462, 4575, 'F'),
       (4931, 2462, 4576, 'F'),
       (4931, 2462, 4577, 'F'),
       (4931, 2462, 4578, 'F'),
       (4931, 2462, 4579, 'F'),
       (4931, 2462, 4580, 'F'),
       (4931, 2463, 4591, 'F'),
       (4931, 2466, 4555, 'F'),
       (4931, 2466, 4556, 'F'),
       (4931, 2466, 4563, 'F'),
       (4931, 2466, 4596, 'F'),
       (4931, 2466, 4606, 'F'),
       (4931, 2466, 4621, 'F'),
       (4931, 2467, 4558, 'F'),
       (4931, 2467, 4559, 'F'),
       (4931, 2467, 4560, 'F'),
       (4931, 2467, 4561, 'F'),
       (4931, 2467, 4574, 'F'),
       (4931, 2467, 4575, 'F'),
       (4931, 2467, 4576, 'F'),
       (4931, 2467, 4577, 'F'),
       (4931, 2467, 4578, 'F'),
       (4931, 2467, 4579, 'F'),
       (4931, 2467, 4580, 'F'),
       (4931, 2468, 4591, 'F'),
       (4931, 2469, 4555, 'F'),
       (4931, 2469, 4556, 'F'),
       (4931, 2469, 4563, 'F'),
       (4931, 2469, 4596, 'F'),
       (4931, 2469, 4606, 'F'),
       (4931, 2469, 4621, 'F'),
       (4931, 2470, 4558, 'F'),
       (4931, 2470, 4559, 'F'),
       (4931, 2470, 4560, 'F'),
       (4931, 2470, 4561, 'F'),
       (4931, 2470, 4574, 'F'),
       (4931, 2470, 4575, 'F'),
       (4931, 2470, 4576, 'F'),
       (4931, 2470, 4577, 'F'),
       (4931, 2470, 4578, 'F'),
       (4931, 2470, 4579, 'F'),
       (4931, 2470, 4580, 'F'),
       (4931, 2471, 4591, 'F'),
       (4931, 2472, 4555, 'F'),
       (4931, 2472, 4556, 'F'),
       (4931, 2472, 4563, 'F'),
       (4931, 2472, 4596, 'F'),
       (4931, 2472, 4606, 'F'),
       (4931, 2472, 4621, 'F'),
       (4931, 2473, 4558, 'F'),
       (4931, 2473, 4559, 'F'),
       (4931, 2473, 4560, 'F'),
       (4931, 2473, 4561, 'F'),
       (4931, 2473, 4574, 'F'),
       (4931, 2473, 4575, 'F'),
       (4931, 2473, 4576, 'F'),
       (4931, 2473, 4577, 'F'),
       (4931, 2473, 4578, 'F'),
       (4931, 2473, 4579, 'F'),
       (4931, 2473, 4580, 'F'),
       (4931, 2474, 4591, 'F'),
       (4931, 2475, 4555, 'F'),
       (4931, 2475, 4556, 'F'),
       (4931, 2475, 4563, 'F'),
       (4931, 2475, 4596, 'F'),
       (4931, 2475, 4606, 'F'),
       (4931, 2475, 4621, 'F'),
       (4931, 2476, 4558, 'F'),
       (4931, 2476, 4559, 'F'),
       (4931, 2476, 4560, 'F'),
       (4931, 2476, 4561, 'F'),
       (4931, 2476, 4574, 'F'),
       (4931, 2476, 4575, 'F'),
       (4931, 2476, 4576, 'F'),
       (4931, 2476, 4577, 'F'),
       (4931, 2476, 4578, 'F'),
       (4931, 2476, 4579, 'F'),
       (4931, 2476, 4580, 'F'),
       (4931, 2477, 4591, 'F'),
       (4931, 2478, 4555, 'F'),
       (4931, 2478, 4556, 'F'),
       (4931, 2478, 4563, 'F'),
       (4931, 2478, 4596, 'F'),
       (4931, 2478, 4606, 'F'),
       (4931, 2478, 4621, 'F'),
       (4931, 2479, 4558, 'F'),
       (4931, 2479, 4559, 'F'),
       (4931, 2479, 4560, 'F'),
       (4931, 2479, 4561, 'F'),
       (4931, 2479, 4574, 'F'),
       (4931, 2479, 4575, 'F'),
       (4931, 2479, 4576, 'F'),
       (4931, 2479, 4577, 'F'),
       (4931, 2479, 4578, 'F'),
       (4931, 2479, 4579, 'F'),
       (4931, 2479, 4580, 'F'),
       (4931, 2480, 4591, 'F'),
       (4931, 2481, 4555, 'F'),
       (4931, 2481, 4556, 'F'),
       (4931, 2481, 4563, 'F'),
       (4931, 2481, 4596, 'F'),
       (4931, 2481, 4606, 'F'),
       (4931, 2481, 4621, 'F'),
       (4931, 2482, 4558, 'F'),
       (4931, 2482, 4559, 'F'),
       (4931, 2482, 4560, 'F'),
       (4931, 2482, 4561, 'F'),
       (4931, 2482, 4574, 'F'),
       (4931, 2482, 4575, 'F'),
       (4931, 2482, 4576, 'F'),
       (4931, 2482, 4577, 'F'),
       (4931, 2482, 4578, 'F'),
       (4931, 2482, 4579, 'F'),
       (4931, 2482, 4580, 'F'),
       (4931, 2483, 4591, 'F'),
       (4931, 2484, 4555, 'F'),
       (4931, 2484, 4556, 'F'),
       (4931, 2484, 4563, 'F'),
       (4931, 2484, 4596, 'F'),
       (4931, 2484, 4606, 'F'),
       (4931, 2484, 4621, 'F'),
       (4931, 2485, 4558, 'F'),
       (4931, 2485, 4559, 'F'),
       (4931, 2485, 4560, 'F'),
       (4931, 2485, 4561, 'F'),
       (4931, 2485, 4574, 'F'),
       (4931, 2485, 4575, 'F'),
       (4931, 2485, 4576, 'F'),
       (4931, 2485, 4577, 'F'),
       (4931, 2485, 4578, 'F'),
       (4931, 2485, 4579, 'F'),
       (4931, 2485, 4580, 'F'),
       (4931, 2486, 4591, 'F'),
       (4933, 2456, 4555, 'F'),
       (4933, 2456, 4556, 'F'),
       (4933, 2456, 4563, 'F'),
       (4933, 2456, 4564, 'F'),
       (4933, 2456, 4565, 'F'),
       (4933, 2456, 4567, 'F'),
       (4933, 2456, 4568, 'F'),
       (4933, 2456, 4569, 'F'),
       (4933, 2456, 4573, 'F'),
       (4933, 2456, 4593, 'F'),
       (4933, 2456, 4607, 'F'),
       (4933, 2456, 4608, 'F'),
       (4933, 2456, 4609, 'F'),
       (4933, 2456, 4612, 'F'),
       (4933, 2456, 4613, 'F'),
       (4933, 2456, 4625, 'F'),
       (4933, 2457, 4557, 'F'),
       (4933, 2457, 4558, 'F'),
       (4933, 2457, 4559, 'F'),
       (4933, 2457, 4560, 'F'),
       (4933, 2457, 4561, 'F'),
       (4933, 2457, 4574, 'F'),
       (4933, 2457, 4575, 'F'),
       (4933, 2457, 4576, 'F'),
       (4933, 2457, 4577, 'F'),
       (4933, 2457, 4578, 'F'),
       (4933, 2457, 4579, 'F'),
       (4933, 2457, 4617, 'F'),
       (4933, 2457, 4618, 'F'),
       (4933, 2457, 4626, 'F'),
       (4933, 2461, 4555, 'F'),
       (4933, 2461, 4556, 'F'),
       (4933, 2461, 4563, 'F'),
       (4933, 2461, 4596, 'F'),
       (4933, 2461, 4606, 'F'),
       (4933, 2461, 4621, 'F'),
       (4933, 2462, 4558, 'F'),
       (4933, 2462, 4559, 'F'),
       (4933, 2462, 4560, 'F'),
       (4933, 2462, 4561, 'F'),
       (4933, 2462, 4574, 'F'),
       (4933, 2462, 4575, 'F'),
       (4933, 2462, 4576, 'F'),
       (4933, 2462, 4577, 'F'),
       (4933, 2462, 4578, 'F'),
       (4933, 2462, 4579, 'F'),
       (4933, 2462, 4580, 'F'),
       (4933, 2463, 4591, 'F'),
       (4933, 2466, 4555, 'F'),
       (4933, 2466, 4556, 'F'),
       (4933, 2466, 4563, 'F'),
       (4933, 2466, 4596, 'F'),
       (4933, 2466, 4606, 'F'),
       (4933, 2466, 4621, 'F'),
       (4933, 2467, 4558, 'F'),
       (4933, 2467, 4559, 'F'),
       (4933, 2467, 4560, 'F'),
       (4933, 2467, 4561, 'F'),
       (4933, 2467, 4574, 'F'),
       (4933, 2467, 4575, 'F'),
       (4933, 2467, 4576, 'F'),
       (4933, 2467, 4577, 'F'),
       (4933, 2467, 4578, 'F'),
       (4933, 2467, 4579, 'F'),
       (4933, 2467, 4580, 'F'),
       (4933, 2468, 4591, 'F'),
       (4933, 2469, 4555, 'F'),
       (4933, 2469, 4556, 'F'),
       (4933, 2469, 4563, 'F'),
       (4933, 2469, 4596, 'F'),
       (4933, 2469, 4606, 'F'),
       (4933, 2469, 4621, 'F'),
       (4933, 2470, 4558, 'F'),
       (4933, 2470, 4559, 'F'),
       (4933, 2470, 4560, 'F'),
       (4933, 2470, 4561, 'F'),
       (4933, 2470, 4574, 'F'),
       (4933, 2470, 4575, 'F'),
       (4933, 2470, 4576, 'F'),
       (4933, 2470, 4577, 'F'),
       (4933, 2470, 4578, 'F'),
       (4933, 2470, 4579, 'F'),
       (4933, 2470, 4580, 'F'),
       (4933, 2471, 4591, 'F'),
       (4933, 2472, 4555, 'F'),
       (4933, 2472, 4556, 'F'),
       (4933, 2472, 4563, 'F'),
       (4933, 2472, 4596, 'F');
INSERT INTO `applicant_form_fields_access` (`role_id`, `applicant_group_id`, `applicant_field_id`, `status`)
VALUES (4933, 2472, 4606, 'F'),
       (4933, 2472, 4621, 'F'),
       (4933, 2473, 4558, 'F'),
       (4933, 2473, 4559, 'F'),
       (4933, 2473, 4560, 'F'),
       (4933, 2473, 4561, 'F'),
       (4933, 2473, 4574, 'F'),
       (4933, 2473, 4575, 'F'),
       (4933, 2473, 4576, 'F'),
       (4933, 2473, 4577, 'F'),
       (4933, 2473, 4578, 'F'),
       (4933, 2473, 4579, 'F'),
       (4933, 2473, 4580, 'F'),
       (4933, 2474, 4591, 'F'),
       (4933, 2475, 4555, 'F'),
       (4933, 2475, 4556, 'F'),
       (4933, 2475, 4563, 'F'),
       (4933, 2475, 4596, 'F'),
       (4933, 2475, 4606, 'F'),
       (4933, 2475, 4621, 'F'),
       (4933, 2476, 4558, 'F'),
       (4933, 2476, 4559, 'F'),
       (4933, 2476, 4560, 'F'),
       (4933, 2476, 4561, 'F'),
       (4933, 2476, 4574, 'F'),
       (4933, 2476, 4575, 'F'),
       (4933, 2476, 4576, 'F'),
       (4933, 2476, 4577, 'F'),
       (4933, 2476, 4578, 'F'),
       (4933, 2476, 4579, 'F'),
       (4933, 2476, 4580, 'F'),
       (4933, 2477, 4591, 'F'),
       (4933, 2478, 4555, 'F'),
       (4933, 2478, 4556, 'F'),
       (4933, 2478, 4563, 'F'),
       (4933, 2478, 4596, 'F'),
       (4933, 2478, 4606, 'F'),
       (4933, 2478, 4621, 'F'),
       (4933, 2479, 4558, 'F'),
       (4933, 2479, 4559, 'F'),
       (4933, 2479, 4560, 'F'),
       (4933, 2479, 4561, 'F'),
       (4933, 2479, 4574, 'F'),
       (4933, 2479, 4575, 'F'),
       (4933, 2479, 4576, 'F'),
       (4933, 2479, 4577, 'F'),
       (4933, 2479, 4578, 'F'),
       (4933, 2479, 4579, 'F'),
       (4933, 2479, 4580, 'F'),
       (4933, 2480, 4591, 'F'),
       (4933, 2481, 4555, 'F'),
       (4933, 2481, 4556, 'F'),
       (4933, 2481, 4563, 'F'),
       (4933, 2481, 4596, 'F'),
       (4933, 2481, 4606, 'F'),
       (4933, 2481, 4621, 'F'),
       (4933, 2482, 4558, 'F'),
       (4933, 2482, 4559, 'F'),
       (4933, 2482, 4560, 'F'),
       (4933, 2482, 4561, 'F'),
       (4933, 2482, 4574, 'F'),
       (4933, 2482, 4575, 'F'),
       (4933, 2482, 4576, 'F'),
       (4933, 2482, 4577, 'F'),
       (4933, 2482, 4578, 'F'),
       (4933, 2482, 4579, 'F'),
       (4933, 2482, 4580, 'F'),
       (4933, 2483, 4591, 'F'),
       (4933, 2484, 4555, 'F'),
       (4933, 2484, 4556, 'F'),
       (4933, 2484, 4563, 'F'),
       (4933, 2484, 4596, 'F'),
       (4933, 2484, 4606, 'F'),
       (4933, 2484, 4621, 'F'),
       (4933, 2485, 4558, 'F'),
       (4933, 2485, 4559, 'F'),
       (4933, 2485, 4560, 'F'),
       (4933, 2485, 4561, 'F'),
       (4933, 2485, 4574, 'F'),
       (4933, 2485, 4575, 'F'),
       (4933, 2485, 4576, 'F'),
       (4933, 2485, 4577, 'F'),
       (4933, 2485, 4578, 'F'),
       (4933, 2485, 4579, 'F'),
       (4933, 2485, 4580, 'F'),
       (4933, 2486, 4591, 'F'),
       (4934, 2456, 4555, 'R'),
       (4934, 2456, 4556, 'R'),
       (4934, 2456, 4563, 'R'),
       (4934, 2456, 4564, 'R'),
       (4934, 2456, 4565, 'R'),
       (4934, 2456, 4567, 'R'),
       (4934, 2456, 4568, 'R'),
       (4934, 2456, 4569, 'R'),
       (4934, 2456, 4573, 'R'),
       (4934, 2456, 4593, 'R'),
       (4934, 2456, 4607, 'R'),
       (4934, 2456, 4608, 'R'),
       (4934, 2456, 4609, 'R'),
       (4934, 2456, 4612, 'R'),
       (4934, 2456, 4613, 'R'),
       (4934, 2456, 4625, 'R'),
       (4934, 2457, 4557, 'R'),
       (4934, 2457, 4558, 'R'),
       (4934, 2457, 4559, 'R'),
       (4934, 2457, 4560, 'R'),
       (4934, 2457, 4561, 'R'),
       (4934, 2457, 4574, 'R'),
       (4934, 2457, 4575, 'R'),
       (4934, 2457, 4576, 'R'),
       (4934, 2457, 4577, 'R'),
       (4934, 2457, 4578, 'R'),
       (4934, 2457, 4579, 'R'),
       (4934, 2457, 4617, 'R'),
       (4934, 2457, 4618, 'R'),
       (4934, 2457, 4626, 'R'),
       (4934, 2461, 4555, 'F'),
       (4934, 2461, 4556, 'F'),
       (4934, 2461, 4563, 'F'),
       (4934, 2461, 4596, 'F'),
       (4934, 2461, 4606, 'F'),
       (4934, 2461, 4621, 'F'),
       (4934, 2462, 4558, 'F'),
       (4934, 2462, 4559, 'F'),
       (4934, 2462, 4560, 'F'),
       (4934, 2462, 4561, 'F'),
       (4934, 2462, 4574, 'F'),
       (4934, 2462, 4575, 'F'),
       (4934, 2462, 4576, 'F'),
       (4934, 2462, 4577, 'F'),
       (4934, 2462, 4578, 'F'),
       (4934, 2462, 4579, 'F'),
       (4934, 2462, 4580, 'F'),
       (4934, 2463, 4591, 'F'),
       (4934, 2466, 4555, 'F'),
       (4934, 2466, 4556, 'F'),
       (4934, 2466, 4563, 'F'),
       (4934, 2466, 4596, 'F'),
       (4934, 2466, 4606, 'F'),
       (4934, 2466, 4621, 'F'),
       (4934, 2467, 4558, 'F'),
       (4934, 2467, 4559, 'F'),
       (4934, 2467, 4560, 'F'),
       (4934, 2467, 4561, 'F'),
       (4934, 2467, 4574, 'F'),
       (4934, 2467, 4575, 'F'),
       (4934, 2467, 4576, 'F'),
       (4934, 2467, 4577, 'F'),
       (4934, 2467, 4578, 'F'),
       (4934, 2467, 4579, 'F'),
       (4934, 2467, 4580, 'F'),
       (4934, 2468, 4591, 'F'),
       (4934, 2469, 4555, 'F'),
       (4934, 2469, 4556, 'F'),
       (4934, 2469, 4563, 'F'),
       (4934, 2469, 4596, 'F'),
       (4934, 2469, 4606, 'F'),
       (4934, 2469, 4621, 'F'),
       (4934, 2470, 4558, 'F'),
       (4934, 2470, 4559, 'F'),
       (4934, 2470, 4560, 'F'),
       (4934, 2470, 4561, 'F'),
       (4934, 2470, 4574, 'F'),
       (4934, 2470, 4575, 'F'),
       (4934, 2470, 4576, 'F'),
       (4934, 2470, 4577, 'F'),
       (4934, 2470, 4578, 'F'),
       (4934, 2470, 4579, 'F'),
       (4934, 2470, 4580, 'F'),
       (4934, 2471, 4591, 'F'),
       (4934, 2472, 4555, 'F'),
       (4934, 2472, 4556, 'F'),
       (4934, 2472, 4563, 'F'),
       (4934, 2472, 4596, 'F'),
       (4934, 2472, 4606, 'F'),
       (4934, 2472, 4621, 'F'),
       (4934, 2473, 4558, 'F'),
       (4934, 2473, 4559, 'F'),
       (4934, 2473, 4560, 'F'),
       (4934, 2473, 4561, 'F'),
       (4934, 2473, 4574, 'F'),
       (4934, 2473, 4575, 'F'),
       (4934, 2473, 4576, 'F'),
       (4934, 2473, 4577, 'F'),
       (4934, 2473, 4578, 'F'),
       (4934, 2473, 4579, 'F'),
       (4934, 2473, 4580, 'F'),
       (4934, 2474, 4591, 'F'),
       (4934, 2475, 4555, 'F'),
       (4934, 2475, 4556, 'F'),
       (4934, 2475, 4563, 'F'),
       (4934, 2475, 4596, 'F'),
       (4934, 2475, 4606, 'F'),
       (4934, 2475, 4621, 'F'),
       (4934, 2476, 4558, 'F'),
       (4934, 2476, 4559, 'F'),
       (4934, 2476, 4560, 'F'),
       (4934, 2476, 4561, 'F'),
       (4934, 2476, 4574, 'F'),
       (4934, 2476, 4575, 'F'),
       (4934, 2476, 4576, 'F'),
       (4934, 2476, 4577, 'F'),
       (4934, 2476, 4578, 'F'),
       (4934, 2476, 4579, 'F'),
       (4934, 2476, 4580, 'F'),
       (4934, 2477, 4591, 'F'),
       (4934, 2478, 4555, 'F'),
       (4934, 2478, 4556, 'F'),
       (4934, 2478, 4563, 'F'),
       (4934, 2478, 4596, 'F'),
       (4934, 2478, 4606, 'F'),
       (4934, 2478, 4621, 'F'),
       (4934, 2479, 4558, 'F'),
       (4934, 2479, 4559, 'F'),
       (4934, 2479, 4560, 'F'),
       (4934, 2479, 4561, 'F'),
       (4934, 2479, 4574, 'F'),
       (4934, 2479, 4575, 'F'),
       (4934, 2479, 4576, 'F'),
       (4934, 2479, 4577, 'F'),
       (4934, 2479, 4578, 'F'),
       (4934, 2479, 4579, 'F'),
       (4934, 2479, 4580, 'F'),
       (4934, 2480, 4591, 'F'),
       (4934, 2481, 4555, 'F'),
       (4934, 2481, 4556, 'F'),
       (4934, 2481, 4563, 'F'),
       (4934, 2481, 4596, 'F'),
       (4934, 2481, 4606, 'F'),
       (4934, 2481, 4621, 'F'),
       (4934, 2482, 4558, 'F'),
       (4934, 2482, 4559, 'F'),
       (4934, 2482, 4560, 'F'),
       (4934, 2482, 4561, 'F'),
       (4934, 2482, 4574, 'F'),
       (4934, 2482, 4575, 'F'),
       (4934, 2482, 4576, 'F'),
       (4934, 2482, 4577, 'F'),
       (4934, 2482, 4578, 'F'),
       (4934, 2482, 4579, 'F'),
       (4934, 2482, 4580, 'F'),
       (4934, 2483, 4591, 'F'),
       (4934, 2484, 4555, 'F'),
       (4934, 2484, 4556, 'F'),
       (4934, 2484, 4563, 'F'),
       (4934, 2484, 4596, 'F'),
       (4934, 2484, 4606, 'F'),
       (4934, 2484, 4621, 'F'),
       (4934, 2485, 4558, 'F'),
       (4934, 2485, 4559, 'F'),
       (4934, 2485, 4560, 'F'),
       (4934, 2485, 4561, 'F'),
       (4934, 2485, 4574, 'F'),
       (4934, 2485, 4575, 'F'),
       (4934, 2485, 4576, 'F'),
       (4934, 2485, 4577, 'F'),
       (4934, 2485, 4578, 'F'),
       (4934, 2485, 4579, 'F'),
       (4934, 2485, 4580, 'F'),
       (4934, 2486, 4591, 'F'),
       (4935, 2456, 4555, 'F'),
       (4935, 2456, 4556, 'F'),
       (4935, 2456, 4563, 'F'),
       (4935, 2456, 4564, 'F'),
       (4935, 2456, 4565, 'F'),
       (4935, 2456, 4567, 'F'),
       (4935, 2456, 4568, 'F'),
       (4935, 2456, 4569, 'F'),
       (4935, 2456, 4573, 'F'),
       (4935, 2456, 4593, 'F'),
       (4935, 2456, 4607, 'F'),
       (4935, 2456, 4608, 'F'),
       (4935, 2456, 4609, 'F'),
       (4935, 2456, 4612, 'F'),
       (4935, 2456, 4613, 'F'),
       (4935, 2456, 4625, 'F'),
       (4935, 2457, 4557, 'F'),
       (4935, 2457, 4558, 'F'),
       (4935, 2457, 4559, 'F'),
       (4935, 2457, 4560, 'F'),
       (4935, 2457, 4561, 'F'),
       (4935, 2457, 4574, 'F'),
       (4935, 2457, 4575, 'F'),
       (4935, 2457, 4576, 'F'),
       (4935, 2457, 4577, 'F'),
       (4935, 2457, 4578, 'F'),
       (4935, 2457, 4579, 'F'),
       (4935, 2457, 4617, 'F'),
       (4935, 2457, 4618, 'F'),
       (4935, 2457, 4626, 'F'),
       (4936, 2456, 4555, 'R'),
       (4936, 2456, 4556, 'R'),
       (4936, 2456, 4563, 'R'),
       (4936, 2456, 4564, 'R'),
       (4936, 2456, 4565, 'R'),
       (4936, 2456, 4567, 'R'),
       (4936, 2456, 4568, 'R'),
       (4936, 2456, 4569, 'R'),
       (4936, 2456, 4573, 'R'),
       (4936, 2456, 4593, 'R'),
       (4936, 2456, 4607, 'R'),
       (4936, 2456, 4608, 'R'),
       (4936, 2456, 4609, 'R'),
       (4936, 2456, 4612, 'R'),
       (4936, 2456, 4613, 'R'),
       (4936, 2456, 4625, 'R'),
       (4936, 2457, 4557, 'R'),
       (4936, 2457, 4558, 'R'),
       (4936, 2457, 4559, 'R'),
       (4936, 2457, 4560, 'R'),
       (4936, 2457, 4561, 'R'),
       (4936, 2457, 4574, 'R'),
       (4936, 2457, 4575, 'R'),
       (4936, 2457, 4576, 'R'),
       (4936, 2457, 4577, 'R'),
       (4936, 2457, 4578, 'R'),
       (4936, 2457, 4579, 'R'),
       (4936, 2457, 4617, 'R'),
       (4936, 2457, 4618, 'R'),
       (4936, 2457, 4626, 'R'),
       (4936, 2458, 4594, 'R'),
       (4936, 2458, 4595, 'R'),
       (4936, 2458, 4619, 'R'),
       (4937, 2456, 4555, 'R'),
       (4937, 2456, 4556, 'R'),
       (4937, 2456, 4563, 'R'),
       (4937, 2456, 4564, 'R'),
       (4937, 2456, 4565, 'R'),
       (4937, 2456, 4567, 'R'),
       (4937, 2456, 4568, 'R'),
       (4937, 2456, 4569, 'R'),
       (4937, 2456, 4573, 'R'),
       (4937, 2456, 4593, 'R'),
       (4937, 2456, 4607, 'R'),
       (4937, 2456, 4608, 'R'),
       (4937, 2456, 4609, 'R'),
       (4937, 2456, 4612, 'R'),
       (4937, 2456, 4613, 'R'),
       (4937, 2456, 4625, 'R'),
       (4937, 2457, 4557, 'R'),
       (4937, 2457, 4558, 'R'),
       (4937, 2457, 4559, 'R'),
       (4937, 2457, 4560, 'R'),
       (4937, 2457, 4561, 'R'),
       (4937, 2457, 4574, 'R'),
       (4937, 2457, 4575, 'R'),
       (4937, 2457, 4576, 'R'),
       (4937, 2457, 4577, 'R'),
       (4937, 2457, 4578, 'R'),
       (4937, 2457, 4579, 'R'),
       (4937, 2457, 4617, 'R'),
       (4937, 2457, 4618, 'R'),
       (4937, 2457, 4626, 'R'),
       (4937, 2461, 4555, 'F'),
       (4937, 2461, 4556, 'F'),
       (4937, 2461, 4563, 'F'),
       (4937, 2461, 4596, 'F'),
       (4937, 2461, 4606, 'F'),
       (4937, 2461, 4621, 'F'),
       (4937, 2462, 4558, 'F'),
       (4937, 2462, 4559, 'F'),
       (4937, 2462, 4560, 'F'),
       (4937, 2462, 4561, 'F'),
       (4937, 2462, 4574, 'F'),
       (4937, 2462, 4575, 'F'),
       (4937, 2462, 4576, 'F'),
       (4937, 2462, 4577, 'F'),
       (4937, 2462, 4578, 'F'),
       (4937, 2462, 4579, 'F'),
       (4937, 2462, 4580, 'F'),
       (4937, 2463, 4591, 'F'),
       (4937, 2466, 4555, 'F'),
       (4937, 2466, 4556, 'F'),
       (4937, 2466, 4563, 'F'),
       (4937, 2466, 4596, 'F'),
       (4937, 2466, 4606, 'F'),
       (4937, 2466, 4621, 'F'),
       (4937, 2467, 4558, 'F'),
       (4937, 2467, 4559, 'F'),
       (4937, 2467, 4560, 'F'),
       (4937, 2467, 4561, 'F'),
       (4937, 2467, 4574, 'F'),
       (4937, 2467, 4575, 'F'),
       (4937, 2467, 4576, 'F'),
       (4937, 2467, 4577, 'F'),
       (4937, 2467, 4578, 'F'),
       (4937, 2467, 4579, 'F'),
       (4937, 2467, 4580, 'F'),
       (4937, 2468, 4591, 'F'),
       (4937, 2469, 4555, 'F'),
       (4937, 2469, 4556, 'F'),
       (4937, 2469, 4563, 'F'),
       (4937, 2469, 4596, 'F'),
       (4937, 2469, 4606, 'F'),
       (4937, 2469, 4621, 'F'),
       (4937, 2470, 4558, 'F'),
       (4937, 2470, 4559, 'F'),
       (4937, 2470, 4560, 'F'),
       (4937, 2470, 4561, 'F'),
       (4937, 2470, 4574, 'F'),
       (4937, 2470, 4575, 'F'),
       (4937, 2470, 4576, 'F'),
       (4937, 2470, 4577, 'F'),
       (4937, 2470, 4578, 'F'),
       (4937, 2470, 4579, 'F'),
       (4937, 2470, 4580, 'F'),
       (4937, 2471, 4591, 'F'),
       (4937, 2472, 4555, 'F'),
       (4937, 2472, 4556, 'F'),
       (4937, 2472, 4563, 'F'),
       (4937, 2472, 4596, 'F'),
       (4937, 2472, 4606, 'F'),
       (4937, 2472, 4621, 'F'),
       (4937, 2473, 4558, 'F'),
       (4937, 2473, 4559, 'F'),
       (4937, 2473, 4560, 'F'),
       (4937, 2473, 4561, 'F'),
       (4937, 2473, 4574, 'F'),
       (4937, 2473, 4575, 'F'),
       (4937, 2473, 4576, 'F'),
       (4937, 2473, 4577, 'F'),
       (4937, 2473, 4578, 'F'),
       (4937, 2473, 4579, 'F'),
       (4937, 2473, 4580, 'F'),
       (4937, 2474, 4591, 'F'),
       (4937, 2475, 4555, 'F'),
       (4937, 2475, 4556, 'F'),
       (4937, 2475, 4563, 'F'),
       (4937, 2475, 4596, 'F'),
       (4937, 2475, 4606, 'F'),
       (4937, 2475, 4621, 'F'),
       (4937, 2476, 4558, 'F'),
       (4937, 2476, 4559, 'F'),
       (4937, 2476, 4560, 'F'),
       (4937, 2476, 4561, 'F'),
       (4937, 2476, 4574, 'F'),
       (4937, 2476, 4575, 'F'),
       (4937, 2476, 4576, 'F'),
       (4937, 2476, 4577, 'F'),
       (4937, 2476, 4578, 'F'),
       (4937, 2476, 4579, 'F'),
       (4937, 2476, 4580, 'F'),
       (4937, 2477, 4591, 'F'),
       (4937, 2478, 4555, 'F'),
       (4937, 2478, 4556, 'F'),
       (4937, 2478, 4563, 'F'),
       (4937, 2478, 4596, 'F'),
       (4937, 2478, 4606, 'F'),
       (4937, 2478, 4621, 'F'),
       (4937, 2479, 4558, 'F'),
       (4937, 2479, 4559, 'F'),
       (4937, 2479, 4560, 'F'),
       (4937, 2479, 4561, 'F'),
       (4937, 2479, 4574, 'F'),
       (4937, 2479, 4575, 'F'),
       (4937, 2479, 4576, 'F'),
       (4937, 2479, 4577, 'F'),
       (4937, 2479, 4578, 'F'),
       (4937, 2479, 4579, 'F'),
       (4937, 2479, 4580, 'F'),
       (4937, 2480, 4591, 'F'),
       (4937, 2481, 4555, 'F'),
       (4937, 2481, 4556, 'F'),
       (4937, 2481, 4563, 'F'),
       (4937, 2481, 4596, 'F'),
       (4937, 2481, 4606, 'F'),
       (4937, 2481, 4621, 'F'),
       (4937, 2482, 4558, 'F'),
       (4937, 2482, 4559, 'F'),
       (4937, 2482, 4560, 'F'),
       (4937, 2482, 4561, 'F'),
       (4937, 2482, 4574, 'F'),
       (4937, 2482, 4575, 'F'),
       (4937, 2482, 4576, 'F'),
       (4937, 2482, 4577, 'F'),
       (4937, 2482, 4578, 'F'),
       (4937, 2482, 4579, 'F'),
       (4937, 2482, 4580, 'F'),
       (4937, 2483, 4591, 'F'),
       (4937, 2484, 4555, 'F'),
       (4937, 2484, 4556, 'F'),
       (4937, 2484, 4563, 'F'),
       (4937, 2484, 4596, 'F'),
       (4937, 2484, 4606, 'F'),
       (4937, 2484, 4621, 'F'),
       (4937, 2485, 4558, 'F'),
       (4937, 2485, 4559, 'F'),
       (4937, 2485, 4560, 'F'),
       (4937, 2485, 4561, 'F'),
       (4937, 2485, 4574, 'F'),
       (4937, 2485, 4575, 'F'),
       (4937, 2485, 4576, 'F'),
       (4937, 2485, 4577, 'F'),
       (4937, 2485, 4578, 'F'),
       (4937, 2485, 4579, 'F'),
       (4937, 2485, 4580, 'F'),
       (4937, 2486, 4591, 'F'),
       (4938, 2456, 4555, 'R'),
       (4938, 2456, 4556, 'R'),
       (4938, 2456, 4563, 'R'),
       (4938, 2456, 4564, 'R'),
       (4938, 2456, 4565, 'R'),
       (4938, 2456, 4567, 'R'),
       (4938, 2456, 4568, 'R'),
       (4938, 2456, 4569, 'R'),
       (4938, 2456, 4573, 'R'),
       (4938, 2456, 4593, 'R'),
       (4938, 2456, 4607, 'R'),
       (4938, 2456, 4608, 'R'),
       (4938, 2456, 4609, 'R'),
       (4938, 2456, 4612, 'R'),
       (4938, 2456, 4613, 'R'),
       (4938, 2456, 4625, 'R'),
       (4938, 2457, 4557, 'R'),
       (4938, 2457, 4558, 'R'),
       (4938, 2457, 4559, 'R'),
       (4938, 2457, 4560, 'R'),
       (4938, 2457, 4561, 'R'),
       (4938, 2457, 4574, 'R'),
       (4938, 2457, 4575, 'R'),
       (4938, 2457, 4576, 'R'),
       (4938, 2457, 4577, 'R'),
       (4938, 2457, 4578, 'R'),
       (4938, 2457, 4579, 'R'),
       (4938, 2457, 4617, 'R'),
       (4938, 2457, 4618, 'R'),
       (4938, 2457, 4626, 'R'),
       (4938, 2461, 4555, 'F'),
       (4938, 2461, 4556, 'F'),
       (4938, 2461, 4563, 'F'),
       (4938, 2461, 4596, 'F'),
       (4938, 2461, 4606, 'F'),
       (4938, 2461, 4621, 'F'),
       (4938, 2462, 4558, 'F'),
       (4938, 2462, 4559, 'F'),
       (4938, 2462, 4560, 'F'),
       (4938, 2462, 4561, 'F'),
       (4938, 2462, 4574, 'F'),
       (4938, 2462, 4575, 'F'),
       (4938, 2462, 4576, 'F'),
       (4938, 2462, 4577, 'F'),
       (4938, 2462, 4578, 'F'),
       (4938, 2462, 4579, 'F'),
       (4938, 2462, 4580, 'F'),
       (4938, 2463, 4591, 'F'),
       (4938, 2466, 4555, 'F'),
       (4938, 2466, 4556, 'F'),
       (4938, 2466, 4563, 'F'),
       (4938, 2466, 4596, 'F'),
       (4938, 2466, 4606, 'F'),
       (4938, 2466, 4621, 'F'),
       (4938, 2467, 4558, 'F'),
       (4938, 2467, 4559, 'F'),
       (4938, 2467, 4560, 'F'),
       (4938, 2467, 4561, 'F'),
       (4938, 2467, 4574, 'F'),
       (4938, 2467, 4575, 'F'),
       (4938, 2467, 4576, 'F'),
       (4938, 2467, 4577, 'F'),
       (4938, 2467, 4578, 'F'),
       (4938, 2467, 4579, 'F'),
       (4938, 2467, 4580, 'F'),
       (4938, 2468, 4591, 'F'),
       (4938, 2469, 4555, 'F'),
       (4938, 2469, 4556, 'F'),
       (4938, 2469, 4563, 'F'),
       (4938, 2469, 4596, 'F'),
       (4938, 2469, 4606, 'F'),
       (4938, 2469, 4621, 'F'),
       (4938, 2470, 4558, 'F'),
       (4938, 2470, 4559, 'F'),
       (4938, 2470, 4560, 'F'),
       (4938, 2470, 4561, 'F'),
       (4938, 2470, 4574, 'F'),
       (4938, 2470, 4575, 'F'),
       (4938, 2470, 4576, 'F'),
       (4938, 2470, 4577, 'F'),
       (4938, 2470, 4578, 'F'),
       (4938, 2470, 4579, 'F'),
       (4938, 2470, 4580, 'F'),
       (4938, 2471, 4591, 'F'),
       (4938, 2472, 4555, 'F'),
       (4938, 2472, 4556, 'F'),
       (4938, 2472, 4563, 'F'),
       (4938, 2472, 4596, 'F'),
       (4938, 2472, 4606, 'F'),
       (4938, 2472, 4621, 'F'),
       (4938, 2473, 4558, 'F'),
       (4938, 2473, 4559, 'F'),
       (4938, 2473, 4560, 'F'),
       (4938, 2473, 4561, 'F'),
       (4938, 2473, 4574, 'F'),
       (4938, 2473, 4575, 'F'),
       (4938, 2473, 4576, 'F'),
       (4938, 2473, 4577, 'F'),
       (4938, 2473, 4578, 'F'),
       (4938, 2473, 4579, 'F'),
       (4938, 2473, 4580, 'F'),
       (4938, 2474, 4591, 'F'),
       (4938, 2475, 4555, 'F'),
       (4938, 2475, 4556, 'F'),
       (4938, 2475, 4563, 'F'),
       (4938, 2475, 4596, 'F'),
       (4938, 2475, 4606, 'F'),
       (4938, 2475, 4621, 'F'),
       (4938, 2476, 4558, 'F'),
       (4938, 2476, 4559, 'F'),
       (4938, 2476, 4560, 'F'),
       (4938, 2476, 4561, 'F'),
       (4938, 2476, 4574, 'F'),
       (4938, 2476, 4575, 'F'),
       (4938, 2476, 4576, 'F'),
       (4938, 2476, 4577, 'F'),
       (4938, 2476, 4578, 'F'),
       (4938, 2476, 4579, 'F'),
       (4938, 2476, 4580, 'F'),
       (4938, 2477, 4591, 'F'),
       (4938, 2478, 4555, 'F'),
       (4938, 2478, 4556, 'F'),
       (4938, 2478, 4563, 'F'),
       (4938, 2478, 4596, 'F'),
       (4938, 2478, 4606, 'F'),
       (4938, 2478, 4621, 'F'),
       (4938, 2479, 4558, 'F'),
       (4938, 2479, 4559, 'F'),
       (4938, 2479, 4560, 'F'),
       (4938, 2479, 4561, 'F'),
       (4938, 2479, 4574, 'F'),
       (4938, 2479, 4575, 'F'),
       (4938, 2479, 4576, 'F'),
       (4938, 2479, 4577, 'F'),
       (4938, 2479, 4578, 'F'),
       (4938, 2479, 4579, 'F'),
       (4938, 2479, 4580, 'F'),
       (4938, 2480, 4591, 'F'),
       (4938, 2481, 4555, 'F'),
       (4938, 2481, 4556, 'F'),
       (4938, 2481, 4563, 'F'),
       (4938, 2481, 4596, 'F'),
       (4938, 2481, 4606, 'F'),
       (4938, 2481, 4621, 'F'),
       (4938, 2482, 4558, 'F'),
       (4938, 2482, 4559, 'F'),
       (4938, 2482, 4560, 'F'),
       (4938, 2482, 4561, 'F'),
       (4938, 2482, 4574, 'F'),
       (4938, 2482, 4575, 'F'),
       (4938, 2482, 4576, 'F'),
       (4938, 2482, 4577, 'F'),
       (4938, 2482, 4578, 'F'),
       (4938, 2482, 4579, 'F'),
       (4938, 2482, 4580, 'F'),
       (4938, 2483, 4591, 'F'),
       (4938, 2484, 4555, 'F'),
       (4938, 2484, 4556, 'F'),
       (4938, 2484, 4563, 'F'),
       (4938, 2484, 4596, 'F'),
       (4938, 2484, 4606, 'F'),
       (4938, 2484, 4621, 'F'),
       (4938, 2485, 4558, 'F'),
       (4938, 2485, 4559, 'F'),
       (4938, 2485, 4560, 'F'),
       (4938, 2485, 4561, 'F'),
       (4938, 2485, 4574, 'F'),
       (4938, 2485, 4575, 'F'),
       (4938, 2485, 4576, 'F'),
       (4938, 2485, 4577, 'F'),
       (4938, 2485, 4578, 'F'),
       (4938, 2485, 4579, 'F'),
       (4938, 2485, 4580, 'F'),
       (4938, 2486, 4591, 'F');

-- --------------------------------------------------------

--
-- Table structure for table `applicant_form_fields_access_default`
--

CREATE TABLE `applicant_form_fields_access_default`
(
    `applicant_field_id` int(11) UNSIGNED NOT NULL,
    `role_id`            int(11)                   DEFAULT NULL,
    `access`             enum ('R','F')   NOT NULL DEFAULT 'R' COMMENT 'R=read only, F=full access',
    `updated_on`         datetime                  DEFAULT NULL
) ENGINE = InnoDB
  DEFAULT CHARSET = utf8 COMMENT ='Default access for applicant fields and created/future role';

--
-- Dumping data for table `applicant_form_fields_access_default`
--

INSERT INTO `applicant_form_fields_access_default` (`applicant_field_id`, `role_id`, `access`, `updated_on`)
VALUES (688, 4816, 'F', '2014-06-04 10:15:39'),
       (689, 4816, 'F', '2014-06-04 10:15:39'),
       (697, 4816, 'F', '2014-06-04 10:15:39'),
       (698, 4816, 'F', '2014-06-04 10:15:39'),
       (700, 4816, 'F', '2014-06-04 10:15:39'),
       (701, 4816, 'F', '2014-06-04 10:15:39'),
       (706, 4816, 'F', '2014-06-04 10:15:39'),
       (726, 4816, 'F', '2014-06-04 10:15:39'),
       (740, 4816, 'F', '2014-06-04 10:15:39'),
       (741, 4816, 'F', '2014-06-04 10:15:39'),
       (742, 4816, 'F', '2014-06-04 10:15:39'),
       (743, 4816, 'F', '2014-06-04 10:15:39'),
       (744, 4816, 'F', '2014-06-04 10:15:39'),
       (745, 4816, 'F', '2014-06-04 10:15:39'),
       (746, 4816, 'F', '2014-06-04 10:15:39'),
       (747, 4816, 'F', '2014-06-04 10:15:39'),
       (748, 4816, 'F', '2014-06-04 10:15:39'),
       (749, 4816, 'F', '2014-06-04 10:15:39'),
       (691, 4816, 'F', '2014-06-04 10:15:39'),
       (692, 4816, 'F', '2014-06-04 10:15:39'),
       (693, 4816, 'F', '2014-06-04 10:15:39'),
       (694, 4816, 'F', '2014-06-04 10:15:39'),
       (707, 4816, 'F', '2014-06-04 10:15:39'),
       (708, 4816, 'F', '2014-06-04 10:15:39'),
       (709, 4816, 'F', '2014-06-04 10:15:39'),
       (710, 4816, 'F', '2014-06-04 10:15:39'),
       (711, 4816, 'F', '2014-06-04 10:15:39'),
       (712, 4816, 'F', '2014-06-04 10:15:39'),
       (714, 4816, 'F', '2014-06-04 10:15:39'),
       (750, 4816, 'F', '2014-06-04 10:15:39'),
       (751, 4816, 'F', '2014-06-04 10:15:39'),
       (727, 4816, 'F', '2014-06-04 10:15:39'),
       (728, 4816, 'F', '2014-06-04 10:15:39'),
       (752, 4816, 'F', '2014-06-04 10:15:39'),
       (716, 4816, 'F', '2014-06-04 10:15:39'),
       (725, 4816, 'F', '2014-06-04 10:15:39'),
       (732, 4816, 'F', '2014-06-04 10:15:39'),
       (733, 4816, 'F', '2014-06-04 10:15:39'),
       (734, 4816, 'F', '2014-06-04 10:15:39'),
       (735, 4816, 'F', '2014-06-04 10:15:39'),
       (736, 4816, 'F', '2014-06-04 10:15:39'),
       (737, 4816, 'F', '2014-06-04 10:15:39'),
       (738, 4816, 'F', '2014-06-04 10:15:39'),
       (713, 4816, 'F', '2014-06-04 10:15:39'),
       (739, 4816, 'F', '2014-06-04 10:15:39'),
       (696, 4816, 'F', '2014-06-04 10:15:39'),
       (729, 4816, 'F', '2014-06-04 10:15:39'),
       (754, 4816, 'F', '2014-06-04 10:15:39'),
       (724, 4816, 'F', '2014-06-04 10:15:39'),
       (730, 4816, 'F', '2014-06-04 10:15:39'),
       (731, 4816, 'F', '2014-06-04 10:15:39'),
       (753, 4816, 'F', '2014-06-04 10:15:39'),
       (688, 4822, 'R', '2014-06-04 10:15:39'),
       (689, 4822, 'R', '2014-06-04 10:15:39'),
       (697, 4822, 'R', '2014-06-04 10:15:39'),
       (706, 4822, 'R', '2014-06-04 10:15:39'),
       (726, 4822, 'R', '2014-06-04 10:15:39'),
       (741, 4822, 'R', '2014-06-04 10:15:39'),
       (742, 4822, 'R', '2014-06-04 10:15:39'),
       (748, 4822, 'R', '2014-06-04 10:15:39'),
       (716, 4822, 'R', '2014-06-04 10:15:39'),
       (732, 4822, 'R', '2014-06-04 10:15:39'),
       (733, 4822, 'R', '2014-06-04 10:15:39'),
       (734, 4822, 'R', '2014-06-04 10:15:39'),
       (735, 4822, 'R', '2014-06-04 10:15:39'),
       (736, 4822, 'R', '2014-06-04 10:15:39'),
       (737, 4822, 'R', '2014-06-04 10:15:39'),
       (738, 4822, 'R', '2014-06-04 10:15:39'),
       (688, 4817, 'R', '2014-06-04 10:15:39'),
       (689, 4817, 'R', '2014-06-04 10:15:39'),
       (697, 4817, 'R', '2014-06-04 10:15:39'),
       (698, 4817, 'R', '2014-06-04 10:15:39'),
       (700, 4817, 'R', '2014-06-04 10:15:39'),
       (701, 4817, 'R', '2014-06-04 10:15:39'),
       (706, 4817, 'R', '2014-06-04 10:15:39'),
       (726, 4817, 'R', '2014-06-04 10:15:39'),
       (740, 4817, 'R', '2014-06-04 10:15:39'),
       (741, 4817, 'R', '2014-06-04 10:15:39'),
       (742, 4817, 'R', '2014-06-04 10:15:39'),
       (743, 4817, 'R', '2014-06-04 10:15:39'),
       (744, 4817, 'R', '2014-06-04 10:15:39'),
       (745, 4817, 'R', '2014-06-04 10:15:39'),
       (746, 4817, 'R', '2014-06-04 10:15:39'),
       (747, 4817, 'R', '2014-06-04 10:15:39'),
       (748, 4817, 'R', '2014-06-04 10:15:39'),
       (749, 4817, 'R', '2014-06-04 10:15:39'),
       (691, 4817, 'R', '2014-06-04 10:15:39'),
       (692, 4817, 'R', '2014-06-04 10:15:39'),
       (693, 4817, 'R', '2014-06-04 10:15:39'),
       (694, 4817, 'R', '2014-06-04 10:15:39'),
       (707, 4817, 'R', '2014-06-04 10:15:39'),
       (708, 4817, 'R', '2014-06-04 10:15:39'),
       (709, 4817, 'R', '2014-06-04 10:15:39'),
       (710, 4817, 'R', '2014-06-04 10:15:39'),
       (711, 4817, 'R', '2014-06-04 10:15:39'),
       (712, 4817, 'R', '2014-06-04 10:15:39'),
       (714, 4817, 'R', '2014-06-04 10:15:39'),
       (750, 4817, 'R', '2014-06-04 10:15:39'),
       (751, 4817, 'R', '2014-06-04 10:15:39'),
       (716, 4817, 'R', '2014-06-04 10:15:39'),
       (725, 4817, 'R', '2014-06-04 10:15:39'),
       (732, 4817, 'R', '2014-06-04 10:15:39'),
       (733, 4817, 'R', '2014-06-04 10:15:39'),
       (734, 4817, 'R', '2014-06-04 10:15:39'),
       (735, 4817, 'R', '2014-06-04 10:15:39'),
       (736, 4817, 'R', '2014-06-04 10:15:39'),
       (737, 4817, 'R', '2014-06-04 10:15:39'),
       (738, 4817, 'R', '2014-06-04 10:15:39'),
       (713, 4817, 'R', '2014-06-04 10:15:39'),
       (739, 4817, 'R', '2014-06-04 10:15:39'),
       (688, 4812, 'F', '2014-06-04 10:15:39'),
       (689, 4812, 'F', '2014-06-04 10:15:39'),
       (697, 4812, 'F', '2014-06-04 10:15:39'),
       (698, 4812, 'F', '2014-06-04 10:15:39'),
       (700, 4812, 'F', '2014-06-04 10:15:39'),
       (701, 4812, 'F', '2014-06-04 10:15:39'),
       (706, 4812, 'F', '2014-06-04 10:15:39'),
       (726, 4812, 'F', '2014-06-04 10:15:39'),
       (740, 4812, 'F', '2014-06-04 10:15:39'),
       (741, 4812, 'F', '2014-06-04 10:15:39'),
       (742, 4812, 'F', '2014-06-04 10:15:39'),
       (743, 4812, 'F', '2014-06-04 10:15:39'),
       (744, 4812, 'F', '2014-06-04 10:15:39'),
       (745, 4812, 'F', '2014-06-04 10:15:39'),
       (746, 4812, 'F', '2014-06-04 10:15:39'),
       (747, 4812, 'F', '2014-06-04 10:15:39'),
       (748, 4812, 'F', '2014-06-04 10:15:39'),
       (749, 4812, 'F', '2014-06-04 10:15:39'),
       (691, 4812, 'F', '2014-06-04 10:15:39'),
       (692, 4812, 'F', '2014-06-04 10:15:39'),
       (693, 4812, 'F', '2014-06-04 10:15:39'),
       (694, 4812, 'F', '2014-06-04 10:15:39'),
       (707, 4812, 'F', '2014-06-04 10:15:39'),
       (708, 4812, 'F', '2014-06-04 10:15:39'),
       (709, 4812, 'F', '2014-06-04 10:15:39'),
       (710, 4812, 'F', '2014-06-04 10:15:39'),
       (711, 4812, 'F', '2014-06-04 10:15:39'),
       (712, 4812, 'F', '2014-06-04 10:15:39'),
       (714, 4812, 'F', '2014-06-04 10:15:39'),
       (750, 4812, 'F', '2014-06-04 10:15:39'),
       (751, 4812, 'F', '2014-06-04 10:15:39'),
       (727, 4812, 'F', '2014-06-04 10:15:39'),
       (728, 4812, 'F', '2014-06-04 10:15:39'),
       (752, 4812, 'F', '2014-06-04 10:15:39'),
       (716, 4812, 'F', '2014-06-04 10:15:39'),
       (725, 4812, 'F', '2014-06-04 10:15:39'),
       (732, 4812, 'F', '2014-06-04 10:15:39'),
       (733, 4812, 'F', '2014-06-04 10:15:39'),
       (734, 4812, 'F', '2014-06-04 10:15:39'),
       (735, 4812, 'F', '2014-06-04 10:15:39'),
       (736, 4812, 'F', '2014-06-04 10:15:39'),
       (737, 4812, 'F', '2014-06-04 10:15:39'),
       (738, 4812, 'F', '2014-06-04 10:15:39'),
       (713, 4812, 'F', '2014-06-04 10:15:39'),
       (739, 4812, 'F', '2014-06-04 10:15:39'),
       (696, 4812, 'F', '2014-06-04 10:15:39'),
       (729, 4812, 'F', '2014-06-04 10:15:39'),
       (754, 4812, 'F', '2014-06-04 10:15:39'),
       (724, 4812, 'F', '2014-06-04 10:15:39'),
       (730, 4812, 'F', '2014-06-04 10:15:39'),
       (731, 4812, 'F', '2014-06-04 10:15:39'),
       (753, 4812, 'F', '2014-06-04 10:15:39'),
       (688, 4813, 'F', '2014-06-04 10:15:39'),
       (689, 4813, 'F', '2014-06-04 10:15:39'),
       (697, 4813, 'F', '2014-06-04 10:15:39'),
       (698, 4813, 'F', '2014-06-04 10:15:39'),
       (700, 4813, 'F', '2014-06-04 10:15:39'),
       (701, 4813, 'F', '2014-06-04 10:15:39'),
       (706, 4813, 'F', '2014-06-04 10:15:39'),
       (726, 4813, 'F', '2014-06-04 10:15:39'),
       (740, 4813, 'F', '2014-06-04 10:15:39'),
       (741, 4813, 'F', '2014-06-04 10:15:39'),
       (742, 4813, 'F', '2014-06-04 10:15:39'),
       (743, 4813, 'F', '2014-06-04 10:15:39'),
       (744, 4813, 'F', '2014-06-04 10:15:39'),
       (745, 4813, 'F', '2014-06-04 10:15:39'),
       (746, 4813, 'F', '2014-06-04 10:15:39'),
       (747, 4813, 'F', '2014-06-04 10:15:39'),
       (748, 4813, 'F', '2014-06-04 10:15:39'),
       (749, 4813, 'F', '2014-06-04 10:15:39'),
       (691, 4813, 'F', '2014-06-04 10:15:39'),
       (692, 4813, 'F', '2014-06-04 10:15:39'),
       (693, 4813, 'F', '2014-06-04 10:15:39'),
       (694, 4813, 'F', '2014-06-04 10:15:39'),
       (707, 4813, 'F', '2014-06-04 10:15:39'),
       (708, 4813, 'F', '2014-06-04 10:15:39'),
       (709, 4813, 'F', '2014-06-04 10:15:39'),
       (710, 4813, 'F', '2014-06-04 10:15:39'),
       (711, 4813, 'F', '2014-06-04 10:15:39'),
       (712, 4813, 'F', '2014-06-04 10:15:39'),
       (714, 4813, 'F', '2014-06-04 10:15:39'),
       (750, 4813, 'F', '2014-06-04 10:15:39'),
       (751, 4813, 'F', '2014-06-04 10:15:39'),
       (727, 4813, 'F', '2014-06-04 10:15:39'),
       (728, 4813, 'F', '2014-06-04 10:15:39'),
       (752, 4813, 'F', '2014-06-04 10:15:39'),
       (716, 4813, 'F', '2014-06-04 10:15:39'),
       (725, 4813, 'F', '2014-06-04 10:15:39'),
       (732, 4813, 'F', '2014-06-04 10:15:39'),
       (733, 4813, 'F', '2014-06-04 10:15:39'),
       (734, 4813, 'F', '2014-06-04 10:15:39'),
       (735, 4813, 'F', '2014-06-04 10:15:39'),
       (736, 4813, 'F', '2014-06-04 10:15:39'),
       (737, 4813, 'F', '2014-06-04 10:15:39'),
       (738, 4813, 'F', '2014-06-04 10:15:39'),
       (713, 4813, 'F', '2014-06-04 10:15:39'),
       (739, 4813, 'F', '2014-06-04 10:15:39'),
       (696, 4813, 'F', '2014-06-04 10:15:39'),
       (729, 4813, 'F', '2014-06-04 10:15:39'),
       (754, 4813, 'F', '2014-06-04 10:15:39'),
       (724, 4813, 'F', '2014-06-04 10:15:39'),
       (730, 4813, 'F', '2014-06-04 10:15:39'),
       (731, 4813, 'F', '2014-06-04 10:15:39'),
       (753, 4813, 'F', '2014-06-04 10:15:39'),
       (688, 4819, 'F', '2014-06-04 10:15:39'),
       (689, 4819, 'F', '2014-06-04 10:15:39'),
       (697, 4819, 'F', '2014-06-04 10:15:39'),
       (698, 4819, 'F', '2014-06-04 10:15:39'),
       (700, 4819, 'F', '2014-06-04 10:15:39'),
       (701, 4819, 'F', '2014-06-04 10:15:39'),
       (706, 4819, 'F', '2014-06-04 10:15:39'),
       (726, 4819, 'F', '2014-06-04 10:15:39'),
       (740, 4819, 'F', '2014-06-04 10:15:39'),
       (741, 4819, 'F', '2014-06-04 10:15:39'),
       (742, 4819, 'F', '2014-06-04 10:15:39'),
       (743, 4819, 'F', '2014-06-04 10:15:39'),
       (744, 4819, 'F', '2014-06-04 10:15:39'),
       (745, 4819, 'F', '2014-06-04 10:15:39'),
       (746, 4819, 'F', '2014-06-04 10:15:39'),
       (747, 4819, 'F', '2014-06-04 10:15:39'),
       (748, 4819, 'F', '2014-06-04 10:15:39'),
       (749, 4819, 'F', '2014-06-04 10:15:39'),
       (691, 4819, 'F', '2014-06-04 10:15:39'),
       (692, 4819, 'F', '2014-06-04 10:15:39'),
       (693, 4819, 'F', '2014-06-04 10:15:39'),
       (694, 4819, 'F', '2014-06-04 10:15:39'),
       (707, 4819, 'F', '2014-06-04 10:15:39'),
       (708, 4819, 'F', '2014-06-04 10:15:39'),
       (709, 4819, 'F', '2014-06-04 10:15:39'),
       (710, 4819, 'F', '2014-06-04 10:15:39'),
       (711, 4819, 'F', '2014-06-04 10:15:39'),
       (712, 4819, 'F', '2014-06-04 10:15:39'),
       (714, 4819, 'F', '2014-06-04 10:15:39'),
       (750, 4819, 'F', '2014-06-04 10:15:39'),
       (751, 4819, 'F', '2014-06-04 10:15:39'),
       (727, 4819, 'F', '2014-06-04 10:15:39'),
       (728, 4819, 'F', '2014-06-04 10:15:39'),
       (752, 4819, 'F', '2014-06-04 10:15:39'),
       (716, 4819, 'F', '2014-06-04 10:15:39'),
       (725, 4819, 'F', '2014-06-04 10:15:39'),
       (732, 4819, 'F', '2014-06-04 10:15:39'),
       (733, 4819, 'F', '2014-06-04 10:15:39'),
       (734, 4819, 'F', '2014-06-04 10:15:39'),
       (735, 4819, 'F', '2014-06-04 10:15:39'),
       (736, 4819, 'F', '2014-06-04 10:15:39'),
       (737, 4819, 'F', '2014-06-04 10:15:39'),
       (738, 4819, 'F', '2014-06-04 10:15:39'),
       (713, 4819, 'F', '2014-06-04 10:15:39'),
       (739, 4819, 'F', '2014-06-04 10:15:39'),
       (696, 4819, 'F', '2014-06-04 10:15:39'),
       (729, 4819, 'F', '2014-06-04 10:15:39'),
       (754, 4819, 'F', '2014-06-04 10:15:39'),
       (724, 4819, 'F', '2014-06-04 10:15:39'),
       (730, 4819, 'F', '2014-06-04 10:15:39'),
       (731, 4819, 'F', '2014-06-04 10:15:39'),
       (753, 4819, 'F', '2014-06-04 10:15:39'),
       (688, 4820, 'F', '2014-06-04 10:15:39'),
       (689, 4820, 'F', '2014-06-04 10:15:39'),
       (697, 4820, 'F', '2014-06-04 10:15:39'),
       (698, 4820, 'F', '2014-06-04 10:15:39'),
       (700, 4820, 'F', '2014-06-04 10:15:39'),
       (701, 4820, 'F', '2014-06-04 10:15:39'),
       (726, 4820, 'F', '2014-06-04 10:15:39'),
       (740, 4820, 'F', '2014-06-04 10:15:39'),
       (741, 4820, 'F', '2014-06-04 10:15:39'),
       (742, 4820, 'F', '2014-06-04 10:15:39'),
       (743, 4820, 'F', '2014-06-04 10:15:39'),
       (744, 4820, 'F', '2014-06-04 10:15:39'),
       (745, 4820, 'F', '2014-06-04 10:15:39'),
       (746, 4820, 'F', '2014-06-04 10:15:39'),
       (747, 4820, 'F', '2014-06-04 10:15:39'),
       (748, 4820, 'F', '2014-06-04 10:15:39'),
       (749, 4820, 'F', '2014-06-04 10:15:39'),
       (691, 4820, 'F', '2014-06-04 10:15:39'),
       (692, 4820, 'F', '2014-06-04 10:15:39'),
       (693, 4820, 'F', '2014-06-04 10:15:39'),
       (694, 4820, 'F', '2014-06-04 10:15:39'),
       (707, 4820, 'F', '2014-06-04 10:15:39'),
       (708, 4820, 'F', '2014-06-04 10:15:39'),
       (709, 4820, 'F', '2014-06-04 10:15:39'),
       (710, 4820, 'F', '2014-06-04 10:15:39'),
       (711, 4820, 'F', '2014-06-04 10:15:39'),
       (712, 4820, 'F', '2014-06-04 10:15:39'),
       (714, 4820, 'F', '2014-06-04 10:15:39'),
       (750, 4820, 'F', '2014-06-04 10:15:39'),
       (751, 4820, 'F', '2014-06-04 10:15:39'),
       (727, 4820, 'F', '2014-06-04 10:15:39'),
       (728, 4820, 'F', '2014-06-04 10:15:39'),
       (752, 4820, 'F', '2014-06-04 10:15:39'),
       (716, 4820, 'F', '2014-06-04 10:15:39'),
       (725, 4820, 'F', '2014-06-04 10:15:39'),
       (732, 4820, 'F', '2014-06-04 10:15:39'),
       (733, 4820, 'F', '2014-06-04 10:15:39'),
       (734, 4820, 'F', '2014-06-04 10:15:39'),
       (735, 4820, 'F', '2014-06-04 10:15:39'),
       (736, 4820, 'F', '2014-06-04 10:15:39'),
       (737, 4820, 'F', '2014-06-04 10:15:39'),
       (738, 4820, 'F', '2014-06-04 10:15:39'),
       (713, 4820, 'F', '2014-06-04 10:15:39'),
       (739, 4820, 'F', '2014-06-04 10:15:39'),
       (696, 4820, 'F', '2014-06-04 10:15:39'),
       (729, 4820, 'F', '2014-06-04 10:15:39'),
       (754, 4820, 'F', '2014-06-04 10:15:39'),
       (724, 4820, 'F', '2014-06-04 10:15:39'),
       (730, 4820, 'F', '2014-06-04 10:15:39'),
       (731, 4820, 'F', '2014-06-04 10:15:39'),
       (753, 4820, 'F', '2014-06-04 10:15:39'),
       (688, 4821, 'F', '2014-06-04 10:15:39'),
       (689, 4821, 'F', '2014-06-04 10:15:39'),
       (697, 4821, 'F', '2014-06-04 10:15:39'),
       (698, 4821, 'F', '2014-06-04 10:15:39'),
       (700, 4821, 'F', '2014-06-04 10:15:39'),
       (701, 4821, 'F', '2014-06-04 10:15:39'),
       (706, 4821, 'F', '2014-06-04 10:15:39'),
       (726, 4821, 'F', '2014-06-04 10:15:39'),
       (740, 4821, 'F', '2014-06-04 10:15:39'),
       (741, 4821, 'F', '2014-06-04 10:15:39'),
       (742, 4821, 'F', '2014-06-04 10:15:39'),
       (743, 4821, 'F', '2014-06-04 10:15:39'),
       (744, 4821, 'F', '2014-06-04 10:15:39'),
       (745, 4821, 'F', '2014-06-04 10:15:39'),
       (746, 4821, 'F', '2014-06-04 10:15:39'),
       (747, 4821, 'F', '2014-06-04 10:15:39'),
       (748, 4821, 'F', '2014-06-04 10:15:39'),
       (749, 4821, 'F', '2014-06-04 10:15:39'),
       (691, 4821, 'F', '2014-06-04 10:15:39'),
       (692, 4821, 'F', '2014-06-04 10:15:39'),
       (693, 4821, 'F', '2014-06-04 10:15:39'),
       (694, 4821, 'F', '2014-06-04 10:15:39'),
       (707, 4821, 'F', '2014-06-04 10:15:39'),
       (708, 4821, 'F', '2014-06-04 10:15:39'),
       (709, 4821, 'F', '2014-06-04 10:15:39'),
       (710, 4821, 'F', '2014-06-04 10:15:39'),
       (711, 4821, 'F', '2014-06-04 10:15:39'),
       (712, 4821, 'F', '2014-06-04 10:15:39'),
       (714, 4821, 'F', '2014-06-04 10:15:39'),
       (750, 4821, 'F', '2014-06-04 10:15:39'),
       (751, 4821, 'F', '2014-06-04 10:15:39'),
       (727, 4821, 'R', '2014-06-04 10:15:39'),
       (728, 4821, 'R', '2014-06-04 10:15:39'),
       (752, 4821, 'R', '2014-06-04 10:15:39'),
       (716, 4821, 'F', '2014-06-04 10:15:39'),
       (725, 4821, 'F', '2014-06-04 10:15:39'),
       (732, 4821, 'F', '2014-06-04 10:15:39'),
       (733, 4821, 'F', '2014-06-04 10:15:39'),
       (734, 4821, 'F', '2014-06-04 10:15:39'),
       (735, 4821, 'F', '2014-06-04 10:15:39'),
       (736, 4821, 'F', '2014-06-04 10:15:39'),
       (737, 4821, 'F', '2014-06-04 10:15:39'),
       (738, 4821, 'F', '2014-06-04 10:15:39'),
       (713, 4821, 'F', '2014-06-04 10:15:39'),
       (739, 4821, 'F', '2014-06-04 10:15:39'),
       (696, 4821, 'F', '2014-06-04 10:15:39'),
       (729, 4821, 'F', '2014-06-04 10:15:39'),
       (754, 4821, 'F', '2014-06-04 10:15:39'),
       (724, 4821, 'F', '2014-06-04 10:15:39'),
       (730, 4821, 'R', '2014-06-04 10:15:39'),
       (731, 4821, 'R', '2014-06-04 10:15:39'),
       (753, 4821, 'R', '2014-06-04 10:15:39'),
       (4555, 4918, 'R', '2017-06-20 17:20:34'),
       (4556, 4918, 'R', '2017-06-20 17:20:34'),
       (4564, 4918, 'R', '2017-06-20 17:20:34'),
       (4573, 4918, 'R', '2017-06-20 17:20:34'),
       (4593, 4918, 'R', '2017-06-20 17:20:34'),
       (4608, 4918, 'R', '2017-06-20 17:20:34'),
       (4609, 4918, 'R', '2017-06-20 17:20:34'),
       (4583, 4918, 'R', '2017-06-20 17:20:34'),
       (4599, 4918, 'R', '2017-06-20 17:20:34'),
       (4600, 4918, 'R', '2017-06-20 17:20:34'),
       (4601, 4918, 'R', '2017-06-20 17:20:34'),
       (4602, 4918, 'R', '2017-06-20 17:20:34'),
       (4603, 4918, 'R', '2017-06-20 17:20:34'),
       (4604, 4918, 'R', '2017-06-20 17:20:34'),
       (4605, 4918, 'R', '2017-06-20 17:20:34'),
       (4555, 4919, 'F', '2017-06-20 17:20:34'),
       (4556, 4919, 'F', '2017-06-20 17:20:34'),
       (4563, 4919, 'F', '2017-06-20 17:20:34'),
       (4564, 4919, 'F', '2017-06-20 17:20:34'),
       (4565, 4919, 'F', '2017-06-20 17:20:34'),
       (4567, 4919, 'F', '2017-06-20 17:20:34'),
       (4568, 4919, 'F', '2017-06-20 17:20:34'),
       (4569, 4919, 'F', '2017-06-20 17:20:34'),
       (4573, 4919, 'F', '2017-06-20 17:20:34'),
       (4593, 4919, 'F', '2017-06-20 17:20:34'),
       (4607, 4919, 'F', '2017-06-20 17:20:34'),
       (4608, 4919, 'F', '2017-06-20 17:20:34'),
       (4609, 4919, 'F', '2017-06-20 17:20:34'),
       (4612, 4919, 'F', '2017-06-20 17:20:34'),
       (4613, 4919, 'F', '2017-06-20 17:20:34'),
       (4625, 4919, 'F', '2017-06-20 17:20:34'),
       (4557, 4919, 'F', '2017-06-20 17:20:34'),
       (4558, 4919, 'F', '2017-06-20 17:20:34'),
       (4559, 4919, 'F', '2017-06-20 17:20:34'),
       (4560, 4919, 'F', '2017-06-20 17:20:34'),
       (4561, 4919, 'F', '2017-06-20 17:20:34'),
       (4574, 4919, 'F', '2017-06-20 17:20:34'),
       (4575, 4919, 'F', '2017-06-20 17:20:34'),
       (4576, 4919, 'F', '2017-06-20 17:20:34'),
       (4577, 4919, 'F', '2017-06-20 17:20:34'),
       (4578, 4919, 'F', '2017-06-20 17:20:34'),
       (4579, 4919, 'F', '2017-06-20 17:20:34'),
       (4617, 4919, 'F', '2017-06-20 17:20:34'),
       (4618, 4919, 'F', '2017-06-20 17:20:34'),
       (4555, 4925, 'F', '2017-06-22 21:12:14'),
       (4556, 4925, 'F', '2017-06-22 21:12:14'),
       (4563, 4925, 'F', '2017-06-22 21:12:14'),
       (4564, 4925, 'F', '2017-06-22 21:12:14'),
       (4565, 4925, 'F', '2017-06-22 21:12:14'),
       (4567, 4925, 'F', '2017-06-22 21:12:14'),
       (4568, 4925, 'F', '2017-06-22 21:12:14'),
       (4569, 4925, 'F', '2017-06-22 21:12:14'),
       (4573, 4925, 'F', '2017-06-22 21:12:14'),
       (4593, 4925, 'F', '2017-06-22 21:12:14'),
       (4607, 4925, 'F', '2017-06-22 21:12:14'),
       (4608, 4925, 'F', '2017-06-22 21:12:14'),
       (4609, 4925, 'F', '2017-06-22 21:12:14'),
       (4612, 4925, 'F', '2017-06-22 21:12:14'),
       (4613, 4925, 'F', '2017-06-22 21:12:14'),
       (4625, 4925, 'F', '2017-06-22 21:12:14'),
       (4557, 4925, 'F', '2017-06-22 21:12:14'),
       (4558, 4925, 'F', '2017-06-22 21:12:14'),
       (4559, 4925, 'F', '2017-06-22 21:12:14'),
       (4560, 4925, 'F', '2017-06-22 21:12:14'),
       (4561, 4925, 'F', '2017-06-22 21:12:14'),
       (4574, 4925, 'F', '2017-06-22 21:12:14'),
       (4575, 4925, 'F', '2017-06-22 21:12:14'),
       (4576, 4925, 'F', '2017-06-22 21:12:14'),
       (4577, 4925, 'F', '2017-06-22 21:12:14'),
       (4578, 4925, 'F', '2017-06-22 21:12:14'),
       (4579, 4925, 'F', '2017-06-22 21:12:14'),
       (4617, 4925, 'F', '2017-06-22 21:12:14'),
       (4618, 4925, 'F', '2017-06-22 21:12:14'),
       (4626, 4925, 'F', '2017-06-22 21:12:14'),
       (4555, 4926, 'F', '2017-06-22 21:51:49'),
       (4556, 4926, 'F', '2017-06-22 21:51:49'),
       (4563, 4926, 'F', '2017-06-22 21:51:49'),
       (4564, 4926, 'F', '2017-06-22 21:51:49'),
       (4565, 4926, 'F', '2017-06-22 21:51:49'),
       (4567, 4926, 'F', '2017-06-22 21:51:49'),
       (4568, 4926, 'F', '2017-06-22 21:51:49'),
       (4569, 4926, 'F', '2017-06-22 21:51:49'),
       (4573, 4926, 'F', '2017-06-22 21:51:49'),
       (4593, 4926, 'F', '2017-06-22 21:51:49'),
       (4607, 4926, 'F', '2017-06-22 21:51:49'),
       (4608, 4926, 'F', '2017-06-22 21:51:49'),
       (4609, 4926, 'F', '2017-06-22 21:51:49'),
       (4612, 4926, 'F', '2017-06-22 21:51:49'),
       (4613, 4926, 'F', '2017-06-22 21:51:49'),
       (4625, 4926, 'F', '2017-06-22 21:51:49'),
       (4557, 4926, 'F', '2017-06-22 21:51:49'),
       (4558, 4926, 'F', '2017-06-22 21:51:49'),
       (4559, 4926, 'F', '2017-06-22 21:51:49'),
       (4560, 4926, 'F', '2017-06-22 21:51:49'),
       (4561, 4926, 'F', '2017-06-22 21:51:49'),
       (4574, 4926, 'F', '2017-06-22 21:51:49'),
       (4575, 4926, 'F', '2017-06-22 21:51:49'),
       (4576, 4926, 'F', '2017-06-22 21:51:49'),
       (4577, 4926, 'F', '2017-06-22 21:51:49'),
       (4578, 4926, 'F', '2017-06-22 21:51:49'),
       (4579, 4926, 'F', '2017-06-22 21:51:49'),
       (4617, 4926, 'F', '2017-06-22 21:51:49'),
       (4618, 4926, 'F', '2017-06-22 21:51:49'),
       (4626, 4926, 'F', '2017-06-22 21:51:49'),
       (4555, 4936, 'R', '2017-10-04 21:20:11'),
       (4556, 4936, 'R', '2017-10-04 21:20:11'),
       (4563, 4936, 'R', '2017-10-04 21:20:11'),
       (4564, 4936, 'R', '2017-10-04 21:20:11'),
       (4565, 4936, 'R', '2017-10-04 21:20:11'),
       (4567, 4936, 'R', '2017-10-04 21:20:11'),
       (4568, 4936, 'R', '2017-10-04 21:20:11'),
       (4569, 4936, 'R', '2017-10-04 21:20:11'),
       (4573, 4936, 'R', '2017-10-04 21:20:11'),
       (4593, 4936, 'R', '2017-10-04 21:20:11'),
       (4607, 4936, 'R', '2017-10-04 21:20:11'),
       (4608, 4936, 'R', '2017-10-04 21:20:11'),
       (4609, 4936, 'R', '2017-10-04 21:20:11'),
       (4612, 4936, 'R', '2017-10-04 21:20:11'),
       (4613, 4936, 'R', '2017-10-04 21:20:11'),
       (4625, 4936, 'R', '2017-10-04 21:20:11'),
       (4557, 4936, 'R', '2017-10-04 21:20:11'),
       (4558, 4936, 'R', '2017-10-04 21:20:11'),
       (4559, 4936, 'R', '2017-10-04 21:20:11'),
       (4560, 4936, 'R', '2017-10-04 21:20:11'),
       (4561, 4936, 'R', '2017-10-04 21:20:11'),
       (4574, 4936, 'R', '2017-10-04 21:20:11'),
       (4575, 4936, 'R', '2017-10-04 21:20:11'),
       (4576, 4936, 'R', '2017-10-04 21:20:11'),
       (4577, 4936, 'R', '2017-10-04 21:20:11'),
       (4578, 4936, 'R', '2017-10-04 21:20:11'),
       (4579, 4936, 'R', '2017-10-04 21:20:11'),
       (4617, 4936, 'R', '2017-10-04 21:20:11'),
       (4618, 4936, 'R', '2017-10-04 21:20:11'),
       (4626, 4936, 'R', '2017-10-04 21:20:11'),
       (4594, 4936, 'R', '2017-10-04 21:20:11'),
       (4595, 4936, 'R', '2017-10-04 21:20:11'),
       (4619, 4936, 'R', '2017-10-04 21:20:11'),
       (4555, 4937, 'R', '2018-04-20 10:08:26'),
       (4556, 4937, 'R', '2018-04-20 10:08:26'),
       (4563, 4937, 'R', '2018-04-20 10:08:26'),
       (4564, 4937, 'R', '2018-04-20 10:08:26'),
       (4565, 4937, 'R', '2018-04-20 10:08:26'),
       (4567, 4937, 'R', '2018-04-20 10:08:26'),
       (4568, 4937, 'R', '2018-04-20 10:08:26'),
       (4569, 4937, 'R', '2018-04-20 10:08:26'),
       (4573, 4937, 'R', '2018-04-20 10:08:26'),
       (4593, 4937, 'R', '2018-04-20 10:08:26'),
       (4607, 4937, 'R', '2018-04-20 10:08:26'),
       (4608, 4937, 'R', '2018-04-20 10:08:26'),
       (4609, 4937, 'R', '2018-04-20 10:08:26'),
       (4612, 4937, 'R', '2018-04-20 10:08:26'),
       (4613, 4937, 'R', '2018-04-20 10:08:26'),
       (4625, 4937, 'R', '2018-04-20 10:08:26'),
       (4557, 4937, 'R', '2018-04-20 10:08:26'),
       (4558, 4937, 'R', '2018-04-20 10:08:26'),
       (4559, 4937, 'R', '2018-04-20 10:08:26'),
       (4560, 4937, 'R', '2018-04-20 10:08:26'),
       (4561, 4937, 'R', '2018-04-20 10:08:26'),
       (4574, 4937, 'R', '2018-04-20 10:08:26'),
       (4575, 4937, 'R', '2018-04-20 10:08:26'),
       (4576, 4937, 'R', '2018-04-20 10:08:26'),
       (4577, 4937, 'R', '2018-04-20 10:08:26'),
       (4578, 4937, 'R', '2018-04-20 10:08:26'),
       (4579, 4937, 'R', '2018-04-20 10:08:26'),
       (4617, 4937, 'R', '2018-04-20 10:08:26'),
       (4618, 4937, 'R', '2018-04-20 10:08:26'),
       (4626, 4937, 'R', '2018-04-20 10:08:26'),
       (4596, 4937, 'F', '2018-04-20 10:08:26'),
       (4606, 4937, 'F', '2018-04-20 10:08:26'),
       (4621, 4937, 'F', '2018-04-20 10:08:26'),
       (4580, 4937, 'F', '2018-04-20 10:08:26'),
       (4591, 4937, 'F', '2018-04-20 10:08:26'),
       (4555, 4938, 'R', '2019-08-14 14:38:03'),
       (4556, 4938, 'R', '2019-08-14 14:38:03'),
       (4563, 4938, 'R', '2019-08-14 14:38:03'),
       (4564, 4938, 'R', '2019-08-14 14:38:03'),
       (4565, 4938, 'R', '2019-08-14 14:38:03'),
       (4567, 4938, 'R', '2019-08-14 14:38:03'),
       (4568, 4938, 'R', '2019-08-14 14:38:03'),
       (4569, 4938, 'R', '2019-08-14 14:38:03'),
       (4573, 4938, 'R', '2019-08-14 14:38:03'),
       (4593, 4938, 'R', '2019-08-14 14:38:03'),
       (4607, 4938, 'R', '2019-08-14 14:38:03'),
       (4608, 4938, 'R', '2019-08-14 14:38:03'),
       (4609, 4938, 'R', '2019-08-14 14:38:03'),
       (4612, 4938, 'R', '2019-08-14 14:38:03'),
       (4613, 4938, 'R', '2019-08-14 14:38:03'),
       (4625, 4938, 'R', '2019-08-14 14:38:03'),
       (4557, 4938, 'R', '2019-08-14 14:38:03'),
       (4558, 4938, 'R', '2019-08-14 14:38:03'),
       (4559, 4938, 'R', '2019-08-14 14:38:03'),
       (4560, 4938, 'R', '2019-08-14 14:38:03'),
       (4561, 4938, 'R', '2019-08-14 14:38:03'),
       (4574, 4938, 'R', '2019-08-14 14:38:03'),
       (4575, 4938, 'R', '2019-08-14 14:38:03'),
       (4576, 4938, 'R', '2019-08-14 14:38:03'),
       (4577, 4938, 'R', '2019-08-14 14:38:03'),
       (4578, 4938, 'R', '2019-08-14 14:38:03'),
       (4579, 4938, 'R', '2019-08-14 14:38:03'),
       (4617, 4938, 'R', '2019-08-14 14:38:03'),
       (4618, 4938, 'R', '2019-08-14 14:38:03'),
       (4626, 4938, 'R', '2019-08-14 14:38:03'),
       (4596, 4938, 'F', '2019-08-14 14:38:03'),
       (4606, 4938, 'F', '2019-08-14 14:38:03'),
       (4621, 4938, 'F', '2019-08-14 14:38:03'),
       (4580, 4938, 'F', '2019-08-14 14:38:03'),
       (4591, 4938, 'F', '2019-08-14 14:38:03'),
       (4555, 4927, 'F', '2017-06-22 21:51:49'),
       (4556, 4927, 'F', '2017-06-22 21:51:49'),
       (4563, 4927, 'F', '2017-06-22 21:51:49'),
       (4564, 4927, 'F', '2017-06-22 21:51:49'),
       (4565, 4927, 'F', '2017-06-22 21:51:49'),
       (4567, 4927, 'F', '2017-06-22 21:51:49'),
       (4568, 4927, 'F', '2017-06-22 21:51:49'),
       (4569, 4927, 'F', '2017-06-22 21:51:49'),
       (4573, 4927, 'F', '2017-06-22 21:51:49'),
       (4593, 4927, 'F', '2017-06-22 21:51:49'),
       (4607, 4927, 'F', '2017-06-22 21:51:49'),
       (4608, 4927, 'F', '2017-06-22 21:51:49'),
       (4609, 4927, 'F', '2017-06-22 21:51:49'),
       (4612, 4927, 'F', '2017-06-22 21:51:49'),
       (4613, 4927, 'F', '2017-06-22 21:51:49'),
       (4625, 4927, 'F', '2017-06-22 21:51:49'),
       (4557, 4927, 'F', '2017-06-22 21:51:49'),
       (4558, 4927, 'F', '2017-06-22 21:51:49'),
       (4559, 4927, 'F', '2017-06-22 21:51:49'),
       (4560, 4927, 'F', '2017-06-22 21:51:49'),
       (4561, 4927, 'F', '2017-06-22 21:51:49'),
       (4574, 4927, 'F', '2017-06-22 21:51:49'),
       (4575, 4927, 'F', '2017-06-22 21:51:49'),
       (4576, 4927, 'F', '2017-06-22 21:51:49'),
       (4577, 4927, 'F', '2017-06-22 21:51:49'),
       (4578, 4927, 'F', '2017-06-22 21:51:49'),
       (4579, 4927, 'F', '2017-06-22 21:51:49'),
       (4617, 4927, 'F', '2017-06-22 21:51:49'),
       (4618, 4927, 'F', '2017-06-22 21:51:49'),
       (4626, 4927, 'F', '2017-06-22 21:51:49'),
       (4555, 4928, 'R', '2017-07-03 12:06:33'),
       (4556, 4928, 'R', '2017-07-03 12:06:33'),
       (4563, 4928, 'R', '2017-07-03 12:06:33'),
       (4564, 4928, 'R', '2017-07-03 12:06:33'),
       (4565, 4928, 'R', '2017-07-03 12:06:33'),
       (4567, 4928, 'R', '2017-07-03 12:06:33'),
       (4568, 4928, 'R', '2017-07-03 12:06:33'),
       (4569, 4928, 'R', '2017-07-03 12:06:33'),
       (4573, 4928, 'R', '2017-07-03 12:06:33'),
       (4593, 4928, 'R', '2017-07-03 12:06:33'),
       (4607, 4928, 'R', '2017-07-03 12:06:33'),
       (4608, 4928, 'R', '2017-07-03 12:06:33'),
       (4609, 4928, 'R', '2017-07-03 12:06:33'),
       (4612, 4928, 'R', '2017-07-03 12:06:33'),
       (4613, 4928, 'R', '2017-07-03 12:06:33'),
       (4625, 4928, 'R', '2017-07-03 12:06:33'),
       (4557, 4928, 'R', '2017-07-03 12:06:33'),
       (4558, 4928, 'R', '2017-07-03 12:06:33'),
       (4559, 4928, 'R', '2017-07-03 12:06:33'),
       (4560, 4928, 'R', '2017-07-03 12:06:33'),
       (4561, 4928, 'R', '2017-07-03 12:06:33'),
       (4574, 4928, 'R', '2017-07-03 12:06:33'),
       (4575, 4928, 'R', '2017-07-03 12:06:33'),
       (4576, 4928, 'R', '2017-07-03 12:06:33'),
       (4577, 4928, 'R', '2017-07-03 12:06:33'),
       (4578, 4928, 'R', '2017-07-03 12:06:33'),
       (4579, 4928, 'R', '2017-07-03 12:06:33'),
       (4617, 4928, 'R', '2017-07-03 12:06:33'),
       (4618, 4928, 'R', '2017-07-03 12:06:33'),
       (4626, 4928, 'R', '2017-07-03 12:06:33'),
       (4596, 4928, 'F', '2017-07-03 12:06:33'),
       (4606, 4928, 'F', '2017-07-03 12:06:33'),
       (4621, 4928, 'F', '2017-07-03 12:06:33'),
       (4580, 4928, 'F', '2017-07-03 12:06:33'),
       (4591, 4928, 'F', '2017-07-03 12:06:33'),
       (4555, 4929, 'F', '2017-07-03 12:06:52'),
       (4556, 4929, 'F', '2017-07-03 12:06:52'),
       (4563, 4929, 'F', '2017-07-03 12:06:52'),
       (4564, 4929, 'F', '2017-07-03 12:06:52'),
       (4565, 4929, 'F', '2017-07-03 12:06:52'),
       (4567, 4929, 'F', '2017-07-03 12:06:52'),
       (4568, 4929, 'F', '2017-07-03 12:06:52'),
       (4569, 4929, 'F', '2017-07-03 12:06:52'),
       (4573, 4929, 'F', '2017-07-03 12:06:52'),
       (4593, 4929, 'F', '2017-07-03 12:06:52'),
       (4607, 4929, 'F', '2017-07-03 12:06:52'),
       (4608, 4929, 'F', '2017-07-03 12:06:52'),
       (4609, 4929, 'F', '2017-07-03 12:06:52'),
       (4612, 4929, 'F', '2017-07-03 12:06:52'),
       (4613, 4929, 'F', '2017-07-03 12:06:52'),
       (4625, 4929, 'F', '2017-07-03 12:06:52'),
       (4557, 4929, 'F', '2017-07-03 12:06:52'),
       (4558, 4929, 'F', '2017-07-03 12:06:52'),
       (4559, 4929, 'F', '2017-07-03 12:06:52'),
       (4560, 4929, 'F', '2017-07-03 12:06:52'),
       (4561, 4929, 'F', '2017-07-03 12:06:52'),
       (4574, 4929, 'F', '2017-07-03 12:06:52'),
       (4575, 4929, 'F', '2017-07-03 12:06:52'),
       (4576, 4929, 'F', '2017-07-03 12:06:52'),
       (4577, 4929, 'F', '2017-07-03 12:06:52'),
       (4578, 4929, 'F', '2017-07-03 12:06:52'),
       (4579, 4929, 'F', '2017-07-03 12:06:52'),
       (4617, 4929, 'F', '2017-07-03 12:06:52'),
       (4618, 4929, 'F', '2017-07-03 12:06:52'),
       (4626, 4929, 'F', '2017-07-03 12:06:52'),
       (4596, 4929, 'F', '2017-07-03 12:06:52'),
       (4606, 4929, 'F', '2017-07-03 12:06:52'),
       (4621, 4929, 'F', '2017-07-03 12:06:52'),
       (4580, 4929, 'F', '2017-07-03 12:06:52'),
       (4591, 4929, 'F', '2017-07-03 12:06:52'),
       (4555, 4930, 'R', '2017-07-03 12:07:22'),
       (4556, 4930, 'R', '2017-07-03 12:07:22'),
       (4563, 4930, 'R', '2017-07-03 12:07:22'),
       (4564, 4930, 'R', '2017-07-03 12:07:22'),
       (4565, 4930, 'R', '2017-07-03 12:07:22'),
       (4567, 4930, 'R', '2017-07-03 12:07:22'),
       (4568, 4930, 'R', '2017-07-03 12:07:22'),
       (4569, 4930, 'R', '2017-07-03 12:07:22'),
       (4573, 4930, 'R', '2017-07-03 12:07:22'),
       (4593, 4930, 'R', '2017-07-03 12:07:22'),
       (4607, 4930, 'R', '2017-07-03 12:07:22'),
       (4608, 4930, 'R', '2017-07-03 12:07:22'),
       (4609, 4930, 'R', '2017-07-03 12:07:22'),
       (4612, 4930, 'R', '2017-07-03 12:07:22'),
       (4613, 4930, 'R', '2017-07-03 12:07:22'),
       (4625, 4930, 'R', '2017-07-03 12:07:22'),
       (4557, 4930, 'R', '2017-07-03 12:07:22'),
       (4558, 4930, 'R', '2017-07-03 12:07:22'),
       (4559, 4930, 'R', '2017-07-03 12:07:22'),
       (4560, 4930, 'R', '2017-07-03 12:07:22'),
       (4561, 4930, 'R', '2017-07-03 12:07:22'),
       (4574, 4930, 'R', '2017-07-03 12:07:22'),
       (4575, 4930, 'R', '2017-07-03 12:07:22'),
       (4576, 4930, 'R', '2017-07-03 12:07:22'),
       (4577, 4930, 'R', '2017-07-03 12:07:22'),
       (4578, 4930, 'R', '2017-07-03 12:07:22'),
       (4579, 4930, 'R', '2017-07-03 12:07:22'),
       (4617, 4930, 'R', '2017-07-03 12:07:22'),
       (4618, 4930, 'R', '2017-07-03 12:07:22'),
       (4626, 4930, 'R', '2017-07-03 12:07:22'),
       (4596, 4930, 'F', '2017-07-03 12:07:22'),
       (4606, 4930, 'F', '2017-07-03 12:07:22'),
       (4621, 4930, 'F', '2017-07-03 12:07:22'),
       (4580, 4930, 'F', '2017-07-03 12:07:22'),
       (4591, 4930, 'F', '2017-07-03 12:07:22'),
       (4555, 4931, 'R', '2017-07-03 12:08:20'),
       (4556, 4931, 'R', '2017-07-03 12:08:20'),
       (4563, 4931, 'R', '2017-07-03 12:08:20'),
       (4564, 4931, 'R', '2017-07-03 12:08:20'),
       (4565, 4931, 'R', '2017-07-03 12:08:20'),
       (4567, 4931, 'R', '2017-07-03 12:08:20'),
       (4568, 4931, 'R', '2017-07-03 12:08:20'),
       (4569, 4931, 'R', '2017-07-03 12:08:20'),
       (4573, 4931, 'R', '2017-07-03 12:08:20'),
       (4593, 4931, 'R', '2017-07-03 12:08:20'),
       (4607, 4931, 'R', '2017-07-03 12:08:20'),
       (4608, 4931, 'R', '2017-07-03 12:08:20'),
       (4609, 4931, 'R', '2017-07-03 12:08:20'),
       (4612, 4931, 'R', '2017-07-03 12:08:20'),
       (4613, 4931, 'R', '2017-07-03 12:08:20'),
       (4625, 4931, 'R', '2017-07-03 12:08:20'),
       (4557, 4931, 'R', '2017-07-03 12:08:20'),
       (4558, 4931, 'R', '2017-07-03 12:08:20'),
       (4559, 4931, 'R', '2017-07-03 12:08:20'),
       (4560, 4931, 'R', '2017-07-03 12:08:20'),
       (4561, 4931, 'R', '2017-07-03 12:08:20'),
       (4574, 4931, 'R', '2017-07-03 12:08:20'),
       (4575, 4931, 'R', '2017-07-03 12:08:20'),
       (4576, 4931, 'R', '2017-07-03 12:08:20'),
       (4577, 4931, 'R', '2017-07-03 12:08:20'),
       (4578, 4931, 'R', '2017-07-03 12:08:20'),
       (4579, 4931, 'R', '2017-07-03 12:08:20'),
       (4617, 4931, 'R', '2017-07-03 12:08:20'),
       (4618, 4931, 'R', '2017-07-03 12:08:20'),
       (4626, 4931, 'R', '2017-07-03 12:08:20'),
       (4596, 4931, 'F', '2017-07-03 12:08:20'),
       (4606, 4931, 'F', '2017-07-03 12:08:20'),
       (4621, 4931, 'F', '2017-07-03 12:08:20'),
       (4580, 4931, 'F', '2017-07-03 12:08:20'),
       (4591, 4931, 'F', '2017-07-03 12:08:20'),
       (4555, 4933, 'F', '2017-07-03 13:45:40'),
       (4556, 4933, 'F', '2017-07-03 13:45:40'),
       (4563, 4933, 'F', '2017-07-03 13:45:40'),
       (4564, 4933, 'F', '2017-07-03 13:45:40'),
       (4565, 4933, 'F', '2017-07-03 13:45:40'),
       (4567, 4933, 'F', '2017-07-03 13:45:40'),
       (4568, 4933, 'F', '2017-07-03 13:45:40'),
       (4569, 4933, 'F', '2017-07-03 13:45:40'),
       (4573, 4933, 'F', '2017-07-03 13:45:40'),
       (4593, 4933, 'F', '2017-07-03 13:45:40'),
       (4607, 4933, 'F', '2017-07-03 13:45:40'),
       (4608, 4933, 'F', '2017-07-03 13:45:40'),
       (4609, 4933, 'F', '2017-07-03 13:45:40'),
       (4612, 4933, 'F', '2017-07-03 13:45:40'),
       (4613, 4933, 'F', '2017-07-03 13:45:40'),
       (4625, 4933, 'F', '2017-07-03 13:45:40'),
       (4557, 4933, 'F', '2017-07-03 13:45:40'),
       (4558, 4933, 'F', '2017-07-03 13:45:40'),
       (4559, 4933, 'F', '2017-07-03 13:45:40'),
       (4560, 4933, 'F', '2017-07-03 13:45:40'),
       (4561, 4933, 'F', '2017-07-03 13:45:40'),
       (4574, 4933, 'F', '2017-07-03 13:45:40'),
       (4575, 4933, 'F', '2017-07-03 13:45:40'),
       (4576, 4933, 'F', '2017-07-03 13:45:40'),
       (4577, 4933, 'F', '2017-07-03 13:45:40'),
       (4578, 4933, 'F', '2017-07-03 13:45:40'),
       (4579, 4933, 'F', '2017-07-03 13:45:40'),
       (4617, 4933, 'F', '2017-07-03 13:45:40'),
       (4618, 4933, 'F', '2017-07-03 13:45:40'),
       (4626, 4933, 'F', '2017-07-03 13:45:40'),
       (4596, 4933, 'F', '2017-07-03 13:45:40'),
       (4606, 4933, 'F', '2017-07-03 13:45:40'),
       (4621, 4933, 'F', '2017-07-03 13:45:40'),
       (4580, 4933, 'F', '2017-07-03 13:45:40'),
       (4591, 4933, 'F', '2017-07-03 13:45:40'),
       (4555, 4934, 'R', '2017-07-27 00:50:14'),
       (4556, 4934, 'R', '2017-07-27 00:50:14'),
       (4563, 4934, 'R', '2017-07-27 00:50:14'),
       (4564, 4934, 'R', '2017-07-27 00:50:14'),
       (4565, 4934, 'R', '2017-07-27 00:50:14'),
       (4567, 4934, 'R', '2017-07-27 00:50:14'),
       (4568, 4934, 'R', '2017-07-27 00:50:14'),
       (4569, 4934, 'R', '2017-07-27 00:50:14'),
       (4573, 4934, 'R', '2017-07-27 00:50:14'),
       (4593, 4934, 'R', '2017-07-27 00:50:14'),
       (4607, 4934, 'R', '2017-07-27 00:50:14'),
       (4608, 4934, 'R', '2017-07-27 00:50:14'),
       (4609, 4934, 'R', '2017-07-27 00:50:14'),
       (4612, 4934, 'R', '2017-07-27 00:50:14'),
       (4613, 4934, 'R', '2017-07-27 00:50:14'),
       (4625, 4934, 'R', '2017-07-27 00:50:14'),
       (4557, 4934, 'R', '2017-07-27 00:50:14'),
       (4558, 4934, 'R', '2017-07-27 00:50:14'),
       (4559, 4934, 'R', '2017-07-27 00:50:14'),
       (4560, 4934, 'R', '2017-07-27 00:50:14'),
       (4561, 4934, 'R', '2017-07-27 00:50:14'),
       (4574, 4934, 'R', '2017-07-27 00:50:14'),
       (4575, 4934, 'R', '2017-07-27 00:50:14'),
       (4576, 4934, 'R', '2017-07-27 00:50:14'),
       (4577, 4934, 'R', '2017-07-27 00:50:14'),
       (4578, 4934, 'R', '2017-07-27 00:50:14'),
       (4579, 4934, 'R', '2017-07-27 00:50:14'),
       (4617, 4934, 'R', '2017-07-27 00:50:14'),
       (4618, 4934, 'R', '2017-07-27 00:50:14'),
       (4626, 4934, 'R', '2017-07-27 00:50:14'),
       (4596, 4934, 'F', '2017-07-27 00:50:14'),
       (4606, 4934, 'F', '2017-07-27 00:50:14'),
       (4621, 4934, 'F', '2017-07-27 00:50:14'),
       (4580, 4934, 'F', '2017-07-27 00:50:14'),
       (4591, 4934, 'F', '2017-07-27 00:50:14'),
       (4555, 4935, 'F', '2017-09-14 03:10:53'),
       (4556, 4935, 'F', '2017-09-14 03:10:53'),
       (4563, 4935, 'F', '2017-09-14 03:10:53'),
       (4564, 4935, 'F', '2017-09-14 03:10:53'),
       (4565, 4935, 'F', '2017-09-14 03:10:53'),
       (4567, 4935, 'F', '2017-09-14 03:10:53'),
       (4568, 4935, 'F', '2017-09-14 03:10:53'),
       (4569, 4935, 'F', '2017-09-14 03:10:53'),
       (4573, 4935, 'F', '2017-09-14 03:10:53'),
       (4593, 4935, 'F', '2017-09-14 03:10:53'),
       (4607, 4935, 'F', '2017-09-14 03:10:53'),
       (4608, 4935, 'F', '2017-09-14 03:10:53'),
       (4609, 4935, 'F', '2017-09-14 03:10:53'),
       (4612, 4935, 'F', '2017-09-14 03:10:53'),
       (4613, 4935, 'F', '2017-09-14 03:10:53'),
       (4625, 4935, 'F', '2017-09-14 03:10:53'),
       (4557, 4935, 'F', '2017-09-14 03:10:53'),
       (4558, 4935, 'F', '2017-09-14 03:10:53'),
       (4559, 4935, 'F', '2017-09-14 03:10:53'),
       (4560, 4935, 'F', '2017-09-14 03:10:53'),
       (4561, 4935, 'F', '2017-09-14 03:10:53'),
       (4574, 4935, 'F', '2017-09-14 03:10:53'),
       (4575, 4935, 'F', '2017-09-14 03:10:53'),
       (4576, 4935, 'F', '2017-09-14 03:10:53'),
       (4577, 4935, 'F', '2017-09-14 03:10:53'),
       (4578, 4935, 'F', '2017-09-14 03:10:53'),
       (4579, 4935, 'F', '2017-09-14 03:10:53'),
       (4617, 4935, 'F', '2017-09-14 03:10:53'),
       (4618, 4935, 'F', '2017-09-14 03:10:53'),
       (4626, 4935, 'F', '2017-09-14 03:10:53');

-- --------------------------------------------------------

--
-- Table structure for table `applicant_form_groups`
--

CREATE TABLE `applicant_form_groups`
(
    `applicant_group_id` int(11) UNSIGNED NOT NULL,
    `applicant_block_id` int(11) UNSIGNED NOT NULL,
    `company_id`         bigint(20)       NOT NULL,
    `title`              varchar(255)              DEFAULT NULL,
    `cols_count`         int(1) UNSIGNED  NOT NULL DEFAULT '3',
    `collapsed`          enum ('Y','N')   NOT NULL DEFAULT 'N',
    `order`              int(11) UNSIGNED          DEFAULT NULL
) ENGINE = InnoDB
  DEFAULT CHARSET = utf8 COMMENT ='List of fields groups related to specific blocks are described here.';

--
-- Dumping data for table `applicant_form_groups`
--

INSERT INTO `applicant_form_groups` (`applicant_group_id`, `applicant_block_id`, `company_id`, `title`, `cols_count`,
                                     `collapsed`, `order`)
VALUES (161, 131, 0, 'Primary Applicant Personal Info', 3, 'N', 0),
       (162, 131, 0, 'Primary Applicant Contact Info', 3, 'Y', 1),
       (163, 132, 0, 'Client Login', 3, 'Y', 1),
       (164, 133, 0, 'Business Info', 3, 'N', 0),
       (165, 134, 0, 'Authorised Contacts', 3, 'Y', 1),
       (166, 135, 0, 'Contact Information', 4, 'N', 0),
       (167, 135, 0, 'Address & Contact Details', 4, 'Y', 1),
       (168, 135, 0, 'Notes & Comments', 4, 'Y', 2),
       (169, 136, 0, 'Employer Login', 3, 'Y', 0),
       (170, 133, 0, 'Business Contact Info', 3, 'N', 1),
       (171, 137, 0, 'Contact Information', 4, 'N', 0),
       (172, 137, 0, 'Address & Contact Details', 4, 'Y', 1),
       (173, 137, 0, 'Notes & Comments', 4, 'Y', 2),
       (174, 138, 0, 'Contact Information', 4, 'N', 0),
       (175, 138, 0, 'Address & Contact Details', 4, 'Y', 1),
       (176, 138, 0, 'Notes & Comments', 4, 'Y', 2),
       (177, 139, 0, 'Contact Information', 4, 'N', 0),
       (178, 139, 0, 'Address & Contact Details', 4, 'Y', 1),
       (179, 139, 0, 'Notes & Comments', 4, 'Y', 2),
       (180, 140, 0, 'Contact Information', 4, 'N', 0),
       (181, 140, 0, 'Address & Contact Details', 4, 'Y', 1),
       (182, 140, 0, 'Notes & Comments', 4, 'Y', 2),
       (183, 141, 0, 'Contact Information', 4, 'N', 0),
       (184, 141, 0, 'Address & Contact Details', 4, 'Y', 1),
       (185, 141, 0, 'Notes & Comments', 4, 'Y', 2),
       (186, 142, 0, 'Contact Information', 4, 'N', 0),
       (187, 142, 0, 'Address & Contact Details', 4, 'Y', 1),
       (188, 142, 0, 'Notes & Comments', 4, 'Y', 2),
       (189, 143, 0, 'Contact Information', 4, 'N', 0),
       (190, 143, 0, 'Address & Contact Details', 4, 'Y', 1),
       (191, 143, 0, 'Notes & Comments', 4, 'Y', 2),
       (2455, 1093, 0, 'Main Group', 3, 'N', 0),
       (2456, 1094, 1, 'Primary Applicant Personal Info', 3, 'N', 0),
       (2457, 1094, 1, 'Primary Applicant Contact Info', 3, 'N', 1),
       (2458, 1095, 1, 'Client Login', 3, 'Y', 1),
       (2459, 1096, 1, 'Business Info', 3, 'N', 0),
       (2460, 1097, 1, 'Authorised Contacts', 3, 'Y', 1),
       (2461, 1098, 1, 'Contact Information', 4, 'N', 0),
       (2462, 1098, 1, 'Address & Contact Details', 4, 'Y', 1),
       (2463, 1098, 1, 'Notes & Comments', 4, 'Y', 2),
       (2464, 1099, 1, 'Employer Login', 3, 'Y', 0),
       (2465, 1096, 1, 'Business Contact Info', 3, 'N', 1),
       (2466, 1100, 1, 'Contact Information', 4, 'N', 0),
       (2467, 1100, 1, 'Address & Contact Details', 4, 'Y', 1),
       (2468, 1100, 1, 'Notes & Comments', 4, 'Y', 2),
       (2469, 1101, 1, 'Contact Information', 4, 'N', 0),
       (2470, 1101, 1, 'Address & Contact Details', 4, 'Y', 1),
       (2471, 1101, 1, 'Notes & Comments', 4, 'Y', 2),
       (2472, 1102, 1, 'Contact Information', 4, 'N', 0),
       (2473, 1102, 1, 'Address & Contact Details', 4, 'Y', 1),
       (2474, 1102, 1, 'Notes & Comments', 4, 'Y', 2),
       (2475, 1103, 1, 'Contact Information', 4, 'N', 0),
       (2476, 1103, 1, 'Address & Contact Details', 4, 'Y', 1),
       (2477, 1103, 1, 'Notes & Comments', 4, 'Y', 2),
       (2478, 1104, 1, 'Contact Information', 4, 'N', 0),
       (2479, 1104, 1, 'Address & Contact Details', 4, 'Y', 1),
       (2480, 1104, 1, 'Notes & Comments', 4, 'Y', 2),
       (2481, 1105, 1, 'Contact Information', 4, 'N', 0),
       (2482, 1105, 1, 'Address & Contact Details', 4, 'Y', 1),
       (2483, 1105, 1, 'Notes & Comments', 4, 'Y', 2),
       (2484, 1106, 1, 'Contact Information', 4, 'N', 0),
       (2485, 1106, 1, 'Address & Contact Details', 4, 'Y', 1),
       (2486, 1106, 1, 'Notes & Comments', 4, 'Y', 2),
       (2487, 1107, 1, 'Main Group', 3, 'N', 0);

-- --------------------------------------------------------

--
-- Table structure for table `applicant_form_order`
--

CREATE TABLE `applicant_form_order`
(
    `applicant_group_id` int(11) UNSIGNED NOT NULL,
    `applicant_field_id` int(11) UNSIGNED NOT NULL,
    `use_full_row`       enum ('Y','N')   NOT NULL DEFAULT 'N' COMMENT 'Used to identify if field must use all available space (columns)  in the table.',
    `field_order`        tinyint(3) UNSIGNED       DEFAULT '1'
) ENGINE = InnoDB
  DEFAULT CHARSET = utf8 COMMENT ='Each field can be placed in specific group and can be showed in the Client''s profile. If field is placed in the group that is "unassigned" - field is not showed in the Client''s profile.';

--
-- Dumping data for table `applicant_form_order`
--

INSERT INTO `applicant_form_order` (`applicant_group_id`, `applicant_field_id`, `use_full_row`, `field_order`)
VALUES (161, 688, 'N', 1),
       (161, 689, 'N', 0),
       (161, 697, 'N', 4),
       (161, 698, 'N', 8),
       (161, 700, 'N', 5),
       (161, 701, 'N', 7),
       (161, 706, 'N', 17),
       (161, 726, 'N', 16),
       (161, 740, 'N', 2),
       (161, 741, 'N', 3),
       (161, 742, 'N', 6),
       (161, 743, 'N', 10),
       (161, 744, 'N', 11),
       (161, 745, 'N', 12),
       (161, 746, 'N', 13),
       (161, 747, 'N', 14),
       (161, 748, 'N', 15),
       (161, 749, 'N', 9),
       (162, 691, 'N', 7),
       (162, 692, 'N', 6),
       (162, 693, 'N', 9),
       (162, 694, 'N', 10),
       (162, 707, 'N', 0),
       (162, 708, 'N', 1),
       (162, 709, 'N', 2),
       (162, 710, 'N', 3),
       (162, 711, 'N', 5),
       (162, 712, 'N', 4),
       (162, 714, 'N', 8),
       (162, 750, 'N', 11),
       (162, 751, 'N', 12),
       (163, 727, 'N', 0),
       (163, 728, 'N', 1),
       (163, 752, 'N', 2),
       (164, 716, 'N', 0),
       (164, 725, 'N', 8),
       (164, 732, 'N', 2),
       (164, 733, 'N', 1),
       (164, 734, 'N', 3),
       (164, 735, 'N', 4),
       (164, 736, 'N', 5),
       (164, 737, 'N', 6),
       (164, 738, 'N', 7),
       (165, 688, 'N', 1),
       (165, 689, 'N', 0),
       (165, 691, 'N', 4),
       (165, 692, 'N', 3),
       (165, 693, 'N', 6),
       (165, 694, 'N', 7),
       (165, 707, 'N', 8),
       (165, 708, 'N', 9),
       (165, 709, 'N', 10),
       (165, 710, 'N', 11),
       (165, 711, 'N', 13),
       (165, 712, 'N', 12),
       (165, 713, 'N', 5),
       (165, 739, 'N', 2),
       (166, 688, 'N', 2),
       (166, 689, 'N', 1),
       (166, 696, 'N', 0),
       (166, 729, 'N', 5),
       (166, 739, 'N', 3),
       (166, 754, 'N', 4),
       (167, 691, 'N', 7),
       (167, 692, 'N', 6),
       (167, 693, 'N', 8),
       (167, 694, 'N', 9),
       (167, 707, 'N', 0),
       (167, 708, 'N', 1),
       (167, 709, 'N', 2),
       (167, 710, 'N', 3),
       (167, 711, 'N', 4),
       (167, 712, 'N', 5),
       (167, 713, 'N', 10),
       (168, 724, 'Y', 0),
       (169, 730, 'N', 0),
       (169, 731, 'N', 1),
       (169, 753, 'N', 2),
       (170, 691, 'N', 1),
       (170, 692, 'N', 0),
       (170, 693, 'N', 3),
       (170, 694, 'N', 4),
       (170, 707, 'N', 5),
       (170, 708, 'N', 6),
       (170, 709, 'N', 7),
       (170, 710, 'N', 8),
       (170, 711, 'N', 10),
       (170, 712, 'N', 9),
       (170, 713, 'N', 2),
       (171, 688, 'N', 2),
       (171, 689, 'N', 1),
       (171, 696, 'N', 0),
       (171, 729, 'N', 5),
       (171, 739, 'N', 3),
       (171, 754, 'N', 4),
       (172, 691, 'N', 7),
       (172, 692, 'N', 6),
       (172, 693, 'N', 8),
       (172, 694, 'N', 9),
       (172, 707, 'N', 0),
       (172, 708, 'N', 1),
       (172, 709, 'N', 2),
       (172, 710, 'N', 3),
       (172, 711, 'N', 4),
       (172, 712, 'N', 5),
       (172, 713, 'N', 10),
       (173, 724, 'Y', 0),
       (174, 688, 'N', 2),
       (174, 689, 'N', 1),
       (174, 696, 'N', 0),
       (174, 729, 'N', 5),
       (174, 739, 'N', 3),
       (174, 754, 'N', 4),
       (175, 691, 'N', 7),
       (175, 692, 'N', 6),
       (175, 693, 'N', 8),
       (175, 694, 'N', 9),
       (175, 707, 'N', 0),
       (175, 708, 'N', 1),
       (175, 709, 'N', 2),
       (175, 710, 'N', 3),
       (175, 711, 'N', 4),
       (175, 712, 'N', 5),
       (175, 713, 'N', 10),
       (176, 724, 'Y', 0),
       (177, 688, 'N', 2),
       (177, 689, 'N', 1),
       (177, 696, 'N', 0),
       (177, 729, 'N', 5),
       (177, 739, 'N', 3),
       (177, 754, 'N', 4),
       (178, 691, 'N', 7),
       (178, 692, 'N', 6),
       (178, 693, 'N', 8),
       (178, 694, 'N', 9),
       (178, 707, 'N', 0),
       (178, 708, 'N', 1),
       (178, 709, 'N', 2),
       (178, 710, 'N', 3),
       (178, 711, 'N', 4),
       (178, 712, 'N', 5),
       (178, 713, 'N', 10),
       (179, 724, 'Y', 0),
       (180, 688, 'N', 2),
       (180, 689, 'N', 1),
       (180, 696, 'N', 0),
       (180, 729, 'N', 5),
       (180, 739, 'N', 3),
       (180, 754, 'N', 4),
       (181, 691, 'N', 7),
       (181, 692, 'N', 6),
       (181, 693, 'N', 8),
       (181, 694, 'N', 9),
       (181, 707, 'N', 0),
       (181, 708, 'N', 1),
       (181, 709, 'N', 2),
       (181, 710, 'N', 3),
       (181, 711, 'N', 4),
       (181, 712, 'N', 5),
       (181, 713, 'N', 10),
       (182, 724, 'Y', 0),
       (183, 688, 'N', 2),
       (183, 689, 'N', 1),
       (183, 696, 'N', 0),
       (183, 729, 'N', 5),
       (183, 739, 'N', 3),
       (183, 754, 'N', 4),
       (184, 691, 'N', 7),
       (184, 692, 'N', 6),
       (184, 693, 'N', 8),
       (184, 694, 'N', 9),
       (184, 707, 'N', 0),
       (184, 708, 'N', 1),
       (184, 709, 'N', 2),
       (184, 710, 'N', 3),
       (184, 711, 'N', 4),
       (184, 712, 'N', 5),
       (184, 713, 'N', 10),
       (185, 724, 'Y', 0),
       (186, 688, 'N', 2),
       (186, 689, 'N', 1),
       (186, 696, 'N', 0),
       (186, 729, 'N', 5),
       (186, 739, 'N', 3),
       (186, 754, 'N', 4),
       (187, 691, 'N', 7),
       (187, 692, 'N', 6),
       (187, 693, 'N', 8),
       (187, 694, 'N', 9),
       (187, 707, 'N', 0),
       (187, 708, 'N', 1),
       (187, 709, 'N', 2),
       (187, 710, 'N', 3),
       (187, 711, 'N', 4),
       (187, 712, 'N', 5),
       (187, 713, 'N', 10),
       (188, 724, 'Y', 0),
       (189, 688, 'N', 2),
       (189, 689, 'N', 1),
       (189, 696, 'N', 0),
       (189, 729, 'N', 5),
       (189, 739, 'N', 3),
       (189, 754, 'N', 4),
       (190, 691, 'N', 7),
       (190, 692, 'N', 6),
       (190, 693, 'N', 8),
       (190, 694, 'N', 9),
       (190, 707, 'N', 0),
       (190, 708, 'N', 1),
       (190, 709, 'N', 2),
       (190, 710, 'N', 3),
       (190, 711, 'N', 4),
       (190, 712, 'N', 5),
       (190, 713, 'N', 10),
       (191, 724, 'Y', 0),
       (2455, 688, 'N', 0),
       (2455, 689, 'N', 1),
       (2455, 690, 'N', 2),
       (2455, 691, 'N', 3),
       (2455, 692, 'N', 4),
       (2455, 693, 'N', 5),
       (2455, 694, 'N', 6),
       (2455, 695, 'N', 7),
       (2455, 696, 'N', 8),
       (2455, 697, 'N', 9),
       (2455, 698, 'N', 10),
       (2455, 699, 'N', 11),
       (2455, 700, 'N', 12),
       (2455, 701, 'N', 13),
       (2455, 702, 'N', 14),
       (2455, 703, 'N', 15),
       (2455, 704, 'N', 16),
       (2455, 705, 'N', 17),
       (2455, 706, 'N', 18),
       (2455, 707, 'N', 19),
       (2455, 708, 'N', 20),
       (2455, 709, 'N', 21),
       (2455, 710, 'N', 22),
       (2455, 711, 'N', 23),
       (2455, 712, 'N', 24),
       (2455, 713, 'N', 25),
       (2455, 714, 'N', 26),
       (2455, 715, 'N', 27),
       (2455, 716, 'N', 28),
       (2455, 717, 'N', 29),
       (2455, 718, 'N', 30),
       (2455, 719, 'N', 31),
       (2455, 720, 'N', 32),
       (2455, 721, 'N', 33),
       (2455, 722, 'N', 34),
       (2455, 723, 'N', 35),
       (2455, 724, 'N', 36),
       (2455, 739, 'N', 37),
       (2455, 740, 'N', 38),
       (2455, 741, 'N', 39),
       (2455, 742, 'N', 40),
       (2455, 743, 'N', 41),
       (2455, 744, 'N', 42),
       (2455, 745, 'N', 43),
       (2455, 746, 'N', 44),
       (2455, 747, 'N', 45),
       (2455, 748, 'N', 46),
       (2455, 749, 'N', 47),
       (2455, 750, 'N', 48),
       (2455, 751, 'N', 49),
       (2455, 754, 'N', 50),
       (2455, 1090, 'N', 51),
       (2455, 1097, 'N', 52),
       (2455, 4554, 'N', 53),
       (2456, 4555, 'N', 2),
       (2456, 4556, 'N', 1),
       (2456, 4563, 'N', 0),
       (2456, 4564, 'N', 4),
       (2456, 4565, 'N', 10),
       (2456, 4567, 'N', 6),
       (2456, 4568, 'N', 8),
       (2456, 4569, 'N', 9),
       (2456, 4573, 'N', 14),
       (2456, 4593, 'N', 15),
       (2456, 4607, 'N', 3),
       (2456, 4608, 'N', 5),
       (2456, 4609, 'N', 7),
       (2456, 4612, 'N', 12),
       (2456, 4613, 'N', 13),
       (2456, 4625, 'N', 11),
       (2457, 4557, 'N', 6),
       (2457, 4558, 'N', 8),
       (2457, 4559, 'N', 7),
       (2457, 4560, 'N', 9),
       (2457, 4561, 'N', 11),
       (2457, 4574, 'N', 0),
       (2457, 4575, 'N', 1),
       (2457, 4576, 'N', 2),
       (2457, 4577, 'N', 3),
       (2457, 4578, 'N', 5),
       (2457, 4579, 'N', 4),
       (2457, 4617, 'N', 13),
       (2457, 4618, 'N', 12),
       (2457, 4626, 'N', 10),
       (2458, 4594, 'N', 0),
       (2458, 4595, 'N', 1),
       (2458, 4619, 'N', 2),
       (2459, 4583, 'N', 0),
       (2459, 4592, 'N', 8),
       (2459, 4599, 'N', 2),
       (2459, 4600, 'N', 1),
       (2459, 4601, 'N', 3),
       (2459, 4602, 'N', 4),
       (2459, 4603, 'N', 5),
       (2459, 4604, 'N', 6),
       (2459, 4605, 'N', 7),
       (2460, 4555, 'N', 1),
       (2460, 4556, 'N', 0),
       (2460, 4558, 'N', 4),
       (2460, 4559, 'N', 3),
       (2460, 4560, 'N', 6),
       (2460, 4561, 'N', 7),
       (2460, 4574, 'N', 8),
       (2460, 4575, 'N', 9),
       (2460, 4576, 'N', 10),
       (2460, 4577, 'N', 11),
       (2460, 4578, 'N', 13),
       (2460, 4579, 'N', 12),
       (2460, 4580, 'N', 5),
       (2460, 4606, 'N', 2),
       (2461, 4555, 'N', 2),
       (2461, 4556, 'N', 1),
       (2461, 4563, 'N', 0),
       (2461, 4596, 'N', 5),
       (2461, 4606, 'N', 3),
       (2461, 4621, 'N', 4),
       (2462, 4558, 'N', 7),
       (2462, 4559, 'N', 6),
       (2462, 4560, 'N', 8),
       (2462, 4561, 'N', 9),
       (2462, 4574, 'N', 0),
       (2462, 4575, 'N', 1),
       (2462, 4576, 'N', 2),
       (2462, 4577, 'N', 3),
       (2462, 4578, 'N', 4),
       (2462, 4579, 'N', 5),
       (2462, 4580, 'N', 10),
       (2463, 4591, 'Y', 0),
       (2464, 4597, 'N', 0),
       (2464, 4598, 'N', 1),
       (2464, 4620, 'N', 2),
       (2465, 4558, 'N', 1),
       (2465, 4559, 'N', 0),
       (2465, 4560, 'N', 3),
       (2465, 4561, 'N', 4),
       (2465, 4574, 'N', 5),
       (2465, 4575, 'N', 6),
       (2465, 4576, 'N', 7),
       (2465, 4577, 'N', 8),
       (2465, 4578, 'N', 10),
       (2465, 4579, 'N', 9),
       (2465, 4580, 'N', 2),
       (2466, 4555, 'N', 2),
       (2466, 4556, 'N', 1),
       (2466, 4563, 'N', 0),
       (2466, 4596, 'N', 5),
       (2466, 4606, 'N', 3),
       (2466, 4621, 'N', 4),
       (2467, 4558, 'N', 7),
       (2467, 4559, 'N', 6),
       (2467, 4560, 'N', 8),
       (2467, 4561, 'N', 9),
       (2467, 4574, 'N', 0),
       (2467, 4575, 'N', 1),
       (2467, 4576, 'N', 2),
       (2467, 4577, 'N', 3),
       (2467, 4578, 'N', 4),
       (2467, 4579, 'N', 5),
       (2467, 4580, 'N', 10),
       (2468, 4591, 'Y', 0),
       (2469, 4555, 'N', 2),
       (2469, 4556, 'N', 1),
       (2469, 4563, 'N', 0),
       (2469, 4596, 'N', 5),
       (2469, 4606, 'N', 3),
       (2469, 4621, 'N', 4),
       (2470, 4558, 'N', 7),
       (2470, 4559, 'N', 6),
       (2470, 4560, 'N', 8),
       (2470, 4561, 'N', 9),
       (2470, 4574, 'N', 0),
       (2470, 4575, 'N', 1),
       (2470, 4576, 'N', 2),
       (2470, 4577, 'N', 3),
       (2470, 4578, 'N', 4),
       (2470, 4579, 'N', 5),
       (2470, 4580, 'N', 10),
       (2471, 4591, 'Y', 0),
       (2472, 4555, 'N', 2),
       (2472, 4556, 'N', 1),
       (2472, 4563, 'N', 0),
       (2472, 4596, 'N', 5),
       (2472, 4606, 'N', 3),
       (2472, 4621, 'N', 4),
       (2473, 4558, 'N', 7),
       (2473, 4559, 'N', 6),
       (2473, 4560, 'N', 8),
       (2473, 4561, 'N', 9),
       (2473, 4574, 'N', 0),
       (2473, 4575, 'N', 1),
       (2473, 4576, 'N', 2),
       (2473, 4577, 'N', 3),
       (2473, 4578, 'N', 4),
       (2473, 4579, 'N', 5),
       (2473, 4580, 'N', 10),
       (2474, 4591, 'Y', 0),
       (2475, 4555, 'N', 2),
       (2475, 4556, 'N', 1),
       (2475, 4563, 'N', 0),
       (2475, 4596, 'N', 5),
       (2475, 4606, 'N', 3),
       (2475, 4621, 'N', 4),
       (2476, 4558, 'N', 7),
       (2476, 4559, 'N', 6),
       (2476, 4560, 'N', 8),
       (2476, 4561, 'N', 9),
       (2476, 4574, 'N', 0),
       (2476, 4575, 'N', 1),
       (2476, 4576, 'N', 2),
       (2476, 4577, 'N', 3),
       (2476, 4578, 'N', 4),
       (2476, 4579, 'N', 5),
       (2476, 4580, 'N', 10),
       (2477, 4591, 'Y', 0),
       (2478, 4555, 'N', 2),
       (2478, 4556, 'N', 1),
       (2478, 4563, 'N', 0),
       (2478, 4596, 'N', 5),
       (2478, 4606, 'N', 3),
       (2478, 4621, 'N', 4),
       (2479, 4558, 'N', 7),
       (2479, 4559, 'N', 6),
       (2479, 4560, 'N', 8),
       (2479, 4561, 'N', 9),
       (2479, 4574, 'N', 0),
       (2479, 4575, 'N', 1),
       (2479, 4576, 'N', 2),
       (2479, 4577, 'N', 3),
       (2479, 4578, 'N', 4),
       (2479, 4579, 'N', 5),
       (2479, 4580, 'N', 10),
       (2480, 4591, 'Y', 0),
       (2481, 4555, 'N', 2),
       (2481, 4556, 'N', 1),
       (2481, 4563, 'N', 0),
       (2481, 4596, 'N', 5),
       (2481, 4606, 'N', 3),
       (2481, 4621, 'N', 4),
       (2482, 4558, 'N', 7),
       (2482, 4559, 'N', 6),
       (2482, 4560, 'N', 8),
       (2482, 4561, 'N', 9),
       (2482, 4574, 'N', 0),
       (2482, 4575, 'N', 1),
       (2482, 4576, 'N', 2),
       (2482, 4577, 'N', 3),
       (2482, 4578, 'N', 4),
       (2482, 4579, 'N', 5),
       (2482, 4580, 'N', 10),
       (2483, 4591, 'Y', 0),
       (2484, 4555, 'N', 2),
       (2484, 4556, 'N', 1),
       (2484, 4563, 'N', 0),
       (2484, 4596, 'N', 5),
       (2484, 4606, 'N', 3),
       (2484, 4621, 'N', 4),
       (2485, 4558, 'N', 7),
       (2485, 4559, 'N', 6),
       (2485, 4560, 'N', 8),
       (2485, 4561, 'N', 9),
       (2485, 4574, 'N', 0),
       (2485, 4575, 'N', 1),
       (2485, 4576, 'N', 2),
       (2485, 4577, 'N', 3),
       (2485, 4578, 'N', 4),
       (2485, 4579, 'N', 5),
       (2485, 4580, 'N', 10),
       (2486, 4591, 'Y', 0),
       (2487, 4555, 'N', 0),
       (2487, 4556, 'N', 1),
       (2487, 4557, 'N', 2),
       (2487, 4558, 'N', 3),
       (2487, 4559, 'N', 4),
       (2487, 4560, 'N', 5),
       (2487, 4561, 'N', 6),
       (2487, 4562, 'N', 7),
       (2487, 4563, 'N', 8),
       (2487, 4564, 'N', 9),
       (2487, 4565, 'N', 10),
       (2487, 4567, 'N', 11),
       (2487, 4568, 'N', 12),
       (2487, 4569, 'N', 13),
       (2487, 4570, 'N', 14),
       (2487, 4571, 'N', 15),
       (2487, 4572, 'N', 16),
       (2487, 4573, 'N', 17),
       (2487, 4574, 'N', 18),
       (2487, 4575, 'N', 19),
       (2487, 4576, 'N', 20),
       (2487, 4577, 'N', 21),
       (2487, 4578, 'N', 22),
       (2487, 4579, 'N', 23),
       (2487, 4580, 'N', 24),
       (2487, 4581, 'N', 25),
       (2487, 4582, 'N', 26),
       (2487, 4583, 'N', 27),
       (2487, 4584, 'N', 28),
       (2487, 4585, 'N', 29),
       (2487, 4586, 'N', 30),
       (2487, 4587, 'N', 31),
       (2487, 4588, 'N', 32),
       (2487, 4589, 'N', 33),
       (2487, 4590, 'N', 34),
       (2487, 4591, 'N', 35),
       (2487, 4606, 'N', 36),
       (2487, 4607, 'N', 37),
       (2487, 4608, 'N', 38),
       (2487, 4609, 'N', 39),
       (2487, 4610, 'N', 40),
       (2487, 4611, 'N', 41),
       (2487, 4612, 'N', 42),
       (2487, 4613, 'N', 43),
       (2487, 4614, 'N', 44),
       (2487, 4615, 'N', 45),
       (2487, 4616, 'N', 46),
       (2487, 4617, 'N', 47),
       (2487, 4618, 'N', 48),
       (2487, 4621, 'N', 49),
       (2487, 4622, 'N', 50),
       (2487, 4623, 'N', 51),
       (2487, 4624, 'N', 52),
       (2487, 4625, 'N', 53),
       (2487, 4626, 'N', 54);

-- --------------------------------------------------------

--
-- Table structure for table `applicant_types`
--

CREATE TABLE `applicant_types`
(
    `applicant_type_id`   int(11) UNSIGNED NOT NULL,
    `member_type_id`      int(2) UNSIGNED  NOT NULL,
    `company_id`          bigint(20)                DEFAULT NULL,
    `applicant_type_name` varchar(100)              DEFAULT NULL,
    `is_system`           enum ('Y','N')   NOT NULL DEFAULT 'N'
) ENGINE = InnoDB
  DEFAULT CHARSET = utf8 COMMENT ='Client can have different types. The list of them is described here. Mostly used by Contacts. Type marked as system - cannot be deleted/changed.';

--
-- Dumping data for table `applicant_types`
--

INSERT INTO `applicant_types` (`applicant_type_id`, `member_type_id`, `company_id`, `applicant_type_name`, `is_system`)
VALUES (19, 10, 0, 'Sales Agent', 'Y'),
       (20, 10, 0, 'Legal Practitioner', 'N'),
       (21, 10, 0, 'Department of Immigration', 'N'),
       (22, 10, 0, 'State Government', 'N'),
       (23, 10, 0, 'Regional Body', 'N'),
       (24, 10, 0, 'Translator', 'N'),
       (25, 10, 0, 'Education Provider', 'N'),
       (26, 10, 0, 'Others', 'N'),
       (27, 10, 1, 'Sales Agent', 'Y'),
       (28, 10, 1, 'Legal Practitioner', 'N'),
       (29, 10, 1, 'Department of Immigration', 'N'),
       (30, 10, 1, 'State Government', 'N'),
       (31, 10, 1, 'Regional Body', 'N'),
       (32, 10, 1, 'Translator', 'N'),
       (33, 10, 1, 'Education Provider', 'N'),
       (34, 10, 1, 'Others', 'N');

-- --------------------------------------------------------

--
-- Table structure for table `automated_billing_blacklist`
--

CREATE TABLE `automated_billing_blacklist`
(
    `pt_error_id`          int(11) UNSIGNED NOT NULL,
    `pt_error_code`        varchar(3)       NOT NULL,
    `pt_error_description` varchar(255) DEFAULT NULL
) ENGINE = InnoDB
  DEFAULT CHARSET = utf8 COMMENT ='List of errors that will be used during company''s payment process. Failed invoices with these error codes will be ignored and not tried to process again.';

--
-- Dumping data for table `automated_billing_blacklist`
--

INSERT INTO `automated_billing_blacklist` (`pt_error_id`, `pt_error_code`, `pt_error_description`)
VALUES (10, '04', 'Pick-up card');

-- --------------------------------------------------------

--
-- Table structure for table `automated_billing_log`
--

CREATE TABLE `automated_billing_log`
(
    `log_id`                       int(11) UNSIGNED       NOT NULL,
    `log_session_id`               int(11) UNSIGNED       NOT NULL,
    `log_invoice_id`               int(11) UNSIGNED DEFAULT NULL,
    `log_retry`                    enum ('Y','N')         NOT NULL,
    `log_company`                  varchar(255)           NOT NULL,
    `log_company_show_dialog_date` date             DEFAULT NULL,
    `log_amount`                   double(11, 2) UNSIGNED NOT NULL,
    `log_old_billing_date`         date             DEFAULT NULL,
    `log_new_billing_date`         date             DEFAULT NULL,
    `log_status`                   enum ('C','F')         NOT NULL,
    `log_error_code`               varchar(3)       DEFAULT NULL,
    `log_error_message`            text
) ENGINE = InnoDB
  DEFAULT CHARSET = utf8 COMMENT ='During payment process - we save all tries that were sent to the payment system.';

-- --------------------------------------------------------

--
-- Table structure for table `automated_billing_log_sessions`
--

CREATE TABLE `automated_billing_log_sessions`
(
    `log_session_id`   int(11) UNSIGNED NOT NULL,
    `log_session_date` datetime         NOT NULL
) ENGINE = InnoDB
  DEFAULT CHARSET = utf8 COMMENT ='All payment requests are grouped by sessions. Each session is saved in this table.';

-- --------------------------------------------------------

--
-- Table structure for table `automatic_reminders`
--

CREATE TABLE `automatic_reminders`
(
    `automatic_reminder_id` int(11) UNSIGNED NOT NULL,
    `company_id`            bigint(20) DEFAULT NULL,
    `reminder`              text,
    `create_date`           date       DEFAULT NULL
) ENGINE = InnoDB
  DEFAULT CHARSET = utf8 COMMENT ='Automatic reminders (tasks) are described here. Each task has different properties and can be based on different triggers.';

--
-- Dumping data for table `automatic_reminders`
--

INSERT INTO `automatic_reminders` (`automatic_reminder_id`, `company_id`, `reminder`, `create_date`)
VALUES (4247, 0, 'Client has completed the form', '2014-06-05'),
       (4248, 0, 'Payment Has become due', '2014-06-05'),
       (4249, 0, 'Client Turning 50 years old in three months', '2014-06-05'),
       (4250, 0, 'Visa Expiry', '2014-06-05'),
       (4251, 0, 'PCC Expiry', '2014-06-05'),
       (4252, 0, 'PCC Expiry', '2014-06-05'),
       (4253, 0, 'PCC Expiry', '2014-06-05'),
       (4254, 0, 'Citizenship Interview', '2014-06-05'),
       (4255, 0, 'English Test Expiry', '2014-06-05'),
       (4256, 0, 'EOI Invitation Expiry', '2014-06-05'),
       (4257, 0, 'Medical Expiry', '2014-06-05'),
       (4258, 0, 'Qualification will be six months old in 15 days', '2014-06-05'),
       (4259, 0, 'Review Hearing Date', '2014-06-05'),
       (4260, 0, 'Sponsorship Agreement will expire in 30 days', '2014-06-05'),
       (4261, 0, 'Statement of Service', '2014-06-05'),
       (4262, 0, 'Application Refused - Review Reminder', '2014-06-05'),
       (4263, 0, 'Application Refused - Review Reminder', '2014-06-05'),
       (4264, 0, 'Form Completed', '2014-06-05'),
       (4265, 0, 'Client has uploaded documents', '2014-06-05'),
       (4266, 0, 'Visa Expiry', '2014-06-05'),
       (4267, 0, 'Passport Expiry', '2014-06-05'),
       (4289, 1, 'Application received', '2017-07-04'),
       (4290, 1, 'Notify DD-SRM Provider', '2017-10-12'),
       (4291, 1, 'Notify DD-Thompson Reuters', '2017-10-22'),
       (4292, 1, 'Notify DD-Exiger Provider', '2017-10-22'),
       (4293, 1, 'Notify DD-Bishop Provider', '2017-10-22'),
       (4294, 1, 'DD Status Complete', '2017-10-24');

-- --------------------------------------------------------

--
-- Table structure for table `automatic_reminders_processed`
--

CREATE TABLE `automatic_reminders_processed`
(
    `automatic_reminders_processed_id` int(11) UNSIGNED NOT NULL,
    `automatic_reminder_id`            int(11) UNSIGNED DEFAULT NULL,
    `member_id`                        bigint(20)       DEFAULT NULL,
    `year`                             year(4)          DEFAULT NULL
) ENGINE = InnoDB
  DEFAULT CHARSET = utf8 COMMENT ='List of processed reminders (tasks) that are based on the date fields - is saved here to prevent their duplication.';

-- --------------------------------------------------------

--
-- Table structure for table `automatic_reminder_actions`
--

CREATE TABLE `automatic_reminder_actions`
(
    `automatic_reminder_action_id`          int(11) UNSIGNED NOT NULL,
    `company_id`                            bigint(20)       NOT NULL,
    `automatic_reminder_id`                 int(11) UNSIGNED DEFAULT NULL,
    `automatic_reminder_action_type_id`     int(11) UNSIGNED NOT NULL,
    `automatic_reminder_action_settings`    text,
    `automatic_reminder_action_create_date` date             DEFAULT NULL
) ENGINE = InnoDB
  DEFAULT CHARSET = utf8 COMMENT ='List of actions that must be done when automatic task will be marked as due.';

--
-- Dumping data for table `automatic_reminder_actions`
--

INSERT INTO `automatic_reminder_actions` (`automatic_reminder_action_id`, `company_id`, `automatic_reminder_id`,
                                          `automatic_reminder_action_type_id`, `automatic_reminder_action_settings`,
                                          `automatic_reminder_action_create_date`)
VALUES (1, 0, 4247, 2,
        '{\"task_subject\":\"Client has completed the form\",\"task_assign_to\":\"assigned:5\",\"task_message\":\"Client has completed the form\"}',
        '2014-06-05'),
       (2, 0, 4248, 2,
        '{\"task_subject\":\"Payment Has become due\",\"task_assign_to\":\"role:4812\",\"task_message\":\"The Payment has become due. Please Follow-up\"}',
        '2014-06-05'),
       (3, 0, 4249, 2,
        '{\"task_subject\":\"Client Turning 50 years old in three months\",\"task_assign_to\":\"role:4812\",\"task_message\":\"Client Turning 50 years old in three months\"}',
        '2014-06-05'),
       (4, 0, 4250, 2,
        '{\"task_subject\":\"Visa Expiry\",\"task_assign_to\":\"role:4819\",\"task_message\":\"Visa Expires in 30 days. Please follow up if required.\"}',
        '2014-06-05'),
       (5, 0, 4251, 2,
        '{\"task_subject\":\"PCC Expiry\",\"task_assign_to\":\"assigned:5\",\"task_message\":\"PCC will expire in 30 days. Please follow up if required\"}',
        '2014-06-05'),
       (6, 0, 4252, 2,
        '{\"task_subject\":\"PCC Expiry\",\"task_assign_to\":\"assigned:5\",\"task_message\":\"PCC will expire in 30 days. Please follow up if required\"}',
        '2014-06-05'),
       (7, 0, 4253, 2,
        '{\"task_subject\":\"PCC Expiry\",\"task_assign_to\":\"assigned:5\",\"task_message\":\"PCC will expire in 30 days. Please follow up if required\"}',
        '2014-06-05'),
       (8, 0, 4254, 2,
        '{\"task_subject\":\"Citizenship Interview\",\"task_assign_to\":\"assigned:5\",\"task_message\":\"Citizenship Interview tomorrow\"}',
        '2014-06-05'),
       (9, 0, 4255, 2,
        '{\"task_subject\":\"English Test Expiry\",\"task_assign_to\":\"assigned:5\",\"task_message\":\"English Test will expire in 60 days\"}',
        '2014-06-05'),
       (10, 0, 4256, 2,
        '{\"task_subject\":\"EOI Invitation Expiry\",\"task_assign_to\":\"role:4812\",\"task_message\":\"Client\\\\\'s EOI invitation will expire in 30 days\"}',
        '2014-06-05'),
       (11, 0, 4257, 2,
        '{\"task_subject\":\"Medical Expiry\",\"task_assign_to\":\"assigned:5\",\"task_message\":\"Client\\\\\'s Medicals will expire in 30 days\"}',
        '2014-06-05'),
       (12, 0, 4258, 2,
        '{\"task_subject\":\"Qualification will be six months old in 15 days\",\"task_assign_to\":\"role:4812\",\"task_message\":\"This client\\\\\'s qualification will be more than 6 months old in 15 days. Please consider if this will have any effect on client\\\\\'s application.\"}',
        '2014-06-05'),
       (13, 0, 4259, 2,
        '{\"task_subject\":\"Review Hearing Date\",\"task_assign_to\":\"role:4812\",\"task_message\":\"This client\\\\\'s review hearing is in a week.\"}',
        '2014-06-05'),
       (14, 0, 4260, 2,
        '{\"task_subject\":\"Sponsorship Agreement will expire in 30 days\",\"task_assign_to\":\"role:4812\",\"task_message\":\"Sponsorship Agreement will expire in 30 days\"}',
        '2014-06-05'),
       (15, 0, 4261, 2,
        '{\"task_subject\":\"Statement of Service\",\"task_assign_to\":\"role:4821\",\"task_message\":\"Application Granted, Statement of Service to be sent\"}',
        '2014-06-05'),
       (16, 0, 4262, 2,
        '{\"task_subject\":\"Application Refused - Review Reminder\",\"task_assign_to\":\"role:4812\",\"task_message\":\"This client\\\\\'s application was refused. Please consider if review needs to be applied.\"}',
        '2014-06-05'),
       (17, 0, 4263, 2,
        '{\"task_subject\":\"Application Refused - Review Reminder\",\"task_assign_to\":\"role:4812\",\"task_message\":\"This client\\\\\'s application was refused. Please consider if review needs to be applied.\"}',
        '2014-06-05'),
       (18, 0, 4264, 2,
        '{\"task_subject\":\"Form Completed\",\"task_assign_to\":\"assigned:5\",\"task_message\":\"The client has marked a form as complete\"}',
        '2014-06-05'),
       (19, 0, 4265, 2,
        '{\"task_subject\":\"Client has uploaded documents\",\"task_assign_to\":\"assigned:5\",\"task_message\":\"Client has uploaded documents\"}',
        '2014-06-05'),
       (20, 0, 4266, 2,
        '{\"task_subject\":\"Visa Expiry\",\"task_assign_to\":\"role:4812\",\"task_message\":\"Client\'s visa will expire in 30 days. Please follow up if necessary. \"}',
        '2014-06-05'),
       (21, 0, 4267, 2,
        '{\"task_subject\":\"Passport Expiry\",\"task_assign_to\":\"role:4812\",\"task_message\":\"Client\'s passport will expire in 60 days. Please follow up if necessary. \"}',
        '2014-06-05'),
       (34, 1, 4289, 1, '{\"member_type\":\"case\",\"field_id\":\"67883\",\"date\":\"today\"}', '2017-07-04'),
       (35, 1, 4290, 3, '{\"to\":\"responsible_staff\",\"template_id\":\"9371\"}', '2017-10-12'),
       (36, 1, 4290, 1, '{\"member_type\":\"case\",\"field_id\":\"67902\",\"date\":\"today\"}', '2017-10-12'),
       (37, 1, 4290, 1, '{\"member_type\":\"case\",\"field_id\":\"67819\",\"option\":\"148699\"}', '2017-10-12'),
       (38, 1, 4291, 3, '{\"to\":\"responsible_staff\",\"template_id\":\"9372\"}', '2017-10-22'),
       (39, 1, 4291, 1, '{\"member_type\":\"case\",\"field_id\":\"67902\",\"date\":\"today\"}', '2017-10-22'),
       (40, 1, 4291, 1, '{\"member_type\":\"case\",\"field_id\":\"67819\",\"option\":\"148699\"}', '2017-10-22'),
       (41, 1, 4292, 3, '{\"to\":\"responsible_staff\",\"template_id\":\"9373\"}', '2017-10-22'),
       (42, 1, 4292, 1, '{\"member_type\":\"case\",\"field_id\":\"67902\",\"date\":\"today\"}', '2017-10-22'),
       (43, 1, 4292, 1, '{\"member_type\":\"case\",\"field_id\":\"67819\",\"option\":\"148699\"}', '2017-10-22'),
       (44, 1, 4293, 3, '{\"to\":\"responsible_staff\",\"template_id\":\"9374\"}', '2017-10-22'),
       (45, 1, 4293, 1, '{\"member_type\":\"case\",\"field_id\":\"67902\",\"date\":\"today\"}', '2017-10-22'),
       (46, 1, 4293, 1, '{\"member_type\":\"case\",\"field_id\":\"67819\",\"option\":\"148699\"}', '2017-10-22'),
       (47, 1, 4294, 1, '{\"member_type\":\"case\",\"field_id\":\"67903\",\"option\":\"148942\"}', '2017-10-24'),
       (48, 1, 4289, 1, '{\"member_type\":\"case\",\"field_id\":\"67819\",\"option\":\"148703\"}', '2017-10-24');

-- --------------------------------------------------------

--
-- Table structure for table `automatic_reminder_action_types`
--

CREATE TABLE `automatic_reminder_action_types`
(
    `automatic_reminder_action_type_id`            int(11) UNSIGNED NOT NULL,
    `automatic_reminder_action_type_internal_name` varchar(255) DEFAULT NULL,
    `automatic_reminder_action_type_name`          varchar(255) DEFAULT NULL
) ENGINE = InnoDB
  DEFAULT CHARSET = utf8 COMMENT ='List of supported action types that wil be done when automatic task will be marked as due.';

--
-- Dumping data for table `automatic_reminder_action_types`
--

INSERT INTO `automatic_reminder_action_types` (`automatic_reminder_action_type_id`,
                                               `automatic_reminder_action_type_internal_name`,
                                               `automatic_reminder_action_type_name`)
VALUES (1, 'change_field_value', 'Change field value'),
       (2, 'create_task', 'Create task'),
       (3, 'send_email', 'Send email');

-- --------------------------------------------------------

--
-- Table structure for table `automatic_reminder_conditions`
--

CREATE TABLE `automatic_reminder_conditions`
(
    `automatic_reminder_condition_id`          int(11) UNSIGNED NOT NULL,
    `company_id`                               bigint(20)       NOT NULL,
    `automatic_reminder_id`                    int(11) UNSIGNED DEFAULT NULL,
    `automatic_reminder_condition_type_id`     int(11) UNSIGNED NOT NULL,
    `automatic_reminder_condition_settings`    text,
    `automatic_reminder_condition_create_date` date             DEFAULT NULL
) ENGINE = InnoDB
  DEFAULT CHARSET = utf8 COMMENT ='List of conditions that must be true to run automatic task''s actions.';

--
-- Dumping data for table `automatic_reminder_conditions`
--

INSERT INTO `automatic_reminder_conditions` (`automatic_reminder_condition_id`, `company_id`, `automatic_reminder_id`,
                                             `automatic_reminder_condition_type_id`,
                                             `automatic_reminder_condition_settings`,
                                             `automatic_reminder_condition_create_date`)
VALUES (1, 0, 4247, 4,
        '{\"based_on_field_member_type\":\"case\",\"based_on_field_field_id\":\"67709\",\"based_on_field_condition\":\"is_not_empty\"}',
        '2014-06-05'),
       (2, 0, 4248, 4,
        '{\"based_on_field_member_type\":\"case\",\"based_on_field_field_id\":\"67709\",\"based_on_field_condition\":\"is_not_empty\"}',
        '2014-06-05'),
       (3, 0, 4249, 2, '{\"number\":\"18160\",\"days\":\"CALENDAR\",\"ba\":\"AFTER\",\"prof\":\"67667\"}',
        '2014-06-05'),
       (4, 0, 4250, 2, '{\"number\":\"30\",\"days\":\"CALENDAR\",\"ba\":\"BEFORE\",\"prof\":\"67732\"}', '2014-06-05'),
       (5, 0, 4251, 4,
        '{\"based_on_field_member_type\":\"case\",\"based_on_field_field_id\":\"67709\",\"based_on_field_condition\":\"is_not_empty\"}',
        '2014-06-05'),
       (6, 0, 4251, 2, '{\"number\":\"335\",\"days\":\"CALENDAR\",\"ba\":\"AFTER\",\"prof\":\"67714\"}', '2014-06-05'),
       (7, 0, 4252, 4,
        '{\"based_on_field_member_type\":\"case\",\"based_on_field_field_id\":\"67709\",\"based_on_field_condition\":\"is_not_empty\"}',
        '2014-06-05'),
       (8, 0, 4252, 2, '{\"number\":\"335\",\"days\":\"CALENDAR\",\"ba\":\"AFTER\",\"prof\":\"67718\"}', '2014-06-05'),
       (9, 0, 4253, 4,
        '{\"based_on_field_member_type\":\"case\",\"based_on_field_field_id\":\"67709\",\"based_on_field_condition\":\"is_not_empty\"}',
        '2014-06-05'),
       (10, 0, 4253, 2, '{\"number\":\"335\",\"days\":\"CALENDAR\",\"ba\":\"AFTER\",\"prof\":\"67722\"}', '2014-06-05'),
       (11, 0, 4254, 4,
        '{\"based_on_field_member_type\":\"case\",\"based_on_field_field_id\":\"67709\",\"based_on_field_condition\":\"is_not_empty\"}',
        '2014-06-05'),
       (12, 0, 4254, 2, '{\"number\":\"1\",\"days\":\"BUSINESS\",\"ba\":\"BEFORE\",\"prof\":\"67661\"}', '2014-06-05'),
       (13, 0, 4255, 4,
        '{\"based_on_field_member_type\":\"case\",\"based_on_field_field_id\":\"67709\",\"based_on_field_condition\":\"is_not_empty\"}',
        '2014-06-05'),
       (14, 0, 4255, 2, '{\"number\":\"1035\",\"days\":\"CALENDAR\",\"ba\":\"AFTER\",\"prof\":\"67749\"}',
        '2014-06-05'),
       (15, 0, 4256, 4,
        '{\"based_on_field_member_type\":\"case\",\"based_on_field_field_id\":\"67709\",\"based_on_field_condition\":\"is_not_empty\"}',
        '2014-06-05'),
       (16, 0, 4256, 3, '{\"number\":\"30\",\"days\":\"CALENDAR\",\"ba\":\"AFTER\",\"file_status\":\"148524\"}',
        '2014-06-05'),
       (17, 0, 4257, 4,
        '{\"based_on_field_member_type\":\"case\",\"based_on_field_field_id\":\"67709\",\"based_on_field_condition\":\"is_not_empty\"}',
        '2014-06-05'),
       (18, 0, 4257, 2, '{\"number\":\"335\",\"days\":\"CALENDAR\",\"ba\":\"AFTER\",\"prof\":\"67733\"}', '2014-06-05'),
       (19, 0, 4258, 4,
        '{\"based_on_field_member_type\":\"case\",\"based_on_field_field_id\":\"67709\",\"based_on_field_condition\":\"is_not_empty\"}',
        '2014-06-05'),
       (20, 0, 4258, 2, '{\"number\":\"165\",\"days\":\"CALENDAR\",\"ba\":\"AFTER\",\"prof\":\"67752\"}', '2014-06-05'),
       (21, 0, 4259, 4,
        '{\"based_on_field_member_type\":\"case\",\"based_on_field_field_id\":\"67709\",\"based_on_field_condition\":\"is_not_empty\"}',
        '2014-06-05'),
       (22, 0, 4259, 2, '{\"number\":\"5\",\"days\":\"CALENDAR\",\"ba\":\"BEFORE\",\"prof\":\"67696\"}', '2014-06-05'),
       (23, 0, 4260, 4,
        '{\"based_on_field_member_type\":\"case\",\"based_on_field_field_id\":\"67709\",\"based_on_field_condition\":\"is_not_empty\"}',
        '2014-06-05'),
       (24, 0, 4260, 2, '{\"number\":\"30\",\"days\":\"CALENDAR\",\"ba\":\"BEFORE\",\"prof\":\"67650\"}', '2014-06-05'),
       (25, 0, 4261, 4,
        '{\"based_on_field_member_type\":\"case\",\"based_on_field_field_id\":\"67709\",\"based_on_field_condition\":\"is_not_empty\"}',
        '2014-06-05'),
       (26, 0, 4261, 3, '{\"number\":\"5\",\"days\":\"CALENDAR\",\"ba\":\"AFTER\",\"file_status\":\"148528\"}',
        '2014-06-05'),
       (27, 0, 4262, 4,
        '{\"based_on_field_member_type\":\"case\",\"based_on_field_field_id\":\"67709\",\"based_on_field_condition\":\"is_not_empty\"}',
        '2014-06-05'),
       (28, 0, 4262, 3, '{\"number\":\"14\",\"days\":\"CALENDAR\",\"ba\":\"AFTER\",\"file_status\":\"148529\"}',
        '2014-06-05'),
       (29, 0, 4263, 4,
        '{\"based_on_field_member_type\":\"case\",\"based_on_field_field_id\":\"67709\",\"based_on_field_condition\":\"is_not_empty\"}',
        '2014-06-05'),
       (30, 0, 4263, 3, '{\"number\":\"20\",\"days\":\"CALENDAR\",\"ba\":\"AFTER\",\"file_status\":\"148529\"}',
        '2014-06-05'),
       (31, 0, 4264, 4,
        '{\"based_on_field_member_type\":\"case\",\"based_on_field_field_id\":\"67709\",\"based_on_field_condition\":\"is_not_empty\"}',
        '2014-06-05'),
       (32, 0, 4265, 4,
        '{\"based_on_field_member_type\":\"case\",\"based_on_field_field_id\":\"67709\",\"based_on_field_condition\":\"is_not_empty\"}',
        '2014-06-05'),
       (33, 0, 4266, 1, '{\"number\":\"30\",\"days\":\"CALENDAR\",\"ba\":\"BEFORE\",\"prof\":\"748\"}', '2014-06-05'),
       (34, 0, 4267, 1, '{\"number\":\"60\",\"days\":\"CALENDAR\",\"ba\":\"BEFORE\",\"prof\":\"746\"}', '2014-06-05'),
       (71, 1, 4289, 5, '{\"changed_field_member_type\":\"individual\",\"changed_field_field_id\":\"4593\"}',
        '2017-07-04'),
       (72, 1, 4289, 4,
        '{\"based_on_field_member_type\":\"individual\",\"based_on_field_field_id\":\"4593\",\"based_on_field_condition\":\"is\",\"based_on_field_combo\":\"40\"}',
        '2017-07-04'),
       (73, 1, 4290, 5, '{\"changed_field_member_type\":\"individual\",\"changed_field_field_id\":\"4593\"}',
        '2017-10-12'),
       (74, 1, 4290, 4,
        '{\"based_on_field_member_type\":\"individual\",\"based_on_field_field_id\":\"4593\",\"based_on_field_condition\":\"is\",\"based_on_field_combo\":\"110\"}',
        '2017-10-12'),
       (75, 1, 4291, 5, '{\"changed_field_member_type\":\"individual\",\"changed_field_field_id\":\"4593\"}',
        '2017-10-22'),
       (76, 1, 4291, 4,
        '{\"based_on_field_member_type\":\"individual\",\"based_on_field_field_id\":\"4593\",\"based_on_field_condition\":\"is\",\"based_on_field_combo\":\"108\"}',
        '2017-10-22'),
       (77, 1, 4292, 5, '{\"changed_field_member_type\":\"individual\",\"changed_field_field_id\":\"4593\"}',
        '2017-10-22'),
       (78, 1, 4292, 4,
        '{\"based_on_field_member_type\":\"individual\",\"based_on_field_field_id\":\"4593\",\"based_on_field_condition\":\"is\",\"based_on_field_combo\":\"109\"}',
        '2017-10-22'),
       (79, 1, 4293, 4,
        '{\"based_on_field_member_type\":\"individual\",\"based_on_field_field_id\":\"4593\",\"based_on_field_condition\":\"is\",\"based_on_field_combo\":\"107\"}',
        '2017-10-22'),
       (80, 1, 4293, 5, '{\"changed_field_member_type\":\"individual\",\"changed_field_field_id\":\"4593\"}',
        '2017-10-22'),
       (81, 1, 4294, 4,
        '{\"based_on_field_member_type\":\"individual\",\"based_on_field_field_id\":\"4593\",\"based_on_field_condition\":\"is\",\"based_on_field_combo\":\"52\"}',
        '2017-10-24'),
       (82, 1, 4294, 5, '{\"changed_field_member_type\":\"individual\",\"changed_field_field_id\":\"4593\"}',
        '2017-10-24');

-- --------------------------------------------------------

--
-- Table structure for table `automatic_reminder_condition_types`
--

CREATE TABLE `automatic_reminder_condition_types`
(
    `automatic_reminder_condition_type_id`          int(11) UNSIGNED NOT NULL,
    `automatic_reminder_condition_type_internal_id` varchar(255)     NOT NULL,
    `automatic_reminder_condition_type_name`        varchar(255)        DEFAULT NULL,
    `automatic_reminder_condition_type_order`       tinyint(3) UNSIGNED DEFAULT NULL
) ENGINE = InnoDB
  DEFAULT CHARSET = utf8 COMMENT ='List of supported condition types to know how to process/check the conditions.';

--
-- Dumping data for table `automatic_reminder_condition_types`
--

INSERT INTO `automatic_reminder_condition_types` (`automatic_reminder_condition_type_id`,
                                                  `automatic_reminder_condition_type_internal_id`,
                                                  `automatic_reminder_condition_type_name`,
                                                  `automatic_reminder_condition_type_order`)
VALUES (1, 'CLIENT_PROFILE', 'Based on a Date on the Client Profiles (i.e. Employers, or Individuals)', 0),
       (2, 'PROFILE', 'Based on a date on \"Case Details\"', 1),
       (3, 'FILESTATUS', 'Based on the Case Status on \"Case Details\"', 2),
       (4, 'BASED_ON_FIELD', 'Based on the field', 3),
       (5, 'CHANGED_FIELD', 'Changed field is', 4),
       (6, 'CASE_TYPE', 'Based on the case type', 5),
       (7, 'CASE_HAS_FORM', 'Case has a form assigned', 6);

-- --------------------------------------------------------

--
-- Table structure for table `automatic_reminder_schedule`
--

CREATE TABLE `automatic_reminder_schedule`
(
    `automatic_reminder_schedule_id`          bigint(20) UNSIGNED NOT NULL,
    `automatic_reminder_id`                   int(11) UNSIGNED DEFAULT NULL,
    `automatic_reminder_settings`             text,
    `automatic_reminder_trigger_type_id`      int(11) UNSIGNED    NOT NULL,
    `automatic_reminder_schedule_message`     text,
    `automatic_reminder_schedule_due_on_date` date             DEFAULT NULL
) ENGINE = InnoDB
  DEFAULT CHARSET = utf8 COMMENT ='Reminders, that must be processed in the future will be saved in this table. When the date is due - all assigned actions will be processed and record will be deleted from this table.';

-- --------------------------------------------------------

--
-- Table structure for table `automatic_reminder_triggers`
--

CREATE TABLE `automatic_reminder_triggers`
(
    `automatic_reminder_trigger_id`          int(11) UNSIGNED NOT NULL,
    `company_id`                             bigint(20)       NOT NULL,
    `automatic_reminder_id`                  int(11) UNSIGNED DEFAULT NULL,
    `automatic_reminder_trigger_type_id`     int(11) UNSIGNED NOT NULL,
    `automatic_reminder_trigger_create_date` date             DEFAULT NULL
) ENGINE = InnoDB
  DEFAULT CHARSET = utf8 COMMENT ='List of triggers that allow to filter auto tasks to be processed in specific situations (e.g. by cron).';

--
-- Dumping data for table `automatic_reminder_triggers`
--

INSERT INTO `automatic_reminder_triggers` (`automatic_reminder_trigger_id`, `company_id`, `automatic_reminder_id`,
                                           `automatic_reminder_trigger_type_id`,
                                           `automatic_reminder_trigger_create_date`)
VALUES (1, 0, 4247, 2, '2014-06-05'),
       (2, 0, 4248, 1, '2014-06-05'),
       (3, 0, 4249, 4, '2014-06-05'),
       (4, 0, 4249, 8, '2014-06-05'),
       (5, 0, 4250, 4, '2014-06-05'),
       (6, 0, 4250, 8, '2014-06-05'),
       (7, 0, 4251, 4, '2014-06-05'),
       (8, 0, 4251, 8, '2014-06-05'),
       (9, 0, 4252, 4, '2014-06-05'),
       (10, 0, 4252, 8, '2014-06-05'),
       (11, 0, 4253, 4, '2014-06-05'),
       (12, 0, 4253, 8, '2014-06-05'),
       (13, 0, 4254, 4, '2014-06-05'),
       (14, 0, 4254, 8, '2014-06-05'),
       (15, 0, 4255, 4, '2014-06-05'),
       (16, 0, 4255, 8, '2014-06-05'),
       (17, 0, 4256, 5, '2014-06-05'),
       (18, 0, 4257, 4, '2014-06-05'),
       (19, 0, 4257, 8, '2014-06-05'),
       (20, 0, 4258, 4, '2014-06-05'),
       (21, 0, 4258, 8, '2014-06-05'),
       (22, 0, 4259, 4, '2014-06-05'),
       (23, 0, 4259, 8, '2014-06-05'),
       (24, 0, 4260, 4, '2014-06-05'),
       (25, 0, 4260, 8, '2014-06-05'),
       (26, 0, 4261, 5, '2014-06-05'),
       (27, 0, 4262, 5, '2014-06-05'),
       (28, 0, 4263, 5, '2014-06-05'),
       (29, 0, 4264, 2, '2014-06-05'),
       (30, 0, 4265, 3, '2014-06-05'),
       (31, 0, 4266, 4, '2014-06-05'),
       (32, 0, 4266, 8, '2014-06-05'),
       (33, 0, 4267, 4, '2014-06-05'),
       (34, 0, 4267, 8, '2014-06-05'),
       (71, 1, 4289, 7, '2017-07-04'),
       (72, 1, 4290, 7, '2017-10-12'),
       (73, 1, 4291, 7, '2017-10-22'),
       (74, 1, 4292, 7, '2017-10-22'),
       (75, 1, 4293, 7, '2017-10-22'),
       (76, 1, 4294, 7, '2017-10-24');

-- --------------------------------------------------------

--
-- Table structure for table `automatic_reminder_trigger_types`
--

CREATE TABLE `automatic_reminder_trigger_types`
(
    `automatic_reminder_trigger_type_id`          int(11) UNSIGNED NOT NULL,
    `automatic_reminder_trigger_type_internal_id` varchar(255)     NOT NULL,
    `automatic_reminder_trigger_type_name`        varchar(255)        DEFAULT NULL,
    `automatic_reminder_trigger_type_order`       tinyint(3) UNSIGNED DEFAULT NULL
) ENGINE = InnoDB
  DEFAULT CHARSET = utf8 COMMENT ='List of supported trigger types to know how to filter auto tasks.';

--
-- Dumping data for table `automatic_reminder_trigger_types`
--

INSERT INTO `automatic_reminder_trigger_types` (`automatic_reminder_trigger_type_id`,
                                                `automatic_reminder_trigger_type_internal_id`,
                                                `automatic_reminder_trigger_type_name`,
                                                `automatic_reminder_trigger_type_order`)
VALUES (1, 'payment_due', 'Payment is due from Retainer Schedule', 1),
       (2, 'case_mark_form_as_complete', 'Case mark a form as Complete', 2),
       (3, 'case_uploads_documents', 'Case uploads Documents', 3),
       (4, 'client_or_case_profile_update', 'Client/Case profile update', 0),
       (5, 'case_file_status_changed', 'Case File Status changed', 4),
       (6, 'case_creation', 'Case creation', 5),
       (7, 'field_value_change', 'Field value change', 6),
       (8, 'cron', 'Cron', 7),
       (9, 'upload_additional_documents', 'New documents uploaded to the Additional Documents Folder', 8),
       (10, 'payments_have_received', 'New payments have received', 9);

-- --------------------------------------------------------

--
-- Table structure for table `business_hours_holidays`
--

CREATE TABLE `business_hours_holidays`
(
    `holiday_id`        bigint(20) UNSIGNED NOT NULL,
    `member_id`         bigint(20) DEFAULT NULL,
    `company_id`        bigint(20) DEFAULT NULL,
    `holiday_name`      varchar(255)        NOT NULL,
    `holiday_date_from` date                NOT NULL,
    `holiday_date_to`   date       DEFAULT NULL
) ENGINE = InnoDB
  DEFAULT CHARSET = utf8 COMMENT ='Business Hours (holidays) for companies or users';

-- --------------------------------------------------------

--
-- Table structure for table `business_hours_workdays`
--

CREATE TABLE `business_hours_workdays`
(
    `member_id`              bigint(20)              DEFAULT NULL,
    `company_id`             bigint(20)              DEFAULT NULL,
    `monday_time_enabled`    enum ('Y','N') NOT NULL DEFAULT 'N',
    `monday_time_from`       time                    DEFAULT NULL,
    `monday_time_to`         time                    DEFAULT NULL,
    `tuesday_time_enabled`   enum ('Y','N') NOT NULL DEFAULT 'N',
    `tuesday_time_from`      time                    DEFAULT NULL,
    `tuesday_time_to`        time                    DEFAULT NULL,
    `wednesday_time_enabled` enum ('Y','N') NOT NULL DEFAULT 'N',
    `wednesday_time_from`    time                    DEFAULT NULL,
    `wednesday_time_to`      time                    DEFAULT NULL,
    `thursday_time_enabled`  enum ('Y','N') NOT NULL DEFAULT 'N',
    `thursday_time_from`     time                    DEFAULT NULL,
    `thursday_time_to`       time                    DEFAULT NULL,
    `friday_time_enabled`    enum ('Y','N') NOT NULL DEFAULT 'N',
    `friday_time_from`       time                    DEFAULT NULL,
    `friday_time_to`         time                    DEFAULT NULL,
    `saturday_time_enabled`  enum ('Y','N') NOT NULL DEFAULT 'N',
    `saturday_time_from`     time                    DEFAULT NULL,
    `saturday_time_to`       time                    DEFAULT NULL,
    `sunday_time_enabled`    enum ('Y','N') NOT NULL DEFAULT 'N',
    `sunday_time_from`       time                    DEFAULT NULL,
    `sunday_time_to`         time                    DEFAULT NULL
) ENGINE = InnoDB
  DEFAULT CHARSET = utf8 COMMENT ='Business Hours (time) for companies or users';

-- --------------------------------------------------------

--
-- Table structure for table `clients`
--

CREATE TABLE `clients`
(
    `client_id`                                  bigint(20) NOT NULL,
    `member_id`                                  bigint(20)           DEFAULT NULL,
    `client_type_id`                             int(11) UNSIGNED     DEFAULT NULL,
    `applicant_type_id`                          int(11) UNSIGNED     DEFAULT NULL,
    `added_by_member_id`                         bigint(20) NOT NULL  DEFAULT '0',
    `fileNumber`                                 varchar(32)          DEFAULT NULL,
    `case_number_of_parent_client`               smallint(5) UNSIGNED DEFAULT NULL,
    `case_number_in_company`                     smallint(5) UNSIGNED DEFAULT NULL,
    `case_number_with_same_case_type_in_company` smallint(5) UNSIGNED DEFAULT NULL,
    `agent_id`                                   bigint(20) NOT NULL  DEFAULT '0',
    `forms_locked`                               int(1)     NOT NULL  DEFAULT '0',
    `modified_by`                                bigint(20)           DEFAULT NULL,
    `modified_on`                                datetime             DEFAULT NULL
) ENGINE = InnoDB
  DEFAULT CHARSET = utf8 COMMENT ='Main table of the cases, contains main fields.';

-- --------------------------------------------------------

--
-- Table structure for table `clients_import`
--

CREATE TABLE `clients_import`
(
    `id`              int(10) UNSIGNED    NOT NULL,
    `company_id`      bigint(20)          NOT NULL,
    `creator_id`      bigint(20)                   DEFAULT NULL,
    `file_name`       varchar(255)        NOT NULL,
    `mapping`         text                NOT NULL,
    `step`            tinyint(3) UNSIGNED NOT NULL,
    `is_bcpnp_import` enum ('Y','N')      NOT NULL DEFAULT 'N'
) ENGINE = InnoDB
  DEFAULT CHARSET = utf8 COMMENT ='Contains list of files that can be used to import clients.';

-- --------------------------------------------------------

--
-- Table structure for table `client_form_data`
--

CREATE TABLE `client_form_data`
(
    `member_id` bigint(20)       DEFAULT NULL,
    `field_id`  int(11) UNSIGNED DEFAULT NULL,
    `value`     text
) ENGINE = InnoDB
  DEFAULT CHARSET = utf8 COMMENT ='All saved information related to the case is saved here. Each field''s value is saved in the value column. Format is different, based on the field''s type.';

-- --------------------------------------------------------

--
-- Table structure for table `client_form_default`
--

CREATE TABLE `client_form_default`
(
    `form_default_id` int(11) UNSIGNED NOT NULL,
    `field_id`        int(11) UNSIGNED    DEFAULT NULL,
    `value`           text,
    `order`           tinyint(3) UNSIGNED DEFAULT NULL
) ENGINE = InnoDB
  DEFAULT CHARSET = utf8 COMMENT ='Each company can have own list of cases'' fields. Radios,checkboxes, other field types have own list of options that are saved here.';

--
-- Dumping data for table `client_form_default`
--

INSERT INTO `client_form_default` (`form_default_id`, `field_id`, `value`, `order`)
VALUES (148362, 67650, '', 0),
       (148363, 67651, '', 0),
       (148364, 67652, '0', 0),
       (148365, 67653, '', 0),
       (148478, 67655, '', 0),
       (148479, 67656, '', 0),
       (148480, 67657, '', 0),
       (148481, 67658, '', 0),
       (148482, 67659, '', 0),
       (148483, 67660, '', 0),
       (148484, 67661, '', 0),
       (148485, 67662, '', 0),
       (148486, 67663, 'Queensland', 0),
       (148487, 67663, 'New South Wales', 1),
       (148488, 67663, 'Victoria', 2),
       (148489, 67663, 'Australian Capital Territory', 3),
       (148490, 67663, 'South Australia', 4),
       (148491, 67663, 'Western Australia', 5),
       (148492, 67663, 'Northern Territory', 6),
       (148493, 67663, 'Tasmania', 7),
       (148494, 67665, '', 0),
       (148495, 67666, '', 0),
       (148496, 67667, '', 0),
       (148497, 67668, '', 0),
       (148498, 67669, '', 0),
       (148499, 67671, '', 0),
       (148500, 67673, '', 0),
       (148501, 67674, '', 0),
       (148502, 67675, '', 0),
       (148503, 67676, '', 0),
       (148504, 67678, '', 0),
       (148505, 67679, '', 0),
       (148506, 67680, '', 0),
       (148507, 67681, '', 0),
       (148508, 67683, '', 0),
       (148509, 67685, '', 0),
       (148510, 67686, '', 0),
       (148511, 67687, '', 0),
       (148512, 67688, '', 0),
       (148513, 67689, '', 0),
       (148514, 67690, '', 0),
       (148515, 67691, '', 0),
       (148516, 67692, '', 0),
       (148517, 67693, '', 0),
       (148518, 67694, '', 0),
       (148519, 67695, '', 0),
       (148520, 67696, '', 0),
       (148521, 67703, 'On Hold', 9),
       (148522, 67703, 'Application Lodged', 5),
       (148523, 67703, 'Nomination Lodged', 4),
       (148524, 67703, 'Invitation Received', 3),
       (148525, 67703, 'EOI Lodged', 2),
       (148526, 67703, 'Skills Lodged', 1),
       (148527, 67703, 'Client Signed', 0),
       (148528, 67703, 'Application Granted', 6),
       (148529, 67703, 'Application Refused', 7),
       (148530, 67703, 'Application Withdrawn', 8),
       (148531, 67706, 'Auckland, New Zealand', 1),
       (148532, 67706, 'Dubai, UAE.', 2),
       (148533, 67706, 'Guangzhou, PRC', 3),
       (148534, 67706, 'Ho Chi Minh City,  Vietnam', 4),
       (148535, 67706, 'Hong Kong, HK SAR of PRC', 5),
       (148536, 67706, 'Noumea, New Caledonia', 6),
       (148537, 67706, 'Shanghai, PRC', 7),
       (148538, 67706, 'Riyadh, Saudi Arabia', 8),
       (148539, 67706, 'Amman, Jordan', 9),
       (148540, 67706, 'Ankara, Turkey', 10),
       (148541, 67706, 'Athens, Greece', 11),
       (148542, 67706, 'Bangkok, Thailand', 12),
       (148543, 67706, 'Beijing, PRC', 13),
       (148544, 67706, 'Beirut, Lebanon', 14),
       (148545, 67706, 'Belgrade, Serbia', 15),
       (148546, 67706, 'Berlin, Germany', 16),
       (148547, 67706, 'Brasilia, Brazil', 17),
       (148548, 67706, 'Buenos Aires, Argentina', 18),
       (148549, 67706, 'Cairo, Egypt', 19),
       (148550, 67706, 'Dili, Timor Leste', 20),
       (148551, 67706, 'Hanoi, Vietnam ', 21),
       (148552, 67706, 'Jakarta, Indonesia', 22),
       (148553, 67706, 'Madrid, Spain', 23),
       (148554, 67706, 'Manila, Philippines', 24),
       (148555, 67706, 'Mexico City, Mexico', 25),
       (148556, 67706, 'Moscow, Russian Federation', 26),
       (148557, 67706, 'Phnom Penh, Cambodia', 27),
       (148558, 67706, 'Santiago, Chile', 28),
       (148559, 67706, 'Seoul, Republic of Korea', 29),
       (148560, 67706, 'Tehran, Iran', 30),
       (148561, 67706, 'Tel Aviv, Israel', 31),
       (148562, 67706, 'Tokyo, Japan', 32),
       (148563, 67706, 'Vienna, Austria', 33),
       (148564, 67706, 'Vientiane, Laos', 34),
       (148565, 67706, 'Washington, USA', 35),
       (148566, 67706, 'Yangon, Myanmar', 36),
       (148567, 67706, 'Apia, Samoa', 37),
       (148568, 67706, 'Colombo, Sri Lanka', 38),
       (148569, 67706, 'Dhaka, Bangladesh', 39),
       (148570, 67706, 'Islamabad, Pakistan', 40),
       (148571, 67706, 'Kuala Lumpur, Malaysia', 41),
       (148572, 67706, 'London, United Kingdom', 42),
       (148573, 67706, 'Nairobi, Kenya', 43),
       (148574, 67706, 'New Delhi, India', 44),
       (148575, 67706, 'Nuku\'alofa, Tonga', 45),
       (148576, 67706, 'Ottawa, Canada', 46),
       (148577, 67706, 'Port Louis, Mauritius', 47),
       (148578, 67706, 'Port Moresby, PNG', 48),
       (148579, 67706, 'Pretoria, South Africa', 49),
       (148580, 67706, 'Singapore', 50),
       (148581, 67706, 'Suva, Fiji', 51),
       (148582, 67706, 'Port Vila, Vanuatu ', 52),
       (148583, 67706, 'Zimbabwe', 53),
       (148584, 67706, 'Sydney, Australia', 54),
       (148585, 67706, 'Parramatta, Australia', 55),
       (148586, 67706, 'Darwin, Australia', 56),
       (148587, 67706, 'Brisbane, Australia', 57),
       (148588, 67706, 'Cairns, Australia', 58),
       (148589, 67706, 'Thursday Is. Australia', 59),
       (148590, 67706, 'Adelaide, Australia', 60),
       (148591, 67706, 'Hobart, Australia', 61),
       (148592, 67706, 'Melbourne, Australia', 62),
       (148593, 67706, 'Dandenong, Australia', 63),
       (148594, 67706, 'Perth, Australia', 64),
       (148595, 67708, '', 0),
       (148596, 67712, '', 0),
       (148597, 67713, '', 0),
       (148598, 67714, '', 0),
       (148599, 67716, '', 0),
       (148600, 67717, '', 0),
       (148601, 67718, '', 0),
       (148602, 67720, '', 0),
       (148603, 67721, '', 0),
       (148604, 67722, '', 0),
       (148605, 67724, '', 0),
       (148606, 67725, '', 0),
       (148607, 67726, '', 0),
       (148608, 67727, '', 0),
       (148609, 67728, '', 0),
       (148610, 67729, 'None', 0),
       (148611, 67729, 'Bridging Visa A', 1),
       (148612, 67729, 'Bridging Visa B', 2),
       (148613, 67729, 'Bridging Visa C', 3),
       (148614, 67729, 'Bridging Visa D', 4),
       (148615, 67729, 'Bridging Visa E', 5),
       (148616, 67729, 'Bridging Visa F', 6),
       (148617, 67729, 'Bridging Visa R', 7),
       (148618, 67730, '', 0),
       (148619, 67731, '', 0),
       (148620, 67732, '', 0),
       (148621, 67733, '', 0),
       (148622, 67734, '', 0),
       (148623, 67735, '', 0),
       (148624, 67736, '', 0),
       (148625, 67737, '', 0),
       (148626, 67738, '', 0),
       (148627, 67740, '', 0),
       (148628, 67741, '', 0),
       (148629, 67742, '', 0),
       (148630, 67743, '', 0),
       (148631, 67744, '', 0),
       (148632, 67746, '', 0),
       (148633, 67747, '', 0),
       (148634, 67748, '', 0),
       (148635, 67749, '', 0),
       (148636, 67750, '', 0),
       (148637, 67751, '', 0),
       (148638, 67752, '', 0),
       (148639, 67753, '', 0),
       (148640, 67754, '', 0),
       (148641, 67755, '', 0),
       (148642, 67756, '', 0),
       (148643, 67757, '', 0),
       (148644, 67758, 'linked to the list of subclsses editable by admin.  coming soon.', 0),
       (148645, 67760, '0', 0),
       (148646, 67761, '', 0),
       (148647, 67762, '', 0),
       (148648, 67763, '', 0),
       (148649, 67764, '', 0),
       (148650, 67766, '', 0),
       (148651, 67767, '', 0),
       (148652, 67768, '0', 0),
       (148653, 67769, '', 0),
       (148654, 67771, '', 0),
       (148655, 67772, '', 0),
       (148656, 67773, '', 0),
       (148657, 67774, '', 0),
       (148658, 67775, '', 0),
       (148659, 67776, '', 0),
       (148660, 67777, '', 0),
       (148661, 67778, '', 0),
       (148662, 67779, 'Queensland', 0),
       (148663, 67779, 'New South Wales', 1),
       (148664, 67779, 'Victoria', 2),
       (148665, 67779, 'Australian Capital Territory', 3),
       (148666, 67779, 'South Australia', 4),
       (148667, 67779, 'Western Australia', 5),
       (148668, 67779, 'Northern Territory', 6),
       (148669, 67779, 'Tasmania', 7),
       (148670, 67781, '', 0),
       (148671, 67782, '', 0),
       (148672, 67783, '', 0),
       (148673, 67784, '', 0),
       (148674, 67785, '', 0),
       (148675, 67787, '', 0),
       (148676, 67789, '', 0),
       (148677, 67790, '', 0),
       (148678, 67791, '', 0),
       (148679, 67792, '', 0),
       (148680, 67794, '', 0),
       (148681, 67795, '', 0),
       (148682, 67796, '', 0),
       (148683, 67797, '', 0),
       (148684, 67799, '', 0),
       (148685, 67801, '', 0),
       (148686, 67802, '', 0),
       (148687, 67803, '', 0),
       (148688, 67804, '', 0),
       (148689, 67805, '', 0),
       (148690, 67806, '', 0),
       (148691, 67807, '', 0),
       (148692, 67808, '', 0),
       (148693, 67809, '', 0),
       (148694, 67810, '', 0),
       (148695, 67811, '', 0),
       (148696, 67812, '', 0),
       (148697, 67819, 'Sent to review committee', 10),
       (148698, 67819, 'Received from Due Diligence', 5),
       (148699, 67819, 'Sent to Due Diligence', 4),
       (148700, 67819, 'Pending payment', 3),
       (148701, 67819, 'Pending missing documents', 2),
       (148702, 67819, 'Vetting', 1),
       (148703, 67819, 'Received', 0),
       (148704, 67819, 'Under review', 6),
       (148705, 67819, 'Approved waiting for Investment', 7),
       (148706, 67819, 'Declined', 9),
       (148707, 67822, 'Auckland, New Zealand', 1),
       (148708, 67822, 'Dubai, UAE.', 2),
       (148709, 67822, 'Guangzhou, PRC', 3),
       (148710, 67822, 'Ho Chi Minh City,  Vietnam', 4),
       (148711, 67822, 'Hong Kong, HK SAR of PRC', 5),
       (148712, 67822, 'Noumea, New Caledonia', 6),
       (148713, 67822, 'Shanghai, PRC', 7),
       (148714, 67822, 'Riyadh, Saudi Arabia', 8),
       (148715, 67822, 'Amman, Jordan', 9),
       (148716, 67822, 'Ankara, Turkey', 10),
       (148717, 67822, 'Athens, Greece', 11),
       (148718, 67822, 'Bangkok, Thailand', 12),
       (148719, 67822, 'Beijing, PRC', 13),
       (148720, 67822, 'Beirut, Lebanon', 14),
       (148721, 67822, 'Belgrade, Serbia', 15),
       (148722, 67822, 'Berlin, Germany', 16),
       (148723, 67822, 'Brasilia, Brazil', 17),
       (148724, 67822, 'Buenos Aires, Argentina', 18),
       (148725, 67822, 'Cairo, Egypt', 19),
       (148726, 67822, 'Dili, Timor Leste', 20),
       (148727, 67822, 'Hanoi, Vietnam ', 21),
       (148728, 67822, 'Jakarta, Indonesia', 22),
       (148729, 67822, 'Madrid, Spain', 23),
       (148730, 67822, 'Manila, Philippines', 24),
       (148731, 67822, 'Mexico City, Mexico', 25),
       (148732, 67822, 'Moscow, Russian Federation', 26),
       (148733, 67822, 'Phnom Penh, Cambodia', 27),
       (148734, 67822, 'Santiago, Chile', 28),
       (148735, 67822, 'Seoul, Republic of Korea', 29),
       (148736, 67822, 'Tehran, Iran', 30),
       (148737, 67822, 'Tel Aviv, Israel', 31),
       (148738, 67822, 'Tokyo, Japan', 32),
       (148739, 67822, 'Vienna, Austria', 33),
       (148740, 67822, 'Vientiane, Laos', 34),
       (148741, 67822, 'Washington, USA', 35),
       (148742, 67822, 'Yangon, Myanmar', 36),
       (148743, 67822, 'Apia, Samoa', 37),
       (148744, 67822, 'Colombo, Sri Lanka', 38),
       (148745, 67822, 'Dhaka, Bangladesh', 39),
       (148746, 67822, 'Islamabad, Pakistan', 40),
       (148747, 67822, 'Kuala Lumpur, Malaysia', 41),
       (148748, 67822, 'London, United Kingdom', 42),
       (148749, 67822, 'Nairobi, Kenya', 43),
       (148750, 67822, 'New Delhi, India', 44),
       (148751, 67822, 'Nuku\'alofa, Tonga', 45),
       (148752, 67822, 'Ottawa, Canada', 46),
       (148753, 67822, 'Port Louis, Mauritius', 47),
       (148754, 67822, 'Port Moresby, PNG', 48),
       (148755, 67822, 'Pretoria, South Africa', 49),
       (148756, 67822, 'Singapore', 50),
       (148757, 67822, 'Suva, Fiji', 51),
       (148758, 67822, 'Port Vila, Vanuatu ', 52),
       (148759, 67822, 'Zimbabwe', 53),
       (148760, 67822, 'Sydney, Australia', 54),
       (148761, 67822, 'Parramatta, Australia', 55),
       (148762, 67822, 'Darwin, Australia', 56),
       (148763, 67822, 'Brisbane, Australia', 57),
       (148764, 67822, 'Cairns, Australia', 58),
       (148765, 67822, 'Thursday Is. Australia', 59),
       (148766, 67822, 'Adelaide, Australia', 60),
       (148767, 67822, 'Hobart, Australia', 61),
       (148768, 67822, 'Melbourne, Australia', 62),
       (148769, 67822, 'Dandenong, Australia', 63),
       (148770, 67822, 'Perth, Australia', 64),
       (148771, 67824, '', 0),
       (148772, 67828, '', 0),
       (148773, 67829, '', 0),
       (148774, 67830, '', 0),
       (148775, 67832, '', 0),
       (148776, 67833, '', 0),
       (148777, 67834, '', 0),
       (148778, 67836, '', 0),
       (148779, 67837, '', 0),
       (148780, 67838, '', 0),
       (148781, 67840, '', 0),
       (148782, 67841, '', 0),
       (148783, 67842, '', 0),
       (148784, 67843, '', 0),
       (148785, 67844, '', 0),
       (148786, 67845, 'None', 0),
       (148787, 67845, 'Bridging Visa A', 1),
       (148788, 67845, 'Bridging Visa B', 2),
       (148789, 67845, 'Bridging Visa C', 3),
       (148790, 67845, 'Bridging Visa D', 4),
       (148791, 67845, 'Bridging Visa E', 5),
       (148792, 67845, 'Bridging Visa F', 6),
       (148793, 67845, 'Bridging Visa R', 7),
       (148794, 67846, '', 0),
       (148795, 67847, '', 0),
       (148796, 67848, '', 0),
       (148797, 67849, '', 0),
       (148798, 67850, '', 0),
       (148799, 67851, '', 0),
       (148800, 67852, '', 0),
       (148801, 67853, '', 0),
       (148802, 67854, '', 0),
       (148803, 67856, '', 0),
       (148804, 67857, '', 0),
       (148805, 67858, '', 0),
       (148806, 67859, '', 0),
       (148807, 67860, '', 0),
       (148808, 67862, '', 0),
       (148809, 67863, '', 0),
       (148810, 67864, '', 0),
       (148811, 67865, '', 0),
       (148812, 67866, '', 0),
       (148813, 67867, '', 0),
       (148814, 67868, '', 0),
       (148815, 67869, '', 0),
       (148816, 67870, '', 0),
       (148817, 67871, '', 0),
       (148818, 67872, '', 0),
       (148819, 67873, '', 0),
       (148820, 67874, 'linked to the list of subclsses editable by admin.  coming soon.', 0),
       (148821, 67876, '0', 0),
       (148822, 67877, '', 0),
       (148823, 67878, '', 0),
       (148824, 67879, '', 0),
       (148825, 67880, '', 0),
       (148826, 67881, 'Government Fund', 0),
       (148827, 67881, 'Real Estate', 1),
       (148828, 67882, 'Administrative services', 0),
       (148829, 67882, 'Agriculture, Fishing, Forestry, Mining', 1),
       (148830, 67882, 'Arts and Entertainment', 2),
       (148831, 67882, 'Banking and Finance', 3),
       (148832, 67882, 'Catering and Leisure', 4),
       (148833, 67882, 'Construction Industries', 5),
       (148834, 67882, 'Craft and Design', 6),
       (148835, 67882, 'Education', 7),
       (148836, 67882, 'Health and Social Services', 8),
       (148837, 67882, 'Installation, Maintenance and Repair Services', 9),
       (148838, 67882, 'Law and Legal Services', 10),
       (148839, 67882, 'Manufacturing and Assembly Industries', 11),
       (148840, 67882, 'Personal Services', 12),
       (148841, 67882, 'Retail Trade', 13),
       (148842, 67882, 'Technical and Scientific', 14),
       (148843, 67882, 'Telecommunications and the Media', 15),
       (148844, 67882, 'Transport', 16),
       (148845, 67882, 'Utilities (gas, water etc)', 17),
       (148846, 67882, 'Wholesale Trade', 18),
       (148847, 67882, 'Other', 20),
       (148849, 67886, 'Single', 0),
       (148850, 67886, 'Family', 1),
       (148851, 67886, 'Dependent', 2),
       (148852, 67886, 'Child', 3),
       (148853, 67887, 'Approved', 0),
       (148854, 67887, 'Declined', 1),
       (148855, 67819, 'Referred for enhanced Due Diligence', 8),
       (148856, 67819, 'Certificate is issued', 11),
       (148890, 67895, 'financial_risk', 0),
       (148897, 67895, 'political_exposure', 1),
       (148898, 67895, 'criminal_sanctions', 2),
       (148899, 67895, 'business_employment_affiliations', 3),
       (148900, 67895, 'reputation_and_media_coverage', 4),
       (148901, 67895, 'pers_disc', 5),
       (148902, 67884, 'AAA INVESTOR IMMIGRATION LTD', 0),
       (148903, 67884, 'ALICK C. LAWRENCE CHAMBERS/THE NESTMANN GROUP LTD', 1),
       (148904, 67884, 'APEX CAPITAL PARTNERS', 2),
       (148905, 67884, 'ARTON CAPITAL (DOMINICA) LTD', 3),
       (148906, 67884, 'BAYAT LAW GROUP INC.', 4),
       (148907, 67884, 'BELNOR ASSOCIATES INC.', 5),
       (148908, 67884, 'CARIBBEAN CITIZENSHIP INC.', 6),
       (148909, 67884, 'CARIBBEAN COMMERCIAL & IP LAW PRACTITIONERS LLP', 7),
       (148910, 67884, 'CARIBBEAN CONSULTING SERVICES LTD', 8),
       (148911, 67884, 'CARIBBEANSINO CONSULTING SERVICES LTD', 9),
       (148912, 67884, 'CCP INC.', 10),
       (148913, 67884, 'CITIZENSHIP INVEST LTD', 11),
       (148914, 67884, 'CTRUSTGLOBAL LTD', 12),
       (148915, 67884, 'DE FREITAS, DE FREITAS & JOHNSON CHAMBERS', 13),
       (148916, 67884, 'DESIGN MANAGEMENT LTD.', 14),
       (148917, 67884, 'DOMINICAINTERNATIONAL INVESTMENT CORPORATION LIMITED', 15),
       (148918, 67884, 'DUNCAN G. STOWE', 16),
       (148919, 67884, 'GLOBAL CITIZENSHIP PROGRAMS LTD', 17),
       (148920, 67884, 'GUIDE CONSULTANTS INC.', 18),
       (148921, 67884, 'HARVEY LAW GROUP', 19),
       (148922, 67884, 'IMT INC.', 20),
       (148923, 67884, 'LENNOX LAWRENCE', 21),
       (148924, 67884, 'MODERN AGRICULTURAL VENTURES INC.', 22),
       (148925, 67884, 'MONTREAL MANAGEMENT CONSULTANTS EST. LTD', 23),
       (148926, 67884, 'NL CITIZENSHIP LTD', 24),
       (148927, 67884, 'PARADISE CITIZENS', 25),
       (148928, 67884, 'SAVORY AND PARTNERS', 26),
       (148929, 67884, 'SECOND CITIZENSHIP LTD', 27),
       (148930, 67884, 'SUNSTONE INCORPORATED - TRANQUILITY BEACH DOMINICA', 28),
       (148931, 67884, 'VERLYN LIZ-ANN FAUSTIN', 29),
       (148932, 67884, 'WHITCO INC.', 30),
       (148933, 67901, 'Cabrits Resort Kempinski', 0),
       (148934, 67901, 'Tranquility Beach Dominica', 1),
       (148935, 67901, 'Bois Cotlette', 2),
       (148936, 67901, 'Jungle Bay Villas', 3),
       (148937, 67901, 'Silver Beach', 4),
       (148938, 67901, 'Montreal Management', 5),
       (148939, 67903, 'In progress', 0),
       (148940, 67903, 'In progress but missing documents', 1),
       (148941, 67903, 'Awaiting documents', 2),
       (148942, 67903, 'Complete', 3),
       (148943, 67909, 'No', 0),
       (148944, 67909, 'Yes', 1),
       (148945, 67920, 'Cleared', 2),
       (148946, 67920, 'Financial Irregularities', 3),
       (148947, 67920, 'Security Threat', 4),
       (148948, 67920, 'US Visa Denial', 5),
       (148949, 67920, 'UK Visa Denial', 6),
       (148950, 67920, 'Visa Revoked', 7),
       (148951, 67920, 'Rejected by Other CIP', 8),
       (148952, 67920, 'Nothing Derogatory at this time', 0),
       (148953, 67920, 'Unable to verify identity', 1);

-- --------------------------------------------------------

--
-- Table structure for table `client_form_dependents`
--

CREATE TABLE `client_form_dependents`
(
    `dependent_id`                       bigint(20) UNSIGNED                                NOT NULL,
    `member_id`                          bigint(20)                                         NOT NULL DEFAULT '0',
    `relationship`                       enum ('parent','spouse','sibling','child','other') NOT NULL DEFAULT 'spouse',
    `line`                               tinyint(3) UNSIGNED                                NOT NULL DEFAULT '0',
    `fName`                              char(255)                                                   DEFAULT NULL,
    `lName`                              char(255)                                                   DEFAULT NULL,
    `sex`                                enum ('M','F')                                              DEFAULT 'M',
    `DOB`                                date                                                        DEFAULT NULL,
    `passport_num`                       char(128)                                                   DEFAULT NULL,
    `passport_date`                      date                                                        DEFAULT NULL,
    `canadian`                           enum ('Y','N')                                              DEFAULT 'Y',
    `country_of_birth`                   varchar(255)                                                DEFAULT NULL,
    `country_of_citizenship`             varchar(255)                                                DEFAULT NULL,
    `city_of_residence`                  varchar(255)                                                DEFAULT NULL,
    `country_of_residence`               varchar(255)                                                DEFAULT NULL,
    `migrating`                          varchar(255)                                                DEFAULT NULL,
    `nationality`                        varchar(255)                                                DEFAULT NULL,
    `medical_expiration_date`            date                                                        DEFAULT NULL,
    `photo`                              varchar(255)                                                DEFAULT NULL,
    `main_applicant_address_is_the_same` enum ('Y','N')                                              DEFAULT 'N',
    `address`                            varchar(255)                                                DEFAULT NULL,
    `city`                               varchar(255)                                                DEFAULT NULL,
    `country`                            varchar(255)                                                DEFAULT NULL,
    `region`                             varchar(255)                                                DEFAULT NULL,
    `postal_code`                        varchar(255)                                                DEFAULT NULL,
    `profession`                         varchar(255)                                                DEFAULT NULL,
    `marital_status`                     enum ('single','married','divorced','widowed')              DEFAULT NULL,
    `passport_issuing_country`           varchar(255)                                                DEFAULT NULL,
    `third_country_visa`                 enum ('Y','N')                                              DEFAULT NULL
) ENGINE = InnoDB
  DEFAULT CHARSET = utf8 COMMENT ='Each case can have assigned list of dependents. The list of fields for each dependent is limited/hardcoded.';

-- --------------------------------------------------------

--
-- Table structure for table `client_form_dependents_required_files`
--

CREATE TABLE `client_form_dependents_required_files`
(
    `required_file_id`            bigint(20) UNSIGNED NOT NULL,
    `company_id`                  bigint(20)          NOT NULL,
    `required_file_description`   char(255)           NOT NULL,
    `main_applicant_show`         enum ('Y','N')      NOT NULL DEFAULT 'Y',
    `main_applicant_required`     enum ('Y','N')      NOT NULL DEFAULT 'Y',
    `adult_show`                  enum ('Y','N')      NOT NULL DEFAULT 'Y',
    `adult_required`              enum ('Y','N')      NOT NULL DEFAULT 'Y',
    `minor_16_and_above_show`     enum ('Y','N')      NOT NULL DEFAULT 'Y',
    `minor_16_and_above_required` enum ('Y','N')      NOT NULL DEFAULT 'Y',
    `minor_less_16_show`          enum ('Y','N')      NOT NULL DEFAULT 'Y',
    `minor_less_16_required`      enum ('Y','N')      NOT NULL DEFAULT 'Y'
) ENGINE = InnoDB
  DEFAULT CHARSET = utf8 COMMENT ='Contains info about required forms/files for case''s dependents. Is used in the Documents Checklist sub tab under the Clients tab.';

--
-- Dumping data for table `client_form_dependents_required_files`
--

INSERT INTO `client_form_dependents_required_files` (`required_file_id`, `company_id`, `required_file_description`,
                                                     `main_applicant_show`, `main_applicant_required`, `adult_show`,
                                                     `adult_required`, `minor_16_and_above_show`,
                                                     `minor_16_and_above_required`, `minor_less_16_show`,
                                                     `minor_less_16_required`)
VALUES (1, 0, 'Form 12', 'Y', 'Y', 'Y', 'Y', 'Y', 'Y', 'Y', 'Y'),
       (4, 0, 'D1 - Application for Citizenship by Investment Disclosure', 'Y', 'Y', 'Y', 'Y', 'Y', 'Y', 'N', 'N'),
       (7, 0, 'D2 - Fingerprint and Photograph Verification Form', 'Y', 'Y', 'Y', 'Y', 'Y', 'Y', 'Y', 'Y'),
       (10, 0, 'D3 - Medical Questionnaire', 'Y', 'Y', 'Y', 'Y', 'Y', 'Y', 'Y', 'Y'),
       (13, 0, 'D4 - Investment Agreement (FUND OPTION ONLY)', 'Y', 'N', 'N', 'N', 'N', 'N', 'N', 'N'),
       (16, 0, 'Sale and Purchase Agreement (REAL ESTATE OPTION)', 'Y', 'N', 'N', 'N', 'N', 'N', 'N', 'N'),
       (19, 0, 'Passport', 'Y', 'Y', 'Y', 'Y', 'Y', 'Y', 'Y', 'Y'),
       (22, 0, 'Driver\'s License', 'Y', 'Y', 'Y', 'Y', 'Y', 'Y', 'N', 'N'),
       (25, 0, 'Birth Certificate', 'Y', 'Y', 'Y', 'Y', 'Y', 'Y', 'Y', 'Y'),
       (28, 0, 'Identity Document, /Book or Card', 'Y', 'Y', 'Y', 'Y', 'Y', 'Y', 'Y', 'Y'),
       (31, 0, 'Marriage Certificate / Divorce Certificate', 'Y', 'N', 'Y', 'N', 'N', 'N', 'N', 'N'),
       (34, 0, 'Letter of Employment / Audited Financial Statements / Letter of Incorporation', 'Y', 'Y', 'Y', 'Y', 'Y',
        'Y', 'Y', 'Y'),
       (37, 0, 'Letter to the Minister', 'Y', 'Y', 'Y', 'Y', 'Y', 'Y', 'Y', 'Y'),
       (40, 0, 'CV / Resume', 'Y', 'Y', 'Y', 'Y', 'Y', 'Y', 'N', 'N'),
       (43, 0, 'Four (4) Passport Photographs', 'Y', 'Y', 'Y', 'Y', 'Y', 'Y', 'Y', 'Y'),
       (46, 0, 'Military Service and Discharge Documents', 'Y', 'N', 'Y', 'N', 'Y', 'N', 'N', 'N'),
       (49, 0,
        'Police Record / Certification from country of origin and any country applicant has been a resident of for more than 6 months during the past 10 years (all countries)',
        'Y', 'Y', 'Y', 'Y', 'Y', 'Y', 'N', 'N'),
       (52, 0, 'Professional Reference', 'Y', 'Y', 'Y', 'Y', 'N', 'N', 'N', 'N'),
       (55, 0, 'Enrollment letters/University letter', 'N', 'N', 'N', 'N', 'Y', 'Y', 'Y', 'Y'),
       (58, 0, 'Two Personal References', 'Y', 'N', 'Y', 'N', 'Y', 'N', 'N', 'N'),
       (61, 0, 'Recommendation from Banker', 'Y', 'N', 'N', 'N', 'N', 'N', 'N', 'N'),
       (64, 0, '12 months Bank  Statement', 'Y', 'Y', 'N', 'N', 'N', 'N', 'N', 'N'),
       (67, 0, 'Proof of Residential Address', 'Y', 'Y', 'N', 'N', 'N', 'N', 'N', 'N'),
       (70, 0,
        'An affidavit of consent from other parents is required, if both parents are not part of the application when applying for children',
        'N', 'N', 'N', 'N', 'N', 'N', 'Y', 'N');

-- --------------------------------------------------------

--
-- Table structure for table `client_form_dependents_uploaded_files`
--

CREATE TABLE `client_form_dependents_uploaded_files`
(
    `uploaded_file_id`   bigint(20) UNSIGNED NOT NULL,
    `required_file_id`   bigint(20) UNSIGNED NOT NULL,
    `member_id`          bigint(20)          NOT NULL,
    `dependent_id`       bigint(20) UNSIGNED DEFAULT NULL,
    `uploaded_file_name` char(255)           NOT NULL,
    `uploaded_file_size` bigint(20) UNSIGNED NOT NULL
) ENGINE = InnoDB
  DEFAULT CHARSET = utf8 COMMENT ='Contains info about uploaded forms/files for case''s dependents. Is used in the Documents Checklist sub tab under the Clients tab.';

-- --------------------------------------------------------

--
-- Table structure for table `client_form_dependents_uploaded_file_tags`
--

CREATE TABLE `client_form_dependents_uploaded_file_tags`
(
    `uploaded_file_id` bigint(20) UNSIGNED NOT NULL,
    `company_id`       bigint(20)          NOT NULL,
    `tag`              char(255)           NOT NULL
) ENGINE = InnoDB
  DEFAULT CHARSET = utf8 COMMENT ='Contains tags assigned to uploaded forms/files for case''s dependents. Is used in the Documents Checklist sub tab under the Clients tab.';

-- --------------------------------------------------------

--
-- Table structure for table `client_form_dependents_visa_survey`
--

CREATE TABLE `client_form_dependents_visa_survey`
(
    `visa_survey_id`   bigint(20) UNSIGNED NOT NULL,
    `member_id`        bigint(20)          NOT NULL,
    `dependent_id`     bigint(20) UNSIGNED                  DEFAULT NULL,
    `visa_country_id`  enum ('US','UK','Schengen','Canada') DEFAULT NULL,
    `visa_number`      char(255)           NOT NULL,
    `visa_issue_date`  date                                 DEFAULT NULL,
    `visa_expiry_date` date                                 DEFAULT NULL
) ENGINE = InnoDB
  DEFAULT CHARSET = utf8 COMMENT ='Contains info about case''s dependents visa survey.';

-- --------------------------------------------------------

--
-- Table structure for table `client_form_fields`
--

CREATE TABLE `client_form_fields`
(
    `field_id`                 int(11) UNSIGNED NOT NULL,
    `company_id`               bigint(20)       NOT NULL,
    `company_field_id`         varchar(100)              DEFAULT NULL,
    `type`                     int(11) UNSIGNED NOT NULL DEFAULT '1',
    `label`                    char(255)                 DEFAULT NULL,
    `maxlength`                int(6) UNSIGNED           DEFAULT NULL,
    `encrypted`                enum ('Y','N')   NOT NULL DEFAULT 'N',
    `required`                 enum ('Y','N')   NOT NULL DEFAULT 'N',
    `required_for_submission`  enum ('Y','N')   NOT NULL DEFAULT 'N',
    `disabled`                 enum ('Y','N')   NOT NULL DEFAULT 'N',
    `blocked`                  enum ('Y','N')   NOT NULL DEFAULT 'N',
    `multiple_values`          enum ('Y','N')   NOT NULL DEFAULT 'N',
    `skip_access_requirements` enum ('Y','N')   NOT NULL DEFAULT 'N',
    `custom_height`            int(11) UNSIGNED NOT NULL DEFAULT '0',
    `min_value`                int(11)                   DEFAULT NULL,
    `max_value`                int(11)                   DEFAULT NULL
) ENGINE = InnoDB
  DEFAULT CHARSET = utf8 COMMENT ='Contains fields that are used/showed in the case''s profile. Each field''s unique id (saved in company_field_id) must be unique for specific case type.';

--
-- Dumping data for table `client_form_fields`
--

INSERT INTO `client_form_fields` (`field_id`, `company_id`, `company_field_id`, `type`, `label`, `maxlength`,
                                  `encrypted`, `required`, `required_for_submission`, `disabled`, `blocked`,
                                  `multiple_values`, `skip_access_requirements`, `custom_height`, `min_value`,
                                  `max_value`)
VALUES (67649, 0, 'KeyEmployerContact', 19, 'Key Employer Contact', 0, 'N', 'N', 'N', 'N', 'N', 'N', 'N', 0, NULL,
        NULL),
       (67650, 0, 'sponsorship_agreement_expiry_date', 8, 'Sponsorship Agreement Expiry Date', 0, 'N', 'N', 'N', 'N',
        'N', 'N', 'N', 0, NULL, NULL),
       (67651, 0, 'sponsorship_agreement_number', 1, 'Sponsorship Agreement Number', 25, 'N', 'N', 'N', 'N', 'N', 'N',
        'N', 0, NULL, NULL),
       (67652, 0, 'nomination_ceiling', 5, 'Nomination Ceiling', 0, 'N', 'N', 'N', 'N', 'N', 'N', 'N', 0, NULL, NULL),
       (67653, 0, 'sponsorship_application_date', 8, 'Sponsorship Application Date', 0, 'N', 'N', 'N', 'N', 'N', 'N',
        'N', 0, NULL, NULL),
       (67654, 0, 'sponsorship_subclass', 30, 'Subclass', 0, 'N', 'N', 'N', 'N', 'N', 'N', 'N', 0, NULL, NULL),
       (67655, 0, 'sponsorship_outcome_date', 8, 'Sponsorship Outcome Date', 0, 'N', 'N', 'N', 'N', 'N', 'N', 'N', 0,
        NULL, NULL),
       (67656, 0, 'sponsorship_application_TRN', 1, 'Sponsorship Application TRN', 25, 'N', 'N', 'N', 'N', 'N', 'N',
        'N', 0, NULL, NULL),
       (67657, 0, 'sponsorship-application_ID', 1, 'Sponsorship Application ID', 25, 'N', 'N', 'N', 'N', 'N', 'N', 'N',
        0, NULL, NULL),
       (67658, 0, 'state_sponsorship_application_date', 8, 'State Sponsorship Application Date', 0, 'N', 'N', 'N', 'N',
        'N', 'N', 'N', 0, NULL, NULL),
       (67659, 0, 'state_sponsorship_outcome_date', 8, 'State Sponsorship Outcome Date', 0, 'N', 'N', 'N', 'N', 'N',
        'N', 'N', 0, NULL, NULL),
       (67660, 0, 'state_sponsorship_file_or_reference_no', 1, 'State Sponsorship File/Reference#', 25, 'N', 'N', 'N',
        'N', 'N', 'N', 'N', 0, NULL, NULL),
       (67661, 0, 'date_of_citizenship_interview', 8, 'Citizenship Interview Date', 0, 'N', 'N', 'N', 'N', 'N', 'N',
        'N', 0, NULL, NULL),
       (67662, 0, 'state_sponsorship_expiry_date', 8, 'State Sponsorship Expiry Date', 0, 'N', 'N', 'N', 'N', 'N', 'N',
        'N', 0, NULL, NULL),
       (67663, 0, 'state_sponsorship_sponsoring_state', 3, 'Sponsoring State', 0, 'N', 'N', 'N', 'N', 'N', 'N', 'N', 0,
        NULL, NULL),
       (67664, 0, 'sponsoring_family_member_citizenship', 4, 'Citizenship', 0, 'N', 'N', 'N', 'N', 'N', 'N', 'N', 0,
        NULL, NULL),
       (67665, 0, 'sponsoring_family_member_phone_secondary', 10, 'Phone (Secondary)', 0, 'N', 'N', 'N', 'N', 'N', 'N',
        'N', 0, NULL, NULL),
       (67666, 0, 'sponsoring_family_member_suburb', 1, 'Suburb', 40, 'N', 'N', 'N', 'N', 'N', 'N', 'N', 0, NULL, NULL),
       (67667, 0, 'sponsoring_family_member_date_of_birth', 8, 'Date of Birth', 0, 'N', 'N', 'N', 'N', 'N', 'N', 'N', 0,
        NULL, NULL),
       (67668, 0, 'sponsoring_family_member_address2', 1, 'Address 2', 40, 'N', 'N', 'N', 'N', 'N', 'N', 'N', 0, NULL,
        NULL),
       (67669, 0, 'sponsoring_family_member_phone_primary', 10, 'Phone (Primary)', 0, 'N', 'N', 'N', 'N', 'N', 'N', 'N',
        0, NULL, NULL),
       (67670, 0, 'sponsoring_family_member_passport_country', 4, 'Passport Country', 0, 'N', 'N', 'N', 'N', 'N', 'N',
        'N', 0, NULL, NULL),
       (67671, 0, 'sponsoring_family_member_given_names', 1, 'Given Names', 40, 'N', 'N', 'N', 'N', 'N', 'N', 'N', 0,
        NULL, NULL),
       (67672, 0, 'sponsoring_family_member_country', 4, 'Country', 0, 'N', 'N', 'N', 'N', 'N', 'N', 'N', 0, NULL,
        NULL),
       (67673, 0, 'sponsoring_family_member_postal_code', 1, 'Postal Code', 25, 'N', 'N', 'N', 'N', 'N', 'N', 'N', 0,
        NULL, NULL),
       (67674, 0, 'sponsoring_family_member_address1', 1, 'Address 1', 40, 'N', 'N', 'N', 'N', 'N', 'N', 'N', 0, NULL,
        NULL),
       (67675, 0, 'sponsoring_family_member_family_name', 1, 'Family Name', 40, 'N', 'N', 'N', 'N', 'N', 'N', 'N', 0,
        NULL, NULL),
       (67676, 0, 'sponsoring_family_member_passport_no', 1, 'Passport #', 25, 'N', 'N', 'N', 'N', 'N', 'N', 'N', 0,
        NULL, NULL),
       (67677, 0, 'sponsoring_family_member_email_address', 9, 'Email', 0, 'N', 'N', 'N', 'N', 'N', 'N', 'N', 0, NULL,
        NULL),
       (67678, 0, 'EOI_invitation_date', 8, 'EOI Invitation Date', 0, 'N', 'N', 'N', 'N', 'N', 'N', 'N', 0, NULL, NULL),
       (67679, 0, 'EOI_ID', 1, 'EOI ID', 25, 'N', 'N', 'N', 'N', 'N', 'N', 'N', 0, NULL, NULL),
       (67680, 0, 'EOI_applicate_date', 8, 'EOI Application Date', 0, 'N', 'N', 'N', 'N', 'N', 'N', 'N', 0, NULL, NULL),
       (67681, 0, 'sponsoring_family_member_state', 1, 'State', 40, 'N', 'N', 'N', 'N', 'N', 'N', 'N', 0, NULL, NULL),
       (67682, 0, 'EOI_password', 1, 'EOI Password', 25, 'N', 'N', 'N', 'N', 'N', 'N', 'N', 0, NULL, NULL),
       (67683, 0, 'citizenship_exam_date', 8, 'Citizenship Exam Date', 0, 'N', 'N', 'N', 'N', 'N', 'N', 'N', 0, NULL,
        NULL),
       (67684, 0, 'review_type', 30, 'Review Type', 0, 'N', 'N', 'N', 'N', 'N', 'N', 'N', 0, NULL, NULL),
       (67685, 0, 'place_review_lodged', 1, 'Place Lodged', 25, 'N', 'N', 'N', 'N', 'N', 'N', 'N', 0, NULL, NULL),
       (67686, 0, 'review_application_date', 8, 'Review Application Date', 0, 'N', 'N', 'N', 'N', 'N', 'N', 'N', 0,
        NULL, NULL),
       (67687, 0, 'client_lodgment_reference_no', 1, 'Client Lodgment Reference #', 25, 'N', 'N', 'N', 'N', 'N', 'N',
        'N', 0, NULL, NULL),
       (67688, 0, 'review_outcome_date', 8, 'Review Outcome Date', 0, 'N', 'N', 'N', 'N', 'N', 'N', 'N', 0, NULL, NULL),
       (67689, 0, 'review_case_no', 1, 'Review Case#', 25, 'N', 'N', 'N', 'N', 'N', 'N', 'N', 0, NULL, NULL),
       (67690, 0, 'citizen_application_date', 8, 'Citizen Application Date', 0, 'N', 'N', 'N', 'N', 'N', 'N', 'N', 0,
        NULL, NULL),
       (67691, 0, 'place_citizenship_lodged', 1, 'Place Lodged', 25, 'N', 'N', 'N', 'N', 'N', 'N', 'N', 0, NULL, NULL),
       (67692, 0, 'citizen_application_file_no', 1, 'Citizen Application File#', 25, 'N', 'N', 'N', 'N', 'N', 'N', 'N',
        0, NULL, NULL),
       (67693, 0, 'citizenship_appliction_ID', 1, 'Citizenship Application ID', 25, 'N', 'N', 'N', 'N', 'N', 'N', 'N',
        0, NULL, NULL),
       (67694, 0, 'citizenship_outcome_date', 8, 'Citizenship Outcome Date', 0, 'N', 'N', 'N', 'N', 'N', 'N', 'N', 0,
        NULL, NULL),
       (67695, 0, 'review_submission_date', 8, 'Review Submission Date', 0, 'N', 'N', 'N', 'N', 'N', 'N', 'N', 0, NULL,
        NULL),
       (67696, 0, 'review_hearing_date', 8, 'Review Hearing Date', 0, 'N', 'N', 'N', 'N', 'N', 'N', 'N', 0, NULL, NULL),
       (67697, 0, 'registered_migrant_agent', 27, 'RMA', 0, 'N', 'Y', 'N', 'N', 'N', 'N', 'N', 0, NULL, NULL),
       (67698, 0, 'sales_and_marketing', 14, 'Sales & Marketing', NULL, 'N', 'Y', 'N', 'N', 'N', 'N', 'N', 0, NULL,
        NULL),
       (67699, 0, 'processing', 14, 'Processing Staff', NULL, 'N', 'Y', 'N', 'N', 'N', 'N', 'N', 0, NULL, NULL),
       (67700, 0, 'accounting', 14, 'Accounting', NULL, 'N', 'Y', 'N', 'N', 'N', 'N', 'N', 0, NULL, NULL),
       (67701, 0, 'date_client_signed', 8, 'Date Client Signed', NULL, 'N', 'N', 'N', 'N', 'N', 'N', 'N', 0, NULL,
        NULL),
       (67702, 0, 'file_number', 1, 'Case Reference #', 32, 'N', 'N', 'N', 'N', 'N', 'N', 'N', 0, NULL, NULL),
       (67703, 0, 'file_status', 3, 'Case Status', NULL, 'N', 'N', 'N', 'N', 'N', 'N', 'N', 0, NULL, NULL),
       (67704, 0, 'this_case_is_dependent_of', 32, 'Related Case', 0, 'N', 'N', 'N', 'N', 'N', 'N', 'N', 0, NULL, NULL),
       (67705, 0, 'link_to_employer_case', 29, 'Employer Sponsorship Case', 0, 'N', 'N', 'N', 'N', 'N', 'N', 'N', 0,
        NULL, NULL),
       (67706, 0, 'immigration_office', 3, 'Immigration Office', 0, 'N', 'N', 'N', 'N', 'N', 'N', 'N', 0, NULL, NULL),
       (67707, 0, 'SalesAgent', 25, 'Sales Agent', 0, 'N', 'N', 'N', 'N', 'N', 'N', 'N', 0, NULL, NULL),
       (67708, 0, 'archive_reference_number', 1, 'Archive Reference #', 40, 'N', 'N', 'N', 'N', 'N', 'N', 'N', 0, NULL,
        NULL),
       (67709, 0, 'Client_file_status', 7, 'Active Case', 0, 'N', 'N', 'N', 'N', 'N', 'N', 'N', 0, NULL, NULL),
       (67710, 0, 'miss_docs_description', 11, 'Missing Documents', 0, 'N', 'N', 'N', 'N', 'N', 'N', 'N', 0, NULL,
        NULL),
       (67711, 0, '1_country_of_PCC', 4, '1- Country of PCC', 0, 'N', 'N', 'N', 'N', 'N', 'N', 'N', 0, NULL, NULL),
       (67712, 0, '1_PCC_application_date', 8, '1- PCC Application Date', 0, 'N', 'N', 'N', 'N', 'N', 'N', 'N', 0, NULL,
        NULL),
       (67713, 0, '1_PCC_reference_number', 1, '1- PCC Reference#', 25, 'N', 'N', 'N', 'N', 'N', 'N', 'N', 0, NULL,
        NULL),
       (67714, 0, '1_PCC_issue_date', 8, '1- PCC Issue Date', 0, 'N', 'N', 'N', 'N', 'N', 'N', 'N', 0, NULL, NULL),
       (67715, 0, '2_country_of_PCC', 4, '2- Country of PCC', 0, 'N', 'N', 'N', 'N', 'N', 'N', 'N', 0, NULL, NULL),
       (67716, 0, '2_PCC_application_date', 8, '2- PCC Application Date', 0, 'N', 'N', 'N', 'N', 'N', 'N', 'N', 0, NULL,
        NULL),
       (67717, 0, '2_PCC_reference_number', 1, '2- PCC Reference#', 25, 'N', 'N', 'N', 'N', 'N', 'N', 'N', 0, NULL,
        NULL),
       (67718, 0, '2_PCC_issue_date', 8, '2- PCC Issue Date', 0, 'N', 'N', 'N', 'N', 'N', 'N', 'N', 0, NULL, NULL),
       (67719, 0, '3_country_of_PCC', 4, '3- Country of PCC', 0, 'N', 'N', 'N', 'N', 'N', 'N', 'N', 0, NULL, NULL),
       (67720, 0, '3_PCC_application_date', 8, '3- PCC Application Date', 0, 'N', 'N', 'N', 'N', 'N', 'N', 'N', 0, NULL,
        NULL),
       (67721, 0, '3_PCC_reference_number', 1, '3- PCC Reference#', 25, 'N', 'N', 'N', 'N', 'N', 'N', 'N', 0, NULL,
        NULL),
       (67722, 0, '3_PCC_issue_date', 8, '3- PCC Issue Date', 0, 'N', 'N', 'N', 'N', 'N', 'N', 'N', 0, NULL, NULL),
       (67723, 0, 'visa_subclass', 30, 'Visa Subclass', 0, 'N', 'N', 'N', 'N', 'N', 'N', 'N', 0, NULL, NULL),
       (67724, 0, 'visa_application_date', 8, 'Visa Application Date', 0, 'N', 'N', 'N', 'N', 'N', 'N', 'N', 0, NULL,
        NULL),
       (67725, 0, 'place_visa_lodged', 1, 'Place Visa Lodged', 25, 'N', 'N', 'N', 'N', 'N', 'N', 'N', 0, NULL, NULL),
       (67726, 0, 'visa_application_TRN', 1, 'Visa Application TRN', 25, 'N', 'N', 'N', 'N', 'N', 'N', 'N', 0, NULL,
        NULL),
       (67727, 0, 'visa_application_file_number', 1, 'Visa Application File#', 25, 'N', 'N', 'N', 'N', 'N', 'N', 'N', 0,
        NULL, NULL),
       (67728, 0, 'visa_application_ID', 1, 'Visa Application ID', 25, 'N', 'N', 'N', 'N', 'N', 'N', 'N', 0, NULL,
        NULL),
       (67729, 0, 'bridging_visa', 3, 'Bridging Visa', 0, 'N', 'N', 'N', 'N', 'N', 'N', 'N', 0, NULL, NULL),
       (67730, 0, 'visa_outcome_date', 8, 'Visa Outcome Date', 0, 'N', 'N', 'N', 'N', 'N', 'N', 'N', 0, NULL, NULL),
       (67731, 0, 'visa_number', 1, 'Visa #', 25, 'N', 'N', 'N', 'N', 'N', 'N', 'N', 0, NULL, NULL),
       (67732, 0, 'visa_expiry_date', 8, 'Visa Expiry Date', 0, 'N', 'N', 'N', 'N', 'N', 'N', 'N', 0, NULL, NULL),
       (67733, 0, 'medical_date', 8, 'Medical Date', 0, 'N', 'N', 'N', 'N', 'N', 'N', 'N', 0, NULL, NULL),
       (67734, 0, 'medical_xray_date', 8, 'X-Ray Date', 0, 'N', 'N', 'N', 'N', 'N', 'N', 'N', 0, NULL, NULL),
       (67735, 0, 'medical_exam_location', 1, 'Medical Exam. Location', 30, 'N', 'N', 'N', 'N', 'N', 'N', 'N', 0, NULL,
        NULL),
       (67736, 0, 'medical_reference_number', 1, 'Medical Reference#', 25, 'N', 'N', 'N', 'N', 'N', 'N', 'N', 0, NULL,
        NULL),
       (67737, 0, 'HAP_ID', 1, 'HAP ID', 25, 'N', 'N', 'N', 'N', 'N', 'N', 'N', 0, NULL, NULL),
       (67738, 0, 'medical_TRN', 1, 'Medical TRN', 25, 'N', 'N', 'N', 'N', 'N', 'N', 'N', 0, NULL, NULL),
       (67739, 0, 'assessment_occupation', 31, 'Assessment Occupation', 0, 'N', 'N', 'N', 'N', 'N', 'N', 'N', 0, NULL,
        NULL),
       (67740, 0, 'skills_assessment_program', 1, 'Skills Assessment Program', 40, 'N', 'N', 'N', 'N', 'N', 'N', 'N', 0,
        NULL, NULL),
       (67741, 0, 'skills_assessment_body', 1, 'Skills Assessment Body', 40, 'N', 'N', 'N', 'N', 'N', 'N', 'N', 0, NULL,
        NULL),
       (67742, 0, 'skills_application_date', 8, 'Skills Application Date', 0, 'N', 'N', 'N', 'N', 'N', 'N', 'N', 0,
        NULL, NULL),
       (67743, 0, 'skills_expiry_date', 8, 'Skills Expiry Date', 0, 'N', 'N', 'N', 'N', 'N', 'N', 'N', 0, NULL, NULL),
       (67744, 0, 'registration_authority', 1, 'Registration Authority', 25, 'N', 'N', 'N', 'N', 'N', 'N', 'N', 0, NULL,
        NULL),
       (67745, 0, 'country_of_registration', 4, 'Country of Registration', 0, 'N', 'N', 'N', 'N', 'N', 'N', 'N', 0,
        NULL, NULL),
       (67746, 0, 'registration_license_number', 1, 'Registration/License Number', 25, 'N', 'N', 'N', 'N', 'N', 'N',
        'N', 0, NULL, NULL),
       (67747, 0, 'skills_date_of_registration', 8, 'Registration Date', 0, 'N', 'N', 'N', 'N', 'N', 'N', 'N', 0, NULL,
        NULL),
       (67748, 0, 'registration_expiry_date', 8, 'Registration Expiry Date', 0, 'N', 'N', 'N', 'N', 'N', 'N', 'N', 0,
        NULL, NULL),
       (67749, 0, 'date_of_english_test', 8, 'Date of English Test', 0, 'N', 'N', 'N', 'N', 'N', 'N', 'N', 0, NULL,
        NULL),
       (67750, 0, 'english_test_scores', 1, 'English Test Scores', 40, 'N', 'N', 'N', 'N', 'N', 'N', 'N', 0, NULL,
        NULL),
       (67751, 0, 'relevant_australian_qualification', 1, 'Relevant Australian Qualification', 40, 'N', 'N', 'N', 'N',
        'N', 'N', 'N', 0, NULL, NULL),
       (67752, 0, 'qualification_completion_date', 8, 'Qualification Completion Date', 0, 'N', 'N', 'N', 'N', 'N', 'N',
        'N', 0, NULL, NULL),
       (67753, 0, 'nomination_application_date', 8, 'Nomination Application Date', 0, 'N', 'N', 'N', 'N', 'N', 'N', 'N',
        0, NULL, NULL),
       (67754, 0, 'nomination_application_TRN', 1, 'Nomination Application TRN', 25, 'N', 'N', 'N', 'N', 'N', 'N', 'N',
        0, NULL, NULL),
       (67755, 0, 'nomination_application_ID', 1, 'Nomination Application ID', 25, 'N', 'N', 'N', 'N', 'N', 'N', 'N', 0,
        NULL, NULL),
       (67756, 0, 'nomination_file_number', 1, 'Nomination File#', 25, 'N', 'N', 'N', 'N', 'N', 'N', 'N', 0, NULL,
        NULL),
       (67757, 0, 'nomination_issue_date', 8, 'Nomination Issue Date', 0, 'N', 'N', 'N', 'N', 'N', 'N', 'N', 0, NULL,
        NULL),
       (67758, 0, 'nomination_subclass', 30, 'Nomination Subclass', 0, 'N', 'N', 'N', 'N', 'N', 'N', 'N', 0, NULL,
        NULL),
       (67759, 0, 'nomination_occupation', 31, 'Nomination Occupation', 0, 'N', 'N', 'N', 'N', 'N', 'N', 'N', 0, NULL,
        NULL),
       (67760, 0, 'nomination_position_salary', 5, 'Nomination Position Salary', 10, 'N', 'N', 'N', 'N', 'N', 'N', 'N',
        0, NULL, NULL),
       (67761, 0, 'name_of_RCB', 1, 'Name of Regional Certification Body (RCB)', 40, 'N', 'N', 'N', 'N', 'N', 'N', 'N',
        0, NULL, NULL),
       (67762, 0, 'RCB_reference_number', 1, 'RCB Reference Number', 15, 'N', 'N', 'N', 'N', 'N', 'N', 'N', 0, NULL,
        NULL),
       (67763, 0, 'RCB_application_date', 8, 'RCB Application Date', 0, 'N', 'N', 'N', 'N', 'N', 'N', 'N', 0, NULL,
        NULL),
       (67764, 0, 'employment_termination_notification_date', 8, 'Employment Termination Notification Date', 0, 'N',
        'N', 'N', 'N', 'N', 'N', 'N', 0, NULL, NULL),
       (67765, 1, 'KeyEmployerContact', 19, 'Key Employer Contact', 0, 'N', 'N', 'N', 'N', 'N', 'N', 'N', 0, NULL,
        NULL),
       (67766, 1, 'sponsorship_agreement_expiry_date', 8, 'Sponsorship Agreement Expiry Date', 0, 'N', 'N', 'N', 'N',
        'N', 'N', 'N', 0, NULL, NULL),
       (67767, 1, 'sponsorship_agreement_number', 1, 'Sponsorship Agreement Number', 25, 'N', 'N', 'N', 'N', 'N', 'N',
        'N', 0, NULL, NULL),
       (67768, 1, 'nomination_ceiling', 5, 'Nomination Ceiling', 0, 'N', 'N', 'N', 'N', 'N', 'N', 'N', 0, NULL, NULL),
       (67769, 1, 'sponsorship_application_date', 8, 'Sponsorship Application Date', 0, 'N', 'N', 'N', 'N', 'N', 'N',
        'N', 0, NULL, NULL),
       (67770, 1, 'sponsorship_subclass', 30, 'Subclass', 0, 'N', 'N', 'N', 'N', 'N', 'N', 'N', 0, NULL, NULL),
       (67771, 1, 'sponsorship_outcome_date', 8, 'Sponsorship Outcome Date', 0, 'N', 'N', 'N', 'N', 'N', 'N', 'N', 0,
        NULL, NULL),
       (67772, 1, 'sponsorship_application_TRN', 1, 'Sponsorship Application TRN', 25, 'N', 'N', 'N', 'N', 'N', 'N',
        'N', 0, NULL, NULL),
       (67773, 1, 'sponsorship-application_ID', 1, 'Sponsorship Application ID', 25, 'N', 'N', 'N', 'N', 'N', 'N', 'N',
        0, NULL, NULL),
       (67774, 1, 'state_sponsorship_application_date', 8, 'State Sponsorship Application Date', 0, 'N', 'N', 'N', 'N',
        'N', 'N', 'N', 0, NULL, NULL),
       (67775, 1, 'state_sponsorship_outcome_date', 8, 'State Sponsorship Outcome Date', 0, 'N', 'N', 'N', 'N', 'N',
        'N', 'N', 0, NULL, NULL),
       (67776, 1, 'state_sponsorship_file_or_reference_no', 1, 'State Sponsorship File/Reference#', 25, 'N', 'N', 'N',
        'N', 'N', 'N', 'N', 0, NULL, NULL),
       (67777, 1, 'date_of_citizenship_interview', 8, 'Citizenship Interview Date', 0, 'N', 'N', 'N', 'N', 'N', 'N',
        'N', 0, NULL, NULL),
       (67778, 1, 'state_sponsorship_expiry_date', 8, 'State Sponsorship Expiry Date', 0, 'N', 'N', 'N', 'N', 'N', 'N',
        'N', 0, NULL, NULL),
       (67779, 1, 'state_sponsorship_sponsoring_state', 3, 'Sponsoring State', 0, 'N', 'N', 'N', 'N', 'N', 'N', 'N', 0,
        NULL, NULL),
       (67780, 1, 'sponsoring_family_member_citizenship', 4, 'Citizenship', 0, 'N', 'N', 'N', 'N', 'N', 'N', 'N', 0,
        NULL, NULL),
       (67781, 1, 'sponsoring_family_member_phone_secondary', 10, 'Phone (Secondary)', 0, 'N', 'N', 'N', 'N', 'N', 'N',
        'N', 0, NULL, NULL),
       (67782, 1, 'sponsoring_family_member_suburb', 1, 'Suburb', 40, 'N', 'N', 'N', 'N', 'N', 'N', 'N', 0, NULL, NULL),
       (67783, 1, 'sponsoring_family_member_date_of_birth', 8, 'Date of Birth', 0, 'N', 'N', 'N', 'N', 'N', 'N', 'N', 0,
        NULL, NULL),
       (67784, 1, 'sponsoring_family_member_address2', 1, 'Address 2', 40, 'N', 'N', 'N', 'N', 'N', 'N', 'N', 0, NULL,
        NULL),
       (67785, 1, 'sponsoring_family_member_phone_primary', 10, 'Phone (Primary)', 0, 'N', 'N', 'N', 'N', 'N', 'N', 'N',
        0, NULL, NULL),
       (67786, 1, 'sponsoring_family_member_passport_country', 4, 'Passport Country', 0, 'N', 'N', 'N', 'N', 'N', 'N',
        'N', 0, NULL, NULL),
       (67787, 1, 'sponsoring_family_member_given_names', 1, 'Given Names', 40, 'N', 'N', 'N', 'N', 'N', 'N', 'N', 0,
        NULL, NULL),
       (67788, 1, 'sponsoring_family_member_country', 4, 'Country', 0, 'N', 'N', 'N', 'N', 'N', 'N', 'N', 0, NULL,
        NULL),
       (67789, 1, 'sponsoring_family_member_postal_code', 1, 'Postal Code', 25, 'N', 'N', 'N', 'N', 'N', 'N', 'N', 0,
        NULL, NULL),
       (67790, 1, 'sponsoring_family_member_address1', 1, 'Address 1', 40, 'N', 'N', 'N', 'N', 'N', 'N', 'N', 0, NULL,
        NULL),
       (67791, 1, 'sponsoring_family_member_family_name', 1, 'Family Name', 40, 'N', 'N', 'N', 'N', 'N', 'N', 'N', 0,
        NULL, NULL),
       (67792, 1, 'sponsoring_family_member_passport_no', 1, 'Passport #', 25, 'N', 'N', 'N', 'N', 'N', 'N', 'N', 0,
        NULL, NULL),
       (67793, 1, 'sponsoring_family_member_email_address', 9, 'Email', 0, 'N', 'N', 'N', 'N', 'N', 'N', 'N', 0, NULL,
        NULL),
       (67794, 1, 'EOI_invitation_date', 8, 'EOI Invitation Date', 0, 'N', 'N', 'N', 'N', 'N', 'N', 'N', 0, NULL, NULL),
       (67795, 1, 'EOI_ID', 1, 'EOI ID', 25, 'N', 'N', 'N', 'N', 'N', 'N', 'N', 0, NULL, NULL),
       (67796, 1, 'EOI_applicate_date', 8, 'EOI Application Date', 0, 'N', 'N', 'N', 'N', 'N', 'N', 'N', 0, NULL, NULL),
       (67797, 1, 'sponsoring_family_member_state', 1, 'State', 40, 'N', 'N', 'N', 'N', 'N', 'N', 'N', 0, NULL, NULL),
       (67798, 1, 'EOI_password', 1, 'EOI Password', 25, 'N', 'N', 'N', 'N', 'N', 'N', 'N', 0, NULL, NULL),
       (67799, 1, 'citizenship_exam_date', 8, 'Citizenship Exam Date', 0, 'N', 'N', 'N', 'N', 'N', 'N', 'N', 0, NULL,
        NULL),
       (67800, 1, 'review_type', 30, 'Review Type', 0, 'N', 'N', 'N', 'N', 'N', 'N', 'N', 0, NULL, NULL),
       (67801, 1, 'place_review_lodged', 1, 'Place Lodged', 25, 'N', 'N', 'N', 'N', 'N', 'N', 'N', 0, NULL, NULL),
       (67802, 1, 'review_application_date', 8, 'Review Application Date', 0, 'N', 'N', 'N', 'N', 'N', 'N', 'N', 0,
        NULL, NULL),
       (67803, 1, 'client_lodgment_reference_no', 1, 'Client Lodgment Reference #', 25, 'N', 'N', 'N', 'N', 'N', 'N',
        'N', 0, NULL, NULL),
       (67804, 1, 'review_outcome_date', 8, 'Review Outcome Date', 0, 'N', 'N', 'N', 'N', 'N', 'N', 'N', 0, NULL, NULL),
       (67805, 1, 'review_case_no', 1, 'Review Case#', 25, 'N', 'N', 'N', 'N', 'N', 'N', 'N', 0, NULL, NULL),
       (67806, 1, 'citizen_application_date', 8, 'Citizen Application Date', 0, 'N', 'N', 'N', 'N', 'N', 'N', 'N', 0,
        NULL, NULL),
       (67807, 1, 'place_citizenship_lodged', 1, 'Place Lodged', 25, 'N', 'N', 'N', 'N', 'N', 'N', 'N', 0, NULL, NULL),
       (67808, 1, 'citizen_application_file_no', 1, 'Citizen Application File#', 25, 'N', 'N', 'N', 'N', 'N', 'N', 'N',
        0, NULL, NULL),
       (67809, 1, 'citizenship_appliction_ID', 1, 'Citizenship Application ID', 25, 'N', 'N', 'N', 'N', 'N', 'N', 'N',
        0, NULL, NULL),
       (67810, 1, 'citizenship_outcome_date', 8, 'Citizenship Outcome Date', 0, 'N', 'N', 'N', 'N', 'N', 'N', 'N', 0,
        NULL, NULL),
       (67811, 1, 'review_submission_date', 8, 'Review Submission Date', 0, 'N', 'N', 'N', 'N', 'N', 'N', 'N', 0, NULL,
        NULL),
       (67812, 1, 'review_hearing_date', 8, 'Review Hearing Date', 0, 'N', 'N', 'N', 'N', 'N', 'N', 'N', 0, NULL, NULL),
       (67813, 1, 'registered_migrant_agent', 27, 'RMA', 0, 'N', 'N', 'N', 'N', 'N', 'N', 'N', 0, NULL, NULL),
       (67814, 1, 'sales_and_marketing', 14, 'Sales & Marketing', 0, 'N', 'N', 'N', 'N', 'N', 'N', 'N', 0, NULL, NULL),
       (67815, 1, 'processing', 14, 'Processing Staff', 0, 'N', 'N', 'N', 'N', 'N', 'N', 'N', 0, NULL, NULL),
       (67816, 1, 'accounting', 14, 'Accounting', 0, 'N', 'N', 'N', 'N', 'N', 'N', 'N', 0, NULL, NULL),
       (67817, 1, 'date_client_signed', 8, 'Date Client Signed', NULL, 'N', 'N', 'N', 'N', 'N', 'N', 'N', 0, NULL,
        NULL),
       (67818, 1, 'file_number', 1, 'Case Reference #', 32, 'N', 'N', 'N', 'N', 'N', 'N', 'N', 0, NULL, NULL),
       (67819, 1, 'file_status', 3, 'Case Status', NULL, 'N', 'N', 'N', 'N', 'N', 'N', 'N', 0, NULL, NULL),
       (67820, 1, 'this_case_is_dependent_of', 32, 'Related Case', 0, 'N', 'N', 'N', 'N', 'N', 'N', 'N', 0, NULL, NULL),
       (67821, 1, 'link_to_employer_case', 29, 'Employer Sponsorship Case', 0, 'N', 'N', 'N', 'N', 'N', 'N', 'N', 0,
        NULL, NULL),
       (67822, 1, 'immigration_office', 3, 'Immigration Office', 0, 'N', 'N', 'N', 'N', 'N', 'N', 'N', 0, NULL, NULL),
       (67823, 1, 'SalesAgent', 25, 'Sales Agent', 0, 'N', 'N', 'N', 'N', 'N', 'N', 'N', 0, NULL, NULL),
       (67824, 1, 'archive_reference_number', 1, 'Archive Reference #', 40, 'N', 'N', 'N', 'N', 'N', 'N', 'N', 0, NULL,
        NULL),
       (67825, 1, 'Client_file_status', 7, 'Active Case', 0, 'N', 'Y', 'N', 'N', 'N', 'N', 'Y', 0, NULL, NULL),
       (67826, 1, 'miss_docs_description', 11, 'Missing Documents', 0, 'N', 'N', 'N', 'N', 'N', 'N', 'N', 0, NULL,
        NULL),
       (67827, 1, '1_country_of_PCC', 4, '1- Country of PCC', 0, 'N', 'N', 'N', 'N', 'N', 'N', 'N', 0, NULL, NULL),
       (67828, 1, '1_PCC_application_date', 8, '1- PCC Application Date', 0, 'N', 'N', 'N', 'N', 'N', 'N', 'N', 0, NULL,
        NULL),
       (67829, 1, '1_PCC_reference_number', 1, '1- PCC Reference#', 25, 'N', 'N', 'N', 'N', 'N', 'N', 'N', 0, NULL,
        NULL),
       (67830, 1, '1_PCC_issue_date', 8, '1- PCC Issue Date', 0, 'N', 'N', 'N', 'N', 'N', 'N', 'N', 0, NULL, NULL),
       (67831, 1, '2_country_of_PCC', 4, '2- Country of PCC', 0, 'N', 'N', 'N', 'N', 'N', 'N', 'N', 0, NULL, NULL),
       (67832, 1, '2_PCC_application_date', 8, '2- PCC Application Date', 0, 'N', 'N', 'N', 'N', 'N', 'N', 'N', 0, NULL,
        NULL),
       (67833, 1, '2_PCC_reference_number', 1, '2- PCC Reference#', 25, 'N', 'N', 'N', 'N', 'N', 'N', 'N', 0, NULL,
        NULL),
       (67834, 1, '2_PCC_issue_date', 8, '2- PCC Issue Date', 0, 'N', 'N', 'N', 'N', 'N', 'N', 'N', 0, NULL, NULL),
       (67835, 1, '3_country_of_PCC', 4, '3- Country of PCC', 0, 'N', 'N', 'N', 'N', 'N', 'N', 'N', 0, NULL, NULL),
       (67836, 1, '3_PCC_application_date', 8, '3- PCC Application Date', 0, 'N', 'N', 'N', 'N', 'N', 'N', 'N', 0, NULL,
        NULL),
       (67837, 1, '3_PCC_reference_number', 1, '3- PCC Reference#', 25, 'N', 'N', 'N', 'N', 'N', 'N', 'N', 0, NULL,
        NULL),
       (67838, 1, '3_PCC_issue_date', 8, '3- PCC Issue Date', 0, 'N', 'N', 'N', 'N', 'N', 'N', 'N', 0, NULL, NULL),
       (67839, 1, 'visa_subclass', 30, 'Visa Subclass', 0, 'N', 'N', 'N', 'N', 'N', 'N', 'N', 0, NULL, NULL),
       (67840, 1, 'visa_application_date', 8, 'Visa Application Date', 0, 'N', 'N', 'N', 'N', 'N', 'N', 'N', 0, NULL,
        NULL),
       (67841, 1, 'place_visa_lodged', 1, 'Place Visa Lodged', 25, 'N', 'N', 'N', 'N', 'N', 'N', 'N', 0, NULL, NULL),
       (67842, 1, 'visa_application_TRN', 1, 'Visa Application TRN', 25, 'N', 'N', 'N', 'N', 'N', 'N', 'N', 0, NULL,
        NULL),
       (67843, 1, 'visa_application_file_number', 1, 'Visa Application File#', 25, 'N', 'N', 'N', 'N', 'N', 'N', 'N', 0,
        NULL, NULL),
       (67844, 1, 'visa_application_ID', 1, 'Visa Application ID', 25, 'N', 'N', 'N', 'N', 'N', 'N', 'N', 0, NULL,
        NULL),
       (67845, 1, 'bridging_visa', 3, 'Bridging Visa', 0, 'N', 'N', 'N', 'N', 'N', 'N', 'N', 0, NULL, NULL),
       (67846, 1, 'visa_outcome_date', 8, 'Visa Outcome Date', 0, 'N', 'N', 'N', 'N', 'N', 'N', 'N', 0, NULL, NULL),
       (67847, 1, 'visa_number', 1, 'Visa #', 25, 'N', 'N', 'N', 'N', 'N', 'N', 'N', 0, NULL, NULL),
       (67848, 1, 'visa_expiry_date', 8, 'Visa Expiry Date', 0, 'N', 'N', 'N', 'N', 'N', 'N', 'N', 0, NULL, NULL),
       (67849, 1, 'medical_date', 8, 'Medical Date', 0, 'N', 'N', 'N', 'N', 'N', 'N', 'N', 0, NULL, NULL),
       (67850, 1, 'medical_xray_date', 8, 'X-Ray Date', 0, 'N', 'N', 'N', 'N', 'N', 'N', 'N', 0, NULL, NULL),
       (67851, 1, 'medical_exam_location', 1, 'Medical Exam. Location', 30, 'N', 'N', 'N', 'N', 'N', 'N', 'N', 0, NULL,
        NULL),
       (67852, 1, 'medical_reference_number', 1, 'Medical Reference#', 25, 'N', 'N', 'N', 'N', 'N', 'N', 'N', 0, NULL,
        NULL),
       (67853, 1, 'HAP_ID', 1, 'HAP ID', 25, 'N', 'N', 'N', 'N', 'N', 'N', 'N', 0, NULL, NULL),
       (67854, 1, 'medical_TRN', 1, 'Medical TRN', 25, 'N', 'N', 'N', 'N', 'N', 'N', 'N', 0, NULL, NULL),
       (67855, 1, 'assessment_occupation', 31, 'Assessment Occupation', 0, 'N', 'N', 'N', 'N', 'N', 'N', 'N', 0, NULL,
        NULL),
       (67856, 1, 'skills_assessment_program', 1, 'Skills Assessment Program', 40, 'N', 'N', 'N', 'N', 'N', 'N', 'N', 0,
        NULL, NULL),
       (67857, 1, 'skills_assessment_body', 1, 'Skills Assessment Body', 40, 'N', 'N', 'N', 'N', 'N', 'N', 'N', 0, NULL,
        NULL),
       (67858, 1, 'skills_application_date', 8, 'Skills Application Date', 0, 'N', 'N', 'N', 'N', 'N', 'N', 'N', 0,
        NULL, NULL),
       (67859, 1, 'skills_expiry_date', 8, 'Skills Expiry Date', 0, 'N', 'N', 'N', 'N', 'N', 'N', 'N', 0, NULL, NULL),
       (67860, 1, 'registration_authority', 1, 'Registration Authority', 25, 'N', 'N', 'N', 'N', 'N', 'N', 'N', 0, NULL,
        NULL),
       (67861, 1, 'country_of_registration', 4, 'Country of Registration', 0, 'N', 'N', 'N', 'N', 'N', 'N', 'N', 0,
        NULL, NULL),
       (67862, 1, 'registration_license_number', 1, 'Registration/License Number', 25, 'N', 'N', 'N', 'N', 'N', 'N',
        'N', 0, NULL, NULL),
       (67863, 1, 'skills_date_of_registration', 8, 'Registration Date', 0, 'N', 'N', 'N', 'N', 'N', 'N', 'N', 0, NULL,
        NULL),
       (67864, 1, 'registration_expiry_date', 8, 'Registration Expiry Date', 0, 'N', 'N', 'N', 'N', 'N', 'N', 'N', 0,
        NULL, NULL),
       (67865, 1, 'date_of_english_test', 8, 'Date of English Test', 0, 'N', 'N', 'N', 'N', 'N', 'N', 'N', 0, NULL,
        NULL),
       (67866, 1, 'english_test_scores', 1, 'English Test Scores', 40, 'N', 'N', 'N', 'N', 'N', 'N', 'N', 0, NULL,
        NULL),
       (67867, 1, 'relevant_australian_qualification', 1, 'Relevant Australian Qualification', 40, 'N', 'N', 'N', 'N',
        'N', 'N', 'N', 0, NULL, NULL),
       (67868, 1, 'qualification_completion_date', 8, 'Qualification Completion Date', 0, 'N', 'N', 'N', 'N', 'N', 'N',
        'N', 0, NULL, NULL),
       (67869, 1, 'nomination_application_date', 8, 'Nomination Application Date', 0, 'N', 'N', 'N', 'N', 'N', 'N', 'N',
        0, NULL, NULL),
       (67870, 1, 'nomination_application_TRN', 1, 'Nomination Application TRN', 25, 'N', 'N', 'N', 'N', 'N', 'N', 'N',
        0, NULL, NULL),
       (67871, 1, 'nomination_application_ID', 1, 'Nomination Application ID', 25, 'N', 'N', 'N', 'N', 'N', 'N', 'N', 0,
        NULL, NULL),
       (67872, 1, 'nomination_file_number', 1, 'Nomination File#', 25, 'N', 'N', 'N', 'N', 'N', 'N', 'N', 0, NULL,
        NULL),
       (67873, 1, 'nomination_issue_date', 8, 'Nomination Issue Date', 0, 'N', 'N', 'N', 'N', 'N', 'N', 'N', 0, NULL,
        NULL),
       (67874, 1, 'nomination_subclass', 30, 'Nomination Subclass', 0, 'N', 'N', 'N', 'N', 'N', 'N', 'N', 0, NULL,
        NULL),
       (67875, 1, 'nomination_occupation', 31, 'Nomination Occupation', 0, 'N', 'N', 'N', 'N', 'N', 'N', 'N', 0, NULL,
        NULL),
       (67876, 1, 'nomination_position_salary', 5, 'Nomination Position Salary', 10, 'N', 'N', 'N', 'N', 'N', 'N', 'N',
        0, NULL, NULL),
       (67877, 1, 'name_of_RCB', 1, 'Name of Regional Certification Body (RCB)', 40, 'N', 'N', 'N', 'N', 'N', 'N', 'N',
        0, NULL, NULL),
       (67878, 1, 'RCB_reference_number', 1, 'RCB Reference Number', 15, 'N', 'N', 'N', 'N', 'N', 'N', 'N', 0, NULL,
        NULL),
       (67879, 1, 'RCB_application_date', 8, 'RCB Application Date', 0, 'N', 'N', 'N', 'N', 'N', 'N', 'N', 0, NULL,
        NULL),
       (67880, 1, 'employment_termination_notification_date', 8, 'Employment Termination Notification Date', 0, 'N',
        'N', 'N', 'N', 'N', 'N', 'N', 0, NULL, NULL),
       (67881, 1, 'cbiu_investment_type', 6, 'Investment Type', 0, 'N', 'Y', 'N', 'N', 'N', 'N', 'Y', 0, NULL, NULL),
       (67882, 1, 'sector', 3, 'Occupation (Sector)', 0, 'N', 'N', 'N', 'N', 'N', 'N', 'N', 0, NULL, NULL),
       (67883, 1, 'date_received', 8, 'Date Application Received', 0, 'N', 'N', 'N', 'N', 'N', 'N', 'N', 0, NULL, NULL),
       (67884, 1, 'auth_agent_num', 3, 'Authorised Agent', 0, 'N', 'N', 'N', 'N', 'N', 'N', 'N', 0, NULL, NULL),
       (67885, 1, 'decision_date', 8, 'Decision Date', 0, 'N', 'N', 'N', 'N', 'N', 'N', 'N', 0, NULL, NULL),
       (67886, 1, 'app_type', 40, 'Application Type', 0, 'N', 'N', 'N', 'N', 'N', 'N', 'N', 0, NULL, NULL),
       (67887, 1, 'decision', 3, 'Decision', 0, 'N', 'N', 'N', 'N', 'N', 'N', 'N', 0, NULL, NULL),
       (67888, 1, 'political_exposure', 5,
        '1. Political Exposure, Corruption, Money laundering and Financing of Terrorism risk', 1, 'N', 'Y', 'N', 'N',
        'N', 'N', 'Y', 0, NULL, NULL),
       (67889, 1, 'criminal_sanctions', 5, '2. Criminal sanctions, investigations and prosecutions', 1, 'N', 'Y', 'N',
        'N', 'N', 'N', 'Y', 0, NULL, NULL),
       (67890, 1, 'business_employment_affiliations', 5, '3. Business and employment affiliations', 1, 'N', 'Y', 'N',
        'N', 'N', 'N', 'Y', 0, NULL, NULL),
       (67891, 1, 'reputation_and_media_coverage', 5,
        '4. Reputation and Media Coverage - Corp and Personal Media Reports', 1, 'N', 'Y', 'N', 'N', 'N', 'N', 'Y', 0,
        NULL, NULL),
       (67893, 1, 'financial_risk', 5, '6. Financial risk and sanctions', 1, 'N', 'Y', 'N', 'N', 'N', 'N', 'Y', 0, NULL,
        NULL),
       (67894, 1, 'DD_matrix', 11, 'General Comments', 0, 'N', 'N', 'N', 'N', 'N', 'N', 'N', 0, NULL, NULL),
       (67895, 1, 'total_dd', 35, 'Total', 0, 'N', 'N', 'N', 'N', 'N', 'N', 'N', 0, NULL, NULL),
       (67896, 1, 'pers_disc', 5, '5. Personal disclosure and Non-disclosure of facts on forms', 1, 'N', 'Y', 'N', 'N',
        'N', 'N', 'Y', 0, NULL, NULL),
       (67897, 1, 'con_num', 1, 'CON #', 0, 'N', 'N', 'N', 'N', 'N', 'N', 'N', 0, NULL, NULL),
       (67898, 1, '4_country_of_PCC', 4, '4. Country of PCC', 0, 'N', 'N', 'N', 'N', 'N', 'N', 'N', 0, NULL, NULL),
       (67899, 1, '5_country_of_PCC', 4, '5. Country of PCC', 0, 'N', 'N', 'N', 'N', 'N', 'N', 'N', 0, NULL, NULL),
       (67900, 1, 'auth_agent', 43, 'Authorised Agent', 0, 'N', 'N', 'N', 'N', 'N', 'N', 'N', 0, NULL, NULL),
       (67901, 1, 'real_estate_project', 3, 'Real Estate Project', 0, 'N', 'N', 'N', 'N', 'N', 'N', 'N', 0, NULL, NULL),
       (67902, 1, 'date_sent_for_dd', 8, 'Date Sent for DD', 0, 'N', 'N', 'N', 'N', 'N', 'N', 'N', 0, NULL, NULL),
       (67903, 1, 'DD_status', 3, 'DD Status', 0, 'N', 'N', 'N', 'N', 'N', 'N', 'N', 0, NULL, NULL),
       (67904, 1, 'system_access_fee_paid', 7, 'P', 0, 'N', 'N', 'N', 'N', 'N', 'N', 'Y', 0, NULL, NULL),
       (67905, 1, 'system_access_fee_paid_description', 1, 'Prepaid Description', 0, 'N', 'N', 'N', 'N', 'N', 'N', 'Y',
        0, NULL, NULL),
       (67906, 1, 'system_access_fee_paid_amount', 5, 'Amount Paid', 0, 'N', 'N', 'N', 'N', 'N', 'N', 'Y', 0, NULL,
        NULL),
       (67907, 1, 'requesting_queue', 1, 'Requesting Queue', 0, 'N', 'N', 'N', 'N', 'N', 'N', 'Y', 0, NULL, NULL),
       (67908, 1, 'comments_factor1', 11, 'Comments', 0, 'N', 'N', 'N', 'N', 'N', 'N', 'N', 0, NULL, NULL),
       (67909, 1, 'PEP', 3, 'PEP', 0, 'N', 'Y', 'N', 'N', 'N', 'N', 'Y', 0, NULL, NULL),
       (67910, 1, 'comments_factor2', 11, 'Comments', 0, 'N', 'N', 'N', 'N', 'N', 'N', 'N', 0, NULL, NULL),
       (67912, 1, 'comments_factor3', 11, 'Comments', 0, 'N', 'N', 'N', 'N', 'N', 'N', 'N', 0, NULL, NULL),
       (67913, 1, 'comments_factor4', 11, 'Comments', 0, 'N', 'N', 'N', 'N', 'N', 'N', 'N', 0, NULL, NULL),
       (67914, 1, 'comments_factor5', 11, 'Comments', 0, 'N', 'N', 'N', 'N', 'N', 'N', 'N', 0, NULL, NULL),
       (67915, 1, 'comments_factor6', 11, 'Comments', 0, 'N', 'N', 'N', 'N', 'N', 'N', 'N', 0, NULL, NULL),
       (67920, 1, 'jrcc_result', 3, 'JRCC Result', 0, 'N', 'N', 'N', 'N', 'N', 'N', 'N', 0, NULL, NULL);

-- --------------------------------------------------------

--
-- Table structure for table `client_form_fields_access_default`
--

CREATE TABLE `client_form_fields_access_default`
(
    `client_field_id` int(11) UNSIGNED NOT NULL,
    `role_id`         int(11)                   DEFAULT NULL,
    `access`          enum ('R','F')   NOT NULL DEFAULT 'R' COMMENT 'R=read only, F=full access',
    `updated_on`      datetime                  DEFAULT NULL
) ENGINE = InnoDB
  DEFAULT CHARSET = utf8 COMMENT ='Default access for cases fields and created/future role';

--
-- Dumping data for table `client_form_fields_access_default`
--

INSERT INTO `client_form_fields_access_default` (`client_field_id`, `role_id`, `access`, `updated_on`)
VALUES (67701, 4816, 'F', '2014-06-04 10:15:39'),
       (67702, 4816, 'F', '2014-06-04 10:15:39'),
       (67703, 4816, 'F', '2014-06-04 10:15:39'),
       (67704, 4816, 'F', '2014-06-04 10:15:39'),
       (67705, 4816, 'F', '2014-06-04 10:15:39'),
       (67706, 4816, 'F', '2014-06-04 10:15:39'),
       (67707, 4816, 'F', '2014-06-04 10:15:39'),
       (67708, 4816, 'F', '2014-06-04 10:15:39'),
       (67709, 4816, 'F', '2014-06-04 10:15:39'),
       (67723, 4816, 'F', '2014-06-04 10:15:39'),
       (67724, 4816, 'F', '2014-06-04 10:15:39'),
       (67725, 4816, 'F', '2014-06-04 10:15:39'),
       (67726, 4816, 'F', '2014-06-04 10:15:39'),
       (67727, 4816, 'F', '2014-06-04 10:15:39'),
       (67728, 4816, 'F', '2014-06-04 10:15:39'),
       (67729, 4816, 'F', '2014-06-04 10:15:39'),
       (67730, 4816, 'F', '2014-06-04 10:15:39'),
       (67731, 4816, 'F', '2014-06-04 10:15:39'),
       (67732, 4816, 'F', '2014-06-04 10:15:39'),
       (67739, 4816, 'F', '2014-06-04 10:15:39'),
       (67740, 4816, 'F', '2014-06-04 10:15:39'),
       (67741, 4816, 'F', '2014-06-04 10:15:39'),
       (67742, 4816, 'F', '2014-06-04 10:15:39'),
       (67743, 4816, 'F', '2014-06-04 10:15:39'),
       (67744, 4816, 'F', '2014-06-04 10:15:39'),
       (67745, 4816, 'F', '2014-06-04 10:15:39'),
       (67746, 4816, 'F', '2014-06-04 10:15:39'),
       (67747, 4816, 'F', '2014-06-04 10:15:39'),
       (67748, 4816, 'F', '2014-06-04 10:15:39'),
       (67749, 4816, 'F', '2014-06-04 10:15:39'),
       (67750, 4816, 'F', '2014-06-04 10:15:39'),
       (67751, 4816, 'F', '2014-06-04 10:15:39'),
       (67752, 4816, 'F', '2014-06-04 10:15:39'),
       (67758, 4816, 'F', '2014-06-04 10:15:39'),
       (67757, 4816, 'F', '2014-06-04 10:15:39'),
       (67759, 4816, 'F', '2014-06-04 10:15:39'),
       (67760, 4816, 'F', '2014-06-04 10:15:39'),
       (67753, 4816, 'F', '2014-06-04 10:15:39'),
       (67754, 4816, 'F', '2014-06-04 10:15:39'),
       (67755, 4816, 'F', '2014-06-04 10:15:39'),
       (67756, 4816, 'F', '2014-06-04 10:15:39'),
       (67764, 4816, 'F', '2014-06-04 10:15:39'),
       (67761, 4816, 'F', '2014-06-04 10:15:39'),
       (67762, 4816, 'F', '2014-06-04 10:15:39'),
       (67763, 4816, 'F', '2014-06-04 10:15:39'),
       (67711, 4816, 'F', '2014-06-04 10:15:39'),
       (67712, 4816, 'F', '2014-06-04 10:15:39'),
       (67713, 4816, 'F', '2014-06-04 10:15:39'),
       (67714, 4816, 'F', '2014-06-04 10:15:39'),
       (67715, 4816, 'F', '2014-06-04 10:15:39'),
       (67716, 4816, 'F', '2014-06-04 10:15:39'),
       (67717, 4816, 'F', '2014-06-04 10:15:39'),
       (67718, 4816, 'F', '2014-06-04 10:15:39'),
       (67719, 4816, 'F', '2014-06-04 10:15:39'),
       (67720, 4816, 'F', '2014-06-04 10:15:39'),
       (67721, 4816, 'F', '2014-06-04 10:15:39'),
       (67722, 4816, 'F', '2014-06-04 10:15:39'),
       (67733, 4816, 'F', '2014-06-04 10:15:39'),
       (67734, 4816, 'F', '2014-06-04 10:15:39'),
       (67735, 4816, 'F', '2014-06-04 10:15:39'),
       (67736, 4816, 'F', '2014-06-04 10:15:39'),
       (67737, 4816, 'F', '2014-06-04 10:15:39'),
       (67738, 4816, 'F', '2014-06-04 10:15:39'),
       (67697, 4816, 'F', '2014-06-04 10:15:39'),
       (67698, 4816, 'F', '2014-06-04 10:15:39'),
       (67699, 4816, 'F', '2014-06-04 10:15:39'),
       (67700, 4816, 'F', '2014-06-04 10:15:39'),
       (67710, 4816, 'F', '2014-06-04 10:15:39'),
       (67649, 4816, 'F', '2014-06-04 10:15:39'),
       (67654, 4816, 'F', '2014-06-04 10:15:39'),
       (67653, 4816, 'F', '2014-06-04 10:15:39'),
       (67656, 4816, 'F', '2014-06-04 10:15:39'),
       (67657, 4816, 'F', '2014-06-04 10:15:39'),
       (67655, 4816, 'F', '2014-06-04 10:15:39'),
       (67650, 4816, 'F', '2014-06-04 10:15:39'),
       (67651, 4816, 'F', '2014-06-04 10:15:39'),
       (67652, 4816, 'F', '2014-06-04 10:15:39'),
       (67680, 4816, 'F', '2014-06-04 10:15:39'),
       (67679, 4816, 'F', '2014-06-04 10:15:39'),
       (67682, 4816, 'F', '2014-06-04 10:15:39'),
       (67678, 4816, 'F', '2014-06-04 10:15:39'),
       (67663, 4816, 'F', '2014-06-04 10:15:39'),
       (67660, 4816, 'F', '2014-06-04 10:15:39'),
       (67658, 4816, 'F', '2014-06-04 10:15:39'),
       (67659, 4816, 'F', '2014-06-04 10:15:39'),
       (67662, 4816, 'F', '2014-06-04 10:15:39'),
       (67675, 4816, 'F', '2014-06-04 10:15:39'),
       (67671, 4816, 'F', '2014-06-04 10:15:39'),
       (67667, 4816, 'F', '2014-06-04 10:15:39'),
       (67664, 4816, 'F', '2014-06-04 10:15:39'),
       (67676, 4816, 'F', '2014-06-04 10:15:39'),
       (67670, 4816, 'F', '2014-06-04 10:15:39'),
       (67669, 4816, 'F', '2014-06-04 10:15:39'),
       (67665, 4816, 'F', '2014-06-04 10:15:39'),
       (67677, 4816, 'F', '2014-06-04 10:15:39'),
       (67674, 4816, 'F', '2014-06-04 10:15:39'),
       (67668, 4816, 'F', '2014-06-04 10:15:39'),
       (67666, 4816, 'F', '2014-06-04 10:15:39'),
       (67681, 4816, 'F', '2014-06-04 10:15:39'),
       (67673, 4816, 'F', '2014-06-04 10:15:39'),
       (67672, 4816, 'F', '2014-06-04 10:15:39'),
       (67684, 4816, 'F', '2014-06-04 10:15:39'),
       (67686, 4816, 'F', '2014-06-04 10:15:39'),
       (67685, 4816, 'F', '2014-06-04 10:15:39'),
       (67687, 4816, 'F', '2014-06-04 10:15:39'),
       (67689, 4816, 'F', '2014-06-04 10:15:39'),
       (67688, 4816, 'F', '2014-06-04 10:15:39'),
       (67695, 4816, 'F', '2014-06-04 10:15:39'),
       (67696, 4816, 'F', '2014-06-04 10:15:39'),
       (67690, 4816, 'F', '2014-06-04 10:15:39'),
       (67691, 4816, 'F', '2014-06-04 10:15:39'),
       (67692, 4816, 'F', '2014-06-04 10:15:39'),
       (67693, 4816, 'F', '2014-06-04 10:15:39'),
       (67661, 4816, 'F', '2014-06-04 10:15:39'),
       (67683, 4816, 'F', '2014-06-04 10:15:39'),
       (67694, 4816, 'F', '2014-06-04 10:15:39'),
       (67701, 4822, 'R', '2014-06-04 10:15:39'),
       (67702, 4822, 'R', '2014-06-04 10:15:39'),
       (67703, 4822, 'R', '2014-06-04 10:15:39'),
       (67704, 4822, 'R', '2014-06-04 10:15:39'),
       (67705, 4822, 'R', '2014-06-04 10:15:39'),
       (67706, 4822, 'R', '2014-06-04 10:15:39'),
       (67707, 4822, 'R', '2014-06-04 10:15:39'),
       (67708, 4822, 'R', '2014-06-04 10:15:39'),
       (67709, 4822, 'R', '2014-06-04 10:15:39'),
       (67649, 4822, 'R', '2014-06-04 10:15:39'),
       (67711, 4817, 'R', '2014-06-04 10:15:39'),
       (67712, 4817, 'R', '2014-06-04 10:15:39'),
       (67713, 4817, 'R', '2014-06-04 10:15:39'),
       (67714, 4817, 'R', '2014-06-04 10:15:39'),
       (67715, 4817, 'R', '2014-06-04 10:15:39'),
       (67716, 4817, 'R', '2014-06-04 10:15:39'),
       (67717, 4817, 'R', '2014-06-04 10:15:39'),
       (67718, 4817, 'R', '2014-06-04 10:15:39'),
       (67719, 4817, 'R', '2014-06-04 10:15:39'),
       (67720, 4817, 'R', '2014-06-04 10:15:39'),
       (67721, 4817, 'R', '2014-06-04 10:15:39'),
       (67722, 4817, 'R', '2014-06-04 10:15:39'),
       (67733, 4817, 'R', '2014-06-04 10:15:39'),
       (67734, 4817, 'R', '2014-06-04 10:15:39'),
       (67735, 4817, 'R', '2014-06-04 10:15:39'),
       (67736, 4817, 'R', '2014-06-04 10:15:39'),
       (67737, 4817, 'R', '2014-06-04 10:15:39'),
       (67738, 4817, 'R', '2014-06-04 10:15:39'),
       (67697, 4817, 'R', '2014-06-04 10:15:39'),
       (67698, 4817, 'R', '2014-06-04 10:15:39'),
       (67699, 4817, 'R', '2014-06-04 10:15:39'),
       (67700, 4817, 'R', '2014-06-04 10:15:39'),
       (67710, 4817, 'R', '2014-06-04 10:15:39'),
       (67701, 4812, 'F', '2014-06-04 10:15:39'),
       (67702, 4812, 'F', '2014-06-04 10:15:39'),
       (67703, 4812, 'F', '2014-06-04 10:15:39'),
       (67704, 4812, 'F', '2014-06-04 10:15:39'),
       (67705, 4812, 'F', '2014-06-04 10:15:39'),
       (67706, 4812, 'F', '2014-06-04 10:15:39'),
       (67707, 4812, 'F', '2014-06-04 10:15:39'),
       (67708, 4812, 'F', '2014-06-04 10:15:39'),
       (67709, 4812, 'F', '2014-06-04 10:15:39'),
       (67723, 4812, 'F', '2014-06-04 10:15:39'),
       (67724, 4812, 'F', '2014-06-04 10:15:39'),
       (67725, 4812, 'F', '2014-06-04 10:15:39'),
       (67726, 4812, 'F', '2014-06-04 10:15:39'),
       (67727, 4812, 'F', '2014-06-04 10:15:39'),
       (67728, 4812, 'F', '2014-06-04 10:15:39'),
       (67729, 4812, 'F', '2014-06-04 10:15:39'),
       (67730, 4812, 'F', '2014-06-04 10:15:39'),
       (67731, 4812, 'F', '2014-06-04 10:15:39'),
       (67732, 4812, 'F', '2014-06-04 10:15:39'),
       (67739, 4812, 'F', '2014-06-04 10:15:39'),
       (67740, 4812, 'F', '2014-06-04 10:15:39'),
       (67741, 4812, 'F', '2014-06-04 10:15:39'),
       (67742, 4812, 'F', '2014-06-04 10:15:39'),
       (67743, 4812, 'F', '2014-06-04 10:15:39'),
       (67744, 4812, 'F', '2014-06-04 10:15:39'),
       (67745, 4812, 'F', '2014-06-04 10:15:39'),
       (67746, 4812, 'F', '2014-06-04 10:15:39'),
       (67747, 4812, 'F', '2014-06-04 10:15:39'),
       (67748, 4812, 'F', '2014-06-04 10:15:39'),
       (67749, 4812, 'F', '2014-06-04 10:15:39'),
       (67750, 4812, 'F', '2014-06-04 10:15:39'),
       (67751, 4812, 'F', '2014-06-04 10:15:39'),
       (67752, 4812, 'F', '2014-06-04 10:15:39'),
       (67758, 4812, 'F', '2014-06-04 10:15:39'),
       (67757, 4812, 'F', '2014-06-04 10:15:39'),
       (67759, 4812, 'F', '2014-06-04 10:15:39'),
       (67760, 4812, 'F', '2014-06-04 10:15:39'),
       (67753, 4812, 'F', '2014-06-04 10:15:39'),
       (67754, 4812, 'F', '2014-06-04 10:15:39'),
       (67755, 4812, 'F', '2014-06-04 10:15:39'),
       (67756, 4812, 'F', '2014-06-04 10:15:39'),
       (67764, 4812, 'F', '2014-06-04 10:15:39'),
       (67761, 4812, 'F', '2014-06-04 10:15:39'),
       (67762, 4812, 'F', '2014-06-04 10:15:39'),
       (67763, 4812, 'F', '2014-06-04 10:15:39'),
       (67711, 4812, 'F', '2014-06-04 10:15:39'),
       (67712, 4812, 'F', '2014-06-04 10:15:39'),
       (67713, 4812, 'F', '2014-06-04 10:15:39'),
       (67714, 4812, 'F', '2014-06-04 10:15:39'),
       (67715, 4812, 'F', '2014-06-04 10:15:39'),
       (67716, 4812, 'F', '2014-06-04 10:15:39'),
       (67717, 4812, 'F', '2014-06-04 10:15:39'),
       (67718, 4812, 'F', '2014-06-04 10:15:39'),
       (67719, 4812, 'F', '2014-06-04 10:15:39'),
       (67720, 4812, 'F', '2014-06-04 10:15:39'),
       (67721, 4812, 'F', '2014-06-04 10:15:39'),
       (67722, 4812, 'F', '2014-06-04 10:15:39'),
       (67733, 4812, 'F', '2014-06-04 10:15:39'),
       (67734, 4812, 'F', '2014-06-04 10:15:39'),
       (67735, 4812, 'F', '2014-06-04 10:15:39'),
       (67736, 4812, 'F', '2014-06-04 10:15:39'),
       (67737, 4812, 'F', '2014-06-04 10:15:39'),
       (67738, 4812, 'F', '2014-06-04 10:15:39'),
       (67697, 4812, 'F', '2014-06-04 10:15:39'),
       (67698, 4812, 'F', '2014-06-04 10:15:39'),
       (67699, 4812, 'F', '2014-06-04 10:15:39'),
       (67700, 4812, 'F', '2014-06-04 10:15:39'),
       (67710, 4812, 'F', '2014-06-04 10:15:39'),
       (67649, 4812, 'F', '2014-06-04 10:15:39'),
       (67654, 4812, 'F', '2014-06-04 10:15:39'),
       (67653, 4812, 'F', '2014-06-04 10:15:39'),
       (67656, 4812, 'F', '2014-06-04 10:15:39'),
       (67657, 4812, 'F', '2014-06-04 10:15:39'),
       (67655, 4812, 'F', '2014-06-04 10:15:39'),
       (67650, 4812, 'F', '2014-06-04 10:15:39'),
       (67651, 4812, 'F', '2014-06-04 10:15:39'),
       (67652, 4812, 'F', '2014-06-04 10:15:39'),
       (67680, 4812, 'F', '2014-06-04 10:15:39'),
       (67679, 4812, 'F', '2014-06-04 10:15:39'),
       (67682, 4812, 'F', '2014-06-04 10:15:39'),
       (67678, 4812, 'F', '2014-06-04 10:15:39'),
       (67663, 4812, 'F', '2014-06-04 10:15:39'),
       (67660, 4812, 'F', '2014-06-04 10:15:39'),
       (67658, 4812, 'F', '2014-06-04 10:15:39'),
       (67659, 4812, 'F', '2014-06-04 10:15:39'),
       (67662, 4812, 'F', '2014-06-04 10:15:39'),
       (67675, 4812, 'F', '2014-06-04 10:15:39'),
       (67671, 4812, 'F', '2014-06-04 10:15:39'),
       (67667, 4812, 'F', '2014-06-04 10:15:39'),
       (67664, 4812, 'F', '2014-06-04 10:15:39'),
       (67676, 4812, 'F', '2014-06-04 10:15:39'),
       (67670, 4812, 'F', '2014-06-04 10:15:39'),
       (67669, 4812, 'F', '2014-06-04 10:15:39'),
       (67665, 4812, 'F', '2014-06-04 10:15:39'),
       (67677, 4812, 'F', '2014-06-04 10:15:39'),
       (67674, 4812, 'F', '2014-06-04 10:15:39'),
       (67668, 4812, 'F', '2014-06-04 10:15:39'),
       (67666, 4812, 'F', '2014-06-04 10:15:39'),
       (67681, 4812, 'F', '2014-06-04 10:15:39'),
       (67673, 4812, 'F', '2014-06-04 10:15:39'),
       (67672, 4812, 'F', '2014-06-04 10:15:39'),
       (67684, 4812, 'F', '2014-06-04 10:15:39'),
       (67686, 4812, 'F', '2014-06-04 10:15:39'),
       (67685, 4812, 'F', '2014-06-04 10:15:39'),
       (67687, 4812, 'F', '2014-06-04 10:15:39'),
       (67689, 4812, 'F', '2014-06-04 10:15:39'),
       (67688, 4812, 'F', '2014-06-04 10:15:39'),
       (67695, 4812, 'F', '2014-06-04 10:15:39'),
       (67696, 4812, 'F', '2014-06-04 10:15:39'),
       (67690, 4812, 'F', '2014-06-04 10:15:39'),
       (67691, 4812, 'F', '2014-06-04 10:15:39'),
       (67692, 4812, 'F', '2014-06-04 10:15:39'),
       (67693, 4812, 'F', '2014-06-04 10:15:39'),
       (67661, 4812, 'F', '2014-06-04 10:15:39'),
       (67683, 4812, 'F', '2014-06-04 10:15:39'),
       (67694, 4812, 'F', '2014-06-04 10:15:39'),
       (67724, 4813, 'R', '2014-06-04 10:15:39'),
       (67725, 4813, 'R', '2014-06-04 10:15:39'),
       (67726, 4813, 'R', '2014-06-04 10:15:39'),
       (67727, 4813, 'R', '2014-06-04 10:15:39'),
       (67728, 4813, 'R', '2014-06-04 10:15:39'),
       (67729, 4813, 'R', '2014-06-04 10:15:39'),
       (67730, 4813, 'R', '2014-06-04 10:15:39'),
       (67731, 4813, 'R', '2014-06-04 10:15:39'),
       (67732, 4813, 'R', '2014-06-04 10:15:39'),
       (67740, 4813, 'R', '2014-06-04 10:15:39'),
       (67741, 4813, 'R', '2014-06-04 10:15:39'),
       (67742, 4813, 'R', '2014-06-04 10:15:39'),
       (67743, 4813, 'R', '2014-06-04 10:15:39'),
       (67757, 4813, 'R', '2014-06-04 10:15:39'),
       (67753, 4813, 'R', '2014-06-04 10:15:39'),
       (67754, 4813, 'R', '2014-06-04 10:15:39'),
       (67755, 4813, 'R', '2014-06-04 10:15:39'),
       (67756, 4813, 'R', '2014-06-04 10:15:39'),
       (67762, 4813, 'R', '2014-06-04 10:15:39'),
       (67763, 4813, 'R', '2014-06-04 10:15:39'),
       (67653, 4813, 'R', '2014-06-04 10:15:39'),
       (67656, 4813, 'R', '2014-06-04 10:15:39'),
       (67657, 4813, 'R', '2014-06-04 10:15:39'),
       (67655, 4813, 'R', '2014-06-04 10:15:39'),
       (67650, 4813, 'R', '2014-06-04 10:15:39'),
       (67651, 4813, 'R', '2014-06-04 10:15:39'),
       (67652, 4813, 'R', '2014-06-04 10:15:39'),
       (67680, 4813, 'R', '2014-06-04 10:15:39'),
       (67679, 4813, 'R', '2014-06-04 10:15:39'),
       (67682, 4813, 'R', '2014-06-04 10:15:39'),
       (67678, 4813, 'R', '2014-06-04 10:15:39'),
       (67660, 4813, 'R', '2014-06-04 10:15:39'),
       (67658, 4813, 'R', '2014-06-04 10:15:39'),
       (67659, 4813, 'R', '2014-06-04 10:15:39'),
       (67662, 4813, 'R', '2014-06-04 10:15:39'),
       (67686, 4813, 'R', '2014-06-04 10:15:39'),
       (67685, 4813, 'R', '2014-06-04 10:15:39'),
       (67687, 4813, 'R', '2014-06-04 10:15:39'),
       (67689, 4813, 'R', '2014-06-04 10:15:39'),
       (67688, 4813, 'R', '2014-06-04 10:15:39'),
       (67695, 4813, 'R', '2014-06-04 10:15:39'),
       (67696, 4813, 'R', '2014-06-04 10:15:39'),
       (67690, 4813, 'R', '2014-06-04 10:15:39'),
       (67691, 4813, 'R', '2014-06-04 10:15:39'),
       (67692, 4813, 'R', '2014-06-04 10:15:39'),
       (67693, 4813, 'R', '2014-06-04 10:15:39'),
       (67661, 4813, 'R', '2014-06-04 10:15:39'),
       (67683, 4813, 'R', '2014-06-04 10:15:39'),
       (67694, 4813, 'R', '2014-06-04 10:15:39'),
       (67701, 4813, 'F', '2014-06-04 10:15:39'),
       (67702, 4813, 'F', '2014-06-04 10:15:39'),
       (67703, 4813, 'F', '2014-06-04 10:15:39'),
       (67704, 4813, 'F', '2014-06-04 10:15:39'),
       (67705, 4813, 'F', '2014-06-04 10:15:39'),
       (67706, 4813, 'F', '2014-06-04 10:15:39'),
       (67707, 4813, 'F', '2014-06-04 10:15:39'),
       (67708, 4813, 'F', '2014-06-04 10:15:39'),
       (67709, 4813, 'F', '2014-06-04 10:15:39'),
       (67723, 4813, 'F', '2014-06-04 10:15:39'),
       (67739, 4813, 'F', '2014-06-04 10:15:39'),
       (67744, 4813, 'F', '2014-06-04 10:15:39'),
       (67745, 4813, 'F', '2014-06-04 10:15:39'),
       (67746, 4813, 'F', '2014-06-04 10:15:39'),
       (67747, 4813, 'F', '2014-06-04 10:15:39'),
       (67748, 4813, 'F', '2014-06-04 10:15:39'),
       (67749, 4813, 'F', '2014-06-04 10:15:39'),
       (67750, 4813, 'F', '2014-06-04 10:15:39'),
       (67751, 4813, 'F', '2014-06-04 10:15:39'),
       (67752, 4813, 'F', '2014-06-04 10:15:39'),
       (67758, 4813, 'F', '2014-06-04 10:15:39'),
       (67759, 4813, 'F', '2014-06-04 10:15:39'),
       (67760, 4813, 'F', '2014-06-04 10:15:39'),
       (67764, 4813, 'F', '2014-06-04 10:15:39'),
       (67761, 4813, 'F', '2014-06-04 10:15:39'),
       (67711, 4813, 'F', '2014-06-04 10:15:39'),
       (67712, 4813, 'F', '2014-06-04 10:15:39'),
       (67713, 4813, 'F', '2014-06-04 10:15:39'),
       (67714, 4813, 'F', '2014-06-04 10:15:39'),
       (67715, 4813, 'F', '2014-06-04 10:15:39'),
       (67716, 4813, 'F', '2014-06-04 10:15:39'),
       (67717, 4813, 'F', '2014-06-04 10:15:39'),
       (67718, 4813, 'F', '2014-06-04 10:15:39'),
       (67719, 4813, 'F', '2014-06-04 10:15:39'),
       (67720, 4813, 'F', '2014-06-04 10:15:39'),
       (67721, 4813, 'F', '2014-06-04 10:15:39'),
       (67722, 4813, 'F', '2014-06-04 10:15:39'),
       (67733, 4813, 'F', '2014-06-04 10:15:39'),
       (67734, 4813, 'F', '2014-06-04 10:15:39'),
       (67735, 4813, 'F', '2014-06-04 10:15:39'),
       (67736, 4813, 'F', '2014-06-04 10:15:39'),
       (67737, 4813, 'F', '2014-06-04 10:15:39'),
       (67738, 4813, 'F', '2014-06-04 10:15:39'),
       (67697, 4813, 'F', '2014-06-04 10:15:39'),
       (67698, 4813, 'F', '2014-06-04 10:15:39'),
       (67699, 4813, 'F', '2014-06-04 10:15:39'),
       (67700, 4813, 'F', '2014-06-04 10:15:39'),
       (67710, 4813, 'F', '2014-06-04 10:15:39'),
       (67649, 4813, 'F', '2014-06-04 10:15:39'),
       (67654, 4813, 'F', '2014-06-04 10:15:39'),
       (67663, 4813, 'F', '2014-06-04 10:15:39'),
       (67675, 4813, 'F', '2014-06-04 10:15:39'),
       (67671, 4813, 'F', '2014-06-04 10:15:39'),
       (67667, 4813, 'F', '2014-06-04 10:15:39'),
       (67664, 4813, 'F', '2014-06-04 10:15:39'),
       (67676, 4813, 'F', '2014-06-04 10:15:39'),
       (67670, 4813, 'F', '2014-06-04 10:15:39'),
       (67669, 4813, 'F', '2014-06-04 10:15:39'),
       (67665, 4813, 'F', '2014-06-04 10:15:39'),
       (67677, 4813, 'F', '2014-06-04 10:15:39'),
       (67674, 4813, 'F', '2014-06-04 10:15:39'),
       (67668, 4813, 'F', '2014-06-04 10:15:39'),
       (67666, 4813, 'F', '2014-06-04 10:15:39'),
       (67681, 4813, 'F', '2014-06-04 10:15:39'),
       (67673, 4813, 'F', '2014-06-04 10:15:39'),
       (67672, 4813, 'F', '2014-06-04 10:15:39'),
       (67684, 4813, 'F', '2014-06-04 10:15:39'),
       (67701, 4819, 'F', '2014-06-04 10:15:39'),
       (67702, 4819, 'F', '2014-06-04 10:15:39'),
       (67703, 4819, 'F', '2014-06-04 10:15:39'),
       (67704, 4819, 'F', '2014-06-04 10:15:39'),
       (67705, 4819, 'F', '2014-06-04 10:15:39'),
       (67706, 4819, 'F', '2014-06-04 10:15:39'),
       (67707, 4819, 'F', '2014-06-04 10:15:39'),
       (67708, 4819, 'F', '2014-06-04 10:15:39'),
       (67709, 4819, 'F', '2014-06-04 10:15:39'),
       (67723, 4819, 'F', '2014-06-04 10:15:39'),
       (67724, 4819, 'F', '2014-06-04 10:15:39'),
       (67725, 4819, 'F', '2014-06-04 10:15:39'),
       (67726, 4819, 'F', '2014-06-04 10:15:39'),
       (67727, 4819, 'F', '2014-06-04 10:15:39'),
       (67728, 4819, 'F', '2014-06-04 10:15:39'),
       (67729, 4819, 'F', '2014-06-04 10:15:39'),
       (67730, 4819, 'F', '2014-06-04 10:15:39'),
       (67731, 4819, 'F', '2014-06-04 10:15:39'),
       (67732, 4819, 'F', '2014-06-04 10:15:39'),
       (67739, 4819, 'F', '2014-06-04 10:15:39'),
       (67740, 4819, 'F', '2014-06-04 10:15:39'),
       (67741, 4819, 'F', '2014-06-04 10:15:39'),
       (67742, 4819, 'F', '2014-06-04 10:15:39'),
       (67743, 4819, 'F', '2014-06-04 10:15:39'),
       (67744, 4819, 'F', '2014-06-04 10:15:39'),
       (67745, 4819, 'F', '2014-06-04 10:15:39'),
       (67746, 4819, 'F', '2014-06-04 10:15:39'),
       (67747, 4819, 'F', '2014-06-04 10:15:39'),
       (67748, 4819, 'F', '2014-06-04 10:15:39'),
       (67749, 4819, 'F', '2014-06-04 10:15:39'),
       (67750, 4819, 'F', '2014-06-04 10:15:39'),
       (67751, 4819, 'F', '2014-06-04 10:15:39'),
       (67752, 4819, 'F', '2014-06-04 10:15:39'),
       (67758, 4819, 'F', '2014-06-04 10:15:39'),
       (67757, 4819, 'F', '2014-06-04 10:15:39'),
       (67759, 4819, 'F', '2014-06-04 10:15:39'),
       (67760, 4819, 'F', '2014-06-04 10:15:39'),
       (67753, 4819, 'F', '2014-06-04 10:15:39'),
       (67754, 4819, 'F', '2014-06-04 10:15:39'),
       (67755, 4819, 'F', '2014-06-04 10:15:39'),
       (67756, 4819, 'F', '2014-06-04 10:15:39'),
       (67764, 4819, 'F', '2014-06-04 10:15:39'),
       (67761, 4819, 'F', '2014-06-04 10:15:39'),
       (67762, 4819, 'F', '2014-06-04 10:15:39'),
       (67763, 4819, 'F', '2014-06-04 10:15:39'),
       (67711, 4819, 'F', '2014-06-04 10:15:39'),
       (67712, 4819, 'F', '2014-06-04 10:15:39'),
       (67713, 4819, 'F', '2014-06-04 10:15:39'),
       (67714, 4819, 'F', '2014-06-04 10:15:39'),
       (67715, 4819, 'F', '2014-06-04 10:15:39'),
       (67716, 4819, 'F', '2014-06-04 10:15:39'),
       (67717, 4819, 'F', '2014-06-04 10:15:39'),
       (67718, 4819, 'F', '2014-06-04 10:15:39'),
       (67719, 4819, 'F', '2014-06-04 10:15:39'),
       (67720, 4819, 'F', '2014-06-04 10:15:39'),
       (67721, 4819, 'F', '2014-06-04 10:15:39'),
       (67722, 4819, 'F', '2014-06-04 10:15:39'),
       (67733, 4819, 'F', '2014-06-04 10:15:39'),
       (67734, 4819, 'F', '2014-06-04 10:15:39'),
       (67735, 4819, 'F', '2014-06-04 10:15:39'),
       (67736, 4819, 'F', '2014-06-04 10:15:39'),
       (67737, 4819, 'F', '2014-06-04 10:15:39'),
       (67738, 4819, 'F', '2014-06-04 10:15:39'),
       (67697, 4819, 'F', '2014-06-04 10:15:39'),
       (67698, 4819, 'F', '2014-06-04 10:15:39'),
       (67699, 4819, 'F', '2014-06-04 10:15:39'),
       (67700, 4819, 'F', '2014-06-04 10:15:39'),
       (67710, 4819, 'F', '2014-06-04 10:15:39'),
       (67649, 4819, 'F', '2014-06-04 10:15:39'),
       (67654, 4819, 'F', '2014-06-04 10:15:39'),
       (67653, 4819, 'F', '2014-06-04 10:15:39'),
       (67656, 4819, 'F', '2014-06-04 10:15:39'),
       (67657, 4819, 'F', '2014-06-04 10:15:39'),
       (67655, 4819, 'F', '2014-06-04 10:15:39'),
       (67650, 4819, 'F', '2014-06-04 10:15:39'),
       (67651, 4819, 'F', '2014-06-04 10:15:39'),
       (67652, 4819, 'F', '2014-06-04 10:15:39'),
       (67680, 4819, 'F', '2014-06-04 10:15:39'),
       (67679, 4819, 'F', '2014-06-04 10:15:39'),
       (67682, 4819, 'F', '2014-06-04 10:15:39'),
       (67678, 4819, 'F', '2014-06-04 10:15:39'),
       (67663, 4819, 'F', '2014-06-04 10:15:39'),
       (67660, 4819, 'F', '2014-06-04 10:15:39'),
       (67658, 4819, 'F', '2014-06-04 10:15:39'),
       (67659, 4819, 'F', '2014-06-04 10:15:39'),
       (67662, 4819, 'F', '2014-06-04 10:15:39'),
       (67675, 4819, 'F', '2014-06-04 10:15:39'),
       (67671, 4819, 'F', '2014-06-04 10:15:39'),
       (67667, 4819, 'F', '2014-06-04 10:15:39'),
       (67664, 4819, 'F', '2014-06-04 10:15:39'),
       (67676, 4819, 'F', '2014-06-04 10:15:39'),
       (67670, 4819, 'F', '2014-06-04 10:15:39'),
       (67669, 4819, 'F', '2014-06-04 10:15:39'),
       (67665, 4819, 'F', '2014-06-04 10:15:39'),
       (67677, 4819, 'F', '2014-06-04 10:15:39'),
       (67674, 4819, 'F', '2014-06-04 10:15:39'),
       (67668, 4819, 'F', '2014-06-04 10:15:39'),
       (67666, 4819, 'F', '2014-06-04 10:15:39'),
       (67681, 4819, 'F', '2014-06-04 10:15:39'),
       (67673, 4819, 'F', '2014-06-04 10:15:39'),
       (67672, 4819, 'F', '2014-06-04 10:15:39'),
       (67684, 4819, 'F', '2014-06-04 10:15:39'),
       (67686, 4819, 'F', '2014-06-04 10:15:39'),
       (67685, 4819, 'F', '2014-06-04 10:15:39'),
       (67687, 4819, 'F', '2014-06-04 10:15:39'),
       (67689, 4819, 'F', '2014-06-04 10:15:39'),
       (67688, 4819, 'F', '2014-06-04 10:15:39'),
       (67695, 4819, 'F', '2014-06-04 10:15:39'),
       (67696, 4819, 'F', '2014-06-04 10:15:39'),
       (67690, 4819, 'F', '2014-06-04 10:15:39'),
       (67691, 4819, 'F', '2014-06-04 10:15:39'),
       (67692, 4819, 'F', '2014-06-04 10:15:39'),
       (67693, 4819, 'F', '2014-06-04 10:15:39'),
       (67661, 4819, 'F', '2014-06-04 10:15:39'),
       (67683, 4819, 'F', '2014-06-04 10:15:39'),
       (67694, 4819, 'F', '2014-06-04 10:15:39'),
       (67724, 4820, 'R', '2014-06-04 10:15:39'),
       (67725, 4820, 'R', '2014-06-04 10:15:39'),
       (67726, 4820, 'R', '2014-06-04 10:15:39'),
       (67727, 4820, 'R', '2014-06-04 10:15:39'),
       (67728, 4820, 'R', '2014-06-04 10:15:39'),
       (67729, 4820, 'R', '2014-06-04 10:15:39'),
       (67730, 4820, 'R', '2014-06-04 10:15:39'),
       (67731, 4820, 'R', '2014-06-04 10:15:39'),
       (67732, 4820, 'R', '2014-06-04 10:15:39'),
       (67740, 4820, 'R', '2014-06-04 10:15:39'),
       (67741, 4820, 'R', '2014-06-04 10:15:39'),
       (67742, 4820, 'R', '2014-06-04 10:15:39'),
       (67743, 4820, 'R', '2014-06-04 10:15:39'),
       (67744, 4820, 'R', '2014-06-04 10:15:39'),
       (67745, 4820, 'R', '2014-06-04 10:15:39'),
       (67746, 4820, 'R', '2014-06-04 10:15:39'),
       (67747, 4820, 'R', '2014-06-04 10:15:39'),
       (67748, 4820, 'R', '2014-06-04 10:15:39'),
       (67749, 4820, 'R', '2014-06-04 10:15:39'),
       (67750, 4820, 'R', '2014-06-04 10:15:39'),
       (67751, 4820, 'R', '2014-06-04 10:15:39'),
       (67752, 4820, 'R', '2014-06-04 10:15:39'),
       (67757, 4820, 'R', '2014-06-04 10:15:39'),
       (67759, 4820, 'R', '2014-06-04 10:15:39'),
       (67760, 4820, 'R', '2014-06-04 10:15:39'),
       (67753, 4820, 'R', '2014-06-04 10:15:39'),
       (67754, 4820, 'R', '2014-06-04 10:15:39'),
       (67755, 4820, 'R', '2014-06-04 10:15:39'),
       (67756, 4820, 'R', '2014-06-04 10:15:39'),
       (67764, 4820, 'R', '2014-06-04 10:15:39'),
       (67761, 4820, 'R', '2014-06-04 10:15:39'),
       (67762, 4820, 'R', '2014-06-04 10:15:39'),
       (67763, 4820, 'R', '2014-06-04 10:15:39'),
       (67653, 4820, 'R', '2014-06-04 10:15:39'),
       (67656, 4820, 'R', '2014-06-04 10:15:39'),
       (67657, 4820, 'R', '2014-06-04 10:15:39'),
       (67655, 4820, 'R', '2014-06-04 10:15:39'),
       (67650, 4820, 'R', '2014-06-04 10:15:39'),
       (67651, 4820, 'R', '2014-06-04 10:15:39'),
       (67652, 4820, 'R', '2014-06-04 10:15:39'),
       (67680, 4820, 'R', '2014-06-04 10:15:39'),
       (67679, 4820, 'R', '2014-06-04 10:15:39'),
       (67682, 4820, 'R', '2014-06-04 10:15:39'),
       (67678, 4820, 'R', '2014-06-04 10:15:39'),
       (67660, 4820, 'R', '2014-06-04 10:15:39'),
       (67658, 4820, 'R', '2014-06-04 10:15:39'),
       (67659, 4820, 'R', '2014-06-04 10:15:39'),
       (67662, 4820, 'R', '2014-06-04 10:15:39'),
       (67686, 4820, 'R', '2014-06-04 10:15:39'),
       (67685, 4820, 'R', '2014-06-04 10:15:39'),
       (67687, 4820, 'R', '2014-06-04 10:15:39'),
       (67689, 4820, 'R', '2014-06-04 10:15:39'),
       (67688, 4820, 'R', '2014-06-04 10:15:39'),
       (67695, 4820, 'R', '2014-06-04 10:15:39'),
       (67696, 4820, 'R', '2014-06-04 10:15:39'),
       (67690, 4820, 'R', '2014-06-04 10:15:39'),
       (67691, 4820, 'R', '2014-06-04 10:15:39'),
       (67692, 4820, 'R', '2014-06-04 10:15:39'),
       (67693, 4820, 'R', '2014-06-04 10:15:39'),
       (67661, 4820, 'R', '2014-06-04 10:15:39'),
       (67683, 4820, 'R', '2014-06-04 10:15:39'),
       (67694, 4820, 'R', '2014-06-04 10:15:39'),
       (67701, 4820, 'F', '2014-06-04 10:15:39'),
       (67702, 4820, 'F', '2014-06-04 10:15:39'),
       (67703, 4820, 'F', '2014-06-04 10:15:39'),
       (67704, 4820, 'F', '2014-06-04 10:15:39'),
       (67705, 4820, 'F', '2014-06-04 10:15:39'),
       (67706, 4820, 'F', '2014-06-04 10:15:39'),
       (67707, 4820, 'F', '2014-06-04 10:15:39'),
       (67708, 4820, 'F', '2014-06-04 10:15:39'),
       (67709, 4820, 'F', '2014-06-04 10:15:39'),
       (67723, 4820, 'F', '2014-06-04 10:15:39'),
       (67739, 4820, 'F', '2014-06-04 10:15:39'),
       (67758, 4820, 'F', '2014-06-04 10:15:39'),
       (67711, 4820, 'F', '2014-06-04 10:15:39'),
       (67712, 4820, 'F', '2014-06-04 10:15:39'),
       (67713, 4820, 'F', '2014-06-04 10:15:39'),
       (67714, 4820, 'F', '2014-06-04 10:15:39'),
       (67715, 4820, 'F', '2014-06-04 10:15:39'),
       (67716, 4820, 'F', '2014-06-04 10:15:39'),
       (67717, 4820, 'F', '2014-06-04 10:15:39'),
       (67718, 4820, 'F', '2014-06-04 10:15:39'),
       (67719, 4820, 'F', '2014-06-04 10:15:39'),
       (67720, 4820, 'F', '2014-06-04 10:15:39'),
       (67721, 4820, 'F', '2014-06-04 10:15:39'),
       (67722, 4820, 'F', '2014-06-04 10:15:39'),
       (67733, 4820, 'F', '2014-06-04 10:15:39'),
       (67734, 4820, 'F', '2014-06-04 10:15:39'),
       (67735, 4820, 'F', '2014-06-04 10:15:39'),
       (67736, 4820, 'F', '2014-06-04 10:15:39'),
       (67737, 4820, 'F', '2014-06-04 10:15:39'),
       (67738, 4820, 'F', '2014-06-04 10:15:39'),
       (67697, 4820, 'F', '2014-06-04 10:15:39'),
       (67698, 4820, 'F', '2014-06-04 10:15:39'),
       (67699, 4820, 'F', '2014-06-04 10:15:39'),
       (67700, 4820, 'F', '2014-06-04 10:15:39'),
       (67710, 4820, 'F', '2014-06-04 10:15:39'),
       (67649, 4820, 'F', '2014-06-04 10:15:39'),
       (67654, 4820, 'F', '2014-06-04 10:15:39'),
       (67663, 4820, 'F', '2014-06-04 10:15:39'),
       (67675, 4820, 'F', '2014-06-04 10:15:39'),
       (67671, 4820, 'F', '2014-06-04 10:15:39'),
       (67667, 4820, 'F', '2014-06-04 10:15:39'),
       (67664, 4820, 'F', '2014-06-04 10:15:39'),
       (67676, 4820, 'F', '2014-06-04 10:15:39'),
       (67670, 4820, 'F', '2014-06-04 10:15:39'),
       (67669, 4820, 'F', '2014-06-04 10:15:39'),
       (67665, 4820, 'F', '2014-06-04 10:15:39'),
       (67677, 4820, 'F', '2014-06-04 10:15:39'),
       (67674, 4820, 'F', '2014-06-04 10:15:39'),
       (67668, 4820, 'F', '2014-06-04 10:15:39'),
       (67666, 4820, 'F', '2014-06-04 10:15:39'),
       (67681, 4820, 'F', '2014-06-04 10:15:39'),
       (67673, 4820, 'F', '2014-06-04 10:15:39'),
       (67672, 4820, 'F', '2014-06-04 10:15:39'),
       (67684, 4820, 'F', '2014-06-04 10:15:39'),
       (67701, 4821, 'R', '2014-06-04 10:15:39'),
       (67702, 4821, 'R', '2014-06-04 10:15:39'),
       (67703, 4821, 'R', '2014-06-04 10:15:39'),
       (67704, 4821, 'R', '2014-06-04 10:15:39'),
       (67705, 4821, 'R', '2014-06-04 10:15:39'),
       (67706, 4821, 'R', '2014-06-04 10:15:39'),
       (67707, 4821, 'R', '2014-06-04 10:15:39'),
       (67708, 4821, 'R', '2014-06-04 10:15:39'),
       (67709, 4821, 'R', '2014-06-04 10:15:39'),
       (67723, 4821, 'R', '2014-06-04 10:15:39'),
       (67724, 4821, 'R', '2014-06-04 10:15:39'),
       (67725, 4821, 'R', '2014-06-04 10:15:39'),
       (67726, 4821, 'R', '2014-06-04 10:15:39'),
       (67727, 4821, 'R', '2014-06-04 10:15:39'),
       (67728, 4821, 'R', '2014-06-04 10:15:39'),
       (67729, 4821, 'R', '2014-06-04 10:15:39'),
       (67730, 4821, 'R', '2014-06-04 10:15:39'),
       (67731, 4821, 'R', '2014-06-04 10:15:39'),
       (67732, 4821, 'R', '2014-06-04 10:15:39'),
       (67739, 4821, 'R', '2014-06-04 10:15:39'),
       (67740, 4821, 'R', '2014-06-04 10:15:39'),
       (67741, 4821, 'R', '2014-06-04 10:15:39'),
       (67742, 4821, 'R', '2014-06-04 10:15:39'),
       (67743, 4821, 'R', '2014-06-04 10:15:39'),
       (67744, 4821, 'R', '2014-06-04 10:15:39'),
       (67745, 4821, 'R', '2014-06-04 10:15:39'),
       (67746, 4821, 'R', '2014-06-04 10:15:39'),
       (67747, 4821, 'R', '2014-06-04 10:15:39'),
       (67748, 4821, 'R', '2014-06-04 10:15:39'),
       (67749, 4821, 'R', '2014-06-04 10:15:39'),
       (67750, 4821, 'R', '2014-06-04 10:15:39'),
       (67751, 4821, 'R', '2014-06-04 10:15:39'),
       (67752, 4821, 'R', '2014-06-04 10:15:39'),
       (67758, 4821, 'R', '2014-06-04 10:15:39'),
       (67757, 4821, 'R', '2014-06-04 10:15:39'),
       (67759, 4821, 'R', '2014-06-04 10:15:39'),
       (67760, 4821, 'R', '2014-06-04 10:15:39'),
       (67753, 4821, 'R', '2014-06-04 10:15:39'),
       (67754, 4821, 'R', '2014-06-04 10:15:39'),
       (67755, 4821, 'R', '2014-06-04 10:15:39'),
       (67756, 4821, 'R', '2014-06-04 10:15:39'),
       (67764, 4821, 'R', '2014-06-04 10:15:39'),
       (67761, 4821, 'R', '2014-06-04 10:15:39'),
       (67762, 4821, 'R', '2014-06-04 10:15:39'),
       (67763, 4821, 'R', '2014-06-04 10:15:39'),
       (67711, 4821, 'R', '2014-06-04 10:15:39'),
       (67712, 4821, 'R', '2014-06-04 10:15:39'),
       (67713, 4821, 'R', '2014-06-04 10:15:39'),
       (67714, 4821, 'R', '2014-06-04 10:15:39'),
       (67715, 4821, 'R', '2014-06-04 10:15:39'),
       (67716, 4821, 'R', '2014-06-04 10:15:39'),
       (67717, 4821, 'R', '2014-06-04 10:15:39'),
       (67718, 4821, 'R', '2014-06-04 10:15:39'),
       (67719, 4821, 'R', '2014-06-04 10:15:39'),
       (67720, 4821, 'R', '2014-06-04 10:15:39'),
       (67721, 4821, 'R', '2014-06-04 10:15:39'),
       (67722, 4821, 'R', '2014-06-04 10:15:39'),
       (67733, 4821, 'R', '2014-06-04 10:15:39'),
       (67734, 4821, 'R', '2014-06-04 10:15:39'),
       (67735, 4821, 'R', '2014-06-04 10:15:39'),
       (67736, 4821, 'R', '2014-06-04 10:15:39'),
       (67737, 4821, 'R', '2014-06-04 10:15:39'),
       (67738, 4821, 'R', '2014-06-04 10:15:39'),
       (67697, 4821, 'R', '2014-06-04 10:15:39'),
       (67698, 4821, 'R', '2014-06-04 10:15:39'),
       (67699, 4821, 'R', '2014-06-04 10:15:39'),
       (67700, 4821, 'R', '2014-06-04 10:15:39'),
       (67710, 4821, 'R', '2014-06-04 10:15:39'),
       (67649, 4821, 'R', '2014-06-04 10:15:39'),
       (67654, 4821, 'R', '2014-06-04 10:15:39'),
       (67653, 4821, 'R', '2014-06-04 10:15:39'),
       (67656, 4821, 'R', '2014-06-04 10:15:39'),
       (67657, 4821, 'R', '2014-06-04 10:15:39'),
       (67655, 4821, 'R', '2014-06-04 10:15:39'),
       (67650, 4821, 'R', '2014-06-04 10:15:39'),
       (67651, 4821, 'R', '2014-06-04 10:15:39'),
       (67652, 4821, 'R', '2014-06-04 10:15:39'),
       (67680, 4821, 'R', '2014-06-04 10:15:39'),
       (67679, 4821, 'R', '2014-06-04 10:15:39'),
       (67682, 4821, 'R', '2014-06-04 10:15:39'),
       (67678, 4821, 'R', '2014-06-04 10:15:39'),
       (67663, 4821, 'R', '2014-06-04 10:15:39'),
       (67660, 4821, 'R', '2014-06-04 10:15:39'),
       (67658, 4821, 'R', '2014-06-04 10:15:39'),
       (67659, 4821, 'R', '2014-06-04 10:15:39'),
       (67662, 4821, 'R', '2014-06-04 10:15:39'),
       (67675, 4821, 'R', '2014-06-04 10:15:39'),
       (67671, 4821, 'R', '2014-06-04 10:15:39'),
       (67667, 4821, 'R', '2014-06-04 10:15:39'),
       (67664, 4821, 'R', '2014-06-04 10:15:39'),
       (67676, 4821, 'R', '2014-06-04 10:15:39'),
       (67670, 4821, 'R', '2014-06-04 10:15:39'),
       (67669, 4821, 'R', '2014-06-04 10:15:39'),
       (67665, 4821, 'R', '2014-06-04 10:15:39'),
       (67677, 4821, 'R', '2014-06-04 10:15:39'),
       (67674, 4821, 'R', '2014-06-04 10:15:39'),
       (67668, 4821, 'R', '2014-06-04 10:15:39'),
       (67666, 4821, 'R', '2014-06-04 10:15:39'),
       (67681, 4821, 'R', '2014-06-04 10:15:39'),
       (67673, 4821, 'R', '2014-06-04 10:15:39'),
       (67672, 4821, 'R', '2014-06-04 10:15:39'),
       (67684, 4821, 'R', '2014-06-04 10:15:39'),
       (67686, 4821, 'R', '2014-06-04 10:15:39'),
       (67685, 4821, 'R', '2014-06-04 10:15:39'),
       (67687, 4821, 'R', '2014-06-04 10:15:39'),
       (67689, 4821, 'R', '2014-06-04 10:15:39'),
       (67688, 4821, 'R', '2014-06-04 10:15:39'),
       (67695, 4821, 'R', '2014-06-04 10:15:39'),
       (67696, 4821, 'R', '2014-06-04 10:15:39'),
       (67690, 4821, 'R', '2014-06-04 10:15:39'),
       (67691, 4821, 'R', '2014-06-04 10:15:39'),
       (67692, 4821, 'R', '2014-06-04 10:15:39'),
       (67693, 4821, 'R', '2014-06-04 10:15:39'),
       (67661, 4821, 'R', '2014-06-04 10:15:39'),
       (67683, 4821, 'R', '2014-06-04 10:15:39'),
       (67694, 4821, 'R', '2014-06-04 10:15:39'),
       (67817, 4918, 'R', '2017-06-20 17:20:34'),
       (67818, 4918, 'R', '2017-06-20 17:20:34'),
       (67819, 4918, 'R', '2017-06-20 17:20:34'),
       (67820, 4918, 'R', '2017-06-20 17:20:34'),
       (67822, 4918, 'R', '2017-06-20 17:20:34'),
       (67824, 4918, 'R', '2017-06-20 17:20:34'),
       (67825, 4918, 'R', '2017-06-20 17:20:34'),
       (67826, 4919, 'R', '2017-06-20 17:20:34'),
       (67881, 4919, 'F', '2017-06-20 17:20:34'),
       (67882, 4919, 'F', '2017-06-20 17:20:34'),
       (67825, 4919, 'F', '2017-06-20 17:20:34'),
       (67818, 4925, 'F', '2017-06-22 21:12:14'),
       (67883, 4925, 'F', '2017-06-22 21:12:14'),
       (67819, 4925, 'F', '2017-06-22 21:12:14'),
       (67900, 4925, 'F', '2017-06-22 21:12:14'),
       (67881, 4925, 'F', '2017-06-22 21:12:14'),
       (67901, 4925, 'F', '2017-06-22 21:12:14'),
       (67882, 4925, 'F', '2017-06-22 21:12:14'),
       (67815, 4925, 'F', '2017-06-22 21:12:14'),
       (67886, 4925, 'F', '2017-06-22 21:12:14'),
       (67887, 4925, 'F', '2017-06-22 21:12:14'),
       (67885, 4925, 'F', '2017-06-22 21:12:14'),
       (67897, 4925, 'F', '2017-06-22 21:12:14'),
       (67902, 4925, 'F', '2017-06-22 21:12:14'),
       (67903, 4925, 'F', '2017-06-22 21:12:14'),
       (67907, 4925, 'F', '2017-06-22 21:12:14'),
       (67827, 4925, 'F', '2017-06-22 21:12:14'),
       (67831, 4925, 'F', '2017-06-22 21:12:14'),
       (67835, 4925, 'F', '2017-06-22 21:12:14'),
       (67898, 4925, 'F', '2017-06-22 21:12:14'),
       (67899, 4925, 'F', '2017-06-22 21:12:14'),
       (67826, 4925, 'F', '2017-06-22 21:12:14'),
       (67904, 4925, 'F', '2017-06-22 21:12:14'),
       (67905, 4925, 'F', '2017-06-22 21:12:14'),
       (67888, 4925, 'F', '2017-06-22 21:12:14'),
       (67908, 4925, 'F', '2017-06-22 21:12:14'),
       (67909, 4925, 'F', '2017-06-22 21:12:14'),
       (67889, 4925, 'F', '2017-06-22 21:12:14'),
       (67910, 4925, 'F', '2017-06-22 21:12:14'),
       (67890, 4925, 'F', '2017-06-22 21:12:14'),
       (67912, 4925, 'F', '2017-06-22 21:12:14'),
       (67891, 4925, 'F', '2017-06-22 21:12:14'),
       (67913, 4925, 'F', '2017-06-22 21:12:14'),
       (67896, 4925, 'F', '2017-06-22 21:12:14'),
       (67914, 4925, 'F', '2017-06-22 21:12:14'),
       (67893, 4925, 'F', '2017-06-22 21:12:14'),
       (67915, 4925, 'F', '2017-06-22 21:12:14'),
       (67895, 4925, 'F', '2017-06-22 21:12:14'),
       (67894, 4925, 'F', '2017-06-22 21:12:14'),
       (67920, 4925, 'F', '2017-06-22 21:12:14'),
       (67883, 4926, 'R', '2017-06-22 21:51:49'),
       (67819, 4926, 'R', '2017-06-22 21:51:49'),
       (67900, 4926, 'R', '2017-06-22 21:51:49'),
       (67902, 4926, 'R', '2017-06-22 21:51:49'),
       (67903, 4926, 'R', '2017-06-22 21:51:49'),
       (67826, 4926, 'R', '2017-06-22 21:51:49'),
       (67881, 4926, 'F', '2017-06-22 21:51:49'),
       (67901, 4926, 'F', '2017-06-22 21:51:49'),
       (67882, 4926, 'F', '2017-06-22 21:51:49'),
       (67825, 4926, 'F', '2017-06-22 21:51:49'),
       (67886, 4926, 'F', '2017-06-22 21:51:49'),
       (67818, 4936, 'R', '2017-10-04 21:20:11'),
       (67883, 4936, 'R', '2017-10-04 21:20:11'),
       (67819, 4936, 'R', '2017-10-04 21:20:11'),
       (67900, 4936, 'R', '2017-10-04 21:20:11'),
       (67881, 4936, 'R', '2017-10-04 21:20:11'),
       (67901, 4936, 'R', '2017-10-04 21:20:11'),
       (67882, 4936, 'R', '2017-10-04 21:20:11'),
       (67825, 4936, 'R', '2017-10-04 21:20:11'),
       (67815, 4936, 'R', '2017-10-04 21:20:11'),
       (67886, 4936, 'R', '2017-10-04 21:20:11'),
       (67887, 4936, 'R', '2017-10-04 21:20:11'),
       (67885, 4936, 'R', '2017-10-04 21:20:11'),
       (67897, 4936, 'R', '2017-10-04 21:20:11'),
       (67827, 4936, 'R', '2017-10-04 21:20:11'),
       (67831, 4936, 'R', '2017-10-04 21:20:11'),
       (67835, 4936, 'R', '2017-10-04 21:20:11'),
       (67898, 4936, 'R', '2017-10-04 21:20:11'),
       (67899, 4936, 'R', '2017-10-04 21:20:11'),
       (67826, 4936, 'R', '2017-10-04 21:20:11'),
       (67888, 4936, 'R', '2017-10-04 21:20:11'),
       (67889, 4936, 'R', '2017-10-04 21:20:11'),
       (67890, 4936, 'R', '2017-10-04 21:20:11'),
       (67891, 4936, 'R', '2017-10-04 21:20:11'),
       (67896, 4936, 'R', '2017-10-04 21:20:11'),
       (67893, 4936, 'R', '2017-10-04 21:20:11'),
       (67894, 4936, 'R', '2017-10-04 21:20:11'),
       (67895, 4936, 'R', '2017-10-04 21:20:11'),
       (67818, 4937, 'R', '2018-04-20 10:08:26'),
       (67883, 4937, 'R', '2018-04-20 10:08:26'),
       (67819, 4937, 'R', '2018-04-20 10:08:26'),
       (67900, 4937, 'R', '2018-04-20 10:08:26'),
       (67881, 4937, 'R', '2018-04-20 10:08:26'),
       (67901, 4937, 'R', '2018-04-20 10:08:26'),
       (67882, 4937, 'R', '2018-04-20 10:08:26'),
       (67825, 4937, 'R', '2018-04-20 10:08:26'),
       (67886, 4937, 'R', '2018-04-20 10:08:26'),
       (67887, 4937, 'R', '2018-04-20 10:08:26'),
       (67885, 4937, 'R', '2018-04-20 10:08:26'),
       (67897, 4937, 'R', '2018-04-20 10:08:26'),
       (67902, 4937, 'R', '2018-04-20 10:08:26'),
       (67903, 4937, 'R', '2018-04-20 10:08:26'),
       (67827, 4937, 'R', '2018-04-20 10:08:26'),
       (67831, 4937, 'R', '2018-04-20 10:08:26'),
       (67835, 4937, 'R', '2018-04-20 10:08:26'),
       (67898, 4937, 'R', '2018-04-20 10:08:26'),
       (67899, 4937, 'R', '2018-04-20 10:08:26'),
       (67826, 4937, 'R', '2018-04-20 10:08:26'),
       (67888, 4937, 'R', '2018-04-20 10:08:26'),
       (67908, 4937, 'R', '2018-04-20 10:08:26'),
       (67909, 4937, 'R', '2018-04-20 10:08:26'),
       (67889, 4937, 'R', '2018-04-20 10:08:26'),
       (67910, 4937, 'R', '2018-04-20 10:08:26'),
       (67890, 4937, 'R', '2018-04-20 10:08:26'),
       (67912, 4937, 'R', '2018-04-20 10:08:26'),
       (67891, 4937, 'R', '2018-04-20 10:08:26'),
       (67913, 4937, 'R', '2018-04-20 10:08:26'),
       (67896, 4937, 'R', '2018-04-20 10:08:26'),
       (67914, 4937, 'R', '2018-04-20 10:08:26'),
       (67893, 4937, 'R', '2018-04-20 10:08:26'),
       (67915, 4937, 'R', '2018-04-20 10:08:26'),
       (67895, 4937, 'R', '2018-04-20 10:08:26'),
       (67894, 4937, 'R', '2018-04-20 10:08:26'),
       (67818, 4938, 'R', '2019-08-14 14:38:03'),
       (67883, 4938, 'R', '2019-08-14 14:38:03'),
       (67819, 4938, 'R', '2019-08-14 14:38:03'),
       (67900, 4938, 'R', '2019-08-14 14:38:03'),
       (67881, 4938, 'R', '2019-08-14 14:38:03'),
       (67901, 4938, 'R', '2019-08-14 14:38:03'),
       (67882, 4938, 'R', '2019-08-14 14:38:03'),
       (67886, 4938, 'R', '2019-08-14 14:38:03'),
       (67887, 4938, 'R', '2019-08-14 14:38:03'),
       (67885, 4938, 'R', '2019-08-14 14:38:03'),
       (67902, 4938, 'R', '2019-08-14 14:38:03'),
       (67903, 4938, 'R', '2019-08-14 14:38:03'),
       (67827, 4938, 'R', '2019-08-14 14:38:03'),
       (67831, 4938, 'R', '2019-08-14 14:38:03'),
       (67835, 4938, 'R', '2019-08-14 14:38:03'),
       (67898, 4938, 'R', '2019-08-14 14:38:03'),
       (67899, 4938, 'R', '2019-08-14 14:38:03'),
       (67826, 4938, 'R', '2019-08-14 14:38:03'),
       (67907, 4938, 'F', '2019-08-14 14:38:03'),
       (67888, 4938, 'F', '2019-08-14 14:38:03'),
       (67908, 4938, 'F', '2019-08-14 14:38:03'),
       (67909, 4938, 'F', '2019-08-14 14:38:03'),
       (67889, 4938, 'F', '2019-08-14 14:38:03'),
       (67910, 4938, 'F', '2019-08-14 14:38:03'),
       (67890, 4938, 'F', '2019-08-14 14:38:03'),
       (67912, 4938, 'F', '2019-08-14 14:38:03'),
       (67891, 4938, 'F', '2019-08-14 14:38:03'),
       (67913, 4938, 'F', '2019-08-14 14:38:03'),
       (67896, 4938, 'F', '2019-08-14 14:38:03'),
       (67914, 4938, 'F', '2019-08-14 14:38:03'),
       (67893, 4938, 'F', '2019-08-14 14:38:03'),
       (67915, 4938, 'F', '2019-08-14 14:38:03'),
       (67895, 4938, 'F', '2019-08-14 14:38:03'),
       (67894, 4938, 'F', '2019-08-14 14:38:03'),
       (67920, 4938, 'F', '2019-08-14 14:38:03'),
       (67883, 4927, 'R', '2017-06-22 21:51:49'),
       (67819, 4927, 'R', '2017-06-22 21:51:49'),
       (67900, 4927, 'R', '2017-06-22 21:51:49'),
       (67902, 4927, 'R', '2017-06-22 21:51:49'),
       (67903, 4927, 'R', '2017-06-22 21:51:49'),
       (67826, 4927, 'R', '2017-06-22 21:51:49'),
       (67881, 4927, 'F', '2017-06-22 21:51:49'),
       (67901, 4927, 'F', '2017-06-22 21:51:49'),
       (67882, 4927, 'F', '2017-06-22 21:51:49'),
       (67825, 4927, 'F', '2017-06-22 21:51:49'),
       (67886, 4927, 'F', '2017-06-22 21:51:49'),
       (67818, 4928, 'R', '2017-07-03 12:06:33'),
       (67883, 4928, 'R', '2017-07-03 12:06:33'),
       (67819, 4928, 'R', '2017-07-03 12:06:33'),
       (67900, 4928, 'R', '2017-07-03 12:06:33'),
       (67881, 4928, 'R', '2017-07-03 12:06:33'),
       (67901, 4928, 'R', '2017-07-03 12:06:33'),
       (67882, 4928, 'R', '2017-07-03 12:06:33'),
       (67825, 4928, 'R', '2017-07-03 12:06:33'),
       (67886, 4928, 'R', '2017-07-03 12:06:33'),
       (67902, 4928, 'R', '2017-07-03 12:06:33'),
       (67903, 4928, 'R', '2017-07-03 12:06:33'),
       (67827, 4928, 'R', '2017-07-03 12:06:33'),
       (67831, 4928, 'R', '2017-07-03 12:06:33'),
       (67835, 4928, 'R', '2017-07-03 12:06:33'),
       (67898, 4928, 'R', '2017-07-03 12:06:33'),
       (67899, 4928, 'R', '2017-07-03 12:06:33'),
       (67907, 4928, 'F', '2017-07-03 12:06:33'),
       (67826, 4928, 'F', '2017-07-03 12:06:33'),
       (67902, 4929, 'R', '2017-07-03 12:06:52'),
       (67903, 4929, 'R', '2017-07-03 12:06:52'),
       (67920, 4929, 'R', '2017-07-03 12:06:52'),
       (67818, 4929, 'F', '2017-07-03 12:06:52'),
       (67883, 4929, 'F', '2017-07-03 12:06:52'),
       (67819, 4929, 'F', '2017-07-03 12:06:52'),
       (67900, 4929, 'F', '2017-07-03 12:06:52'),
       (67881, 4929, 'F', '2017-07-03 12:06:52'),
       (67901, 4929, 'F', '2017-07-03 12:06:52'),
       (67882, 4929, 'F', '2017-07-03 12:06:52'),
       (67886, 4929, 'F', '2017-07-03 12:06:52'),
       (67887, 4929, 'F', '2017-07-03 12:06:52'),
       (67885, 4929, 'F', '2017-07-03 12:06:52'),
       (67907, 4929, 'F', '2017-07-03 12:06:52'),
       (67827, 4929, 'F', '2017-07-03 12:06:52'),
       (67831, 4929, 'F', '2017-07-03 12:06:52'),
       (67835, 4929, 'F', '2017-07-03 12:06:52'),
       (67898, 4929, 'F', '2017-07-03 12:06:52'),
       (67899, 4929, 'F', '2017-07-03 12:06:52'),
       (67826, 4929, 'F', '2017-07-03 12:06:52'),
       (67888, 4929, 'F', '2017-07-03 12:06:52'),
       (67908, 4929, 'F', '2017-07-03 12:06:52'),
       (67909, 4929, 'F', '2017-07-03 12:06:52'),
       (67889, 4929, 'F', '2017-07-03 12:06:52'),
       (67910, 4929, 'F', '2017-07-03 12:06:52'),
       (67890, 4929, 'F', '2017-07-03 12:06:52'),
       (67912, 4929, 'F', '2017-07-03 12:06:52'),
       (67891, 4929, 'F', '2017-07-03 12:06:52'),
       (67913, 4929, 'F', '2017-07-03 12:06:52'),
       (67896, 4929, 'F', '2017-07-03 12:06:52'),
       (67914, 4929, 'F', '2017-07-03 12:06:52'),
       (67893, 4929, 'F', '2017-07-03 12:06:52'),
       (67915, 4929, 'F', '2017-07-03 12:06:52'),
       (67895, 4929, 'F', '2017-07-03 12:06:52'),
       (67894, 4929, 'F', '2017-07-03 12:06:52'),
       (67818, 4930, 'R', '2017-07-03 12:07:22'),
       (67883, 4930, 'R', '2017-07-03 12:07:22'),
       (67819, 4930, 'R', '2017-07-03 12:07:22'),
       (67900, 4930, 'R', '2017-07-03 12:07:22'),
       (67881, 4930, 'R', '2017-07-03 12:07:22'),
       (67901, 4930, 'R', '2017-07-03 12:07:22'),
       (67882, 4930, 'R', '2017-07-03 12:07:22'),
       (67886, 4930, 'R', '2017-07-03 12:07:22'),
       (67887, 4930, 'R', '2017-07-03 12:07:22'),
       (67885, 4930, 'R', '2017-07-03 12:07:22'),
       (67902, 4930, 'R', '2017-07-03 12:07:22'),
       (67903, 4930, 'R', '2017-07-03 12:07:22'),
       (67827, 4930, 'R', '2017-07-03 12:07:22'),
       (67831, 4930, 'R', '2017-07-03 12:07:22'),
       (67835, 4930, 'R', '2017-07-03 12:07:22'),
       (67898, 4930, 'R', '2017-07-03 12:07:22'),
       (67899, 4930, 'R', '2017-07-03 12:07:22'),
       (67826, 4930, 'R', '2017-07-03 12:07:22'),
       (67920, 4930, 'R', '2017-07-03 12:07:22'),
       (67907, 4930, 'F', '2017-07-03 12:07:22'),
       (67888, 4930, 'F', '2017-07-03 12:07:22'),
       (67908, 4930, 'F', '2017-07-03 12:07:22'),
       (67909, 4930, 'F', '2017-07-03 12:07:22'),
       (67889, 4930, 'F', '2017-07-03 12:07:22'),
       (67910, 4930, 'F', '2017-07-03 12:07:22'),
       (67890, 4930, 'F', '2017-07-03 12:07:22'),
       (67912, 4930, 'F', '2017-07-03 12:07:22'),
       (67891, 4930, 'F', '2017-07-03 12:07:22'),
       (67913, 4930, 'F', '2017-07-03 12:07:22'),
       (67896, 4930, 'F', '2017-07-03 12:07:22'),
       (67914, 4930, 'F', '2017-07-03 12:07:22'),
       (67893, 4930, 'F', '2017-07-03 12:07:22'),
       (67915, 4930, 'F', '2017-07-03 12:07:22'),
       (67895, 4930, 'F', '2017-07-03 12:07:22'),
       (67894, 4930, 'F', '2017-07-03 12:07:22'),
       (67818, 4931, 'R', '2017-07-03 12:08:20'),
       (67883, 4931, 'R', '2017-07-03 12:08:20'),
       (67819, 4931, 'R', '2017-07-03 12:08:20'),
       (67900, 4931, 'R', '2017-07-03 12:08:20'),
       (67881, 4931, 'R', '2017-07-03 12:08:20'),
       (67901, 4931, 'R', '2017-07-03 12:08:20'),
       (67882, 4931, 'R', '2017-07-03 12:08:20'),
       (67825, 4931, 'R', '2017-07-03 12:08:20'),
       (67886, 4931, 'R', '2017-07-03 12:08:20'),
       (67887, 4931, 'R', '2017-07-03 12:08:20'),
       (67885, 4931, 'R', '2017-07-03 12:08:20'),
       (67897, 4931, 'R', '2017-07-03 12:08:20'),
       (67902, 4931, 'R', '2017-07-03 12:08:20'),
       (67903, 4931, 'R', '2017-07-03 12:08:20'),
       (67907, 4931, 'R', '2017-07-03 12:08:20'),
       (67827, 4931, 'R', '2017-07-03 12:08:20'),
       (67831, 4931, 'R', '2017-07-03 12:08:20'),
       (67835, 4931, 'R', '2017-07-03 12:08:20'),
       (67898, 4931, 'R', '2017-07-03 12:08:20'),
       (67899, 4931, 'R', '2017-07-03 12:08:20'),
       (67826, 4931, 'R', '2017-07-03 12:08:20'),
       (67888, 4931, 'F', '2017-07-03 12:08:20'),
       (67908, 4931, 'F', '2017-07-03 12:08:20'),
       (67909, 4931, 'F', '2017-07-03 12:08:20'),
       (67889, 4931, 'F', '2017-07-03 12:08:20'),
       (67910, 4931, 'F', '2017-07-03 12:08:20'),
       (67890, 4931, 'F', '2017-07-03 12:08:20'),
       (67912, 4931, 'F', '2017-07-03 12:08:20'),
       (67891, 4931, 'F', '2017-07-03 12:08:20'),
       (67913, 4931, 'F', '2017-07-03 12:08:20'),
       (67896, 4931, 'F', '2017-07-03 12:08:20'),
       (67914, 4931, 'F', '2017-07-03 12:08:20'),
       (67893, 4931, 'F', '2017-07-03 12:08:20'),
       (67915, 4931, 'F', '2017-07-03 12:08:20'),
       (67895, 4931, 'F', '2017-07-03 12:08:20'),
       (67894, 4931, 'F', '2017-07-03 12:08:20'),
       (67920, 4933, 'R', '2017-07-03 13:45:40'),
       (67818, 4933, 'F', '2017-07-03 13:45:40'),
       (67883, 4933, 'F', '2017-07-03 13:45:40'),
       (67819, 4933, 'F', '2017-07-03 13:45:40'),
       (67900, 4933, 'F', '2017-07-03 13:45:40'),
       (67881, 4933, 'F', '2017-07-03 13:45:40'),
       (67901, 4933, 'F', '2017-07-03 13:45:40'),
       (67882, 4933, 'F', '2017-07-03 13:45:40'),
       (67886, 4933, 'F', '2017-07-03 13:45:40'),
       (67887, 4933, 'F', '2017-07-03 13:45:40'),
       (67885, 4933, 'F', '2017-07-03 13:45:40'),
       (67897, 4933, 'F', '2017-07-03 13:45:40'),
       (67902, 4933, 'F', '2017-07-03 13:45:40'),
       (67903, 4933, 'F', '2017-07-03 13:45:40'),
       (67907, 4933, 'F', '2017-07-03 13:45:40'),
       (67827, 4933, 'F', '2017-07-03 13:45:40'),
       (67831, 4933, 'F', '2017-07-03 13:45:40'),
       (67835, 4933, 'F', '2017-07-03 13:45:40'),
       (67898, 4933, 'F', '2017-07-03 13:45:40'),
       (67899, 4933, 'F', '2017-07-03 13:45:40'),
       (67826, 4933, 'F', '2017-07-03 13:45:40'),
       (67888, 4933, 'F', '2017-07-03 13:45:40'),
       (67908, 4933, 'F', '2017-07-03 13:45:40'),
       (67909, 4933, 'F', '2017-07-03 13:45:40'),
       (67889, 4933, 'F', '2017-07-03 13:45:40'),
       (67910, 4933, 'F', '2017-07-03 13:45:40'),
       (67890, 4933, 'F', '2017-07-03 13:45:40'),
       (67912, 4933, 'F', '2017-07-03 13:45:40'),
       (67891, 4933, 'F', '2017-07-03 13:45:40'),
       (67913, 4933, 'F', '2017-07-03 13:45:40'),
       (67896, 4933, 'F', '2017-07-03 13:45:40'),
       (67914, 4933, 'F', '2017-07-03 13:45:40'),
       (67893, 4933, 'F', '2017-07-03 13:45:40'),
       (67915, 4933, 'F', '2017-07-03 13:45:40'),
       (67895, 4933, 'F', '2017-07-03 13:45:40'),
       (67894, 4933, 'F', '2017-07-03 13:45:40'),
       (67902, 4934, 'R', '2017-07-27 00:50:14'),
       (67903, 4934, 'F', '2017-07-27 00:50:14'),
       (67883, 4935, 'R', '2017-09-14 03:10:53'),
       (67819, 4935, 'R', '2017-09-14 03:10:53'),
       (67900, 4935, 'R', '2017-09-14 03:10:53'),
       (67902, 4935, 'R', '2017-09-14 03:10:53'),
       (67903, 4935, 'R', '2017-09-14 03:10:53'),
       (67826, 4935, 'R', '2017-09-14 03:10:53'),
       (67881, 4935, 'F', '2017-09-14 03:10:53'),
       (67901, 4935, 'F', '2017-09-14 03:10:53'),
       (67882, 4935, 'F', '2017-09-14 03:10:53'),
       (67825, 4935, 'F', '2017-09-14 03:10:53'),
       (67886, 4935, 'F', '2017-09-14 03:10:53'),
       (67887, 4935, 'F', '2017-09-14 03:10:53'),
       (67885, 4935, 'F', '2017-09-14 03:10:53'),
       (67897, 4935, 'F', '2017-09-14 03:10:53');

-- --------------------------------------------------------

--
-- Table structure for table `client_form_field_access`
--

CREATE TABLE `client_form_field_access`
(
    `access_id`      int(11) UNSIGNED NOT NULL,
    `role_id`        int(11)                   DEFAULT NULL,
    `field_id`       int(11) UNSIGNED          DEFAULT NULL,
    `client_type_id` int(11) UNSIGNED          DEFAULT NULL,
    `status`         enum ('R','F')   NOT NULL DEFAULT 'R' COMMENT 'R=read only, F=full access'
) ENGINE = InnoDB
  DEFAULT CHARSET = utf8 COMMENT ='Identifies if specific role has access to specific case''s field. If there is no record here - role has not access to the field. Because the same field can be used in different case types - case type id is used here too.';

--
-- Dumping data for table `client_form_field_access`
--

INSERT INTO `client_form_field_access` (`access_id`, `role_id`, `field_id`, `client_type_id`, `status`)
VALUES (572141, 4812, 67701, 1049, 'F'),
       (572142, 4812, 67702, 1049, 'F'),
       (572143, 4812, 67703, 1049, 'F'),
       (572144, 4812, 67704, 1049, 'F'),
       (572145, 4812, 67705, 1049, 'F'),
       (572146, 4812, 67706, 1049, 'F'),
       (572147, 4812, 67707, 1049, 'F'),
       (572148, 4812, 67708, 1049, 'F'),
       (572149, 4812, 67709, 1049, 'F'),
       (572150, 4812, 67723, 1049, 'F'),
       (572151, 4812, 67724, 1049, 'F'),
       (572152, 4812, 67725, 1049, 'F'),
       (572153, 4812, 67726, 1049, 'F'),
       (572154, 4812, 67727, 1049, 'F'),
       (572155, 4812, 67728, 1049, 'F'),
       (572156, 4812, 67729, 1049, 'F'),
       (572157, 4812, 67730, 1049, 'F'),
       (572158, 4812, 67731, 1049, 'F'),
       (572159, 4812, 67732, 1049, 'F'),
       (572160, 4812, 67739, 1049, 'F'),
       (572161, 4812, 67740, 1049, 'F'),
       (572162, 4812, 67741, 1049, 'F'),
       (572163, 4812, 67742, 1049, 'F'),
       (572164, 4812, 67743, 1049, 'F'),
       (572165, 4812, 67744, 1049, 'F'),
       (572166, 4812, 67745, 1049, 'F'),
       (572167, 4812, 67746, 1049, 'F'),
       (572168, 4812, 67747, 1049, 'F'),
       (572169, 4812, 67748, 1049, 'F'),
       (572170, 4812, 67749, 1049, 'F'),
       (572171, 4812, 67750, 1049, 'F'),
       (572172, 4812, 67751, 1049, 'F'),
       (572173, 4812, 67752, 1049, 'F'),
       (572174, 4812, 67758, 1049, 'F'),
       (572175, 4812, 67757, 1049, 'F'),
       (572176, 4812, 67759, 1049, 'F'),
       (572177, 4812, 67760, 1049, 'F'),
       (572178, 4812, 67753, 1049, 'F'),
       (572179, 4812, 67754, 1049, 'F'),
       (572180, 4812, 67755, 1049, 'F'),
       (572181, 4812, 67756, 1049, 'F'),
       (572182, 4812, 67764, 1049, 'F'),
       (572183, 4812, 67761, 1049, 'F'),
       (572184, 4812, 67762, 1049, 'F'),
       (572185, 4812, 67763, 1049, 'F'),
       (572186, 4812, 67711, 1049, 'F'),
       (572187, 4812, 67712, 1049, 'F'),
       (572188, 4812, 67713, 1049, 'F'),
       (572189, 4812, 67714, 1049, 'F'),
       (572190, 4812, 67715, 1049, 'F'),
       (572191, 4812, 67716, 1049, 'F'),
       (572192, 4812, 67717, 1049, 'F'),
       (572193, 4812, 67718, 1049, 'F'),
       (572194, 4812, 67719, 1049, 'F'),
       (572195, 4812, 67720, 1049, 'F'),
       (572196, 4812, 67721, 1049, 'F'),
       (572197, 4812, 67722, 1049, 'F'),
       (572198, 4812, 67733, 1049, 'F'),
       (572199, 4812, 67734, 1049, 'F'),
       (572200, 4812, 67735, 1049, 'F'),
       (572201, 4812, 67736, 1049, 'F'),
       (572202, 4812, 67737, 1049, 'F'),
       (572203, 4812, 67738, 1049, 'F'),
       (572204, 4812, 67697, 1049, 'F'),
       (572205, 4812, 67698, 1049, 'F'),
       (572206, 4812, 67699, 1049, 'F'),
       (572207, 4812, 67700, 1049, 'F'),
       (572208, 4812, 67710, 1049, 'F'),
       (572209, 4812, 67701, 1050, 'F'),
       (572210, 4812, 67702, 1050, 'F'),
       (572211, 4812, 67703, 1050, 'F'),
       (572212, 4812, 67649, 1050, 'F'),
       (572213, 4812, 67706, 1050, 'F'),
       (572214, 4812, 67707, 1050, 'F'),
       (572215, 4812, 67708, 1050, 'F'),
       (572216, 4812, 67709, 1050, 'F'),
       (572217, 4812, 67654, 1050, 'F'),
       (572218, 4812, 67653, 1050, 'F'),
       (572219, 4812, 67656, 1050, 'F'),
       (572220, 4812, 67657, 1050, 'F'),
       (572221, 4812, 67655, 1050, 'F'),
       (572222, 4812, 67650, 1050, 'F'),
       (572223, 4812, 67651, 1050, 'F'),
       (572224, 4812, 67652, 1050, 'F'),
       (572225, 4812, 67697, 1050, 'F'),
       (572226, 4812, 67698, 1050, 'F'),
       (572227, 4812, 67700, 1050, 'F'),
       (572228, 4812, 67699, 1050, 'F'),
       (572229, 4812, 67710, 1050, 'F'),
       (572230, 4812, 67701, 1051, 'F'),
       (572231, 4812, 67702, 1051, 'F'),
       (572232, 4812, 67703, 1051, 'F'),
       (572233, 4812, 67649, 1051, 'F'),
       (572234, 4812, 67707, 1051, 'F'),
       (572235, 4812, 67708, 1051, 'F'),
       (572236, 4812, 67709, 1051, 'F'),
       (572237, 4812, 67697, 1051, 'F'),
       (572238, 4812, 67698, 1051, 'F'),
       (572239, 4812, 67700, 1051, 'F'),
       (572240, 4812, 67699, 1051, 'F'),
       (572241, 4812, 67701, 1052, 'F'),
       (572242, 4812, 67702, 1052, 'F'),
       (572243, 4812, 67703, 1052, 'F'),
       (572244, 4812, 67704, 1052, 'F'),
       (572245, 4812, 67706, 1052, 'F'),
       (572246, 4812, 67707, 1052, 'F'),
       (572247, 4812, 67708, 1052, 'F'),
       (572248, 4812, 67709, 1052, 'F'),
       (572249, 4812, 67723, 1052, 'F'),
       (572250, 4812, 67724, 1052, 'F'),
       (572251, 4812, 67725, 1052, 'F'),
       (572252, 4812, 67726, 1052, 'F'),
       (572253, 4812, 67727, 1052, 'F'),
       (572254, 4812, 67728, 1052, 'F'),
       (572255, 4812, 67729, 1052, 'F'),
       (572256, 4812, 67730, 1052, 'F'),
       (572257, 4812, 67731, 1052, 'F'),
       (572258, 4812, 67732, 1052, 'F'),
       (572259, 4812, 67739, 1052, 'F'),
       (572260, 4812, 67740, 1052, 'F'),
       (572261, 4812, 67741, 1052, 'F'),
       (572262, 4812, 67742, 1052, 'F'),
       (572263, 4812, 67743, 1052, 'F'),
       (572264, 4812, 67744, 1052, 'F'),
       (572265, 4812, 67745, 1052, 'F'),
       (572266, 4812, 67746, 1052, 'F'),
       (572267, 4812, 67747, 1052, 'F'),
       (572268, 4812, 67748, 1052, 'F'),
       (572269, 4812, 67749, 1052, 'F'),
       (572270, 4812, 67750, 1052, 'F'),
       (572271, 4812, 67751, 1052, 'F'),
       (572272, 4812, 67752, 1052, 'F'),
       (572273, 4812, 67680, 1052, 'F'),
       (572274, 4812, 67679, 1052, 'F'),
       (572275, 4812, 67682, 1052, 'F'),
       (572276, 4812, 67678, 1052, 'F'),
       (572277, 4812, 67711, 1052, 'F'),
       (572278, 4812, 67712, 1052, 'F'),
       (572279, 4812, 67713, 1052, 'F'),
       (572280, 4812, 67714, 1052, 'F'),
       (572281, 4812, 67715, 1052, 'F'),
       (572282, 4812, 67716, 1052, 'F'),
       (572283, 4812, 67717, 1052, 'F'),
       (572284, 4812, 67718, 1052, 'F'),
       (572285, 4812, 67719, 1052, 'F'),
       (572286, 4812, 67720, 1052, 'F'),
       (572287, 4812, 67721, 1052, 'F'),
       (572288, 4812, 67722, 1052, 'F'),
       (572289, 4812, 67733, 1052, 'F'),
       (572290, 4812, 67734, 1052, 'F'),
       (572291, 4812, 67735, 1052, 'F'),
       (572292, 4812, 67736, 1052, 'F'),
       (572293, 4812, 67737, 1052, 'F'),
       (572294, 4812, 67738, 1052, 'F'),
       (572295, 4812, 67697, 1052, 'F'),
       (572296, 4812, 67698, 1052, 'F'),
       (572297, 4812, 67699, 1052, 'F'),
       (572298, 4812, 67700, 1052, 'F'),
       (572299, 4812, 67710, 1052, 'F'),
       (572300, 4812, 67701, 1053, 'F'),
       (572301, 4812, 67702, 1053, 'F'),
       (572302, 4812, 67703, 1053, 'F'),
       (572303, 4812, 67704, 1053, 'F'),
       (572304, 4812, 67706, 1053, 'F'),
       (572305, 4812, 67707, 1053, 'F'),
       (572306, 4812, 67708, 1053, 'F'),
       (572307, 4812, 67709, 1053, 'F'),
       (572308, 4812, 67723, 1053, 'F'),
       (572309, 4812, 67724, 1053, 'F'),
       (572310, 4812, 67725, 1053, 'F'),
       (572311, 4812, 67726, 1053, 'F'),
       (572312, 4812, 67727, 1053, 'F'),
       (572313, 4812, 67728, 1053, 'F'),
       (572314, 4812, 67729, 1053, 'F'),
       (572315, 4812, 67730, 1053, 'F'),
       (572316, 4812, 67731, 1053, 'F'),
       (572317, 4812, 67732, 1053, 'F'),
       (572318, 4812, 67739, 1053, 'F'),
       (572319, 4812, 67740, 1053, 'F'),
       (572320, 4812, 67741, 1053, 'F'),
       (572321, 4812, 67742, 1053, 'F'),
       (572322, 4812, 67743, 1053, 'F'),
       (572323, 4812, 67744, 1053, 'F'),
       (572324, 4812, 67745, 1053, 'F'),
       (572325, 4812, 67746, 1053, 'F'),
       (572326, 4812, 67747, 1053, 'F'),
       (572327, 4812, 67748, 1053, 'F'),
       (572328, 4812, 67749, 1053, 'F'),
       (572329, 4812, 67750, 1053, 'F'),
       (572330, 4812, 67751, 1053, 'F'),
       (572331, 4812, 67752, 1053, 'F'),
       (572332, 4812, 67663, 1053, 'F'),
       (572333, 4812, 67660, 1053, 'F'),
       (572334, 4812, 67658, 1053, 'F'),
       (572335, 4812, 67659, 1053, 'F'),
       (572336, 4812, 67662, 1053, 'F'),
       (572337, 4812, 67680, 1053, 'F'),
       (572338, 4812, 67679, 1053, 'F'),
       (572339, 4812, 67682, 1053, 'F'),
       (572340, 4812, 67678, 1053, 'F'),
       (572341, 4812, 67711, 1053, 'F'),
       (572342, 4812, 67712, 1053, 'F'),
       (572343, 4812, 67713, 1053, 'F'),
       (572344, 4812, 67714, 1053, 'F'),
       (572345, 4812, 67715, 1053, 'F'),
       (572346, 4812, 67716, 1053, 'F'),
       (572347, 4812, 67717, 1053, 'F'),
       (572348, 4812, 67718, 1053, 'F'),
       (572349, 4812, 67719, 1053, 'F'),
       (572350, 4812, 67720, 1053, 'F'),
       (572351, 4812, 67721, 1053, 'F'),
       (572352, 4812, 67722, 1053, 'F'),
       (572353, 4812, 67733, 1053, 'F'),
       (572354, 4812, 67734, 1053, 'F'),
       (572355, 4812, 67735, 1053, 'F'),
       (572356, 4812, 67736, 1053, 'F'),
       (572357, 4812, 67737, 1053, 'F'),
       (572358, 4812, 67738, 1053, 'F'),
       (572359, 4812, 67697, 1053, 'F'),
       (572360, 4812, 67698, 1053, 'F'),
       (572361, 4812, 67699, 1053, 'F'),
       (572362, 4812, 67700, 1053, 'F'),
       (572363, 4812, 67710, 1053, 'F'),
       (572364, 4812, 67701, 1054, 'F'),
       (572365, 4812, 67702, 1054, 'F'),
       (572366, 4812, 67703, 1054, 'F'),
       (572367, 4812, 67704, 1054, 'F'),
       (572368, 4812, 67706, 1054, 'F'),
       (572369, 4812, 67707, 1054, 'F'),
       (572370, 4812, 67708, 1054, 'F'),
       (572371, 4812, 67709, 1054, 'F'),
       (572372, 4812, 67723, 1054, 'F'),
       (572373, 4812, 67724, 1054, 'F'),
       (572374, 4812, 67725, 1054, 'F'),
       (572375, 4812, 67726, 1054, 'F'),
       (572376, 4812, 67727, 1054, 'F'),
       (572377, 4812, 67728, 1054, 'F'),
       (572378, 4812, 67729, 1054, 'F'),
       (572379, 4812, 67730, 1054, 'F'),
       (572380, 4812, 67731, 1054, 'F'),
       (572381, 4812, 67732, 1054, 'F'),
       (572382, 4812, 67675, 1054, 'F'),
       (572383, 4812, 67671, 1054, 'F'),
       (572384, 4812, 67667, 1054, 'F'),
       (572385, 4812, 67664, 1054, 'F'),
       (572386, 4812, 67676, 1054, 'F'),
       (572387, 4812, 67670, 1054, 'F'),
       (572388, 4812, 67669, 1054, 'F'),
       (572389, 4812, 67665, 1054, 'F'),
       (572390, 4812, 67677, 1054, 'F'),
       (572391, 4812, 67674, 1054, 'F'),
       (572392, 4812, 67668, 1054, 'F'),
       (572393, 4812, 67666, 1054, 'F'),
       (572394, 4812, 67681, 1054, 'F'),
       (572395, 4812, 67673, 1054, 'F'),
       (572396, 4812, 67672, 1054, 'F'),
       (572397, 4812, 67711, 1054, 'F'),
       (572398, 4812, 67712, 1054, 'F'),
       (572399, 4812, 67713, 1054, 'F'),
       (572400, 4812, 67714, 1054, 'F'),
       (572401, 4812, 67715, 1054, 'F'),
       (572402, 4812, 67716, 1054, 'F'),
       (572403, 4812, 67717, 1054, 'F'),
       (572404, 4812, 67718, 1054, 'F'),
       (572405, 4812, 67719, 1054, 'F'),
       (572406, 4812, 67720, 1054, 'F'),
       (572407, 4812, 67721, 1054, 'F'),
       (572408, 4812, 67722, 1054, 'F'),
       (572409, 4812, 67733, 1054, 'F'),
       (572410, 4812, 67734, 1054, 'F'),
       (572411, 4812, 67735, 1054, 'F'),
       (572412, 4812, 67736, 1054, 'F'),
       (572413, 4812, 67737, 1054, 'F'),
       (572414, 4812, 67738, 1054, 'F'),
       (572415, 4812, 67697, 1054, 'F'),
       (572416, 4812, 67698, 1054, 'F'),
       (572417, 4812, 67699, 1054, 'F'),
       (572418, 4812, 67700, 1054, 'F'),
       (572419, 4812, 67710, 1054, 'F'),
       (572420, 4812, 67701, 1055, 'F'),
       (572421, 4812, 67702, 1055, 'F'),
       (572422, 4812, 67703, 1055, 'F'),
       (572423, 4812, 67706, 1055, 'F'),
       (572424, 4812, 67707, 1055, 'F'),
       (572425, 4812, 67708, 1055, 'F'),
       (572426, 4812, 67709, 1055, 'F'),
       (572427, 4812, 67684, 1055, 'F'),
       (572428, 4812, 67686, 1055, 'F'),
       (572429, 4812, 67685, 1055, 'F'),
       (572430, 4812, 67687, 1055, 'F'),
       (572431, 4812, 67689, 1055, 'F'),
       (572432, 4812, 67729, 1055, 'F'),
       (572433, 4812, 67688, 1055, 'F'),
       (572434, 4812, 67695, 1055, 'F'),
       (572435, 4812, 67696, 1055, 'F'),
       (572436, 4812, 67697, 1055, 'F'),
       (572437, 4812, 67698, 1055, 'F'),
       (572438, 4812, 67699, 1055, 'F'),
       (572439, 4812, 67700, 1055, 'F'),
       (572440, 4812, 67710, 1055, 'F'),
       (572441, 4812, 67701, 1056, 'F'),
       (572442, 4812, 67702, 1056, 'F'),
       (572443, 4812, 67703, 1056, 'F'),
       (572444, 4812, 67707, 1056, 'F'),
       (572445, 4812, 67708, 1056, 'F'),
       (572446, 4812, 67709, 1056, 'F'),
       (572447, 4812, 67697, 1056, 'F'),
       (572448, 4812, 67698, 1056, 'F'),
       (572449, 4812, 67699, 1056, 'F'),
       (572450, 4812, 67700, 1056, 'F'),
       (572451, 4812, 67701, 1057, 'F'),
       (572452, 4812, 67702, 1057, 'F'),
       (572453, 4812, 67703, 1057, 'F'),
       (572454, 4812, 67706, 1057, 'F'),
       (572455, 4812, 67707, 1057, 'F'),
       (572456, 4812, 67708, 1057, 'F'),
       (572457, 4812, 67709, 1057, 'F'),
       (572458, 4812, 67723, 1057, 'F'),
       (572459, 4812, 67690, 1057, 'F'),
       (572460, 4812, 67691, 1057, 'F'),
       (572461, 4812, 67692, 1057, 'F'),
       (572462, 4812, 67693, 1057, 'F'),
       (572463, 4812, 67661, 1057, 'F'),
       (572464, 4812, 67683, 1057, 'F'),
       (572465, 4812, 67694, 1057, 'F'),
       (572466, 4812, 67711, 1057, 'F'),
       (572467, 4812, 67712, 1057, 'F'),
       (572468, 4812, 67713, 1057, 'F'),
       (572469, 4812, 67714, 1057, 'F'),
       (572470, 4812, 67715, 1057, 'F'),
       (572471, 4812, 67716, 1057, 'F'),
       (572472, 4812, 67717, 1057, 'F'),
       (572473, 4812, 67718, 1057, 'F'),
       (572474, 4812, 67719, 1057, 'F'),
       (572475, 4812, 67720, 1057, 'F'),
       (572476, 4812, 67721, 1057, 'F'),
       (572477, 4812, 67722, 1057, 'F'),
       (572478, 4812, 67697, 1057, 'F'),
       (572479, 4812, 67698, 1057, 'F'),
       (572480, 4812, 67699, 1057, 'F'),
       (572481, 4812, 67700, 1057, 'F'),
       (572482, 4812, 67710, 1057, 'F'),
       (572483, 4812, 67701, 1058, 'F'),
       (572484, 4812, 67702, 1058, 'F'),
       (572485, 4812, 67703, 1058, 'F'),
       (572486, 4812, 67649, 1058, 'F'),
       (572487, 4812, 67706, 1058, 'F'),
       (572488, 4812, 67707, 1058, 'F'),
       (572489, 4812, 67708, 1058, 'F'),
       (572490, 4812, 67709, 1058, 'F'),
       (572491, 4812, 67654, 1058, 'F'),
       (572492, 4812, 67653, 1058, 'F'),
       (572493, 4812, 67656, 1058, 'F'),
       (572494, 4812, 67657, 1058, 'F'),
       (572495, 4812, 67655, 1058, 'F'),
       (572496, 4812, 67650, 1058, 'F'),
       (572497, 4812, 67651, 1058, 'F'),
       (572498, 4812, 67697, 1058, 'F'),
       (572499, 4812, 67698, 1058, 'F'),
       (572500, 4812, 67700, 1058, 'F'),
       (572501, 4812, 67699, 1058, 'F'),
       (572502, 4812, 67710, 1058, 'F'),
       (572570, 4813, 67724, 1049, 'R'),
       (572571, 4813, 67725, 1049, 'R'),
       (572572, 4813, 67726, 1049, 'R'),
       (572573, 4813, 67727, 1049, 'R'),
       (572574, 4813, 67728, 1049, 'R'),
       (572575, 4813, 67729, 1049, 'R'),
       (572576, 4813, 67730, 1049, 'R'),
       (572577, 4813, 67731, 1049, 'R'),
       (572578, 4813, 67732, 1049, 'R'),
       (572579, 4813, 67740, 1049, 'R'),
       (572580, 4813, 67741, 1049, 'R'),
       (572581, 4813, 67742, 1049, 'R'),
       (572582, 4813, 67743, 1049, 'R'),
       (572583, 4813, 67757, 1049, 'R'),
       (572584, 4813, 67753, 1049, 'R'),
       (572585, 4813, 67754, 1049, 'R'),
       (572586, 4813, 67755, 1049, 'R'),
       (572587, 4813, 67756, 1049, 'R'),
       (572588, 4813, 67762, 1049, 'R'),
       (572589, 4813, 67763, 1049, 'R'),
       (572590, 4813, 67653, 1050, 'R'),
       (572591, 4813, 67656, 1050, 'R'),
       (572592, 4813, 67657, 1050, 'R'),
       (572593, 4813, 67655, 1050, 'R'),
       (572594, 4813, 67650, 1050, 'R'),
       (572595, 4813, 67651, 1050, 'R'),
       (572596, 4813, 67652, 1050, 'R'),
       (572597, 4813, 67724, 1052, 'R'),
       (572598, 4813, 67725, 1052, 'R'),
       (572599, 4813, 67726, 1052, 'R'),
       (572600, 4813, 67727, 1052, 'R'),
       (572601, 4813, 67728, 1052, 'R'),
       (572602, 4813, 67729, 1052, 'R'),
       (572603, 4813, 67730, 1052, 'R'),
       (572604, 4813, 67731, 1052, 'R'),
       (572605, 4813, 67732, 1052, 'R'),
       (572606, 4813, 67740, 1052, 'R'),
       (572607, 4813, 67741, 1052, 'R'),
       (572608, 4813, 67742, 1052, 'R'),
       (572609, 4813, 67743, 1052, 'R'),
       (572610, 4813, 67680, 1052, 'R'),
       (572611, 4813, 67679, 1052, 'R'),
       (572612, 4813, 67682, 1052, 'R'),
       (572613, 4813, 67678, 1052, 'R'),
       (572614, 4813, 67724, 1053, 'R'),
       (572615, 4813, 67725, 1053, 'R'),
       (572616, 4813, 67726, 1053, 'R'),
       (572617, 4813, 67727, 1053, 'R'),
       (572618, 4813, 67728, 1053, 'R'),
       (572619, 4813, 67729, 1053, 'R'),
       (572620, 4813, 67730, 1053, 'R'),
       (572621, 4813, 67731, 1053, 'R'),
       (572622, 4813, 67732, 1053, 'R'),
       (572623, 4813, 67740, 1053, 'R'),
       (572624, 4813, 67741, 1053, 'R'),
       (572625, 4813, 67742, 1053, 'R'),
       (572626, 4813, 67743, 1053, 'R'),
       (572627, 4813, 67660, 1053, 'R'),
       (572628, 4813, 67658, 1053, 'R'),
       (572629, 4813, 67659, 1053, 'R'),
       (572630, 4813, 67662, 1053, 'R'),
       (572631, 4813, 67680, 1053, 'R'),
       (572632, 4813, 67679, 1053, 'R'),
       (572633, 4813, 67682, 1053, 'R'),
       (572634, 4813, 67678, 1053, 'R'),
       (572635, 4813, 67724, 1054, 'R'),
       (572636, 4813, 67725, 1054, 'R'),
       (572637, 4813, 67726, 1054, 'R'),
       (572638, 4813, 67727, 1054, 'R'),
       (572639, 4813, 67728, 1054, 'R'),
       (572640, 4813, 67729, 1054, 'R'),
       (572641, 4813, 67730, 1054, 'R'),
       (572642, 4813, 67731, 1054, 'R'),
       (572643, 4813, 67732, 1054, 'R'),
       (572644, 4813, 67686, 1055, 'R'),
       (572645, 4813, 67685, 1055, 'R'),
       (572646, 4813, 67687, 1055, 'R'),
       (572647, 4813, 67689, 1055, 'R'),
       (572648, 4813, 67729, 1055, 'R'),
       (572649, 4813, 67688, 1055, 'R'),
       (572650, 4813, 67695, 1055, 'R'),
       (572651, 4813, 67696, 1055, 'R'),
       (572652, 4813, 67690, 1057, 'R'),
       (572653, 4813, 67691, 1057, 'R'),
       (572654, 4813, 67692, 1057, 'R'),
       (572655, 4813, 67693, 1057, 'R'),
       (572656, 4813, 67661, 1057, 'R'),
       (572657, 4813, 67683, 1057, 'R'),
       (572658, 4813, 67694, 1057, 'R'),
       (572659, 4813, 67653, 1058, 'R'),
       (572660, 4813, 67656, 1058, 'R'),
       (572661, 4813, 67657, 1058, 'R'),
       (572662, 4813, 67655, 1058, 'R'),
       (572663, 4813, 67650, 1058, 'R'),
       (572664, 4813, 67651, 1058, 'R'),
       (572665, 4813, 67701, 1049, 'F'),
       (572666, 4813, 67702, 1049, 'F'),
       (572667, 4813, 67703, 1049, 'F'),
       (572668, 4813, 67704, 1049, 'F'),
       (572669, 4813, 67705, 1049, 'F'),
       (572670, 4813, 67706, 1049, 'F'),
       (572671, 4813, 67707, 1049, 'F'),
       (572672, 4813, 67708, 1049, 'F'),
       (572673, 4813, 67709, 1049, 'F'),
       (572674, 4813, 67723, 1049, 'F'),
       (572675, 4813, 67739, 1049, 'F'),
       (572676, 4813, 67744, 1049, 'F'),
       (572677, 4813, 67745, 1049, 'F'),
       (572678, 4813, 67746, 1049, 'F'),
       (572679, 4813, 67747, 1049, 'F'),
       (572680, 4813, 67748, 1049, 'F'),
       (572681, 4813, 67749, 1049, 'F'),
       (572682, 4813, 67750, 1049, 'F'),
       (572683, 4813, 67751, 1049, 'F'),
       (572684, 4813, 67752, 1049, 'F'),
       (572685, 4813, 67758, 1049, 'F'),
       (572686, 4813, 67759, 1049, 'F'),
       (572687, 4813, 67760, 1049, 'F'),
       (572688, 4813, 67764, 1049, 'F'),
       (572689, 4813, 67761, 1049, 'F'),
       (572690, 4813, 67711, 1049, 'F'),
       (572691, 4813, 67712, 1049, 'F'),
       (572692, 4813, 67713, 1049, 'F'),
       (572693, 4813, 67714, 1049, 'F'),
       (572694, 4813, 67715, 1049, 'F'),
       (572695, 4813, 67716, 1049, 'F'),
       (572696, 4813, 67717, 1049, 'F'),
       (572697, 4813, 67718, 1049, 'F'),
       (572698, 4813, 67719, 1049, 'F'),
       (572699, 4813, 67720, 1049, 'F'),
       (572700, 4813, 67721, 1049, 'F'),
       (572701, 4813, 67722, 1049, 'F'),
       (572702, 4813, 67733, 1049, 'F'),
       (572703, 4813, 67734, 1049, 'F'),
       (572704, 4813, 67735, 1049, 'F'),
       (572705, 4813, 67736, 1049, 'F'),
       (572706, 4813, 67737, 1049, 'F'),
       (572707, 4813, 67738, 1049, 'F'),
       (572708, 4813, 67697, 1049, 'F'),
       (572709, 4813, 67698, 1049, 'F'),
       (572710, 4813, 67699, 1049, 'F'),
       (572711, 4813, 67700, 1049, 'F'),
       (572712, 4813, 67710, 1049, 'F'),
       (572713, 4813, 67701, 1050, 'F'),
       (572714, 4813, 67702, 1050, 'F'),
       (572715, 4813, 67703, 1050, 'F'),
       (572716, 4813, 67649, 1050, 'F'),
       (572717, 4813, 67706, 1050, 'F'),
       (572718, 4813, 67707, 1050, 'F'),
       (572719, 4813, 67708, 1050, 'F'),
       (572720, 4813, 67709, 1050, 'F'),
       (572721, 4813, 67654, 1050, 'F'),
       (572722, 4813, 67697, 1050, 'F'),
       (572723, 4813, 67698, 1050, 'F'),
       (572724, 4813, 67700, 1050, 'F'),
       (572725, 4813, 67699, 1050, 'F'),
       (572726, 4813, 67710, 1050, 'F'),
       (572727, 4813, 67702, 1051, 'F'),
       (572728, 4813, 67703, 1051, 'F'),
       (572729, 4813, 67649, 1051, 'F'),
       (572730, 4813, 67707, 1051, 'F'),
       (572731, 4813, 67708, 1051, 'F'),
       (572732, 4813, 67709, 1051, 'F'),
       (572733, 4813, 67697, 1051, 'F'),
       (572734, 4813, 67698, 1051, 'F'),
       (572735, 4813, 67700, 1051, 'F'),
       (572736, 4813, 67699, 1051, 'F'),
       (572737, 4813, 67701, 1052, 'F'),
       (572738, 4813, 67702, 1052, 'F'),
       (572739, 4813, 67703, 1052, 'F'),
       (572740, 4813, 67704, 1052, 'F'),
       (572741, 4813, 67706, 1052, 'F'),
       (572742, 4813, 67707, 1052, 'F'),
       (572743, 4813, 67708, 1052, 'F'),
       (572744, 4813, 67709, 1052, 'F'),
       (572745, 4813, 67723, 1052, 'F'),
       (572746, 4813, 67739, 1052, 'F'),
       (572747, 4813, 67744, 1052, 'F'),
       (572748, 4813, 67745, 1052, 'F'),
       (572749, 4813, 67746, 1052, 'F'),
       (572750, 4813, 67747, 1052, 'F'),
       (572751, 4813, 67748, 1052, 'F'),
       (572752, 4813, 67749, 1052, 'F'),
       (572753, 4813, 67750, 1052, 'F'),
       (572754, 4813, 67751, 1052, 'F'),
       (572755, 4813, 67752, 1052, 'F'),
       (572756, 4813, 67711, 1052, 'F'),
       (572757, 4813, 67712, 1052, 'F'),
       (572758, 4813, 67713, 1052, 'F'),
       (572759, 4813, 67714, 1052, 'F'),
       (572760, 4813, 67715, 1052, 'F'),
       (572761, 4813, 67716, 1052, 'F'),
       (572762, 4813, 67717, 1052, 'F'),
       (572763, 4813, 67718, 1052, 'F'),
       (572764, 4813, 67719, 1052, 'F'),
       (572765, 4813, 67720, 1052, 'F'),
       (572766, 4813, 67721, 1052, 'F'),
       (572767, 4813, 67722, 1052, 'F'),
       (572768, 4813, 67733, 1052, 'F'),
       (572769, 4813, 67734, 1052, 'F'),
       (572770, 4813, 67735, 1052, 'F'),
       (572771, 4813, 67736, 1052, 'F'),
       (572772, 4813, 67737, 1052, 'F'),
       (572773, 4813, 67738, 1052, 'F'),
       (572774, 4813, 67697, 1052, 'F'),
       (572775, 4813, 67698, 1052, 'F'),
       (572776, 4813, 67699, 1052, 'F'),
       (572777, 4813, 67700, 1052, 'F'),
       (572778, 4813, 67710, 1052, 'F'),
       (572779, 4813, 67701, 1053, 'F'),
       (572780, 4813, 67702, 1053, 'F'),
       (572781, 4813, 67703, 1053, 'F'),
       (572782, 4813, 67704, 1053, 'F'),
       (572783, 4813, 67706, 1053, 'F'),
       (572784, 4813, 67707, 1053, 'F'),
       (572785, 4813, 67708, 1053, 'F'),
       (572786, 4813, 67709, 1053, 'F'),
       (572787, 4813, 67723, 1053, 'F'),
       (572788, 4813, 67739, 1053, 'F'),
       (572789, 4813, 67744, 1053, 'F'),
       (572790, 4813, 67745, 1053, 'F'),
       (572791, 4813, 67746, 1053, 'F'),
       (572792, 4813, 67747, 1053, 'F'),
       (572793, 4813, 67748, 1053, 'F'),
       (572794, 4813, 67749, 1053, 'F'),
       (572795, 4813, 67750, 1053, 'F'),
       (572796, 4813, 67751, 1053, 'F'),
       (572797, 4813, 67752, 1053, 'F'),
       (572798, 4813, 67663, 1053, 'F'),
       (572799, 4813, 67711, 1053, 'F'),
       (572800, 4813, 67712, 1053, 'F'),
       (572801, 4813, 67713, 1053, 'F'),
       (572802, 4813, 67714, 1053, 'F'),
       (572803, 4813, 67715, 1053, 'F'),
       (572804, 4813, 67716, 1053, 'F'),
       (572805, 4813, 67717, 1053, 'F'),
       (572806, 4813, 67718, 1053, 'F'),
       (572807, 4813, 67719, 1053, 'F'),
       (572808, 4813, 67720, 1053, 'F'),
       (572809, 4813, 67721, 1053, 'F'),
       (572810, 4813, 67722, 1053, 'F'),
       (572811, 4813, 67733, 1053, 'F'),
       (572812, 4813, 67734, 1053, 'F'),
       (572813, 4813, 67735, 1053, 'F'),
       (572814, 4813, 67736, 1053, 'F'),
       (572815, 4813, 67737, 1053, 'F'),
       (572816, 4813, 67738, 1053, 'F'),
       (572817, 4813, 67697, 1053, 'F'),
       (572818, 4813, 67698, 1053, 'F'),
       (572819, 4813, 67699, 1053, 'F'),
       (572820, 4813, 67700, 1053, 'F'),
       (572821, 4813, 67710, 1053, 'F'),
       (572822, 4813, 67701, 1054, 'F'),
       (572823, 4813, 67702, 1054, 'F'),
       (572824, 4813, 67703, 1054, 'F'),
       (572825, 4813, 67704, 1054, 'F'),
       (572826, 4813, 67706, 1054, 'F'),
       (572827, 4813, 67707, 1054, 'F'),
       (572828, 4813, 67708, 1054, 'F'),
       (572829, 4813, 67709, 1054, 'F'),
       (572830, 4813, 67723, 1054, 'F'),
       (572831, 4813, 67675, 1054, 'F'),
       (572832, 4813, 67671, 1054, 'F'),
       (572833, 4813, 67667, 1054, 'F'),
       (572834, 4813, 67664, 1054, 'F'),
       (572835, 4813, 67676, 1054, 'F'),
       (572836, 4813, 67670, 1054, 'F'),
       (572837, 4813, 67669, 1054, 'F'),
       (572838, 4813, 67665, 1054, 'F'),
       (572839, 4813, 67677, 1054, 'F'),
       (572840, 4813, 67674, 1054, 'F'),
       (572841, 4813, 67668, 1054, 'F'),
       (572842, 4813, 67666, 1054, 'F'),
       (572843, 4813, 67681, 1054, 'F'),
       (572844, 4813, 67673, 1054, 'F'),
       (572845, 4813, 67672, 1054, 'F'),
       (572846, 4813, 67711, 1054, 'F'),
       (572847, 4813, 67712, 1054, 'F'),
       (572848, 4813, 67713, 1054, 'F'),
       (572849, 4813, 67714, 1054, 'F'),
       (572850, 4813, 67715, 1054, 'F'),
       (572851, 4813, 67716, 1054, 'F'),
       (572852, 4813, 67717, 1054, 'F'),
       (572853, 4813, 67718, 1054, 'F'),
       (572854, 4813, 67719, 1054, 'F'),
       (572855, 4813, 67720, 1054, 'F'),
       (572856, 4813, 67721, 1054, 'F'),
       (572857, 4813, 67722, 1054, 'F'),
       (572858, 4813, 67733, 1054, 'F'),
       (572859, 4813, 67734, 1054, 'F'),
       (572860, 4813, 67735, 1054, 'F'),
       (572861, 4813, 67736, 1054, 'F'),
       (572862, 4813, 67737, 1054, 'F'),
       (572863, 4813, 67738, 1054, 'F'),
       (572864, 4813, 67697, 1054, 'F'),
       (572865, 4813, 67698, 1054, 'F'),
       (572866, 4813, 67699, 1054, 'F'),
       (572867, 4813, 67700, 1054, 'F'),
       (572868, 4813, 67710, 1054, 'F'),
       (572869, 4813, 67701, 1055, 'F'),
       (572870, 4813, 67702, 1055, 'F'),
       (572871, 4813, 67703, 1055, 'F'),
       (572872, 4813, 67706, 1055, 'F'),
       (572873, 4813, 67707, 1055, 'F'),
       (572874, 4813, 67708, 1055, 'F'),
       (572875, 4813, 67709, 1055, 'F'),
       (572876, 4813, 67684, 1055, 'F'),
       (572877, 4813, 67697, 1055, 'F'),
       (572878, 4813, 67698, 1055, 'F'),
       (572879, 4813, 67699, 1055, 'F'),
       (572880, 4813, 67700, 1055, 'F'),
       (572881, 4813, 67710, 1055, 'F'),
       (572882, 4813, 67701, 1056, 'F'),
       (572883, 4813, 67702, 1056, 'F'),
       (572884, 4813, 67703, 1056, 'F'),
       (572885, 4813, 67707, 1056, 'F'),
       (572886, 4813, 67708, 1056, 'F'),
       (572887, 4813, 67709, 1056, 'F'),
       (572888, 4813, 67697, 1056, 'F'),
       (572889, 4813, 67698, 1056, 'F'),
       (572890, 4813, 67699, 1056, 'F'),
       (572891, 4813, 67700, 1056, 'F'),
       (572892, 4813, 67701, 1057, 'F'),
       (572893, 4813, 67702, 1057, 'F'),
       (572894, 4813, 67703, 1057, 'F'),
       (572895, 4813, 67706, 1057, 'F'),
       (572896, 4813, 67707, 1057, 'F'),
       (572897, 4813, 67708, 1057, 'F'),
       (572898, 4813, 67709, 1057, 'F'),
       (572899, 4813, 67723, 1057, 'F'),
       (572900, 4813, 67711, 1057, 'F'),
       (572901, 4813, 67712, 1057, 'F'),
       (572902, 4813, 67713, 1057, 'F'),
       (572903, 4813, 67714, 1057, 'F'),
       (572904, 4813, 67715, 1057, 'F'),
       (572905, 4813, 67716, 1057, 'F'),
       (572906, 4813, 67717, 1057, 'F'),
       (572907, 4813, 67718, 1057, 'F'),
       (572908, 4813, 67719, 1057, 'F'),
       (572909, 4813, 67720, 1057, 'F'),
       (572910, 4813, 67721, 1057, 'F'),
       (572911, 4813, 67722, 1057, 'F'),
       (572912, 4813, 67697, 1057, 'F'),
       (572913, 4813, 67698, 1057, 'F'),
       (572914, 4813, 67699, 1057, 'F'),
       (572915, 4813, 67700, 1057, 'F'),
       (572916, 4813, 67710, 1057, 'F'),
       (572917, 4813, 67701, 1058, 'F'),
       (572918, 4813, 67702, 1058, 'F'),
       (572919, 4813, 67703, 1058, 'F'),
       (572920, 4813, 67649, 1058, 'F'),
       (572921, 4813, 67706, 1058, 'F'),
       (572922, 4813, 67707, 1058, 'F'),
       (572923, 4813, 67708, 1058, 'F'),
       (572924, 4813, 67709, 1058, 'F'),
       (572925, 4813, 67654, 1058, 'F'),
       (572926, 4813, 67697, 1058, 'F'),
       (572927, 4813, 67698, 1058, 'F'),
       (572928, 4813, 67700, 1058, 'F'),
       (572929, 4813, 67699, 1058, 'F'),
       (572930, 4813, 67710, 1058, 'F'),
       (573655, 4821, 67701, 1049, 'R'),
       (573656, 4821, 67702, 1049, 'R'),
       (573657, 4821, 67703, 1049, 'R'),
       (573658, 4821, 67704, 1049, 'R'),
       (573659, 4821, 67705, 1049, 'R'),
       (573660, 4821, 67706, 1049, 'R'),
       (573661, 4821, 67707, 1049, 'R'),
       (573662, 4821, 67708, 1049, 'R'),
       (573663, 4821, 67709, 1049, 'R'),
       (573664, 4821, 67723, 1049, 'R'),
       (573665, 4821, 67724, 1049, 'R'),
       (573666, 4821, 67725, 1049, 'R'),
       (573667, 4821, 67726, 1049, 'R'),
       (573668, 4821, 67727, 1049, 'R'),
       (573669, 4821, 67728, 1049, 'R'),
       (573670, 4821, 67729, 1049, 'R'),
       (573671, 4821, 67730, 1049, 'R'),
       (573672, 4821, 67731, 1049, 'R'),
       (573673, 4821, 67732, 1049, 'R'),
       (573674, 4821, 67739, 1049, 'R'),
       (573675, 4821, 67740, 1049, 'R'),
       (573676, 4821, 67741, 1049, 'R'),
       (573677, 4821, 67742, 1049, 'R'),
       (573678, 4821, 67743, 1049, 'R'),
       (573679, 4821, 67744, 1049, 'R'),
       (573680, 4821, 67745, 1049, 'R'),
       (573681, 4821, 67746, 1049, 'R'),
       (573682, 4821, 67747, 1049, 'R'),
       (573683, 4821, 67748, 1049, 'R'),
       (573684, 4821, 67749, 1049, 'R'),
       (573685, 4821, 67750, 1049, 'R'),
       (573686, 4821, 67751, 1049, 'R'),
       (573687, 4821, 67752, 1049, 'R'),
       (573688, 4821, 67758, 1049, 'R'),
       (573689, 4821, 67757, 1049, 'R'),
       (573690, 4821, 67759, 1049, 'R'),
       (573691, 4821, 67760, 1049, 'R'),
       (573692, 4821, 67753, 1049, 'R'),
       (573693, 4821, 67754, 1049, 'R'),
       (573694, 4821, 67755, 1049, 'R'),
       (573695, 4821, 67756, 1049, 'R'),
       (573696, 4821, 67764, 1049, 'R'),
       (573697, 4821, 67761, 1049, 'R'),
       (573698, 4821, 67762, 1049, 'R'),
       (573699, 4821, 67763, 1049, 'R'),
       (573700, 4821, 67711, 1049, 'R'),
       (573701, 4821, 67712, 1049, 'R'),
       (573702, 4821, 67713, 1049, 'R'),
       (573703, 4821, 67714, 1049, 'R'),
       (573704, 4821, 67715, 1049, 'R'),
       (573705, 4821, 67716, 1049, 'R'),
       (573706, 4821, 67717, 1049, 'R'),
       (573707, 4821, 67718, 1049, 'R'),
       (573708, 4821, 67719, 1049, 'R'),
       (573709, 4821, 67720, 1049, 'R'),
       (573710, 4821, 67721, 1049, 'R'),
       (573711, 4821, 67722, 1049, 'R'),
       (573712, 4821, 67733, 1049, 'R'),
       (573713, 4821, 67734, 1049, 'R'),
       (573714, 4821, 67735, 1049, 'R'),
       (573715, 4821, 67736, 1049, 'R'),
       (573716, 4821, 67737, 1049, 'R'),
       (573717, 4821, 67738, 1049, 'R'),
       (573718, 4821, 67697, 1049, 'R'),
       (573719, 4821, 67698, 1049, 'R'),
       (573720, 4821, 67699, 1049, 'R'),
       (573721, 4821, 67700, 1049, 'R'),
       (573722, 4821, 67710, 1049, 'R'),
       (573723, 4821, 67701, 1050, 'R'),
       (573724, 4821, 67702, 1050, 'R'),
       (573725, 4821, 67703, 1050, 'R'),
       (573726, 4821, 67649, 1050, 'R'),
       (573727, 4821, 67706, 1050, 'R'),
       (573728, 4821, 67707, 1050, 'R'),
       (573729, 4821, 67708, 1050, 'R'),
       (573730, 4821, 67709, 1050, 'R'),
       (573731, 4821, 67654, 1050, 'R'),
       (573732, 4821, 67653, 1050, 'R'),
       (573733, 4821, 67656, 1050, 'R'),
       (573734, 4821, 67657, 1050, 'R'),
       (573735, 4821, 67655, 1050, 'R'),
       (573736, 4821, 67650, 1050, 'R'),
       (573737, 4821, 67651, 1050, 'R'),
       (573738, 4821, 67652, 1050, 'R'),
       (573739, 4821, 67697, 1050, 'R'),
       (573740, 4821, 67698, 1050, 'R'),
       (573741, 4821, 67700, 1050, 'R'),
       (573742, 4821, 67699, 1050, 'R'),
       (573743, 4821, 67710, 1050, 'R'),
       (573744, 4821, 67701, 1051, 'R'),
       (573745, 4821, 67702, 1051, 'R'),
       (573746, 4821, 67703, 1051, 'R'),
       (573747, 4821, 67649, 1051, 'R'),
       (573748, 4821, 67707, 1051, 'R'),
       (573749, 4821, 67708, 1051, 'R'),
       (573750, 4821, 67709, 1051, 'R'),
       (573751, 4821, 67697, 1051, 'R'),
       (573752, 4821, 67698, 1051, 'R'),
       (573753, 4821, 67700, 1051, 'R'),
       (573754, 4821, 67699, 1051, 'R'),
       (573755, 4821, 67701, 1052, 'R'),
       (573756, 4821, 67702, 1052, 'R'),
       (573757, 4821, 67703, 1052, 'R'),
       (573758, 4821, 67704, 1052, 'R'),
       (573759, 4821, 67706, 1052, 'R'),
       (573760, 4821, 67707, 1052, 'R'),
       (573761, 4821, 67708, 1052, 'R'),
       (573762, 4821, 67709, 1052, 'R'),
       (573763, 4821, 67723, 1052, 'R'),
       (573764, 4821, 67724, 1052, 'R'),
       (573765, 4821, 67725, 1052, 'R'),
       (573766, 4821, 67726, 1052, 'R'),
       (573767, 4821, 67727, 1052, 'R'),
       (573768, 4821, 67728, 1052, 'R'),
       (573769, 4821, 67729, 1052, 'R'),
       (573770, 4821, 67730, 1052, 'R'),
       (573771, 4821, 67731, 1052, 'R'),
       (573772, 4821, 67732, 1052, 'R'),
       (573773, 4821, 67739, 1052, 'R'),
       (573774, 4821, 67740, 1052, 'R'),
       (573775, 4821, 67741, 1052, 'R'),
       (573776, 4821, 67742, 1052, 'R'),
       (573777, 4821, 67743, 1052, 'R'),
       (573778, 4821, 67744, 1052, 'R'),
       (573779, 4821, 67745, 1052, 'R'),
       (573780, 4821, 67746, 1052, 'R'),
       (573781, 4821, 67747, 1052, 'R'),
       (573782, 4821, 67748, 1052, 'R'),
       (573783, 4821, 67749, 1052, 'R'),
       (573784, 4821, 67750, 1052, 'R'),
       (573785, 4821, 67751, 1052, 'R'),
       (573786, 4821, 67752, 1052, 'R'),
       (573787, 4821, 67680, 1052, 'R'),
       (573788, 4821, 67679, 1052, 'R'),
       (573789, 4821, 67682, 1052, 'R'),
       (573790, 4821, 67678, 1052, 'R'),
       (573791, 4821, 67711, 1052, 'R'),
       (573792, 4821, 67712, 1052, 'R'),
       (573793, 4821, 67713, 1052, 'R'),
       (573794, 4821, 67714, 1052, 'R'),
       (573795, 4821, 67715, 1052, 'R'),
       (573796, 4821, 67716, 1052, 'R'),
       (573797, 4821, 67717, 1052, 'R'),
       (573798, 4821, 67718, 1052, 'R'),
       (573799, 4821, 67719, 1052, 'R'),
       (573800, 4821, 67720, 1052, 'R'),
       (573801, 4821, 67721, 1052, 'R'),
       (573802, 4821, 67722, 1052, 'R'),
       (573803, 4821, 67733, 1052, 'R'),
       (573804, 4821, 67734, 1052, 'R'),
       (573805, 4821, 67735, 1052, 'R'),
       (573806, 4821, 67736, 1052, 'R'),
       (573807, 4821, 67737, 1052, 'R'),
       (573808, 4821, 67738, 1052, 'R'),
       (573809, 4821, 67697, 1052, 'R'),
       (573810, 4821, 67698, 1052, 'R'),
       (573811, 4821, 67699, 1052, 'R'),
       (573812, 4821, 67700, 1052, 'R'),
       (573813, 4821, 67710, 1052, 'R'),
       (573814, 4821, 67701, 1053, 'R'),
       (573815, 4821, 67702, 1053, 'R'),
       (573816, 4821, 67703, 1053, 'R'),
       (573817, 4821, 67704, 1053, 'R'),
       (573818, 4821, 67706, 1053, 'R'),
       (573819, 4821, 67707, 1053, 'R'),
       (573820, 4821, 67708, 1053, 'R'),
       (573821, 4821, 67709, 1053, 'R'),
       (573822, 4821, 67723, 1053, 'R'),
       (573823, 4821, 67724, 1053, 'R'),
       (573824, 4821, 67725, 1053, 'R'),
       (573825, 4821, 67726, 1053, 'R'),
       (573826, 4821, 67727, 1053, 'R'),
       (573827, 4821, 67728, 1053, 'R'),
       (573828, 4821, 67729, 1053, 'R'),
       (573829, 4821, 67730, 1053, 'R'),
       (573830, 4821, 67731, 1053, 'R'),
       (573831, 4821, 67732, 1053, 'R'),
       (573832, 4821, 67739, 1053, 'R'),
       (573833, 4821, 67740, 1053, 'R'),
       (573834, 4821, 67741, 1053, 'R'),
       (573835, 4821, 67742, 1053, 'R'),
       (573836, 4821, 67743, 1053, 'R'),
       (573837, 4821, 67744, 1053, 'R'),
       (573838, 4821, 67745, 1053, 'R'),
       (573839, 4821, 67746, 1053, 'R'),
       (573840, 4821, 67747, 1053, 'R'),
       (573841, 4821, 67748, 1053, 'R'),
       (573842, 4821, 67749, 1053, 'R'),
       (573843, 4821, 67750, 1053, 'R'),
       (573844, 4821, 67751, 1053, 'R'),
       (573845, 4821, 67752, 1053, 'R'),
       (573846, 4821, 67663, 1053, 'R'),
       (573847, 4821, 67660, 1053, 'R'),
       (573848, 4821, 67658, 1053, 'R'),
       (573849, 4821, 67659, 1053, 'R'),
       (573850, 4821, 67662, 1053, 'R'),
       (573851, 4821, 67680, 1053, 'R'),
       (573852, 4821, 67679, 1053, 'R'),
       (573853, 4821, 67682, 1053, 'R'),
       (573854, 4821, 67678, 1053, 'R'),
       (573855, 4821, 67711, 1053, 'R'),
       (573856, 4821, 67712, 1053, 'R'),
       (573857, 4821, 67713, 1053, 'R'),
       (573858, 4821, 67714, 1053, 'R'),
       (573859, 4821, 67715, 1053, 'R'),
       (573860, 4821, 67716, 1053, 'R'),
       (573861, 4821, 67717, 1053, 'R'),
       (573862, 4821, 67718, 1053, 'R'),
       (573863, 4821, 67719, 1053, 'R'),
       (573864, 4821, 67720, 1053, 'R'),
       (573865, 4821, 67721, 1053, 'R'),
       (573866, 4821, 67722, 1053, 'R'),
       (573867, 4821, 67733, 1053, 'R'),
       (573868, 4821, 67734, 1053, 'R'),
       (573869, 4821, 67735, 1053, 'R'),
       (573870, 4821, 67736, 1053, 'R'),
       (573871, 4821, 67737, 1053, 'R'),
       (573872, 4821, 67738, 1053, 'R'),
       (573873, 4821, 67697, 1053, 'R'),
       (573874, 4821, 67698, 1053, 'R'),
       (573875, 4821, 67699, 1053, 'R'),
       (573876, 4821, 67700, 1053, 'R'),
       (573877, 4821, 67710, 1053, 'R'),
       (573878, 4821, 67701, 1054, 'R'),
       (573879, 4821, 67702, 1054, 'R'),
       (573880, 4821, 67703, 1054, 'R'),
       (573881, 4821, 67704, 1054, 'R'),
       (573882, 4821, 67706, 1054, 'R'),
       (573883, 4821, 67707, 1054, 'R'),
       (573884, 4821, 67708, 1054, 'R'),
       (573885, 4821, 67709, 1054, 'R'),
       (573886, 4821, 67723, 1054, 'R'),
       (573887, 4821, 67724, 1054, 'R'),
       (573888, 4821, 67725, 1054, 'R'),
       (573889, 4821, 67726, 1054, 'R'),
       (573890, 4821, 67727, 1054, 'R'),
       (573891, 4821, 67728, 1054, 'R'),
       (573892, 4821, 67729, 1054, 'R'),
       (573893, 4821, 67730, 1054, 'R'),
       (573894, 4821, 67731, 1054, 'R'),
       (573895, 4821, 67732, 1054, 'R'),
       (573896, 4821, 67675, 1054, 'R'),
       (573897, 4821, 67671, 1054, 'R'),
       (573898, 4821, 67667, 1054, 'R'),
       (573899, 4821, 67664, 1054, 'R'),
       (573900, 4821, 67676, 1054, 'R'),
       (573901, 4821, 67670, 1054, 'R'),
       (573902, 4821, 67669, 1054, 'R'),
       (573903, 4821, 67665, 1054, 'R'),
       (573904, 4821, 67677, 1054, 'R'),
       (573905, 4821, 67674, 1054, 'R'),
       (573906, 4821, 67668, 1054, 'R'),
       (573907, 4821, 67666, 1054, 'R'),
       (573908, 4821, 67681, 1054, 'R'),
       (573909, 4821, 67673, 1054, 'R'),
       (573910, 4821, 67672, 1054, 'R'),
       (573911, 4821, 67711, 1054, 'R'),
       (573912, 4821, 67712, 1054, 'R'),
       (573913, 4821, 67713, 1054, 'R'),
       (573914, 4821, 67714, 1054, 'R'),
       (573915, 4821, 67715, 1054, 'R'),
       (573916, 4821, 67716, 1054, 'R'),
       (573917, 4821, 67717, 1054, 'R'),
       (573918, 4821, 67718, 1054, 'R'),
       (573919, 4821, 67719, 1054, 'R'),
       (573920, 4821, 67720, 1054, 'R'),
       (573921, 4821, 67721, 1054, 'R'),
       (573922, 4821, 67722, 1054, 'R'),
       (573923, 4821, 67733, 1054, 'R'),
       (573924, 4821, 67734, 1054, 'R'),
       (573925, 4821, 67735, 1054, 'R'),
       (573926, 4821, 67736, 1054, 'R'),
       (573927, 4821, 67737, 1054, 'R'),
       (573928, 4821, 67738, 1054, 'R'),
       (573929, 4821, 67697, 1054, 'R'),
       (573930, 4821, 67698, 1054, 'R'),
       (573931, 4821, 67699, 1054, 'R'),
       (573932, 4821, 67700, 1054, 'R'),
       (573933, 4821, 67710, 1054, 'R'),
       (573934, 4821, 67701, 1055, 'R'),
       (573935, 4821, 67702, 1055, 'R'),
       (573936, 4821, 67703, 1055, 'R'),
       (573937, 4821, 67706, 1055, 'R'),
       (573938, 4821, 67707, 1055, 'R'),
       (573939, 4821, 67708, 1055, 'R'),
       (573940, 4821, 67709, 1055, 'R'),
       (573941, 4821, 67684, 1055, 'R'),
       (573942, 4821, 67686, 1055, 'R'),
       (573943, 4821, 67685, 1055, 'R'),
       (573944, 4821, 67687, 1055, 'R'),
       (573945, 4821, 67689, 1055, 'R'),
       (573946, 4821, 67729, 1055, 'R'),
       (573947, 4821, 67688, 1055, 'R'),
       (573948, 4821, 67695, 1055, 'R'),
       (573949, 4821, 67696, 1055, 'R'),
       (573950, 4821, 67697, 1055, 'R'),
       (573951, 4821, 67698, 1055, 'R'),
       (573952, 4821, 67699, 1055, 'R'),
       (573953, 4821, 67700, 1055, 'R'),
       (573954, 4821, 67710, 1055, 'R'),
       (573955, 4821, 67701, 1056, 'R'),
       (573956, 4821, 67702, 1056, 'R'),
       (573957, 4821, 67703, 1056, 'R'),
       (573958, 4821, 67707, 1056, 'R'),
       (573959, 4821, 67708, 1056, 'R'),
       (573960, 4821, 67709, 1056, 'R'),
       (573961, 4821, 67697, 1056, 'R'),
       (573962, 4821, 67698, 1056, 'R'),
       (573963, 4821, 67699, 1056, 'R'),
       (573964, 4821, 67700, 1056, 'R'),
       (573965, 4821, 67701, 1057, 'R'),
       (573966, 4821, 67702, 1057, 'R'),
       (573967, 4821, 67703, 1057, 'R'),
       (573968, 4821, 67706, 1057, 'R'),
       (573969, 4821, 67707, 1057, 'R'),
       (573970, 4821, 67708, 1057, 'R'),
       (573971, 4821, 67709, 1057, 'R'),
       (573972, 4821, 67723, 1057, 'R'),
       (573973, 4821, 67690, 1057, 'R'),
       (573974, 4821, 67691, 1057, 'R'),
       (573975, 4821, 67692, 1057, 'R'),
       (573976, 4821, 67693, 1057, 'R'),
       (573977, 4821, 67661, 1057, 'R'),
       (573978, 4821, 67683, 1057, 'R'),
       (573979, 4821, 67694, 1057, 'R'),
       (573980, 4821, 67711, 1057, 'R'),
       (573981, 4821, 67712, 1057, 'R'),
       (573982, 4821, 67713, 1057, 'R'),
       (573983, 4821, 67714, 1057, 'R'),
       (573984, 4821, 67715, 1057, 'R'),
       (573985, 4821, 67716, 1057, 'R'),
       (573986, 4821, 67717, 1057, 'R'),
       (573987, 4821, 67718, 1057, 'R'),
       (573988, 4821, 67719, 1057, 'R'),
       (573989, 4821, 67720, 1057, 'R'),
       (573990, 4821, 67721, 1057, 'R'),
       (573991, 4821, 67722, 1057, 'R'),
       (573992, 4821, 67697, 1057, 'R'),
       (573993, 4821, 67698, 1057, 'R'),
       (573994, 4821, 67699, 1057, 'R'),
       (573995, 4821, 67700, 1057, 'R'),
       (573996, 4821, 67710, 1057, 'R'),
       (573997, 4821, 67701, 1058, 'R'),
       (573998, 4821, 67702, 1058, 'R'),
       (573999, 4821, 67703, 1058, 'R'),
       (574000, 4821, 67649, 1058, 'R'),
       (574001, 4821, 67706, 1058, 'R'),
       (574002, 4821, 67707, 1058, 'R'),
       (574003, 4821, 67708, 1058, 'R'),
       (574004, 4821, 67709, 1058, 'R'),
       (574005, 4821, 67654, 1058, 'R'),
       (574006, 4821, 67653, 1058, 'R'),
       (574007, 4821, 67656, 1058, 'R'),
       (574008, 4821, 67657, 1058, 'R'),
       (574009, 4821, 67655, 1058, 'R'),
       (574010, 4821, 67650, 1058, 'R'),
       (574011, 4821, 67651, 1058, 'R'),
       (574012, 4821, 67697, 1058, 'R'),
       (574013, 4821, 67698, 1058, 'R'),
       (574014, 4821, 67700, 1058, 'R'),
       (574015, 4821, 67699, 1058, 'R'),
       (574016, 4821, 67710, 1058, 'R'),
       (574017, 4820, 67724, 1049, 'R'),
       (574018, 4820, 67725, 1049, 'R'),
       (574019, 4820, 67726, 1049, 'R'),
       (574020, 4820, 67727, 1049, 'R'),
       (574021, 4820, 67728, 1049, 'R'),
       (574022, 4820, 67729, 1049, 'R'),
       (574023, 4820, 67730, 1049, 'R'),
       (574024, 4820, 67731, 1049, 'R'),
       (574025, 4820, 67732, 1049, 'R'),
       (574026, 4820, 67740, 1049, 'R'),
       (574027, 4820, 67741, 1049, 'R'),
       (574028, 4820, 67742, 1049, 'R'),
       (574029, 4820, 67743, 1049, 'R'),
       (574030, 4820, 67744, 1049, 'R'),
       (574031, 4820, 67745, 1049, 'R'),
       (574032, 4820, 67746, 1049, 'R'),
       (574033, 4820, 67747, 1049, 'R'),
       (574034, 4820, 67748, 1049, 'R'),
       (574035, 4820, 67749, 1049, 'R'),
       (574036, 4820, 67750, 1049, 'R'),
       (574037, 4820, 67751, 1049, 'R'),
       (574038, 4820, 67752, 1049, 'R'),
       (574039, 4820, 67757, 1049, 'R'),
       (574040, 4820, 67759, 1049, 'R'),
       (574041, 4820, 67760, 1049, 'R'),
       (574042, 4820, 67753, 1049, 'R'),
       (574043, 4820, 67754, 1049, 'R'),
       (574044, 4820, 67755, 1049, 'R'),
       (574045, 4820, 67756, 1049, 'R'),
       (574046, 4820, 67764, 1049, 'R'),
       (574047, 4820, 67761, 1049, 'R'),
       (574048, 4820, 67762, 1049, 'R'),
       (574049, 4820, 67763, 1049, 'R'),
       (574050, 4820, 67653, 1050, 'R'),
       (574051, 4820, 67656, 1050, 'R'),
       (574052, 4820, 67657, 1050, 'R'),
       (574053, 4820, 67655, 1050, 'R'),
       (574054, 4820, 67650, 1050, 'R'),
       (574055, 4820, 67651, 1050, 'R'),
       (574056, 4820, 67652, 1050, 'R'),
       (574057, 4820, 67724, 1052, 'R'),
       (574058, 4820, 67725, 1052, 'R'),
       (574059, 4820, 67726, 1052, 'R'),
       (574060, 4820, 67727, 1052, 'R'),
       (574061, 4820, 67728, 1052, 'R'),
       (574062, 4820, 67729, 1052, 'R'),
       (574063, 4820, 67730, 1052, 'R'),
       (574064, 4820, 67731, 1052, 'R'),
       (574065, 4820, 67732, 1052, 'R'),
       (574066, 4820, 67740, 1052, 'R'),
       (574067, 4820, 67741, 1052, 'R'),
       (574068, 4820, 67742, 1052, 'R'),
       (574069, 4820, 67743, 1052, 'R'),
       (574070, 4820, 67744, 1052, 'R'),
       (574071, 4820, 67745, 1052, 'R'),
       (574072, 4820, 67746, 1052, 'R'),
       (574073, 4820, 67747, 1052, 'R'),
       (574074, 4820, 67748, 1052, 'R'),
       (574075, 4820, 67749, 1052, 'R'),
       (574076, 4820, 67750, 1052, 'R'),
       (574077, 4820, 67751, 1052, 'R'),
       (574078, 4820, 67752, 1052, 'R'),
       (574079, 4820, 67680, 1052, 'R'),
       (574080, 4820, 67679, 1052, 'R'),
       (574081, 4820, 67682, 1052, 'R'),
       (574082, 4820, 67678, 1052, 'R'),
       (574083, 4820, 67724, 1053, 'R'),
       (574084, 4820, 67725, 1053, 'R'),
       (574085, 4820, 67726, 1053, 'R'),
       (574086, 4820, 67727, 1053, 'R'),
       (574087, 4820, 67728, 1053, 'R'),
       (574088, 4820, 67729, 1053, 'R'),
       (574089, 4820, 67730, 1053, 'R'),
       (574090, 4820, 67731, 1053, 'R'),
       (574091, 4820, 67732, 1053, 'R'),
       (574092, 4820, 67740, 1053, 'R'),
       (574093, 4820, 67741, 1053, 'R'),
       (574094, 4820, 67742, 1053, 'R'),
       (574095, 4820, 67743, 1053, 'R'),
       (574096, 4820, 67744, 1053, 'R'),
       (574097, 4820, 67745, 1053, 'R'),
       (574098, 4820, 67746, 1053, 'R'),
       (574099, 4820, 67747, 1053, 'R'),
       (574100, 4820, 67748, 1053, 'R'),
       (574101, 4820, 67749, 1053, 'R'),
       (574102, 4820, 67750, 1053, 'R'),
       (574103, 4820, 67751, 1053, 'R'),
       (574104, 4820, 67752, 1053, 'R'),
       (574105, 4820, 67660, 1053, 'R'),
       (574106, 4820, 67658, 1053, 'R'),
       (574107, 4820, 67659, 1053, 'R'),
       (574108, 4820, 67662, 1053, 'R'),
       (574109, 4820, 67680, 1053, 'R'),
       (574110, 4820, 67679, 1053, 'R'),
       (574111, 4820, 67682, 1053, 'R'),
       (574112, 4820, 67678, 1053, 'R'),
       (574113, 4820, 67724, 1054, 'R'),
       (574114, 4820, 67725, 1054, 'R'),
       (574115, 4820, 67726, 1054, 'R'),
       (574116, 4820, 67727, 1054, 'R'),
       (574117, 4820, 67728, 1054, 'R'),
       (574118, 4820, 67729, 1054, 'R'),
       (574119, 4820, 67730, 1054, 'R'),
       (574120, 4820, 67731, 1054, 'R'),
       (574121, 4820, 67732, 1054, 'R'),
       (574122, 4820, 67686, 1055, 'R'),
       (574123, 4820, 67685, 1055, 'R'),
       (574124, 4820, 67687, 1055, 'R'),
       (574125, 4820, 67689, 1055, 'R'),
       (574126, 4820, 67729, 1055, 'R'),
       (574127, 4820, 67688, 1055, 'R'),
       (574128, 4820, 67695, 1055, 'R'),
       (574129, 4820, 67696, 1055, 'R'),
       (574130, 4820, 67690, 1057, 'R'),
       (574131, 4820, 67691, 1057, 'R'),
       (574132, 4820, 67692, 1057, 'R'),
       (574133, 4820, 67693, 1057, 'R'),
       (574134, 4820, 67661, 1057, 'R'),
       (574135, 4820, 67683, 1057, 'R'),
       (574136, 4820, 67694, 1057, 'R'),
       (574137, 4820, 67653, 1058, 'R'),
       (574138, 4820, 67656, 1058, 'R'),
       (574139, 4820, 67657, 1058, 'R'),
       (574140, 4820, 67655, 1058, 'R'),
       (574141, 4820, 67650, 1058, 'R'),
       (574142, 4820, 67651, 1058, 'R'),
       (574143, 4820, 67701, 1049, 'F'),
       (574144, 4820, 67702, 1049, 'F'),
       (574145, 4820, 67703, 1049, 'F'),
       (574146, 4820, 67704, 1049, 'F'),
       (574147, 4820, 67705, 1049, 'F'),
       (574148, 4820, 67706, 1049, 'F'),
       (574149, 4820, 67707, 1049, 'F'),
       (574150, 4820, 67708, 1049, 'F'),
       (574151, 4820, 67709, 1049, 'F'),
       (574152, 4820, 67723, 1049, 'F'),
       (574153, 4820, 67739, 1049, 'F'),
       (574154, 4820, 67758, 1049, 'F'),
       (574155, 4820, 67711, 1049, 'F'),
       (574156, 4820, 67712, 1049, 'F'),
       (574157, 4820, 67713, 1049, 'F'),
       (574158, 4820, 67714, 1049, 'F'),
       (574159, 4820, 67715, 1049, 'F'),
       (574160, 4820, 67716, 1049, 'F'),
       (574161, 4820, 67717, 1049, 'F'),
       (574162, 4820, 67718, 1049, 'F'),
       (574163, 4820, 67719, 1049, 'F'),
       (574164, 4820, 67720, 1049, 'F'),
       (574165, 4820, 67721, 1049, 'F'),
       (574166, 4820, 67722, 1049, 'F'),
       (574167, 4820, 67733, 1049, 'F'),
       (574168, 4820, 67734, 1049, 'F'),
       (574169, 4820, 67735, 1049, 'F'),
       (574170, 4820, 67736, 1049, 'F'),
       (574171, 4820, 67737, 1049, 'F'),
       (574172, 4820, 67738, 1049, 'F'),
       (574173, 4820, 67697, 1049, 'F'),
       (574174, 4820, 67698, 1049, 'F'),
       (574175, 4820, 67699, 1049, 'F'),
       (574176, 4820, 67700, 1049, 'F'),
       (574177, 4820, 67710, 1049, 'F'),
       (574178, 4820, 67701, 1050, 'F'),
       (574179, 4820, 67702, 1050, 'F'),
       (574180, 4820, 67703, 1050, 'F'),
       (574181, 4820, 67649, 1050, 'F'),
       (574182, 4820, 67706, 1050, 'F'),
       (574183, 4820, 67707, 1050, 'F'),
       (574184, 4820, 67708, 1050, 'F'),
       (574185, 4820, 67709, 1050, 'F'),
       (574186, 4820, 67654, 1050, 'F'),
       (574187, 4820, 67697, 1050, 'F'),
       (574188, 4820, 67698, 1050, 'F'),
       (574189, 4820, 67700, 1050, 'F'),
       (574190, 4820, 67699, 1050, 'F'),
       (574191, 4820, 67710, 1050, 'F'),
       (574192, 4820, 67701, 1051, 'F'),
       (574193, 4820, 67702, 1051, 'F'),
       (574194, 4820, 67703, 1051, 'F'),
       (574195, 4820, 67649, 1051, 'F'),
       (574196, 4820, 67707, 1051, 'F'),
       (574197, 4820, 67708, 1051, 'F'),
       (574198, 4820, 67709, 1051, 'F'),
       (574199, 4820, 67697, 1051, 'F'),
       (574200, 4820, 67698, 1051, 'F'),
       (574201, 4820, 67700, 1051, 'F'),
       (574202, 4820, 67699, 1051, 'F'),
       (574203, 4820, 67701, 1052, 'F'),
       (574204, 4820, 67702, 1052, 'F'),
       (574205, 4820, 67703, 1052, 'F'),
       (574206, 4820, 67704, 1052, 'F'),
       (574207, 4820, 67706, 1052, 'F'),
       (574208, 4820, 67707, 1052, 'F'),
       (574209, 4820, 67708, 1052, 'F'),
       (574210, 4820, 67709, 1052, 'F'),
       (574211, 4820, 67723, 1052, 'F'),
       (574212, 4820, 67739, 1052, 'F'),
       (574213, 4820, 67711, 1052, 'F'),
       (574214, 4820, 67712, 1052, 'F'),
       (574215, 4820, 67713, 1052, 'F'),
       (574216, 4820, 67714, 1052, 'F'),
       (574217, 4820, 67715, 1052, 'F'),
       (574218, 4820, 67716, 1052, 'F'),
       (574219, 4820, 67717, 1052, 'F'),
       (574220, 4820, 67718, 1052, 'F'),
       (574221, 4820, 67719, 1052, 'F'),
       (574222, 4820, 67720, 1052, 'F'),
       (574223, 4820, 67721, 1052, 'F'),
       (574224, 4820, 67722, 1052, 'F'),
       (574225, 4820, 67733, 1052, 'F'),
       (574226, 4820, 67734, 1052, 'F'),
       (574227, 4820, 67735, 1052, 'F'),
       (574228, 4820, 67736, 1052, 'F'),
       (574229, 4820, 67737, 1052, 'F'),
       (574230, 4820, 67738, 1052, 'F'),
       (574231, 4820, 67697, 1052, 'F'),
       (574232, 4820, 67698, 1052, 'F'),
       (574233, 4820, 67699, 1052, 'F'),
       (574234, 4820, 67700, 1052, 'F'),
       (574235, 4820, 67710, 1052, 'F'),
       (574236, 4820, 67701, 1053, 'F'),
       (574237, 4820, 67702, 1053, 'F'),
       (574238, 4820, 67703, 1053, 'F'),
       (574239, 4820, 67704, 1053, 'F'),
       (574240, 4820, 67706, 1053, 'F'),
       (574241, 4820, 67707, 1053, 'F'),
       (574242, 4820, 67708, 1053, 'F'),
       (574243, 4820, 67709, 1053, 'F'),
       (574244, 4820, 67723, 1053, 'F'),
       (574245, 4820, 67739, 1053, 'F'),
       (574246, 4820, 67663, 1053, 'F'),
       (574247, 4820, 67711, 1053, 'F'),
       (574248, 4820, 67712, 1053, 'F'),
       (574249, 4820, 67713, 1053, 'F'),
       (574250, 4820, 67714, 1053, 'F'),
       (574251, 4820, 67715, 1053, 'F'),
       (574252, 4820, 67716, 1053, 'F'),
       (574253, 4820, 67717, 1053, 'F'),
       (574254, 4820, 67718, 1053, 'F'),
       (574255, 4820, 67719, 1053, 'F'),
       (574256, 4820, 67720, 1053, 'F'),
       (574257, 4820, 67721, 1053, 'F'),
       (574258, 4820, 67722, 1053, 'F'),
       (574259, 4820, 67733, 1053, 'F'),
       (574260, 4820, 67734, 1053, 'F'),
       (574261, 4820, 67735, 1053, 'F'),
       (574262, 4820, 67736, 1053, 'F'),
       (574263, 4820, 67737, 1053, 'F'),
       (574264, 4820, 67738, 1053, 'F'),
       (574265, 4820, 67697, 1053, 'F'),
       (574266, 4820, 67698, 1053, 'F'),
       (574267, 4820, 67699, 1053, 'F'),
       (574268, 4820, 67700, 1053, 'F'),
       (574269, 4820, 67710, 1053, 'F'),
       (574270, 4820, 67701, 1054, 'F'),
       (574271, 4820, 67702, 1054, 'F'),
       (574272, 4820, 67703, 1054, 'F'),
       (574273, 4820, 67704, 1054, 'F'),
       (574274, 4820, 67706, 1054, 'F'),
       (574275, 4820, 67707, 1054, 'F'),
       (574276, 4820, 67708, 1054, 'F'),
       (574277, 4820, 67709, 1054, 'F'),
       (574278, 4820, 67723, 1054, 'F'),
       (574279, 4820, 67675, 1054, 'F'),
       (574280, 4820, 67671, 1054, 'F'),
       (574281, 4820, 67667, 1054, 'F'),
       (574282, 4820, 67664, 1054, 'F'),
       (574283, 4820, 67676, 1054, 'F'),
       (574284, 4820, 67670, 1054, 'F'),
       (574285, 4820, 67669, 1054, 'F'),
       (574286, 4820, 67665, 1054, 'F'),
       (574287, 4820, 67677, 1054, 'F'),
       (574288, 4820, 67674, 1054, 'F'),
       (574289, 4820, 67668, 1054, 'F'),
       (574290, 4820, 67666, 1054, 'F'),
       (574291, 4820, 67681, 1054, 'F'),
       (574292, 4820, 67673, 1054, 'F'),
       (574293, 4820, 67672, 1054, 'F'),
       (574294, 4820, 67711, 1054, 'F'),
       (574295, 4820, 67712, 1054, 'F'),
       (574296, 4820, 67713, 1054, 'F'),
       (574297, 4820, 67714, 1054, 'F'),
       (574298, 4820, 67715, 1054, 'F'),
       (574299, 4820, 67716, 1054, 'F'),
       (574300, 4820, 67717, 1054, 'F'),
       (574301, 4820, 67718, 1054, 'F'),
       (574302, 4820, 67719, 1054, 'F'),
       (574303, 4820, 67720, 1054, 'F'),
       (574304, 4820, 67721, 1054, 'F'),
       (574305, 4820, 67722, 1054, 'F'),
       (574306, 4820, 67733, 1054, 'F'),
       (574307, 4820, 67734, 1054, 'F'),
       (574308, 4820, 67735, 1054, 'F'),
       (574309, 4820, 67736, 1054, 'F'),
       (574310, 4820, 67737, 1054, 'F'),
       (574311, 4820, 67738, 1054, 'F'),
       (574312, 4820, 67697, 1054, 'F'),
       (574313, 4820, 67698, 1054, 'F'),
       (574314, 4820, 67699, 1054, 'F'),
       (574315, 4820, 67700, 1054, 'F'),
       (574316, 4820, 67710, 1054, 'F'),
       (574317, 4820, 67701, 1055, 'F'),
       (574318, 4820, 67702, 1055, 'F'),
       (574319, 4820, 67703, 1055, 'F'),
       (574320, 4820, 67706, 1055, 'F'),
       (574321, 4820, 67707, 1055, 'F'),
       (574322, 4820, 67708, 1055, 'F'),
       (574323, 4820, 67709, 1055, 'F'),
       (574324, 4820, 67684, 1055, 'F'),
       (574325, 4820, 67697, 1055, 'F'),
       (574326, 4820, 67698, 1055, 'F'),
       (574327, 4820, 67699, 1055, 'F'),
       (574328, 4820, 67700, 1055, 'F'),
       (574329, 4820, 67710, 1055, 'F'),
       (574330, 4820, 67701, 1056, 'F'),
       (574331, 4820, 67702, 1056, 'F'),
       (574332, 4820, 67703, 1056, 'F'),
       (574333, 4820, 67707, 1056, 'F'),
       (574334, 4820, 67708, 1056, 'F'),
       (574335, 4820, 67709, 1056, 'F'),
       (574336, 4820, 67697, 1056, 'F'),
       (574337, 4820, 67698, 1056, 'F'),
       (574338, 4820, 67699, 1056, 'F'),
       (574339, 4820, 67700, 1056, 'F'),
       (574340, 4820, 67701, 1057, 'F'),
       (574341, 4820, 67702, 1057, 'F'),
       (574342, 4820, 67703, 1057, 'F'),
       (574343, 4820, 67706, 1057, 'F'),
       (574344, 4820, 67707, 1057, 'F'),
       (574345, 4820, 67708, 1057, 'F'),
       (574346, 4820, 67709, 1057, 'F'),
       (574347, 4820, 67723, 1057, 'F'),
       (574348, 4820, 67711, 1057, 'F'),
       (574349, 4820, 67712, 1057, 'F'),
       (574350, 4820, 67713, 1057, 'F'),
       (574351, 4820, 67714, 1057, 'F'),
       (574352, 4820, 67715, 1057, 'F'),
       (574353, 4820, 67716, 1057, 'F'),
       (574354, 4820, 67717, 1057, 'F'),
       (574355, 4820, 67718, 1057, 'F'),
       (574356, 4820, 67719, 1057, 'F'),
       (574357, 4820, 67720, 1057, 'F'),
       (574358, 4820, 67721, 1057, 'F'),
       (574359, 4820, 67722, 1057, 'F'),
       (574360, 4820, 67697, 1057, 'F'),
       (574361, 4820, 67698, 1057, 'F'),
       (574362, 4820, 67699, 1057, 'F'),
       (574363, 4820, 67700, 1057, 'F'),
       (574364, 4820, 67710, 1057, 'F'),
       (574365, 4820, 67701, 1058, 'F'),
       (574366, 4820, 67702, 1058, 'F'),
       (574367, 4820, 67703, 1058, 'F'),
       (574368, 4820, 67649, 1058, 'F'),
       (574369, 4820, 67706, 1058, 'F'),
       (574370, 4820, 67707, 1058, 'F'),
       (574371, 4820, 67708, 1058, 'F'),
       (574372, 4820, 67709, 1058, 'F'),
       (574373, 4820, 67654, 1058, 'F'),
       (574374, 4820, 67697, 1058, 'F'),
       (574375, 4820, 67698, 1058, 'F'),
       (574376, 4820, 67700, 1058, 'F'),
       (574377, 4820, 67699, 1058, 'F'),
       (574378, 4820, 67710, 1058, 'F'),
       (574379, 4819, 67701, 1049, 'F'),
       (574380, 4819, 67702, 1049, 'F'),
       (574381, 4819, 67703, 1049, 'F'),
       (574382, 4819, 67704, 1049, 'F'),
       (574383, 4819, 67705, 1049, 'F'),
       (574384, 4819, 67706, 1049, 'F'),
       (574385, 4819, 67707, 1049, 'F'),
       (574386, 4819, 67708, 1049, 'F'),
       (574387, 4819, 67709, 1049, 'F'),
       (574388, 4819, 67723, 1049, 'F'),
       (574389, 4819, 67724, 1049, 'F'),
       (574390, 4819, 67725, 1049, 'F'),
       (574391, 4819, 67726, 1049, 'F'),
       (574392, 4819, 67727, 1049, 'F'),
       (574393, 4819, 67728, 1049, 'F'),
       (574394, 4819, 67729, 1049, 'F'),
       (574395, 4819, 67730, 1049, 'F'),
       (574396, 4819, 67731, 1049, 'F'),
       (574397, 4819, 67732, 1049, 'F'),
       (574398, 4819, 67739, 1049, 'F'),
       (574399, 4819, 67740, 1049, 'F'),
       (574400, 4819, 67741, 1049, 'F'),
       (574401, 4819, 67742, 1049, 'F'),
       (574402, 4819, 67743, 1049, 'F'),
       (574403, 4819, 67744, 1049, 'F'),
       (574404, 4819, 67745, 1049, 'F'),
       (574405, 4819, 67746, 1049, 'F'),
       (574406, 4819, 67747, 1049, 'F'),
       (574407, 4819, 67748, 1049, 'F'),
       (574408, 4819, 67749, 1049, 'F'),
       (574409, 4819, 67750, 1049, 'F'),
       (574410, 4819, 67751, 1049, 'F'),
       (574411, 4819, 67752, 1049, 'F'),
       (574412, 4819, 67758, 1049, 'F'),
       (574413, 4819, 67757, 1049, 'F'),
       (574414, 4819, 67759, 1049, 'F'),
       (574415, 4819, 67760, 1049, 'F'),
       (574416, 4819, 67753, 1049, 'F'),
       (574417, 4819, 67754, 1049, 'F'),
       (574418, 4819, 67755, 1049, 'F'),
       (574419, 4819, 67756, 1049, 'F'),
       (574420, 4819, 67764, 1049, 'F'),
       (574421, 4819, 67761, 1049, 'F'),
       (574422, 4819, 67762, 1049, 'F'),
       (574423, 4819, 67763, 1049, 'F'),
       (574424, 4819, 67711, 1049, 'F'),
       (574425, 4819, 67712, 1049, 'F'),
       (574426, 4819, 67713, 1049, 'F'),
       (574427, 4819, 67714, 1049, 'F'),
       (574428, 4819, 67715, 1049, 'F'),
       (574429, 4819, 67716, 1049, 'F'),
       (574430, 4819, 67717, 1049, 'F'),
       (574431, 4819, 67718, 1049, 'F'),
       (574432, 4819, 67719, 1049, 'F'),
       (574433, 4819, 67720, 1049, 'F'),
       (574434, 4819, 67721, 1049, 'F'),
       (574435, 4819, 67722, 1049, 'F'),
       (574436, 4819, 67733, 1049, 'F'),
       (574437, 4819, 67734, 1049, 'F'),
       (574438, 4819, 67735, 1049, 'F'),
       (574439, 4819, 67736, 1049, 'F'),
       (574440, 4819, 67737, 1049, 'F'),
       (574441, 4819, 67738, 1049, 'F'),
       (574442, 4819, 67697, 1049, 'F'),
       (574443, 4819, 67698, 1049, 'F'),
       (574444, 4819, 67699, 1049, 'F'),
       (574445, 4819, 67700, 1049, 'F'),
       (574446, 4819, 67710, 1049, 'F'),
       (574447, 4819, 67701, 1050, 'F'),
       (574448, 4819, 67702, 1050, 'F'),
       (574449, 4819, 67703, 1050, 'F'),
       (574450, 4819, 67649, 1050, 'F'),
       (574451, 4819, 67706, 1050, 'F'),
       (574452, 4819, 67707, 1050, 'F'),
       (574453, 4819, 67708, 1050, 'F'),
       (574454, 4819, 67709, 1050, 'F'),
       (574455, 4819, 67654, 1050, 'F'),
       (574456, 4819, 67653, 1050, 'F'),
       (574457, 4819, 67656, 1050, 'F'),
       (574458, 4819, 67657, 1050, 'F'),
       (574459, 4819, 67655, 1050, 'F'),
       (574460, 4819, 67650, 1050, 'F'),
       (574461, 4819, 67651, 1050, 'F'),
       (574462, 4819, 67652, 1050, 'F'),
       (574463, 4819, 67697, 1050, 'F'),
       (574464, 4819, 67698, 1050, 'F'),
       (574465, 4819, 67700, 1050, 'F'),
       (574466, 4819, 67699, 1050, 'F'),
       (574467, 4819, 67710, 1050, 'F'),
       (574468, 4819, 67701, 1051, 'F'),
       (574469, 4819, 67702, 1051, 'F'),
       (574470, 4819, 67703, 1051, 'F'),
       (574471, 4819, 67649, 1051, 'F'),
       (574472, 4819, 67707, 1051, 'F'),
       (574473, 4819, 67708, 1051, 'F'),
       (574474, 4819, 67709, 1051, 'F'),
       (574475, 4819, 67697, 1051, 'F'),
       (574476, 4819, 67698, 1051, 'F'),
       (574477, 4819, 67700, 1051, 'F'),
       (574478, 4819, 67699, 1051, 'F'),
       (574479, 4819, 67701, 1052, 'F'),
       (574480, 4819, 67702, 1052, 'F'),
       (574481, 4819, 67703, 1052, 'F'),
       (574482, 4819, 67704, 1052, 'F'),
       (574483, 4819, 67706, 1052, 'F'),
       (574484, 4819, 67707, 1052, 'F'),
       (574485, 4819, 67708, 1052, 'F'),
       (574486, 4819, 67709, 1052, 'F'),
       (574487, 4819, 67723, 1052, 'F'),
       (574488, 4819, 67724, 1052, 'F'),
       (574489, 4819, 67725, 1052, 'F'),
       (574490, 4819, 67726, 1052, 'F');
INSERT INTO `client_form_field_access` (`access_id`, `role_id`, `field_id`, `client_type_id`, `status`)
VALUES (574491, 4819, 67727, 1052, 'F'),
       (574492, 4819, 67728, 1052, 'F'),
       (574493, 4819, 67729, 1052, 'F'),
       (574494, 4819, 67730, 1052, 'F'),
       (574495, 4819, 67731, 1052, 'F'),
       (574496, 4819, 67732, 1052, 'F'),
       (574497, 4819, 67739, 1052, 'F'),
       (574498, 4819, 67740, 1052, 'F'),
       (574499, 4819, 67741, 1052, 'F'),
       (574500, 4819, 67742, 1052, 'F'),
       (574501, 4819, 67743, 1052, 'F'),
       (574502, 4819, 67744, 1052, 'F'),
       (574503, 4819, 67745, 1052, 'F'),
       (574504, 4819, 67746, 1052, 'F'),
       (574505, 4819, 67747, 1052, 'F'),
       (574506, 4819, 67748, 1052, 'F'),
       (574507, 4819, 67749, 1052, 'F'),
       (574508, 4819, 67750, 1052, 'F'),
       (574509, 4819, 67751, 1052, 'F'),
       (574510, 4819, 67752, 1052, 'F'),
       (574511, 4819, 67680, 1052, 'F'),
       (574512, 4819, 67679, 1052, 'F'),
       (574513, 4819, 67682, 1052, 'F'),
       (574514, 4819, 67678, 1052, 'F'),
       (574515, 4819, 67711, 1052, 'F'),
       (574516, 4819, 67712, 1052, 'F'),
       (574517, 4819, 67713, 1052, 'F'),
       (574518, 4819, 67714, 1052, 'F'),
       (574519, 4819, 67715, 1052, 'F'),
       (574520, 4819, 67716, 1052, 'F'),
       (574521, 4819, 67717, 1052, 'F'),
       (574522, 4819, 67718, 1052, 'F'),
       (574523, 4819, 67719, 1052, 'F'),
       (574524, 4819, 67720, 1052, 'F'),
       (574525, 4819, 67721, 1052, 'F'),
       (574526, 4819, 67722, 1052, 'F'),
       (574527, 4819, 67733, 1052, 'F'),
       (574528, 4819, 67734, 1052, 'F'),
       (574529, 4819, 67735, 1052, 'F'),
       (574530, 4819, 67736, 1052, 'F'),
       (574531, 4819, 67737, 1052, 'F'),
       (574532, 4819, 67738, 1052, 'F'),
       (574533, 4819, 67697, 1052, 'F'),
       (574534, 4819, 67698, 1052, 'F'),
       (574535, 4819, 67699, 1052, 'F'),
       (574536, 4819, 67700, 1052, 'F'),
       (574537, 4819, 67710, 1052, 'F'),
       (574538, 4819, 67701, 1053, 'F'),
       (574539, 4819, 67702, 1053, 'F'),
       (574540, 4819, 67703, 1053, 'F'),
       (574541, 4819, 67704, 1053, 'F'),
       (574542, 4819, 67706, 1053, 'F'),
       (574543, 4819, 67707, 1053, 'F'),
       (574544, 4819, 67708, 1053, 'F'),
       (574545, 4819, 67709, 1053, 'F'),
       (574546, 4819, 67723, 1053, 'F'),
       (574547, 4819, 67724, 1053, 'F'),
       (574548, 4819, 67725, 1053, 'F'),
       (574549, 4819, 67726, 1053, 'F'),
       (574550, 4819, 67727, 1053, 'F'),
       (574551, 4819, 67728, 1053, 'F'),
       (574552, 4819, 67729, 1053, 'F'),
       (574553, 4819, 67730, 1053, 'F'),
       (574554, 4819, 67731, 1053, 'F'),
       (574555, 4819, 67732, 1053, 'F'),
       (574556, 4819, 67739, 1053, 'F'),
       (574557, 4819, 67740, 1053, 'F'),
       (574558, 4819, 67741, 1053, 'F'),
       (574559, 4819, 67742, 1053, 'F'),
       (574560, 4819, 67743, 1053, 'F'),
       (574561, 4819, 67744, 1053, 'F'),
       (574562, 4819, 67745, 1053, 'F'),
       (574563, 4819, 67746, 1053, 'F'),
       (574564, 4819, 67747, 1053, 'F'),
       (574565, 4819, 67748, 1053, 'F'),
       (574566, 4819, 67749, 1053, 'F'),
       (574567, 4819, 67750, 1053, 'F'),
       (574568, 4819, 67751, 1053, 'F'),
       (574569, 4819, 67752, 1053, 'F'),
       (574570, 4819, 67663, 1053, 'F'),
       (574571, 4819, 67660, 1053, 'F'),
       (574572, 4819, 67658, 1053, 'F'),
       (574573, 4819, 67659, 1053, 'F'),
       (574574, 4819, 67662, 1053, 'F'),
       (574575, 4819, 67680, 1053, 'F'),
       (574576, 4819, 67679, 1053, 'F'),
       (574577, 4819, 67682, 1053, 'F'),
       (574578, 4819, 67678, 1053, 'F'),
       (574579, 4819, 67711, 1053, 'F'),
       (574580, 4819, 67712, 1053, 'F'),
       (574581, 4819, 67713, 1053, 'F'),
       (574582, 4819, 67714, 1053, 'F'),
       (574583, 4819, 67715, 1053, 'F'),
       (574584, 4819, 67716, 1053, 'F'),
       (574585, 4819, 67717, 1053, 'F'),
       (574586, 4819, 67718, 1053, 'F'),
       (574587, 4819, 67719, 1053, 'F'),
       (574588, 4819, 67720, 1053, 'F'),
       (574589, 4819, 67721, 1053, 'F'),
       (574590, 4819, 67722, 1053, 'F'),
       (574591, 4819, 67733, 1053, 'F'),
       (574592, 4819, 67734, 1053, 'F'),
       (574593, 4819, 67735, 1053, 'F'),
       (574594, 4819, 67736, 1053, 'F'),
       (574595, 4819, 67737, 1053, 'F'),
       (574596, 4819, 67738, 1053, 'F'),
       (574597, 4819, 67697, 1053, 'F'),
       (574598, 4819, 67698, 1053, 'F'),
       (574599, 4819, 67699, 1053, 'F'),
       (574600, 4819, 67700, 1053, 'F'),
       (574601, 4819, 67710, 1053, 'F'),
       (574602, 4819, 67701, 1054, 'F'),
       (574603, 4819, 67702, 1054, 'F'),
       (574604, 4819, 67703, 1054, 'F'),
       (574605, 4819, 67704, 1054, 'F'),
       (574606, 4819, 67706, 1054, 'F'),
       (574607, 4819, 67707, 1054, 'F'),
       (574608, 4819, 67708, 1054, 'F'),
       (574609, 4819, 67709, 1054, 'F'),
       (574610, 4819, 67723, 1054, 'F'),
       (574611, 4819, 67724, 1054, 'F'),
       (574612, 4819, 67725, 1054, 'F'),
       (574613, 4819, 67726, 1054, 'F'),
       (574614, 4819, 67727, 1054, 'F'),
       (574615, 4819, 67728, 1054, 'F'),
       (574616, 4819, 67729, 1054, 'F'),
       (574617, 4819, 67730, 1054, 'F'),
       (574618, 4819, 67731, 1054, 'F'),
       (574619, 4819, 67732, 1054, 'F'),
       (574620, 4819, 67675, 1054, 'F'),
       (574621, 4819, 67671, 1054, 'F'),
       (574622, 4819, 67667, 1054, 'F'),
       (574623, 4819, 67664, 1054, 'F'),
       (574624, 4819, 67676, 1054, 'F'),
       (574625, 4819, 67670, 1054, 'F'),
       (574626, 4819, 67669, 1054, 'F'),
       (574627, 4819, 67665, 1054, 'F'),
       (574628, 4819, 67677, 1054, 'F'),
       (574629, 4819, 67674, 1054, 'F'),
       (574630, 4819, 67668, 1054, 'F'),
       (574631, 4819, 67666, 1054, 'F'),
       (574632, 4819, 67681, 1054, 'F'),
       (574633, 4819, 67673, 1054, 'F'),
       (574634, 4819, 67672, 1054, 'F'),
       (574635, 4819, 67711, 1054, 'F'),
       (574636, 4819, 67712, 1054, 'F'),
       (574637, 4819, 67713, 1054, 'F'),
       (574638, 4819, 67714, 1054, 'F'),
       (574639, 4819, 67715, 1054, 'F'),
       (574640, 4819, 67716, 1054, 'F'),
       (574641, 4819, 67717, 1054, 'F'),
       (574642, 4819, 67718, 1054, 'F'),
       (574643, 4819, 67719, 1054, 'F'),
       (574644, 4819, 67720, 1054, 'F'),
       (574645, 4819, 67721, 1054, 'F'),
       (574646, 4819, 67722, 1054, 'F'),
       (574647, 4819, 67733, 1054, 'F'),
       (574648, 4819, 67734, 1054, 'F'),
       (574649, 4819, 67735, 1054, 'F'),
       (574650, 4819, 67736, 1054, 'F'),
       (574651, 4819, 67737, 1054, 'F'),
       (574652, 4819, 67738, 1054, 'F'),
       (574653, 4819, 67697, 1054, 'F'),
       (574654, 4819, 67698, 1054, 'F'),
       (574655, 4819, 67699, 1054, 'F'),
       (574656, 4819, 67700, 1054, 'F'),
       (574657, 4819, 67710, 1054, 'F'),
       (574658, 4819, 67701, 1055, 'F'),
       (574659, 4819, 67702, 1055, 'F'),
       (574660, 4819, 67703, 1055, 'F'),
       (574661, 4819, 67706, 1055, 'F'),
       (574662, 4819, 67707, 1055, 'F'),
       (574663, 4819, 67708, 1055, 'F'),
       (574664, 4819, 67709, 1055, 'F'),
       (574665, 4819, 67684, 1055, 'F'),
       (574666, 4819, 67686, 1055, 'F'),
       (574667, 4819, 67685, 1055, 'F'),
       (574668, 4819, 67687, 1055, 'F'),
       (574669, 4819, 67689, 1055, 'F'),
       (574670, 4819, 67729, 1055, 'F'),
       (574671, 4819, 67688, 1055, 'F'),
       (574672, 4819, 67695, 1055, 'F'),
       (574673, 4819, 67696, 1055, 'F'),
       (574674, 4819, 67697, 1055, 'F'),
       (574675, 4819, 67698, 1055, 'F'),
       (574676, 4819, 67699, 1055, 'F'),
       (574677, 4819, 67700, 1055, 'F'),
       (574678, 4819, 67710, 1055, 'F'),
       (574679, 4819, 67701, 1056, 'F'),
       (574680, 4819, 67702, 1056, 'F'),
       (574681, 4819, 67703, 1056, 'F'),
       (574682, 4819, 67707, 1056, 'F'),
       (574683, 4819, 67708, 1056, 'F'),
       (574684, 4819, 67709, 1056, 'F'),
       (574685, 4819, 67697, 1056, 'F'),
       (574686, 4819, 67698, 1056, 'F'),
       (574687, 4819, 67699, 1056, 'F'),
       (574688, 4819, 67700, 1056, 'F'),
       (574689, 4819, 67701, 1057, 'F'),
       (574690, 4819, 67702, 1057, 'F'),
       (574691, 4819, 67703, 1057, 'F'),
       (574692, 4819, 67706, 1057, 'F'),
       (574693, 4819, 67707, 1057, 'F'),
       (574694, 4819, 67708, 1057, 'F'),
       (574695, 4819, 67709, 1057, 'F'),
       (574696, 4819, 67723, 1057, 'F'),
       (574697, 4819, 67690, 1057, 'F'),
       (574698, 4819, 67691, 1057, 'F'),
       (574699, 4819, 67692, 1057, 'F'),
       (574700, 4819, 67693, 1057, 'F'),
       (574701, 4819, 67661, 1057, 'F'),
       (574702, 4819, 67683, 1057, 'F'),
       (574703, 4819, 67694, 1057, 'F'),
       (574704, 4819, 67711, 1057, 'F'),
       (574705, 4819, 67712, 1057, 'F'),
       (574706, 4819, 67713, 1057, 'F'),
       (574707, 4819, 67714, 1057, 'F'),
       (574708, 4819, 67715, 1057, 'F'),
       (574709, 4819, 67716, 1057, 'F'),
       (574710, 4819, 67717, 1057, 'F'),
       (574711, 4819, 67718, 1057, 'F'),
       (574712, 4819, 67719, 1057, 'F'),
       (574713, 4819, 67720, 1057, 'F'),
       (574714, 4819, 67721, 1057, 'F'),
       (574715, 4819, 67722, 1057, 'F'),
       (574716, 4819, 67697, 1057, 'F'),
       (574717, 4819, 67698, 1057, 'F'),
       (574718, 4819, 67699, 1057, 'F'),
       (574719, 4819, 67700, 1057, 'F'),
       (574720, 4819, 67710, 1057, 'F'),
       (574721, 4819, 67701, 1058, 'F'),
       (574722, 4819, 67702, 1058, 'F'),
       (574723, 4819, 67703, 1058, 'F'),
       (574724, 4819, 67649, 1058, 'F'),
       (574725, 4819, 67706, 1058, 'F'),
       (574726, 4819, 67707, 1058, 'F'),
       (574727, 4819, 67708, 1058, 'F'),
       (574728, 4819, 67709, 1058, 'F'),
       (574729, 4819, 67654, 1058, 'F'),
       (574730, 4819, 67653, 1058, 'F'),
       (574731, 4819, 67656, 1058, 'F'),
       (574732, 4819, 67657, 1058, 'F'),
       (574733, 4819, 67655, 1058, 'F'),
       (574734, 4819, 67650, 1058, 'F'),
       (574735, 4819, 67651, 1058, 'F'),
       (574736, 4819, 67697, 1058, 'F'),
       (574737, 4819, 67698, 1058, 'F'),
       (574738, 4819, 67700, 1058, 'F'),
       (574739, 4819, 67699, 1058, 'F'),
       (574740, 4819, 67710, 1058, 'F'),
       (583695, 4816, 67701, 1049, 'F'),
       (583696, 4816, 67702, 1049, 'F'),
       (583697, 4816, 67703, 1049, 'F'),
       (583698, 4816, 67704, 1049, 'F'),
       (583699, 4816, 67705, 1049, 'F'),
       (583700, 4816, 67706, 1049, 'F'),
       (583701, 4816, 67707, 1049, 'F'),
       (583702, 4816, 67708, 1049, 'F'),
       (583703, 4816, 67709, 1049, 'F'),
       (583704, 4816, 67723, 1049, 'F'),
       (583705, 4816, 67724, 1049, 'F'),
       (583706, 4816, 67725, 1049, 'F'),
       (583707, 4816, 67726, 1049, 'F'),
       (583708, 4816, 67727, 1049, 'F'),
       (583709, 4816, 67728, 1049, 'F'),
       (583710, 4816, 67729, 1049, 'F'),
       (583711, 4816, 67730, 1049, 'F'),
       (583712, 4816, 67731, 1049, 'F'),
       (583713, 4816, 67732, 1049, 'F'),
       (583714, 4816, 67739, 1049, 'F'),
       (583715, 4816, 67740, 1049, 'F'),
       (583716, 4816, 67741, 1049, 'F'),
       (583717, 4816, 67742, 1049, 'F'),
       (583718, 4816, 67743, 1049, 'F'),
       (583719, 4816, 67744, 1049, 'F'),
       (583720, 4816, 67745, 1049, 'F'),
       (583721, 4816, 67746, 1049, 'F'),
       (583722, 4816, 67747, 1049, 'F'),
       (583723, 4816, 67748, 1049, 'F'),
       (583724, 4816, 67749, 1049, 'F'),
       (583725, 4816, 67750, 1049, 'F'),
       (583726, 4816, 67751, 1049, 'F'),
       (583727, 4816, 67752, 1049, 'F'),
       (583728, 4816, 67758, 1049, 'F'),
       (583729, 4816, 67757, 1049, 'F'),
       (583730, 4816, 67759, 1049, 'F'),
       (583731, 4816, 67760, 1049, 'F'),
       (583732, 4816, 67753, 1049, 'F'),
       (583733, 4816, 67754, 1049, 'F'),
       (583734, 4816, 67755, 1049, 'F'),
       (583735, 4816, 67756, 1049, 'F'),
       (583736, 4816, 67764, 1049, 'F'),
       (583737, 4816, 67761, 1049, 'F'),
       (583738, 4816, 67762, 1049, 'F'),
       (583739, 4816, 67763, 1049, 'F'),
       (583740, 4816, 67711, 1049, 'F'),
       (583741, 4816, 67712, 1049, 'F'),
       (583742, 4816, 67713, 1049, 'F'),
       (583743, 4816, 67714, 1049, 'F'),
       (583744, 4816, 67715, 1049, 'F'),
       (583745, 4816, 67716, 1049, 'F'),
       (583746, 4816, 67717, 1049, 'F'),
       (583747, 4816, 67718, 1049, 'F'),
       (583748, 4816, 67719, 1049, 'F'),
       (583749, 4816, 67720, 1049, 'F'),
       (583750, 4816, 67721, 1049, 'F'),
       (583751, 4816, 67722, 1049, 'F'),
       (583752, 4816, 67733, 1049, 'F'),
       (583753, 4816, 67734, 1049, 'F'),
       (583754, 4816, 67735, 1049, 'F'),
       (583755, 4816, 67736, 1049, 'F'),
       (583756, 4816, 67737, 1049, 'F'),
       (583757, 4816, 67738, 1049, 'F'),
       (583758, 4816, 67697, 1049, 'F'),
       (583759, 4816, 67698, 1049, 'F'),
       (583760, 4816, 67699, 1049, 'F'),
       (583761, 4816, 67700, 1049, 'F'),
       (583762, 4816, 67710, 1049, 'F'),
       (583763, 4816, 67701, 1050, 'F'),
       (583764, 4816, 67702, 1050, 'F'),
       (583765, 4816, 67703, 1050, 'F'),
       (583766, 4816, 67649, 1050, 'F'),
       (583767, 4816, 67706, 1050, 'F'),
       (583768, 4816, 67707, 1050, 'F'),
       (583769, 4816, 67708, 1050, 'F'),
       (583770, 4816, 67709, 1050, 'F'),
       (583771, 4816, 67654, 1050, 'F'),
       (583772, 4816, 67653, 1050, 'F'),
       (583773, 4816, 67656, 1050, 'F'),
       (583774, 4816, 67657, 1050, 'F'),
       (583775, 4816, 67655, 1050, 'F'),
       (583776, 4816, 67650, 1050, 'F'),
       (583777, 4816, 67651, 1050, 'F'),
       (583778, 4816, 67652, 1050, 'F'),
       (583779, 4816, 67697, 1050, 'F'),
       (583780, 4816, 67698, 1050, 'F'),
       (583781, 4816, 67700, 1050, 'F'),
       (583782, 4816, 67699, 1050, 'F'),
       (583783, 4816, 67710, 1050, 'F'),
       (583784, 4816, 67701, 1051, 'F'),
       (583785, 4816, 67702, 1051, 'F'),
       (583786, 4816, 67703, 1051, 'F'),
       (583787, 4816, 67649, 1051, 'F'),
       (583788, 4816, 67707, 1051, 'F'),
       (583789, 4816, 67708, 1051, 'F'),
       (583790, 4816, 67709, 1051, 'F'),
       (583791, 4816, 67697, 1051, 'F'),
       (583792, 4816, 67698, 1051, 'F'),
       (583793, 4816, 67700, 1051, 'F'),
       (583794, 4816, 67699, 1051, 'F'),
       (583795, 4816, 67701, 1052, 'F'),
       (583796, 4816, 67702, 1052, 'F'),
       (583797, 4816, 67703, 1052, 'F'),
       (583798, 4816, 67704, 1052, 'F'),
       (583799, 4816, 67706, 1052, 'F'),
       (583800, 4816, 67707, 1052, 'F'),
       (583801, 4816, 67708, 1052, 'F'),
       (583802, 4816, 67709, 1052, 'F'),
       (583803, 4816, 67723, 1052, 'F'),
       (583804, 4816, 67724, 1052, 'F'),
       (583805, 4816, 67725, 1052, 'F'),
       (583806, 4816, 67726, 1052, 'F'),
       (583807, 4816, 67727, 1052, 'F'),
       (583808, 4816, 67728, 1052, 'F'),
       (583809, 4816, 67729, 1052, 'F'),
       (583810, 4816, 67730, 1052, 'F'),
       (583811, 4816, 67731, 1052, 'F'),
       (583812, 4816, 67732, 1052, 'F'),
       (583813, 4816, 67739, 1052, 'F'),
       (583814, 4816, 67740, 1052, 'F'),
       (583815, 4816, 67741, 1052, 'F'),
       (583816, 4816, 67742, 1052, 'F'),
       (583817, 4816, 67743, 1052, 'F'),
       (583818, 4816, 67744, 1052, 'F'),
       (583819, 4816, 67745, 1052, 'F'),
       (583820, 4816, 67746, 1052, 'F'),
       (583821, 4816, 67747, 1052, 'F'),
       (583822, 4816, 67748, 1052, 'F'),
       (583823, 4816, 67749, 1052, 'F'),
       (583824, 4816, 67750, 1052, 'F'),
       (583825, 4816, 67751, 1052, 'F'),
       (583826, 4816, 67752, 1052, 'F'),
       (583827, 4816, 67680, 1052, 'F'),
       (583828, 4816, 67679, 1052, 'F'),
       (583829, 4816, 67682, 1052, 'F'),
       (583830, 4816, 67678, 1052, 'F'),
       (583831, 4816, 67711, 1052, 'F'),
       (583832, 4816, 67712, 1052, 'F'),
       (583833, 4816, 67713, 1052, 'F'),
       (583834, 4816, 67714, 1052, 'F'),
       (583835, 4816, 67715, 1052, 'F'),
       (583836, 4816, 67716, 1052, 'F'),
       (583837, 4816, 67717, 1052, 'F'),
       (583838, 4816, 67718, 1052, 'F'),
       (583839, 4816, 67719, 1052, 'F'),
       (583840, 4816, 67720, 1052, 'F'),
       (583841, 4816, 67721, 1052, 'F'),
       (583842, 4816, 67722, 1052, 'F'),
       (583843, 4816, 67733, 1052, 'F'),
       (583844, 4816, 67734, 1052, 'F'),
       (583845, 4816, 67735, 1052, 'F'),
       (583846, 4816, 67736, 1052, 'F'),
       (583847, 4816, 67737, 1052, 'F'),
       (583848, 4816, 67738, 1052, 'F'),
       (583849, 4816, 67697, 1052, 'F'),
       (583850, 4816, 67698, 1052, 'F'),
       (583851, 4816, 67699, 1052, 'F'),
       (583852, 4816, 67700, 1052, 'F'),
       (583853, 4816, 67710, 1052, 'F'),
       (583854, 4816, 67701, 1053, 'F'),
       (583855, 4816, 67702, 1053, 'F'),
       (583856, 4816, 67703, 1053, 'F'),
       (583857, 4816, 67704, 1053, 'F'),
       (583858, 4816, 67706, 1053, 'F'),
       (583859, 4816, 67707, 1053, 'F'),
       (583860, 4816, 67708, 1053, 'F'),
       (583861, 4816, 67709, 1053, 'F'),
       (583862, 4816, 67723, 1053, 'F'),
       (583863, 4816, 67724, 1053, 'F'),
       (583864, 4816, 67725, 1053, 'F'),
       (583865, 4816, 67726, 1053, 'F'),
       (583866, 4816, 67727, 1053, 'F'),
       (583867, 4816, 67728, 1053, 'F'),
       (583868, 4816, 67729, 1053, 'F'),
       (583869, 4816, 67730, 1053, 'F'),
       (583870, 4816, 67731, 1053, 'F'),
       (583871, 4816, 67732, 1053, 'F'),
       (583872, 4816, 67739, 1053, 'F'),
       (583873, 4816, 67740, 1053, 'F'),
       (583874, 4816, 67741, 1053, 'F'),
       (583875, 4816, 67742, 1053, 'F'),
       (583876, 4816, 67743, 1053, 'F'),
       (583877, 4816, 67744, 1053, 'F'),
       (583878, 4816, 67745, 1053, 'F'),
       (583879, 4816, 67746, 1053, 'F'),
       (583880, 4816, 67747, 1053, 'F'),
       (583881, 4816, 67748, 1053, 'F'),
       (583882, 4816, 67749, 1053, 'F'),
       (583883, 4816, 67750, 1053, 'F'),
       (583884, 4816, 67751, 1053, 'F'),
       (583885, 4816, 67752, 1053, 'F'),
       (583886, 4816, 67663, 1053, 'F'),
       (583887, 4816, 67660, 1053, 'F'),
       (583888, 4816, 67658, 1053, 'F'),
       (583889, 4816, 67659, 1053, 'F'),
       (583890, 4816, 67662, 1053, 'F'),
       (583891, 4816, 67680, 1053, 'F'),
       (583892, 4816, 67679, 1053, 'F'),
       (583893, 4816, 67682, 1053, 'F'),
       (583894, 4816, 67678, 1053, 'F'),
       (583895, 4816, 67711, 1053, 'F'),
       (583896, 4816, 67712, 1053, 'F'),
       (583897, 4816, 67713, 1053, 'F'),
       (583898, 4816, 67714, 1053, 'F'),
       (583899, 4816, 67715, 1053, 'F'),
       (583900, 4816, 67716, 1053, 'F'),
       (583901, 4816, 67717, 1053, 'F'),
       (583902, 4816, 67718, 1053, 'F'),
       (583903, 4816, 67719, 1053, 'F'),
       (583904, 4816, 67720, 1053, 'F'),
       (583905, 4816, 67721, 1053, 'F'),
       (583906, 4816, 67722, 1053, 'F'),
       (583907, 4816, 67733, 1053, 'F'),
       (583908, 4816, 67734, 1053, 'F'),
       (583909, 4816, 67735, 1053, 'F'),
       (583910, 4816, 67736, 1053, 'F'),
       (583911, 4816, 67737, 1053, 'F'),
       (583912, 4816, 67738, 1053, 'F'),
       (583913, 4816, 67697, 1053, 'F'),
       (583914, 4816, 67698, 1053, 'F'),
       (583915, 4816, 67699, 1053, 'F'),
       (583916, 4816, 67700, 1053, 'F'),
       (583917, 4816, 67710, 1053, 'F'),
       (583918, 4816, 67701, 1054, 'F'),
       (583919, 4816, 67702, 1054, 'F'),
       (583920, 4816, 67703, 1054, 'F'),
       (583921, 4816, 67704, 1054, 'F'),
       (583922, 4816, 67706, 1054, 'F'),
       (583923, 4816, 67707, 1054, 'F'),
       (583924, 4816, 67708, 1054, 'F'),
       (583925, 4816, 67709, 1054, 'F'),
       (583926, 4816, 67723, 1054, 'F'),
       (583927, 4816, 67724, 1054, 'F'),
       (583928, 4816, 67725, 1054, 'F'),
       (583929, 4816, 67726, 1054, 'F'),
       (583930, 4816, 67727, 1054, 'F'),
       (583931, 4816, 67728, 1054, 'F'),
       (583932, 4816, 67729, 1054, 'F'),
       (583933, 4816, 67730, 1054, 'F'),
       (583934, 4816, 67731, 1054, 'F'),
       (583935, 4816, 67732, 1054, 'F'),
       (583936, 4816, 67675, 1054, 'F'),
       (583937, 4816, 67671, 1054, 'F'),
       (583938, 4816, 67667, 1054, 'F'),
       (583939, 4816, 67664, 1054, 'F'),
       (583940, 4816, 67676, 1054, 'F'),
       (583941, 4816, 67670, 1054, 'F'),
       (583942, 4816, 67669, 1054, 'F'),
       (583943, 4816, 67665, 1054, 'F'),
       (583944, 4816, 67677, 1054, 'F'),
       (583945, 4816, 67674, 1054, 'F'),
       (583946, 4816, 67668, 1054, 'F'),
       (583947, 4816, 67666, 1054, 'F'),
       (583948, 4816, 67681, 1054, 'F'),
       (583949, 4816, 67673, 1054, 'F'),
       (583950, 4816, 67672, 1054, 'F'),
       (583951, 4816, 67711, 1054, 'F'),
       (583952, 4816, 67712, 1054, 'F'),
       (583953, 4816, 67713, 1054, 'F'),
       (583954, 4816, 67714, 1054, 'F'),
       (583955, 4816, 67715, 1054, 'F'),
       (583956, 4816, 67716, 1054, 'F'),
       (583957, 4816, 67717, 1054, 'F'),
       (583958, 4816, 67718, 1054, 'F'),
       (583959, 4816, 67719, 1054, 'F'),
       (583960, 4816, 67720, 1054, 'F'),
       (583961, 4816, 67721, 1054, 'F'),
       (583962, 4816, 67722, 1054, 'F'),
       (583963, 4816, 67733, 1054, 'F'),
       (583964, 4816, 67734, 1054, 'F'),
       (583965, 4816, 67735, 1054, 'F'),
       (583966, 4816, 67736, 1054, 'F'),
       (583967, 4816, 67737, 1054, 'F'),
       (583968, 4816, 67738, 1054, 'F'),
       (583969, 4816, 67697, 1054, 'F'),
       (583970, 4816, 67698, 1054, 'F'),
       (583971, 4816, 67699, 1054, 'F'),
       (583972, 4816, 67700, 1054, 'F'),
       (583973, 4816, 67710, 1054, 'F'),
       (583974, 4816, 67701, 1055, 'F'),
       (583975, 4816, 67702, 1055, 'F'),
       (583976, 4816, 67703, 1055, 'F'),
       (583977, 4816, 67706, 1055, 'F'),
       (583978, 4816, 67707, 1055, 'F'),
       (583979, 4816, 67708, 1055, 'F'),
       (583980, 4816, 67709, 1055, 'F'),
       (583981, 4816, 67684, 1055, 'F'),
       (583982, 4816, 67686, 1055, 'F'),
       (583983, 4816, 67685, 1055, 'F'),
       (583984, 4816, 67687, 1055, 'F'),
       (583985, 4816, 67689, 1055, 'F'),
       (583986, 4816, 67729, 1055, 'F'),
       (583987, 4816, 67688, 1055, 'F'),
       (583988, 4816, 67695, 1055, 'F'),
       (583989, 4816, 67696, 1055, 'F'),
       (583990, 4816, 67697, 1055, 'F'),
       (583991, 4816, 67698, 1055, 'F'),
       (583992, 4816, 67699, 1055, 'F'),
       (583993, 4816, 67700, 1055, 'F'),
       (583994, 4816, 67710, 1055, 'F'),
       (583995, 4816, 67701, 1056, 'F'),
       (583996, 4816, 67702, 1056, 'F'),
       (583997, 4816, 67703, 1056, 'F'),
       (583998, 4816, 67707, 1056, 'F'),
       (583999, 4816, 67708, 1056, 'F'),
       (584000, 4816, 67709, 1056, 'F'),
       (584001, 4816, 67697, 1056, 'F'),
       (584002, 4816, 67698, 1056, 'F'),
       (584003, 4816, 67699, 1056, 'F'),
       (584004, 4816, 67700, 1056, 'F'),
       (584005, 4816, 67701, 1057, 'F'),
       (584006, 4816, 67702, 1057, 'F'),
       (584007, 4816, 67703, 1057, 'F'),
       (584008, 4816, 67706, 1057, 'F'),
       (584009, 4816, 67707, 1057, 'F'),
       (584010, 4816, 67708, 1057, 'F'),
       (584011, 4816, 67709, 1057, 'F'),
       (584012, 4816, 67723, 1057, 'F'),
       (584013, 4816, 67690, 1057, 'F'),
       (584014, 4816, 67691, 1057, 'F'),
       (584015, 4816, 67692, 1057, 'F'),
       (584016, 4816, 67693, 1057, 'F'),
       (584017, 4816, 67661, 1057, 'F'),
       (584018, 4816, 67683, 1057, 'F'),
       (584019, 4816, 67694, 1057, 'F'),
       (584020, 4816, 67711, 1057, 'F'),
       (584021, 4816, 67712, 1057, 'F'),
       (584022, 4816, 67713, 1057, 'F'),
       (584023, 4816, 67714, 1057, 'F'),
       (584024, 4816, 67715, 1057, 'F'),
       (584025, 4816, 67716, 1057, 'F'),
       (584026, 4816, 67717, 1057, 'F'),
       (584027, 4816, 67718, 1057, 'F'),
       (584028, 4816, 67719, 1057, 'F'),
       (584029, 4816, 67720, 1057, 'F'),
       (584030, 4816, 67721, 1057, 'F'),
       (584031, 4816, 67722, 1057, 'F'),
       (584032, 4816, 67697, 1057, 'F'),
       (584033, 4816, 67698, 1057, 'F'),
       (584034, 4816, 67699, 1057, 'F'),
       (584035, 4816, 67700, 1057, 'F'),
       (584036, 4816, 67710, 1057, 'F'),
       (584037, 4816, 67701, 1058, 'F'),
       (584038, 4816, 67702, 1058, 'F'),
       (584039, 4816, 67703, 1058, 'F'),
       (584040, 4816, 67649, 1058, 'F'),
       (584041, 4816, 67706, 1058, 'F'),
       (584042, 4816, 67707, 1058, 'F'),
       (584043, 4816, 67708, 1058, 'F'),
       (584044, 4816, 67709, 1058, 'F'),
       (584045, 4816, 67654, 1058, 'F'),
       (584046, 4816, 67653, 1058, 'F'),
       (584047, 4816, 67656, 1058, 'F'),
       (584048, 4816, 67657, 1058, 'F'),
       (584049, 4816, 67655, 1058, 'F'),
       (584050, 4816, 67650, 1058, 'F'),
       (584051, 4816, 67651, 1058, 'F'),
       (584052, 4816, 67697, 1058, 'F'),
       (584053, 4816, 67698, 1058, 'F'),
       (584054, 4816, 67700, 1058, 'F'),
       (584055, 4816, 67699, 1058, 'F'),
       (584056, 4816, 67710, 1058, 'F'),
       (729504, 4817, 67711, 1049, 'R'),
       (729505, 4817, 67712, 1049, 'R'),
       (729506, 4817, 67713, 1049, 'R'),
       (729507, 4817, 67714, 1049, 'R'),
       (729508, 4817, 67715, 1049, 'R'),
       (729509, 4817, 67716, 1049, 'R'),
       (729510, 4817, 67717, 1049, 'R'),
       (729511, 4817, 67718, 1049, 'R'),
       (729512, 4817, 67719, 1049, 'R'),
       (729513, 4817, 67720, 1049, 'R'),
       (729514, 4817, 67721, 1049, 'R'),
       (729515, 4817, 67722, 1049, 'R'),
       (729516, 4817, 67733, 1049, 'R'),
       (729517, 4817, 67734, 1049, 'R'),
       (729518, 4817, 67735, 1049, 'R'),
       (729519, 4817, 67736, 1049, 'R'),
       (729520, 4817, 67737, 1049, 'R'),
       (729521, 4817, 67738, 1049, 'R'),
       (729522, 4817, 67697, 1049, 'R'),
       (729523, 4817, 67698, 1049, 'R'),
       (729524, 4817, 67699, 1049, 'R'),
       (729525, 4817, 67700, 1049, 'R'),
       (729526, 4817, 67710, 1049, 'R'),
       (729527, 4817, 67697, 1050, 'R'),
       (729528, 4817, 67698, 1050, 'R'),
       (729529, 4817, 67700, 1050, 'R'),
       (729530, 4817, 67699, 1050, 'R'),
       (729531, 4817, 67710, 1050, 'R'),
       (729532, 4817, 67711, 1052, 'R'),
       (729533, 4817, 67712, 1052, 'R'),
       (729534, 4817, 67713, 1052, 'R'),
       (729535, 4817, 67714, 1052, 'R'),
       (729536, 4817, 67715, 1052, 'R'),
       (729537, 4817, 67716, 1052, 'R'),
       (729538, 4817, 67717, 1052, 'R'),
       (729539, 4817, 67718, 1052, 'R'),
       (729540, 4817, 67719, 1052, 'R'),
       (729541, 4817, 67720, 1052, 'R'),
       (729542, 4817, 67721, 1052, 'R'),
       (729543, 4817, 67722, 1052, 'R'),
       (729544, 4817, 67733, 1052, 'R'),
       (729545, 4817, 67734, 1052, 'R'),
       (729546, 4817, 67735, 1052, 'R'),
       (729547, 4817, 67736, 1052, 'R'),
       (729548, 4817, 67737, 1052, 'R'),
       (729549, 4817, 67738, 1052, 'R'),
       (729550, 4817, 67697, 1052, 'R'),
       (729551, 4817, 67698, 1052, 'R'),
       (729552, 4817, 67699, 1052, 'R'),
       (729553, 4817, 67700, 1052, 'R'),
       (729554, 4817, 67710, 1052, 'R'),
       (729555, 4817, 67711, 1053, 'R'),
       (729556, 4817, 67712, 1053, 'R'),
       (729557, 4817, 67713, 1053, 'R'),
       (729558, 4817, 67714, 1053, 'R'),
       (729559, 4817, 67715, 1053, 'R'),
       (729560, 4817, 67716, 1053, 'R'),
       (729561, 4817, 67717, 1053, 'R'),
       (729562, 4817, 67718, 1053, 'R'),
       (729563, 4817, 67719, 1053, 'R'),
       (729564, 4817, 67720, 1053, 'R'),
       (729565, 4817, 67721, 1053, 'R'),
       (729566, 4817, 67722, 1053, 'R'),
       (729567, 4817, 67733, 1053, 'R'),
       (729568, 4817, 67734, 1053, 'R'),
       (729569, 4817, 67735, 1053, 'R'),
       (729570, 4817, 67736, 1053, 'R'),
       (729571, 4817, 67737, 1053, 'R'),
       (729572, 4817, 67738, 1053, 'R'),
       (729573, 4817, 67697, 1053, 'R'),
       (729574, 4817, 67698, 1053, 'R'),
       (729575, 4817, 67699, 1053, 'R'),
       (729576, 4817, 67700, 1053, 'R'),
       (729577, 4817, 67710, 1053, 'R'),
       (729578, 4817, 67711, 1054, 'R'),
       (729579, 4817, 67712, 1054, 'R'),
       (729580, 4817, 67713, 1054, 'R'),
       (729581, 4817, 67714, 1054, 'R'),
       (729582, 4817, 67715, 1054, 'R'),
       (729583, 4817, 67716, 1054, 'R'),
       (729584, 4817, 67717, 1054, 'R'),
       (729585, 4817, 67718, 1054, 'R'),
       (729586, 4817, 67719, 1054, 'R'),
       (729587, 4817, 67720, 1054, 'R'),
       (729588, 4817, 67721, 1054, 'R'),
       (729589, 4817, 67722, 1054, 'R'),
       (729590, 4817, 67733, 1054, 'R'),
       (729591, 4817, 67734, 1054, 'R'),
       (729592, 4817, 67735, 1054, 'R'),
       (729593, 4817, 67736, 1054, 'R'),
       (729594, 4817, 67737, 1054, 'R'),
       (729595, 4817, 67738, 1054, 'R'),
       (729596, 4817, 67697, 1054, 'R'),
       (729597, 4817, 67698, 1054, 'R'),
       (729598, 4817, 67699, 1054, 'R'),
       (729599, 4817, 67700, 1054, 'R'),
       (729600, 4817, 67710, 1054, 'R'),
       (729601, 4817, 67697, 1055, 'R'),
       (729602, 4817, 67698, 1055, 'R'),
       (729603, 4817, 67699, 1055, 'R'),
       (729604, 4817, 67700, 1055, 'R'),
       (729605, 4817, 67710, 1055, 'R'),
       (729606, 4817, 67711, 1057, 'R'),
       (729607, 4817, 67712, 1057, 'R'),
       (729608, 4817, 67713, 1057, 'R'),
       (729609, 4817, 67714, 1057, 'R'),
       (729610, 4817, 67715, 1057, 'R'),
       (729611, 4817, 67716, 1057, 'R'),
       (729612, 4817, 67717, 1057, 'R'),
       (729613, 4817, 67718, 1057, 'R'),
       (729614, 4817, 67719, 1057, 'R'),
       (729615, 4817, 67720, 1057, 'R'),
       (729616, 4817, 67721, 1057, 'R'),
       (729617, 4817, 67722, 1057, 'R'),
       (729618, 4817, 67697, 1057, 'R'),
       (729619, 4817, 67698, 1057, 'R'),
       (729620, 4817, 67699, 1057, 'R'),
       (729621, 4817, 67700, 1057, 'R'),
       (729622, 4817, 67710, 1057, 'R'),
       (729623, 4817, 67697, 1058, 'R'),
       (729624, 4817, 67698, 1058, 'R'),
       (729625, 4817, 67700, 1058, 'R'),
       (729626, 4817, 67699, 1058, 'R'),
       (729627, 4817, 67710, 1058, 'R'),
       (811714, 4822, 67701, 1049, 'R'),
       (811715, 4822, 67702, 1049, 'R'),
       (811716, 4822, 67703, 1049, 'R'),
       (811717, 4822, 67704, 1049, 'R'),
       (811718, 4822, 67705, 1049, 'R'),
       (811719, 4822, 67706, 1049, 'R'),
       (811720, 4822, 67707, 1049, 'R'),
       (811721, 4822, 67708, 1049, 'R'),
       (811722, 4822, 67709, 1049, 'R'),
       (811723, 4822, 67701, 1050, 'R'),
       (811724, 4822, 67702, 1050, 'R'),
       (811725, 4822, 67703, 1050, 'R'),
       (811726, 4822, 67649, 1050, 'R'),
       (811727, 4822, 67706, 1050, 'R'),
       (811728, 4822, 67708, 1050, 'R'),
       (811729, 4822, 67709, 1050, 'R'),
       (811730, 4822, 67701, 1051, 'R'),
       (811731, 4822, 67702, 1051, 'R'),
       (811732, 4822, 67703, 1051, 'R'),
       (811733, 4822, 67649, 1051, 'R'),
       (811734, 4822, 67708, 1051, 'R'),
       (811735, 4822, 67709, 1051, 'R'),
       (811736, 4822, 67701, 1052, 'R'),
       (811737, 4822, 67702, 1052, 'R'),
       (811738, 4822, 67703, 1052, 'R'),
       (811739, 4822, 67704, 1052, 'R'),
       (811740, 4822, 67706, 1052, 'R'),
       (811741, 4822, 67708, 1052, 'R'),
       (811742, 4822, 67709, 1052, 'R'),
       (811743, 4822, 67701, 1053, 'R'),
       (811744, 4822, 67702, 1053, 'R'),
       (811745, 4822, 67703, 1053, 'R'),
       (811746, 4822, 67704, 1053, 'R'),
       (811747, 4822, 67706, 1053, 'R'),
       (811748, 4822, 67708, 1053, 'R'),
       (811749, 4822, 67709, 1053, 'R'),
       (811750, 4822, 67701, 1054, 'R'),
       (811751, 4822, 67702, 1054, 'R'),
       (811752, 4822, 67703, 1054, 'R'),
       (811753, 4822, 67704, 1054, 'R'),
       (811754, 4822, 67706, 1054, 'R'),
       (811755, 4822, 67708, 1054, 'R'),
       (811756, 4822, 67709, 1054, 'R'),
       (811757, 4822, 67701, 1055, 'R'),
       (811758, 4822, 67702, 1055, 'R'),
       (811759, 4822, 67703, 1055, 'R'),
       (811760, 4822, 67706, 1055, 'R'),
       (811761, 4822, 67708, 1055, 'R'),
       (811762, 4822, 67709, 1055, 'R'),
       (811763, 4822, 67701, 1056, 'R'),
       (811764, 4822, 67702, 1056, 'R'),
       (811765, 4822, 67703, 1056, 'R'),
       (811766, 4822, 67708, 1056, 'R'),
       (811767, 4822, 67709, 1056, 'R'),
       (811768, 4822, 67701, 1057, 'R'),
       (811769, 4822, 67702, 1057, 'R'),
       (811770, 4822, 67703, 1057, 'R'),
       (811771, 4822, 67706, 1057, 'R'),
       (811772, 4822, 67708, 1057, 'R'),
       (811773, 4822, 67709, 1057, 'R'),
       (811774, 4822, 67701, 1058, 'R'),
       (811775, 4822, 67702, 1058, 'R'),
       (811776, 4822, 67703, 1058, 'R'),
       (811777, 4822, 67649, 1058, 'R'),
       (811778, 4822, 67706, 1058, 'R'),
       (811779, 4822, 67708, 1058, 'R'),
       (811780, 4822, 67709, 1058, 'R'),
       (812165, 4918, 67817, 1062, 'R'),
       (812166, 4918, 67818, 1062, 'R'),
       (812167, 4918, 67819, 1062, 'R'),
       (812168, 4918, 67820, 1062, 'R'),
       (812169, 4918, 67822, 1062, 'R'),
       (812170, 4918, 67824, 1062, 'R'),
       (812171, 4918, 67825, 1062, 'R'),
       (817829, 4936, 67818, 1062, 'R'),
       (817830, 4936, 67883, 1062, 'R'),
       (817831, 4936, 67819, 1062, 'R'),
       (817832, 4936, 67900, 1062, 'R'),
       (817833, 4936, 67881, 1062, 'R'),
       (817834, 4936, 67901, 1062, 'R'),
       (817835, 4936, 67882, 1062, 'R'),
       (817836, 4936, 67825, 1062, 'R'),
       (817837, 4936, 67815, 1062, 'R'),
       (817838, 4936, 67886, 1062, 'R'),
       (817839, 4936, 67887, 1062, 'R'),
       (817840, 4936, 67885, 1062, 'R'),
       (817841, 4936, 67897, 1062, 'R'),
       (817842, 4936, 67827, 1062, 'R'),
       (817843, 4936, 67831, 1062, 'R'),
       (817844, 4936, 67835, 1062, 'R'),
       (817845, 4936, 67898, 1062, 'R'),
       (817846, 4936, 67899, 1062, 'R'),
       (817847, 4936, 67826, 1062, 'R'),
       (817848, 4936, 67888, 1062, 'R'),
       (817849, 4936, 67889, 1062, 'R'),
       (817850, 4936, 67890, 1062, 'R'),
       (817851, 4936, 67891, 1062, 'R'),
       (817852, 4936, 67896, 1062, 'R'),
       (817853, 4936, 67893, 1062, 'R'),
       (817854, 4936, 67894, 1062, 'R'),
       (817855, 4936, 67895, 1062, 'R'),
       (818141, 4934, 67902, 1062, 'R'),
       (818142, 4934, 67903, 1062, 'F'),
       (818839, 4919, 67826, 1062, 'R'),
       (818840, 4919, 67881, 1062, 'F'),
       (818841, 4919, 67882, 1062, 'F'),
       (818842, 4919, 67825, 1062, 'F'),
       (819358, 4937, 67818, 1062, 'R'),
       (819359, 4937, 67883, 1062, 'R'),
       (819360, 4937, 67819, 1062, 'R'),
       (819361, 4937, 67900, 1062, 'R'),
       (819362, 4937, 67881, 1062, 'R'),
       (819363, 4937, 67901, 1062, 'R'),
       (819364, 4937, 67882, 1062, 'R'),
       (819365, 4937, 67825, 1062, 'R'),
       (819366, 4937, 67886, 1062, 'R'),
       (819367, 4937, 67887, 1062, 'R'),
       (819368, 4937, 67885, 1062, 'R'),
       (819369, 4937, 67897, 1062, 'R'),
       (819370, 4937, 67902, 1062, 'R'),
       (819371, 4937, 67903, 1062, 'R'),
       (819372, 4937, 67827, 1062, 'R'),
       (819373, 4937, 67831, 1062, 'R'),
       (819374, 4937, 67835, 1062, 'R'),
       (819375, 4937, 67898, 1062, 'R'),
       (819376, 4937, 67899, 1062, 'R'),
       (819377, 4937, 67826, 1062, 'R'),
       (819378, 4937, 67888, 1062, 'R'),
       (819379, 4937, 67908, 1062, 'R'),
       (819380, 4937, 67909, 1062, 'R'),
       (819381, 4937, 67889, 1062, 'R'),
       (819382, 4937, 67910, 1062, 'R'),
       (819383, 4937, 67890, 1062, 'R'),
       (819384, 4937, 67912, 1062, 'R'),
       (819385, 4937, 67891, 1062, 'R'),
       (819386, 4937, 67913, 1062, 'R'),
       (819387, 4937, 67896, 1062, 'R'),
       (819388, 4937, 67914, 1062, 'R'),
       (819389, 4937, 67893, 1062, 'R'),
       (819390, 4937, 67915, 1062, 'R'),
       (819391, 4937, 67895, 1062, 'R'),
       (819392, 4937, 67894, 1062, 'R'),
       (819496, 4928, 67818, 1062, 'R'),
       (819497, 4928, 67883, 1062, 'R'),
       (819498, 4928, 67819, 1062, 'R'),
       (819499, 4928, 67900, 1062, 'R'),
       (819500, 4928, 67881, 1062, 'R'),
       (819501, 4928, 67901, 1062, 'R'),
       (819502, 4928, 67882, 1062, 'R'),
       (819503, 4928, 67825, 1062, 'R'),
       (819504, 4928, 67886, 1062, 'R'),
       (819505, 4928, 67902, 1062, 'R'),
       (819506, 4928, 67903, 1062, 'R'),
       (819507, 4928, 67827, 1062, 'R'),
       (819508, 4928, 67831, 1062, 'R'),
       (819509, 4928, 67835, 1062, 'R'),
       (819510, 4928, 67898, 1062, 'R'),
       (819511, 4928, 67899, 1062, 'R'),
       (819512, 4928, 67907, 1062, 'F'),
       (819513, 4928, 67826, 1062, 'F'),
       (819514, 4931, 67818, 1062, 'R'),
       (819515, 4931, 67883, 1062, 'R'),
       (819516, 4931, 67819, 1062, 'R'),
       (819517, 4931, 67900, 1062, 'R'),
       (819518, 4931, 67881, 1062, 'R'),
       (819519, 4931, 67901, 1062, 'R'),
       (819520, 4931, 67882, 1062, 'R'),
       (819521, 4931, 67825, 1062, 'R'),
       (819522, 4931, 67886, 1062, 'R'),
       (819523, 4931, 67887, 1062, 'R'),
       (819524, 4931, 67885, 1062, 'R'),
       (819525, 4931, 67897, 1062, 'R'),
       (819526, 4931, 67902, 1062, 'R'),
       (819527, 4931, 67903, 1062, 'R'),
       (819528, 4931, 67907, 1062, 'R'),
       (819529, 4931, 67827, 1062, 'R'),
       (819530, 4931, 67831, 1062, 'R'),
       (819531, 4931, 67835, 1062, 'R'),
       (819532, 4931, 67898, 1062, 'R'),
       (819533, 4931, 67899, 1062, 'R'),
       (819534, 4931, 67826, 1062, 'R'),
       (819535, 4931, 67888, 1062, 'F'),
       (819536, 4931, 67908, 1062, 'F'),
       (819537, 4931, 67909, 1062, 'F'),
       (819538, 4931, 67889, 1062, 'F'),
       (819539, 4931, 67910, 1062, 'F'),
       (819540, 4931, 67890, 1062, 'F'),
       (819541, 4931, 67912, 1062, 'F'),
       (819542, 4931, 67891, 1062, 'F'),
       (819543, 4931, 67913, 1062, 'F'),
       (819544, 4931, 67896, 1062, 'F'),
       (819545, 4931, 67914, 1062, 'F'),
       (819546, 4931, 67893, 1062, 'F'),
       (819547, 4931, 67915, 1062, 'F'),
       (819548, 4931, 67895, 1062, 'F'),
       (819549, 4931, 67894, 1062, 'F'),
       (820118, 4927, 67883, 1062, 'R'),
       (820119, 4927, 67819, 1062, 'R'),
       (820120, 4927, 67900, 1062, 'R'),
       (820121, 4927, 67902, 1062, 'R'),
       (820122, 4927, 67903, 1062, 'R'),
       (820123, 4927, 67826, 1062, 'R'),
       (820124, 4927, 67881, 1062, 'F'),
       (820125, 4927, 67901, 1062, 'F'),
       (820126, 4927, 67882, 1062, 'F'),
       (820127, 4927, 67825, 1062, 'F'),
       (820128, 4927, 67886, 1062, 'F'),
       (820129, 4935, 67883, 1062, 'R'),
       (820130, 4935, 67819, 1062, 'R'),
       (820131, 4935, 67900, 1062, 'R'),
       (820132, 4935, 67902, 1062, 'R'),
       (820133, 4935, 67903, 1062, 'R'),
       (820134, 4935, 67826, 1062, 'R'),
       (820135, 4935, 67881, 1062, 'F'),
       (820136, 4935, 67901, 1062, 'F'),
       (820137, 4935, 67882, 1062, 'F'),
       (820138, 4935, 67825, 1062, 'F'),
       (820139, 4935, 67886, 1062, 'F'),
       (820140, 4935, 67887, 1062, 'F'),
       (820141, 4935, 67885, 1062, 'F'),
       (820142, 4935, 67897, 1062, 'F'),
       (821341, 4938, 67818, 1062, 'R'),
       (821342, 4938, 67883, 1062, 'R'),
       (821343, 4938, 67819, 1062, 'R'),
       (821344, 4938, 67900, 1062, 'R'),
       (821345, 4938, 67881, 1062, 'R'),
       (821346, 4938, 67901, 1062, 'R'),
       (821347, 4938, 67882, 1062, 'R'),
       (821348, 4938, 67886, 1062, 'R'),
       (821349, 4938, 67887, 1062, 'R'),
       (821350, 4938, 67885, 1062, 'R'),
       (821351, 4938, 67902, 1062, 'R'),
       (821352, 4938, 67903, 1062, 'R'),
       (821353, 4938, 67827, 1062, 'R'),
       (821354, 4938, 67831, 1062, 'R'),
       (821355, 4938, 67835, 1062, 'R'),
       (821356, 4938, 67898, 1062, 'R'),
       (821357, 4938, 67899, 1062, 'R'),
       (821358, 4938, 67826, 1062, 'R'),
       (821359, 4938, 67907, 1062, 'F'),
       (821360, 4938, 67888, 1062, 'F'),
       (821361, 4938, 67908, 1062, 'F'),
       (821362, 4938, 67909, 1062, 'F'),
       (821363, 4938, 67889, 1062, 'F'),
       (821364, 4938, 67910, 1062, 'F'),
       (821365, 4938, 67890, 1062, 'F'),
       (821366, 4938, 67912, 1062, 'F'),
       (821367, 4938, 67891, 1062, 'F'),
       (821368, 4938, 67913, 1062, 'F'),
       (821369, 4938, 67896, 1062, 'F'),
       (821370, 4938, 67914, 1062, 'F'),
       (821371, 4938, 67893, 1062, 'F'),
       (821372, 4938, 67915, 1062, 'F'),
       (821373, 4938, 67895, 1062, 'F'),
       (821374, 4938, 67894, 1062, 'F'),
       (821375, 4938, 67920, 1062, 'F'),
       (821376, 4933, 67920, 1062, 'R'),
       (821377, 4933, 67818, 1062, 'F'),
       (821378, 4933, 67883, 1062, 'F'),
       (821379, 4933, 67819, 1062, 'F'),
       (821380, 4933, 67900, 1062, 'F'),
       (821381, 4933, 67881, 1062, 'F'),
       (821382, 4933, 67901, 1062, 'F'),
       (821383, 4933, 67882, 1062, 'F'),
       (821384, 4933, 67886, 1062, 'F'),
       (821385, 4933, 67887, 1062, 'F'),
       (821386, 4933, 67885, 1062, 'F'),
       (821387, 4933, 67897, 1062, 'F'),
       (821388, 4933, 67902, 1062, 'F'),
       (821389, 4933, 67903, 1062, 'F'),
       (821390, 4933, 67907, 1062, 'F'),
       (821391, 4933, 67827, 1062, 'F'),
       (821392, 4933, 67831, 1062, 'F'),
       (821393, 4933, 67835, 1062, 'F'),
       (821394, 4933, 67898, 1062, 'F'),
       (821395, 4933, 67899, 1062, 'F'),
       (821396, 4933, 67826, 1062, 'F'),
       (821397, 4933, 67888, 1062, 'F'),
       (821398, 4933, 67908, 1062, 'F'),
       (821399, 4933, 67909, 1062, 'F'),
       (821400, 4933, 67889, 1062, 'F'),
       (821401, 4933, 67910, 1062, 'F'),
       (821402, 4933, 67890, 1062, 'F'),
       (821403, 4933, 67912, 1062, 'F'),
       (821404, 4933, 67891, 1062, 'F'),
       (821405, 4933, 67913, 1062, 'F'),
       (821406, 4933, 67896, 1062, 'F'),
       (821407, 4933, 67914, 1062, 'F'),
       (821408, 4933, 67893, 1062, 'F'),
       (821409, 4933, 67915, 1062, 'F'),
       (821410, 4933, 67895, 1062, 'F'),
       (821411, 4933, 67894, 1062, 'F'),
       (821412, 4930, 67818, 1062, 'R'),
       (821413, 4930, 67883, 1062, 'R'),
       (821414, 4930, 67819, 1062, 'R'),
       (821415, 4930, 67900, 1062, 'R'),
       (821416, 4930, 67881, 1062, 'R'),
       (821417, 4930, 67901, 1062, 'R'),
       (821418, 4930, 67882, 1062, 'R'),
       (821419, 4930, 67886, 1062, 'R'),
       (821420, 4930, 67887, 1062, 'R'),
       (821421, 4930, 67885, 1062, 'R'),
       (821422, 4930, 67902, 1062, 'R'),
       (821423, 4930, 67903, 1062, 'R'),
       (821424, 4930, 67827, 1062, 'R'),
       (821425, 4930, 67831, 1062, 'R'),
       (821426, 4930, 67835, 1062, 'R'),
       (821427, 4930, 67898, 1062, 'R'),
       (821428, 4930, 67899, 1062, 'R'),
       (821429, 4930, 67826, 1062, 'R'),
       (821430, 4930, 67920, 1062, 'R'),
       (821431, 4930, 67907, 1062, 'F'),
       (821432, 4930, 67888, 1062, 'F'),
       (821433, 4930, 67908, 1062, 'F'),
       (821434, 4930, 67909, 1062, 'F'),
       (821435, 4930, 67889, 1062, 'F'),
       (821436, 4930, 67910, 1062, 'F'),
       (821437, 4930, 67890, 1062, 'F'),
       (821438, 4930, 67912, 1062, 'F'),
       (821439, 4930, 67891, 1062, 'F'),
       (821440, 4930, 67913, 1062, 'F'),
       (821441, 4930, 67896, 1062, 'F'),
       (821442, 4930, 67914, 1062, 'F'),
       (821443, 4930, 67893, 1062, 'F'),
       (821444, 4930, 67915, 1062, 'F'),
       (821445, 4930, 67895, 1062, 'F'),
       (821446, 4930, 67894, 1062, 'F'),
       (821447, 4929, 67902, 1062, 'R'),
       (821448, 4929, 67903, 1062, 'R'),
       (821449, 4929, 67920, 1062, 'R'),
       (821450, 4929, 67818, 1062, 'F'),
       (821451, 4929, 67883, 1062, 'F'),
       (821452, 4929, 67819, 1062, 'F'),
       (821453, 4929, 67900, 1062, 'F'),
       (821454, 4929, 67881, 1062, 'F'),
       (821455, 4929, 67901, 1062, 'F'),
       (821456, 4929, 67882, 1062, 'F'),
       (821457, 4929, 67886, 1062, 'F'),
       (821458, 4929, 67887, 1062, 'F'),
       (821459, 4929, 67885, 1062, 'F'),
       (821460, 4929, 67907, 1062, 'F'),
       (821461, 4929, 67827, 1062, 'F'),
       (821462, 4929, 67831, 1062, 'F'),
       (821463, 4929, 67835, 1062, 'F'),
       (821464, 4929, 67898, 1062, 'F'),
       (821465, 4929, 67899, 1062, 'F'),
       (821466, 4929, 67826, 1062, 'F'),
       (821467, 4929, 67888, 1062, 'F'),
       (821468, 4929, 67908, 1062, 'F'),
       (821469, 4929, 67909, 1062, 'F'),
       (821470, 4929, 67889, 1062, 'F'),
       (821471, 4929, 67910, 1062, 'F'),
       (821472, 4929, 67890, 1062, 'F'),
       (821473, 4929, 67912, 1062, 'F'),
       (821474, 4929, 67891, 1062, 'F'),
       (821475, 4929, 67913, 1062, 'F'),
       (821476, 4929, 67896, 1062, 'F'),
       (821477, 4929, 67914, 1062, 'F'),
       (821478, 4929, 67893, 1062, 'F'),
       (821479, 4929, 67915, 1062, 'F'),
       (821480, 4929, 67895, 1062, 'F'),
       (821481, 4929, 67894, 1062, 'F'),
       (821482, 4925, 67818, 1062, 'F'),
       (821483, 4925, 67883, 1062, 'F'),
       (821484, 4925, 67819, 1062, 'F'),
       (821485, 4925, 67900, 1062, 'F'),
       (821486, 4925, 67881, 1062, 'F'),
       (821487, 4925, 67901, 1062, 'F'),
       (821488, 4925, 67882, 1062, 'F'),
       (821489, 4925, 67815, 1062, 'F'),
       (821490, 4925, 67886, 1062, 'F'),
       (821491, 4925, 67887, 1062, 'F'),
       (821492, 4925, 67885, 1062, 'F'),
       (821493, 4925, 67897, 1062, 'F'),
       (821494, 4925, 67902, 1062, 'F'),
       (821495, 4925, 67903, 1062, 'F'),
       (821496, 4925, 67907, 1062, 'F'),
       (821497, 4925, 67827, 1062, 'F'),
       (821498, 4925, 67831, 1062, 'F'),
       (821499, 4925, 67835, 1062, 'F'),
       (821500, 4925, 67898, 1062, 'F'),
       (821501, 4925, 67899, 1062, 'F'),
       (821502, 4925, 67826, 1062, 'F'),
       (821503, 4925, 67904, 1062, 'F'),
       (821504, 4925, 67905, 1062, 'F'),
       (821505, 4925, 67888, 1062, 'F'),
       (821506, 4925, 67908, 1062, 'F'),
       (821507, 4925, 67909, 1062, 'F'),
       (821508, 4925, 67889, 1062, 'F'),
       (821509, 4925, 67910, 1062, 'F'),
       (821510, 4925, 67890, 1062, 'F'),
       (821511, 4925, 67912, 1062, 'F'),
       (821512, 4925, 67891, 1062, 'F'),
       (821513, 4925, 67913, 1062, 'F'),
       (821514, 4925, 67896, 1062, 'F'),
       (821515, 4925, 67914, 1062, 'F'),
       (821516, 4925, 67893, 1062, 'F'),
       (821517, 4925, 67915, 1062, 'F'),
       (821518, 4925, 67895, 1062, 'F'),
       (821519, 4925, 67894, 1062, 'F'),
       (821520, 4925, 67920, 1062, 'F'),
       (821556, 4926, 67883, 1062, 'R'),
       (821557, 4926, 67819, 1062, 'R'),
       (821558, 4926, 67900, 1062, 'R'),
       (821559, 4926, 67902, 1062, 'R'),
       (821560, 4926, 67903, 1062, 'R'),
       (821561, 4926, 67826, 1062, 'R'),
       (821562, 4926, 67881, 1062, 'F'),
       (821563, 4926, 67901, 1062, 'F'),
       (821564, 4926, 67882, 1062, 'F'),
       (821565, 4926, 67825, 1062, 'F'),
       (821566, 4926, 67886, 1062, 'F');

-- --------------------------------------------------------

--
-- Table structure for table `client_form_groups`
--

CREATE TABLE `client_form_groups`
(
    `group_id`       int(11) UNSIGNED NOT NULL,
    `company_id`     bigint(20)                DEFAULT NULL,
    `client_type_id` int(11) UNSIGNED          DEFAULT NULL,
    `title`          varchar(255)              DEFAULT NULL,
    `order`          int(11) UNSIGNED          DEFAULT NULL,
    `cols_count`     int(1) UNSIGNED  NOT NULL DEFAULT '3',
    `collapsed`      enum ('Y','N')   NOT NULL DEFAULT 'Y',
    `regTime`        int(11) UNSIGNED NOT NULL DEFAULT '0',
    `assigned`       enum ('A','U')            DEFAULT 'U'
) ENGINE = InnoDB
  DEFAULT CHARSET = utf8 COMMENT ='List of fields groups related to specific case types are described here.';

--
-- Dumping data for table `client_form_groups`
--

INSERT INTO `client_form_groups` (`group_id`, `company_id`, `client_type_id`, `title`, `order`, `cols_count`,
                                  `collapsed`, `regTime`, `assigned`)
VALUES (9613, 0, 1049, 'Not Assigned', 100, 3, 'Y', 1401902139, 'U'),
       (9614, 0, 1049, 'Staff Responsible for this Case', 7, 4, 'Y', 1401902139, 'A'),
       (9615, 0, 1049, 'Dependants', 4, 3, 'Y', 1401902139, 'A'),
       (9616, 0, 1049, 'Case Details', 0, 4, 'N', 1401902139, 'A'),
       (9617, 0, 1049, 'Missing Documents', 8, 4, 'Y', 1401902139, 'A'),
       (9618, 0, 1049, 'Police Clearance Certificate (PCC)', 5, 4, 'Y', 1401902139, 'A'),
       (9619, 0, 1049, 'Visa Application', 1, 4, 'Y', 1401902139, 'A'),
       (9620, 0, 1049, 'Medical Examinations', 6, 4, 'Y', 1401902139, 'A'),
       (9621, 0, 1049, 'Skills and Qualifications', 2, 4, 'Y', 1401902139, 'A'),
       (9622, 0, 1050, 'Not Assigned', 100, 3, 'Y', 1401902139, 'U'),
       (9623, 0, 1050, 'Sponsorship', 1, 4, 'Y', 1401902139, 'A'),
       (9624, 0, 1050, 'Staff Responsible for This Case', 2, 4, 'Y', 1401902139, 'A'),
       (9625, 0, 1050, 'Missing Documents', 3, 4, 'Y', 1401902139, 'A'),
       (9626, 0, 1049, 'Employer Nomination Application', 3, 4, 'Y', 1401902139, 'A'),
       (9627, 0, 1050, 'Case Details', 0, 4, 'N', 1401902139, 'A'),
       (9628, 0, 1051, 'Not Assigned', 100, 3, 'Y', 1401902139, 'U'),
       (9629, 0, 1051, 'Staff Responsible for This Case', 1, 4, 'Y', 1401902139, 'A'),
       (9630, 0, 1051, 'Case Details', 0, 4, 'N', 1401902139, 'A'),
       (9631, 0, 1052, 'Not Assigned', 100, 3, 'Y', 1401902139, 'U'),
       (9632, 0, 1052, 'Staff Responsible for this Case', 7, 4, 'Y', 1401902139, 'A'),
       (9633, 0, 1052, 'Dependants', 4, 3, 'Y', 1401902139, 'A'),
       (9634, 0, 1052, 'Case Details', 0, 4, 'N', 1401902139, 'A'),
       (9635, 0, 1052, 'Missing Documents', 8, 4, 'Y', 1401902139, 'A'),
       (9636, 0, 1052, 'Police Clearance Certificate (PCC)', 5, 4, 'Y', 1401902139, 'A'),
       (9637, 0, 1052, 'Visa Application', 1, 4, 'Y', 1401902139, 'A'),
       (9638, 0, 1052, 'EOI Application', 3, 4, 'Y', 1401902139, 'A'),
       (9639, 0, 1052, 'Medical Examinations', 6, 4, 'Y', 1401902139, 'A'),
       (9640, 0, 1052, 'Skills and Qualifications', 2, 4, 'Y', 1401902139, 'A'),
       (9641, 0, 1053, 'Not Assigned', 100, 3, 'Y', 1401902139, 'U'),
       (9642, 0, 1053, 'Staff Responsible for this Case', 8, 4, 'Y', 1401902139, 'A'),
       (9643, 0, 1053, 'Dependants', 5, 3, 'Y', 1401902139, 'A'),
       (9644, 0, 1053, 'Case Details', 0, 4, 'N', 1401902139, 'A'),
       (9645, 0, 1053, 'Missing Documents', 9, 4, 'Y', 1401902139, 'A'),
       (9646, 0, 1053, 'Police Clearance Certificate (PCC)', 6, 4, 'Y', 1401902139, 'A'),
       (9647, 0, 1053, 'Visa Application', 1, 4, 'Y', 1401902139, 'A'),
       (9648, 0, 1053, 'EOI Application', 4, 4, 'Y', 1401902139, 'A'),
       (9649, 0, 1053, 'Medical Examinations', 7, 4, 'Y', 1401902139, 'A'),
       (9650, 0, 1053, 'Skills and Qualifications', 2, 4, 'Y', 1401902139, 'A'),
       (9651, 0, 1053, 'State Sponsorship Application', 3, 4, 'Y', 1401902139, 'A'),
       (9652, 0, 1054, 'Not Assigned', 100, 3, 'Y', 1401902139, 'U'),
       (9653, 0, 1054, 'Staff Responsible for this Case', 6, 4, 'Y', 1401902140, 'A'),
       (9654, 0, 1054, 'Dependants', 3, 3, 'Y', 1401902140, 'A'),
       (9655, 0, 1054, 'Case Details', 0, 4, 'N', 1401902140, 'A'),
       (9656, 0, 1054, 'Missing Documents', 7, 4, 'Y', 1401902140, 'A'),
       (9657, 0, 1054, 'Police Clearance Certificate (PCC)', 4, 4, 'Y', 1401902140, 'A'),
       (9658, 0, 1054, 'Visa Application', 1, 4, 'Y', 1401902140, 'A'),
       (9659, 0, 1054, 'Medical Examinations', 5, 4, 'Y', 1401902140, 'A'),
       (9660, 0, 1054, 'Sponsoring Family Member Info', 2, 4, 'Y', 1401902140, 'A'),
       (9661, 0, 1055, 'Not Assigned', 100, 3, 'Y', 1401902140, 'U'),
       (9662, 0, 1055, 'Staff Responsible for this Case', 3, 4, 'Y', 1401902140, 'A'),
       (9663, 0, 1055, 'Dependants', 2, 3, 'Y', 1401902140, 'A'),
       (9664, 0, 1055, 'Case Details', 0, 4, 'N', 1401902140, 'A'),
       (9665, 0, 1055, 'Missing Documents', 4, 4, 'Y', 1401902140, 'A'),
       (9666, 0, 1055, 'Review Application', 1, 4, 'Y', 1401902140, 'A'),
       (9667, 0, 1056, 'Not Assigned', 100, 3, 'Y', 1401902140, 'U'),
       (9668, 0, 1056, 'Staff Responsible for this Case', 2, 4, 'Y', 1401902140, 'A'),
       (9669, 0, 1056, 'Case Details', 0, 4, 'N', 1401902140, 'A'),
       (9670, 0, 1057, 'Not Assigned', 100, 3, 'Y', 1401902140, 'U'),
       (9671, 0, 1057, 'Staff Responsible for this Case', 4, 4, 'Y', 1401902140, 'A'),
       (9672, 0, 1057, 'Dependants', 2, 3, 'Y', 1401902140, 'A'),
       (9673, 0, 1057, 'Case Details', 0, 4, 'N', 1401902140, 'A'),
       (9674, 0, 1057, 'Missing Documents', 5, 4, 'Y', 1401902140, 'A'),
       (9675, 0, 1057, 'Police Clearance Certificate (PCC)', 3, 4, 'Y', 1401902140, 'A'),
       (9676, 0, 1057, 'Citizenship Application', 1, 4, 'Y', 1401902140, 'A'),
       (9677, 0, 1058, 'Not Assigned', 100, 3, 'Y', 1401902140, 'U'),
       (9678, 0, 1058, 'Sponsorship', 1, 4, 'Y', 1401902140, 'A'),
       (9679, 0, 1058, 'Staff Responsible for This Case', 2, 4, 'Y', 1401902140, 'A'),
       (9680, 0, 1058, 'Missing Documents', 3, 4, 'Y', 1401902140, 'A'),
       (9681, 0, 1058, 'Case Details', 0, 4, 'N', 1401902140, 'A'),
       (9700, 1, 1062, 'Not Assigned', 100, 3, 'Y', 1498004435, 'U'),
       (9702, 1, 1062, 'Dependants', 0, 3, 'Y', 1498004435, 'A'),
       (9703, 1, 1062, 'Case Details', 1, 4, 'N', 1498004435, 'A'),
       (9704, 1, 1062, 'Missing Documents', 3, 4, 'N', 1498004435, 'A'),
       (9705, 1, 1062, 'Police Clearance Certificate (PCC)', 2, 4, 'N', 1498004435, 'A'),
       (9710, 1, 1062, 'Due Diligence Matrix', 4, 3, 'N', 1499109396, 'A');

-- --------------------------------------------------------

--
-- Table structure for table `client_form_group_access`
--

CREATE TABLE `client_form_group_access`
(
    `access_id` int(11) UNSIGNED NOT NULL,
    `role_id`   int(11)          DEFAULT NULL,
    `group_id`  int(11) UNSIGNED DEFAULT NULL,
    `status`    enum ('R','F')   DEFAULT NULL
) ENGINE = InnoDB
  DEFAULT CHARSET = utf8 COMMENT ='Identifies if specific role has access to specific case''s group. If there is no record here - role has not access to the group.';

--
-- Dumping data for table `client_form_group_access`
--

INSERT INTO `client_form_group_access` (`access_id`, `role_id`, `group_id`, `status`)
VALUES (41269, 4812, 9614, 'F'),
       (41270, 4812, 9615, 'F'),
       (41271, 4812, 9616, 'F'),
       (41272, 4812, 9617, 'F'),
       (41273, 4812, 9618, 'F'),
       (41274, 4812, 9619, 'F'),
       (41275, 4812, 9620, 'F'),
       (41276, 4812, 9621, 'F'),
       (41277, 4812, 9623, 'F'),
       (41278, 4812, 9624, 'F'),
       (41279, 4812, 9625, 'F'),
       (41280, 4812, 9626, 'F'),
       (41281, 4812, 9627, 'F'),
       (41282, 4812, 9629, 'F'),
       (41283, 4812, 9630, 'F'),
       (41284, 4812, 9632, 'F'),
       (41285, 4812, 9633, 'F'),
       (41286, 4812, 9634, 'F'),
       (41287, 4812, 9635, 'F'),
       (41288, 4812, 9636, 'F'),
       (41289, 4812, 9637, 'F'),
       (41290, 4812, 9638, 'F'),
       (41291, 4812, 9639, 'F'),
       (41292, 4812, 9640, 'F'),
       (41293, 4812, 9642, 'F'),
       (41294, 4812, 9643, 'F'),
       (41295, 4812, 9644, 'F'),
       (41296, 4812, 9645, 'F'),
       (41297, 4812, 9646, 'F'),
       (41298, 4812, 9647, 'F'),
       (41299, 4812, 9648, 'F'),
       (41300, 4812, 9649, 'F'),
       (41301, 4812, 9650, 'F'),
       (41302, 4812, 9651, 'F'),
       (41303, 4812, 9653, 'F'),
       (41304, 4812, 9654, 'F'),
       (41305, 4812, 9655, 'F'),
       (41306, 4812, 9656, 'F'),
       (41307, 4812, 9657, 'F'),
       (41308, 4812, 9658, 'F'),
       (41309, 4812, 9659, 'F'),
       (41310, 4812, 9660, 'F'),
       (41311, 4812, 9662, 'F'),
       (41312, 4812, 9663, 'F'),
       (41313, 4812, 9664, 'F'),
       (41314, 4812, 9665, 'F'),
       (41315, 4812, 9666, 'F'),
       (41316, 4812, 9668, 'F'),
       (41317, 4812, 9669, 'F'),
       (41318, 4812, 9671, 'F'),
       (41319, 4812, 9672, 'F'),
       (41320, 4812, 9673, 'F'),
       (41321, 4812, 9674, 'F'),
       (41322, 4812, 9675, 'F'),
       (41323, 4812, 9676, 'F'),
       (41324, 4812, 9678, 'F'),
       (41325, 4812, 9679, 'F'),
       (41326, 4812, 9680, 'F'),
       (41327, 4812, 9681, 'F'),
       (41328, 4813, 9614, 'F'),
       (41329, 4813, 9615, 'F'),
       (41330, 4813, 9616, 'F'),
       (41331, 4813, 9617, 'F'),
       (41332, 4813, 9618, 'F'),
       (41333, 4813, 9619, 'F'),
       (41334, 4813, 9620, 'F'),
       (41335, 4813, 9621, 'F'),
       (41336, 4813, 9623, 'F'),
       (41337, 4813, 9624, 'F'),
       (41338, 4813, 9625, 'F'),
       (41339, 4813, 9626, 'F'),
       (41340, 4813, 9627, 'F'),
       (41341, 4813, 9629, 'F'),
       (41342, 4813, 9630, 'F'),
       (41343, 4813, 9632, 'F'),
       (41344, 4813, 9633, 'F'),
       (41345, 4813, 9634, 'F'),
       (41346, 4813, 9635, 'F'),
       (41347, 4813, 9636, 'F'),
       (41348, 4813, 9637, 'F'),
       (41349, 4813, 9638, 'F'),
       (41350, 4813, 9639, 'F'),
       (41351, 4813, 9640, 'F'),
       (41352, 4813, 9642, 'F'),
       (41353, 4813, 9643, 'R'),
       (41354, 4813, 9644, 'F'),
       (41355, 4813, 9645, 'F'),
       (41356, 4813, 9646, 'F'),
       (41357, 4813, 9647, 'F'),
       (41358, 4813, 9648, 'F'),
       (41359, 4813, 9649, 'F'),
       (41360, 4813, 9650, 'F'),
       (41361, 4813, 9651, 'F'),
       (41362, 4813, 9653, 'F'),
       (41363, 4813, 9654, 'F'),
       (41364, 4813, 9655, 'F'),
       (41365, 4813, 9656, 'F'),
       (41366, 4813, 9657, 'F'),
       (41367, 4813, 9658, 'F'),
       (41368, 4813, 9659, 'F'),
       (41369, 4813, 9660, 'F'),
       (41370, 4813, 9662, 'F'),
       (41371, 4813, 9663, 'F'),
       (41372, 4813, 9664, 'F'),
       (41373, 4813, 9665, 'F'),
       (41374, 4813, 9666, 'F'),
       (41375, 4813, 9668, 'F'),
       (41376, 4813, 9669, 'F'),
       (41377, 4813, 9671, 'F'),
       (41378, 4813, 9672, 'R'),
       (41379, 4813, 9673, 'F'),
       (41380, 4813, 9674, 'F'),
       (41381, 4813, 9675, 'F'),
       (41382, 4813, 9676, 'F'),
       (41383, 4813, 9678, 'F'),
       (41384, 4813, 9679, 'F'),
       (41385, 4813, 9680, 'F'),
       (41386, 4813, 9681, 'F'),
       (41458, 4816, 9614, 'F'),
       (41459, 4816, 9615, 'F'),
       (41460, 4816, 9616, 'F'),
       (41461, 4816, 9617, 'F'),
       (41462, 4816, 9618, 'F'),
       (41463, 4816, 9619, 'F'),
       (41464, 4816, 9620, 'F'),
       (41465, 4816, 9621, 'F'),
       (41466, 4816, 9623, 'F'),
       (41467, 4816, 9624, 'F'),
       (41468, 4816, 9625, 'F'),
       (41469, 4816, 9626, 'F'),
       (41470, 4816, 9627, 'F'),
       (41471, 4816, 9629, 'F'),
       (41472, 4816, 9630, 'F'),
       (41473, 4816, 9632, 'F'),
       (41474, 4816, 9633, 'F'),
       (41475, 4816, 9634, 'F'),
       (41476, 4816, 9635, 'F'),
       (41477, 4816, 9636, 'F'),
       (41478, 4816, 9637, 'F'),
       (41479, 4816, 9638, 'F'),
       (41480, 4816, 9639, 'F'),
       (41481, 4816, 9640, 'F'),
       (41482, 4816, 9642, 'F'),
       (41483, 4816, 9643, 'F'),
       (41484, 4816, 9644, 'F'),
       (41485, 4816, 9645, 'F'),
       (41486, 4816, 9646, 'F'),
       (41487, 4816, 9647, 'F'),
       (41488, 4816, 9648, 'F'),
       (41489, 4816, 9649, 'F'),
       (41490, 4816, 9650, 'F'),
       (41491, 4816, 9651, 'F'),
       (41492, 4816, 9653, 'F'),
       (41493, 4816, 9654, 'F'),
       (41494, 4816, 9655, 'F'),
       (41495, 4816, 9656, 'F'),
       (41496, 4816, 9657, 'F'),
       (41497, 4816, 9658, 'F'),
       (41498, 4816, 9659, 'F'),
       (41499, 4816, 9660, 'F'),
       (41500, 4816, 9662, 'F'),
       (41501, 4816, 9663, 'F'),
       (41502, 4816, 9664, 'F'),
       (41503, 4816, 9665, 'F'),
       (41504, 4816, 9666, 'F'),
       (41505, 4816, 9668, 'F'),
       (41506, 4816, 9669, 'F'),
       (41507, 4816, 9671, 'F'),
       (41508, 4816, 9672, 'F'),
       (41509, 4816, 9673, 'F'),
       (41510, 4816, 9674, 'F'),
       (41511, 4816, 9675, 'F'),
       (41512, 4816, 9676, 'F'),
       (41513, 4816, 9678, 'F'),
       (41514, 4816, 9679, 'F'),
       (41515, 4816, 9680, 'F'),
       (41516, 4816, 9681, 'F'),
       (41517, 4817, 9614, 'F'),
       (41518, 4817, 9615, 'R'),
       (41519, 4817, 9617, 'F'),
       (41520, 4817, 9618, 'F'),
       (41521, 4817, 9620, 'F'),
       (41522, 4817, 9624, 'F'),
       (41523, 4817, 9625, 'F'),
       (41524, 4817, 9632, 'F'),
       (41525, 4817, 9633, 'R'),
       (41526, 4817, 9635, 'F'),
       (41527, 4817, 9636, 'F'),
       (41528, 4817, 9639, 'F'),
       (41529, 4817, 9642, 'F'),
       (41530, 4817, 9643, 'R'),
       (41531, 4817, 9645, 'F'),
       (41532, 4817, 9646, 'F'),
       (41533, 4817, 9649, 'F'),
       (41534, 4817, 9653, 'F'),
       (41535, 4817, 9654, 'R'),
       (41536, 4817, 9656, 'F'),
       (41537, 4817, 9657, 'F'),
       (41538, 4817, 9659, 'F'),
       (41539, 4817, 9662, 'F'),
       (41540, 4817, 9663, 'R'),
       (41541, 4817, 9665, 'F'),
       (41542, 4817, 9671, 'F'),
       (41543, 4817, 9672, 'R'),
       (41544, 4817, 9674, 'F'),
       (41545, 4817, 9675, 'F'),
       (41546, 4817, 9679, 'F'),
       (41547, 4817, 9680, 'F'),
       (41548, 4819, 9614, 'F'),
       (41549, 4819, 9615, 'F'),
       (41550, 4819, 9616, 'F'),
       (41551, 4819, 9617, 'F'),
       (41552, 4819, 9618, 'F'),
       (41553, 4819, 9619, 'F'),
       (41554, 4819, 9620, 'F'),
       (41555, 4819, 9621, 'F'),
       (41556, 4819, 9623, 'F'),
       (41557, 4819, 9624, 'F'),
       (41558, 4819, 9625, 'F'),
       (41559, 4819, 9626, 'F'),
       (41560, 4819, 9627, 'F'),
       (41561, 4819, 9629, 'F'),
       (41562, 4819, 9630, 'F'),
       (41563, 4819, 9632, 'F'),
       (41564, 4819, 9633, 'F'),
       (41565, 4819, 9634, 'F'),
       (41566, 4819, 9635, 'F'),
       (41567, 4819, 9636, 'F'),
       (41568, 4819, 9637, 'F'),
       (41569, 4819, 9638, 'F'),
       (41570, 4819, 9639, 'F'),
       (41571, 4819, 9640, 'F'),
       (41572, 4819, 9642, 'F'),
       (41573, 4819, 9643, 'F'),
       (41574, 4819, 9644, 'F'),
       (41575, 4819, 9645, 'F'),
       (41576, 4819, 9646, 'F'),
       (41577, 4819, 9647, 'F'),
       (41578, 4819, 9648, 'F'),
       (41579, 4819, 9649, 'F'),
       (41580, 4819, 9650, 'F'),
       (41581, 4819, 9651, 'F'),
       (41582, 4819, 9653, 'F'),
       (41583, 4819, 9654, 'F'),
       (41584, 4819, 9655, 'F'),
       (41585, 4819, 9656, 'F'),
       (41586, 4819, 9657, 'F'),
       (41587, 4819, 9658, 'F'),
       (41588, 4819, 9659, 'F'),
       (41589, 4819, 9660, 'F'),
       (41590, 4819, 9662, 'F'),
       (41591, 4819, 9663, 'F'),
       (41592, 4819, 9664, 'F'),
       (41593, 4819, 9665, 'F'),
       (41594, 4819, 9666, 'F'),
       (41595, 4819, 9668, 'F'),
       (41596, 4819, 9669, 'F'),
       (41597, 4819, 9671, 'F'),
       (41598, 4819, 9672, 'F'),
       (41599, 4819, 9673, 'F'),
       (41600, 4819, 9674, 'F'),
       (41601, 4819, 9675, 'F'),
       (41602, 4819, 9676, 'F'),
       (41603, 4819, 9678, 'F'),
       (41604, 4819, 9679, 'F'),
       (41605, 4819, 9680, 'F'),
       (41606, 4819, 9681, 'F'),
       (41607, 4820, 9614, 'F'),
       (41608, 4820, 9615, 'F'),
       (41609, 4820, 9616, 'F'),
       (41610, 4820, 9617, 'F'),
       (41611, 4820, 9618, 'F'),
       (41612, 4820, 9619, 'F'),
       (41613, 4820, 9620, 'F'),
       (41614, 4820, 9621, 'F'),
       (41615, 4820, 9623, 'F'),
       (41616, 4820, 9624, 'F'),
       (41617, 4820, 9625, 'F'),
       (41618, 4820, 9626, 'F'),
       (41619, 4820, 9627, 'F'),
       (41620, 4820, 9629, 'F'),
       (41621, 4820, 9630, 'F'),
       (41622, 4820, 9632, 'F'),
       (41623, 4820, 9633, 'R'),
       (41624, 4820, 9634, 'F'),
       (41625, 4820, 9635, 'F'),
       (41626, 4820, 9636, 'F'),
       (41627, 4820, 9637, 'F'),
       (41628, 4820, 9638, 'F'),
       (41629, 4820, 9639, 'F'),
       (41630, 4820, 9640, 'F'),
       (41631, 4820, 9642, 'F'),
       (41632, 4820, 9643, 'R'),
       (41633, 4820, 9644, 'F'),
       (41634, 4820, 9645, 'F'),
       (41635, 4820, 9646, 'F'),
       (41636, 4820, 9647, 'F'),
       (41637, 4820, 9648, 'F'),
       (41638, 4820, 9649, 'F'),
       (41639, 4820, 9650, 'F'),
       (41640, 4820, 9651, 'F'),
       (41641, 4820, 9653, 'F'),
       (41642, 4820, 9654, 'F'),
       (41643, 4820, 9655, 'F'),
       (41644, 4820, 9656, 'F'),
       (41645, 4820, 9657, 'F'),
       (41646, 4820, 9658, 'F'),
       (41647, 4820, 9659, 'F'),
       (41648, 4820, 9660, 'F'),
       (41649, 4820, 9662, 'F'),
       (41650, 4820, 9663, 'F'),
       (41651, 4820, 9664, 'F'),
       (41652, 4820, 9665, 'F'),
       (41653, 4820, 9666, 'F'),
       (41654, 4820, 9668, 'F'),
       (41655, 4820, 9669, 'F'),
       (41656, 4820, 9671, 'F'),
       (41657, 4820, 9672, 'F'),
       (41658, 4820, 9673, 'F'),
       (41659, 4820, 9674, 'F'),
       (41660, 4820, 9675, 'F'),
       (41661, 4820, 9676, 'F'),
       (41662, 4820, 9678, 'F'),
       (41663, 4820, 9679, 'F'),
       (41664, 4820, 9680, 'F'),
       (41665, 4820, 9681, 'F'),
       (41666, 4821, 9614, 'F'),
       (41667, 4821, 9615, 'R'),
       (41668, 4821, 9616, 'F'),
       (41669, 4821, 9617, 'F'),
       (41670, 4821, 9618, 'F'),
       (41671, 4821, 9619, 'F'),
       (41672, 4821, 9620, 'F'),
       (41673, 4821, 9621, 'F'),
       (41674, 4821, 9623, 'F'),
       (41675, 4821, 9624, 'F'),
       (41676, 4821, 9625, 'F'),
       (41677, 4821, 9626, 'F'),
       (41678, 4821, 9627, 'F'),
       (41679, 4821, 9629, 'F'),
       (41680, 4821, 9630, 'F'),
       (41681, 4821, 9632, 'F'),
       (41682, 4821, 9633, 'R'),
       (41683, 4821, 9634, 'F'),
       (41684, 4821, 9635, 'F'),
       (41685, 4821, 9636, 'F'),
       (41686, 4821, 9637, 'F'),
       (41687, 4821, 9638, 'F'),
       (41688, 4821, 9639, 'F'),
       (41689, 4821, 9640, 'F'),
       (41690, 4821, 9642, 'F'),
       (41691, 4821, 9643, 'R'),
       (41692, 4821, 9644, 'F'),
       (41693, 4821, 9645, 'F'),
       (41694, 4821, 9646, 'F'),
       (41695, 4821, 9647, 'F'),
       (41696, 4821, 9648, 'F'),
       (41697, 4821, 9649, 'F'),
       (41698, 4821, 9650, 'F'),
       (41699, 4821, 9651, 'F'),
       (41700, 4821, 9653, 'F'),
       (41701, 4821, 9654, 'R'),
       (41702, 4821, 9655, 'F'),
       (41703, 4821, 9656, 'F'),
       (41704, 4821, 9657, 'F'),
       (41705, 4821, 9658, 'F'),
       (41706, 4821, 9659, 'F'),
       (41707, 4821, 9660, 'F'),
       (41708, 4821, 9662, 'F'),
       (41709, 4821, 9663, 'R'),
       (41710, 4821, 9664, 'F'),
       (41711, 4821, 9665, 'F'),
       (41712, 4821, 9666, 'F'),
       (41713, 4821, 9668, 'F'),
       (41714, 4821, 9669, 'F'),
       (41715, 4821, 9671, 'F'),
       (41716, 4821, 9672, 'R'),
       (41717, 4821, 9673, 'F'),
       (41718, 4821, 9674, 'F'),
       (41719, 4821, 9675, 'F'),
       (41720, 4821, 9676, 'F'),
       (41721, 4821, 9678, 'F'),
       (41722, 4821, 9679, 'F'),
       (41723, 4821, 9680, 'F'),
       (41724, 4821, 9681, 'F'),
       (41725, 4822, 9615, 'R'),
       (41726, 4822, 9616, 'F'),
       (41727, 4822, 9627, 'F'),
       (41728, 4822, 9630, 'F'),
       (41729, 4822, 9633, 'R'),
       (41730, 4822, 9634, 'F'),
       (41731, 4822, 9643, 'R'),
       (41732, 4822, 9644, 'F'),
       (41733, 4822, 9654, 'R'),
       (41734, 4822, 9655, 'F'),
       (41735, 4822, 9663, 'R'),
       (41736, 4822, 9664, 'F'),
       (41737, 4822, 9669, 'F'),
       (41738, 4822, 9672, 'R'),
       (41739, 4822, 9673, 'F'),
       (41740, 4822, 9681, 'F'),
       (45889, 4915, 9663, 'R'),
       (45890, 4915, 9672, 'R'),
       (45891, 4915, 9654, 'R'),
       (45892, 4915, 9633, 'R'),
       (45893, 4915, 9615, 'R'),
       (45894, 4915, 9643, 'R'),
       (45958, 4918, 9702, 'R'),
       (45959, 4918, 9703, 'F'),
       (45978, 4919, 9702, 'F'),
       (45979, 4919, 9704, 'F'),
       (46296, 4925, 9703, 'F'),
       (46299, 4925, 9702, 'F'),
       (46300, 4925, 9705, 'F'),
       (46303, 4925, 9704, 'F'),
       (46304, 4927, 9703, 'F'),
       (46308, 4927, 9702, 'F'),
       (46312, 4927, 9704, 'F'),
       (46313, 4926, 9703, 'F'),
       (46317, 4926, 9702, 'F'),
       (46321, 4926, 9704, 'F'),
       (46322, 4919, 9703, 'F'),
       (46323, 4928, 9702, 'R'),
       (46324, 4928, 9703, 'F'),
       (46325, 4928, 9705, 'F'),
       (46327, 4928, 9704, 'F'),
       (46328, 4929, 9702, 'F'),
       (46329, 4929, 9703, 'F'),
       (46330, 4929, 9705, 'F'),
       (46332, 4929, 9704, 'F'),
       (46333, 4930, 9702, 'R'),
       (46334, 4930, 9703, 'F'),
       (46335, 4930, 9705, 'F'),
       (46337, 4930, 9704, 'F'),
       (46338, 4931, 9702, 'R'),
       (46339, 4931, 9703, 'F'),
       (46340, 4931, 9705, 'F'),
       (46342, 4931, 9704, 'F'),
       (46347, 4929, 9710, 'F'),
       (46348, 4933, 9702, 'F'),
       (46349, 4933, 9703, 'F'),
       (46350, 4933, 9705, 'F'),
       (46351, 4933, 9704, 'F'),
       (46352, 4933, 9710, 'F'),
       (46353, 4931, 9710, 'F'),
       (46354, 4925, 9710, 'F'),
       (46355, 4934, 9702, 'R'),
       (46360, 4935, 9702, 'F'),
       (46361, 4935, 9703, 'F'),
       (46362, 4935, 9704, 'F'),
       (46363, 4936, 9702, 'R'),
       (46364, 4936, 9703, 'F'),
       (46365, 4936, 9705, 'F'),
       (46366, 4936, 9704, 'F'),
       (46367, 4936, 9710, 'F'),
       (46368, 4934, 9703, 'F'),
       (46369, 4930, 9710, 'F'),
       (46370, 4937, 9702, 'R'),
       (46371, 4937, 9703, 'F'),
       (46372, 4937, 9705, 'F'),
       (46373, 4937, 9704, 'F'),
       (46374, 4937, 9710, 'F'),
       (46375, 4938, 9702, 'R'),
       (46376, 4938, 9703, 'F'),
       (46377, 4938, 9705, 'F'),
       (46378, 4938, 9704, 'F'),
       (46379, 4938, 9710, 'F');

-- --------------------------------------------------------

--
-- Table structure for table `client_form_order`
--

CREATE TABLE `client_form_order`
(
    `order_id`     int(11) UNSIGNED NOT NULL,
    `group_id`     int(11) UNSIGNED          DEFAULT NULL,
    `field_id`     int(11) UNSIGNED          DEFAULT NULL,
    `use_full_row` enum ('Y','N')   NOT NULL DEFAULT 'N',
    `field_order`  int(3) UNSIGNED  NOT NULL DEFAULT '1'
) ENGINE = InnoDB
  DEFAULT CHARSET = utf8 COMMENT ='Each field can be placed in specific group and can be showed in the Case''s profile. If field is placed in the group that is "unassigned" - field is not showed in the Case''s profile.';

--
-- Dumping data for table `client_form_order`
--

INSERT INTO `client_form_order` (`order_id`, `group_id`, `field_id`, `use_full_row`, `field_order`)
VALUES (84257, 9613, 67649, 'N', 0),
       (84258, 9613, 67650, 'N', 1),
       (84259, 9613, 67651, 'N', 2),
       (84260, 9613, 67652, 'N', 3),
       (84261, 9613, 67653, 'N', 4),
       (84262, 9613, 67654, 'N', 5),
       (84263, 9613, 67655, 'N', 6),
       (84264, 9613, 67656, 'N', 7),
       (84265, 9613, 67657, 'N', 8),
       (84266, 9613, 67658, 'N', 9),
       (84267, 9613, 67659, 'N', 10),
       (84268, 9613, 67660, 'N', 11),
       (84269, 9613, 67661, 'N', 12),
       (84270, 9613, 67662, 'N', 13),
       (84271, 9613, 67663, 'N', 14),
       (84272, 9613, 67664, 'N', 15),
       (84273, 9613, 67665, 'N', 16),
       (84274, 9613, 67666, 'N', 17),
       (84275, 9613, 67667, 'N', 18),
       (84276, 9613, 67668, 'N', 19),
       (84277, 9613, 67669, 'N', 20),
       (84278, 9613, 67670, 'N', 21),
       (84279, 9613, 67671, 'N', 22),
       (84280, 9613, 67672, 'N', 23),
       (84281, 9613, 67673, 'N', 24),
       (84282, 9613, 67674, 'N', 25),
       (84283, 9613, 67675, 'N', 26),
       (84284, 9613, 67676, 'N', 27),
       (84285, 9613, 67677, 'N', 28),
       (84286, 9613, 67678, 'N', 29),
       (84287, 9613, 67679, 'N', 30),
       (84288, 9613, 67680, 'N', 31),
       (84289, 9613, 67681, 'N', 32),
       (84290, 9613, 67682, 'N', 33),
       (84291, 9613, 67683, 'N', 34),
       (84292, 9613, 67684, 'N', 35),
       (84293, 9613, 67685, 'N', 36),
       (84294, 9613, 67686, 'N', 37),
       (84295, 9613, 67687, 'N', 38),
       (84296, 9613, 67688, 'N', 39),
       (84297, 9613, 67689, 'N', 40),
       (84298, 9613, 67690, 'N', 41),
       (84299, 9613, 67691, 'N', 42),
       (84300, 9613, 67692, 'N', 43),
       (84301, 9613, 67693, 'N', 44),
       (84302, 9613, 67694, 'N', 45),
       (84303, 9613, 67695, 'N', 46),
       (84304, 9613, 67696, 'N', 47),
       (84305, 9614, 67697, 'N', 0),
       (84306, 9614, 67698, 'N', 1),
       (84307, 9614, 67699, 'N', 2),
       (84308, 9614, 67700, 'N', 3),
       (84309, 9616, 67701, 'N', 0),
       (84310, 9616, 67702, 'N', 1),
       (84311, 9616, 67703, 'N', 2),
       (84312, 9616, 67704, 'N', 3),
       (84313, 9616, 67705, 'N', 4),
       (84314, 9616, 67706, 'N', 5),
       (84315, 9616, 67707, 'N', 6),
       (84316, 9616, 67708, 'N', 7),
       (84317, 9616, 67709, 'N', 8),
       (84318, 9617, 67710, 'Y', 0),
       (84319, 9618, 67711, 'N', 0),
       (84320, 9618, 67712, 'N', 1),
       (84321, 9618, 67713, 'N', 2),
       (84322, 9618, 67714, 'N', 3),
       (84323, 9618, 67715, 'N', 4),
       (84324, 9618, 67716, 'N', 5),
       (84325, 9618, 67717, 'N', 6),
       (84326, 9618, 67718, 'N', 7),
       (84327, 9618, 67719, 'N', 8),
       (84328, 9618, 67720, 'N', 9),
       (84329, 9618, 67721, 'N', 10),
       (84330, 9618, 67722, 'N', 11),
       (84331, 9619, 67723, 'N', 0),
       (84332, 9619, 67724, 'N', 1),
       (84333, 9619, 67725, 'N', 2),
       (84334, 9619, 67726, 'N', 3),
       (84335, 9619, 67727, 'N', 4),
       (84336, 9619, 67728, 'N', 5),
       (84337, 9619, 67729, 'N', 6),
       (84338, 9619, 67730, 'N', 7),
       (84339, 9619, 67731, 'N', 8),
       (84340, 9619, 67732, 'N', 9),
       (84341, 9620, 67733, 'N', 0),
       (84342, 9620, 67734, 'N', 1),
       (84343, 9620, 67735, 'N', 2),
       (84344, 9620, 67736, 'N', 3),
       (84345, 9620, 67737, 'N', 4),
       (84346, 9620, 67738, 'N', 5),
       (84347, 9621, 67739, 'N', 0),
       (84348, 9621, 67740, 'N', 1),
       (84349, 9621, 67741, 'N', 2),
       (84350, 9621, 67742, 'N', 3),
       (84351, 9621, 67743, 'N', 4),
       (84352, 9621, 67744, 'N', 5),
       (84353, 9621, 67745, 'N', 6),
       (84354, 9621, 67746, 'N', 7),
       (84355, 9621, 67747, 'N', 8),
       (84356, 9621, 67748, 'N', 9),
       (84357, 9621, 67749, 'N', 10),
       (84358, 9621, 67750, 'N', 11),
       (84359, 9621, 67751, 'N', 12),
       (84360, 9621, 67752, 'N', 13),
       (84361, 9622, 67733, 'N', 0),
       (84362, 9622, 67734, 'N', 1),
       (84363, 9622, 67735, 'N', 2),
       (84364, 9622, 67736, 'N', 3),
       (84365, 9622, 67737, 'N', 4),
       (84366, 9622, 67738, 'N', 5),
       (84367, 9622, 67680, 'N', 6),
       (84368, 9622, 67730, 'N', 7),
       (84369, 9622, 67724, 'N', 8),
       (84370, 9622, 67679, 'N', 9),
       (84371, 9622, 67682, 'N', 10),
       (84372, 9622, 67725, 'N', 11),
       (84373, 9622, 67729, 'N', 12),
       (84374, 9622, 67731, 'N', 13),
       (84375, 9622, 67732, 'N', 14),
       (84376, 9622, 67741, 'N', 15),
       (84377, 9622, 67746, 'N', 16),
       (84378, 9622, 67744, 'N', 17),
       (84379, 9622, 67747, 'N', 18),
       (84380, 9622, 67743, 'N', 19),
       (84381, 9622, 67745, 'N', 20),
       (84382, 9622, 67661, 'N', 21),
       (84383, 9622, 67683, 'N', 22),
       (84384, 9622, 67696, 'N', 23),
       (84385, 9622, 67695, 'N', 24),
       (84386, 9622, 67658, 'N', 25),
       (84387, 9622, 67675, 'N', 26),
       (84388, 9622, 67705, 'N', 27),
       (84389, 9622, 67663, 'N', 28),
       (84390, 9622, 67659, 'N', 29),
       (84391, 9622, 67662, 'N', 30),
       (84392, 9622, 67671, 'N', 31),
       (84393, 9622, 67667, 'N', 32),
       (84394, 9622, 67664, 'N', 33),
       (84395, 9622, 67676, 'N', 34),
       (84396, 9622, 67670, 'N', 35),
       (84397, 9622, 67669, 'N', 36),
       (84398, 9622, 67665, 'N', 37),
       (84399, 9622, 67677, 'N', 38),
       (84400, 9622, 67674, 'N', 39),
       (84401, 9622, 67668, 'N', 40),
       (84402, 9622, 67666, 'N', 41),
       (84403, 9622, 67681, 'N', 42),
       (84404, 9622, 67672, 'N', 43),
       (84405, 9622, 67673, 'N', 44),
       (84406, 9622, 67740, 'N', 45),
       (84407, 9622, 67742, 'N', 46),
       (84408, 9622, 67748, 'N', 47),
       (84409, 9622, 67749, 'N', 48),
       (84410, 9622, 67750, 'N', 49),
       (84411, 9622, 67752, 'N', 50),
       (84412, 9622, 67660, 'N', 51),
       (84413, 9622, 67751, 'N', 52),
       (84414, 9622, 67714, 'N', 53),
       (84415, 9622, 67711, 'N', 54),
       (84416, 9622, 67712, 'N', 55),
       (84417, 9622, 67716, 'N', 56),
       (84418, 9622, 67720, 'N', 57),
       (84419, 9622, 67715, 'N', 58),
       (84420, 9622, 67719, 'N', 59),
       (84421, 9622, 67713, 'N', 60),
       (84422, 9622, 67717, 'N', 61),
       (84423, 9622, 67721, 'N', 62),
       (84424, 9622, 67718, 'N', 63),
       (84425, 9622, 67722, 'N', 64),
       (84426, 9622, 67753, 'N', 65),
       (84427, 9622, 67754, 'N', 66),
       (84428, 9622, 67755, 'N', 67),
       (84429, 9622, 67726, 'N', 68),
       (84430, 9622, 67727, 'N', 69),
       (84431, 9622, 67728, 'N', 70),
       (84432, 9622, 67756, 'N', 71),
       (84433, 9622, 67757, 'N', 72),
       (84434, 9622, 67758, 'N', 73),
       (84435, 9622, 67723, 'N', 74),
       (84436, 9622, 67739, 'N', 75),
       (84437, 9622, 67759, 'N', 76),
       (84438, 9622, 67704, 'N', 77),
       (84439, 9622, 67760, 'N', 78),
       (84440, 9622, 67678, 'N', 79),
       (84441, 9622, 67761, 'N', 80),
       (84442, 9622, 67762, 'N', 81),
       (84443, 9622, 67763, 'N', 82),
       (84444, 9622, 67764, 'N', 83),
       (84445, 9623, 67654, 'N', 0),
       (84446, 9623, 67653, 'N', 1),
       (84447, 9623, 67656, 'N', 2),
       (84448, 9623, 67657, 'N', 3),
       (84449, 9623, 67655, 'N', 4),
       (84450, 9623, 67650, 'N', 5),
       (84451, 9623, 67651, 'N', 6),
       (84452, 9623, 67652, 'N', 7),
       (84453, 9624, 67697, 'N', 0),
       (84454, 9624, 67698, 'N', 1),
       (84455, 9624, 67700, 'N', 2),
       (84456, 9624, 67699, 'N', 3),
       (84457, 9625, 67710, 'Y', 0),
       (84458, 9626, 67758, 'N', 0),
       (84459, 9626, 67757, 'N', 1),
       (84460, 9626, 67759, 'N', 2),
       (84461, 9626, 67760, 'N', 3),
       (84462, 9626, 67753, 'N', 4),
       (84463, 9626, 67754, 'N', 5),
       (84464, 9626, 67755, 'N', 6),
       (84465, 9626, 67756, 'N', 7),
       (84466, 9626, 67764, 'N', 8),
       (84467, 9626, 67761, 'N', 9),
       (84468, 9626, 67762, 'N', 10),
       (84469, 9626, 67763, 'N', 11),
       (84470, 9627, 67701, 'N', 0),
       (84471, 9627, 67702, 'N', 1),
       (84472, 9627, 67703, 'N', 2),
       (84473, 9627, 67649, 'N', 3),
       (84474, 9627, 67706, 'N', 4),
       (84475, 9627, 67707, 'N', 5),
       (84476, 9627, 67708, 'N', 6),
       (84477, 9627, 67709, 'N', 7),
       (84478, 9628, 67733, 'N', 0),
       (84479, 9628, 67734, 'N', 1),
       (84480, 9628, 67735, 'N', 2),
       (84481, 9628, 67706, 'N', 3),
       (84482, 9628, 67736, 'N', 4),
       (84483, 9628, 67737, 'N', 5),
       (84484, 9628, 67738, 'N', 6),
       (84485, 9628, 67680, 'N', 7),
       (84486, 9628, 67730, 'N', 8),
       (84487, 9628, 67652, 'N', 9),
       (84488, 9628, 67651, 'N', 10),
       (84489, 9628, 67657, 'N', 11),
       (84490, 9628, 67724, 'N', 12),
       (84491, 9628, 67679, 'N', 13),
       (84492, 9628, 67682, 'N', 14),
       (84493, 9628, 67725, 'N', 15),
       (84494, 9628, 67729, 'N', 16),
       (84495, 9628, 67731, 'N', 17),
       (84496, 9628, 67732, 'N', 18),
       (84497, 9628, 67741, 'N', 19),
       (84498, 9628, 67746, 'N', 20),
       (84499, 9628, 67744, 'N', 21),
       (84500, 9628, 67747, 'N', 22),
       (84501, 9628, 67743, 'N', 23),
       (84502, 9628, 67745, 'N', 24),
       (84503, 9628, 67661, 'N', 25),
       (84504, 9628, 67683, 'N', 26),
       (84505, 9628, 67696, 'N', 27),
       (84506, 9628, 67695, 'N', 28),
       (84507, 9628, 67658, 'N', 29),
       (84508, 9628, 67675, 'N', 30),
       (84509, 9628, 67705, 'N', 31),
       (84510, 9628, 67663, 'N', 32),
       (84511, 9628, 67659, 'N', 33),
       (84512, 9628, 67662, 'N', 34),
       (84513, 9628, 67671, 'N', 35),
       (84514, 9628, 67667, 'N', 36),
       (84515, 9628, 67664, 'N', 37),
       (84516, 9628, 67676, 'N', 38),
       (84517, 9628, 67670, 'N', 39),
       (84518, 9628, 67669, 'N', 40),
       (84519, 9628, 67665, 'N', 41),
       (84520, 9628, 67677, 'N', 42),
       (84521, 9628, 67674, 'N', 43),
       (84522, 9628, 67668, 'N', 44),
       (84523, 9628, 67666, 'N', 45),
       (84524, 9628, 67681, 'N', 46),
       (84525, 9628, 67672, 'N', 47),
       (84526, 9628, 67673, 'N', 48),
       (84527, 9628, 67740, 'N', 49),
       (84528, 9628, 67742, 'N', 50),
       (84529, 9628, 67748, 'N', 51),
       (84530, 9628, 67749, 'N', 52),
       (84531, 9628, 67750, 'N', 53),
       (84532, 9628, 67752, 'N', 54),
       (84533, 9628, 67660, 'N', 55),
       (84534, 9628, 67751, 'N', 56),
       (84535, 9628, 67714, 'N', 57),
       (84536, 9628, 67711, 'N', 58),
       (84537, 9628, 67712, 'N', 59),
       (84538, 9628, 67716, 'N', 60),
       (84539, 9628, 67720, 'N', 61),
       (84540, 9628, 67715, 'N', 62),
       (84541, 9628, 67719, 'N', 63),
       (84542, 9628, 67713, 'N', 64),
       (84543, 9628, 67717, 'N', 65),
       (84544, 9628, 67721, 'N', 66),
       (84545, 9628, 67718, 'N', 67),
       (84546, 9628, 67722, 'N', 68),
       (84547, 9628, 67753, 'N', 69),
       (84548, 9628, 67754, 'N', 70),
       (84549, 9628, 67755, 'N', 71),
       (84550, 9628, 67726, 'N', 72),
       (84551, 9628, 67727, 'N', 73),
       (84552, 9628, 67728, 'N', 74),
       (84553, 9628, 67756, 'N', 75),
       (84554, 9628, 67757, 'N', 76),
       (84555, 9628, 67758, 'N', 77),
       (84556, 9628, 67723, 'N', 78),
       (84557, 9628, 67739, 'N', 79),
       (84558, 9628, 67759, 'N', 80),
       (84559, 9628, 67704, 'N', 81),
       (84560, 9628, 67760, 'N', 82),
       (84561, 9628, 67678, 'N', 83),
       (84562, 9628, 67761, 'N', 84),
       (84563, 9628, 67762, 'N', 85),
       (84564, 9628, 67763, 'N', 86),
       (84565, 9628, 67764, 'N', 87),
       (84566, 9628, 67656, 'N', 88),
       (84567, 9628, 67650, 'N', 89),
       (84568, 9628, 67653, 'N', 90),
       (84569, 9628, 67655, 'N', 91),
       (84570, 9628, 67654, 'N', 92),
       (84571, 9628, 67710, 'N', 93),
       (84572, 9629, 67697, 'N', 0),
       (84573, 9629, 67698, 'N', 1),
       (84574, 9629, 67700, 'N', 2),
       (84575, 9629, 67699, 'N', 3),
       (84576, 9630, 67701, 'N', 0),
       (84577, 9630, 67702, 'N', 1),
       (84578, 9630, 67703, 'N', 2),
       (84579, 9630, 67649, 'N', 3),
       (84580, 9630, 67707, 'N', 4),
       (84581, 9630, 67708, 'N', 5),
       (84582, 9630, 67709, 'N', 6),
       (84688, 9641, 67649, 'N', 0),
       (84689, 9641, 67650, 'N', 1),
       (84690, 9641, 67651, 'N', 2),
       (84691, 9641, 67652, 'N', 3),
       (84692, 9641, 67653, 'N', 4),
       (84693, 9641, 67654, 'N', 5),
       (84694, 9641, 67655, 'N', 6),
       (84695, 9641, 67705, 'N', 7),
       (84696, 9641, 67656, 'N', 8),
       (84697, 9641, 67675, 'N', 9),
       (84698, 9641, 67661, 'N', 10),
       (84699, 9641, 67667, 'N', 11),
       (84700, 9641, 67657, 'N', 12),
       (84701, 9641, 67665, 'N', 13),
       (84702, 9641, 67666, 'N', 14),
       (84703, 9641, 67668, 'N', 15),
       (84704, 9641, 67677, 'N', 16),
       (84705, 9641, 67681, 'N', 17),
       (84706, 9641, 67664, 'N', 18),
       (84707, 9641, 67669, 'N', 19),
       (84708, 9641, 67672, 'N', 20),
       (84709, 9641, 67671, 'N', 21),
       (84710, 9641, 67753, 'N', 22),
       (84711, 9641, 67674, 'N', 23),
       (84712, 9641, 67670, 'N', 24),
       (84713, 9641, 67761, 'N', 25),
       (84714, 9641, 67763, 'N', 26),
       (84715, 9641, 67673, 'N', 27),
       (84716, 9641, 67676, 'N', 28),
       (84717, 9641, 67758, 'N', 29),
       (84718, 9641, 67757, 'N', 30),
       (84719, 9641, 67760, 'N', 31),
       (84720, 9641, 67759, 'N', 32),
       (84721, 9641, 67756, 'N', 33),
       (84722, 9641, 67755, 'N', 34),
       (84723, 9641, 67762, 'N', 35),
       (84724, 9641, 67754, 'N', 36),
       (84725, 9641, 67764, 'N', 37),
       (84726, 9641, 67696, 'N', 38),
       (84727, 9641, 67695, 'N', 39),
       (84728, 9641, 67683, 'N', 40),
       (84729, 9642, 67697, 'N', 0),
       (84730, 9642, 67698, 'N', 1),
       (84731, 9642, 67699, 'N', 2),
       (84732, 9642, 67700, 'N', 3),
       (84733, 9644, 67701, 'N', 0),
       (84734, 9644, 67702, 'N', 1),
       (84735, 9644, 67703, 'N', 2),
       (84736, 9644, 67704, 'N', 3),
       (84737, 9644, 67706, 'N', 4),
       (84738, 9644, 67707, 'N', 5),
       (84739, 9644, 67708, 'N', 6),
       (84740, 9644, 67709, 'N', 7),
       (84741, 9645, 67710, 'Y', 0),
       (84742, 9646, 67711, 'N', 0),
       (84743, 9646, 67712, 'N', 1),
       (84744, 9646, 67713, 'N', 2),
       (84745, 9646, 67714, 'N', 3),
       (84746, 9646, 67715, 'N', 4),
       (84747, 9646, 67716, 'N', 5),
       (84748, 9646, 67717, 'N', 6),
       (84749, 9646, 67718, 'N', 7),
       (84750, 9646, 67719, 'N', 8),
       (84751, 9646, 67720, 'N', 9),
       (84752, 9646, 67721, 'N', 10),
       (84753, 9646, 67722, 'N', 11),
       (84754, 9647, 67723, 'N', 0),
       (84755, 9647, 67724, 'N', 1),
       (84756, 9647, 67725, 'N', 2),
       (84757, 9647, 67726, 'N', 3),
       (84758, 9647, 67727, 'N', 4),
       (84759, 9647, 67728, 'N', 5),
       (84760, 9647, 67729, 'N', 6),
       (84761, 9647, 67730, 'N', 7),
       (84762, 9647, 67731, 'N', 8),
       (84763, 9647, 67732, 'N', 9),
       (84764, 9648, 67680, 'N', 0),
       (84765, 9648, 67679, 'N', 1),
       (84766, 9648, 67682, 'N', 2),
       (84767, 9648, 67678, 'N', 3),
       (84768, 9649, 67733, 'N', 0),
       (84769, 9649, 67734, 'N', 1),
       (84770, 9649, 67735, 'N', 2),
       (84771, 9649, 67736, 'N', 3),
       (84772, 9649, 67737, 'N', 4),
       (84773, 9649, 67738, 'N', 5),
       (84774, 9650, 67739, 'N', 0),
       (84775, 9650, 67740, 'N', 1),
       (84776, 9650, 67741, 'N', 2),
       (84777, 9650, 67742, 'N', 3),
       (84778, 9650, 67743, 'N', 4),
       (84779, 9650, 67744, 'N', 5),
       (84780, 9650, 67745, 'N', 6),
       (84781, 9650, 67746, 'N', 7),
       (84782, 9650, 67747, 'N', 8),
       (84783, 9650, 67748, 'N', 9),
       (84784, 9650, 67749, 'N', 10),
       (84785, 9650, 67750, 'N', 11),
       (84786, 9650, 67751, 'N', 12),
       (84787, 9650, 67752, 'N', 13),
       (84788, 9651, 67663, 'N', 0),
       (84789, 9651, 67660, 'N', 1),
       (84790, 9651, 67658, 'N', 2),
       (84791, 9651, 67659, 'N', 3),
       (84792, 9651, 67662, 'N', 4),
       (84793, 9652, 67649, 'N', 0),
       (84794, 9652, 67650, 'N', 1),
       (84795, 9652, 67651, 'N', 2),
       (84796, 9652, 67652, 'N', 3),
       (84797, 9652, 67705, 'N', 4),
       (84798, 9652, 67653, 'N', 5),
       (84799, 9652, 67654, 'N', 6),
       (84800, 9652, 67659, 'N', 7),
       (84801, 9652, 67655, 'N', 8),
       (84802, 9652, 67661, 'N', 9),
       (84803, 9652, 67656, 'N', 10),
       (84804, 9652, 67657, 'N', 11),
       (84805, 9652, 67660, 'N', 12),
       (84806, 9652, 67658, 'N', 13),
       (84807, 9652, 67663, 'N', 14),
       (84808, 9652, 67662, 'N', 15),
       (84809, 9652, 67740, 'N', 16),
       (84810, 9652, 67739, 'N', 17),
       (84811, 9652, 67746, 'N', 18),
       (84812, 9652, 67741, 'N', 19),
       (84813, 9652, 67747, 'N', 20),
       (84814, 9652, 67751, 'N', 21),
       (84815, 9652, 67742, 'N', 22),
       (84816, 9652, 67750, 'N', 23),
       (84817, 9652, 67745, 'N', 24),
       (84818, 9652, 67749, 'N', 25),
       (84819, 9652, 67744, 'N', 26),
       (84820, 9652, 67748, 'N', 27),
       (84821, 9652, 67752, 'N', 28),
       (84822, 9652, 67743, 'N', 29),
       (84823, 9652, 67756, 'N', 30),
       (84824, 9652, 67763, 'N', 31),
       (84825, 9652, 67760, 'N', 32),
       (84826, 9652, 67759, 'N', 33),
       (84827, 9652, 67755, 'N', 34),
       (84828, 9652, 67754, 'N', 35),
       (84829, 9652, 67758, 'N', 36),
       (84830, 9652, 67753, 'N', 37),
       (84831, 9652, 67764, 'N', 38),
       (84832, 9652, 67762, 'N', 39),
       (84833, 9652, 67678, 'N', 40),
       (84834, 9652, 67682, 'N', 41),
       (84835, 9652, 67761, 'N', 42),
       (84836, 9652, 67757, 'N', 43),
       (84837, 9652, 67679, 'N', 44),
       (84838, 9652, 67680, 'N', 45),
       (84839, 9652, 67696, 'N', 46),
       (84840, 9652, 67695, 'N', 47),
       (84841, 9652, 67683, 'N', 48),
       (84842, 9653, 67697, 'N', 0),
       (84843, 9653, 67698, 'N', 1),
       (84844, 9653, 67699, 'N', 2),
       (84845, 9653, 67700, 'N', 3),
       (84846, 9655, 67701, 'N', 0),
       (84847, 9655, 67702, 'N', 1),
       (84848, 9655, 67703, 'N', 2),
       (84849, 9655, 67704, 'N', 3),
       (84850, 9655, 67706, 'N', 4),
       (84851, 9655, 67707, 'N', 5),
       (84852, 9655, 67708, 'N', 6),
       (84853, 9655, 67709, 'N', 7),
       (84854, 9656, 67710, 'Y', 0),
       (84855, 9657, 67711, 'N', 0),
       (84856, 9657, 67712, 'N', 1),
       (84857, 9657, 67713, 'N', 2),
       (84858, 9657, 67714, 'N', 3),
       (84859, 9657, 67715, 'N', 4),
       (84860, 9657, 67716, 'N', 5),
       (84861, 9657, 67717, 'N', 6),
       (84862, 9657, 67718, 'N', 7),
       (84863, 9657, 67719, 'N', 8),
       (84864, 9657, 67720, 'N', 9),
       (84865, 9657, 67721, 'N', 10),
       (84866, 9657, 67722, 'N', 11),
       (84867, 9658, 67723, 'N', 0),
       (84868, 9658, 67724, 'N', 1),
       (84869, 9658, 67725, 'N', 2),
       (84870, 9658, 67726, 'N', 3),
       (84871, 9658, 67727, 'N', 4),
       (84872, 9658, 67728, 'N', 5),
       (84873, 9658, 67729, 'N', 6),
       (84874, 9658, 67730, 'N', 7),
       (84875, 9658, 67731, 'N', 8),
       (84876, 9658, 67732, 'N', 9),
       (84877, 9659, 67733, 'N', 0),
       (84878, 9659, 67734, 'N', 1),
       (84879, 9659, 67735, 'N', 2),
       (84880, 9659, 67736, 'N', 3),
       (84881, 9659, 67737, 'N', 4),
       (84882, 9659, 67738, 'N', 5),
       (84883, 9660, 67675, 'N', 0),
       (84884, 9660, 67671, 'N', 1),
       (84885, 9660, 67667, 'N', 2),
       (84886, 9660, 67664, 'N', 3),
       (84887, 9660, 67676, 'N', 4),
       (84888, 9660, 67670, 'N', 5),
       (84889, 9660, 67669, 'N', 6),
       (84890, 9660, 67665, 'N', 7),
       (84891, 9660, 67677, 'N', 8),
       (84892, 9660, 67674, 'N', 9),
       (84893, 9660, 67668, 'N', 10),
       (84894, 9660, 67666, 'N', 11),
       (84895, 9660, 67681, 'N', 12),
       (84896, 9660, 67673, 'N', 13),
       (84897, 9660, 67672, 'N', 14),
       (84898, 9661, 67649, 'N', 0),
       (84899, 9661, 67650, 'N', 1),
       (84900, 9661, 67651, 'N', 2),
       (84901, 9661, 67652, 'N', 3),
       (84902, 9661, 67653, 'N', 4),
       (84903, 9661, 67654, 'N', 5),
       (84904, 9661, 67655, 'N', 6),
       (84905, 9661, 67656, 'N', 7),
       (84906, 9661, 67704, 'N', 8),
       (84907, 9661, 67683, 'N', 9),
       (84908, 9661, 67705, 'N', 10),
       (84909, 9661, 67740, 'N', 11),
       (84910, 9661, 67741, 'N', 12),
       (84911, 9661, 67746, 'N', 13),
       (84912, 9661, 67742, 'N', 14),
       (84913, 9661, 67750, 'N', 15),
       (84914, 9661, 67657, 'N', 16),
       (84915, 9661, 67745, 'N', 17),
       (84916, 9661, 67749, 'N', 18),
       (84917, 9661, 67748, 'N', 19),
       (84918, 9661, 67739, 'N', 20),
       (84919, 9661, 67744, 'N', 21),
       (84920, 9661, 67752, 'N', 22),
       (84921, 9661, 67743, 'N', 23),
       (84922, 9661, 67658, 'N', 24),
       (84923, 9661, 67663, 'N', 25),
       (84924, 9661, 67747, 'N', 26),
       (84925, 9661, 67751, 'N', 27),
       (84926, 9661, 67660, 'N', 28),
       (84927, 9661, 67664, 'N', 29),
       (84928, 9661, 67659, 'N', 30),
       (84929, 9661, 67666, 'N', 31),
       (84930, 9661, 67662, 'N', 32),
       (84931, 9661, 67667, 'N', 33),
       (84932, 9661, 67677, 'N', 34),
       (84933, 9661, 67671, 'N', 35),
       (84934, 9661, 67672, 'N', 36),
       (84935, 9661, 67674, 'N', 37),
       (84936, 9661, 67669, 'N', 38),
       (84937, 9661, 67673, 'N', 39),
       (84938, 9661, 67675, 'N', 40),
       (84939, 9661, 67756, 'N', 41),
       (84940, 9661, 67755, 'N', 42),
       (84941, 9661, 67754, 'N', 43),
       (84942, 9661, 67682, 'N', 44),
       (84943, 9661, 67763, 'N', 45),
       (84944, 9661, 67712, 'N', 46),
       (84945, 9661, 67714, 'N', 47),
       (84946, 9661, 67764, 'N', 48),
       (84947, 9661, 67753, 'N', 49),
       (84948, 9661, 67761, 'N', 50),
       (84949, 9661, 67760, 'N', 51),
       (84950, 9661, 67733, 'N', 52),
       (84951, 9661, 67665, 'N', 53),
       (84952, 9661, 67759, 'N', 54),
       (84953, 9661, 67668, 'N', 55),
       (84954, 9661, 67757, 'N', 56),
       (84955, 9661, 67758, 'N', 57),
       (84956, 9661, 67670, 'N', 58),
       (84957, 9661, 67676, 'N', 59),
       (84958, 9661, 67681, 'N', 60),
       (84959, 9661, 67762, 'N', 61),
       (84960, 9661, 67678, 'N', 62),
       (84961, 9661, 67679, 'N', 63),
       (84962, 9661, 67680, 'N', 64),
       (84963, 9661, 67711, 'N', 65),
       (84964, 9661, 67713, 'N', 66),
       (84965, 9661, 67718, 'N', 67),
       (84966, 9661, 67722, 'N', 68),
       (84967, 9661, 67717, 'N', 69),
       (84968, 9661, 67721, 'N', 70),
       (84969, 9661, 67716, 'N', 71),
       (84970, 9661, 67720, 'N', 72),
       (84971, 9661, 67715, 'N', 73),
       (84972, 9661, 67719, 'N', 74),
       (84973, 9661, 67736, 'N', 75),
       (84974, 9661, 67735, 'N', 76),
       (84975, 9661, 67734, 'N', 77),
       (84976, 9661, 67738, 'N', 78),
       (84977, 9661, 67737, 'N', 79),
       (84978, 9661, 67728, 'N', 80),
       (84979, 9661, 67731, 'N', 81),
       (84980, 9661, 67732, 'N', 82),
       (84981, 9661, 67661, 'N', 83),
       (84982, 9661, 67723, 'N', 84),
       (84983, 9661, 67725, 'N', 85),
       (84984, 9661, 67724, 'N', 86),
       (84985, 9661, 67726, 'N', 87),
       (84986, 9661, 67727, 'N', 88),
       (84987, 9661, 67730, 'N', 89),
       (84988, 9662, 67697, 'N', 0),
       (84989, 9662, 67698, 'N', 1),
       (84990, 9662, 67699, 'N', 2),
       (84991, 9662, 67700, 'N', 3),
       (84992, 9664, 67701, 'N', 0),
       (84993, 9664, 67702, 'N', 1),
       (84994, 9664, 67703, 'N', 2),
       (84995, 9664, 67706, 'N', 3),
       (84996, 9664, 67707, 'N', 4),
       (84997, 9664, 67708, 'N', 5),
       (84998, 9664, 67709, 'N', 6),
       (84999, 9665, 67710, 'Y', 0),
       (85000, 9666, 67684, 'N', 0),
       (85001, 9666, 67686, 'N', 1),
       (85002, 9666, 67685, 'N', 2),
       (85003, 9666, 67687, 'N', 3),
       (85004, 9666, 67689, 'N', 4),
       (85005, 9666, 67729, 'N', 5),
       (85006, 9666, 67688, 'N', 6),
       (85007, 9666, 67695, 'N', 7),
       (85008, 9666, 67696, 'N', 8),
       (85009, 9667, 67649, 'N', 0),
       (85010, 9667, 67650, 'N', 1),
       (85011, 9667, 67651, 'N', 2),
       (85012, 9667, 67652, 'N', 3),
       (85013, 9667, 67705, 'N', 4),
       (85014, 9667, 67706, 'N', 5),
       (85015, 9667, 67653, 'N', 6),
       (85016, 9667, 67654, 'N', 7),
       (85017, 9667, 67655, 'N', 8),
       (85018, 9667, 67726, 'N', 9),
       (85019, 9667, 67727, 'N', 10),
       (85020, 9667, 67731, 'N', 11),
       (85021, 9667, 67696, 'N', 12),
       (85022, 9667, 67656, 'N', 13),
       (85023, 9667, 67724, 'N', 14),
       (85024, 9667, 67657, 'N', 15),
       (85025, 9667, 67740, 'N', 16),
       (85026, 9667, 67739, 'N', 17),
       (85027, 9667, 67741, 'N', 18),
       (85028, 9667, 67742, 'N', 19),
       (85029, 9667, 67746, 'N', 20),
       (85030, 9667, 67750, 'N', 21),
       (85031, 9667, 67704, 'N', 22),
       (85032, 9667, 67743, 'N', 23),
       (85033, 9667, 67748, 'N', 24),
       (85034, 9667, 67710, 'N', 25),
       (85035, 9667, 67752, 'N', 26),
       (85036, 9667, 67745, 'N', 27),
       (85037, 9667, 67749, 'N', 28),
       (85038, 9667, 67659, 'N', 29),
       (85039, 9667, 67663, 'N', 30),
       (85040, 9667, 67744, 'N', 31),
       (85041, 9667, 67747, 'N', 32),
       (85042, 9667, 67664, 'N', 33),
       (85043, 9667, 67751, 'N', 34),
       (85044, 9667, 67671, 'N', 35),
       (85045, 9667, 67675, 'N', 36),
       (85046, 9667, 67669, 'N', 37),
       (85047, 9667, 67681, 'N', 38),
       (85048, 9667, 67670, 'N', 39),
       (85049, 9667, 67658, 'N', 40),
       (85050, 9667, 67660, 'N', 41),
       (85051, 9667, 67662, 'N', 42),
       (85052, 9667, 67760, 'N', 43),
       (85053, 9667, 67756, 'N', 44),
       (85054, 9667, 67753, 'N', 45),
       (85055, 9667, 67754, 'N', 46),
       (85056, 9667, 67758, 'N', 47),
       (85057, 9667, 67680, 'N', 48),
       (85058, 9667, 67761, 'N', 49),
       (85059, 9667, 67763, 'N', 50),
       (85060, 9667, 67665, 'N', 51),
       (85061, 9667, 67712, 'N', 52),
       (85062, 9667, 67711, 'N', 53),
       (85063, 9667, 67759, 'N', 54),
       (85064, 9667, 67666, 'N', 55),
       (85065, 9667, 67721, 'N', 56),
       (85066, 9667, 67667, 'N', 57),
       (85067, 9667, 67668, 'N', 58),
       (85068, 9667, 67672, 'N', 59),
       (85069, 9667, 67673, 'N', 60),
       (85070, 9667, 67674, 'N', 61),
       (85071, 9667, 67676, 'N', 62),
       (85072, 9667, 67677, 'N', 63),
       (85073, 9667, 67755, 'N', 64),
       (85074, 9667, 67762, 'N', 65),
       (85075, 9667, 67757, 'N', 66),
       (85076, 9667, 67764, 'N', 67),
       (85077, 9667, 67678, 'N', 68),
       (85078, 9667, 67682, 'N', 69),
       (85079, 9667, 67679, 'N', 70),
       (85080, 9667, 67714, 'N', 71),
       (85081, 9667, 67718, 'N', 72),
       (85082, 9667, 67722, 'N', 73),
       (85083, 9667, 67713, 'N', 74),
       (85084, 9667, 67717, 'N', 75),
       (85085, 9667, 67716, 'N', 76),
       (85086, 9667, 67720, 'N', 77),
       (85087, 9667, 67715, 'N', 78),
       (85088, 9667, 67719, 'N', 79),
       (85089, 9667, 67736, 'N', 80),
       (85090, 9667, 67735, 'N', 81),
       (85091, 9667, 67734, 'N', 82),
       (85092, 9667, 67738, 'N', 83),
       (85093, 9667, 67733, 'N', 84),
       (85094, 9667, 67737, 'N', 85),
       (85095, 9667, 67725, 'N', 86),
       (85096, 9667, 67661, 'N', 87),
       (85097, 9667, 67730, 'N', 88),
       (85098, 9667, 67695, 'N', 89),
       (85099, 9667, 67729, 'N', 90),
       (85100, 9667, 67683, 'N', 91),
       (85101, 9667, 67728, 'N', 92),
       (85102, 9667, 67732, 'N', 93),
       (85103, 9667, 67723, 'N', 94),
       (85104, 9668, 67697, 'N', 0),
       (85105, 9668, 67698, 'N', 1),
       (85106, 9668, 67699, 'N', 2),
       (85107, 9668, 67700, 'N', 3),
       (85108, 9669, 67701, 'N', 0),
       (85109, 9669, 67702, 'N', 1),
       (85110, 9669, 67703, 'N', 2),
       (85111, 9669, 67707, 'N', 3),
       (85112, 9669, 67708, 'N', 4),
       (85113, 9669, 67709, 'N', 5),
       (85114, 9670, 67649, 'N', 0),
       (85115, 9670, 67650, 'N', 1),
       (85116, 9670, 67651, 'N', 2),
       (85117, 9670, 67652, 'N', 3),
       (85118, 9670, 67653, 'N', 4),
       (85119, 9670, 67705, 'N', 5),
       (85120, 9670, 67654, 'N', 6),
       (85121, 9670, 67731, 'N', 7),
       (85122, 9670, 67729, 'N', 8),
       (85123, 9670, 67725, 'N', 9),
       (85124, 9670, 67728, 'N', 10),
       (85125, 9670, 67655, 'N', 11),
       (85126, 9670, 67656, 'N', 12),
       (85127, 9670, 67727, 'N', 13),
       (85128, 9670, 67657, 'N', 14),
       (85129, 9670, 67704, 'N', 15),
       (85130, 9670, 67746, 'N', 16),
       (85131, 9670, 67726, 'N', 17),
       (85132, 9670, 67750, 'N', 18),
       (85133, 9670, 67742, 'N', 19),
       (85134, 9670, 67741, 'N', 20),
       (85135, 9670, 67739, 'N', 21),
       (85136, 9670, 67743, 'N', 22),
       (85137, 9670, 67749, 'N', 23),
       (85138, 9670, 67745, 'N', 24),
       (85139, 9670, 67748, 'N', 25),
       (85140, 9670, 67740, 'N', 26),
       (85141, 9670, 67744, 'N', 27),
       (85142, 9670, 67752, 'N', 28),
       (85143, 9670, 67747, 'N', 29),
       (85144, 9670, 67751, 'N', 30),
       (85145, 9670, 67659, 'N', 31),
       (85146, 9670, 67658, 'N', 32),
       (85147, 9670, 67660, 'N', 33),
       (85148, 9670, 67671, 'N', 34),
       (85149, 9670, 67663, 'N', 35),
       (85150, 9670, 67676, 'N', 36),
       (85151, 9670, 67675, 'N', 37),
       (85152, 9670, 67674, 'N', 38),
       (85153, 9670, 67670, 'N', 39),
       (85154, 9670, 67668, 'N', 40),
       (85155, 9670, 67662, 'N', 41),
       (85156, 9670, 67757, 'N', 42),
       (85157, 9670, 67764, 'N', 43),
       (85158, 9670, 67758, 'N', 44),
       (85159, 9670, 67761, 'N', 45),
       (85160, 9670, 67679, 'N', 46),
       (85161, 9670, 67755, 'N', 47),
       (85162, 9670, 67680, 'N', 48),
       (85163, 9670, 67682, 'N', 49),
       (85164, 9670, 67763, 'N', 50),
       (85165, 9670, 67664, 'N', 51),
       (85166, 9670, 67760, 'N', 52),
       (85167, 9670, 67665, 'N', 53),
       (85168, 9670, 67666, 'N', 54),
       (85169, 9670, 67669, 'N', 55),
       (85170, 9670, 67736, 'N', 56),
       (85171, 9670, 67737, 'N', 57),
       (85172, 9670, 67738, 'N', 58),
       (85173, 9670, 67667, 'N', 59),
       (85174, 9670, 67672, 'N', 60),
       (85175, 9670, 67673, 'N', 61),
       (85176, 9670, 67677, 'N', 62),
       (85177, 9670, 67681, 'N', 63),
       (85178, 9670, 67756, 'N', 64),
       (85179, 9670, 67759, 'N', 65),
       (85180, 9670, 67762, 'N', 66),
       (85181, 9670, 67754, 'N', 67),
       (85182, 9670, 67753, 'N', 68),
       (85183, 9670, 67678, 'N', 69),
       (85184, 9670, 67735, 'N', 70),
       (85185, 9670, 67734, 'N', 71),
       (85186, 9670, 67733, 'N', 72),
       (85187, 9670, 67684, 'N', 73),
       (85188, 9670, 67685, 'N', 74),
       (85189, 9670, 67686, 'N', 75),
       (85190, 9670, 67687, 'N', 76),
       (85191, 9670, 67688, 'N', 77),
       (85192, 9670, 67689, 'N', 78),
       (85193, 9670, 67724, 'N', 79),
       (85194, 9670, 67696, 'N', 80),
       (85195, 9670, 67732, 'N', 81),
       (85196, 9670, 67695, 'N', 82),
       (85197, 9670, 67730, 'N', 83),
       (85198, 9671, 67697, 'N', 0),
       (85199, 9671, 67698, 'N', 1),
       (85200, 9671, 67699, 'N', 2),
       (85201, 9671, 67700, 'N', 3),
       (85202, 9673, 67701, 'N', 0),
       (85203, 9673, 67702, 'N', 1),
       (85204, 9673, 67703, 'N', 2),
       (85205, 9673, 67706, 'N', 3),
       (85206, 9673, 67707, 'N', 4),
       (85207, 9673, 67708, 'N', 5),
       (85208, 9673, 67709, 'N', 6),
       (85209, 9674, 67710, 'Y', 0),
       (85210, 9675, 67711, 'N', 0),
       (85211, 9675, 67712, 'N', 1),
       (85212, 9675, 67713, 'N', 2),
       (85213, 9675, 67714, 'N', 3),
       (85214, 9675, 67715, 'N', 4),
       (85215, 9675, 67716, 'N', 5),
       (85216, 9675, 67717, 'N', 6),
       (85217, 9675, 67718, 'N', 7),
       (85218, 9675, 67719, 'N', 8),
       (85219, 9675, 67720, 'N', 9),
       (85220, 9675, 67721, 'N', 10),
       (85221, 9675, 67722, 'N', 11),
       (85222, 9676, 67723, 'N', 0),
       (85223, 9676, 67690, 'N', 1),
       (85224, 9676, 67691, 'N', 2),
       (85225, 9676, 67692, 'N', 3),
       (85226, 9676, 67693, 'N', 4),
       (85227, 9676, 67661, 'N', 5),
       (85228, 9676, 67683, 'N', 6),
       (85229, 9676, 67694, 'N', 7),
       (108331, 9681, 67701, 'N', 0),
       (108332, 9681, 67702, 'N', 1),
       (108333, 9681, 67703, 'N', 2),
       (108334, 9681, 67649, 'N', 3),
       (108335, 9681, 67706, 'N', 4),
       (108336, 9681, 67707, 'N', 5),
       (108337, 9681, 67708, 'N', 6),
       (108338, 9681, 67709, 'N', 7),
       (108339, 9678, 67654, 'N', 0),
       (108340, 9679, 67697, 'N', 0),
       (108341, 9679, 67698, 'N', 1),
       (108342, 9679, 67700, 'N', 2),
       (108343, 9679, 67699, 'N', 3),
       (108344, 9680, 67710, 'Y', 0),
       (108345, 9677, 67733, 'N', 0),
       (108346, 9677, 67734, 'N', 1),
       (108347, 9677, 67735, 'N', 2),
       (108348, 9677, 67736, 'N', 3),
       (108349, 9677, 67737, 'N', 4),
       (108350, 9677, 67738, 'N', 5),
       (108351, 9677, 67680, 'N', 6),
       (108352, 9677, 67730, 'N', 7),
       (108353, 9677, 67724, 'N', 8),
       (108354, 9677, 67679, 'N', 9),
       (108355, 9677, 67682, 'N', 10),
       (108356, 9677, 67651, 'N', 11),
       (108357, 9677, 67655, 'N', 12),
       (108358, 9677, 67650, 'N', 13),
       (108359, 9677, 67725, 'N', 14),
       (108360, 9677, 67657, 'N', 15),
       (108361, 9677, 67656, 'N', 16),
       (108362, 9677, 67729, 'N', 17),
       (108363, 9677, 67653, 'N', 18),
       (108364, 9677, 67731, 'N', 19),
       (108365, 9677, 67732, 'N', 20),
       (108366, 9677, 67741, 'N', 21),
       (108367, 9677, 67746, 'N', 22),
       (108368, 9677, 67744, 'N', 23),
       (108369, 9677, 67747, 'N', 24),
       (108370, 9677, 67743, 'N', 25),
       (108371, 9677, 67745, 'N', 26),
       (108372, 9677, 67661, 'N', 27),
       (108373, 9677, 67683, 'N', 28),
       (108374, 9677, 67696, 'N', 29),
       (108375, 9677, 67695, 'N', 30),
       (108376, 9677, 67658, 'N', 31),
       (108377, 9677, 67675, 'N', 32),
       (108378, 9677, 67705, 'N', 33),
       (108379, 9677, 67663, 'N', 34),
       (108380, 9677, 67659, 'N', 35),
       (108381, 9677, 67662, 'N', 36),
       (108382, 9677, 67671, 'N', 37),
       (108383, 9677, 67667, 'N', 38),
       (108384, 9677, 67664, 'N', 39),
       (108385, 9677, 67676, 'N', 40),
       (108386, 9677, 67670, 'N', 41),
       (108387, 9677, 67669, 'N', 42),
       (108388, 9677, 67665, 'N', 43),
       (108389, 9677, 67677, 'N', 44),
       (108390, 9677, 67674, 'N', 45),
       (108391, 9677, 67668, 'N', 46),
       (108392, 9677, 67666, 'N', 47),
       (108393, 9677, 67681, 'N', 48),
       (108394, 9677, 67672, 'N', 49),
       (108395, 9677, 67673, 'N', 50),
       (108396, 9677, 67740, 'N', 51),
       (108397, 9677, 67742, 'N', 52),
       (108398, 9677, 67748, 'N', 53),
       (108399, 9677, 67749, 'N', 54),
       (108400, 9677, 67750, 'N', 55),
       (108401, 9677, 67752, 'N', 56),
       (108402, 9677, 67660, 'N', 57),
       (108403, 9677, 67751, 'N', 58),
       (108404, 9677, 67714, 'N', 59),
       (108405, 9677, 67711, 'N', 60),
       (108406, 9677, 67712, 'N', 61),
       (108407, 9677, 67716, 'N', 62),
       (108408, 9677, 67720, 'N', 63),
       (108409, 9677, 67715, 'N', 64),
       (108410, 9677, 67719, 'N', 65),
       (108411, 9677, 67713, 'N', 66),
       (108412, 9677, 67717, 'N', 67),
       (108413, 9677, 67721, 'N', 68),
       (108414, 9677, 67718, 'N', 69),
       (108415, 9677, 67722, 'N', 70),
       (108416, 9677, 67753, 'N', 71),
       (108417, 9677, 67754, 'N', 72),
       (108418, 9677, 67755, 'N', 73),
       (108419, 9677, 67726, 'N', 74),
       (108420, 9677, 67727, 'N', 75),
       (108421, 9677, 67728, 'N', 76),
       (108422, 9677, 67756, 'N', 77),
       (108423, 9677, 67757, 'N', 78),
       (108424, 9677, 67758, 'N', 79),
       (108425, 9677, 67723, 'N', 80),
       (108426, 9677, 67739, 'N', 81),
       (108427, 9677, 67759, 'N', 82),
       (108428, 9677, 67704, 'N', 83),
       (108429, 9677, 67760, 'N', 84),
       (108430, 9677, 67678, 'N', 85),
       (108431, 9677, 67761, 'N', 86),
       (108432, 9677, 67762, 'N', 87),
       (108433, 9677, 67763, 'N', 88),
       (108434, 9677, 67764, 'N', 89),
       (108435, 9677, 67684, 'N', 90),
       (108436, 9677, 67685, 'N', 91),
       (108437, 9677, 67686, 'N', 92),
       (108438, 9677, 67687, 'N', 93),
       (108439, 9677, 67688, 'N', 94),
       (108440, 9677, 67689, 'N', 95),
       (108441, 9677, 67690, 'N', 96),
       (108442, 9677, 67691, 'N', 97),
       (108443, 9677, 67692, 'N', 98),
       (108444, 9677, 67693, 'N', 99),
       (108445, 9677, 67694, 'N', 100),
       (108446, 9677, 67652, 'N', 101),
       (133101, 9634, 67701, 'N', 0),
       (133102, 9634, 67702, 'N', 1),
       (133103, 9634, 67703, 'N', 2),
       (133104, 9634, 67704, 'N', 3),
       (133105, 9634, 67706, 'N', 4),
       (133106, 9634, 67707, 'N', 5),
       (133107, 9634, 67708, 'N', 6),
       (133108, 9634, 67709, 'N', 7),
       (133109, 9637, 67723, 'N', 0),
       (133110, 9637, 67724, 'N', 1),
       (133111, 9637, 67725, 'N', 2),
       (133112, 9637, 67726, 'N', 3),
       (133113, 9637, 67727, 'N', 4),
       (133114, 9637, 67728, 'N', 5),
       (133115, 9637, 67729, 'N', 6),
       (133116, 9637, 67730, 'N', 7),
       (133117, 9637, 67731, 'N', 8),
       (133118, 9637, 67732, 'N', 9),
       (133119, 9640, 67739, 'N', 0),
       (133120, 9640, 67740, 'N', 1),
       (133121, 9640, 67741, 'N', 2),
       (133122, 9640, 67742, 'N', 3),
       (133123, 9640, 67743, 'N', 4),
       (133124, 9640, 67744, 'N', 5),
       (133125, 9640, 67745, 'N', 6),
       (133126, 9640, 67746, 'N', 7),
       (133127, 9640, 67747, 'N', 8),
       (133128, 9640, 67748, 'N', 9),
       (133129, 9640, 67749, 'N', 10),
       (133130, 9640, 67750, 'N', 11),
       (133131, 9640, 67751, 'N', 12),
       (133132, 9640, 67752, 'N', 13),
       (133133, 9638, 67680, 'N', 0),
       (133134, 9638, 67679, 'N', 1),
       (133135, 9638, 67682, 'N', 2),
       (133136, 9638, 67678, 'N', 3),
       (133137, 9636, 67711, 'N', 0),
       (133138, 9636, 67712, 'N', 1),
       (133139, 9636, 67713, 'N', 2),
       (133140, 9636, 67714, 'N', 3),
       (133141, 9636, 67715, 'N', 4),
       (133142, 9636, 67716, 'N', 5),
       (133143, 9636, 67717, 'N', 6),
       (133144, 9636, 67718, 'N', 7),
       (133145, 9636, 67719, 'N', 8),
       (133146, 9636, 67720, 'N', 9),
       (133147, 9636, 67721, 'N', 10),
       (133148, 9636, 67722, 'N', 11),
       (133149, 9639, 67733, 'N', 0),
       (133150, 9639, 67734, 'N', 1),
       (133151, 9639, 67735, 'N', 2),
       (133152, 9639, 67736, 'N', 3),
       (133153, 9639, 67737, 'N', 4),
       (133154, 9639, 67738, 'N', 5),
       (133155, 9632, 67697, 'N', 0),
       (133156, 9632, 67698, 'N', 1),
       (133157, 9632, 67699, 'N', 2),
       (133158, 9632, 67700, 'N', 3),
       (133159, 9635, 67710, 'Y', 0),
       (133160, 9631, 67649, 'N', 0),
       (133161, 9631, 67650, 'N', 1),
       (133162, 9631, 67651, 'N', 2),
       (133163, 9631, 67652, 'N', 3),
       (133164, 9631, 67653, 'N', 4),
       (133165, 9631, 67654, 'N', 5),
       (133166, 9631, 67655, 'N', 6),
       (133167, 9631, 67705, 'N', 7),
       (133168, 9631, 67656, 'N', 8),
       (133169, 9631, 67660, 'N', 9),
       (133170, 9631, 67661, 'N', 10),
       (133171, 9631, 67658, 'N', 11),
       (133172, 9631, 67662, 'N', 12),
       (133173, 9631, 67659, 'N', 13),
       (133174, 9631, 67663, 'N', 14),
       (133175, 9631, 67657, 'N', 15),
       (133176, 9631, 67664, 'N', 16),
       (133177, 9631, 67665, 'N', 17),
       (133178, 9631, 67667, 'N', 18),
       (133179, 9631, 67668, 'N', 19),
       (133180, 9631, 67669, 'N', 20),
       (133181, 9631, 67672, 'N', 21),
       (133182, 9631, 67666, 'N', 22),
       (133183, 9631, 67671, 'N', 23),
       (133184, 9631, 67673, 'N', 24),
       (133185, 9631, 67670, 'N', 25),
       (133186, 9631, 67674, 'N', 26),
       (133187, 9631, 67676, 'N', 27),
       (133188, 9631, 67675, 'N', 28),
       (133189, 9631, 67677, 'N', 29),
       (133190, 9631, 67760, 'N', 30),
       (133191, 9631, 67756, 'N', 31),
       (133192, 9631, 67681, 'N', 32),
       (133193, 9631, 67755, 'N', 33),
       (133194, 9631, 67763, 'N', 34),
       (133195, 9631, 67759, 'N', 35),
       (133196, 9631, 67764, 'N', 36),
       (133197, 9631, 67762, 'N', 37),
       (133198, 9631, 67757, 'N', 38),
       (133199, 9631, 67754, 'N', 39),
       (133200, 9631, 67761, 'N', 40),
       (133201, 9631, 67758, 'N', 41),
       (133202, 9631, 67753, 'N', 42),
       (133203, 9631, 67683, 'N', 43),
       (133204, 9631, 67696, 'N', 44),
       (133205, 9631, 67695, 'N', 45),
       (133206, 9631, 67684, 'N', 46),
       (133207, 9631, 67685, 'N', 47),
       (133208, 9631, 67686, 'N', 48),
       (133209, 9631, 67687, 'N', 49),
       (133210, 9631, 67688, 'N', 50),
       (133211, 9631, 67689, 'N', 51),
       (133212, 9631, 67690, 'N', 52),
       (133213, 9631, 67691, 'N', 53),
       (133214, 9631, 67692, 'N', 54),
       (133215, 9631, 67693, 'N', 55),
       (133216, 9631, 67694, 'N', 56),
       (140711, 9703, 67818, 'N', 0),
       (140712, 9703, 67883, 'N', 1),
       (140713, 9703, 67819, 'N', 2),
       (140714, 9703, 67900, 'N', 3),
       (140715, 9703, 67881, 'N', 4),
       (140716, 9703, 67901, 'N', 5),
       (140717, 9703, 67882, 'N', 6),
       (140718, 9703, 67825, 'N', 7),
       (140719, 9703, 67815, 'N', 8),
       (140720, 9703, 67886, 'N', 9),
       (140721, 9703, 67887, 'N', 10),
       (140722, 9703, 67885, 'N', 11),
       (140723, 9703, 67897, 'N', 12),
       (140724, 9703, 67902, 'N', 13),
       (140725, 9703, 67903, 'N', 14),
       (140726, 9703, 67907, 'N', 15),
       (140727, 9705, 67827, 'N', 0),
       (140728, 9705, 67831, 'N', 1),
       (140729, 9705, 67835, 'N', 2),
       (140730, 9705, 67898, 'N', 3),
       (140731, 9705, 67899, 'N', 4),
       (140732, 9704, 67826, 'Y', 0),
       (140733, 9704, 67904, 'Y', 1),
       (140734, 9704, 67905, 'Y', 2),
       (140735, 9704, 67906, 'N', 3),
       (140736, 9710, 67888, 'N', 0),
       (140737, 9710, 67908, 'N', 1),
       (140738, 9710, 67909, 'N', 2),
       (140739, 9710, 67889, 'N', 3),
       (140740, 9710, 67910, 'Y', 4),
       (140741, 9710, 67890, 'N', 5),
       (140742, 9710, 67912, 'Y', 6),
       (140743, 9710, 67891, 'N', 7),
       (140744, 9710, 67913, 'Y', 8),
       (140745, 9710, 67896, 'N', 9),
       (140746, 9710, 67914, 'Y', 10),
       (140747, 9710, 67893, 'N', 11),
       (140748, 9710, 67915, 'Y', 12),
       (140749, 9710, 67895, 'N', 13),
       (140750, 9710, 67894, 'Y', 14),
       (140751, 9710, 67920, 'Y', 15),
       (140752, 9700, 67765, 'N', 0),
       (140753, 9700, 67884, 'N', 1),
       (140754, 9700, 67766, 'N', 2),
       (140755, 9700, 67817, 'N', 3),
       (140756, 9700, 67767, 'N', 4),
       (140757, 9700, 67820, 'N', 5),
       (140758, 9700, 67768, 'N', 6),
       (140759, 9700, 67822, 'N', 7),
       (140760, 9700, 67823, 'N', 8),
       (140761, 9700, 67824, 'N', 9),
       (140762, 9700, 67769, 'N', 10),
       (140763, 9700, 67841, 'N', 11),
       (140764, 9700, 67843, 'N', 12),
       (140765, 9700, 67839, 'N', 13),
       (140766, 9700, 67848, 'N', 14),
       (140767, 9700, 67847, 'N', 15),
       (140768, 9700, 67860, 'N', 16),
       (140769, 9700, 67795, 'N', 17),
       (140770, 9700, 67796, 'N', 18),
       (140771, 9700, 67867, 'N', 19),
       (140772, 9700, 67798, 'N', 20),
       (140773, 9700, 67853, 'N', 21),
       (140774, 9700, 67837, 'N', 22),
       (140775, 9700, 67851, 'N', 23),
       (140776, 9700, 67854, 'N', 24),
       (140777, 9700, 67833, 'N', 25),
       (140778, 9700, 67863, 'N', 26),
       (140779, 9700, 67838, 'N', 27),
       (140780, 9700, 67855, 'N', 28),
       (140781, 9700, 67859, 'N', 29),
       (140782, 9700, 67770, 'N', 30),
       (140783, 9700, 67864, 'N', 31),
       (140784, 9700, 67868, 'N', 32),
       (140785, 9700, 67866, 'N', 33),
       (140786, 9700, 67844, 'N', 34),
       (140787, 9700, 67865, 'N', 35),
       (140788, 9700, 67846, 'N', 36),
       (140789, 9700, 67842, 'N', 37),
       (140790, 9700, 67771, 'N', 38),
       (140791, 9700, 67821, 'N', 39),
       (140792, 9700, 67772, 'N', 40),
       (140793, 9700, 67776, 'N', 41),
       (140794, 9700, 67777, 'N', 42),
       (140795, 9700, 67774, 'N', 43),
       (140796, 9700, 67778, 'N', 44),
       (140797, 9700, 67775, 'N', 45),
       (140798, 9700, 67779, 'N', 46),
       (140799, 9700, 67773, 'N', 47),
       (140800, 9700, 67780, 'N', 48),
       (140801, 9700, 67781, 'N', 49),
       (140802, 9700, 67783, 'N', 50),
       (140803, 9700, 67816, 'N', 51),
       (140804, 9700, 67784, 'N', 52),
       (140805, 9700, 67785, 'N', 53),
       (140806, 9700, 67788, 'N', 54),
       (140807, 9700, 67782, 'N', 55),
       (140808, 9700, 67787, 'N', 56),
       (140809, 9700, 67789, 'N', 57),
       (140810, 9700, 67786, 'N', 58),
       (140811, 9700, 67790, 'N', 59),
       (140812, 9700, 67792, 'N', 60),
       (140813, 9700, 67791, 'N', 61),
       (140814, 9700, 67793, 'N', 62),
       (140815, 9700, 67876, 'N', 63),
       (140816, 9700, 67872, 'N', 64),
       (140817, 9700, 67797, 'N', 65),
       (140818, 9700, 67871, 'N', 66),
       (140819, 9700, 67879, 'N', 67),
       (140820, 9700, 67813, 'N', 68),
       (140821, 9700, 67875, 'N', 69),
       (140822, 9700, 67880, 'N', 70),
       (140823, 9700, 67878, 'N', 71),
       (140824, 9700, 67873, 'N', 72),
       (140825, 9700, 67870, 'N', 73),
       (140826, 9700, 67877, 'N', 74),
       (140827, 9700, 67874, 'N', 75),
       (140828, 9700, 67869, 'N', 76),
       (140829, 9700, 67799, 'N', 77),
       (140830, 9700, 67812, 'N', 78),
       (140831, 9700, 67811, 'N', 79),
       (140832, 9700, 67800, 'N', 80),
       (140833, 9700, 67801, 'N', 81),
       (140834, 9700, 67802, 'N', 82),
       (140835, 9700, 67803, 'N', 83),
       (140836, 9700, 67804, 'N', 84),
       (140837, 9700, 67805, 'N', 85),
       (140838, 9700, 67806, 'N', 86),
       (140839, 9700, 67807, 'N', 87),
       (140840, 9700, 67808, 'N', 88),
       (140841, 9700, 67809, 'N', 89),
       (140842, 9700, 67810, 'N', 90),
       (140843, 9700, 67814, 'N', 91),
       (140844, 9700, 67845, 'N', 92),
       (140845, 9700, 67840, 'N', 93),
       (140846, 9700, 67858, 'N', 94),
       (140847, 9700, 67862, 'N', 95),
       (140848, 9700, 67861, 'N', 96),
       (140849, 9700, 67857, 'N', 97),
       (140850, 9700, 67856, 'N', 98),
       (140851, 9700, 67794, 'N', 99),
       (140852, 9700, 67830, 'N', 100),
       (140853, 9700, 67834, 'N', 101),
       (140854, 9700, 67829, 'N', 102),
       (140855, 9700, 67828, 'N', 103),
       (140856, 9700, 67832, 'N', 104),
       (140857, 9700, 67836, 'N', 105),
       (140858, 9700, 67852, 'N', 106),
       (140859, 9700, 67850, 'N', 107),
       (140860, 9700, 67849, 'N', 108);

-- --------------------------------------------------------

--
-- Table structure for table `client_types`
--

CREATE TABLE `client_types`
(
    `client_type_id`                   int(11) UNSIGNED NOT NULL,
    `company_id`                       bigint(20)                DEFAULT NULL,
    `email_template_id`                int(11) UNSIGNED          DEFAULT NULL COMMENT 'If is set - template will be processed and emailed to the case during his creation.',
    `client_type_name`                 varchar(100)              DEFAULT NULL,
    `client_type_needs_ia`             enum ('Y','N')   NOT NULL DEFAULT 'N',
    `client_type_employer_sponsorship` enum ('Y','N')   NOT NULL DEFAULT 'N'
) ENGINE = InnoDB
  DEFAULT CHARSET = utf8 COMMENT ='List of case types is saved here. Each company can have own list of case types. Some of them can be used for IA and/or Employer client records.';

--
-- Dumping data for table `client_types`
--

INSERT INTO `client_types` (`client_type_id`, `company_id`, `email_template_id`, `client_type_name`,
                            `client_type_needs_ia`, `client_type_employer_sponsorship`)
VALUES (1049, 0, NULL, 'Employer Sponsored Migration', 'Y', 'N'),
       (1050, 0, NULL, 'Employer Case-Temp', 'N', 'Y'),
       (1051, 0, NULL, 'Employer Advice', 'N', 'N'),
       (1052, 0, NULL, 'Independent Application', 'Y', 'N'),
       (1053, 0, NULL, 'State/Territory Sponsored', 'Y', 'N'),
       (1054, 0, NULL, 'Family Sponsored', 'Y', 'N'),
       (1055, 0, NULL, 'Review', 'Y', 'N'),
       (1056, 0, NULL, 'Advice', 'Y', 'N'),
       (1057, 0, NULL, 'Citizenship', 'Y', 'N'),
       (1058, 0, NULL, 'Employer Case-Perm', 'N', 'Y'),
       (1062, 1, NULL, 'Citizenship', 'Y', 'N');

-- --------------------------------------------------------

--
-- Table structure for table `client_types_forms`
--

CREATE TABLE `client_types_forms`
(
    `client_type_id`  int(11) UNSIGNED DEFAULT NULL,
    `form_version_id` int(11) UNSIGNED DEFAULT NULL
) ENGINE = InnoDB
  DEFAULT CHARSET = utf8 COMMENT ='Contains list of assigned forms for specific case types.';

--
-- Dumping data for table `client_types_forms`
--

INSERT INTO `client_types_forms` (`client_type_id`, `form_version_id`)
VALUES (1062, 6),
       (1062, 7),
       (1062, 8),
       (1062, 9),
       (1062, 10);

-- --------------------------------------------------------

--
-- Table structure for table `client_types_kinds`
--

CREATE TABLE `client_types_kinds`
(
    `client_type_id` int(11) UNSIGNED NOT NULL,
    `member_type_id` int(2) UNSIGNED  NOT NULL
) ENGINE = InnoDB
  DEFAULT CHARSET = utf8 COMMENT ='Each Employer/Individual client type can have own lost of case types.';

--
-- Dumping data for table `client_types_kinds`
--

INSERT INTO `client_types_kinds` (`client_type_id`, `member_type_id`)
VALUES (1049, 7),
       (1049, 8),
       (1050, 7),
       (1051, 7),
       (1052, 8),
       (1053, 8),
       (1054, 8),
       (1055, 8),
       (1056, 8),
       (1057, 8),
       (1058, 7),
       (1062, 8);

-- --------------------------------------------------------

--
-- Table structure for table `company`
--

CREATE TABLE `company`
(
    `company_id`                     bigint(20)          NOT NULL,
    `company_type_id`                int(11)             NOT NULL DEFAULT '0',
    `admin_id`                       bigint(20)                   DEFAULT NULL,
    `company_template_id`            int(11)             NOT NULL DEFAULT '0',
    `companyName`                    varchar(255)        NOT NULL DEFAULT '',
    `company_abn`                    varchar(255)        NOT NULL DEFAULT '',
    `companyLogo`                    varchar(255)        NOT NULL DEFAULT '',
    `city`                           varchar(255)        NOT NULL DEFAULT '',
    `state`                          varchar(255)        NOT NULL DEFAULT '',
    `country`                        int(11)                      DEFAULT NULL,
    `companyEmail`                   varchar(255)        NOT NULL DEFAULT '',
    `phone1`                         varchar(50)         NOT NULL DEFAULT '',
    `phone2`                         varchar(50)         NOT NULL DEFAULT '',
    `contact`                        varchar(50)                  DEFAULT NULL,
    `fax`                            varchar(50)         NOT NULL DEFAULT '',
    `zip`                            varchar(10)         NOT NULL DEFAULT '',
    `address`                        text                NOT NULL,
    `note`                           text,
    `companyCode`                    varchar(50)         NOT NULL DEFAULT '',
    `companyTimeZone`                varchar(255)        NOT NULL DEFAULT '',
    `Status`                         tinyint(1)          NOT NULL DEFAULT '0',
    `regTime`                        int(11)             NOT NULL DEFAULT '0',
    `last_doc_uploaded`              int(11)             NOT NULL DEFAULT '0',
    `last_adv_search`                int(11)             NOT NULL DEFAULT '0',
    `last_calendar_entry`            int(11)             NOT NULL DEFAULT '0',
    `last_task_written`              int(11)             NOT NULL DEFAULT '0',
    `last_note_written`              int(11)             NOT NULL DEFAULT '0',
    `last_accounting_subtab_updated` int(11)             NOT NULL DEFAULT '0',
    `storage_today`                  bigint(20) UNSIGNED NOT NULL DEFAULT '0',
    `storage_yesterday`              bigint(20) UNSIGNED NOT NULL DEFAULT '0',
    `storage_location`               enum ('local','s3') NOT NULL DEFAULT 's3' COMMENT 'Location of company data directories/files. local - data will be saved on server, s3 - will be saved in Amazon S3 bucket.'
) ENGINE = InnoDB
  DEFAULT CHARSET = utf8 COMMENT ='List of all companies is saved here. Company with id 0 is used as default, all related settings will be copied from this company during new companies creation.';

--
-- Dumping data for table `company`
--

INSERT INTO `company` (`company_id`, `company_type_id`, `admin_id`, `company_template_id`, `companyName`, `company_abn`,
                       `companyLogo`, `city`, `state`, `country`, `companyEmail`, `phone1`, `phone2`, `contact`, `fax`,
                       `zip`, `address`, `note`, `companyCode`, `companyTimeZone`, `Status`, `regTime`,
                       `last_doc_uploaded`, `last_adv_search`, `last_calendar_entry`, `last_task_written`,
                       `last_note_written`, `last_accounting_subtab_updated`, `storage_today`, `storage_yesterday`,
                       `storage_location`)
VALUES (0, 0, 1, 0, 'Default Company', '', '', '', '', NULL, '', '', '', NULL, '', '', '', NULL, '', '', 1, 0,
        1363191910, 1443572282, 0, 1363335623, 1447384621, 0, 120, 120, 'local'),
       (1, 0, 2, 0, 'CIU Antigua', '', '', 'St. Johns', 'Antigua', 9, 'bateni@uniques.ca', '1-268-481-8400', '', NULL,
        '', '', 'P.O. Box. W2074, 3rd Floor, ABI Financial Centre,\r\nRedcliffe Street', '', '',
        'America/Indiana/Indianapolis', 1, 1554763889, 0, 0, 0, 0, 1567124048, 0, 0, 0, 's3');

-- --------------------------------------------------------

--
-- Table structure for table `company_cmi`
--

CREATE TABLE `company_cmi`
(
    `cmi_id`       varchar(255) NOT NULL,
    `regulator_id` varchar(255) NOT NULL,
    `company_id`   bigint(20) DEFAULT NULL
) ENGINE = InnoDB
  DEFAULT CHARSET = utf8 COMMENT ='List of CMI codes that can be used/assigned to comanies. CMI id is assigned to the company during company registration (CA version).';

-- --------------------------------------------------------

--
-- Table structure for table `company_default_options`
--

CREATE TABLE `company_default_options`
(
    `default_option_id`           int(11) UNSIGNED NOT NULL,
    `company_id`                  bigint(20)          DEFAULT NULL,
    `default_option_type`         enum ('categories') DEFAULT 'categories',
    `default_option_name`         char(255)           DEFAULT '',
    `default_option_abbreviation` char(255)           DEFAULT NULL,
    `default_option_order`        tinyint(3) UNSIGNED DEFAULT '0'
) ENGINE = InnoDB
  DEFAULT CHARSET = utf8 COMMENT ='Each company can have own list options (for now Categories combo uses this table).';

--
-- Dumping data for table `company_default_options`
--

INSERT INTO `company_default_options` (`default_option_id`, `company_id`, `default_option_type`, `default_option_name`,
                                       `default_option_abbreviation`, `default_option_order`)
VALUES (122, 0, 'categories', '100 - Offshore Partner - Permanent', '100', 1),
       (123, 0, 'categories', '101 - Offshore Child', '101', 2),
       (124, 0, 'categories', '102 - Adoption', '102', 3),
       (125, 0, 'categories', '103 - Parent (Mig)', '103', 4),
       (126, 0, 'categories', '114 - Aged Dependent Relative', '114', 5),
       (127, 0, 'categories', '115 - Remaining Relative', '115', 6),
       (128, 0, 'categories', '116 - Carer', '116', 7),
       (129, 0, 'categories', '117 - Offshore Orphan relative', '117', 8),
       (130, 0, 'categories', '124 - Distinguished Talent - Offshore', '124', 9),
       (131, 0, 'categories', '132 - Business Talent', '132', 10),
       (132, 0, 'categories', '143 - Contributory Parent (Mig)', '143', 11),
       (133, 0, 'categories', '151 - Special eligibility Former resident', '151', 12),
       (134, 0, 'categories', '155 -  Resident Return (RRV)', '155', 13),
       (135, 0, 'categories', '157 - Resident Return (RRV)', '157', 14),
       (136, 0, 'categories', '160 - Business Owner', '160', 15),
       (137, 0, 'categories', '173 - Contributory Parent (Temp)', '173', 16),
       (138, 0, 'categories', '175 - Skilled - Independent (Mig)', '175', 17),
       (139, 0, 'categories', '186 - Employer Nomination Scheme', '186', 18),
       (140, 0, 'categories', '186 - ENS Nomination', '186', 19),
       (141, 0, 'categories', '187 - Regional Body Certification', '187', 20),
       (142, 0, 'categories', '187 - Regional Sponsored Migration Scheme', '187', 21),
       (143, 0, 'categories', '187 - RSMS Nomination', '187', 22),
       (144, 0, 'categories', '188 - Business Innovation and Investment (Prov)', '188', 23),
       (145, 0, 'categories', '189 - Skilled - Independent', '189', 24),
       (146, 0, 'categories', '190 - Skilled - Nominated', '190', 25),
       (147, 0, 'categories', '202 - Global Special Humanitarian', '202', 26),
       (148, 0, 'categories', '300 - Prospective Marriage', '300', 27),
       (149, 0, 'categories', '302 - Emergency Permanent', '302', 28),
       (150, 0, 'categories', '303 - Emergency Temporary', '303', 29),
       (151, 0, 'categories', '309 - Offshore Partner visa Stage - Temporary', '309', 30),
       (152, 0, 'categories', '400 - Temporary Work (Short Stay)', '400', 31),
       (153, 0, 'categories', '401 - Temporary Work (Long Stay)', '401', 32),
       (154, 0, 'categories', '402 - Occupational Trainee Nomination', '402', 33),
       (155, 0, 'categories', '402 - Occupational Trainee Sponsorship', '402', 34),
       (156, 0, 'categories', '402 - Occupational Trainee stream', '402', 35),
       (157, 0, 'categories', '402 - Professional Development stream', '402', 36),
       (158, 0, 'categories', '402 - Research stream', '402', 37),
       (159, 0, 'categories', '403 - Temporary Work (IR) - Domestic Worker', '403', 38),
       (160, 0, 'categories', '403 - Temporary Work (IR) - Foreign Government Agency', '403', 39),
       (161, 0, 'categories', '403 - Temporary Work (IR) - Government Agreement', '403', 40),
       (162, 0, 'categories', '403 - Temporary Work (IR) - Privileges and Immunities', '403', 41),
       (163, 0, 'categories', '405 - Investor Retirement', '405', 42),
       (164, 0, 'categories', '405 - Investor Retirement', '405', 43),
       (165, 0, 'categories', '405 - Investor', '405', 44),
       (166, 0, 'categories', '410 - Retirement', '410', 45),
       (167, 0, 'categories', '410 - Retirement', '410', 46),
       (168, 0, 'categories', '416 - Special Program Seasonal Worker Program', '416', 47),
       (169, 0, 'categories', '416 - Special Program Sponsorship', '416', 48),
       (170, 0, 'categories', '416 - Special Program', '416', 49),
       (171, 0, 'categories', '417 - Working Holiday', '417', 50),
       (172, 0, 'categories', '420 - Entertainment Visa Nomination', '420', 51),
       (173, 0, 'categories', '420 - Entertainment Visa sponsorship', '420', 52),
       (174, 0, 'categories', '420 - Temporary Work (Entertainment)', '420', 53),
       (175, 0, 'categories', '444 - Special Category (Temp)', '444', 54),
       (176, 0, 'categories', '445 - Dependent Child', '445', 55),
       (177, 0, 'categories', '457 - Nomination', '457', 56),
       (178, 0, 'categories', '457 - Standard Business Sponsorship', 'sbs', 57),
       (179, 0, 'categories', '457 - Temporary Work (Skilled)', '457', 58),
       (180, 0, 'categories', '461 - New Zealand Citizen Family (Temp)', '461', 59),
       (181, 0, 'categories', '462 - Work and Holiday', '462', 60),
       (182, 0, 'categories', '476 - Skilled - Recognised Graduate', '476', 61),
       (183, 0, 'categories', '485 - Temporary Graduate', '485', 62),
       (184, 0, 'categories', '488 - Superyacht Crew', '488', 63),
       (185, 0, 'categories', '489 - Skilled - Regional Sponsored (Prov)', '489', 64),
       (186, 0, 'categories', '570 - Independent ELICOS Sector', '570', 65),
       (187, 0, 'categories', '571 - Schools Sector', '571', 66),
       (188, 0, 'categories', '572 - Vocational Education & Training', '572', 67),
       (189, 0, 'categories', '573 - Higher Education Sector', '573', 68),
       (190, 0, 'categories', '574 - Post-Graduate Research Sector', '574', 69),
       (191, 0, 'categories', '575 - Non-Award Sector', '575', 70),
       (192, 0, 'categories', '576 - AusAID or Defence Sector', '576', 71),
       (193, 0, 'categories', '580 - Student Guardian', '580', 72),
       (194, 0, 'categories', '600 - Visitor', '600', 73),
       (195, 0, 'categories', '601 - Electronic Travel Authority', '601', 74),
       (196, 0, 'categories', '602 - Medical Treatment', '602', 75),
       (197, 0, 'categories', '651 - eVisitor', '651', 76),
       (198, 0, 'categories', '676 - Tourist', '676', 77),
       (199, 0, 'categories', '771 - Transit', '771', 78),
       (200, 0, 'categories', '773 - Border', '773', 79),
       (201, 0, 'categories', '785 - Temporary Protection', '785', 80),
       (202, 0, 'categories', '801 - Onshore Partner - Perm', '801', 81),
       (203, 0, 'categories', '802 - Onshore Child', '802', 82),
       (204, 0, 'categories', '804 - Aged Parent (Res)', '804', 83),
       (205, 0, 'categories', '820 - Onshore Partner - Temp', '820', 84),
       (206, 0, 'categories', '835 - Remaining Relative', '835', 85),
       (207, 0, 'categories', '836 - Carer', '836', 86),
       (208, 0, 'categories', '837 - Onshore Orphan relative', '837', 87),
       (209, 0, 'categories', '838 - Aged Dependent Relative', '838', 88),
       (210, 0, 'categories', '858 - Distinguished Talent - On Shore', '858', 89),
       (211, 0, 'categories', '864 - Contributory Aged Parent (Res)', '864', 90),
       (212, 0, 'categories', '866 - Protection', '866', 91),
       (213, 0, 'categories', '884 - Contributory Aged Parent (Temp)', '884', 92),
       (214, 0, 'categories', '885 - Skilled - Independent (Res)', '885', 93),
       (215, 0, 'categories', '887 - Skilled -Regional', '887', 94),
       (216, 0, 'categories', '888 - Business Innovation & Investment (Perm)', '888', 95),
       (217, 0, 'categories', '892 - State/Territory Sponsored Business Owner', '892', 96),
       (218, 0, 'categories', '893 - State/Territory Sponsored Investor', '893', 97),
       (219, 0, 'categories', '988 - Maritime Crew', '988', 98),
       (220, 0, 'categories', '995 - Diplomatic', '995', 99),
       (221, 0, 'categories', '998 - Australian Declaratory', '998', 100),
       (222, 0, 'categories', 'AAT - Administrative Appeals Tribunal Review', 'AAT', 101),
       (223, 0, 'categories', 'Advice Only', 'Adv', 102),
       (224, 0, 'categories', 'Citizenship', 'Cit', 103),
       (225, 0, 'categories', 'EOI Only', 'EOI', 104),
       (226, 0, 'categories', 'Judicial Review', 'Jud', 105),
       (227, 0, 'categories', 'Labour Agreement', 'Lab', 106),
       (228, 0, 'categories', 'Ministerial Intervention', 'Min', 107),
       (229, 0, 'categories', 'MRT - Migration Review Tribunal Review', 'MRT', 108),
       (230, 0, 'categories', 'Refugee and Humanitarian', 'Ref', 109),
       (231, 0, 'categories', 'RRT - Refugee Review Tribunal Review', 'RRT', 110),
       (232, 0, 'categories', 'Skills Assessment Only', 'Ski', 111),
       (233, 0, 'categories', 'State Sponsorship Only', 'Sta', 112),
       (346, 1, 'categories', 'Cabrits Resort Kempinski', 'CAB', 0),
       (347, 1, 'categories', 'Tranquility Beach Dominica', 'TRA', 0),
       (348, 1, 'categories', 'Bois Cotlette', 'BOI', 0),
       (349, 1, 'categories', 'Jungle Bay Villas', 'JUN', 0),
       (350, 1, 'categories', 'Silver Beach', 'SIL', 0),
       (351, 1, 'categories', 'Montreal Management', 'MON', 0);

-- --------------------------------------------------------

--
-- Table structure for table `company_details`
--

CREATE TABLE `company_details`
(
    `company_id`                          bigint(20)     NOT NULL,
    `support_and_training`                enum ('Y','N')                      DEFAULT 'Y',
    `payment_term`                        tinyint(3) UNSIGNED                 DEFAULT NULL,
    `paymentech_profile_id`               varchar(255)                        DEFAULT NULL,
    `paymentech_mode_of_payment`          enum ('Visa','Mastercard')          DEFAULT NULL,
    `subscription`                        varchar(255)                        DEFAULT NULL,
    `default_label_office`                varchar(255)                        DEFAULT NULL,
    `default_label_trust_account`         varchar(255)                        DEFAULT NULL,
    `next_billing_date`                   date                                DEFAULT NULL,
    `max_users`                           int(11) UNSIGNED                    DEFAULT NULL,
    `billing_amount`                      double(11, 2)                       DEFAULT NULL,
    `internal_note`                       text,
    `account_created_on`                  date                                DEFAULT NULL,
    `price`                               double(11, 2)                       DEFAULT NULL,
    `gst`                                 double(11, 2)                       DEFAULT NULL,
    `gst_type`                            enum ('auto','included','excluded') DEFAULT 'auto',
    `billed_fee`                          double(11, 2)                       DEFAULT NULL,
    `subscription_fee`                    double(11, 2) UNSIGNED              DEFAULT NULL,
    `support_fee`                         double(11, 2) UNSIGNED              DEFAULT NULL,
    `free_users`                          int(11) UNSIGNED                    DEFAULT NULL,
    `free_clients`                        int(11) UNSIGNED                    DEFAULT '0',
    `extra_users`                         int(11) UNSIGNED                    DEFAULT NULL,
    `free_storage`                        int(11) UNSIGNED                    DEFAULT NULL,
    `use_annotations`                     enum ('Y','N')                      DEFAULT 'N',
    `purged`                              enum ('Y','N') NOT NULL             DEFAULT 'N',
    `purged_details`                      text,
    `remember_default_fields`             enum ('Y','N') NOT NULL             DEFAULT 'Y',
    `show_expiration_dialog_after`        date                                DEFAULT NULL,
    `trial`                               enum ('Y','N')                      DEFAULT 'N',
    `send_mass_email`                     enum ('Y','N') NOT NULL             DEFAULT 'Y',
    `company_website`                     enum ('Y','N') NOT NULL             DEFAULT 'N',
    `allow_import`                        enum ('Y','N') NOT NULL             DEFAULT 'N',
    `allow_import_bcpnp`                  enum ('Y','N') NOT NULL             DEFAULT 'N',
    `allow_export`                        enum ('Y','N') NOT NULL             DEFAULT 'N',
    `allow_multiple_advanced_search_tabs` enum ('Y','N') NOT NULL             DEFAULT 'N',
    `allow_change_case_type`              enum ('Y','N') NOT NULL             DEFAULT 'Y',
    `allow_decision_rationale_tab`        enum ('Y','N') NOT NULL             DEFAULT 'N',
    `decision_rationale_tab_name`         varchar(255)                        DEFAULT 'Draft Notes',
    `time_tracker_enabled`                enum ('Y','N') NOT NULL             DEFAULT 'N' COMMENT 'Toggle for the Client''s Time Tracker',
    `marketplace_module_enabled`          enum ('Y','N') NOT NULL             DEFAULT 'N' COMMENT 'Toggle for the Marketplace module',
    `employers_module_enabled`            enum ('Y','N') NOT NULL             DEFAULT 'N' COMMENT 'Toggle for the Employers module',
    `log_client_changes_enabled`          enum ('Y','N') NOT NULL             DEFAULT 'N' COMMENT 'Toggle to save client profile changes in log',
    `case_number_settings`                text COMMENT 'Case number generation settings',
    `advanced_search_rows_max_count`      int(11)        NOT NULL             DEFAULT '3',
    `enable_case_management`              enum ('Y','N') NOT NULL             DEFAULT 'N' COMMENT 'Toggle to allow create more than one case for each client',
    `loose_task_rules`                    enum ('Y','N') NOT NULL             DEFAULT 'N',
    `hide_inactive_users`                 enum ('Y','N') NOT NULL             DEFAULT 'N',
    `pricing_category_id`                 int(11) UNSIGNED                    DEFAULT NULL,
    `max_receipt_number`                  bigint(20)                          DEFAULT NULL
) ENGINE = InnoDB
  DEFAULT CHARSET = utf8 COMMENT ='Company related info is saved here (mostly billing related, specific access settings).';

--
-- Dumping data for table `company_details`
--

INSERT INTO `company_details` (`company_id`, `support_and_training`, `payment_term`, `paymentech_profile_id`,
                               `paymentech_mode_of_payment`, `subscription`, `default_label_office`,
                               `default_label_trust_account`, `next_billing_date`, `max_users`, `billing_amount`,
                               `internal_note`, `account_created_on`, `price`, `gst`, `gst_type`, `billed_fee`,
                               `subscription_fee`, `support_fee`, `free_users`, `free_clients`, `extra_users`,
                               `free_storage`, `use_annotations`, `purged`, `purged_details`, `remember_default_fields`,
                               `show_expiration_dialog_after`, `trial`, `send_mass_email`, `company_website`,
                               `allow_import`, `allow_import_bcpnp`, `allow_export`,
                               `allow_multiple_advanced_search_tabs`, `allow_change_case_type`,
                               `allow_decision_rationale_tab`, `decision_rationale_tab_name`, `time_tracker_enabled`,
                               `marketplace_module_enabled`, `employers_module_enabled`, `log_client_changes_enabled`,
                               `case_number_settings`, `advanced_search_rows_max_count`, `enable_case_management`,
                               `loose_task_rules`, `hide_inactive_users`, `pricing_category_id`, `max_receipt_number`)
VALUES (1, 'Y', 1, NULL, NULL, 'ultimate', 'queue', 'client_account', '2035-10-20', NULL, NULL, '', '2017-06-20', NULL,
        0.00, 'auto', NULL, 0.00, NULL, 5000, 0, NULL, 2, 'Y', 'N', NULL, 'Y', NULL, 'N', 'Y', 'N', 'N', 'N', 'N', 'N',
        'Y', 'N', 'Draft Notes', 'N', 'N', 'N', 'Y', NULL, 3, 'N', 'N', 'N', NULL, NULL);

-- --------------------------------------------------------

--
-- Table structure for table `company_invoice`
--

CREATE TABLE `company_invoice`
(
    `company_invoice_id`         int(11) UNSIGNED       NOT NULL,
    `prospect_id`                int(11) UNSIGNED                DEFAULT NULL,
    `company_id`                 bigint(20)                      DEFAULT NULL,
    `product`                    enum ('Officio')       NOT NULL DEFAULT 'Officio',
    `subject`                    char(255)                       DEFAULT NULL,
    `invoice_number`             char(255)                       DEFAULT NULL,
    `subscription_fee`           double(11, 2)                   DEFAULT NULL,
    `discount`                   double(11, 2)                   DEFAULT '0.00',
    `support_fee`                double(11, 2)                   DEFAULT NULL,
    `invoice_date`               date                            DEFAULT NULL,
    `invoice_posted_date`        date                            DEFAULT NULL,
    `free_users`                 int(11) UNSIGNED                DEFAULT NULL,
    `free_clients`               int(11) UNSIGNED                DEFAULT '0',
    `free_storage`               double(11, 2) UNSIGNED          DEFAULT NULL,
    `additional_users`           int(11) UNSIGNED                DEFAULT NULL,
    `additional_users_fee`       double(11, 2)                   DEFAULT NULL,
    `additional_storage`         int(11) UNSIGNED                DEFAULT NULL,
    `additional_storage_charges` double(11, 2)                   DEFAULT NULL,
    `subtotal`                   double(11, 2)                   DEFAULT NULL,
    `total`                      double(11, 2)                   DEFAULT NULL,
    `message`                    text,
    `tax`                        double(11, 2)                   DEFAULT NULL,
    `mode_of_payment`            enum ('Visa','Mastercard')      DEFAULT NULL,
    `deleted`                    enum ('Y','N')                  DEFAULT 'N',
    `sent_request_to_PT`         enum ('Y','N')                  DEFAULT 'N',
    `last_PT_error_code`         varchar(3)                      DEFAULT NULL,
    `status`                     enum ('C','F','Q','U') NOT NULL DEFAULT 'Q' COMMENT 'C - complete, F - failed, Q - queued, U - unpaid'
) ENGINE = InnoDB
  DEFAULT CHARSET = utf8 COMMENT ='After the purchasing process generated companies'' invoices are saved here.';

-- --------------------------------------------------------

--
-- Table structure for table `company_marketplace_profiles`
--

CREATE TABLE `company_marketplace_profiles`
(
    `company_id`                     bigint(20)                             NOT NULL,
    `marketplace_profile_id`         bigint(20)                             NOT NULL,
    `marketplace_profile_key`        varchar(255)                                    DEFAULT NULL,
    `marketplace_profile_name`       varchar(255)                                    DEFAULT NULL,
    `marketplace_profile_status`     enum ('active','inactive','suspended') NOT NULL DEFAULT 'inactive',
    `marketplace_profile_old_status` enum ('active','inactive','suspended')          DEFAULT NULL,
    `marketplace_profile_created_on` datetime                               NOT NULL
) ENGINE = InnoDB
  DEFAULT CHARSET = utf8 COMMENT ='Contains list of MarketPlace profiles assigned to the company.';

-- --------------------------------------------------------

--
-- Table structure for table `company_packages`
--

CREATE TABLE `company_packages`
(
    `company_id` bigint(20) NOT NULL,
    `package_id` int(11)    NOT NULL
) ENGINE = InnoDB
  DEFAULT CHARSET = utf8 COMMENT ='Company packages are saved here (relates to subscription method).';

--
-- Dumping data for table `company_packages`
--

INSERT INTO `company_packages` (`company_id`, `package_id`)
VALUES (0, 1),
       (0, 2),
       (0, 3),
       (1, 1),
       (1, 2),
       (1, 3);

-- --------------------------------------------------------

--
-- Table structure for table `company_prospects`
--

CREATE TABLE `company_prospects`
(
    `prospect_id`                 bigint(20)                             NOT NULL,
    `company_id`                  bigint(20)                                      DEFAULT NULL,
    `email`                       varchar(255)                                    DEFAULT NULL,
    `fName`                       varchar(255)                                    DEFAULT NULL,
    `lName`                       varchar(255)                                    DEFAULT NULL,
    `category_pnp`                varchar(255)                                    DEFAULT NULL,
    `category_other`              varchar(255)                                    DEFAULT NULL,
    `qualified`                   enum ('Y','N')                                  DEFAULT NULL,
    `seriousness`                 enum ('A','B','C','D')                          DEFAULT NULL,
    `referred_by`                 varchar(255)                                    DEFAULT NULL,
    `preferred_language`          varchar(255)                                    DEFAULT NULL,
    `agent_id`                    bigint(20)                                      DEFAULT NULL,
    `date_of_birth`               date                                            DEFAULT NULL,
    `spouse_date_of_birth`        date                                            DEFAULT NULL,
    `assessment`                  text,
    `points_skilled_worker`       int(11) UNSIGNED                                DEFAULT NULL,
    `points_express_entry`        int(11) UNSIGNED                                DEFAULT NULL,
    `create_date`                 datetime                                        DEFAULT NULL,
    `update_date`                 datetime                                        DEFAULT NULL,
    `mp_prospect_id`              bigint(20) UNSIGNED                             DEFAULT NULL,
    `mp_prospect_expiration_date` date                                            DEFAULT NULL,
    `visa`                        int(11) UNSIGNED                                DEFAULT NULL,
    `notes`                       text,
    `status`                      enum ('active','inactive','suspended') NOT NULL DEFAULT 'active',
    `did_not_arrive`              varchar(255)                                    DEFAULT NULL
) ENGINE = InnoDB
  DEFAULT CHARSET = utf8 COMMENT ='Company prospect records are saved here. Later these prospects will be converted to client + case.';

-- --------------------------------------------------------

--
-- Table structure for table `company_prospects_activities`
--

CREATE TABLE `company_prospects_activities`
(
    `company_id`  bigint(20) DEFAULT NULL,
    `prospect_id` bigint(20) DEFAULT NULL,
    `member_id`   bigint(20) DEFAULT NULL,
    `activity`    enum ('email') NOT NULL,
    `date`        datetime   DEFAULT NULL
) ENGINE = InnoDB
  DEFAULT CHARSET = utf8 COMMENT ='Contains list of company prospects activities.';

-- --------------------------------------------------------

--
-- Table structure for table `company_prospects_categories`
--

CREATE TABLE `company_prospects_categories`
(
    `prospect_category_id`               int(11) UNSIGNED NOT NULL,
    `prospect_category_unique_id`        varchar(50)      NOT NULL DEFAULT '',
    `prospect_category_name`             char(255)        NOT NULL,
    `prospect_category_short_name`       char(255)        NOT NULL,
    `prospect_category_show_in_settings` enum ('Y','N')   NOT NULL DEFAULT 'Y',
    `prospect_category_order`            tinyint(3) UNSIGNED       DEFAULT '0'
) ENGINE = InnoDB
  DEFAULT CHARSET = utf8 COMMENT ='List of company prospect categories is saved here.';

--
-- Dumping data for table `company_prospects_categories`
--

INSERT INTO `company_prospects_categories` (`prospect_category_id`, `prospect_category_unique_id`,
                                            `prospect_category_name`, `prospect_category_short_name`,
                                            `prospect_category_show_in_settings`, `prospect_category_order`)
VALUES (1, 'qualified', 'Qualified', 'Qualified', 'Y', 0);

-- --------------------------------------------------------

--
-- Table structure for table `company_prospects_converted`
--

CREATE TABLE `company_prospects_converted`
(
    `prospect_id`        bigint(20) NOT NULL,
    `member_id`          bigint(20) NOT NULL,
    `company_invoice_id` int(11) UNSIGNED DEFAULT NULL,
    `converted_on`       datetime   NOT NULL
) ENGINE = InnoDB
  DEFAULT CHARSET = utf8 COMMENT ='Contains links between company prospects and converted clients + links to invoice.';

-- --------------------------------------------------------

--
-- Table structure for table `company_prospects_data`
--

CREATE TABLE `company_prospects_data`
(
    `prospect_id` bigint(20)       NOT NULL,
    `q_field_id`  int(11) UNSIGNED NOT NULL,
    `q_value`     text             NOT NULL
) ENGINE = InnoDB
  DEFAULT CHARSET = utf8 COMMENT ='Contains company prospects data.';

-- --------------------------------------------------------

--
-- Table structure for table `company_prospects_data_categories`
--

CREATE TABLE `company_prospects_data_categories`
(
    `prospect_id`          bigint(20)       NOT NULL,
    `prospect_category_id` int(11) UNSIGNED NOT NULL
) ENGINE = InnoDB
  DEFAULT CHARSET = utf8 COMMENT ='Each prospect can be assigned to specific categories, this list is saved here.';

-- --------------------------------------------------------

--
-- Table structure for table `company_prospects_divisions`
--

CREATE TABLE `company_prospects_divisions`
(
    `prospect_id` bigint(20)       NOT NULL,
    `office_id`   int(11) UNSIGNED NOT NULL
) ENGINE = InnoDB
  DEFAULT CHARSET = utf8 COMMENT ='Each company prospect is related to specific office(s) (division(s)).';

-- --------------------------------------------------------

--
-- Table structure for table `company_prospects_invited`
--

CREATE TABLE `company_prospects_invited`
(
    `company_id`  bigint(20) NOT NULL,
    `prospect_id` bigint(20) NOT NULL,
    `invited_on`  datetime   NOT NULL
) ENGINE = InnoDB
  DEFAULT CHARSET = utf8 COMMENT ='Contains info about prospects invited by companies.';

-- --------------------------------------------------------

--
-- Table structure for table `company_prospects_job`
--

CREATE TABLE `company_prospects_job`
(
    `qf_job_id`                            bigint(20)             NOT NULL,
    `prospect_id`                          bigint(20)             NOT NULL,
    `prospect_type`                        enum ('main','spouse') NOT NULL DEFAULT 'main',
    `qf_job_order`                         int(11) UNSIGNED       NOT NULL DEFAULT '0',
    `qf_job_title`                         varchar(255)           NOT NULL,
    `qf_job_noc`                           varchar(255)                    DEFAULT NULL,
    `qf_job_duration`                      int(11)                NOT NULL,
    `qf_job_location`                      int(11)                NOT NULL,
    `qf_job_province`                      int(11) UNSIGNED                DEFAULT NULL,
    `qf_job_presently_working`             int(11)                NOT NULL,
    `qf_job_qualified_for_social_security` int(11) UNSIGNED                DEFAULT NULL,
    `qf_job_employment_type`               varchar(255)                    DEFAULT NULL,
    `qf_job_employer`                      varchar(255)                    DEFAULT NULL,
    `qf_job_text_title`                    varchar(255)                    DEFAULT NULL,
    `qf_job_country_of_employment`         varchar(255)                    DEFAULT NULL,
    `qf_job_start_date`                    date                            DEFAULT NULL,
    `qf_job_end_date`                      date                            DEFAULT NULL,
    `qf_job_resume`                        varchar(255)                    DEFAULT NULL
) ENGINE = InnoDB
  DEFAULT CHARSET = utf8 COMMENT ='Assigned list of jobs for each company prospect is saved here.';

-- --------------------------------------------------------

--
-- Table structure for table `company_prospects_noc`
--

CREATE TABLE `company_prospects_noc`
(
    `noc_code`        varchar(6)   DEFAULT NULL,
    `noc_admissible`  varchar(20)  DEFAULT NULL,
    `noc_title`       varchar(255) DEFAULT NULL,
    `noc_skill_level` varchar(1)   DEFAULT NULL
) ENGINE = InnoDB
  DEFAULT CHARSET = utf8 COMMENT ='List of NOC codes that are used to determine company prospect''s qualification + used during points calculation.';

--
-- Dumping data for table `company_prospects_noc`
--

INSERT INTO `company_prospects_noc` (`noc_code`, `noc_admissible`, `noc_title`, `noc_skill_level`)
VALUES ('111111', NULL, 'Chief Executive or Managing Director', '1'),
       ('111211', NULL, 'Corporate General Manager', '1'),
       ('111212', NULL, 'Defence Force Senior Officer', '1'),
       ('111311', NULL, 'Local Government Legislator', '1'),
       ('111312', NULL, 'Member of Parliament', '1'),
       ('111399', NULL, 'Legislators nec', '1'),
       ('121111', NULL, 'Aquaculture Farmer', '1'),
       ('121211', NULL, 'Cotton Grower', '1'),
       ('121212', NULL, 'Flower Grower', '1'),
       ('121213', NULL, 'Fruit or Nut Grower', '1'),
       ('121214', NULL, 'Grain, Oilseed or Pasture Grower (Aus) \\ Field Crop Grower (NZ)', '1'),
       ('121215', NULL, 'Grape Grower', '1'),
       ('121216', NULL, 'Mixed Crop Farmer', '1'),
       ('121217', NULL, 'Sugar Cane Grower', '1'),
       ('121218', NULL, 'Turf Grower', '1'),
       ('121221', NULL, 'Vegetable Grower (Aus) \\ Market Gardener (NZ)', '1'),
       ('121299', NULL, 'Crop Farmers nec', '1'),
       ('121311', NULL, 'Apiarist', '1'),
       ('121312', NULL, 'Beef Cattle Farmer', '1'),
       ('121313', NULL, 'Dairy Cattle Farmer', '1'),
       ('121314', NULL, 'Deer Farmer', '1'),
       ('121315', NULL, 'Goat Farmer', '1'),
       ('121316', NULL, 'Horse Breeder', '1'),
       ('121317', NULL, 'Mixed Livestock Farmer', '1'),
       ('121318', NULL, 'Pig Farmer', '1'),
       ('121321', NULL, 'Poultry Farmer', '1'),
       ('121322', NULL, 'Sheep Farmer', '1'),
       ('121399', NULL, 'Livestock Farmers nec', '1'),
       ('121411', NULL, 'Mixed Crop and Livestock Farmer', '1'),
       ('131112', NULL, 'Sales and Marketing Manager', '1'),
       ('131113', NULL, 'Advertising Manager', '1'),
       ('131114', NULL, 'Public Relations Manager', '1'),
       ('132111', NULL, 'Corporate Services Manager', '1'),
       ('132211', NULL, 'Finance Manager', '1'),
       ('132311', NULL, 'Human Resource Manager', '1'),
       ('132411', NULL, 'Policy and Planning Manager', '1'),
       ('132511', NULL, 'Research and Development Manager', '1'),
       ('133111', NULL, 'Construction Project Manager', '1'),
       ('133112', NULL, 'Project Builder', '1'),
       ('133211', NULL, 'Engineering Manager', '1'),
       ('133311', NULL, 'Importer or Exporter', '1'),
       ('133312', NULL, 'Wholesaler', '1'),
       ('133411', NULL, 'Manufacturer', '1'),
       ('133511', NULL, 'Production Manager (Forestry)', '1'),
       ('133512', NULL, 'Production Manager (Manufacturing)', '1'),
       ('133513', NULL, 'Production Manager (Mining)', '1'),
       ('133611', NULL, 'Supply and Distribution Manager', '1'),
       ('133612', NULL, 'Procurement Manager', '1'),
       ('134111', NULL, 'Child Care Centre Manager', '1'),
       ('134211', NULL, 'Medical Administrator (Aus) \\ Medical Superintendent (NZ)', '1'),
       ('134212', NULL, 'Nursing Clinical Director', '1'),
       ('134213', NULL, 'Primary Health Organisation Manager', '1'),
       ('134214', NULL, 'Welfare Centre Manager', '1'),
       ('134299', NULL, 'Health and Welfare Services Managers nec', '1'),
       ('134311', NULL, 'School Principal', '1'),
       ('134411', NULL, 'Faculty Head', '1'),
       ('134412', NULL, 'Regional Education Manager', '1'),
       ('134499', NULL, 'Education Managers nec', '1'),
       ('135111', NULL, 'Chief Information Officer', '1'),
       ('135112', NULL, 'ICT Project Manager', '1'),
       ('135199', NULL, 'ICT Managers nec', '1'),
       ('139111', NULL, 'Commissioned Defence Force Officer', '1'),
       ('139112', NULL, 'Commissioned Fire Officer', '1'),
       ('139113', NULL, 'Commissioned Police Officer', '1'),
       ('139211', NULL, 'Senior Non-commissioned Defence Force Member', '1'),
       ('139911', NULL, 'Arts Administrator or Manager', '1'),
       ('139912', NULL, 'Environmental Manager', '1'),
       ('139913', NULL, 'Laboratory Manager', '1'),
       ('139914', NULL, 'Quality Assurance Manager', '1'),
       ('139915', NULL, 'Sports Administrator', '1'),
       ('139999', NULL, 'Specialist Managers nec', '1'),
       ('211111', NULL, 'Actor', '1'),
       ('211112', NULL, 'Dancer or Choreographer', '1'),
       ('211113', NULL, 'Entertainer or Variety Artist', '1'),
       ('211199', NULL, 'Actors, Dancers and Other Entertainers nec', '1'),
       ('211211', NULL, 'Composer', '1'),
       ('211212', NULL, 'Music Director', '1'),
       ('211213', NULL, 'Musician (Instrumental)', '1'),
       ('211214', NULL, 'Singer', '1'),
       ('211299', NULL, 'Music Professionals nec', '1'),
       ('211311', NULL, 'Photographer', '1'),
       ('211411', NULL, 'Painter (Visual Arts)', '1'),
       ('211412', NULL, 'Potter or Ceramic Artist', '1'),
       ('211413', NULL, 'Sculptor', '1'),
       ('211499', NULL, 'Visual Arts and Crafts Professionals nec', '1'),
       ('212111', NULL, 'Artistic Director', '1'),
       ('212112', NULL, 'Media Producer (excluding Video)', '1'),
       ('212113', NULL, 'Radio Presenter', '1'),
       ('212114', NULL, 'Television Presenter', '1'),
       ('212211', NULL, 'Author', '1'),
       ('212212', NULL, 'Book or Script Editor', '1'),
       ('212311', NULL, 'Art Director (Film, Television or Stage)', '1'),
       ('212312', NULL, 'Director (Film, Television, Radio or Stage)', '1'),
       ('212313', NULL, 'Director of Photography', '1'),
       ('212314', NULL, 'Film and Video Editor', '1'),
       ('212315', NULL, 'Program Director (Television or Radio)', '1'),
       ('212316', NULL, 'Stage Manager', '1'),
       ('212317', NULL, 'Technical Director', '1'),
       ('212318', NULL, 'Video Producer', '1'),
       ('212399', NULL, 'Film, Television, Radio and Stage Directors nec', '1'),
       ('212411', NULL, 'Copywriter', '1'),
       ('212412', NULL, 'Newspaper or Periodical Editor', '1'),
       ('212413', NULL, 'Print Journalist', '1'),
       ('212414', NULL, 'Radio Journalist', '1'),
       ('212415', NULL, 'Technical Writer', '1'),
       ('212416', NULL, 'Television Journalist', '1'),
       ('212499', NULL, 'Journalists and Other Writers nec', '1'),
       ('221111', NULL, 'Accountant (General)', '1'),
       ('221112', NULL, 'Management Accountant', '1'),
       ('221113', NULL, 'Taxation Accountant', '1'),
       ('221211', NULL, 'Company Secretary', '1'),
       ('221212', NULL, 'Corporate Treasurer', '1'),
       ('221213', NULL, 'External Auditor', '1'),
       ('221214', NULL, 'Internal Auditor', '1'),
       ('222211', NULL, 'Financial Market Dealer', '1'),
       ('222212', NULL, 'Futures Trader', '1'),
       ('222213', NULL, 'Stockbroking Dealer', '1'),
       ('222299', NULL, 'Financial Dealers nec', '1'),
       ('222311', NULL, 'Financial Investment Adviser', '1'),
       ('222312', NULL, 'Financial Investment Manager', '1'),
       ('223111', NULL, 'Human Resource Adviser', '1'),
       ('223112', NULL, 'Recruitment Consultant', '1'),
       ('223113', NULL, 'Workplace Relations Adviser', '1'),
       ('223211', NULL, 'ICT Trainer', '1'),
       ('223311', NULL, 'Training and Development Professional', '1'),
       ('224111', NULL, 'Actuary', '1'),
       ('224112', NULL, 'Mathematician', '1'),
       ('224113', NULL, 'Statistician', '1'),
       ('224211', NULL, 'Archivist', '1'),
       ('224212', NULL, 'Gallery or Museum Curator', '1'),
       ('224213', NULL, 'Health Information Manager', '1'),
       ('224214', NULL, 'Records Manager', '1'),
       ('224311', NULL, 'Economist', '1'),
       ('224411', NULL, 'Intelligence Officer', '1'),
       ('224412', NULL, 'Policy Analyst', '1'),
       ('224511', NULL, 'Land Economist', '1'),
       ('224512', NULL, 'Valuer', '1'),
       ('224611', NULL, 'Librarian', '1'),
       ('224711', NULL, 'Management Consultant', '1'),
       ('224712', NULL, 'Organisation and Methods Analyst', '1'),
       ('224911', NULL, 'Electorate Officer', '1'),
       ('224912', NULL, 'Liaison Officer', '1'),
       ('224913', NULL, 'Migration Agent (Aus) \\ Immigration Consultant (NZ)', '1'),
       ('224914', NULL, 'Patents Examiner', '1'),
       ('224999', NULL, 'Information and Organisation Professionals nec', '1'),
       ('225111', NULL, 'Advertising Specialist', '1'),
       ('225112', NULL, 'Market Research Analyst', '1'),
       ('225113', NULL, 'Marketing Specialist', '1'),
       ('225211', NULL, 'ICT Account Manager', '1'),
       ('225212', NULL, 'ICT Business Development Manager', '1'),
       ('225213', NULL, 'ICT Sales Representative', '1'),
       ('225311', NULL, 'Public Relations Professional', '1'),
       ('225411', NULL, 'Sales Representative (Industrial Products)', '1'),
       ('225412', NULL, 'Sales Representative (Medical and Pharmaceutical Products)', '1'),
       ('225499', NULL, 'Technical Sales Representatives nec', '1'),
       ('231111', NULL, 'Aeroplane Pilot', '1'),
       ('231112', NULL, 'Air Traffic Controller', '1'),
       ('231113', NULL, 'Flying Instructor', '1'),
       ('231114', NULL, 'Helicopter Pilot', '1'),
       ('231199', NULL, 'Air Transport Professionals nec', '1'),
       ('231211', NULL, 'Master Fisher', '1'),
       ('231212', NULL, 'Ship\'s Engineer', '1'),
       ('231213', NULL, 'Ship\'s Master', '1'),
       ('231214', NULL, 'Ship\'s Officer', '1'),
       ('231215', NULL, 'Marine Surveyor', '1'),
       ('231299', NULL, 'Marine Transport Professionals nec', '1'),
       ('232111', NULL, 'Architect', '1'),
       ('232112', NULL, 'Landscape Architect', '1'),
       ('232212', NULL, 'Surveyor', '1'),
       ('232213', NULL, 'Cartographer', '1'),
       ('232214', NULL, 'Other Spatial Scientist', '1'),
       ('232311', NULL, 'Fashion Designer', '1'),
       ('232312', NULL, 'Industrial Designer', '1'),
       ('232313', NULL, 'Jewellery Designer', '1'),
       ('232411', NULL, 'Graphic Designer', '1'),
       ('232412', NULL, 'Illustrator', '1'),
       ('232413', NULL, 'Multimedia Designer', '1'),
       ('232414', NULL, 'Web Designer', '1'),
       ('232511', NULL, 'Interior Designer', '1'),
       ('232611', NULL, 'Urban and Regional Planner', '1'),
       ('233111', NULL, 'Chemical Engineer', '1'),
       ('233112', NULL, 'Materials Engineer', '1'),
       ('233211', NULL, 'Civil Engineer', '1'),
       ('233212', NULL, 'Geotechnical Engineer', '1'),
       ('233213', NULL, 'Quantity Surveyor', '1'),
       ('233214', NULL, 'Structural Engineer', '1'),
       ('233215', NULL, 'Transport Engineer', '1'),
       ('233311', NULL, 'Electrical Engineer', '1'),
       ('233411', NULL, 'Electronics Engineer', '1'),
       ('233511', NULL, 'Industrial Engineer', '1'),
       ('233512', NULL, 'Mechanical Engineer', '1'),
       ('233513', NULL, 'Production or Plant Engineer', '1'),
       ('233611', NULL, 'Mining Engineer (excluding Petroleum)', '1'),
       ('233612', NULL, 'Petroleum Engineer', '1'),
       ('233911', NULL, 'Aeronautical Engineer', '1'),
       ('233912', NULL, 'Agricultural Engineer', '1'),
       ('233913', NULL, 'Biomedical Engineer', '1'),
       ('233914', NULL, 'Engineering Technologist', '1'),
       ('233915', NULL, 'Environmental Engineer', '1'),
       ('233916', NULL, 'Naval Architect (Aus) \\ Marine Designer (NZ)', '1'),
       ('233999', NULL, 'Engineering Professionals nec', '1'),
       ('234111', NULL, 'Agricultural Consultant', '1'),
       ('234112', NULL, 'Agricultural Scientist', '1'),
       ('234113', NULL, 'Forester (Aus) \\ Forest Scientist (NZ)', '1'),
       ('234211', NULL, 'Chemist', '1'),
       ('234212', NULL, 'Food Technologist', '1'),
       ('234213', NULL, 'Wine Maker', '1'),
       ('234311', NULL, 'Conservation Officer', '1'),
       ('234312', NULL, 'Environmental Consultant', '1'),
       ('234313', NULL, 'Environmental Research Scientist', '1'),
       ('234314', NULL, 'Park Ranger', '1'),
       ('234399', NULL, 'Environmental Scientists nec', '1'),
       ('234411', NULL, 'Geologist', '1'),
       ('234412', NULL, 'Geophysicist', '1'),
       ('234413', NULL, 'Hydrogeologist', '1'),
       ('234511', NULL, 'Life Scientist (General)', '1'),
       ('234513', NULL, 'Biochemist', '1'),
       ('234514', NULL, 'Biotechnologist', '1'),
       ('234515', NULL, 'Botanist', '1'),
       ('234516', NULL, 'Marine Biologist', '1'),
       ('234517', NULL, 'Microbiologist', '1'),
       ('234518', NULL, 'Zoologist', '1'),
       ('234599', NULL, 'Life Scientists nec', '1'),
       ('234611', NULL, 'Medical Laboratory Scientist', '1'),
       ('234711', NULL, 'Veterinarian', '1'),
       ('234911', NULL, 'Conservator', '1'),
       ('234912', NULL, 'Metallurgist', '1'),
       ('234913', NULL, 'Meteorologist', '1'),
       ('234914', NULL, 'Physicist', '1'),
       ('234915', NULL, 'Exercise Physiologist', '1'),
       ('234999', NULL, 'Natural and Physical Science Professionals nec', '1'),
       ('241111', NULL, 'Early Childhood (Pre-primary School) Teacher', '1'),
       ('241112', NULL, 'Kaiako Kohanga Reo (Maori Language Nest Teacher)', '1'),
       ('241211', NULL, 'Kaiako Kura Kaupapa Maori (Maori-medium Primary School Teacher)', '1'),
       ('241212', NULL, 'Pouako Kura Kaupapa Maori (Maori-medium Primary School Senior Teacher)', '1'),
       ('241213', NULL, 'Primary School Teacher', '1'),
       ('241311', NULL, 'Middle School Teacher (Aus) \\ Intermediate School Teacher (NZ)', '1'),
       ('241411', NULL, 'Secondary School Teacher', '1'),
       ('241511', NULL, 'Special Needs Teacher', '1'),
       ('241512', NULL, 'Teacher of the Hearing Impaired', '1'),
       ('241513', NULL, 'Teacher of the Sight Impaired', '1'),
       ('241599', NULL, 'Special Education Teachers nec', '1'),
       ('242111', NULL, 'University Lecturer', '1'),
       ('242112', NULL, 'University Tutor', '1'),
       ('242211', NULL, 'Vocational Education Teacher (Aus) \\ Polytechnic Teacher (NZ)', '1'),
       ('249111', NULL, 'Education Adviser', '1'),
       ('249112', NULL, 'Education Reviewer', '1'),
       ('249211', NULL, 'Art Teacher (Private Tuition)', '1'),
       ('249212', NULL, 'Dance Teacher (Private Tuition)', '1'),
       ('249213', NULL, 'Drama Teacher (Private Tuition)', '1'),
       ('249214', NULL, 'Music Teacher (Private Tuition)', '1'),
       ('249299', NULL, 'Private Tutors and Teachers nec', '1'),
       ('249311', NULL, 'Teacher of English to Speakers of Other Languages', '1'),
       ('251111', NULL, 'Dietitian', '1'),
       ('251112', NULL, 'Nutritionist', '1'),
       ('251211', NULL, 'Medical Diagnostic Radiographer', '1'),
       ('251212', NULL, 'Medical Radiation Therapist', '1'),
       ('251213', NULL, 'Nuclear Medicine Technologist', '1'),
       ('251214', NULL, 'Sonographer', '1'),
       ('251311', NULL, 'Environmental Health Officer', '1'),
       ('251312', NULL, 'Occupational Health and Safety Adviser', '1'),
       ('251411', NULL, 'Optometrist', '1'),
       ('251412', NULL, 'Orthoptist', '1'),
       ('251511', NULL, 'Hospital Pharmacist', '1'),
       ('251512', NULL, 'Industrial Pharmacist', '1'),
       ('251513', NULL, 'Retail Pharmacist', '1'),
       ('251911', NULL, 'Health Promotion Officer', '1'),
       ('251912', NULL, 'Orthotist or Prosthetist', '1'),
       ('251999', NULL, 'Health Diagnostic and Promotion Professionals nec', '1'),
       ('252111', NULL, 'Chiropractor', '1'),
       ('252112', NULL, 'Osteopath', '1'),
       ('252211', NULL, 'Acupuncturist', '1'),
       ('252212', NULL, 'Homoeopath', '1'),
       ('252213', NULL, 'Naturopath', '1'),
       ('252214', NULL, 'Traditional Chinese Medicine Practitioner', '1'),
       ('252215', NULL, 'Traditional Maori Health Practitioner', '1'),
       ('252299', NULL, 'Complementary Health Therapists nec', '1'),
       ('252311', NULL, 'Dental Specialist', '1'),
       ('252312', NULL, 'Dentist', '1'),
       ('252411', NULL, 'Occupational Therapist', '1'),
       ('252511', NULL, 'Physiotherapist', '1'),
       ('252611', NULL, 'Podiatrist', '1'),
       ('252711', NULL, 'Audiologist', '1'),
       ('252712', NULL, 'Speech Pathologist (Aus) \\ Speech Language Therapist (NZ)', '1'),
       ('253111', NULL, 'General  Practitioner', '1'),
       ('253112', NULL, 'Resident Medical Officer', '1'),
       ('253211', NULL, 'Anaesthetist', '1'),
       ('253311', NULL, 'Specialist Physician (General Medicine)', '1'),
       ('253312', NULL, 'Cardiologist', '1'),
       ('253313', NULL, 'Clinical Haematologist', '1'),
       ('253314', NULL, 'Medical Oncologist', '1'),
       ('253315', NULL, 'Endocrinologist', '1'),
       ('253316', NULL, 'Gastroenterologist', '1'),
       ('253317', NULL, 'Intensive Care Specialist', '1'),
       ('253318', NULL, 'Neurologist', '1'),
       ('253321', NULL, 'Paediatrician', '1'),
       ('253322', NULL, 'Renal Medicine Specialist', '1'),
       ('253323', NULL, 'Rheumatologist', '1'),
       ('253324', NULL, 'Thoracic Medicine Specialist', '1'),
       ('253399', NULL, 'Specialist Physicians nec', '1'),
       ('253411', NULL, 'Psychiatrist', '1'),
       ('253511', NULL, 'Surgeon (General)', '1'),
       ('253512', NULL, 'Cardiothoracic Surgeon', '1'),
       ('253513', NULL, 'Neurosurgeon', '1'),
       ('253514', NULL, 'Orthopaedic Surgeon', '1'),
       ('253515', NULL, 'Otorhinolaryngologist', '1'),
       ('253516', NULL, 'Paediatric Surgeon', '1'),
       ('253517', NULL, 'Plastic and Reconstructive Surgeon', '1'),
       ('253518', NULL, 'Urologist', '1'),
       ('253521', NULL, 'Vascular Surgeon', '1'),
       ('253911', NULL, 'Dermatologist', '1'),
       ('253912', NULL, 'Emergency Medicine Specialist', '1'),
       ('253913', NULL, 'Obstetrician and Gynaecologist', '1'),
       ('253914', NULL, 'Ophthalmologist', '1'),
       ('253915', NULL, 'Pathologist', '1'),
       ('253917', NULL, 'Diagnostic and Interventional Radiologist', '1'),
       ('253918', NULL, 'Radiation Oncologist', '1'),
       ('253999', NULL, 'Medical Practitioners nec', '1'),
       ('254111', NULL, 'Midwife', '1'),
       ('254211', NULL, 'Nurse Educator', '1'),
       ('254212', NULL, 'Nurse Researcher', '1'),
       ('254311', NULL, 'Nurse Manager', '1'),
       ('254411', NULL, 'Nurse Practitioner', '1'),
       ('254412', NULL, 'Registered Nurse (Aged Care)', '1'),
       ('254413', NULL, 'Registered Nurse (Child and Family Health)', '1'),
       ('254414', NULL, 'Registered Nurse (Community Health)', '1'),
       ('254415', NULL, 'Registered Nurse (Critical Care and Emergency)', '1'),
       ('254416', NULL, 'Registered Nurse (Developmental Disability)', '1'),
       ('254417', NULL, 'Registered Nurse (Disability and Rehabilitation)', '1'),
       ('254418', NULL, 'Registered Nurse (Medical)', '1'),
       ('254421', NULL, 'Registered Nurse (Medical Practice)', '1'),
       ('254422', NULL, 'Registered Nurse (Mental Health)', '1'),
       ('254423', NULL, 'Registered Nurse (Perioperative)', '1'),
       ('254424', NULL, 'Registered Nurse (Surgical)', '1'),
       ('254425', NULL, 'Registered Nurse (Paediatrics)', '1'),
       ('254499', NULL, 'Registered Nurses nec', '1'),
       ('261111', NULL, 'ICT Business Analyst', '1'),
       ('261112', NULL, 'Systems Analyst', '1'),
       ('261211', NULL, 'Multimedia Specialist', '1'),
       ('261212', NULL, 'Web Developer', '1'),
       ('261311', NULL, 'Analyst Programmer', '1'),
       ('261312', NULL, 'Developer Programmer', '1'),
       ('261313', NULL, 'Software Engineer', '1'),
       ('261314', NULL, 'Software Tester', '1'),
       ('261399', NULL, 'Software and Applications Programmers nec', '1'),
       ('262111', NULL, 'Database Administrator', '1'),
       ('262112', NULL, 'ICT Security Specialist', '1'),
       ('262113', NULL, 'Systems Administrator', '1'),
       ('263111', NULL, 'Computer Network and Systems Engineer', '1'),
       ('263112', NULL, 'Network Administrator', '1'),
       ('263113', NULL, 'Network Analyst', '1'),
       ('263211', NULL, 'ICT Quality Assurance Engineer', '1'),
       ('263212', NULL, 'ICT Support Engineer', '1'),
       ('263213', NULL, 'ICT Systems Test Engineer', '1'),
       ('263299', NULL, 'ICT Support and Test Engineers nec', '1'),
       ('263311', NULL, 'Telecommunications Engineer', '1'),
       ('263312', NULL, 'Telecommunications Network Engineer', '1'),
       ('271111', NULL, 'Barrister', '1'),
       ('271211', NULL, 'Judge', '1'),
       ('271212', NULL, 'Magistrate', '1'),
       ('271213', NULL, 'Tribunal Member', '1'),
       ('271214', NULL, 'Intellectual Property Lawyer', '1'),
       ('271299', NULL, 'Judicial and Other Legal Professionals nec', '1'),
       ('271311', NULL, 'Solicitor', '1'),
       ('272111', NULL, 'Careers Counsellor', '1'),
       ('272112', NULL, 'Drug and Alcohol Counsellor', '1'),
       ('272113', NULL, 'Family and Marriage Counsellor', '1'),
       ('272114', NULL, 'Rehabilitation Counsellor', '1'),
       ('272115', NULL, 'Student Counsellor', '1'),
       ('272199', NULL, 'Counsellors nec', '1'),
       ('272211', NULL, 'Minister of Religion', '1'),
       ('272311', NULL, 'Clinical Psychologist', '1'),
       ('272312', NULL, 'Educational Psychologist', '1'),
       ('272313', NULL, 'Organisational Psychologist', '1'),
       ('272314', NULL, 'Psychotherapist', '1'),
       ('272399', NULL, 'Psychologists nec', '1'),
       ('272411', NULL, 'Historian', '1'),
       ('272412', NULL, 'Interpreter', '1'),
       ('272413', NULL, 'Translator', '1'),
       ('272414', NULL, 'Archaeologist', '1'),
       ('272499', NULL, 'Social Professionals nec', '1'),
       ('272511', NULL, 'Social Worker', '1'),
       ('272611', NULL, 'Community Arts Worker', '1'),
       ('272612', NULL, 'Recreation Officer (Aus) \\ Recreation Coordinator (NZ)', '1'),
       ('272613', NULL, 'Welfare Worker', '1'),
       ('141111', NULL, 'Cafe or Restaurant Manager', '2'),
       ('141211', NULL, 'Caravan Park and Camping Ground Manager', '2'),
       ('141311', NULL, 'Hotel or Motel Manager', '2'),
       ('141411', NULL, 'Licensed Club Manager', '2'),
       ('141911', NULL, 'Bed and Breakfast Operator', '2'),
       ('141912', NULL, 'Retirement Village Manager', '2'),
       ('141999', NULL, 'Accommodation and Hospitality Managers nec', '2'),
       ('142111', NULL, 'Retail Manager (General)', '2'),
       ('142112', NULL, 'Antique Dealer', '2'),
       ('142113', NULL, 'Betting Agency Manager', '2'),
       ('142114', NULL, 'Hair or Beauty Salon Manager', '2'),
       ('142115', NULL, 'Post Office Manager', '2'),
       ('142116', NULL, 'Travel Agency Manager', '2'),
       ('149111', NULL, 'Amusement Centre Manager', '2'),
       ('149112', NULL, 'Fitness Centre Manager', '2'),
       ('149113', NULL, 'Sports Centre Manager', '2'),
       ('149211', NULL, 'Call or Contact Centre Manager', '2'),
       ('149212', NULL, 'Customer Service Manager', '2'),
       ('149311', NULL, 'Conference and Event Organiser', '2'),
       ('149411', NULL, 'Fleet Manager', '2'),
       ('149412', NULL, 'Railway Station Manager', '2'),
       ('149413', NULL, 'Transport Company Manager', '2'),
       ('149911', NULL, 'Boarding Kennel or Cattery Operator', '2'),
       ('149912', NULL, 'Cinema or Theatre Manager', '2'),
       ('149913', NULL, 'Facilities Manager', '2'),
       ('149914', NULL, 'Financial Institution Branch Manager', '2'),
       ('149915', NULL, 'Equipment Hire Manager', '2'),
       ('149999', NULL, 'Hospitality, Retail and Service Managers nec', '2'),
       ('222111', NULL, 'Commodities Trader', '2'),
       ('222112', NULL, 'Finance Broker', '2'),
       ('222113', NULL, 'Insurance Broker', '2'),
       ('222199', NULL, 'Financial Brokers nec', '2'),
       ('311111', NULL, 'Agricultural Technician', '2'),
       ('311211', NULL, 'Anaesthetic Technician', '2'),
       ('311212', NULL, 'Cardiac Technician', '2'),
       ('311213', NULL, 'Medical Laboratory Technician', '2'),
       ('311214', NULL, 'Operating Theatre Technician', '2'),
       ('311215', NULL, 'Pharmacy Technician', '2'),
       ('311299', NULL, 'Medical Technicians nec', '2'),
       ('311311', NULL, 'Fisheries Officer', '2'),
       ('311312', NULL, 'Meat Inspector', '2'),
       ('311313', NULL, 'Quarantine Officer', '2'),
       ('311399', NULL, 'Primary Products Inspectors nec', '2'),
       ('311411', NULL, 'Chemistry Technician', '2'),
       ('311412', NULL, 'Earth Science Technician', '2'),
       ('311413', NULL, 'Life Science Technician', '2'),
       ('311414', NULL, 'School Laboratory Technician', '2'),
       ('311415', NULL, 'Hydrographer', '2'),
       ('311499', NULL, 'Science Technicians nec', '2'),
       ('312111', NULL, 'Architectural Draftsperson', '2'),
       ('312112', NULL, 'Building Associate', '2'),
       ('312113', NULL, 'Building Inspector', '2'),
       ('312114', NULL, 'Construction Estimator', '2'),
       ('312115', NULL, 'Plumbing Inspector', '2'),
       ('312116', NULL, 'Surveying or Spatial Science Technician', '2'),
       ('312199', NULL, 'Architectural, Building and Surveying Technicians nec', '2'),
       ('312211', NULL, 'Civil Engineering Draftsperson', '2'),
       ('312212', NULL, 'Civil Engineering Technician', '2'),
       ('312311', NULL, 'Electrical Engineering Draftsperson', '2'),
       ('312312', NULL, 'Electrical Engineering Technician', '2'),
       ('312411', NULL, 'Electronic Engineering Draftsperson', '2'),
       ('312412', NULL, 'Electronic Engineering Technician', '2'),
       ('312511', NULL, 'Mechanical Engineering Draftsperson', '2'),
       ('312512', NULL, 'Mechanical Engineering Technician', '2'),
       ('312611', NULL, 'Safety Inspector', '2'),
       ('312911', NULL, 'Maintenance Planner', '2'),
       ('312912', NULL, 'Metallurgical or Materials Technician', '2'),
       ('312913', NULL, 'Mine Deputy', '2'),
       ('312999', NULL, 'Building and Engineering Technicians nec', '2'),
       ('313111', NULL, 'Hardware Technician', '2'),
       ('313112', NULL, 'ICT Customer Support Officer', '2'),
       ('313113', NULL, 'Web Administrator', '2'),
       ('313199', NULL, 'ICT Support Technicians nec', '2'),
       ('313211', NULL, 'Radiocommunications Technician', '2'),
       ('313212', NULL, 'Telecommunications Field Engineer', '2'),
       ('313213', NULL, 'Telecommunications Network Planner', '2'),
       ('313214', NULL, 'Telecommunications Technical Officer or Technologist', '2'),
       ('351311', NULL, 'Chef', '2'),
       ('399311', NULL, 'Gallery or Museum Technician', '2'),
       ('399312', NULL, 'Library Technician', '2'),
       ('399912', NULL, 'Interior Decorator', '2'),
       ('411111', NULL, 'Ambulance Officer', '2'),
       ('411112', NULL, 'Intensive Care Ambulance Paramedic (Aus) \\ Ambulance Paramedic (NZ)', '2'),
       ('411211', NULL, 'Dental Hygienist', '2'),
       ('411212', NULL, 'Dental Prosthetist', '2'),
       ('411213', NULL, 'Dental Technician', '2'),
       ('411214', NULL, 'Dental Therapist', '2'),
       ('411411', NULL, 'Enrolled Nurse', '2'),
       ('411412', NULL, 'Mothercraft Nurse', '2'),
       ('411511', NULL, 'Aboriginal and Torres Strait Islander Health Worker', '2'),
       ('411512', NULL, 'Kaiawhina (Hauora) (Maori Health Assistant)', '2'),
       ('411611', NULL, 'Massage Therapist', '2'),
       ('411711', NULL, 'Community Worker', '2'),
       ('411712', NULL, 'Disabilities Services Officer', '2'),
       ('411713', NULL, 'Family Support Worker', '2'),
       ('411714', NULL, 'Parole or Probation Officer', '2'),
       ('411715', NULL, 'Residential Care Officer', '2'),
       ('411716', NULL, 'Youth Worker', '2'),
       ('441311', NULL, 'Detective', '2'),
       ('441312', NULL, 'Police Officer', '2'),
       ('451311', NULL, 'Funeral Director', '2'),
       ('452321', NULL, 'Sports Development Officer', '2'),
       ('511111', NULL, 'Contract Administrator', '2'),
       ('511112', NULL, 'Program or Project Administrator', '2'),
       ('512111', NULL, 'Office Manager', '2'),
       ('512211', NULL, 'Health Practice Manager', '2'),
       ('512299', NULL, 'Practice Managers nec', '2'),
       ('599111', NULL, 'Conveyancer', '2'),
       ('599112', NULL, 'Legal Executive', '2'),
       ('612113', NULL, 'Real Estate Agency Principal (Aus) \\ Real Estate Agency Licensee (NZ)', '2'),
       ('311216', NULL, 'Pathology Collector (Aus) \\ Phlebotomist (NZ)', '3'),
       ('321111', NULL, 'Automotive Electrician', '3'),
       ('321211', NULL, 'Motor Mechanic (General)', '3'),
       ('321212', NULL, 'Diesel Motor Mechanic', '3'),
       ('321213', NULL, 'Motorcycle Mechanic', '3'),
       ('321214', NULL, 'Small Engine Mechanic', '3'),
       ('322111', NULL, 'Blacksmith', '3'),
       ('322112', NULL, 'Electroplater', '3'),
       ('322113', NULL, 'Farrier', '3'),
       ('322114', NULL, 'Metal Casting Trades Worker', '3'),
       ('322115', NULL, 'Metal Polisher', '3'),
       ('322211', NULL, 'Sheetmetal Trades Worker', '3'),
       ('322311', NULL, 'Metal Fabricator', '3'),
       ('322312', NULL, 'Pressure Welder', '3'),
       ('322313', NULL, 'Welder (First Class) (Aus) \\ Welder (NZ)', '3'),
       ('323111', NULL, 'Aircraft Maintenance Engineer (Avionics)', '3'),
       ('323112', NULL, 'Aircraft Maintenance Engineer (Mechanical)', '3'),
       ('323113', NULL, 'Aircraft Maintenance Engineer (Structures)', '3'),
       ('323211', NULL, 'Fitter (General)', '3'),
       ('323212', NULL, 'Fitter and Turner', '3'),
       ('323213', NULL, 'Fitter-Welder', '3'),
       ('323214', NULL, 'Metal Machinist (First Class)', '3'),
       ('323215', NULL, 'Textile, Clothing and Footwear Mechanic', '3'),
       ('323299', NULL, 'Metal Fitters and Machinists nec', '3'),
       ('323311', NULL, 'Engraver', '3'),
       ('323312', NULL, 'Gunsmith', '3'),
       ('323313', NULL, 'Locksmith', '3'),
       ('323314', NULL, 'Precision Instrument Maker and Repairer', '3'),
       ('323315', NULL, 'Saw Maker and Repairer', '3'),
       ('323316', NULL, 'Watch and Clock Maker and Repairer', '3'),
       ('323411', NULL, 'Engineering Patternmaker', '3'),
       ('323412', NULL, 'Toolmaker', '3'),
       ('324111', NULL, 'Panelbeater', '3'),
       ('324211', NULL, 'Vehicle Body Builder', '3'),
       ('324212', NULL, 'Vehicle Trimmer', '3'),
       ('324311', NULL, 'Vehicle Painter', '3'),
       ('331111', NULL, 'Bricklayer', '3'),
       ('331112', NULL, 'Stonemason', '3'),
       ('331211', NULL, 'Carpenter and Joiner', '3'),
       ('331212', NULL, 'Carpenter', '3'),
       ('331213', NULL, 'Joiner', '3'),
       ('332111', NULL, 'Floor Finisher', '3'),
       ('332211', NULL, 'Painting Trades Worker', '3'),
       ('333111', NULL, 'Glazier', '3'),
       ('333211', NULL, 'Fibrous Plasterer', '3'),
       ('333212', NULL, 'Solid Plasterer', '3'),
       ('333311', NULL, 'Roof Tiler', '3'),
       ('333411', NULL, 'Wall and Floor Tiler', '3'),
       ('334111', NULL, 'Plumber (General)', '3'),
       ('334112', NULL, 'Airconditioning and Mechanical Services Plumber', '3'),
       ('334113', NULL, 'Drainer (Aus) \\ Drainlayer (NZ)', '3'),
       ('334114', NULL, 'Gasfitter', '3'),
       ('334115', NULL, 'Roof Plumber', '3'),
       ('341111', NULL, 'Electrician (General)', '3'),
       ('341112', NULL, 'Electrician (Special Class)', '3'),
       ('341113', NULL, 'Lift Mechanic', '3'),
       ('342111', NULL, 'Airconditioning and Refrigeration Mechanic', '3'),
       ('342211', NULL, 'Electrical Linesworker (Aus) \\ Electrical Line Mechanic (NZ)', '3'),
       ('342212', NULL, 'Technical Cable Jointer', '3'),
       ('342311', NULL, 'Business Machine Mechanic', '3'),
       ('342312', NULL, 'Communications Operator', '3'),
       ('342313', NULL, 'Electronic Equipment Trades Worker', '3'),
       ('342314', NULL, 'Electronic Instrument Trades Worker (General)', '3'),
       ('342315', NULL, 'Electronic Instrument Trades Worker (Special Class)', '3'),
       ('342411', NULL, 'Cabler (Data and Telecommunications)', '3'),
       ('342412', NULL, 'Telecommunications Cable Jointer', '3'),
       ('342413', NULL, 'Telecommunications Linesworker (Aus) \\ Telecommunications Line Mechanic (NZ)', '3'),
       ('342414', NULL, 'Telecommunications Technician', '3'),
       ('351111', NULL, 'Baker', '3'),
       ('351112', NULL, 'Pastrycook', '3'),
       ('351211', NULL, 'Butcher or Smallgoods Maker', '3'),
       ('351411', NULL, 'Cook', '3'),
       ('361111', NULL, 'Dog Handler or Trainer', '3'),
       ('361112', NULL, 'Horse Trainer', '3'),
       ('361113', NULL, 'Pet Groomer', '3'),
       ('361114', NULL, 'Zookeeper', '3'),
       ('361115', NULL, 'Kennel Hand', '3'),
       ('361199', NULL, 'Animal Attendants and Trainers nec', '3'),
       ('361211', NULL, 'Shearer', '3'),
       ('361311', NULL, 'Veterinary Nurse', '3'),
       ('362111', NULL, 'Florist', '3'),
       ('362211', NULL, 'Gardener (General)', '3'),
       ('362212', NULL, 'Arborist', '3'),
       ('362213', NULL, 'Landscape Gardener', '3'),
       ('362311', NULL, 'Greenkeeper', '3'),
       ('362411', NULL, 'Nurseryperson', '3'),
       ('391111', NULL, 'Hairdresser', '3'),
       ('392111', NULL, 'Print Finisher', '3'),
       ('392112', NULL, 'Screen Printer', '3'),
       ('392211', NULL, 'Graphic Pre-press Trades Worker', '3'),
       ('392311', NULL, 'Printing Machinist', '3'),
       ('392312', NULL, 'Small Offset Printer', '3'),
       ('393111', NULL, 'Canvas Goods Fabricator', '3'),
       ('393112', NULL, 'Leather Goods Maker', '3'),
       ('393113', NULL, 'Sail Maker', '3'),
       ('393114', NULL, 'Shoemaker', '3'),
       ('393211', NULL, 'Apparel Cutter', '3'),
       ('393212', NULL, 'Clothing Patternmaker', '3'),
       ('393213', NULL, 'Dressmaker or Tailor', '3'),
       ('393299', NULL, 'Clothing Trades Workers nec', '3'),
       ('393311', NULL, 'Upholsterer', '3'),
       ('394111', NULL, 'Cabinetmaker', '3'),
       ('394211', NULL, 'Furniture Finisher', '3'),
       ('394212', NULL, 'Picture Framer', '3'),
       ('394213', NULL, 'Wood Machinist', '3'),
       ('394214', NULL, 'Wood Turner', '3'),
       ('394299', NULL, 'Wood Machinists and Other Wood Trades Workers nec', '3'),
       ('399111', NULL, 'Boat Builder and Repairer', '3'),
       ('399112', NULL, 'Shipwright', '3'),
       ('399211', NULL, 'Chemical Plant Operator', '3'),
       ('399212', NULL, 'Gas or Petroleum Operator', '3'),
       ('399213', NULL, 'Power Generation Plant Operator', '3'),
       ('399411', NULL, 'Jeweller', '3'),
       ('399511', NULL, 'Broadcast Transmitter Operator', '3'),
       ('399512', NULL, 'Camera Operator (Film, Television or Video)', '3'),
       ('399513', NULL, 'Light Technician', '3'),
       ('399514', NULL, 'Make Up Artist', '3'),
       ('399515', NULL, 'Musical Instrument Maker or Repairer', '3'),
       ('399516', NULL, 'Sound Technician', '3'),
       ('399517', NULL, 'Television Equipment Operator', '3'),
       ('399599', NULL, 'Performing Arts Technicians nec', '3'),
       ('399611', NULL, 'Signwriter', '3'),
       ('399911', NULL, 'Diver', '3'),
       ('399913', NULL, 'Optical Dispenser (Aus) \\ Dispensing Optician (NZ)', '3'),
       ('399914', NULL, 'Optical Mechanic', '3'),
       ('399915', NULL, 'Photographer\'s Assistant', '3'),
       ('399916', NULL, 'Plastics Technician', '3'),
       ('399917', NULL, 'Wool Classer', '3'),
       ('399918', NULL, 'Fire Protection Equipment Technician', '3'),
       ('399999', NULL, 'Technicians and Trades Workers nec', '3'),
       ('411311', NULL, 'Diversional Therapist', '3'),
       ('431411', NULL, 'Hotel Service Manager', '3'),
       ('441111', NULL, 'Defence Force Member - Other Ranks', '3'),
       ('441211', NULL, 'Emergency Service Worker', '3'),
       ('441212', NULL, 'Fire Fighter', '3'),
       ('442216', NULL, 'Security Consultant', '3'),
       ('451211', NULL, 'Driving Instructor', '3'),
       ('451399', NULL, 'Funeral Workers nec', '3'),
       ('451711', NULL, 'Flight Attendant', '3'),
       ('451799', NULL, 'Travel Attendants nec', '3'),
       ('451815', NULL, 'First Aid Trainer', '3'),
       ('452311', NULL, 'Diving Instructor (Open Water)', '3'),
       ('452312', NULL, 'Gymnastics Coach or Instructor', '3'),
       ('452313', NULL, 'Horse Riding Coach or Instructor', '3'),
       ('452314', NULL, 'Snowsport Instructor', '3'),
       ('452315', NULL, 'Swimming Coach or Instructor', '3'),
       ('452316', NULL, 'Tennis Coach', '3'),
       ('452317', NULL, 'Other Sports Coach or Instructor', '3'),
       ('452318', NULL, 'Dog or Horse Racing Official', '3'),
       ('452322', NULL, 'Sports Umpire', '3'),
       ('452323', NULL, 'Other Sports Official', '3'),
       ('452411', NULL, 'Footballer', '3'),
       ('452412', NULL, 'Golfer', '3'),
       ('452413', NULL, 'Jockey', '3'),
       ('452414', NULL, 'Lifeguard', '3'),
       ('452499', NULL, 'Sportspersons nec', '3'),
       ('521111', NULL, 'Personal Assistant', '3'),
       ('521211', NULL, 'Secretary (General)', '3'),
       ('521212', NULL, 'Legal Secretary', '3'),
       ('541111', NULL, 'Call or Contact Centre Team Leader', '3'),
       ('599211', NULL, 'Clerk of Court', '3'),
       ('599212', NULL, 'Court Bailiff or Sheriff (Aus) \\ Court Collections Officer (NZ)', '3'),
       ('599213', NULL, 'Court Orderly (Aus) \\ Court Registry Officer (NZ)', '3'),
       ('599214', NULL, 'Law Clerk', '3'),
       ('599215', NULL, 'Trust Officer', '3'),
       ('599611', NULL, 'Insurance Investigator', '3'),
       ('599612', NULL, 'Insurance Loss Adjuster', '3'),
       ('599613', NULL, 'Insurance Risk Surveyor', '3'),
       ('599915', NULL, 'Clinical Coder', '3'),
       ('611111', NULL, 'Auctioneer', '3'),
       ('611112', NULL, 'Stock and Station Agent', '3'),
       ('611211', NULL, 'Insurance Agent', '3'),
       ('612111', NULL, 'Business Broker', '3'),
       ('612112', NULL, 'Property Manager', '3'),
       ('612114', NULL, 'Real Estate Agent', '3'),
       ('612115', NULL, 'Real Estate Representative', '3'),
       ('639211', NULL, 'Retail Buyer', '3'),
       ('639212', NULL, 'Wool Buyer', '3');

-- --------------------------------------------------------

--
-- Table structure for table `company_prospects_noc_job_titles`
--

CREATE TABLE `company_prospects_noc_job_titles`
(
    `noc_code`      varchar(6)   DEFAULT NULL,
    `noc_job_title` varchar(255) DEFAULT NULL
) ENGINE = InnoDB
  DEFAULT CHARSET = utf8 COMMENT ='Each job title has own mapping to the NOC code.';

--
-- Dumping data for table `company_prospects_noc_job_titles`
--

INSERT INTO `company_prospects_noc_job_titles` (`noc_code`, `noc_job_title`)
VALUES ('111111', 'Chief Executive or Managing Director'),
       ('111211', 'Corporate General Manager'),
       ('111212', 'Defence Force Senior Officer'),
       ('111311', 'Local Government Legislator'),
       ('111312', 'Member of Parliament'),
       ('111399', 'Legislators nec'),
       ('121111', 'Aquaculture Farmer'),
       ('121211', 'Cotton Grower'),
       ('121212', 'Flower Grower'),
       ('121213', 'Fruit or Nut Grower'),
       ('121214', 'Grain, Oilseed or Pasture Grower (Aus) \\ Field Crop Grower (NZ)'),
       ('121215', 'Grape Grower'),
       ('121216', 'Mixed Crop Farmer'),
       ('121217', 'Sugar Cane Grower'),
       ('121218', 'Turf Grower'),
       ('121221', 'Vegetable Grower (Aus) \\ Market Gardener (NZ)'),
       ('121299', 'Crop Farmers nec'),
       ('121311', 'Apiarist'),
       ('121312', 'Beef Cattle Farmer'),
       ('121313', 'Dairy Cattle Farmer'),
       ('121314', 'Deer Farmer'),
       ('121315', 'Goat Farmer'),
       ('121316', 'Horse Breeder'),
       ('121317', 'Mixed Livestock Farmer'),
       ('121318', 'Pig Farmer'),
       ('121321', 'Poultry Farmer'),
       ('121322', 'Sheep Farmer'),
       ('121399', 'Livestock Farmers nec'),
       ('121411', 'Mixed Crop and Livestock Farmer'),
       ('131112', 'Sales and Marketing Manager'),
       ('131113', 'Advertising Manager'),
       ('131114', 'Public Relations Manager'),
       ('132111', 'Corporate Services Manager'),
       ('132211', 'Finance Manager'),
       ('132311', 'Human Resource Manager'),
       ('132411', 'Policy and Planning Manager'),
       ('132511', 'Research and Development Manager'),
       ('133111', 'Construction Project Manager'),
       ('133112', 'Project Builder'),
       ('133211', 'Engineering Manager'),
       ('133311', 'Importer or Exporter'),
       ('133312', 'Wholesaler'),
       ('133411', 'Manufacturer'),
       ('133511', 'Production Manager (Forestry)'),
       ('133512', 'Production Manager (Manufacturing)'),
       ('133513', 'Production Manager (Mining)'),
       ('133611', 'Supply and Distribution Manager'),
       ('133612', 'Procurement Manager'),
       ('134111', 'Child Care Centre Manager'),
       ('134211', 'Medical Administrator (Aus) \\ Medical Superintendent (NZ)'),
       ('134212', 'Nursing Clinical Director'),
       ('134213', 'Primary Health Organisation Manager'),
       ('134214', 'Welfare Centre Manager'),
       ('134299', 'Health and Welfare Services Managers nec'),
       ('134311', 'School Principal'),
       ('134411', 'Faculty Head'),
       ('134412', 'Regional Education Manager'),
       ('134499', 'Education Managers nec'),
       ('135111', 'Chief Information Officer'),
       ('135112', 'ICT Project Manager'),
       ('135199', 'ICT Managers nec'),
       ('139111', 'Commissioned Defence Force Officer'),
       ('139112', 'Commissioned Fire Officer'),
       ('139113', 'Commissioned Police Officer'),
       ('139211', 'Senior Non-commissioned Defence Force Member'),
       ('139911', 'Arts Administrator or Manager'),
       ('139912', 'Environmental Manager'),
       ('139913', 'Laboratory Manager'),
       ('139914', 'Quality Assurance Manager'),
       ('139915', 'Sports Administrator'),
       ('139999', 'Specialist Managers nec'),
       ('211111', 'Actor'),
       ('211112', 'Dancer or Choreographer'),
       ('211113', 'Entertainer or Variety Artist'),
       ('211199', 'Actors, Dancers and Other Entertainers nec'),
       ('211211', 'Composer'),
       ('211212', 'Music Director'),
       ('211213', 'Musician (Instrumental)'),
       ('211214', 'Singer'),
       ('211299', 'Music Professionals nec'),
       ('211311', 'Photographer'),
       ('211411', 'Painter (Visual Arts)'),
       ('211412', 'Potter or Ceramic Artist'),
       ('211413', 'Sculptor'),
       ('211499', 'Visual Arts and Crafts Professionals nec'),
       ('212111', 'Artistic Director'),
       ('212112', 'Media Producer (excluding Video)'),
       ('212113', 'Radio Presenter'),
       ('212114', 'Television Presenter'),
       ('212211', 'Author'),
       ('212212', 'Book or Script Editor'),
       ('212311', 'Art Director (Film, Television or Stage)'),
       ('212312', 'Director (Film, Television, Radio or Stage)'),
       ('212313', 'Director of Photography'),
       ('212314', 'Film and Video Editor'),
       ('212315', 'Program Director (Television or Radio)'),
       ('212316', 'Stage Manager'),
       ('212317', 'Technical Director'),
       ('212318', 'Video Producer'),
       ('212399', 'Film, Television, Radio and Stage Directors nec'),
       ('212411', 'Copywriter'),
       ('212412', 'Newspaper or Periodical Editor'),
       ('212413', 'Print Journalist'),
       ('212414', 'Radio Journalist'),
       ('212415', 'Technical Writer'),
       ('212416', 'Television Journalist'),
       ('212499', 'Journalists and Other Writers nec'),
       ('221111', 'Accountant (General)'),
       ('221112', 'Management Accountant'),
       ('221113', 'Taxation Accountant'),
       ('221211', 'Company Secretary'),
       ('221212', 'Corporate Treasurer'),
       ('221213', 'External Auditor'),
       ('221214', 'Internal Auditor'),
       ('222211', 'Financial Market Dealer'),
       ('222212', 'Futures Trader'),
       ('222213', 'Stockbroking Dealer'),
       ('222299', 'Financial Dealers nec'),
       ('222311', 'Financial Investment Adviser'),
       ('222312', 'Financial Investment Manager'),
       ('223111', 'Human Resource Adviser'),
       ('223112', 'Recruitment Consultant'),
       ('223113', 'Workplace Relations Adviser'),
       ('223211', 'ICT Trainer'),
       ('223311', 'Training and Development Professional'),
       ('224111', 'Actuary'),
       ('224112', 'Mathematician'),
       ('224113', 'Statistician'),
       ('224211', 'Archivist'),
       ('224212', 'Gallery or Museum Curator'),
       ('224213', 'Health Information Manager'),
       ('224214', 'Records Manager'),
       ('224311', 'Economist'),
       ('224411', 'Intelligence Officer'),
       ('224412', 'Policy Analyst'),
       ('224511', 'Land Economist'),
       ('224512', 'Valuer'),
       ('224611', 'Librarian'),
       ('224711', 'Management Consultant'),
       ('224712', 'Organisation and Methods Analyst'),
       ('224911', 'Electorate Officer'),
       ('224912', 'Liaison Officer'),
       ('224913', 'Migration Agent (Aus) \\ Immigration Consultant (NZ)'),
       ('224914', 'Patents Examiner'),
       ('224999', 'Information and Organisation Professionals nec'),
       ('225111', 'Advertising Specialist'),
       ('225112', 'Market Research Analyst'),
       ('225113', 'Marketing Specialist'),
       ('225211', 'ICT Account Manager'),
       ('225212', 'ICT Business Development Manager'),
       ('225213', 'ICT Sales Representative'),
       ('225311', 'Public Relations Professional'),
       ('225411', 'Sales Representative (Industrial Products)'),
       ('225412', 'Sales Representative (Medical and Pharmaceutical Products)'),
       ('225499', 'Technical Sales Representatives nec'),
       ('231111', 'Aeroplane Pilot'),
       ('231112', 'Air Traffic Controller'),
       ('231113', 'Flying Instructor'),
       ('231114', 'Helicopter Pilot'),
       ('231199', 'Air Transport Professionals nec'),
       ('231211', 'Master Fisher'),
       ('231212', 'Ship\'s Engineer'),
       ('231213', 'Ship\'s Master'),
       ('231214', 'Ship\'s Officer'),
       ('231215', 'Marine Surveyor'),
       ('231299', 'Marine Transport Professionals nec'),
       ('232111', 'Architect'),
       ('232112', 'Landscape Architect'),
       ('232212', 'Surveyor'),
       ('232213', 'Cartographer'),
       ('232214', 'Other Spatial Scientist'),
       ('232311', 'Fashion Designer'),
       ('232312', 'Industrial Designer'),
       ('232313', 'Jewellery Designer'),
       ('232411', 'Graphic Designer'),
       ('232412', 'Illustrator'),
       ('232413', 'Multimedia Designer'),
       ('232414', 'Web Designer'),
       ('232511', 'Interior Designer'),
       ('232611', 'Urban and Regional Planner'),
       ('233111', 'Chemical Engineer'),
       ('233112', 'Materials Engineer'),
       ('233211', 'Civil Engineer'),
       ('233212', 'Geotechnical Engineer'),
       ('233213', 'Quantity Surveyor'),
       ('233214', 'Structural Engineer'),
       ('233215', 'Transport Engineer'),
       ('233311', 'Electrical Engineer'),
       ('233411', 'Electronics Engineer'),
       ('233511', 'Industrial Engineer'),
       ('233512', 'Mechanical Engineer'),
       ('233513', 'Production or Plant Engineer'),
       ('233611', 'Mining Engineer (excluding Petroleum)'),
       ('233612', 'Petroleum Engineer'),
       ('233911', 'Aeronautical Engineer'),
       ('233912', 'Agricultural Engineer'),
       ('233913', 'Biomedical Engineer'),
       ('233914', 'Engineering Technologist'),
       ('233915', 'Environmental Engineer'),
       ('233916', 'Naval Architect (Aus) \\ Marine Designer (NZ)'),
       ('233999', 'Engineering Professionals nec'),
       ('234111', 'Agricultural Consultant'),
       ('234112', 'Agricultural Scientist'),
       ('234113', 'Forester (Aus) \\ Forest Scientist (NZ)'),
       ('234211', 'Chemist'),
       ('234212', 'Food Technologist'),
       ('234213', 'Wine Maker'),
       ('234311', 'Conservation Officer'),
       ('234312', 'Environmental Consultant'),
       ('234313', 'Environmental Research Scientist'),
       ('234314', 'Park Ranger'),
       ('234399', 'Environmental Scientists nec'),
       ('234411', 'Geologist'),
       ('234412', 'Geophysicist'),
       ('234413', 'Hydrogeologist'),
       ('234511', 'Life Scientist (General)'),
       ('234513', 'Biochemist'),
       ('234514', 'Biotechnologist'),
       ('234515', 'Botanist'),
       ('234516', 'Marine Biologist'),
       ('234517', 'Microbiologist'),
       ('234518', 'Zoologist'),
       ('234599', 'Life Scientists nec'),
       ('234611', 'Medical Laboratory Scientist'),
       ('234711', 'Veterinarian'),
       ('234911', 'Conservator'),
       ('234912', 'Metallurgist'),
       ('234913', 'Meteorologist'),
       ('234914', 'Physicist'),
       ('234915', 'Exercise Physiologist'),
       ('234999', 'Natural and Physical Science Professionals nec'),
       ('241111', 'Early Childhood (Pre-primary School) Teacher'),
       ('241112', 'Kaiako Kohanga Reo (Maori Language Nest Teacher)'),
       ('241211', 'Kaiako Kura Kaupapa Maori (Maori-medium Primary School Teacher)'),
       ('241212', 'Pouako Kura Kaupapa Maori (Maori-medium Primary School Senior Teacher)'),
       ('241213', 'Primary School Teacher'),
       ('241311', 'Middle School Teacher (Aus) \\ Intermediate School Teacher (NZ)'),
       ('241411', 'Secondary School Teacher'),
       ('241511', 'Special Needs Teacher'),
       ('241512', 'Teacher of the Hearing Impaired'),
       ('241513', 'Teacher of the Sight Impaired'),
       ('241599', 'Special Education Teachers nec'),
       ('242111', 'University Lecturer'),
       ('242112', 'University Tutor'),
       ('242211', 'Vocational Education Teacher (Aus) \\ Polytechnic Teacher (NZ)'),
       ('249111', 'Education Adviser'),
       ('249112', 'Education Reviewer'),
       ('249211', 'Art Teacher (Private Tuition)'),
       ('249212', 'Dance Teacher (Private Tuition)'),
       ('249213', 'Drama Teacher (Private Tuition)'),
       ('249214', 'Music Teacher (Private Tuition)'),
       ('249299', 'Private Tutors and Teachers nec'),
       ('249311', 'Teacher of English to Speakers of Other Languages'),
       ('251111', 'Dietitian'),
       ('251112', 'Nutritionist'),
       ('251211', 'Medical Diagnostic Radiographer'),
       ('251212', 'Medical Radiation Therapist'),
       ('251213', 'Nuclear Medicine Technologist'),
       ('251214', 'Sonographer'),
       ('251311', 'Environmental Health Officer'),
       ('251312', 'Occupational Health and Safety Adviser'),
       ('251411', 'Optometrist'),
       ('251412', 'Orthoptist'),
       ('251511', 'Hospital Pharmacist'),
       ('251512', 'Industrial Pharmacist'),
       ('251513', 'Retail Pharmacist'),
       ('251911', 'Health Promotion Officer'),
       ('251912', 'Orthotist or Prosthetist'),
       ('251999', 'Health Diagnostic and Promotion Professionals nec'),
       ('252111', 'Chiropractor'),
       ('252112', 'Osteopath'),
       ('252211', 'Acupuncturist'),
       ('252212', 'Homoeopath'),
       ('252213', 'Naturopath'),
       ('252214', 'Traditional Chinese Medicine Practitioner'),
       ('252215', 'Traditional Maori Health Practitioner'),
       ('252299', 'Complementary Health Therapists nec'),
       ('252311', 'Dental Specialist'),
       ('252312', 'Dentist'),
       ('252411', 'Occupational Therapist'),
       ('252511', 'Physiotherapist'),
       ('252611', 'Podiatrist'),
       ('252711', 'Audiologist'),
       ('252712', 'Speech Pathologist (Aus) \\ Speech Language Therapist (NZ)'),
       ('253111', 'General  Practitioner'),
       ('253112', 'Resident Medical Officer'),
       ('253211', 'Anaesthetist'),
       ('253311', 'Specialist Physician (General Medicine)'),
       ('253312', 'Cardiologist'),
       ('253313', 'Clinical Haematologist'),
       ('253314', 'Medical Oncologist'),
       ('253315', 'Endocrinologist'),
       ('253316', 'Gastroenterologist'),
       ('253317', 'Intensive Care Specialist'),
       ('253318', 'Neurologist'),
       ('253321', 'Paediatrician'),
       ('253322', 'Renal Medicine Specialist'),
       ('253323', 'Rheumatologist'),
       ('253324', 'Thoracic Medicine Specialist'),
       ('253399', 'Specialist Physicians nec'),
       ('253411', 'Psychiatrist'),
       ('253511', 'Surgeon (General)'),
       ('253512', 'Cardiothoracic Surgeon'),
       ('253513', 'Neurosurgeon'),
       ('253514', 'Orthopaedic Surgeon'),
       ('253515', 'Otorhinolaryngologist'),
       ('253516', 'Paediatric Surgeon'),
       ('253517', 'Plastic and Reconstructive Surgeon'),
       ('253518', 'Urologist'),
       ('253521', 'Vascular Surgeon'),
       ('253911', 'Dermatologist'),
       ('253912', 'Emergency Medicine Specialist'),
       ('253913', 'Obstetrician and Gynaecologist'),
       ('253914', 'Ophthalmologist'),
       ('253915', 'Pathologist'),
       ('253917', 'Diagnostic and Interventional Radiologist'),
       ('253918', 'Radiation Oncologist'),
       ('253999', 'Medical Practitioners nec'),
       ('254111', 'Midwife'),
       ('254211', 'Nurse Educator'),
       ('254212', 'Nurse Researcher'),
       ('254311', 'Nurse Manager'),
       ('254411', 'Nurse Practitioner'),
       ('254412', 'Registered Nurse (Aged Care)'),
       ('254413', 'Registered Nurse (Child and Family Health)'),
       ('254414', 'Registered Nurse (Community Health)'),
       ('254415', 'Registered Nurse (Critical Care and Emergency)'),
       ('254416', 'Registered Nurse (Developmental Disability)'),
       ('254417', 'Registered Nurse (Disability and Rehabilitation)'),
       ('254418', 'Registered Nurse (Medical)'),
       ('254421', 'Registered Nurse (Medical Practice)'),
       ('254422', 'Registered Nurse (Mental Health)'),
       ('254423', 'Registered Nurse (Perioperative)'),
       ('254424', 'Registered Nurse (Surgical)'),
       ('254425', 'Registered Nurse (Paediatrics)'),
       ('254499', 'Registered Nurses nec'),
       ('261111', 'ICT Business Analyst'),
       ('261112', 'Systems Analyst'),
       ('261211', 'Multimedia Specialist'),
       ('261212', 'Web Developer'),
       ('261311', 'Analyst Programmer'),
       ('261312', 'Developer Programmer'),
       ('261313', 'Software Engineer'),
       ('261314', 'Software Tester'),
       ('261399', 'Software and Applications Programmers nec'),
       ('262111', 'Database Administrator'),
       ('262112', 'ICT Security Specialist'),
       ('262113', 'Systems Administrator'),
       ('263111', 'Computer Network and Systems Engineer'),
       ('263112', 'Network Administrator'),
       ('263113', 'Network Analyst'),
       ('263211', 'ICT Quality Assurance Engineer'),
       ('263212', 'ICT Support Engineer'),
       ('263213', 'ICT Systems Test Engineer'),
       ('263299', 'ICT Support and Test Engineers nec'),
       ('263311', 'Telecommunications Engineer'),
       ('263312', 'Telecommunications Network Engineer'),
       ('271111', 'Barrister'),
       ('271211', 'Judge'),
       ('271212', 'Magistrate'),
       ('271213', 'Tribunal Member'),
       ('271214', 'Intellectual Property Lawyer'),
       ('271299', 'Judicial and Other Legal Professionals nec'),
       ('271311', 'Solicitor'),
       ('272111', 'Careers Counsellor'),
       ('272112', 'Drug and Alcohol Counsellor'),
       ('272113', 'Family and Marriage Counsellor'),
       ('272114', 'Rehabilitation Counsellor'),
       ('272115', 'Student Counsellor'),
       ('272199', 'Counsellors nec'),
       ('272211', 'Minister of Religion'),
       ('272311', 'Clinical Psychologist'),
       ('272312', 'Educational Psychologist'),
       ('272313', 'Organisational Psychologist'),
       ('272314', 'Psychotherapist'),
       ('272399', 'Psychologists nec'),
       ('272411', 'Historian'),
       ('272412', 'Interpreter'),
       ('272413', 'Translator'),
       ('272414', 'Archaeologist'),
       ('272499', 'Social Professionals nec'),
       ('272511', 'Social Worker'),
       ('272611', 'Community Arts Worker'),
       ('272612', 'Recreation Officer (Aus) \\ Recreation Coordinator (NZ)'),
       ('272613', 'Welfare Worker'),
       ('141111', 'Cafe or Restaurant Manager'),
       ('141211', 'Caravan Park and Camping Ground Manager'),
       ('141311', 'Hotel or Motel Manager'),
       ('141411', 'Licensed Club Manager'),
       ('141911', 'Bed and Breakfast Operator'),
       ('141912', 'Retirement Village Manager'),
       ('141999', 'Accommodation and Hospitality Managers nec'),
       ('142111', 'Retail Manager (General)'),
       ('142112', 'Antique Dealer'),
       ('142113', 'Betting Agency Manager'),
       ('142114', 'Hair or Beauty Salon Manager'),
       ('142115', 'Post Office Manager'),
       ('142116', 'Travel Agency Manager'),
       ('149111', 'Amusement Centre Manager'),
       ('149112', 'Fitness Centre Manager'),
       ('149113', 'Sports Centre Manager'),
       ('149211', 'Call or Contact Centre Manager'),
       ('149212', 'Customer Service Manager'),
       ('149311', 'Conference and Event Organiser'),
       ('149411', 'Fleet Manager'),
       ('149412', 'Railway Station Manager'),
       ('149413', 'Transport Company Manager'),
       ('149911', 'Boarding Kennel or Cattery Operator'),
       ('149912', 'Cinema or Theatre Manager'),
       ('149913', 'Facilities Manager'),
       ('149914', 'Financial Institution Branch Manager'),
       ('149915', 'Equipment Hire Manager'),
       ('149999', 'Hospitality, Retail and Service Managers nec'),
       ('222111', 'Commodities Trader'),
       ('222112', 'Finance Broker'),
       ('222113', 'Insurance Broker'),
       ('222199', 'Financial Brokers nec'),
       ('311111', 'Agricultural Technician'),
       ('311211', 'Anaesthetic Technician'),
       ('311212', 'Cardiac Technician'),
       ('311213', 'Medical Laboratory Technician'),
       ('311214', 'Operating Theatre Technician'),
       ('311215', 'Pharmacy Technician'),
       ('311299', 'Medical Technicians nec'),
       ('311311', 'Fisheries Officer'),
       ('311312', 'Meat Inspector'),
       ('311313', 'Quarantine Officer'),
       ('311399', 'Primary Products Inspectors nec'),
       ('311411', 'Chemistry Technician'),
       ('311412', 'Earth Science Technician'),
       ('311413', 'Life Science Technician'),
       ('311414', 'School Laboratory Technician'),
       ('311415', 'Hydrographer'),
       ('311499', 'Science Technicians nec'),
       ('312111', 'Architectural Draftsperson'),
       ('312112', 'Building Associate'),
       ('312113', 'Building Inspector'),
       ('312114', 'Construction Estimator'),
       ('312115', 'Plumbing Inspector'),
       ('312116', 'Surveying or Spatial Science Technician'),
       ('312199', 'Architectural, Building and Surveying Technicians nec'),
       ('312211', 'Civil Engineering Draftsperson'),
       ('312212', 'Civil Engineering Technician'),
       ('312311', 'Electrical Engineering Draftsperson'),
       ('312312', 'Electrical Engineering Technician'),
       ('312411', 'Electronic Engineering Draftsperson'),
       ('312412', 'Electronic Engineering Technician'),
       ('312511', 'Mechanical Engineering Draftsperson'),
       ('312512', 'Mechanical Engineering Technician'),
       ('312611', 'Safety Inspector'),
       ('312911', 'Maintenance Planner'),
       ('312912', 'Metallurgical or Materials Technician'),
       ('312913', 'Mine Deputy'),
       ('312999', 'Building and Engineering Technicians nec'),
       ('313111', 'Hardware Technician'),
       ('313112', 'ICT Customer Support Officer'),
       ('313113', 'Web Administrator'),
       ('313199', 'ICT Support Technicians nec'),
       ('313211', 'Radiocommunications Technician'),
       ('313212', 'Telecommunications Field Engineer'),
       ('313213', 'Telecommunications Network Planner'),
       ('313214', 'Telecommunications Technical Officer or Technologist'),
       ('351311', 'Chef'),
       ('399311', 'Gallery or Museum Technician'),
       ('399312', 'Library Technician'),
       ('399912', 'Interior Decorator'),
       ('411111', 'Ambulance Officer'),
       ('411112', 'Intensive Care Ambulance Paramedic (Aus) \\ Ambulance Paramedic (NZ)'),
       ('411211', 'Dental Hygienist'),
       ('411212', 'Dental Prosthetist'),
       ('411213', 'Dental Technician'),
       ('411214', 'Dental Therapist'),
       ('411411', 'Enrolled Nurse'),
       ('411412', 'Mothercraft Nurse'),
       ('411511', 'Aboriginal and Torres Strait Islander Health Worker'),
       ('411512', 'Kaiawhina (Hauora) (Maori Health Assistant)'),
       ('411611', 'Massage Therapist'),
       ('411711', 'Community Worker'),
       ('411712', 'Disabilities Services Officer'),
       ('411713', 'Family Support Worker'),
       ('411714', 'Parole or Probation Officer'),
       ('411715', 'Residential Care Officer'),
       ('411716', 'Youth Worker'),
       ('441311', 'Detective'),
       ('441312', 'Police Officer'),
       ('451311', 'Funeral Director'),
       ('452321', 'Sports Development Officer'),
       ('511111', 'Contract Administrator'),
       ('511112', 'Program or Project Administrator'),
       ('512111', 'Office Manager'),
       ('512211', 'Health Practice Manager'),
       ('512299', 'Practice Managers nec'),
       ('599111', 'Conveyancer'),
       ('599112', 'Legal Executive'),
       ('612113', 'Real Estate Agency Principal (Aus) \\ Real Estate Agency Licensee (NZ)'),
       ('311216', 'Pathology Collector (Aus) \\ Phlebotomist (NZ)'),
       ('321111', 'Automotive Electrician'),
       ('321211', 'Motor Mechanic (General)'),
       ('321212', 'Diesel Motor Mechanic'),
       ('321213', 'Motorcycle Mechanic'),
       ('321214', 'Small Engine Mechanic'),
       ('322111', 'Blacksmith'),
       ('322112', 'Electroplater'),
       ('322113', 'Farrier'),
       ('322114', 'Metal Casting Trades Worker'),
       ('322115', 'Metal Polisher'),
       ('322211', 'Sheetmetal Trades Worker'),
       ('322311', 'Metal Fabricator'),
       ('322312', 'Pressure Welder'),
       ('322313', 'Welder (First Class) (Aus) \\ Welder (NZ)'),
       ('323111', 'Aircraft Maintenance Engineer (Avionics)'),
       ('323112', 'Aircraft Maintenance Engineer (Mechanical)'),
       ('323113', 'Aircraft Maintenance Engineer (Structures)'),
       ('323211', 'Fitter (General)'),
       ('323212', 'Fitter and Turner'),
       ('323213', 'Fitter-Welder'),
       ('323214', 'Metal Machinist (First Class)'),
       ('323215', 'Textile, Clothing and Footwear Mechanic'),
       ('323299', 'Metal Fitters and Machinists nec'),
       ('323311', 'Engraver'),
       ('323312', 'Gunsmith'),
       ('323313', 'Locksmith'),
       ('323314', 'Precision Instrument Maker and Repairer'),
       ('323315', 'Saw Maker and Repairer'),
       ('323316', 'Watch and Clock Maker and Repairer'),
       ('323411', 'Engineering Patternmaker'),
       ('323412', 'Toolmaker'),
       ('324111', 'Panelbeater'),
       ('324211', 'Vehicle Body Builder'),
       ('324212', 'Vehicle Trimmer'),
       ('324311', 'Vehicle Painter'),
       ('331111', 'Bricklayer'),
       ('331112', 'Stonemason'),
       ('331211', 'Carpenter and Joiner'),
       ('331212', 'Carpenter'),
       ('331213', 'Joiner'),
       ('332111', 'Floor Finisher'),
       ('332211', 'Painting Trades Worker'),
       ('333111', 'Glazier'),
       ('333211', 'Fibrous Plasterer'),
       ('333212', 'Solid Plasterer'),
       ('333311', 'Roof Tiler'),
       ('333411', 'Wall and Floor Tiler'),
       ('334111', 'Plumber (General)'),
       ('334112', 'Airconditioning and Mechanical Services Plumber'),
       ('334113', 'Drainer (Aus) \\ Drainlayer (NZ)'),
       ('334114', 'Gasfitter'),
       ('334115', 'Roof Plumber'),
       ('341111', 'Electrician (General)'),
       ('341112', 'Electrician (Special Class)'),
       ('341113', 'Lift Mechanic'),
       ('342111', 'Airconditioning and Refrigeration Mechanic'),
       ('342211', 'Electrical Linesworker (Aus) \\ Electrical Line Mechanic (NZ)'),
       ('342212', 'Technical Cable Jointer'),
       ('342311', 'Business Machine Mechanic'),
       ('342312', 'Communications Operator'),
       ('342313', 'Electronic Equipment Trades Worker'),
       ('342314', 'Electronic Instrument Trades Worker (General)'),
       ('342315', 'Electronic Instrument Trades Worker (Special Class)'),
       ('342411', 'Cabler (Data and Telecommunications)'),
       ('342412', 'Telecommunications Cable Jointer'),
       ('342413', 'Telecommunications Linesworker (Aus) \\ Telecommunications Line Mechanic (NZ)'),
       ('342414', 'Telecommunications Technician'),
       ('351111', 'Baker'),
       ('351112', 'Pastrycook'),
       ('351211', 'Butcher or Smallgoods Maker'),
       ('351411', 'Cook'),
       ('361111', 'Dog Handler or Trainer'),
       ('361112', 'Horse Trainer'),
       ('361113', 'Pet Groomer'),
       ('361114', 'Zookeeper'),
       ('361115', 'Kennel Hand'),
       ('361199', 'Animal Attendants and Trainers nec'),
       ('361211', 'Shearer'),
       ('361311', 'Veterinary Nurse'),
       ('362111', 'Florist'),
       ('362211', 'Gardener (General)'),
       ('362212', 'Arborist'),
       ('362213', 'Landscape Gardener'),
       ('362311', 'Greenkeeper'),
       ('362411', 'Nurseryperson'),
       ('391111', 'Hairdresser'),
       ('392111', 'Print Finisher'),
       ('392112', 'Screen Printer'),
       ('392211', 'Graphic Pre-press Trades Worker'),
       ('392311', 'Printing Machinist'),
       ('392312', 'Small Offset Printer'),
       ('393111', 'Canvas Goods Fabricator'),
       ('393112', 'Leather Goods Maker'),
       ('393113', 'Sail Maker'),
       ('393114', 'Shoemaker'),
       ('393211', 'Apparel Cutter'),
       ('393212', 'Clothing Patternmaker'),
       ('393213', 'Dressmaker or Tailor'),
       ('393299', 'Clothing Trades Workers nec'),
       ('393311', 'Upholsterer'),
       ('394111', 'Cabinetmaker'),
       ('394211', 'Furniture Finisher'),
       ('394212', 'Picture Framer'),
       ('394213', 'Wood Machinist'),
       ('394214', 'Wood Turner'),
       ('394299', 'Wood Machinists and Other Wood Trades Workers nec'),
       ('399111', 'Boat Builder and Repairer'),
       ('399112', 'Shipwright'),
       ('399211', 'Chemical Plant Operator'),
       ('399212', 'Gas or Petroleum Operator'),
       ('399213', 'Power Generation Plant Operator'),
       ('399411', 'Jeweller'),
       ('399511', 'Broadcast Transmitter Operator'),
       ('399512', 'Camera Operator (Film, Television or Video)'),
       ('399513', 'Light Technician'),
       ('399514', 'Make Up Artist'),
       ('399515', 'Musical Instrument Maker or Repairer'),
       ('399516', 'Sound Technician'),
       ('399517', 'Television Equipment Operator'),
       ('399599', 'Performing Arts Technicians nec'),
       ('399611', 'Signwriter'),
       ('399911', 'Diver'),
       ('399913', 'Optical Dispenser (Aus) \\ Dispensing Optician (NZ)'),
       ('399914', 'Optical Mechanic'),
       ('399915', 'Photographer\'s Assistant'),
       ('399916', 'Plastics Technician'),
       ('399917', 'Wool Classer'),
       ('399918', 'Fire Protection Equipment Technician'),
       ('399999', 'Technicians and Trades Workers nec'),
       ('411311', 'Diversional Therapist'),
       ('431411', 'Hotel Service Manager'),
       ('441111', 'Defence Force Member - Other Ranks'),
       ('441211', 'Emergency Service Worker'),
       ('441212', 'Fire Fighter'),
       ('442216', 'Security Consultant'),
       ('451211', 'Driving Instructor'),
       ('451399', 'Funeral Workers nec'),
       ('451711', 'Flight Attendant'),
       ('451799', 'Travel Attendants nec'),
       ('451815', 'First Aid Trainer'),
       ('452311', 'Diving Instructor (Open Water)'),
       ('452312', 'Gymnastics Coach or Instructor'),
       ('452313', 'Horse Riding Coach or Instructor'),
       ('452314', 'Snowsport Instructor'),
       ('452315', 'Swimming Coach or Instructor'),
       ('452316', 'Tennis Coach'),
       ('452317', 'Other Sports Coach or Instructor'),
       ('452318', 'Dog or Horse Racing Official'),
       ('452322', 'Sports Umpire'),
       ('452323', 'Other Sports Official'),
       ('452411', 'Footballer'),
       ('452412', 'Golfer'),
       ('452413', 'Jockey'),
       ('452414', 'Lifeguard'),
       ('452499', 'Sportspersons nec'),
       ('521111', 'Personal Assistant'),
       ('521211', 'Secretary (General)'),
       ('521212', 'Legal Secretary'),
       ('541111', 'Call or Contact Centre Team Leader'),
       ('599211', 'Clerk of Court'),
       ('599212', 'Court Bailiff or Sheriff (Aus) \\ Court Collections Officer (NZ)'),
       ('599213', 'Court Orderly (Aus) \\ Court Registry Officer (NZ)'),
       ('599214', 'Law Clerk'),
       ('599215', 'Trust Officer'),
       ('599611', 'Insurance Investigator'),
       ('599612', 'Insurance Loss Adjuster'),
       ('599613', 'Insurance Risk Surveyor'),
       ('599915', 'Clinical Coder'),
       ('611111', 'Auctioneer'),
       ('611112', 'Stock and Station Agent'),
       ('611211', 'Insurance Agent'),
       ('612111', 'Business Broker'),
       ('612112', 'Property Manager'),
       ('612114', 'Real Estate Agent'),
       ('612115', 'Real Estate Representative'),
       ('639211', 'Retail Buyer'),
       ('639212', 'Wool Buyer');

-- --------------------------------------------------------

--
-- Table structure for table `company_prospects_notes`
--

CREATE TABLE `company_prospects_notes`
(
    `note_id`     bigint(20) UNSIGNED NOT NULL,
    `prospect_id` bigint(20)       DEFAULT NULL,
    `company_id`  bigint(20)       DEFAULT NULL,
    `author_id`   int(11) UNSIGNED DEFAULT NULL,
    `note`        text,
    `create_date` datetime         DEFAULT NULL
) ENGINE = InnoDB
  DEFAULT CHARSET = utf8 COMMENT ='Company prospect''s notes are saved here (showed in the Notes tab).';

-- --------------------------------------------------------

--
-- Table structure for table `company_prospects_selected_categories`
--

CREATE TABLE `company_prospects_selected_categories`
(
    `company_id`           bigint(20)       NOT NULL,
    `prospect_category_id` int(11) UNSIGNED NOT NULL,
    `order`                tinyint(3) UNSIGNED DEFAULT '0'
) ENGINE = InnoDB
  DEFAULT CHARSET = utf8 COMMENT ='Each company can have own list of prospect categories that can be used to assign prospects during their creation.';

-- --------------------------------------------------------

--
-- Table structure for table `company_prospects_settings`
--

CREATE TABLE `company_prospects_settings`
(
    `company_id`  bigint(20) NOT NULL,
    `prospect_id` bigint(20) NOT NULL,
    `viewed`      enum ('Y','N') DEFAULT 'N',
    `email_sent`  enum ('Y','N') DEFAULT 'N'
) ENGINE = InnoDB
  DEFAULT CHARSET = utf8 COMMENT ='Contains info about company prospects settings.';

-- --------------------------------------------------------

--
-- Table structure for table `company_prospects_templates`
--

CREATE TABLE `company_prospects_templates`
(
    `prospect_template_id` int(11) UNSIGNED NOT NULL,
    `company_id`           bigint(20)       NOT NULL,
    `author_id`            bigint(20)                DEFAULT NULL,
    `name`                 char(255)                 DEFAULT NULL,
    `subject`              char(255)                 DEFAULT NULL,
    `from`                 char(255)                 DEFAULT NULL,
    `to`                   char(255)                 DEFAULT NULL,
    `cc`                   char(255)                 DEFAULT NULL,
    `bcc`                  char(255)                 DEFAULT NULL,
    `message`              longtext,
    `template_default`     enum ('Y','N')   NOT NULL DEFAULT 'N',
    `create_date`          date                      DEFAULT NULL
) ENGINE = InnoDB
  DEFAULT CHARSET = utf8 COMMENT ='List of templates that can be used during new prospects creation/assigning.';

--
-- Dumping data for table `company_prospects_templates`
--

INSERT INTO `company_prospects_templates` (`prospect_template_id`, `company_id`, `author_id`, `name`, `subject`, `from`,
                                           `to`, `cc`, `bcc`, `message`, `template_default`, `create_date`)
VALUES (2247, 0, 1, 'Thank you', '', '', '', '', '',
        '<font size=\"2\">Dear {fName} {lName}</font><br><div style=\"font-size: 12px;\"><font size=\"6\"><br></font></div><div style=\"font-size: 12px;\"><font size=\"6\">Thank you!<br></font><br><br><font size=\"3\">Your questionnaire has been received. You will hear from us shortly.</font></div>',
        'N', '2013-12-11'),
       (2248, 0, 1, 'Negative Response', 'Immigration to Canada', '', '', '', '',
        'Dear {fName} {lName},<br><br>Thank you for submitting your preliminary questionnaire.<br><br>We reviewed your questionnaire, and unfortunately you are not qualified to apply for immigration to Australia at this time based on the information you have provided us. <br><br>The assessment criteria to determine eligibility to immigrate to Australia are complex and change from time to time. Your inadmissibility now does not mean that you will be inadmissible in the future. We encourage you to contact us again in the future for a reassessment of your circumstances.<br><br>If you have any questions, or need to further assistance, please do not hesitate to contact us.<br><br>Regards,<br><br>{company}<br><br>',
        'N', '2013-12-11'),
       (2249, 0, 1, 'Need More Information', 'RE: Need Further Information', '', '', '', '',
        'Dear {fName} {lName}<div><br></div><div>Thank you for submitting the preliminary questionnaire. In order for us to assess your enquiry further, please provide us the following information:</div><div><br></div><div><font color=\"#ff0000\">&lt;Agent Lists further information required&gt;</font></div><div><font color=\"#ff0000\"><br></font></div><div>Please do not hesitate to contact us if you have any further questions.</div><div><br></div><div>Thank You,</div><div><br></div><div>{company}</div>',
        'N', '2014-05-27'),
       (2250, 0, 1, 'Positive Response', 'RE: You Qualify to apply for an Australian Visa', '', '', '', '',
        'Dear {fName} {lName},<div><br></div><div>Thank you for completing our preliminary questionnaire.</div><div><br></div><div>According to the information you have provided us, we are pleased to inform you that you qualify to apply for [subclass] visa.</div><div><br></div><div>We would be more than happy to assist you in this matter. Please find attached our Client Service Agreement. If you are happy with the terms, please sign and return this to us at your earliest so that we can start assisting you.</div><div><br></div><div>one of our friendly staff will contact you soon on [phone number.]&nbsp;</div><div><br></div><div>Thank you,</div><div><br></div><div>{company}</div>',
        'N', '2014-05-27'),
       (2251, 1, 2, 'Thank you', '', '', NULL, '', '',
        '<font size=\"2\">Dear {fName} {lName}</font><br><div style=\"font-size: 12px;\"><font size=\"6\"><br></font></div><div style=\"font-size: 12px;\"><font size=\"6\">Thank you!<br></font><br><br><font size=\"3\">Your questionnaire has been received. You will hear from us shortly.</font></div>',
        'N', '2017-06-20'),
       (2252, 1, 2, 'Negative Response', 'Immigration to Canada', '', NULL, '', '',
        'Dear {fName} {lName},<br><br>Thank you for submitting your preliminary questionnaire.<br><br>We reviewed your questionnaire, and unfortunately you are not qualified to apply for immigration to Australia at this time based on the information you have provided us. <br><br>The assessment criteria to determine eligibility to immigrate to Australia are complex and change from time to time. Your inadmissibility now does not mean that you will be inadmissible in the future. We encourage you to contact us again in the future for a reassessment of your circumstances.<br><br>If you have any questions, or need to further assistance, please do not hesitate to contact us.<br><br>Regards,<br><br>{company}<br><br>',
        'N', '2017-06-20'),
       (2253, 1, 2, 'Need More Information', 'RE: Need Further Information', '', NULL, '', '',
        'Dear {fName} {lName}<div><br></div><div>Thank you for submitting the preliminary questionnaire. In order for us to assess your enquiry further, please provide us the following information:</div><div><br></div><div><font color=\"#ff0000\">&lt;Agent Lists further information required&gt;</font></div><div><font color=\"#ff0000\"><br></font></div><div>Please do not hesitate to contact us if you have any further questions.</div><div><br></div><div>Thank You,</div><div><br></div><div>{company}</div>',
        'N', '2017-06-20'),
       (2254, 1, 2, 'Positive Response', 'RE: You Qualify to apply for an Australian Visa', '', NULL, '', '',
        'Dear {fName} {lName},<div><br></div><div>Thank you for completing our preliminary questionnaire.</div><div><br></div><div>According to the information you have provided us, we are pleased to inform you that you qualify to apply for [subclass] visa.</div><div><br></div><div>We would be more than happy to assist you in this matter. Please find attached our Client Service Agreement. If you are happy with the terms, please sign and return this to us at your earliest so that we can start assisting you.</div><div><br></div><div>one of our friendly staff will contact you soon on [phone number.]&nbsp;</div><div><br></div><div>Thank you,</div><div><br></div><div>{company}</div>',
        'N', '2017-06-20');

-- --------------------------------------------------------

--
-- Table structure for table `company_questionnaires`
--

CREATE TABLE `company_questionnaires`
(
    `q_id`                      int(11) UNSIGNED NOT NULL,
    `company_id`                bigint(20)       NOT NULL,
    `q_noc`                     enum ('en','fr')          DEFAULT 'en',
    `q_name`                    char(255)        NOT NULL,
    `q_section_bg_color`        char(6)          NOT NULL DEFAULT '4C83C5',
    `q_section_text_color`      char(6)          NOT NULL DEFAULT 'FFFFFF',
    `q_preferred_language`      char(255)                 DEFAULT NULL,
    `q_office_id`               int(11) UNSIGNED          DEFAULT NULL,
    `q_agent_id`                bigint(20)                DEFAULT NULL,
    `q_applicant_name`          char(255)        NOT NULL,
    `q_please_select`           char(255)        NOT NULL,
    `q_please_answer_all`       char(255)                 DEFAULT NULL,
    `q_please_press_next`       char(255)                 DEFAULT NULL,
    `q_next_page_button`        char(255)        NOT NULL,
    `q_prev_page_button`        char(255)        NOT NULL,
    `q_step1`                   char(255)        NOT NULL,
    `q_step2`                   char(255)        NOT NULL,
    `q_step3`                   char(255)        NOT NULL,
    `q_step4`                   char(255)        NOT NULL,
    `q_rtl`                     enum ('Y','N')            DEFAULT 'N',
    `q_template_negative`       int(11) UNSIGNED          DEFAULT NULL,
    `q_template_thank_you`      int(11) UNSIGNED          DEFAULT NULL,
    `q_script_google_analytics` text,
    `q_script_facebook_pixel`   text,
    `q_created_by`              bigint(20)       NOT NULL,
    `q_updated_by`              bigint(20)                DEFAULT NULL,
    `q_created_on`              datetime         NOT NULL,
    `q_updated_on`              datetime                  DEFAULT NULL
) ENGINE = InnoDB
  DEFAULT CHARSET = utf8 COMMENT ='List of questionnaires that can be used to create company prospect records. Each company can have own list of questionnaires. Default questionnaire (id 1) is used as template and is copied to all new companies, list of fields that is showed in company prospect''s profile (for all companies) is loaded from it too.';

--
-- Dumping data for table `company_questionnaires`
--

INSERT INTO `company_questionnaires` (`q_id`, `company_id`, `q_noc`, `q_name`, `q_section_bg_color`,
                                      `q_section_text_color`, `q_preferred_language`, `q_office_id`, `q_agent_id`,
                                      `q_applicant_name`, `q_please_select`, `q_please_answer_all`,
                                      `q_please_press_next`, `q_next_page_button`, `q_prev_page_button`, `q_step1`,
                                      `q_step2`, `q_step3`, `q_step4`, `q_rtl`, `q_template_negative`,
                                      `q_template_thank_you`, `q_script_google_analytics`, `q_script_facebook_pixel`,
                                      `q_created_by`, `q_updated_by`, `q_created_on`, `q_updated_on`)
VALUES (1, 0, 'en', 'Default Prospect Questionnaire - English', '4C83C5', 'FFFFFF', '', NULL, NULL, 'Main Applicant',
        '-- Please select --', 'Please answer ALL questions.', 'Please press Next Page to continue.', 'Next', 'Back',
        'Step 1', 'Step 2', 'Step 3', 'Step 4', 'N', NULL, NULL, NULL, NULL, 1, 1, '2014-06-27 00:51:44',
        '2014-07-05 12:53:19');

-- --------------------------------------------------------

--
-- Table structure for table `company_questionnaires_category_template`
--

CREATE TABLE `company_questionnaires_category_template`
(
    `q_id`                 int(11) UNSIGNED NOT NULL DEFAULT '0',
    `prospect_category_id` int(11) UNSIGNED NOT NULL,
    `prospect_template_id` int(11) UNSIGNED NOT NULL
) ENGINE = InnoDB
  DEFAULT CHARSET = utf8 COMMENT ='A mapping between company prospect category and company prospect template - that will be used when prospect is assigned to that category.';

-- --------------------------------------------------------

--
-- Table structure for table `company_questionnaires_fields`
--

CREATE TABLE `company_questionnaires_fields`
(
    `q_field_id`                       int(11) UNSIGNED NOT NULL,
    `q_field_unique_id`                char(255)        NOT NULL,
    `q_section_id`                     int(11) UNSIGNED NOT NULL,
    `q_field_type`                     enum ('textfield','textarea','combo','combo_custom','checkbox','radio','date','country','email','label','job','job_and_noc','money','number','percentage','age','file') DEFAULT 'textfield',
    `q_field_required`                 enum ('Y','N')                                                                                                                                                          DEFAULT 'Y',
    `q_field_show_in_prospect_profile` enum ('Y','N')                                                                                                                                                          DEFAULT 'Y',
    `q_field_show_in_qnr`              enum ('Y','N')   NOT NULL                                                                                                                                               DEFAULT 'Y',
    `q_field_show_please_select`       enum ('Y','N')   NOT NULL                                                                                                                                               DEFAULT 'N',
    `q_field_use_in_search`            enum ('Y','N')   NOT NULL                                                                                                                                               DEFAULT 'Y',
    `q_field_order`                    tinyint(3) UNSIGNED                                                                                                                                                     DEFAULT '0'
) ENGINE = InnoDB
  DEFAULT CHARSET = utf8 COMMENT ='List of fields that are used in questionnaire and (for default questionnaire with id 1) in prospect''s profile (for all companies).';

--
-- Dumping data for table `company_questionnaires_fields`
--

INSERT INTO `company_questionnaires_fields` (`q_field_id`, `q_field_unique_id`, `q_section_id`, `q_field_type`,
                                             `q_field_required`, `q_field_show_in_prospect_profile`,
                                             `q_field_show_in_qnr`, `q_field_show_please_select`,
                                             `q_field_use_in_search`, `q_field_order`)
VALUES (2, 'qf_last_name', 1, 'textfield', 'Y', 'Y', 'Y', 'N', 'Y', 2),
       (3, 'qf_first_name', 1, 'textfield', 'Y', 'Y', 'Y', 'N', 'Y', 1),
       (4, 'qf_age', 1, 'date', 'Y', 'Y', 'Y', 'N', 'Y', 3),
       (5, 'qf_country_of_citizenship', 1, 'country', 'Y', 'Y', 'Y', 'Y', 'Y', 6),
       (6, 'qf_country_of_residence', 1, 'country', 'N', 'Y', 'Y', 'Y', 'Y', 7),
       (7, 'qf_email', 1, 'email', 'Y', 'Y', 'Y', 'N', 'Y', 5),
       (8, 'qf_phone', 1, 'textfield', 'N', 'Y', 'Y', 'N', 'Y', 4),
       (9, 'qf_current_address_visa_type', 1, 'textfield', 'N', 'Y', 'Y', 'N', 'Y', 9),
       (10, 'qf_current_address_street_address_1', 2, 'textfield', 'N', 'Y', 'Y', 'N', 'Y', 10),
       (11, 'qf_current_address_street_address_2', 2, 'textfield', 'N', 'Y', 'Y', 'N', 'Y', 11),
       (12, 'qf_current_address_suburb', 2, 'textfield', 'N', 'Y', 'Y', 'N', 'Y', 12),
       (13, 'qf_current_address_state', 2, 'textfield', 'N', 'Y', 'Y', 'N', 'Y', 13),
       (14, 'qf_current_address_postal_code', 2, 'textfield', 'N', 'Y', 'Y', 'N', 'Y', 14),
       (15, 'qf_applied_for_visa_before', 1, 'radio', 'N', 'Y', 'Y', 'Y', 'Y', 10),
       (16, 'qf_visa_refused_or_cancelled', 1, 'radio', 'N', 'Y', 'Y', 'Y', 'Y', 11),
       (17, 'qf_marital_status', 1, 'combo', 'N', 'Y', 'Y', 'Y', 'Y', 17),
       (18, 'qf_area_of_interest', 1, 'checkbox', 'Y', 'Y', 'Y', 'Y', 'N', 50),
       (19, 'qf_spouse_first_name', 3, 'textfield', 'Y', 'Y', 'Y', 'N', 'Y', 19),
       (20, 'qf_spouse_last_name', 3, 'textfield', 'Y', 'Y', 'Y', 'N', 'Y', 20),
       (21, 'qf_spouse_date_of_birth', 3, 'date', 'Y', 'Y', 'Y', 'N', 'Y', 21),
       (22, 'qf_spouse_country_of_passport', 3, 'country', 'Y', 'Y', 'Y', 'N', 'Y', 22),
       (23, 'qf_spouse_country_of_current_residence', 3, 'country', 'N', 'Y', 'Y', 'N', 'Y', 23),
       (24, 'qf_spouse_is_resident_of_australia', 3, 'radio', 'N', 'Y', 'Y', 'Y', 'Y', 24),
       (25, 'qf_spouse_is_resident_of_new_zealand', 3, 'radio', 'N', 'Y', 'Y', 'Y', 'Y', 25),
       (26, 'qf_education_highest_qualification', 5, 'combo', 'N', 'Y', 'Y', 'Y', 'Y', 2),
       (27, 'qf_education_name_qualification', 5, 'textfield', 'N', 'Y', 'Y', 'N', 'Y', 3),
       (28, 'qf_education_name_bachelor_degree', 5, 'textfield', 'N', 'Y', 'Y', 'N', 'Y', 5),
       (29, 'qf_education_country_of_education', 5, 'country', 'N', 'Y', 'Y', 'N', 'Y', 6),
       (30, 'qf_education_duration_of_course', 5, 'number', 'N', 'Y', 'Y', 'N', 'Y', 7),
       (31, 'qf_education_was_course_in_regional', 5, 'radio', 'N', 'Y', 'Y', 'Y', 'Y', 8),
       (32, 'qf_education_completion_date', 5, 'date', 'N', 'Y', 'Y', 'N', 'Y', 9),
       (33, 'qf_language_have_taken_test_on_english', 6, 'radio', 'N', 'Y', 'Y', 'Y', 'Y', 2),
       (34, 'qf_language_date_of_test', 6, 'date', 'N', 'Y', 'Y', 'N', 'Y', 4),
       (35, 'qf_language_listening_score', 6, 'textfield', 'N', 'Y', 'Y', 'Y', 'Y', 4),
       (36, 'qf_language_reading_score', 6, 'textfield', 'N', 'Y', 'Y', 'Y', 'Y', 5),
       (37, 'qf_language_writing_score', 6, 'textfield', 'N', 'Y', 'Y', 'Y', 'Y', 6),
       (38, 'qf_language_speaking_score', 6, 'textfield', 'N', 'Y', 'Y', 'Y', 'Y', 7),
       (39, 'qf_job_title', 7, 'job_and_noc', 'N', 'Y', 'Y', 'N', 'N', 1),
       (40, 'qf_job_employer', 7, 'textfield', 'N', 'Y', 'Y', 'N', 'N', 3),
       (41, 'qf_job_text_title', 7, 'textfield', 'N', 'Y', 'Y', 'N', 'N', 4),
       (42, 'qf_job_country_of_employment', 7, 'country', 'N', 'Y', 'Y', 'N', 'N', 5),
       (43, 'qf_job_start_date', 7, 'date', 'N', 'Y', 'Y', 'N', 'N', 6),
       (44, 'qf_job_end_date', 7, 'date', 'N', 'Y', 'Y', 'N', 'N', 7),
       (51, 'qf_total_number_of_children', 4, 'number', 'N', 'Y', 'Y', 'N', 'Y', 26),
       (52, 'qf_number_of_children_australian_residents', 4, 'number', 'N', 'Y', 'Y', 'N', 'Y', 27),
       (53, 'qf_education_spouse_highest_qualification', 5, 'combo', 'N', 'Y', 'Y', 'Y', 'Y', 13),
       (54, 'qf_education_spouse_name_qualification', 5, 'textfield', 'N', 'Y', 'Y', 'N', 'Y', 14),
       (55, 'qf_education_spouse_name_bachelor_degree', 5, 'textfield', 'N', 'Y', 'Y', 'N', 'Y', 16),
       (56, 'qf_education_spouse_country_of_education', 5, 'country', 'N', 'Y', 'Y', 'N', 'Y', 17),
       (57, 'qf_education_spouse_completion_date', 5, 'date', 'N', 'Y', 'Y', 'N', 'Y', 18),
       (58, 'qf_language_spouse_have_taken_test_on_english', 6, 'radio', 'N', 'Y', 'Y', 'Y', 'Y', 10),
       (59, 'qf_language_spouse_date_of_test', 6, 'date', 'N', 'Y', 'Y', 'N', 'Y', 12),
       (60, 'qf_language_spouse_listening_score', 6, 'textfield', 'N', 'Y', 'Y', 'Y', 'Y', 12),
       (61, 'qf_language_spouse_reading_score', 6, 'textfield', 'N', 'Y', 'Y', 'Y', 'Y', 13),
       (62, 'qf_language_spouse_writing_score', 6, 'textfield', 'N', 'Y', 'Y', 'Y', 'Y', 14),
       (63, 'qf_language_spouse_speaking_score', 6, 'textfield', 'N', 'Y', 'Y', 'Y', 'Y', 15),
       (64, 'qf_language_spouse_overall_score', 6, 'textfield', 'N', 'Y', 'Y', 'Y', 'Y', 16),
       (68, 'qf_job_spouse_title', 8, 'job_and_noc', 'N', 'Y', 'Y', 'N', 'N', 8),
       (69, 'qf_job_spouse_employer', 8, 'textfield', 'N', 'Y', 'Y', 'N', 'N', 10),
       (70, 'qf_job_spouse_text_title', 8, 'textfield', 'N', 'Y', 'Y', 'N', 'N', 11),
       (71, 'qf_job_spouse_country_of_employment', 8, 'country', 'N', 'Y', 'Y', 'N', 'N', 12),
       (72, 'qf_job_spouse_start_date', 8, 'date', 'N', 'Y', 'Y', 'N', 'N', 13),
       (73, 'qf_job_spouse_end_date', 8, 'date', 'N', 'Y', 'Y', 'N', 'N', 14),
       (80, 'qf_prepared_to_invest', 9, 'radio', 'N', 'Y', 'Y', 'Y', 'Y', 80),
       (81, 'qf_have_experience_in_managing', 9, 'radio', 'N', 'Y', 'Y', 'Y', 'Y', 81),
       (82, 'qf_was_the_turnover_greater', 9, 'radio', 'N', 'Y', 'Y', 'Y', 'Y', 82),
       (83, 'qf_is_your_net_worth', 9, 'radio', 'N', 'Y', 'Y', 'Y', 'Y', 83),
       (84, 'qf_states_of_interest', 10, 'checkbox', 'N', 'Y', 'Y', 'Y', 'N', 84),
       (85, 'qf_have_you_completed_any_qualification', 10, 'radio', 'N', 'Y', 'Y', 'Y', 'Y', 85),
       (86, 'qf_currently_have_a_job_offer', 10, 'radio', 'N', 'Y', 'Y', 'Y', 'Y', 86),
       (87, 'qf_position_job_title', 11, 'textfield', 'N', 'Y', 'Y', 'N', 'Y', 87),
       (88, 'qf_name_of_the_business', 11, 'textfield', 'N', 'Y', 'Y', 'N', 'Y', 88),
       (89, 'qf_address_of_the_employer', 11, 'textfield', 'N', 'Y', 'Y', 'N', 'Y', 89),
       (90, 'qf_phone_number', 11, 'textfield', 'N', 'Y', 'Y', 'N', 'Y', 90),
       (91, 'qf_email_address', 11, 'email', 'N', 'Y', 'Y', 'N', 'Y', 91),
       (92, 'qf_contact_person', 11, 'textfield', 'N', 'Y', 'Y', 'N', 'Y', 92),
       (93, 'qf_education_your_label_au', 5, 'label', 'N', 'Y', 'Y', 'N', 'N', 1),
       (94, 'qf_education_spouse_label_au', 5, 'label', 'N', 'Y', 'Y', 'N', 'N', 12),
       (95, 'qf_language_your_label_au', 6, 'label', 'N', 'Y', 'Y', 'N', 'N', 1),
       (96, 'qf_language_spouse_label_au', 6, 'label', 'N', 'Y', 'Y', 'N', 'N', 9),
       (97, 'qf_language_overall_score', 6, 'textfield', 'N', 'Y', 'Y', 'Y', 'Y', 8),
       (100, 'qf_job_spouse_resume', 8, 'file', 'N', 'Y', 'Y', 'N', 'N', 0),
       (101, 'qf_job_resume', 7, 'file', 'N', 'Y', 'Y', 'N', 'N', 0),
       (102, 'qf_email_confirmation', 1, 'email', 'Y', 'N', 'Y', 'N', 'N', 5),
       (103, 'qf_date_permanent_residency_obtained', 1, 'date', 'N', 'Y', 'Y', 'N', 'Y', 52),
       (104, 'qf_programs_completed_professional_year', 12, 'radio', 'N', 'Y', 'Y', 'Y', 'Y', 16),
       (105, 'qf_programs_name', 12, 'textfield', 'N', 'Y', 'Y', 'N', 'Y', 17),
       (106, 'qf_programs_year_completed', 12, 'textfield', 'N', 'Y', 'Y', 'N', 'Y', 18),
       (107, 'qf_programs_have_credentialed_language_qualification', 12, 'radio', 'N', 'Y', 'Y', 'Y', 'Y', 19),
       (108, 'qf_area_of_interest_other1', 1, 'textarea', 'N', 'Y', 'Y', 'N', 'N', 51),
       (109, 'qf_referred_by', 1, 'combo_custom', 'Y', 'Y', 'Y', 'N', 'Y', 100),
       (110, 'qf_initial_interview_date', 1, 'date', 'N', 'Y', 'Y', 'N', 'Y', 120),
       (111, 'qf_applicant_have_criminal_convictions', 1, 'radio', 'N', 'Y', 'Y', 'Y', 'Y', 12),
       (112, 'qf_applicant_health_or_care_concerns', 1, 'radio', 'N', 'Y', 'Y', 'Y', 'Y', 15),
       (113, 'qf_further_information', 1, 'textarea', 'N', 'Y', 'Y', 'N', 'Y', 130),
       (114, 'qf_language_type_of_test', 6, 'combo', 'N', 'Y', 'Y', 'Y', 'Y', 3),
       (115, 'qf_language_spouse_type_of_test', 6, 'combo', 'N', 'Y', 'Y', 'Y', 'Y', 11),
       (116, 'qf_money_in_venture_capital', 9, 'radio', 'N', 'Y', 'Y', 'Y', 'Y', 84),
       (117, 'qf_education_institution_name', 5, 'textfield', 'N', 'Y', 'Y', 'N', 'Y', 4),
       (118, 'qf_relative_designated_area', 13, 'radio', 'N', 'Y', 'Y', 'Y', 'Y', 0),
       (119, 'qf_relationship_nature', 13, 'combo', 'N', 'Y', 'Y', 'Y', 'Y', 1),
       (120, 'qf_relative_postcode', 13, 'textfield', 'N', 'Y', 'Y', 'N', 'Y', 2),
       (121, 'qf_did_not_arrive', 1, 'combo_custom', 'N', 'Y', 'N', 'N', 'Y', 131),
       (122, 'qf_education_additional_qualification', 5, 'checkbox', 'N', 'Y', 'Y', 'N', 'N', 10),
       (123, 'qf_education_additional_qualification_list', 5, 'textarea', 'N', 'Y', 'Y', 'N', 'Y', 11),
       (124, 'qf_education_spouse_additional_qualification', 5, 'checkbox', 'N', 'Y', 'Y', 'N', 'N', 19),
       (125, 'qf_education_spouse_additional_qualification_list', 5, 'textarea', 'N', 'Y', 'Y', 'N', 'Y', 20),
       (126, 'qf_education_spouse_institution_name', 5, 'textfield', 'N', 'Y', 'Y', 'N', 'Y', 15);

-- --------------------------------------------------------

--
-- Table structure for table `company_questionnaires_fields_custom_options`
--

CREATE TABLE `company_questionnaires_fields_custom_options`
(
    `q_field_custom_option_id`       int(11) UNSIGNED NOT NULL,
    `q_id`                           int(11) UNSIGNED NOT NULL,
    `q_field_id`                     int(11) UNSIGNED NOT NULL,
    `q_field_custom_option_label`    char(255)        NOT NULL,
    `q_field_custom_option_visible`  enum ('Y','N')   NOT NULL DEFAULT 'Y',
    `q_field_custom_option_selected` enum ('Y','N')   NOT NULL DEFAULT 'N',
    `q_field_custom_option_order`    tinyint(3) UNSIGNED       DEFAULT '0'
) ENGINE = InnoDB
  DEFAULT CHARSET = utf8 COMMENT ='List of options for referred by comboox related to specific questionnaire.';

--
-- Dumping data for table `company_questionnaires_fields_custom_options`
--

INSERT INTO `company_questionnaires_fields_custom_options` (`q_field_custom_option_id`, `q_id`, `q_field_id`,
                                                            `q_field_custom_option_label`,
                                                            `q_field_custom_option_visible`,
                                                            `q_field_custom_option_selected`,
                                                            `q_field_custom_option_order`)
VALUES (1, 1, 109, 'Google', 'Y', 'N', 0),
       (2, 1, 109, 'Website', 'Y', 'N', 1),
       (3, 1, 109, 'Friend', 'Y', 'N', 2),
       (4, 1, 109, 'Presentation', 'Y', 'N', 3),
       (9, 1, 121, 'Did not arrive', 'Y', 'N', 0),
       (12, 1, 121, 'Lost interest', 'Y', 'N', 1),
       (15, 1, 121, 'No reply', 'Y', 'N', 2);

-- --------------------------------------------------------

--
-- Table structure for table `company_questionnaires_fields_options`
--

CREATE TABLE `company_questionnaires_fields_options`
(
    `q_field_option_id`        int(11) UNSIGNED NOT NULL,
    `q_field_id`               int(11) UNSIGNED NOT NULL,
    `q_field_option_unique_id` char(255)        NOT NULL,
    `q_field_option_selected`  enum ('Y','N')      DEFAULT 'N',
    `q_field_option_order`     tinyint(3) UNSIGNED DEFAULT '0'
) ENGINE = InnoDB
  DEFAULT CHARSET = utf8 COMMENT ='List of options for comboox/radio fields related to specific questionnaire.';

--
-- Dumping data for table `company_questionnaires_fields_options`
--

INSERT INTO `company_questionnaires_fields_options` (`q_field_option_id`, `q_field_id`, `q_field_option_unique_id`,
                                                     `q_field_option_selected`, `q_field_option_order`)
VALUES (1, 15, 'yes', 'N', 0),
       (2, 15, 'no', 'N', 1),
       (3, 16, 'yes', 'N', 0),
       (4, 16, 'no', 'N', 1),
       (5, 17, 'never_married', 'N', 0),
       (6, 17, 'divorced', 'N', 1),
       (7, 17, 'married', 'N', 2),
       (8, 17, 'engaged', 'N', 3),
       (9, 18, 'skilled_independent_visa', 'N', 0),
       (10, 18, 'employer_sponsored_visa', 'N', 1),
       (11, 18, 'partner_visa', 'N', 2),
       (12, 18, 'parent_visa', 'N', 3),
       (13, 18, 'student_visa', 'N', 4),
       (14, 18, 'business_investment_visa', 'N', 5),
       (15, 18, 'state_sponsorship_visa', 'N', 6),
       (16, 24, 'yes', 'N', 0),
       (17, 24, 'no', 'N', 1),
       (18, 25, 'yes', 'N', 0),
       (19, 25, 'no', 'N', 1),
       (20, 26, 'phd', 'N', 0),
       (22, 26, 'masters_degree', 'N', 2),
       (24, 26, 'bachelor_degree', 'N', 4),
       (25, 26, 'associate_degree', 'N', 5),
       (26, 26, 'advanced_diploma', 'N', 6),
       (27, 26, 'diploma', 'N', 7),
       (28, 26, 'trade_certificate', 'N', 8),
       (29, 33, 'yes', 'N', 0),
       (30, 33, 'no', 'N', 1),
       (31, 31, 'yes', 'N', 0),
       (32, 31, 'no', 'N', 1),
       (33, 39, 'anzsco', 'N', 0),
       (34, 39, 'choice_2', 'N', 1),
       (37, 53, 'phd', 'N', 0),
       (39, 53, 'masters_degree', 'N', 2),
       (41, 53, 'bachelor_degree', 'N', 4),
       (42, 53, 'associate_degree', 'N', 5),
       (43, 53, 'advanced_diploma', 'N', 6),
       (44, 53, 'diploma', 'N', 7),
       (45, 53, 'trade_certificate', 'N', 8),
       (46, 58, 'yes', 'N', 0),
       (47, 58, 'no', 'N', 1),
       (52, 68, 'anzsco', 'N', 0),
       (53, 68, 'choice_2', 'N', 1),
       (59, 80, 'yes', 'N', 0),
       (60, 80, 'no', 'N', 1),
       (61, 81, 'yes', 'N', 0),
       (62, 81, 'no', 'N', 1),
       (63, 82, 'yes', 'N', 0),
       (64, 82, 'no', 'N', 1),
       (65, 83, 'yes', 'N', 0),
       (66, 83, 'no', 'N', 1),
       (67, 84, 'queensland', 'N', 0),
       (68, 84, 'new_south_wales', 'N', 1),
       (69, 84, 'victoria', 'N', 2),
       (70, 84, 'act', 'N', 3),
       (71, 84, 'tasmania', 'N', 4),
       (72, 84, 'western_australia', 'N', 5),
       (73, 84, 'northern_territory', 'N', 6),
       (75, 84, 'south_australia', 'N', 7),
       (76, 85, 'yes', 'N', 0),
       (77, 85, 'no', 'N', 1),
       (78, 86, 'yes', 'N', 0),
       (79, 86, 'no', 'N', 1),
       (80, 35, '0', 'N', 1),
       (81, 35, '0.5', 'N', 2),
       (82, 35, '1', 'N', 3),
       (83, 35, '1.5', 'N', 4),
       (84, 35, '2', 'N', 5),
       (85, 35, '2.5', 'N', 6),
       (86, 35, '3', 'N', 7),
       (87, 35, '3.5', 'N', 8),
       (88, 35, '4', 'N', 9),
       (89, 35, '4.5', 'N', 10),
       (90, 35, '5', 'N', 11),
       (91, 35, '5.5', 'N', 12),
       (92, 35, '6', 'N', 13),
       (93, 35, '6.5', 'N', 14),
       (94, 35, '7', 'N', 15),
       (95, 35, '7.5', 'N', 16),
       (96, 35, '8', 'N', 17),
       (97, 35, '8.5', 'N', 18),
       (98, 35, '9', 'N', 19),
       (100, 36, '0', 'N', 1),
       (101, 36, '0.5', 'N', 2),
       (102, 36, '1', 'N', 3),
       (103, 36, '1.5', 'N', 4),
       (104, 36, '2', 'N', 5),
       (105, 36, '2.5', 'N', 6),
       (106, 36, '3', 'N', 7),
       (107, 36, '3.5', 'N', 8),
       (108, 36, '4', 'N', 9),
       (109, 36, '4.5', 'N', 10),
       (110, 36, '5', 'N', 11),
       (111, 36, '5.5', 'N', 12),
       (112, 36, '6', 'N', 13),
       (113, 36, '6.5', 'N', 14),
       (114, 36, '7', 'N', 15),
       (115, 36, '7.5', 'N', 16),
       (116, 36, '8', 'N', 17),
       (117, 36, '8.5', 'N', 18),
       (118, 36, '9', 'N', 19),
       (120, 37, '0', 'N', 1),
       (121, 37, '0.5', 'N', 2),
       (122, 37, '1', 'N', 3),
       (123, 37, '1.5', 'N', 4),
       (124, 37, '2', 'N', 5),
       (125, 37, '2.5', 'N', 6),
       (126, 37, '3', 'N', 7),
       (127, 37, '3.5', 'N', 8),
       (128, 37, '4', 'N', 9),
       (129, 37, '4.5', 'N', 10),
       (130, 37, '5', 'N', 11),
       (131, 37, '5.5', 'N', 12),
       (132, 37, '6', 'N', 13),
       (133, 37, '6.5', 'N', 14),
       (134, 37, '7', 'N', 15),
       (135, 37, '7.5', 'N', 16),
       (136, 37, '8', 'N', 17),
       (137, 37, '8.5', 'N', 18),
       (138, 37, '9', 'N', 19),
       (151, 38, '0', 'N', 1),
       (152, 38, '0.5', 'N', 2),
       (153, 38, '1', 'N', 3),
       (154, 38, '1.5', 'N', 4),
       (155, 38, '2', 'N', 5),
       (156, 38, '2.5', 'N', 6),
       (157, 38, '3', 'N', 7),
       (158, 38, '3.5', 'N', 8),
       (159, 38, '4', 'N', 9),
       (160, 38, '4.5', 'N', 10),
       (161, 38, '5', 'N', 11),
       (162, 38, '5.5', 'N', 12),
       (163, 38, '6', 'N', 13),
       (164, 38, '6.5', 'N', 14),
       (165, 38, '7', 'N', 15),
       (166, 38, '7.5', 'N', 16),
       (167, 38, '8', 'N', 17),
       (168, 38, '8.5', 'N', 18),
       (169, 38, '9', 'N', 19),
       (182, 60, '0', 'N', 1),
       (183, 60, '0.5', 'N', 2),
       (184, 60, '1', 'N', 3),
       (185, 60, '1.5', 'N', 4),
       (186, 60, '2', 'N', 5),
       (187, 60, '2.5', 'N', 6),
       (188, 60, '3', 'N', 7),
       (189, 60, '3.5', 'N', 8),
       (190, 60, '4', 'N', 9),
       (191, 60, '4.5', 'N', 10),
       (192, 60, '5', 'N', 11),
       (193, 60, '5.5', 'N', 12),
       (194, 60, '6', 'N', 13),
       (195, 60, '6.5', 'N', 14),
       (196, 60, '7', 'N', 15),
       (197, 60, '7.5', 'N', 16),
       (198, 60, '8', 'N', 17),
       (199, 60, '8.5', 'N', 18),
       (200, 60, '9', 'N', 19),
       (213, 61, '0', 'N', 1),
       (214, 61, '0.5', 'N', 2),
       (215, 61, '1', 'N', 3),
       (216, 61, '1.5', 'N', 4),
       (217, 61, '2', 'N', 5),
       (218, 61, '2.5', 'N', 6),
       (219, 61, '3', 'N', 7),
       (220, 61, '3.5', 'N', 8),
       (221, 61, '4', 'N', 9),
       (222, 61, '4.5', 'N', 10),
       (223, 61, '5', 'N', 11),
       (224, 61, '5.5', 'N', 12),
       (225, 61, '6', 'N', 13),
       (226, 61, '6.5', 'N', 14),
       (227, 61, '7', 'N', 15),
       (228, 61, '7.5', 'N', 16),
       (229, 61, '8', 'N', 17),
       (230, 61, '8.5', 'N', 18),
       (231, 61, '9', 'N', 19),
       (244, 62, '0', 'N', 1),
       (245, 62, '0.5', 'N', 2),
       (246, 62, '1', 'N', 3),
       (247, 62, '1.5', 'N', 4),
       (248, 62, '2', 'N', 5),
       (249, 62, '2.5', 'N', 6),
       (250, 62, '3', 'N', 7),
       (251, 62, '3.5', 'N', 8),
       (252, 62, '4', 'N', 9),
       (253, 62, '4.5', 'N', 10),
       (254, 62, '5', 'N', 11),
       (255, 62, '5.5', 'N', 12),
       (256, 62, '6', 'N', 13),
       (257, 62, '6.5', 'N', 14),
       (258, 62, '7', 'N', 15),
       (259, 62, '7.5', 'N', 16),
       (260, 62, '8', 'N', 17),
       (261, 62, '8.5', 'N', 18),
       (262, 62, '9', 'N', 19),
       (275, 63, '0', 'N', 1),
       (276, 63, '0.5', 'N', 2),
       (277, 63, '1', 'N', 3),
       (278, 63, '1.5', 'N', 4),
       (279, 63, '2', 'N', 5),
       (280, 63, '2.5', 'N', 6),
       (281, 63, '3', 'N', 7),
       (282, 63, '3.5', 'N', 8),
       (283, 63, '4', 'N', 9),
       (284, 63, '4.5', 'N', 10),
       (285, 63, '5', 'N', 11),
       (286, 63, '5.5', 'N', 12),
       (287, 63, '6', 'N', 13),
       (288, 63, '6.5', 'N', 14),
       (289, 63, '7', 'N', 15),
       (290, 63, '7.5', 'N', 16),
       (291, 63, '8', 'N', 17),
       (292, 63, '8.5', 'N', 18),
       (293, 63, '9', 'N', 19),
       (306, 64, '0', 'N', 1),
       (307, 64, '0.5', 'N', 2),
       (308, 64, '1', 'N', 3),
       (309, 64, '1.5', 'N', 4),
       (310, 64, '2', 'N', 5),
       (311, 64, '2.5', 'N', 6),
       (312, 64, '3', 'N', 7),
       (313, 64, '3.5', 'N', 8),
       (314, 64, '4', 'N', 9),
       (315, 64, '4.5', 'N', 10),
       (316, 64, '5', 'N', 11),
       (317, 64, '5.5', 'N', 12),
       (318, 64, '6', 'N', 13),
       (319, 64, '6.5', 'N', 14),
       (320, 64, '7', 'N', 15),
       (321, 64, '7.5', 'N', 16),
       (322, 64, '8', 'N', 17),
       (323, 64, '8.5', 'N', 18),
       (324, 64, '9', 'N', 19),
       (337, 97, '0', 'N', 1),
       (338, 97, '0.5', 'N', 2),
       (339, 97, '1', 'N', 3),
       (340, 97, '1.5', 'N', 4),
       (341, 97, '2', 'N', 5),
       (342, 97, '2.5', 'N', 6),
       (343, 97, '3', 'N', 7),
       (344, 97, '3.5', 'N', 8),
       (345, 97, '4', 'N', 9),
       (346, 97, '4.5', 'N', 10),
       (347, 97, '5', 'N', 11),
       (348, 97, '5.5', 'N', 12),
       (349, 97, '6', 'N', 13),
       (350, 97, '6.5', 'N', 14),
       (351, 97, '7', 'N', 15),
       (352, 97, '7.5', 'N', 16),
       (353, 97, '8', 'N', 17),
       (354, 97, '8.5', 'N', 18),
       (355, 97, '9', 'N', 19),
       (356, 17, 'common_law', 'N', 4),
       (357, 18, 'citizenship', 'N', 7),
       (358, 26, 'high_school', 'N', 9),
       (359, 53, 'high_school', 'N', 9),
       (360, 104, 'yes', 'N', 0),
       (361, 104, 'no', 'N', 1),
       (362, 107, 'yes', 'N', 0),
       (363, 107, 'no', 'N', 1),
       (364, 17, 'widowed', 'N', 5),
       (365, 17, 'separated', 'N', 6),
       (366, 18, 'other', 'N', 8),
       (367, 111, 'yes', 'N', 0),
       (368, 111, 'no', 'N', 1),
       (369, 112, 'yes', 'N', 0),
       (370, 112, 'no', 'N', 1),
       (371, 114, 'ielts', 'N', 0),
       (372, 114, 'pte', 'N', 1),
       (373, 114, 'toefl', 'N', 2),
       (374, 114, 'cae', 'N', 3),
       (375, 114, 'oet', 'N', 4),
       (376, 115, 'ielts', 'N', 0),
       (377, 115, 'pte', 'N', 1),
       (378, 115, 'toefl', 'N', 2),
       (379, 115, 'cae', 'N', 3),
       (380, 115, 'oet', 'N', 4),
       (381, 116, 'yes', 'N', 0),
       (382, 116, 'no', 'N', 1),
       (383, 118, 'yes', 'N', 0),
       (384, 118, 'no', 'N', 1),
       (385, 119, 'child', 'N', 0),
       (386, 119, 'parent', 'N', 1),
       (387, 119, 'brother', 'N', 2),
       (388, 119, 'sister', 'N', 3),
       (389, 119, 'niece', 'N', 4),
       (390, 119, 'nephew', 'N', 5),
       (391, 119, 'aunt', 'N', 6),
       (392, 119, 'uncle', 'N', 7),
       (393, 119, 'grandparent', 'N', 8),
       (394, 119, 'first_cousin', 'N', 9),
       (395, 122, 'yes', 'N', 0),
       (396, 124, 'yes', 'N', 0);

-- --------------------------------------------------------

--
-- Table structure for table `company_questionnaires_fields_options_templates`
--

CREATE TABLE `company_questionnaires_fields_options_templates`
(
    `q_id`                   int(11) UNSIGNED NOT NULL,
    `q_field_option_id`      int(11) UNSIGNED NOT NULL,
    `q_field_option_label`   char(255)        NOT NULL,
    `q_field_option_visible` enum ('Y','N') DEFAULT 'Y'
) ENGINE = InnoDB
  DEFAULT CHARSET = utf8 COMMENT ='Each option in combobox/radio can have own label in each QNR.';

--
-- Dumping data for table `company_questionnaires_fields_options_templates`
--

INSERT INTO `company_questionnaires_fields_options_templates` (`q_id`, `q_field_option_id`, `q_field_option_label`,
                                                               `q_field_option_visible`)
VALUES (1, 1, 'Yes', 'Y'),
       (1, 2, 'No', 'Y'),
       (1, 3, 'Yes', 'Y'),
       (1, 4, 'No', 'Y'),
       (1, 5, 'Never Married', 'Y'),
       (1, 6, 'Divorced', 'Y'),
       (1, 7, 'Married', 'Y'),
       (1, 8, 'Engaged', 'Y'),
       (1, 9, 'Skilled Independent Visa', 'Y'),
       (1, 10, 'Employer Sponsored Visa', 'Y'),
       (1, 11, 'Partner Visa', 'Y'),
       (1, 12, 'Parent Visa', 'Y'),
       (1, 13, 'Student Visa', 'Y'),
       (1, 14, 'Business/Significant Investment Visa', 'Y'),
       (1, 15, 'State Sponsorship Visa', 'Y'),
       (1, 16, 'Yes', 'Y'),
       (1, 17, 'No', 'Y'),
       (1, 18, 'Yes', 'Y'),
       (1, 19, 'No', 'Y'),
       (1, 20, 'PhD', 'Y'),
       (1, 22, 'Masters Degree', 'Y'),
       (1, 24, 'Bachelor Degree', 'Y'),
       (1, 25, 'Associate Degree', 'Y'),
       (1, 26, 'Advanced Diploma', 'Y'),
       (1, 27, 'Diploma', 'Y'),
       (1, 28, 'Trade Certificate', 'Y'),
       (1, 29, 'Yes', 'Y'),
       (1, 30, 'No', 'Y'),
       (1, 31, 'Yes', 'Y'),
       (1, 32, 'No', 'Y'),
       (1, 33, 'ANZSCO Occupations', 'Y'),
       (1, 34, 'Choice 2', 'Y'),
       (1, 37, 'PhD', 'Y'),
       (1, 39, 'Masters Degree', 'Y'),
       (1, 41, 'Bachelor Degree', 'Y'),
       (1, 42, 'Associate Degree', 'Y'),
       (1, 43, 'Advanced Diploma', 'Y'),
       (1, 44, 'Diploma', 'Y'),
       (1, 45, 'Trade Certificate', 'Y'),
       (1, 46, 'Yes', 'Y'),
       (1, 47, 'No', 'Y'),
       (1, 52, 'ANZSCO Occupations', 'Y'),
       (1, 53, 'Choice 2', 'Y'),
       (1, 59, 'Yes', 'Y'),
       (1, 60, 'No', 'Y'),
       (1, 61, 'Yes', 'Y'),
       (1, 62, 'No', 'Y'),
       (1, 63, 'Yes', 'Y'),
       (1, 64, 'No', 'Y'),
       (1, 65, 'Yes', 'Y'),
       (1, 66, 'No', 'Y'),
       (1, 67, 'Queensland', 'Y'),
       (1, 68, 'New South Wales', 'Y'),
       (1, 69, 'Victoria', 'Y'),
       (1, 70, 'ACT', 'Y'),
       (1, 71, 'Tasmania', 'Y'),
       (1, 72, 'Western Australia', 'Y'),
       (1, 73, 'Northern Territory', 'Y'),
       (1, 75, 'South Australia', 'Y'),
       (1, 76, 'Yes', 'Y'),
       (1, 77, 'No', 'Y'),
       (1, 78, 'Yes', 'Y'),
       (1, 79, 'No', 'Y'),
       (1, 80, '0', 'Y'),
       (1, 81, '0.5', 'Y'),
       (1, 82, '1.0', 'Y'),
       (1, 83, '1.5', 'Y'),
       (1, 84, '2.0', 'Y'),
       (1, 85, '2.5', 'Y'),
       (1, 86, '3.0', 'Y'),
       (1, 87, '3.5', 'Y'),
       (1, 88, '4.0', 'Y'),
       (1, 89, '4.5', 'Y'),
       (1, 90, '5.0', 'Y'),
       (1, 91, '5.5', 'Y'),
       (1, 92, '6.0', 'Y'),
       (1, 93, '6.5', 'Y'),
       (1, 94, '7.0', 'Y'),
       (1, 95, '7.5', 'Y'),
       (1, 96, '8.0', 'Y'),
       (1, 97, '8.5', 'Y'),
       (1, 98, '9.0', 'Y'),
       (1, 100, '0', 'Y'),
       (1, 101, '0.5', 'Y'),
       (1, 102, '1.0', 'Y'),
       (1, 103, '1.5', 'Y'),
       (1, 104, '2.0', 'Y'),
       (1, 105, '2.5', 'Y'),
       (1, 106, '3.0', 'Y'),
       (1, 107, '3.5', 'Y'),
       (1, 108, '4.0', 'Y'),
       (1, 109, '4.5', 'Y'),
       (1, 110, '5.0', 'Y'),
       (1, 111, '5.5', 'Y'),
       (1, 112, '6.0', 'Y'),
       (1, 113, '6.5', 'Y'),
       (1, 114, '7.0', 'Y'),
       (1, 115, '7.5', 'Y'),
       (1, 116, '8.0', 'Y'),
       (1, 117, '8.5', 'Y'),
       (1, 118, '9.0', 'Y'),
       (1, 120, '0', 'Y'),
       (1, 121, '0.5', 'Y'),
       (1, 122, '1.0', 'Y'),
       (1, 123, '1.5', 'Y'),
       (1, 124, '2.0', 'Y'),
       (1, 125, '2.5', 'Y'),
       (1, 126, '3.0', 'Y'),
       (1, 127, '3.5', 'Y'),
       (1, 128, '4.0', 'Y'),
       (1, 129, '4.5', 'Y'),
       (1, 130, '5.0', 'Y'),
       (1, 131, '5.5', 'Y'),
       (1, 132, '6.0', 'Y'),
       (1, 133, '6.5', 'Y'),
       (1, 134, '7.0', 'Y'),
       (1, 135, '7.5', 'Y'),
       (1, 136, '8.0', 'Y'),
       (1, 137, '8.5', 'Y'),
       (1, 138, '9.0', 'Y'),
       (1, 151, '0', 'Y'),
       (1, 152, '0.5', 'Y'),
       (1, 153, '1.0', 'Y'),
       (1, 154, '1.5', 'Y'),
       (1, 155, '2.0', 'Y'),
       (1, 156, '2.5', 'Y'),
       (1, 157, '3.0', 'Y'),
       (1, 158, '3.5', 'Y'),
       (1, 159, '4.0', 'Y'),
       (1, 160, '4.5', 'Y'),
       (1, 161, '5.0', 'Y'),
       (1, 162, '5.5', 'Y'),
       (1, 163, '6.0', 'Y'),
       (1, 164, '6.5', 'Y'),
       (1, 165, '7.0', 'Y'),
       (1, 166, '7.5', 'Y'),
       (1, 167, '8.0', 'Y'),
       (1, 168, '8.5', 'Y'),
       (1, 169, '9.0', 'Y'),
       (1, 182, '0', 'Y'),
       (1, 183, '0.5', 'Y'),
       (1, 184, '1.0', 'Y'),
       (1, 185, '1.5', 'Y'),
       (1, 186, '2.0', 'Y'),
       (1, 187, '2.5', 'Y'),
       (1, 188, '3.0', 'Y'),
       (1, 189, '3.5', 'Y'),
       (1, 190, '4.0', 'Y'),
       (1, 191, '4.5', 'Y'),
       (1, 192, '5.0', 'Y'),
       (1, 193, '5.5', 'Y'),
       (1, 194, '6.0', 'Y'),
       (1, 195, '6.5', 'Y'),
       (1, 196, '7.0', 'Y'),
       (1, 197, '7.5', 'Y'),
       (1, 198, '8.0', 'Y'),
       (1, 199, '8.5', 'Y'),
       (1, 200, '9.0', 'Y'),
       (1, 213, '0', 'Y'),
       (1, 214, '0.5', 'Y'),
       (1, 215, '1.0', 'Y'),
       (1, 216, '1.5', 'Y'),
       (1, 217, '2.0', 'Y'),
       (1, 218, '2.5', 'Y'),
       (1, 219, '3.0', 'Y'),
       (1, 220, '3.5', 'Y'),
       (1, 221, '4.0', 'Y'),
       (1, 222, '4.5', 'Y'),
       (1, 223, '5.0', 'Y'),
       (1, 224, '5.5', 'Y'),
       (1, 225, '6.0', 'Y'),
       (1, 226, '6.5', 'Y'),
       (1, 227, '7.0', 'Y'),
       (1, 228, '7.5', 'Y'),
       (1, 229, '8.0', 'Y'),
       (1, 230, '8.5', 'Y'),
       (1, 231, '9.0', 'Y'),
       (1, 244, '0', 'Y'),
       (1, 245, '0.5', 'Y'),
       (1, 246, '1.0', 'Y'),
       (1, 247, '1.5', 'Y'),
       (1, 248, '2.0', 'Y'),
       (1, 249, '2.5', 'Y'),
       (1, 250, '3.0', 'Y'),
       (1, 251, '3.5', 'Y'),
       (1, 252, '4.0', 'Y'),
       (1, 253, '4.5', 'Y'),
       (1, 254, '5.0', 'Y'),
       (1, 255, '5.5', 'Y'),
       (1, 256, '6.0', 'Y'),
       (1, 257, '6.5', 'Y'),
       (1, 258, '7.0', 'Y'),
       (1, 259, '7.5', 'Y'),
       (1, 260, '8.0', 'Y'),
       (1, 261, '8.5', 'Y'),
       (1, 262, '9.0', 'Y'),
       (1, 275, '0', 'Y'),
       (1, 276, '0.5', 'Y'),
       (1, 277, '1.0', 'Y'),
       (1, 278, '1.5', 'Y'),
       (1, 279, '2.0', 'Y'),
       (1, 280, '2.5', 'Y'),
       (1, 281, '3.0', 'Y'),
       (1, 282, '3.5', 'Y'),
       (1, 283, '4.0', 'Y'),
       (1, 284, '4.5', 'Y'),
       (1, 285, '5.0', 'Y'),
       (1, 286, '5.5', 'Y'),
       (1, 287, '6.0', 'Y'),
       (1, 288, '6.5', 'Y'),
       (1, 289, '7.0', 'Y'),
       (1, 290, '7.5', 'Y'),
       (1, 291, '8.0', 'Y'),
       (1, 292, '8.5', 'Y'),
       (1, 293, '9.0', 'Y'),
       (1, 306, '0', 'Y'),
       (1, 307, '0.5', 'Y'),
       (1, 308, '1.0', 'Y'),
       (1, 309, '1.5', 'Y'),
       (1, 310, '2.0', 'Y'),
       (1, 311, '2.5', 'Y'),
       (1, 312, '3.0', 'Y'),
       (1, 313, '3.5', 'Y'),
       (1, 314, '4.0', 'Y'),
       (1, 315, '4.5', 'Y'),
       (1, 316, '5.0', 'Y'),
       (1, 317, '5.5', 'Y'),
       (1, 318, '6.0', 'Y'),
       (1, 319, '6.5', 'Y'),
       (1, 320, '7.0', 'Y'),
       (1, 321, '7.5', 'Y'),
       (1, 322, '8.0', 'Y'),
       (1, 323, '8.5', 'Y'),
       (1, 324, '9.0', 'Y'),
       (1, 337, '0', 'Y'),
       (1, 338, '0.5', 'Y'),
       (1, 339, '1.0', 'Y'),
       (1, 340, '1.5', 'Y'),
       (1, 341, '2.0', 'Y'),
       (1, 342, '2.5', 'Y'),
       (1, 343, '3.0', 'Y'),
       (1, 344, '3.5', 'Y'),
       (1, 345, '4.0', 'Y'),
       (1, 346, '4.5', 'Y'),
       (1, 347, '5.0', 'Y'),
       (1, 348, '5.5', 'Y'),
       (1, 349, '6.0', 'Y'),
       (1, 350, '6.5', 'Y'),
       (1, 351, '7.0', 'Y'),
       (1, 352, '7.5', 'Y'),
       (1, 353, '8.0', 'Y'),
       (1, 354, '8.5', 'Y'),
       (1, 355, '9.0', 'Y'),
       (1, 356, 'De-Facto/Common Law', 'Y'),
       (1, 357, 'Citizenship', 'Y'),
       (1, 358, 'High School', 'Y'),
       (1, 359, 'High School', 'Y'),
       (1, 360, 'Yes', 'Y'),
       (1, 361, 'No', 'Y'),
       (1, 362, 'Yes', 'Y'),
       (1, 363, 'No', 'Y'),
       (1, 364, 'Widowed', 'Y'),
       (1, 365, 'Separated', 'Y'),
       (1, 366, 'Other (Type your area of interest in the box below and describe in brief)', 'Y'),
       (1, 367, 'Yes', 'Y'),
       (1, 368, 'No', 'Y'),
       (1, 369, 'Yes', 'Y'),
       (1, 370, 'No', 'Y'),
       (1, 371, 'IELTS', 'Y'),
       (1, 372, 'PTE', 'Y'),
       (1, 373, 'TOEFL iBT', 'Y'),
       (1, 374, 'CAE', 'Y'),
       (1, 375, 'OET', 'Y'),
       (1, 376, 'IELTS', 'Y'),
       (1, 377, 'PTE', 'Y'),
       (1, 378, 'TOEFL iBT', 'Y'),
       (1, 379, 'CAE', 'Y'),
       (1, 380, 'OET', 'Y'),
       (1, 381, 'Yes', 'Y'),
       (1, 382, 'No', 'Y'),
       (1, 383, 'Yes', 'Y'),
       (1, 384, 'No', 'Y'),
       (1, 385, 'Child', 'Y'),
       (1, 386, 'Parent', 'Y'),
       (1, 387, 'Brother', 'Y'),
       (1, 388, 'Sister', 'Y'),
       (1, 389, 'Niece', 'Y'),
       (1, 390, 'Nephew', 'Y'),
       (1, 391, 'Aunt', 'Y'),
       (1, 392, 'Uncle', 'Y'),
       (1, 393, 'Grandparent', 'Y'),
       (1, 394, 'First cousin', 'Y'),
       (1, 395, '', 'Y'),
       (1, 396, '', 'Y');

-- --------------------------------------------------------

--
-- Table structure for table `company_questionnaires_fields_templates`
--

CREATE TABLE `company_questionnaires_fields_templates`
(
    `q_id`                           int(11) UNSIGNED NOT NULL,
    `q_field_id`                     int(11) UNSIGNED NOT NULL,
    `q_field_label`                  char(255)        NOT NULL,
    `q_field_prospect_profile_label` char(255)        NOT NULL DEFAULT '' COMMENT 'Used in prospect''s profile tab from default QNR only',
    `q_field_help`                   text,
    `q_field_help_show`              enum ('Y','N')            DEFAULT 'N'
) ENGINE = InnoDB
  DEFAULT CHARSET = utf8 COMMENT ='Each field can have own label in each QNR. ';

--
-- Dumping data for table `company_questionnaires_fields_templates`
--

INSERT INTO `company_questionnaires_fields_templates` (`q_id`, `q_field_id`, `q_field_label`,
                                                       `q_field_prospect_profile_label`, `q_field_help`,
                                                       `q_field_help_show`)
VALUES (1, 2, 'Family name:', '', 'Your Family Name as printed on your Passport', 'Y'),
       (1, 3, 'Given names:', '', 'All Given Names (including your middle name) as printed on your passport.', 'Y'),
       (1, 4, 'Date of birth:', '', 'Date of Birth as printed on your passport', 'Y'),
       (1, 5, 'Country of Passport:', '', '', 'N'),
       (1, 6, 'Country of current Residence:', '', 'Enter the name of the country you currently live in', 'Y'),
       (1, 7, 'Email:', '', '', 'N'),
       (1, 8, 'Phone number:', '', 'Please provide a valid phone number with country and area code.', 'Y'),
       (1, 9, 'Current Visa Type (e.g.: Student Visa):', '',
        'This can be found on your visa label or your e-visa grant letter', 'Y'),
       (1, 10, 'Street Address 1:', '', '', 'N'),
       (1, 11, 'Street Address 2:', '', '', 'N'),
       (1, 12, 'Suburb:', '', '', 'N'),
       (1, 13, 'State:', '', '', 'N'),
       (1, 14, 'Postal code:', '', '', 'N'),
       (1, 15, 'Have you ever applied for an Australian visa before?', '', '', 'N'),
       (1, 16, 'Was your visa ever refused or cancelled?', '', '', 'N'),
       (1, 17, 'Relationship Status:', '', '', 'N'),
       (1, 18, 'Area of Interest:', '',
        '<div>You can select multiple areas of interest:</div><div><br></div><div>Example:</div><div><div><br></div><div>Select Area Of Interest as Skilled Independent Visa if you are interested in applying for a skilled Permanent Residency or skilled Temporary Residency</div><div><br></div><div>If you are looking a State Sponsorship, select State Sponsorship</div></div><div><br></div><div>If you also are looking to apply to study in Australia, select Student Visa</div>',
        'Y'),
       (1, 19, 'Family Name of partner/spouse:', '', '', 'N'),
       (1, 20, 'Given Name of partner/spouse:', '', '', 'N'),
       (1, 21, 'Date of Birth of partner/spouse:', '', '', 'N'),
       (1, 22, 'Partner/Spouse\'s Country of Passport:', '', '', 'N'),
       (1, 23, 'Partner/Spouse\'s country of current residence:', '', '', 'N'),
       (1, 24, 'Is partner/spouse a permanent resident/citizen of Australia?', '', '', 'N'),
       (1, 25, 'Is partner/spouse a permanent resident/citizen of New Zealand?', '', '', 'N'),
       (1, 26, 'Highest Qualification:', '', '', 'N'),
       (1, 27, 'Name of the Qualification:', '', '', 'N'),
       (1, 28, 'Name of Bachelor Degree:', '', '', 'N'),
       (1, 29, 'Country of Education:', '', '', 'N'),
       (1, 30, 'Duration of Course (in years):', '', '', 'N'),
       (1, 31, 'Was your course conducted in regional Australia?', '', '', 'N'),
       (1, 32, 'Completion Date:', '', '', 'N'),
       (1, 33, 'Have you taken an English test in last 36 months?', '', '', 'N'),
       (1, 34, 'Date of Test:', '', '', 'N'),
       (1, 35, 'Listening Score:', '', '', 'N'),
       (1, 36, 'Reading Score:', '', '', 'N'),
       (1, 37, 'Writing Score:', '', '', 'N'),
       (1, 38, 'Speaking Score:', '', '', 'N'),
       (1, 39, 'Occupation:', '', '', 'N'),
       (1, 40, 'Name of the employer:', '', '', 'N'),
       (1, 41, 'Job Title:', '', '', 'N'),
       (1, 42, 'Country of Employment:', '', '', 'N'),
       (1, 43, 'Start Date:', '', '', 'N'),
       (1, 44, 'End Date:', '', '', 'N'),
       (1, 51, 'Total number of children of the applicant and/or spouse:', '', '', 'N'),
       (1, 52, 'Number of these children who are Australian permanent residents or citizens:', '', '', 'N'),
       (1, 53, 'Highest Qualification:', '', '', 'N'),
       (1, 54, 'Name of the Qualification:', '', '', 'N'),
       (1, 55, 'Name of Bachelor Degree:', '', '', 'N'),
       (1, 56, 'Country of Education:', '', '', 'N'),
       (1, 57, 'Completion Date:', '', '', 'N'),
       (1, 58, 'Has your partner/spouse taken an English test in last 36 months?', '', '', 'N'),
       (1, 59, 'Date of Test:', '', '', 'N'),
       (1, 60, 'Listening Score:', '', '', 'N'),
       (1, 61, 'Reading Score:', '', '', 'N'),
       (1, 62, 'Writing Score:', '', '', 'N'),
       (1, 63, 'Speaking Score:', '', '', 'N'),
       (1, 64, 'Overall Score:', '', '', 'N'),
       (1, 68, 'Occupation:', '', '', 'N'),
       (1, 69, 'Name of the employer:', '', '', 'N'),
       (1, 70, 'Job Title:', '', '', 'N'),
       (1, 71, 'Country of Employment:', '', '', 'N'),
       (1, 72, 'Start Date:', '', '', 'N'),
       (1, 73, 'End Date:', '', '', 'N'),
       (1, 80,
        'Are you prepared to invest at least AUD 1.5 Million in  Australian business and Australian government bonds?',
        '', '', 'N'),
       (1, 81, 'Do you have experience in managing a business?', '', '', 'N'),
       (1, 82, 'Was the turnover of the business greater than AUD 500,000?', '', '', 'N'),
       (1, 83, 'Is your net worth more than AUD 2.25 Million?', '', '', 'N'),
       (1, 84, 'States of interest:', '', '', 'N'),
       (1, 85, 'Have you completed any qualification from the above mentioned state?', '', '', 'N'),
       (1, 86, 'Do you currently have a job offer from the above mentioned state?', '', '', 'N'),
       (1, 87, 'Position/Job Title:', '', '', 'N'),
       (1, 88, 'Name of the Business:', '', '', 'N'),
       (1, 89, 'Address of the employer:', '', '', 'N'),
       (1, 90, 'Phone Number:', '', '', 'N'),
       (1, 91, 'E-mail Address:', '', '', 'N'),
       (1, 92, 'Contact person:', '', '', 'N'),
       (1, 93, 'Your Education:', '', '', 'N'),
       (1, 94, 'Your Spouse/Partner\'s Education:', '', '', 'N'),
       (1, 95, 'You:', '', '', 'N'),
       (1, 96, 'Your Spouse/Partner:', '', '', 'N'),
       (1, 97, 'Overall Score:', '', '', 'N'),
       (1, 100, 'Attach Your Spouse/Partner\'s Most Recent CV/Resume:', '', '', 'N'),
       (1, 101, 'Attach Your Most Recent CV/Resume:', '', '', 'N'),
       (1, 102, 'Email (please confirm again):', '', NULL, 'N'),
       (1, 103, 'Date Permanent Residency Obtained:', '', NULL, 'N'),
       (1, 104, 'Have you completed a Professional Year for a period of at least 12 months in past four years?',
        'Completed a Professional Year for a period of at least 12 months in past four years?', NULL, 'N'),
       (1, 105, 'Name of Professional Year Program:', '', NULL, 'N'),
       (1, 106, 'Year Completed:', '', NULL, 'N'),
       (1, 107, 'Do you have a credentialed community language qualification?',
        'Have a credentialed community language qualification?', NULL, 'N'),
       (1, 109, 'Where did you hear about us?', 'Referred by:', NULL, 'N'),
       (1, 110, 'Date of initial interview:', 'Date of initial interview:', NULL, 'N'),
       (1, 111, 'Does any applicant have any criminal convictions?',
        'Does any applicant have any criminal convictions?', NULL, 'N'),
       (1, 112, 'Does any applicant have health or care concerns?', 'Does any applicant have health or care concerns?',
        NULL, 'N'),
       (1, 113, 'Further Information:', 'Further Information:', NULL, 'N'),
       (1, 114, 'Test Type:', 'Test Type:', NULL, 'N'),
       (1, 115, 'Test Type:', 'Test Type:', NULL, 'N'),
       (1, 116, 'Do you have at least $200,000 in Australian VC funding to commercialise an idea in Australia?',
        'Do you have at least $200,000 in Australian VC funding to commercialise an idea in Australia?', NULL, 'N'),
       (1, 117, 'Name of Institution:', 'Name of Institution:', NULL, 'N'),
       (1, 118, 'Do you have a relative in designated area who is willing to sponsor you?',
        'Do you have a relative in designated area who is willing to sponsor you?', NULL, 'N'),
       (1, 119, 'Nature of relationship:', 'Nature of relationship:', NULL, 'N'),
       (1, 120, 'Postcode where your relative lives:', 'Postcode where your relative lives:', NULL, 'N'),
       (1, 121, 'Did Not Arrive (DNA)', 'Did Not Arrive (DNA)', NULL, 'N'),
       (1, 122, 'I have additional qualifications:', 'I have additional qualifications:', NULL, 'N'),
       (1, 123, 'Please list additional qualifications:', 'Please list additional qualifications:', NULL, 'N'),
       (1, 124, 'I have additional qualifications:', 'I have additional qualifications:', NULL, 'N'),
       (1, 125, 'Please list additional qualifications:', 'Please list additional qualifications:', NULL, 'N'),
       (1, 126, 'Name of Institution:', 'Name of Institution:', NULL, 'N');

-- --------------------------------------------------------

--
-- Table structure for table `company_questionnaires_sections`
--

CREATE TABLE `company_questionnaires_sections`
(
    `q_section_id`    int(11) UNSIGNED NOT NULL,
    `q_section_step`  tinyint(3) UNSIGNED DEFAULT '0',
    `q_section_order` tinyint(3) UNSIGNED DEFAULT '0'
) ENGINE = InnoDB
  DEFAULT CHARSET = utf8 COMMENT ='List of sections that are used in QNR and in Prospect''s profile.';

--
-- Dumping data for table `company_questionnaires_sections`
--

INSERT INTO `company_questionnaires_sections` (`q_section_id`, `q_section_step`, `q_section_order`)
VALUES (1, 1, 1),
       (2, 1, 2),
       (3, 1, 3),
       (4, 2, 4),
       (5, 2, 5),
       (6, 2, 7),
       (7, 3, 7),
       (8, 3, 8),
       (9, 4, 9),
       (10, 2, 10),
       (11, 2, 12),
       (12, 2, 6),
       (13, 2, 11);

-- --------------------------------------------------------

--
-- Table structure for table `company_questionnaires_sections_templates`
--

CREATE TABLE `company_questionnaires_sections_templates`
(
    `q_id`                       int(11) UNSIGNED NOT NULL,
    `q_section_id`               int(11) UNSIGNED NOT NULL,
    `q_section_template_name`    char(255)        NOT NULL,
    `q_section_prospect_profile` char(255)        NOT NULL DEFAULT '',
    `q_section_help`             text,
    `q_section_help_show`        enum ('Y','N')            DEFAULT 'N'
) ENGINE = InnoDB
  DEFAULT CHARSET = utf8 COMMENT ='Each section can have own label (separate for QNR, separate for prsopect''s profile) and can show/use help text.';

--
-- Dumping data for table `company_questionnaires_sections_templates`
--

INSERT INTO `company_questionnaires_sections_templates` (`q_id`, `q_section_id`, `q_section_template_name`,
                                                         `q_section_prospect_profile`, `q_section_help`,
                                                         `q_section_help_show`)
VALUES (1, 1, 'PERSONAL INFORMATION', 'PERSONAL INFORMATION', NULL, NULL),
       (1, 2, 'CURRENT ADDRESS IN AUSTRALIA', 'CURRENT ADDRESS IN AUSTRALIA', NULL, NULL),
       (1, 3, 'SPOUSE/PARTNER\'S PERSONAL INFORMATION', 'SPOUSE/PARTNER\'S PERSONAL INFORMATION', NULL, NULL),
       (1, 4, 'FAMILY COMPOSITION', 'FAMILY COMPOSITION', NULL, NULL),
       (1, 5, 'EDUCATION', 'EDUCATION', NULL, NULL),
       (1, 6, 'LANGUAGE', 'LANGUAGE', NULL, NULL),
       (1, 7, 'EMPLOYMENT', 'EMPLOYMENT', NULL, NULL),
       (1, 8, 'SPOUSE/PARTNER\'S EMPLOYMENT', 'SPOUSE/PARTNER\'S EMPLOYMENT', NULL, NULL),
       (1, 9, 'BUSINESS OR SIGNIFICANT INVESTMENT INFORMATION', 'BUSINESS OR SIGNIFICANT INVESTMENT INFORMATION', NULL,
        NULL),
       (1, 10, 'STATE SPONSORSHIP INFORMATION', 'STATE SPONSORSHIP INFORMATION', NULL, NULL),
       (1, 11, 'SPONSORING EMPLOYER DETAILS', 'SPONSORING EMPLOYER DETAILS', NULL, NULL),
       (1, 12, 'PROFESSIONAL PROGRAMS', 'PROFESSIONAL PROGRAMS', NULL, 'N'),
       (1, 13, 'SP ONSORSHIP BY ELIGIBLE RELATIVE IN DESIGNATED AREA',
        'SPONSORSHIP BY ELIGIBLE RELATIVE IN DESIGNATED AREA', NULL, 'N');

-- --------------------------------------------------------

--
-- Table structure for table `company_ta`
--

CREATE TABLE `company_ta`
(
    `company_ta_id`            int(11)             NOT NULL,
    `company_id`               bigint(20)                   DEFAULT NULL,
    `name`                     varchar(255)        NOT NULL DEFAULT 'Client Account',
    `detailed_description`     text,
    `currency`                 varchar(3)          NOT NULL DEFAULT 'usd',
    `view_transactions_months` int(11)             NOT NULL DEFAULT '2',
    `balance`                  double(12, 2)       NOT NULL DEFAULT '0.00',
    `create_date`              date                         DEFAULT NULL,
    `last_reconcile`           date                         DEFAULT NULL,
    `last_reconcile_iccrc`     date                         DEFAULT NULL,
    `status`                   int(1) UNSIGNED     NOT NULL DEFAULT '1',
    `allow_new_bank_id`        tinyint(3) UNSIGNED NOT NULL DEFAULT '0',
    `bankid`                   int(11) UNSIGNED    NOT NULL DEFAULT '0'
) ENGINE = InnoDB
  DEFAULT CHARSET = utf8 COMMENT ='List of trust accounts (client accounts) related to each company.';

-- --------------------------------------------------------

--
-- Table structure for table `company_ta_divisions`
--

CREATE TABLE `company_ta_divisions`
(
    `company_ta_id` int(11)          NOT NULL,
    `division_id`   int(11) UNSIGNED NOT NULL
) ENGINE = InnoDB
  DEFAULT CHARSET = utf8 COMMENT ='Each trust account can be accessible to specific offices only.';

-- --------------------------------------------------------

--
-- Table structure for table `company_trial`
--

CREATE TABLE `company_trial`
(
    `company_id` bigint(20)  NOT NULL,
    `key`        varchar(50) NOT NULL,
    `ip`         varchar(50) NOT NULL,
    `date_used`  datetime    NOT NULL
) ENGINE = InnoDB
  DEFAULT CHARSET = utf8 COMMENT ='During new companies registration "free trial" key can be used. Allow to use it only once, save used keys here.';

-- --------------------------------------------------------

--
-- Table structure for table `company_types`
--

CREATE TABLE `company_types`
(
    `company_type_id`   int(10)     NOT NULL,
    `company_type_name` varchar(30) NOT NULL DEFAULT '',
    `status`            int(1)      NOT NULL DEFAULT '1',
    `regTime`           int(11)     NOT NULL DEFAULT '0'
) ENGINE = InnoDB
  DEFAULT CHARSET = utf8 COMMENT ='List of company types is saved here. Not used for now.';

--
-- Dumping data for table `company_types`
--

INSERT INTO `company_types` (`company_type_id`, `company_type_name`, `status`, `regTime`)
VALUES (1, 'Computers', 0, 1217849718),
       (2, 'Architect', 0, 1217849733),
       (3, 'Marketing', 0, 1217849742),
       (4, 'Finance', 0, 1217849749),
       (5, 'Engineering', 0, 1217934550),
       (6, 'Consulting', 1, 1222628068),
       (7, 'Legal', 1, 1222628087);

-- --------------------------------------------------------

--
-- Table structure for table `company_websites`
--

CREATE TABLE `company_websites`
(
    `id`                      smallint(5) UNSIGNED NOT NULL,
    `company_id`              bigint(20)           NOT NULL,
    `template_id`             tinyint(3) UNSIGNED  NOT NULL,
    `company_name`            text,
    `entrance_name`           varchar(100)         NOT NULL,
    `title`                   varchar(255)                  DEFAULT NULL,
    `company_logo`            varchar(255)                  DEFAULT NULL,
    `company_email`           varchar(255)                  DEFAULT NULL,
    `company_phone`           varchar(50)                   DEFAULT NULL,
    `company_skype`           varchar(255)                  DEFAULT NULL,
    `company_fax`             varchar(255)                  DEFAULT NULL,
    `company_linkedin`        varchar(512)                  DEFAULT NULL,
    `company_facebook`        varchar(512)                  DEFAULT NULL,
    `company_twitter`         varchar(512)                  DEFAULT NULL,
    `homepage_on`             enum ('Y','N')                DEFAULT 'Y',
    `homepage_name`           varchar(100)                  DEFAULT NULL,
    `homepage_text`           mediumtext,
    `about_on`                enum ('Y','N')                DEFAULT 'N',
    `about_name`              varchar(100)                  DEFAULT NULL,
    `about_text`              mediumtext,
    `canada_on`               enum ('Y','N')                DEFAULT 'N',
    `canada_name`             varchar(100)                  DEFAULT NULL,
    `canada_text`             mediumtext,
    `immigration_on`          enum ('Y','N')                DEFAULT 'N',
    `immigration_name`        varchar(100)                  DEFAULT NULL,
    `immigration_text`        mediumtext,
    `assessment_on`           enum ('Y','N')                DEFAULT 'N',
    `assessment_name`         varchar(100)                  DEFAULT NULL,
    `assessment_url`          varchar(512)                  DEFAULT NULL,
    `assessment_banner`       varchar(255)                  DEFAULT NULL,
    `assessment_background`   varchar(7)                    DEFAULT NULL,
    `assessment_foreground`   varchar(7)                    DEFAULT '#000000',
    `contact_on`              enum ('Y','N')                DEFAULT 'Y',
    `contact_name`            varchar(100)                  DEFAULT NULL,
    `contact_text`            mediumtext,
    `contact_map`             enum ('Y','N')                DEFAULT 'N',
    `contact_map_coords`      varchar(128)                  DEFAULT NULL,
    `login_block_on`          enum ('Y','N')                DEFAULT 'N',
    `footer_text`             text,
    `external_links_on`       enum ('Y','N')                DEFAULT 'N',
    `external_links_title`    varchar(100)                  DEFAULT NULL,
    `external_links`          longtext,
    `options`                 longtext,
    `script_google_analytics` text,
    `script_facebook_pixel`   text,
    `visible`                 enum ('Y','N')       NOT NULL DEFAULT 'N',
    `updated_date`            datetime             NOT NULL,
    `created_date`            datetime                      DEFAULT NULL
) ENGINE = InnoDB
  DEFAULT CHARSET = utf8 COMMENT ='Each company can use a special page (company web site). Main info about the company web site is saved here.';

--
-- Dumping data for table `company_websites`
--

INSERT INTO `company_websites` (`id`, `company_id`, `template_id`, `company_name`, `entrance_name`, `title`,
                                `company_logo`, `company_email`, `company_phone`, `company_skype`, `company_fax`,
                                `company_linkedin`, `company_facebook`, `company_twitter`, `homepage_on`,
                                `homepage_name`, `homepage_text`, `about_on`, `about_name`, `about_text`, `canada_on`,
                                `canada_name`, `canada_text`, `immigration_on`, `immigration_name`, `immigration_text`,
                                `assessment_on`, `assessment_name`, `assessment_url`, `assessment_banner`,
                                `assessment_background`, `assessment_foreground`, `contact_on`, `contact_name`,
                                `contact_text`, `contact_map`, `contact_map_coords`, `login_block_on`, `footer_text`,
                                `external_links_on`, `external_links_title`, `external_links`, `options`,
                                `script_google_analytics`, `script_facebook_pixel`, `visible`, `updated_date`,
                                `created_date`)
VALUES (8, 0, 1, 'Default Company', 'default-company', 'Default Company', NULL, '', '', '', '', '', '', '', 'Y', 'Home',
        NULL, 'N', 'About us', NULL, 'N', 'About Australia', NULL, 'N', 'Immigration', NULL, 'N', 'Free assessment', '',
        NULL, '#FFFFFF', '#000000', 'Y', 'Contact us', NULL, 'N', ',,,', 'N', 'All Rights reserved @ 2015', 'N', '',
        '[]', '{\"templateId\":\"1\",\"selected-bg\":\"\",\"footer-bg\":\"#61584F\",\"address\":\"\"}', NULL, NULL, 'N',
        '2015-07-27 16:51:40', '2015-07-27 13:05:50'),
       (9, 1, 1, 'Default Company', 'company1', 'Default Company', NULL, '', '', '', '', '', '', '', 'Y', 'Home', NULL,
        'N', 'About us', NULL, 'N', 'About Australia', NULL, 'N', 'Immigration', NULL, 'N', 'Free assessment', '', NULL,
        '#FFFFFF', '#000000', 'Y', 'Contact us', NULL, 'N', ',,,', 'N', 'All Rights reserved @ 2015', 'N', '', '[]',
        '{\"templateId\":\"1\",\"selected-bg\":\"\",\"footer-bg\":\"#61584F\",\"address\":\"\"}', NULL, NULL, 'N',
        '2015-07-27 16:51:40', '2015-07-27 13:05:50');

-- --------------------------------------------------------

--
-- Table structure for table `company_websites_templates`
--

CREATE TABLE `company_websites_templates`
(
    `id`            tinyint(3) UNSIGNED NOT NULL,
    `template_name` varchar(255)        NOT NULL,
    `options`       longtext,
    `created_date`  datetime            NOT NULL
) ENGINE = InnoDB
  DEFAULT CHARSET = utf8 COMMENT ='List of supported web site templates (relates to real templates saved in public/templates directory.';

--
-- Dumping data for table `company_websites_templates`
--

INSERT INTO `company_websites_templates` (`id`, `template_name`, `options`, `created_date`)
VALUES (1, 'boleo', NULL, '2012-05-03 00:00:00'),
       (2, 'prospect', NULL, '2012-06-07 16:00:00'),
       (3, 'DK2', NULL, '2012-06-12 15:40:00'),
       (4, 'gipo', NULL, '2012-06-13 16:00:00'),
       (5, 'gourmet', NULL, '2012-06-14 16:40:00');

-- --------------------------------------------------------

--
-- Table structure for table `country_master`
--

CREATE TABLE `country_master`
(
    `countries_id`         int(11)     NOT NULL,
    `countries_name`       varchar(64) NOT NULL    DEFAULT '',
    `countries_iso_code_2` varchar(2)  NOT NULL    DEFAULT '',
    `countries_iso_code_3` varchar(3)  NOT NULL    DEFAULT '',
    `immi_code_3`          varchar(5)  NOT NULL    DEFAULT '',
    `immi_code_4`          varchar(5)  NOT NULL    DEFAULT '',
    `immi_code_num`        varchar(5)  NOT NULL    DEFAULT '',
    `type`                 enum ('general','vevo') DEFAULT 'general',
    `synonyms`             text
) ENGINE = InnoDB
  DEFAULT CHARSET = utf8 COMMENT ='List of countries with their ISO codes.';

--
-- Dumping data for table `country_master`
--

INSERT INTO `country_master` (`countries_id`, `countries_name`, `countries_iso_code_2`, `countries_iso_code_3`,
                              `immi_code_3`, `immi_code_4`, `immi_code_num`, `type`, `synonyms`)
VALUES (1, 'Afghanistan', 'AF', 'AFG', 'AFG', 'AFGH', '2', 'general', NULL),
       (2, 'Albania', 'AL', 'ALB', 'ALB', 'ALBA', '3', 'general', NULL),
       (3, 'Algeria', 'DZ', 'DZA', 'DZA', 'ALGE', '4', 'general', NULL),
       (4, 'American Samoa', 'AS', 'ASM', 'ASM', 'ASAM', '5', 'general', NULL),
       (5, 'Andorra', 'AD', 'AND', 'AND', 'ANDO', '6', 'general', NULL),
       (6, 'Angola', 'AO', 'AGO', 'AGO', 'ANGA', '7', 'general', NULL),
       (7, 'Anguilla', 'AI', 'AIA', 'AIA', 'ANGU', '8', 'general', NULL),
       (8, 'Antarctica', 'AQ', 'ATA', '', '', '', 'general', NULL),
       (9, 'Antigua and Barbuda', 'AG', 'ATG', 'ATG', 'ANBA', '9', 'general', NULL),
       (10, 'Argentina', 'AR', 'ARG', 'ARG', 'ARGE', '10', 'general', NULL),
       (11, 'Armenia', 'AM', 'ARM', 'ARM', 'ARME', '11', 'general', NULL),
       (12, 'Aruba', 'AW', 'ABW', 'ABW', 'ARUB', '12', 'general', NULL),
       (13, 'Australia', 'AU', 'AUS', 'AUS', 'A', '13', 'general', NULL),
       (14, 'Austria', 'AT', 'AUT', 'AUT', 'AUST', '14', 'general', NULL),
       (15, 'Azerbaijan', 'AZ', 'AZE', 'AZE', 'AZER', '15', 'general', NULL),
       (16, 'Bahamas', 'BS', 'BHS', 'BHS', 'BHMS', '16', 'general', NULL),
       (17, 'Bahrain', 'BH', 'BHR', 'BHR', 'BAHR', '17', 'general', NULL),
       (18, 'Bangladesh', 'BD', 'BGD', 'BGD', 'BDES', '18', 'general', NULL),
       (19, 'Barbados', 'BB', 'BRB', 'BRB', 'BARS', '19', 'general', NULL),
       (20, 'Belarus', 'BY', 'BLR', 'BLR', 'BYEL', '20', 'general', NULL),
       (21, 'Belgium', 'BE', 'BEL', 'BEL', 'BELM', '21', 'general', NULL),
       (22, 'Belize', 'BZ', 'BLZ', 'BLZ', 'BELZ', '22', 'general', NULL),
       (23, 'Benin', 'BJ', 'BEN', 'BEN', 'BENI', '23', 'general', NULL),
       (24, 'Bermuda', 'BM', 'BMU', 'BMU', 'BERM', '24', 'general', NULL),
       (25, 'Bhutan', 'BT', 'BTN', 'BTN', 'BHUT', '25', 'general', NULL),
       (26, 'Bolivia', 'BO', 'BOL', 'BOL', 'BOLI', '26', 'general', NULL),
       (27, 'Bosnia and Herzegowina', 'BA', 'BIH', 'BIH', 'BOHE', '28', 'general', NULL),
       (28, 'Botswana', 'BW', 'BWA', 'BWA', 'BOTS', '29', 'general', NULL),
       (29, 'Bouvet Island', 'BV', 'BVT', '', 'BVTI', '30', 'general', NULL),
       (30, 'Brazil', 'BR', 'BRA', 'BRA', 'BRAZ', '31', 'general', NULL),
       (31, 'British Indian Ocean Territory', 'IO', 'IOT', '', 'BIOT', '32', 'general', NULL),
       (32, 'Brunei Darussalam', 'BN', 'BRN', 'BRN', 'BRUI', '34', 'general', NULL),
       (33, 'Bulgaria', 'BG', 'BGR', 'BGR', 'BULG', '35', 'general', NULL),
       (34, 'Burkina Faso', 'BF', 'BFA', 'BFA', 'UVOL', '36', 'general', NULL),
       (35, 'Burundi', 'BI', 'BDI', 'BDI', 'BURU', '37', 'general', NULL),
       (36, 'Cambodia', 'KH', 'KHM', 'KHM', 'CAMB', '39', 'general', NULL),
       (37, 'Cameroon', 'CM', 'CMR', 'CMR', 'CREP', '40', 'general', NULL),
       (38, 'Canada', 'CA', 'CAN', 'CAN', 'CANA', '41', 'general', NULL),
       (39, 'Cape Verde', 'CV', 'CPV', '', 'CVER', '42', 'general', NULL),
       (40, 'Cayman Islands', 'KY', 'CYM', 'CYM', 'CAIS', '43', 'general', NULL),
       (41, 'Central African Republic', 'CF', 'CAF', 'CAF', 'CARE', '44', 'general', NULL),
       (42, 'Chad', 'TD', 'TCD', 'TCD', 'CHAD', '45', 'general', NULL),
       (43, 'Chile', 'CL', 'CHL', 'CHL', 'CHIL', '46', 'general', NULL),
       (44, 'China', 'CN', 'CHN', 'CHN', 'PRCH', '47', 'general', NULL),
       (45, 'Christmas Island', 'CX', 'CXR', '', 'CSIS', '48', 'general', NULL),
       (46, 'Cocos (Keeling) Islands', 'CC', 'CCK', '', 'COCO', '49', 'general', NULL),
       (47, 'Colombia', 'CO', 'COL', 'COL', 'COLA', '50', 'general', NULL),
       (48, 'Comoros', 'KM', 'COM', 'COM', 'COMO', '51', 'general', NULL),
       (49, 'Congo', 'CG', 'COG', 'COG', 'CONG', '52', 'general', NULL),
       (50, 'Cook Islands', 'CK', 'COK', 'COK', 'COOI', '53', 'general', NULL),
       (51, 'Costa Rica', 'CR', 'CRI', 'CRI', 'CRIC', '54', 'general', NULL),
       (52, 'Cote D\'Ivoire', 'CI', 'CIV', 'CIV', 'ICOA', '55', 'general', NULL),
       (53, 'Croatia', 'HR', 'HRV', 'HRV', 'CROA', '56', 'general', NULL),
       (54, 'Cuba', 'CU', 'CUB', 'CUB', 'CUBA', '57', 'general', NULL),
       (55, 'Cyprus', 'CY', 'CYP', 'CYP', 'CYPR', '59', 'general', NULL),
       (56, 'Czech Republic', 'CZ', 'CZE', 'CZE', 'CZER', '60', 'general', NULL),
       (57, 'Denmark', 'DK', 'DNK', 'DNK', 'DENM', '61', 'general', NULL),
       (58, 'Djibouti', 'DJ', 'DJI', 'DJI', 'JIBU', '62', 'general', NULL),
       (59, 'Dominica', 'DM', 'DMA', 'DMA', 'DOMI', '63', 'general', NULL),
       (60, 'Dominican Republic', 'DO', 'DOM', 'DOM', 'DREP', '64', 'general', NULL),
       (61, 'East Timor', 'TP', 'TMP', 'TMP', 'ETIM', '228', 'general', NULL),
       (62, 'Ecuador', 'EC', 'ECU', 'ECU', 'ECUA', '65', 'general', NULL),
       (63, 'Egypt', 'EG', 'EGY', 'EGY', 'EGYP', '66', 'general', NULL),
       (64, 'El Salvador', 'SV', 'SLV', 'SLV', 'ESAL', '67', 'general', NULL),
       (65, 'Equatorial Guinea', 'GQ', 'GNQ', 'GNQ', 'EQGN', '69', 'general', NULL),
       (66, 'Eritrea', 'ER', 'ERI', 'ERI', 'ERIT', '70', 'general', NULL),
       (67, 'Estonia', 'EE', 'EST', 'EST', 'ESTO', '71', 'general', NULL),
       (68, 'Ethiopia', 'ET', 'ETH', 'ETH', 'ETHI', '72', 'general', NULL),
       (69, 'Falkland Islands (Malvinas)', 'FK', 'FLK', 'FLK', 'FALI', '73', 'general', NULL),
       (70, 'Faroe Islands', 'FO', 'FRO', '', 'FAIS', '74', 'general', NULL),
       (71, 'Fiji', 'FJ', 'FJI', 'FJI', 'FIJI', '75', 'general', NULL),
       (72, 'Finland', 'FI', 'FIN', 'FIN', 'FINL', '76', 'general', NULL),
       (73, 'France', 'FR', 'FRA', 'FRA', 'FRAE', '77', 'general', NULL),
       (74, 'France, Metropolitan', 'FX', 'FXX', '', '', '', 'general', NULL),
       (75, 'French Guiana', 'GF', 'GUF', 'GUF', 'GUYE', '78', 'general', NULL),
       (76, 'French Polynesia', 'PF', 'PYF', 'PYF', 'FPOL', '79', 'general', NULL),
       (77, 'French Southern Territories', 'TF', 'ATF', '', '', '', 'general', NULL),
       (78, 'Gabon', 'GA', 'GAB', 'GAB', 'GABO', '81', 'general', NULL),
       (79, 'Gambia', 'GM', 'GMB', 'GMB', 'GAMB', '82', 'general', NULL),
       (80, 'Georgia', 'GE', 'GEO', 'GEO', 'GEOG', '84', 'general', NULL),
       (81, 'Germany', 'DE', 'DEU', 'D', 'GERM', '86', 'general', NULL),
       (82, 'Ghana', 'GH', 'GHA', 'GHA', 'GHAN', '87', 'general', NULL),
       (83, 'Gibraltar', 'GI', 'GIB', 'GIB', 'GIBR', '88', 'general', NULL),
       (84, 'Greece', 'GR', 'GRC', 'GRC', 'GREE', '89', 'general', NULL),
       (85, 'Greenland', 'GL', 'GRL', 'GRL', 'GRED', '90', 'general', NULL),
       (86, 'Grenada', 'GD', 'GRD', 'GRD', 'GREN', '91', 'general', NULL),
       (87, 'Guadeloupe', 'GP', 'GLP', 'GLP', 'GUAE', '92', 'general', NULL),
       (88, 'Guam', 'GU', 'GUM', 'GUM', 'GUAM', '93', 'general', NULL),
       (89, 'Guatemala', 'GT', 'GTM', 'GTM', 'GUAT', '94', 'general', NULL),
       (90, 'Guinea', 'GN', 'GIN', 'GIN', 'GUIN', '96', 'general', NULL),
       (91, 'Guinea-bissau', 'GW', 'GNB', 'GNB', 'GUBS', '97', 'general', NULL),
       (92, 'Guyana', 'GY', 'GUY', 'GUY', 'GUYN', '98', 'general', NULL),
       (93, 'Haiti', 'HT', 'HTI', 'HTI', 'HAIT', '99', 'general', NULL),
       (94, 'Heard and Mc Donald Islands', 'HM', 'HMD', '', 'HMDI', '100', 'general', NULL),
       (95, 'Honduras', 'HN', 'HND', 'HND', 'HOND', '101', 'general', NULL),
       (96, 'Hong Kong', 'HK', 'HKG', 'HKG', 'HKON', '102', 'general', NULL),
       (97, 'Hungary', 'HU', 'HUN', 'HUN', 'HUNG', '103', 'general', NULL),
       (98, 'Iceland', 'IS', 'ISL', 'ISL', 'ICEL', '104', 'general', NULL),
       (99, 'India', 'IN', 'IND', 'IND', 'INDI', '105', 'general', NULL),
       (100, 'Indonesia', 'ID', 'IDN', 'IDN', 'INDO', '106', 'general', NULL),
       (101, 'Iran', 'IR', 'IRN', 'IRN', 'IRAN', '107', 'general', NULL),
       (102, 'Iraq', 'IQ', 'IRQ', 'IRQ', 'IRAQ', '108', 'general', NULL),
       (103, 'Ireland', 'IE', 'IRL', 'IRL', 'IREP', '109', 'general', NULL),
       (104, 'Israel', 'IL', 'ISR', 'ISR', 'ISRA', '111', 'general', NULL),
       (105, 'Italy', 'IT', 'ITA', 'ITA', 'ITAL', '112', 'general', NULL),
       (106, 'Jamaica', 'JM', 'JAM', 'JAM', 'JAMA', '113', 'general', NULL),
       (107, 'Japan', 'JP', 'JPN', 'JPN', 'JAPA', '114', 'general', NULL),
       (108, 'Jordan', 'JO', 'JOR', 'JOR', 'JORD', '116', 'general', NULL),
       (109, 'Kazakhstan', 'KZ', 'KAZ', 'KAZ', 'KAZA', '117', 'general', NULL),
       (110, 'Kenya', 'KE', 'KEN', 'KEN', 'KENY', '118', 'general', NULL),
       (111, 'Kiribati', 'KI', 'KIR', 'KIR', 'GIIS', '119', 'general', NULL),
       (112, 'Korea, North', 'KP', 'PRK', 'PRK ', 'NKOR', '120', 'general', NULL),
       (113, 'Korea, South', 'KR', 'KOR', 'KOR', 'SKOR', '121', 'general', NULL),
       (114, 'Kuwait', 'KW', 'KWT', 'KWT', 'KUWA', '123', 'general', NULL),
       (115, 'Kyrgyzstan', 'KG', 'KGZ', 'KGZ', 'KIRG', '124', 'general', NULL),
       (116, 'Lao People\'s Democratic Republic', 'LA', 'LAO', 'LAO', 'LAOS', '125', 'general', NULL),
       (117, 'Latvia', 'LV', 'LVA', 'LVA', 'LATV', '126', 'general', NULL),
       (118, 'Lebanon', 'LB', 'LBN', 'LBN', 'LEBA', '127', 'general', NULL),
       (119, 'Lesotho', 'LS', 'LSO', 'LSO', 'LESO', '128', 'general', NULL),
       (120, 'Liberia', 'LR', 'LBR', 'LBR', 'LIBE', '129', 'general', NULL),
       (121, 'Libyan Arab Jamahiriya', 'LY', 'LBY', 'LBY', 'LIBY', '130', 'general', NULL),
       (122, 'Liechtenstein', 'LI', 'LIE', 'LIE', 'LIEC', '131', 'general', NULL),
       (123, 'Lithuania', 'LT', 'LTU', 'LTU', 'LITH', '132', 'general', NULL),
       (124, 'Luxembourg', 'LU', 'LUX', 'LUX', 'LUXE', '133', 'general', NULL),
       (125, 'Macau', 'MO', 'MAC', 'MAC', 'MACS', '134', 'general', NULL),
       (126, 'Macedonia, The Former Yugoslav Republic of', 'MK', 'MKD', 'MKD', 'MKDA', '80', 'general', NULL),
       (127, 'Madagascar', 'MG', 'MDG', 'MDG', 'MADA', '135', 'general', NULL),
       (128, 'Malawi', 'MW', 'MWI', 'MWI', 'MALW', '136', 'general', NULL),
       (129, 'Malaysia', 'MY', 'MYS', 'MYS', 'MALS', '137', 'general', NULL),
       (130, 'Maldives', 'MV', 'MDV', 'MDV', 'MIS', '138', 'general', NULL),
       (131, 'Mali', 'ML', 'MLI', 'MLI', 'M', '139', 'general', NULL),
       (132, 'Malta', 'MT', 'MLT', 'MLT', 'MALT', '140', 'general', NULL),
       (133, 'Marshall Islands', 'MH', 'MHL', 'MHL', 'MAIS', '141', 'general', NULL),
       (134, 'Martinique', 'MQ', 'MTQ', 'MTQ', 'MART', '142', 'general', NULL),
       (135, 'Mauritania', 'MR', 'MRT', 'MRT', 'MAUA', '143', 'general', NULL),
       (136, 'Mauritius', 'MU', 'MUS', 'MUS', 'MAUS', '144', 'general', NULL),
       (137, 'Mayotte', 'YT', 'MYT', '', 'MAYO', '145', 'general', NULL),
       (138, 'Mexico', 'MX', 'MEX', 'MEX', 'MEXI', '146', 'general', NULL),
       (139, 'Micronesia, Federated States of', 'FM', 'FSM', 'FSM', 'MICS', '147', 'general', NULL),
       (140, 'Moldova, Republic of', 'MD', 'MDA', 'MDA', 'MOLD', '148', 'general', NULL),
       (141, 'Monaco', 'MC', 'MCO', 'MCO', 'MONA', '149', 'general', NULL),
       (142, 'Mongolia', 'MN', 'MNG', 'MNG', 'MONG', '150', 'general', NULL),
       (143, 'Montserrat', 'MS', 'MSR', 'MSR', 'MONT', '152', 'general', NULL),
       (144, 'Morocco', 'MA', 'MAR', 'MAR', 'MORO', '153', 'general', NULL),
       (145, 'Mozambique', 'MZ', 'MOZ', 'MOZ', 'MOZA', '154', 'general', NULL),
       (146, 'Myanmar', 'MM', 'MMR', '', 'MYAN', '155', 'general', NULL),
       (147, 'Namibia', 'NA', 'NAM', 'NAM', 'NAMI', '156', 'general', NULL),
       (148, 'Nauru', 'NR', 'NRU', 'NRU', 'NAUR', '157', 'general', NULL),
       (149, 'Nepal', 'NP', 'NPL', 'NPL', 'NEPA', '158', 'general', NULL),
       (150, 'Netherlands', 'NL', 'NLD', 'NLD', 'NETH', '159', 'general', NULL),
       (151, 'Netherlands Antilles', 'AN', 'ANT', 'ANT', 'NANT', '', 'general', NULL),
       (152, 'New Caledonia', 'NC', 'NCL', 'NCL', 'NCAL', '160', 'general', NULL),
       (153, 'New Zealand', 'NZ', 'NZL', 'NZL', 'NZEA', '163', 'general', NULL),
       (154, 'Nicaragua', 'NI', 'NIC', 'NIC', 'NICA', '164', 'general', NULL),
       (155, 'Niger', 'NE', 'NER', 'NER', 'NIGR', '165', 'general', NULL),
       (156, 'Nigeria', 'NG', 'NGA', 'NGA', 'NGRA', '166', 'general', NULL),
       (157, 'Niue', 'NU', 'NIU', 'NIU', 'NIUE', '167', 'general', NULL),
       (158, 'Norfolk Island', 'NF', 'NFK', '', 'NOIS', '168', 'general', NULL),
       (159, 'Northern Mariana Islands', 'MP', 'MNP', '', 'NMAI', '170', 'general', NULL),
       (160, 'Norway', 'NO', 'NOR', 'NOR', 'NORW', '171', 'general', NULL),
       (161, 'Oman', 'OM', 'OMN', 'OMN', 'OMAN', '172', 'general', NULL),
       (162, 'Pakistan', 'PK', 'PAK', 'PAK', 'PKSN', '173', 'general', NULL),
       (163, 'Palau', 'PW', 'PLW', 'PLW', 'PALA', '174', 'general', NULL),
       (164, 'Panama', 'PA', 'PAN', 'PAN', 'PANA', '176', 'general', NULL),
       (165, 'Papua New Guinea', 'PG', 'PNG', 'PNG', 'NGUI', '177', 'general', NULL),
       (166, 'Paraguay', 'PY', 'PRY', 'PRY', 'PARA', '178', 'general', NULL),
       (167, 'Peru', 'PE', 'PER', 'PER', 'PERU', '179', 'general', NULL),
       (168, 'Philippines', 'PH', 'PHL', 'PHL', 'PHIL', '180', 'general', NULL),
       (169, 'Pitcairn', 'PN', 'PCN', 'PCN', 'PIIS', '181', 'general', NULL),
       (170, 'Poland', 'PL', 'POL', 'POL', 'POLA', '182', 'general', NULL),
       (171, 'Portugal', 'PT', 'PRT', 'PRT', 'PORL', '183', 'general', NULL),
       (172, 'Puerto Rico', 'PR', 'PRI', 'PRI', 'PRIC', '184', 'general', NULL),
       (173, 'Qatar', 'QA', 'QAT', 'QAT', 'QATA', '185', 'general', NULL),
       (174, 'Reunion', 'RE', 'REU', 'REU', 'REIS', '186', 'general', NULL),
       (175, 'Romania', 'RO', 'ROM', 'ROU', 'ROUM', '187', 'general', NULL),
       (176, 'Russian Federation', 'RU', 'RUS', 'RUS', 'RFED', '188', 'general', NULL),
       (177, 'Rwanda', 'RW', 'RWA', 'RWA', 'RWAN', '189', 'general', NULL),
       (178, 'Saint Kitts and Nevis', 'KN', 'KNA', 'KNA', 'SCKN', '214', 'general', NULL),
       (179, 'Saint Lucia', 'LC', 'LCA', 'LCA', 'STLU', '192', 'general', NULL),
       (180, 'Saint Vincent and the Grenadines', 'VC', 'VCT', 'VCT', 'STVG', '216', 'general', NULL),
       (181, 'Samoa', 'WS', 'WSM', 'WSM', 'SAMO', '194', 'general', NULL),
       (182, 'San Marino', 'SM', 'SMR', 'SMR', 'SMAR', '195', 'general', NULL),
       (183, 'Sao Tome and Principe', 'ST', 'STP', 'STP', 'STPR', '196', 'general', NULL),
       (184, 'Saudi Arabia', 'SA', 'SAU', 'SAU', 'SAAR', '197', 'general', NULL),
       (185, 'Senegal', 'SN', 'SEN', 'SEN', 'SENE', '199', 'general', NULL),
       (186, 'Seychelles', 'SC', 'SYC', 'SYC', 'SEYC', '201', 'general', NULL),
       (187, 'Sierra Leone', 'SL', 'SLE', 'SLE', 'SLEO', '202', 'general', NULL),
       (188, 'Singapore', 'SG', 'SGP', 'SGP', 'SING', '203', 'general', NULL),
       (189, 'Slovakia (Slovak Republic)', 'SK', 'SVK', 'SVK', 'SVKA', '205', 'general', NULL),
       (190, 'Slovenia', 'SI', 'SVN', 'SVN', 'SLOV', '206', 'general', NULL),
       (191, 'Solomon Islands', 'SB', 'SLB', 'SLB', 'SOLI', '207', 'general', NULL),
       (192, 'Somalia', 'SO', 'SOM', 'SOM', 'SOMA', '208', 'general', NULL),
       (193, 'South Africa', 'ZA', 'ZAF', 'ZAF', 'SAFR', '209', 'general', NULL),
       (194, 'South Georgia and the South Sandwich Islands', 'GS', 'SGS', '', '', '', 'general', NULL),
       (195, 'Spain', 'ES', 'ESP', 'ESP', 'SPAI', '211', 'general', NULL),
       (196, 'Sri Lanka', 'LK', 'LKA', '', '', '', 'general', NULL),
       (197, 'St. Helena', 'SH', 'SHN', '', 'SHEL', '213', 'general', NULL),
       (198, 'St. Pierre and Miquelon', 'PM', 'SPM', '', 'STPM', '215', 'general', NULL),
       (199, 'Sudan', 'SD', 'SDN', 'SDN', 'SUDA', '217', 'general', NULL),
       (200, 'Suriname', 'SR', 'SUR', 'SUR', 'SURI', '218', 'general', NULL),
       (201, 'Svalbard and Jan Mayen Islands', 'SJ', 'SJM', '', 'SAJM', '219', 'general', NULL),
       (202, 'Swaziland', 'SZ', 'SWZ', 'SWZ', 'SWAZ', '220', 'general', NULL),
       (203, 'Sweden', 'SE', 'SWE', 'SWE', 'SWED', '221', 'general', NULL),
       (204, 'Switzerland', 'CH', 'CHE', 'CHE', 'SWIT', '222', 'general', NULL),
       (205, 'Syria', 'SY', 'SYR', 'SYR', 'SYRI', '223', 'general', NULL),
       (206, 'Taiwan', 'TW', 'TWN', 'TWN', 'TAIW', '224', 'general', NULL),
       (207, 'Tajikistan', 'TJ', 'TJK', 'TJK', 'TADZ', '225', 'general', NULL),
       (208, 'Tanzania, United Republic of', 'TZ', 'TZA', 'TZA', 'TANZ', '226', 'general', NULL),
       (209, 'Thailand', 'TH', 'THA', 'THA', 'THAI', '227', 'general', NULL),
       (210, 'Togo', 'TG', 'TGO', 'TGO', 'TOGO', '230', 'general', NULL),
       (211, 'Tokelau', 'TK', 'TKL', 'TKL', 'TOKE', '231', 'general', NULL),
       (212, 'Tonga', 'TO', 'TON', 'TON', 'TONG', '232', 'general', NULL),
       (213, 'Trinidad and Tobago', 'TT', 'TTO', 'TTO', 'TRIN', '233', 'general', NULL),
       (214, 'Tunisia', 'TN', 'TUN', 'TUN', 'TUNI', '234', 'general', NULL),
       (215, 'Turkey', 'TR', 'TUR', 'TUR', 'TURY', '235', 'general', NULL),
       (216, 'Turkmenistan', 'TM', 'TKM', 'TKM', 'TURM', '236', 'general', NULL),
       (217, 'Turks and Caicos Islands', 'TC', 'TCA', 'TCA', 'TCIS', '237', 'general', NULL),
       (218, 'Tuvalu', 'TV', 'TUV', 'TUV', 'TUVU', '238', 'general', NULL),
       (219, 'Uganda', 'UG', 'UGA', 'UGA', 'UGAN', '240', 'general', NULL),
       (220, 'Ukraine', 'UA', 'UKR', 'UKR', 'UKRA', '241', 'general', NULL),
       (221, 'United Arab Emirates', 'AE', 'ARE', 'ARE', 'UAEM', '242', 'general', NULL),
       (222, 'United Kingdom', 'GB', 'GBR', '', 'UK', '243', 'general', NULL),
       (223, 'United States', 'US', 'USA', 'USA', 'USA', '244', 'general', NULL),
       (224, 'United States Minor Outlying Islands', 'UM', 'UMI', '', 'USOI', '239', 'general', NULL),
       (225, 'Uruguay', 'UY', 'URY', 'URY', 'URUG', '245', 'general', NULL),
       (226, 'Uzbekistan', 'UZ', 'UZB', 'UZB', 'UZBE', '246', 'general', NULL),
       (227, 'Vanuatu', 'VU', 'VUT', 'VUT', 'VANU', '247', 'general', NULL),
       (228, 'Vatican City State (Holy See)', 'VA', 'VAT', 'VAT', 'VCIT', '248', 'general', NULL),
       (229, 'Venezuela', 'VE', 'VEN', 'VEN', 'VENE', '249', 'general', NULL),
       (230, 'Vietnam', 'VN', 'VNM', 'VNM', 'VIET', '250', 'general', NULL),
       (231, 'Virgin Islands (British)', 'VG', 'VGB', 'VGB', 'VIUK', '252', 'general', NULL),
       (232, 'Virgin Islands (U.S.)', 'VI', 'VIR', '', 'VIIS', '251', 'general', NULL),
       (233, 'Wallis and Futuna Islands', 'WF', 'WLF', '', 'WAFU', '254', 'general', NULL),
       (234, 'Western Sahara', 'EH', 'ESH', '', '', '', 'general', NULL),
       (235, 'Yemen', 'YE', 'YEM', 'YEM', 'YEME', '256', 'general', NULL),
       (236, 'Yugoslavia', 'YU', 'YUG', 'YUG', 'FRY', '257', 'general', NULL),
       (237, 'Zaire', 'ZR', 'ZAR', 'ZAR', 'ZAIR', '258', 'general', NULL),
       (238, 'Zambia', 'ZM', 'ZMB', 'ZMB', 'ZAMB', '259', 'general', NULL),
       (239, 'Zimbabwe', 'ZW', 'ZWE', 'ZWE', 'ZIMB', '260', 'general', NULL),
       (240, 'Palestine', 'PS', 'PSE', 'PSE', 'PALE', '175', 'general', NULL),
       (241, 'Aland Islands', 'AX', 'ALA', 'COD', '', '', 'general', NULL),
       (242, 'Bonaire', 'BQ', 'BES', 'SSD', 'SSDN', '210', 'general', NULL),
       (243, 'Curacao', 'CW', 'CUW', '', '', '', 'general', NULL),
       (244, 'Guernsey', 'GG', 'GGY', '', '', '', 'general', NULL),
       (245, 'Isle of Man', 'IM', 'IMN', '', '', '', 'general', NULL),
       (246, 'Jersey', 'JE', 'JEY', '', '', '', 'general', NULL),
       (247, 'Montenegro', 'ME', 'MNE', '', '', '', 'general', NULL),
       (248, 'Saint Barthelemy', 'BL', 'BLM', '', '', '', 'general', NULL),
       (249, 'Saint Martin (French part)', 'MF', 'MAF', '', '', '', 'general', NULL),
       (250, 'Serbia', 'RS', 'SRB', '', '', '', 'general', NULL),
       (251, 'Sint Maarten (Dutch part)', 'SX', 'SXM', '', '', '', 'general', NULL),
       (252, 'Democratic Congo', 'CD', 'COD', '', '', '', 'general', NULL),
       (253, 'South Sudan', 'SS', 'SSD', '', '', '', 'general', NULL),
       (254, 'Kosovo', 'XK', 'UNK', 'RKS', 'KOSO', '122', 'general', NULL),
       (500, 'Afghanistan', '', '', 'AFG', '', '', 'vevo', NULL),
       (501, 'Albania', '', '', 'ALB', '', '', 'vevo', NULL),
       (502, 'Algeria', '', '', 'DZA', '', '', 'vevo', NULL),
       (503, 'American Samoa', '', '', 'ASM', '', '', 'vevo', NULL),
       (504, 'Andorra', '', '', 'AND', '', '', 'vevo', NULL),
       (505, 'Angola', '', '', 'AGO', '', '', 'vevo', NULL),
       (506, 'Anguilla', '', '', 'AIA', '', '', 'vevo', NULL),
       (507, 'Antarctica', '', '', 'ATA', '', '', 'vevo', NULL),
       (508, 'Antigua and Barbuda', '', '', 'ATG', '', '', 'vevo', NULL),
       (509, 'Argentina', '', '', 'ARG', '', '', 'vevo', NULL),
       (510, 'Armenia', '', '', 'ARM', '', '', 'vevo', NULL),
       (511, 'Aruba', '', '', 'ABW', '', '', 'vevo', NULL),
       (512, 'Australia', '', '', 'AUS', '', '', 'vevo', NULL),
       (513, 'Austria', '', '', 'AUT', '', '', 'vevo', NULL),
       (514, 'Azerbaijan', '', '', 'AZE', '', '', 'vevo', NULL),
       (515, 'Bahamas', '', '', 'BHS', '', '', 'vevo', NULL),
       (516, 'Bahrain', '', '', 'BHR', '', '', 'vevo', NULL),
       (517, 'Bangladesh', '', '', 'BGD', '', '', 'vevo', NULL),
       (518, 'Barbados', '', '', 'BRB', '', '', 'vevo', NULL),
       (519, 'Belarus', '', '', 'BLR', '', '', 'vevo', NULL),
       (520, 'Belgium', '', '', 'BEL', '', '', 'vevo', NULL),
       (521, 'Belize', '', '', 'BLZ', '', '', 'vevo', NULL),
       (522, 'Benin', '', '', 'BEN', '', '', 'vevo', NULL),
       (523, 'Bermuda', '', '', 'BMU', '', '', 'vevo', NULL),
       (524, 'Bhutan', '', '', 'BTN', '', '', 'vevo', NULL),
       (525, 'Bolivia', '', '', 'BOL', '', '', 'vevo', NULL),
       (526, 'Bonaire, Saint Eustatius and Saba', '', '', 'BES', '', '', 'vevo', NULL),
       (527, 'Bosnia and Herzegovina', '', '', 'BIH', '', '', 'vevo', NULL),
       (528, 'Botswana', '', '', 'BWA', '', '', 'vevo', NULL),
       (529, 'Bouvet Island', '', '', 'BVT', '', '', 'vevo', NULL),
       (530, 'Brazil', '', '', 'BRA', '', '', 'vevo', NULL),
       (531, 'British Indian Ocean Territory', '', '', 'IOT', '', '', 'vevo', NULL),
       (532, 'Brunei Darussalam', '', '', 'BRN', '', '', 'vevo', NULL),
       (533, 'Bulgaria', '', '', 'BGR', '', '', 'vevo', NULL),
       (534, 'Burkina Faso', '', '', 'BFA', '', '', 'vevo', NULL),
       (535, 'Burma (Myanmar)', '', '', 'MMR', '', '', 'vevo', NULL),
       (536, 'Burundi', '', '', 'BDI', '', '', 'vevo', NULL),
       (537, 'Cabo Verde', '', '', 'CPV', '', '', 'vevo', NULL),
       (538, 'Cambodia', '', '', 'KHM', '', '', 'vevo', NULL),
       (539, 'Cameroon', '', '', 'CMR', '', '', 'vevo', NULL),
       (540, 'Canada', '', '', 'CAN', '', '', 'vevo', NULL),
       (541, 'Cayman Islands', '', '', 'CYM', '', '', 'vevo', NULL),
       (542, 'Central African Republic', '', '', 'CAF', '', '', 'vevo', NULL),
       (543, 'Chad', '', '', 'TCD', '', '', 'vevo', NULL),
       (544, 'Chile', '', '', 'CHL', '', '', 'vevo', NULL),
       (545, 'China', '', '', 'CHN', '', '', 'vevo', NULL),
       (546, 'Cocos (Keeling) Islands', '', '', 'CCK', '', '', 'vevo', NULL),
       (547, 'Colombia', '', '', 'COL', '', '', 'vevo', NULL),
       (548, 'Comoros', '', '', 'COM', '', '', 'vevo', NULL),
       (549, 'Congo', '', '', 'COG', '', '', 'vevo', NULL),
       (550, 'Congo, Democratic Republic of the', '', '', 'COD', '', '', 'vevo', NULL),
       (551, 'Cook Islands', '', '', 'COK', '', '', 'vevo', NULL),
       (552, 'Costa Rica', '', '', 'CRI', '', '', 'vevo', NULL),
       (553, 'Cote D\'ivoire', '', '', 'CIV', '', '', 'vevo', NULL),
       (554, 'Croatia', '', '', 'HRV', '', '', 'vevo', NULL),
       (555, 'Cuba', '', '', 'CUB', '', '', 'vevo', NULL),
       (556, 'Curacao', '', '', 'CUW', '', '', 'vevo', NULL),
       (557, 'Cyprus', '', '', 'CYP', '', '', 'vevo', NULL),
       (558, 'Czech Republic', '', '', 'CZE', '', '', 'vevo', NULL),
       (559, 'Czechoslovakia', '', '', 'CSK', '', '', 'vevo', NULL),
       (560, 'Denmark', '', '', 'DNK', '', '', 'vevo', NULL),
       (561, 'Djibouti', '', '', 'DJI', '', '', 'vevo', NULL),
       (562, 'Dominica', '', '', 'DMA', '', '', 'vevo', NULL),
       (563, 'Dominican Republic', '', '', 'DOM', '', '', 'vevo', NULL),
       (564, 'East Timor', '', '', 'TMP', '', '', 'vevo', NULL),
       (565, 'Ecuador', '', '', 'ECU', '', '', 'vevo', NULL),
       (566, 'Egypt', '', '', 'EGY', '', '', 'vevo', NULL),
       (567, 'El Salvador', '', '', 'SLV', '', '', 'vevo', NULL),
       (568, 'Equatorial Guinea', '', '', 'GNQ', '', '', 'vevo', NULL),
       (569, 'Eritrea', '', '', 'ERI', '', '', 'vevo', NULL),
       (570, 'Estonia', '', '', 'EST', '', '', 'vevo', NULL),
       (571, 'Ethiopia', '', '', 'ETH', '', '', 'vevo', NULL),
       (572, 'Falkland Islands (Malvinas)', '', '', 'FLK', '', '', 'vevo', NULL),
       (573, 'Faroe Islands', '', '', 'FRO', '', '', 'vevo', NULL),
       (574, 'Fiji', '', '', 'FJI', '', '', 'vevo', NULL),
       (575, 'Finland', '', '', 'FIN', '', '', 'vevo', NULL),
       (576, 'France', '', '', 'FRA', '', '', 'vevo', NULL),
       (577, 'France, Metropolitan', '', '', 'FXX', '', '', 'vevo', NULL),
       (578, 'French Guiana', '', '', 'GUF', '', '', 'vevo', NULL),
       (579, 'French Polynesia', '', '', 'PYF', '', '', 'vevo', NULL),
       (580, 'French Southern Terr', '', '', 'ATF', '', '', 'vevo', NULL),
       (581, 'Gabon', '', '', 'GAB', '', '', 'vevo', NULL),
       (582, 'Gambia', '', '', 'GMB', '', '', 'vevo', NULL),
       (583, 'Georgia', '', '', 'GEO', '', '', 'vevo', NULL),
       (584, 'Georgia/Sandwich Isl', '', '', 'SGS', '', '', 'vevo', NULL),
       (585, 'Germany', '', '', 'D', '', '', 'vevo', NULL),
       (586, 'Ghana', '', '', 'GHA', '', '', 'vevo', NULL),
       (587, 'Gibraltar', '', '', 'GIB', '', '', 'vevo', NULL),
       (588, 'Greece', '', '', 'GRC', '', '', 'vevo', NULL),
       (589, 'Greenland', '', '', 'GRL', '', '', 'vevo', NULL),
       (590, 'Grenada', '', '', 'GRD', '', '', 'vevo', NULL),
       (591, 'Guadeloupe', '', '', 'GLP', '', '', 'vevo', NULL),
       (592, 'Guam', '', '', 'GUM', '', '', 'vevo', NULL),
       (593, 'Guatemala', '', '', 'GTM', '', '', 'vevo', NULL),
       (594, 'Guinea', '', '', 'GIN', '', '', 'vevo', NULL),
       (595, 'Guinea-Bissau', '', '', 'GNB', '', '', 'vevo', NULL),
       (596, 'Guyana', '', '', 'GUY', '', '', 'vevo', NULL),
       (597, 'Haiti', '', '', 'HTI', '', '', 'vevo', NULL),
       (598, 'Heard & Mcdonald Isl', '', '', 'HMD', '', '', 'vevo', NULL),
       (599, 'Honduras', '', '', 'HND', '', '', 'vevo', NULL),
       (600, 'Hong Kong Sar', '', '', 'HKG', '', '', 'vevo', NULL),
       (601, 'Hungary', '', '', 'HUN', '', '', 'vevo', NULL),
       (602, 'Iceland', '', '', 'ISL', '', '', 'vevo', NULL),
       (603, 'India', '', '', 'IND', '', '', 'vevo', NULL),
       (604, 'Indonesia', '', '', 'IDN', '', '', 'vevo', NULL),
       (605, 'Iran, Islamic Republic of', '', '', 'IRN', '', '', 'vevo', NULL),
       (606, 'Iraq', '', '', 'IRQ', '', '', 'vevo', NULL),
       (607, 'Ireland', '', '', 'IRL', '', '', 'vevo', NULL),
       (608, 'Israel', '', '', 'ISR', '', '', 'vevo', NULL),
       (609, 'Italy', '', '', 'ITA', '', '', 'vevo', NULL),
       (610, 'Jamaica', '', '', 'JAM', '', '', 'vevo', NULL),
       (611, 'Japan', '', '', 'JPN', '', '', 'vevo', NULL),
       (612, 'Jordan', '', '', 'JOR', '', '', 'vevo', NULL),
       (613, 'Kazakhstan', '', '', 'KAZ', '', '', 'vevo', NULL),
       (614, 'Kenya', '', '', 'KEN', '', '', 'vevo', NULL),
       (615, 'Kiribati', '', '', 'KIR', '', '', 'vevo', NULL),
       (616, 'Korea, Democratic Peoples Republic of (North)', '', '', 'PRK', '', '', 'vevo', NULL),
       (617, 'Korea, Republic of (South)', '', '', 'KOR', '', '', 'vevo', NULL),
       (618, 'Kosovo', '', '', 'RKS', '', '', 'vevo', NULL),
       (619, 'Kuwait', '', '', 'KWT', '', '', 'vevo', NULL),
       (620, 'Kyrgyzstan', '', '', 'KGZ', '', '', 'vevo', NULL),
       (621, 'Lao People\'s Democratic Republic', '', '', 'LAO', '', '', 'vevo', NULL),
       (622, 'Latvia', '', '', 'LVA', '', '', 'vevo', NULL),
       (623, 'Lebanon', '', '', 'LBN', '', '', 'vevo', NULL),
       (624, 'Lesotho', '', '', 'LSO', '', '', 'vevo', NULL),
       (625, 'Liberia', '', '', 'LBR', '', '', 'vevo', NULL),
       (626, 'Libya', '', '', 'LBY', '', '', 'vevo', NULL),
       (627, 'Liechtenstein', '', '', 'LIE', '', '', 'vevo', NULL),
       (628, 'Lithuania', '', '', 'LTU', '', '', 'vevo', NULL),
       (629, 'Luxembourg', '', '', 'LUX', '', '', 'vevo', NULL),
       (630, 'Macau Sar', '', '', 'MAC', '', '', 'vevo', NULL),
       (631, 'Macedonia, Former Yugoslav Republic of', '', '', 'MKD', '', '', 'vevo', NULL),
       (632, 'Madagascar', '', '', 'MDG', '', '', 'vevo', NULL),
       (633, 'Malawi', '', '', 'MWI', '', '', 'vevo', NULL),
       (634, 'Malaysia', '', '', 'MYS', '', '', 'vevo', NULL),
       (635, 'Maldives', '', '', 'MDV', '', '', 'vevo', NULL),
       (636, 'Mali', '', '', 'MLI', '', '', 'vevo', NULL),
       (637, 'Malta', '', '', 'MLT', '', '', 'vevo', NULL),
       (638, 'Marshall Islands', '', '', 'MHL', '', '', 'vevo', NULL),
       (639, 'Martinique', '', '', 'MTQ', '', '', 'vevo', NULL),
       (640, 'Mauritania', '', '', 'MRT', '', '', 'vevo', NULL),
       (641, 'Mauritius', '', '', 'MUS', '', '', 'vevo', NULL),
       (642, 'Mayotte', '', '', 'MYT', '', '', 'vevo', NULL),
       (643, 'Mexico', '', '', 'MEX', '', '', 'vevo', NULL),
       (644, 'Micronesia, Federated States of', '', '', 'FSM', '', '', 'vevo', NULL),
       (645, 'Moldova, Republic of', '', '', 'MDA', '', '', 'vevo', NULL),
       (646, 'Monaco', '', '', 'MCO', '', '', 'vevo', NULL),
       (647, 'Mongolia', '', '', 'MNG', '', '', 'vevo', NULL),
       (648, 'Montenegro', '', '', 'MNE', '', '', 'vevo', NULL),
       (649, 'Montserrat', '', '', 'MSR', '', '', 'vevo', NULL),
       (650, 'Morocco', '', '', 'MAR', '', '', 'vevo', NULL),
       (651, 'Mozambique', '', '', 'MOZ', '', '', 'vevo', NULL),
       (652, 'Namibia', '', '', 'NAM', '', '', 'vevo', NULL),
       (653, 'Nauru', '', '', 'NRU', '', '', 'vevo', NULL),
       (654, 'Nepal', '', '', 'NPL', '', '', 'vevo', NULL),
       (655, 'Netherlands', '', '', 'NLD', '', '', 'vevo', NULL),
       (656, 'Netherlands Antilles', '', '', 'ANT', '', '', 'vevo', NULL),
       (657, 'Neutral Zone', '', '', 'NTZ', '', '', 'vevo', NULL),
       (658, 'New Caledonia', '', '', 'NCL', '', '', 'vevo', NULL),
       (659, 'New Zealand', '', '', 'NZL', '', '', 'vevo', NULL),
       (660, 'Nicaragua', '', '', 'NIC', '', '', 'vevo', NULL),
       (661, 'Niger', '', '', 'NER', '', '', 'vevo', NULL),
       (662, 'Nigeria', '', '', 'NGA', '', '', 'vevo', NULL),
       (663, 'Niue', '', '', 'NIU', '', '', 'vevo', NULL),
       (664, 'Northern Mariana Isl', '', '', 'MNP', '', '', 'vevo', NULL),
       (665, 'Norway', '', '', 'NOR', '', '', 'vevo', NULL),
       (666, 'Oman', '', '', 'OMN', '', '', 'vevo', NULL),
       (667, 'Pakistan', '', '', 'PAK', '', '', 'vevo', NULL),
       (668, 'Palau', '', '', 'PLW', '', '', 'vevo', NULL),
       (669, 'Palestinian Authority', '', '', 'PSE', '', '', 'vevo', NULL),
       (670, 'Panama', '', '', 'PAN', '', '', 'vevo', NULL),
       (671, 'Papua New Guinea', '', '', 'PNG', '', '', 'vevo', NULL),
       (672, 'Paraguay', '', '', 'PRY', '', '', 'vevo', NULL),
       (673, 'Peru', '', '', 'PER', '', '', 'vevo', NULL),
       (674, 'Philippines', '', '', 'PHL', '', '', 'vevo', NULL),
       (675, 'Pitcairn', '', '', 'PCN', '', '', 'vevo', NULL),
       (676, 'Poland', '', '', 'POL', '', '', 'vevo', NULL),
       (677, 'Portugal', '', '', 'PRT', '', '', 'vevo', NULL),
       (678, 'Puerto Rico', '', '', 'PRI', '', '', 'vevo', NULL),
       (679, 'Qatar', '', '', 'QAT', '', '', 'vevo', NULL),
       (680, 'Refugee As Per Art 1', '', '', 'XXB', '', '', 'vevo', NULL),
       (681, 'Refugee Other', '', '', 'XXC', '', '', 'vevo', NULL),
       (682, 'Reunion', '', '', 'REU', '', '', 'vevo', NULL),
       (683, 'Romania', '', '', 'ROU', '', '', 'vevo', NULL),
       (684, 'Romania Pre 1/2/2002', '', '', 'ROM', '', '', 'vevo', NULL),
       (685, 'Russian Federation', '', '', 'RUS', '', '', 'vevo', NULL),
       (686, 'Rwanda', '', '', 'RWA', '', '', 'vevo', NULL),
       (687, 'Saint Helena, Ascension and Tristan Da Cunha', '', '', 'SHN', '', '', 'vevo', NULL),
       (688, 'Saint Kitts and Nevis', '', '', 'KNA', '', '', 'vevo', NULL),
       (689, 'Saint Lucia', '', '', 'LCA', '', '', 'vevo', NULL),
       (690, 'Saint Vincent and The Grenadines', '', '', 'VCT', '', '', 'vevo', NULL),
       (691, 'Samoa', '', '', 'WSM', '', '', 'vevo', NULL),
       (692, 'San Marino', '', '', 'SMR', '', '', 'vevo', NULL),
       (693, 'Sao Tome and Principe', '', '', 'STP', '', '', 'vevo', NULL),
       (694, 'Saudi Arabia', '', '', 'SAU', '', '', 'vevo', NULL),
       (695, 'Senegal', '', '', 'SEN', '', '', 'vevo', NULL),
       (696, 'Serbia', '', '', 'SRB', '', '', 'vevo', NULL),
       (697, 'Serbia and Montenegro', '', '', 'SCG', '', '', 'vevo', NULL),
       (698, 'Seychelles', '', '', 'SYC', '', '', 'vevo', NULL),
       (699, 'Sierra Leone', '', '', 'SLE', '', '', 'vevo', NULL),
       (700, 'Singapore', '', '', 'SGP', '', '', 'vevo', NULL),
       (701, 'Sint Maarten (Dutch Part)', '', '', 'SXM', '', '', 'vevo', NULL),
       (702, 'Slovak Republic', '', '', 'SVK', '', '', 'vevo', NULL),
       (703, 'Slovenia', '', '', 'SVN', '', '', 'vevo', NULL),
       (704, 'Solomon Islands', '', '', 'SLB', '', '', 'vevo', NULL),
       (705, 'Somalia', '', '', 'SOM', '', '', 'vevo', NULL),
       (706, 'South Africa', '', '', 'ZAF', '', '', 'vevo', NULL),
       (707, 'South Sudan', '', '', 'SSD', '', '', 'vevo', NULL),
       (708, 'Spain', '', '', 'ESP', '', '', 'vevo', NULL),
       (709, 'Sri Lanka', '', '', 'LKA', '', '', 'vevo', NULL),
       (710, 'St Pierre and Miquelon', '', '', 'SPM', '', '', 'vevo', NULL),
       (711, 'Stateless Person', '', '', 'XXA', '', '', 'vevo', NULL),
       (712, 'Sudan', '', '', 'SDN', '', '', 'vevo', NULL),
       (713, 'Suriname', '', '', 'SUR', '', '', 'vevo', NULL),
       (714, 'Svalbard and Jan Mayen', '', '', 'SJM', '', '', 'vevo', NULL),
       (715, 'Swaziland', '', '', 'SWZ', '', '', 'vevo', NULL),
       (716, 'Sweden', '', '', 'SWE', '', '', 'vevo', NULL),
       (717, 'Switzerland', '', '', 'CHE', '', '', 'vevo', NULL),
       (718, 'Syrian Arab Republic', '', '', 'SYR', '', '', 'vevo', NULL),
       (719, 'Taiwan', '', '', 'TWN', '', '', 'vevo', NULL),
       (720, 'Tajikistan', '', '', 'TJK', '', '', 'vevo', NULL),
       (721, 'Tanzania, United Republic of', '', '', 'TZA', '', '', 'vevo', NULL),
       (722, 'Thailand', '', '', 'THA', '', '', 'vevo', NULL),
       (723, 'Timor-leste', '', '', 'TLS', '', '', 'vevo', NULL),
       (724, 'Togo', '', '', 'TGO', '', '', 'vevo', NULL),
       (725, 'Tokelau', '', '', 'TKL', '', '', 'vevo', NULL),
       (726, 'Tonga', '', '', 'TON', '', '', 'vevo', NULL),
       (727, 'Trinidad and Tobago', '', '', 'TTO', '', '', 'vevo', NULL),
       (728, 'Tunisia', '', '', 'TUN', '', '', 'vevo', NULL),
       (729, 'Turkey', '', '', 'TUR', '', '', 'vevo', NULL),
       (730, 'Turkmenistan', '', '', 'TKM', '', '', 'vevo', NULL),
       (731, 'Turks and Caicos Islands', '', '', 'TCA', '', '', 'vevo', NULL),
       (732, 'Tuvalu', '', '', 'TUV', '', '', 'vevo', NULL),
       (733, 'U.S Minor Islands', '', '', 'UMI', '', '', 'vevo', NULL),
       (734, 'Uganda', '', '', 'UGA', '', '', 'vevo', NULL),
       (735, 'Ukraine', '', '', 'UKR', '', '', 'vevo', NULL),
       (736, 'United Arab Emirates', '', '', 'ARE', '', '', 'vevo', NULL),
       (737, 'United Kingdom - British Citizen', '', '', 'GBR', '', '', 'vevo', NULL),
       (738, 'United Kingdom - British National (Overseas)', '', '', 'GBN', '', '', 'vevo',
        'a:3:{i:0;s:2:\"uk\";i:1;s:7:\"britain\";i:2;s:2:\"gb\";}'),
       (739, 'United Kingdom - British Overseas Citizen', '', '', 'GBO', '', '', 'vevo',
        'a:3:{i:0;s:2:\"uk\";i:1;s:7:\"britain\";i:2;s:2:\"gb\";}'),
       (740, 'United Kingdom - British Overseas Territories Citizen', '', '', 'GBD', '', '', 'vevo',
        'a:3:{i:0;s:2:\"uk\";i:1;s:7:\"britain\";i:2;s:2:\"gb\";}'),
       (741, 'United Kingdom - British Protected Person', '', '', 'GBP', '', '', 'vevo',
        'a:3:{i:0;s:2:\"uk\";i:1;s:7:\"britain\";i:2;s:2:\"gb\";}'),
       (742, 'United Kingdom - British Subject', '', '', 'GBS', '', '', 'vevo',
        'a:3:{i:0;s:2:\"uk\";i:1;s:7:\"britain\";i:2;s:2:\"gb\";}'),
       (743, 'United Nations Agency', '', '', 'UNA', '', '', 'vevo', NULL),
       (744, 'United Nations Organisation', '', '', 'UNO', '', '', 'vevo', NULL),
       (745, 'United States', '', '', 'USA', '', '', 'vevo',
        'a:3:{i:0;s:3:\"usa\";i:1;s:2:\"us\";i:2;s:7:\"america\";}'),
       (746, 'UNMIK Travel Doc', '', '', 'UNK', '', '', 'vevo', NULL),
       (747, 'Unspecified Nationality', '', '', 'XXX', '', '', 'vevo', NULL),
       (748, 'Uruguay', '', '', 'URY', '', '', 'vevo', NULL),
       (749, 'Uzbekistan', '', '', 'UZB', '', '', 'vevo', NULL),
       (750, 'Vanuatu', '', '', 'VUT', '', '', 'vevo', NULL),
       (751, 'Vatican City State (Holy See)', '', '', 'VAT', '', '', 'vevo', NULL),
       (752, 'Venezuela', '', '', 'VEN', '', '', 'vevo', NULL),
       (753, 'Viet Nam', '', '', 'VNM', '', '', 'vevo', NULL),
       (754, 'Virgin Islands (British)', '', '', 'VGB', '', '', 'vevo', NULL),
       (755, 'Virgin Islands (U.S)', '', '', 'VIR', '', '', 'vevo', NULL),
       (756, 'Wallis and Futuna Isl', '', '', 'WLF', '', '', 'vevo', NULL),
       (757, 'Western Sahara', '', '', 'ESH', '', '', 'vevo', NULL),
       (758, 'Yemen', '', '', 'YEM', '', '', 'vevo', NULL),
       (759, 'Yugoslavia', '', '', 'YUG', '', '', 'vevo', NULL),
       (760, 'Zaire', '', '', 'ZAR', '', '', 'vevo', NULL),
       (761, 'Zambia', '', '', 'ZMB', '', '', 'vevo', NULL),
       (762, 'Zimbabwe', '', '', 'ZWE', '', '', 'vevo', NULL);

-- --------------------------------------------------------

--
-- Table structure for table `default_searches`
--

CREATE TABLE `default_searches`
(
    `member_id`           bigint(20)                  NOT NULL,
    `default_search`      varchar(50)                 NOT NULL,
    `default_search_type` enum ('clients','contacts') NOT NULL DEFAULT 'clients'
) ENGINE = InnoDB
  DEFAULT CHARSET = utf8 COMMENT ='Each user can use different default quick searches. There are 2 places where they are used - Clients and Contacts tabs.';

-- --------------------------------------------------------

--
-- Table structure for table `divisions`
--

CREATE TABLE `divisions`
(
    `division_id`           int(11) UNSIGNED NOT NULL,
    `division_group_id`     int(11) UNSIGNED    DEFAULT NULL,
    `company_id`            bigint(20)          DEFAULT NULL,
    `name`                  char(255)           DEFAULT '',
    `access_owner_can_edit` enum ('Y','N')      DEFAULT 'N',
    `access_permanent`      enum ('Y','N')      DEFAULT 'N',
    `access_assign_to`      enum ('Y','N')      DEFAULT 'N',
    `order`                 tinyint(3) UNSIGNED DEFAULT '0'
) ENGINE = InnoDB
  DEFAULT CHARSET = utf8 COMMENT ='List of offices/divisions.';

--
-- Dumping data for table `divisions`
--

INSERT INTO `divisions` (`division_id`, `division_group_id`, `company_id`, `name`, `access_owner_can_edit`,
                         `access_permanent`, `access_assign_to`, `order`)
VALUES (1, 1, 0, 'Calgary', 'N', 'N', 'N', 0),
       (2, 1, 0, 'Toronto', 'N', 'N', 'N', 12),
       (3, 1, 0, 'New Delhi', 'N', 'N', 'N', 13),
       (21, 1, 0, 'Toronto', 'N', 'N', 'N', 10),
       (22, 1, 0, 'Tehran', 'N', 'N', 'N', 9),
       (23, 1, 0, 'Dubai', 'N', 'N', 'N', 8),
       (24, 1, 0, 'Tehran', 'N', 'N', 'N', 7),
       (25, 1, 0, 'Toronto', 'N', 'N', 'N', 6),
       (26, 1, 0, 'Tehran', 'N', 'N', 'N', 5),
       (35, 1, 0, 'Montreal', 'N', 'N', 'N', 4),
       (36, 1, 0, 'Manila', 'N', 'N', 'N', 3),
       (37, 1, 0, 'New Delhi', 'N', 'N', 'N', 2),
       (38, 1, 0, 'Montreal', 'N', 'N', 'N', 1),
       (39, 1, 0, 'Montreal', 'N', 'N', 'N', 11),
       (40, 2, 1, 'Received', 'N', 'N', 'Y', 23),
       (41, 3, 1, 'Agent 1', 'Y', 'N', 'N', 0),
       (42, 4, 1, 'Agent2', 'Y', 'N', 'N', 0),
       (43, 5, 1, 'Agent X', 'Y', 'N', 'N', 0),
       (44, 6, 1, NULL, 'Y', 'N', 'N', 0),
       (45, 2, 1, 'Returned - Insufficient Docs', 'Y', 'N', 'N', 25),
       (49, 2, 1, 'Vetting', 'N', 'N', 'N', 31),
       (52, 2, 1, 'DD Complete', 'N', 'N', 'N', 9),
       (53, 2, 1, 'Under review', 'N', 'N', 'N', 29),
       (54, 2, 1, 'APPROVED', 'N', 'N', 'N', 5),
       (55, 2, 1, 'Declined', 'N', 'N', 'N', 15),
       (56, 2, 1, 'Sent to review committee', 'N', 'N', 'N', 27),
       (57, 2, 1, 'Certificate is issued', 'N', 'N', 'N', 7),
       (58, 2, 1, 'Referred for enhanced Due Diligence', 'N', 'N', 'N', 24),
       (59, 2, 1, 'Corp Services Officers', 'N', 'N', 'N', 8),
       (60, 2, 1, 'Hilary J', 'N', 'N', 'N', 20),
       (61, 2, 1, 'Dorian H', 'N', 'N', 'N', 14),
       (62, 2, 1, 'Genevieve R', 'N', 'N', 'N', 18),
       (63, 2, 1, 'Clair V', 'N', 'N', 'N', 6),
       (64, 2, 1, 'Merlinda F', 'N', 'N', 'N', 21),
       (65, 2, 1, 'Okara B', 'N', 'N', 'N', 22),
       (66, 2, 1, 'Venetta T', 'N', 'N', 'N', 30),
       (67, 2, 1, 'Gregory M', 'N', 'N', 'N', 19),
       (68, 2, 1, 'Denisha T', 'N', 'N', 'N', 16),
       (69, 2, 1, 'Sandra L', 'N', 'N', 'N', 26),
       (70, 2, 1, 'E Nanthan', 'N', 'N', 'N', 17),
       (71, 3, 1, 'subagent1', 'N', 'N', 'N', 1),
       (72, 7, 1, 'AAA Investor Immigration LTD', 'Y', 'N', 'N', 0),
       (73, 8, 1, 'ALICK C LAWRENCE CHAMBERS/THE NESTMANN GROUP LTD', 'Y', 'N', 'N', 0),
       (74, 9, 1, 'APEX CAPITAL PARTNERS', 'Y', 'N', 'N', 0),
       (75, 10, 1, 'ARTON CAPITAL', 'Y', 'N', 'N', 0),
       (76, 11, 1, 'BAYAT LAW GROUP INC', 'Y', 'N', 'N', 0),
       (77, 12, 1, 'BELNOR ASSOCIATES INC', 'Y', 'N', 'N', 0),
       (78, 13, 1, 'CARIBBEAN CITIZENSHIP INC', 'Y', 'N', 'N', 0),
       (79, 14, 1, 'CARIBBEAN COMMERCIAL & IP LAW PRACTITIONERS LLP', 'Y', 'N', 'N', 0),
       (80, 15, 1, 'CARIBBEAN CONSULTING SERVICES LTD', 'Y', 'N', 'N', 3),
       (81, 16, 1, 'CARIBBEAN CONSULTING SERVICES LTD MDM Consultancy & Marketing', 'Y', 'N', 'N', 0),
       (82, 17, 1, 'CARIBBEANSINO CONSULTING SERVICES LTD', 'Y', 'N', 'N', 0),
       (83, 18, 1, 'CCP INC', 'Y', 'N', 'N', 0),
       (84, 19, 1, 'CI - Dubai', 'Y', 'N', 'N', 1),
       (85, 20, 1, 'CTRUSTGLOBAL LTD', 'Y', 'N', 'N', 0),
       (86, 21, 1, 'DE FREITAS, DE FREITAS & JOHNSON CHAMBERS', 'Y', 'N', 'N', 0),
       (87, 22, 1, 'DESIGN MANAGEMENT LTD', 'Y', 'N', 'N', 0),
       (88, 23, 1, 'DOMINICAINTERNATIONAL INVESTMENT CORPORATION LIMITED', 'Y', 'N', 'N', 0),
       (89, 24, 1, 'DUNCAN G. STOWE', 'Y', 'N', 'N', 0),
       (90, 25, 1, 'GLOBAL CITIZENSHIP PROGRAMS LTD', 'Y', 'N', 'N', 0),
       (91, 26, 1, 'GUIDE CONSULTANTS INC', 'Y', 'N', 'N', 0),
       (92, 27, 1, 'HARVEY LAW GROUP', 'Y', 'N', 'N', 0),
       (93, 28, 1, 'IMT INC', 'Y', 'N', 'N', 0),
       (94, 29, 1, 'Deleted', 'Y', 'N', 'N', 0),
       (95, 30, 1, 'Vardikos & Vardikos', 'Y', 'N', 'N', 1),
       (96, 31, 1, 'LENNOX LAWRENCE Alfred Management & Business Consultancy', 'Y', 'N', 'N', 0),
       (97, 32, 1, 'MODERN AGRICULTURAL VENTURES INC', 'Y', 'N', 'N', 0),
       (98, 33, 1, 'MONTREAL MANAGEMENT CONSULTANTS EST LTD', 'Y', 'N', 'N', 0),
       (99, 34, 1, 'NL CITIZENSHIP LTD', 'Y', 'N', 'N', 0),
       (100, 35, 1, 'Bois Cotlette Inc.', 'Y', 'N', 'N', 0),
       (101, 36, 1, 'SAVORY AND PARTNERS', 'Y', 'N', 'N', 0),
       (102, 37, 1, 'SECOND CITIZENSHIP LTD', 'Y', 'N', 'N', 0),
       (103, 38, 1, 'SUNSTONE INCORPORATED - TRANQUILITY BEACH DOMINICA', 'Y', 'N', 'N', 0),
       (104, 39, 1, 'VERLYN LIZ-ANN FAUSTIN', 'Y', 'N', 'N', 0),
       (105, 40, 1, 'WHITCO INC', 'Y', 'N', 'N', 0),
       (106, 41, 1, 'Saree Investments', 'Y', 'N', 'N', 0),
       (107, 2, 1, 'DD - Bishops Services', 'N', 'N', 'N', 11),
       (108, 2, 1, 'DD - Thomson Reuters', 'N', 'N', 'N', 13),
       (109, 2, 1, 'DD - Exiger Diligence', 'N', 'N', 'N', 10),
       (110, 2, 1, 'DD - S-RM', 'N', 'N', 'N', 12),
       (111, 15, 1, 'Mihri Sen', 'N', 'N', 'N', 7),
       (114, 15, 1, 'Lydia Cai', 'N', 'N', 'N', 6),
       (115, 15, 1, 'Sophie Wang', 'N', 'N', 'N', 9),
       (116, 15, 1, 'Harvey Law Group', 'N', 'N', 'N', 5),
       (117, 15, 1, 'Range Developments', 'N', 'N', 'N', 8),
       (118, 15, 1, 'Well Asia', 'N', 'N', 'N', 11),
       (119, 15, 1, 'CI Asia', 'N', 'N', 'N', 4),
       (120, 15, 1, 'Univisa', 'N', 'N', 'N', 10),
       (121, 15, 1, 'Altaf Khan', 'N', 'N', 'N', 2),
       (122, 29, 1, 'Deleted', 'N', 'N', 'N', 1),
       (123, 29, 1, 'Deleted', 'N', 'N', 'N', 2),
       (124, 30, 1, 'LENNOX LAWRENCE IBR', 'N', 'N', 'N', 0),
       (125, 30, 1, 'Alfred Management Corp.', 'N', 'N', 'N', 2),
       (126, 14, 1, 'Passpro Immigration Services', 'N', 'N', 'N', 1),
       (127, 8, 1, 'Mazidi', 'N', 'N', 'N', 1),
       (128, 8, 1, 'Nestmann', 'N', 'N', 'N', 2),
       (130, 8, 1, 'Motifi', 'N', 'N', 'N', 4),
       (131, 8, 1, 'Timson Group Limited', 'N', 'N', 'N', 5),
       (132, 38, 1, 'Montre Sunstone Inc.', 'N', 'N', 'N', 1),
       (133, 30, 1, 'Corporate Solutions Ltd.', 'N', 'N', 'N', 3),
       (136, 33, 1, 'JOEL', 'N', 'N', 'N', 1),
       (137, 33, 1, 'LUVINA', 'N', 'N', 'N', 2),
       (138, 33, 1, 'CAMILLE', 'N', 'N', 'N', 3),
       (139, 33, 1, 'LOUISE', 'N', 'N', 'N', 4),
       (140, 33, 1, 'MARK', 'N', 'N', 'N', 5),
       (141, 33, 1, 'MELODIA', 'N', 'N', 'N', 6),
       (142, 33, 1, 'JONABEL', 'N', 'N', 'N', 7),
       (143, 8, 1, 'Ewa Fisher', 'N', 'N', 'N', 6),
       (144, 8, 1, 'Ziai & Associates', 'N', 'N', 'N', 7),
       (145, 8, 1, 'Homan Rastegar', 'N', 'N', 'N', 8),
       (146, 8, 1, 'Pershang Kamali', 'N', 'N', 'N', 9),
       (147, 41, 1, 'Range Developments', 'N', 'N', 'N', 1),
       (148, 41, 1, 'Next Generaration', 'N', 'N', 'N', 2),
       (149, 41, 1, 'Reach Immigration', 'N', 'N', 'N', 3),
       (150, 41, 1, 'C I Asia', 'N', 'N', 'N', 4),
       (151, 41, 1, 'Global Immigration Services', 'N', 'N', 'N', 5),
       (152, 41, 1, 'Primasia', 'N', 'N', 'N', 6),
       (153, 41, 1, 'Money Line Group', 'N', 'N', 'N', 7),
       (154, 11, 1, 'BAYAT LEGAL SERVICES', 'N', 'N', 'N', 1),
       (155, 8, 1, 'Westlead', 'N', 'N', 'N', 10),
       (156, 8, 1, 'Capital Economy Solutions', 'N', 'N', 'N', 11),
       (157, 42, 1, 'AAA Associates', 'Y', 'N', 'N', 0),
       (158, 15, 1, 'Global Immigration Services', 'N', 'N', 'N', 12),
       (159, 2, 1, 'Waiting for DD Fee', 'N', 'N', 'N', 32),
       (160, 2, 1, 'Waiting for Gregory\'s confirmation', 'N', 'N', 'N', 33),
       (161, 15, 1, 'Shozab Rizvi', 'N', 'N', 'N', 13),
       (162, 17, 1, 'World Wide Link CRI Service Company Ltd', 'N', 'N', 'N', 1),
       (163, 17, 1, 'Capital Economy Solutions Ltd', 'N', 'N', 'N', 2),
       (164, 17, 1, 'Greenfield Capital Group', 'N', 'N', 'N', 3),
       (166, 17, 1, 'Beyond Immigration Consultancy Ltd', 'N', 'N', 'N', 4),
       (167, 17, 1, 'Worldcompass Destinations Inc.', 'N', 'N', 'N', 5),
       (168, 41, 1, 'MDM Consultancy', 'N', 'N', 'N', 8),
       (169, 35, 1, 'Katie Sosna', 'N', 'N', 'N', 1),
       (170, 11, 1, 'Stanhope Ltd', 'N', 'N', 'N', 2),
       (171, 33, 1, 'MAYA', 'N', 'N', 'N', 8),
       (172, 33, 1, 'LILIAN', 'N', 'N', 'N', 9),
       (173, 17, 1, 'Global Mobi Inc', 'N', 'N', 'N', 6),
       (174, 15, 1, 'WORLDWAY Immigration Group', 'N', 'N', 'N', 14),
       (175, 17, 1, 'Client Portal', 'N', 'N', 'N', 7),
       (176, 41, 1, 'Reach - Amman', 'N', 'N', 'N', 9),
       (177, 41, 1, 'Reach - Cairo', 'N', 'N', 'N', 10),
       (178, 41, 1, 'Reach - Baghdad', 'N', 'N', 'N', 11),
       (179, 41, 1, 'Reach - Jeddah', 'N', 'N', 'N', 12),
       (180, 41, 1, 'Reach - Riyadh', 'N', 'N', 'N', 13),
       (182, 24, 1, 'Reach - Amman', 'N', 'N', 'N', 2),
       (183, 24, 1, 'Reach - Baghdad', 'N', 'N', 'N', 3),
       (184, 24, 1, 'Reach - Riyadh', 'N', 'N', 'N', 4),
       (185, 24, 1, 'Reach - Cairo', 'N', 'N', 'N', 5),
       (186, 24, 1, 'Reach - Jeddah', 'N', 'N', 'N', 6),
       (187, 15, 1, 'Reach - Amman', 'N', 'N', 'N', 15),
       (188, 15, 1, 'Reach - Baghdad', 'N', 'N', 'N', 16),
       (189, 15, 1, 'Reach - Cairo', 'N', 'N', 'N', 17),
       (190, 15, 1, 'Reach - Jeddah', 'N', 'N', 'N', 18),
       (191, 15, 1, 'Reach - Riyadh', 'N', 'N', 'N', 19),
       (192, 33, 1, 'EZRA', 'N', 'N', 'N', 10),
       (193, 33, 1, 'JENNIE', 'N', 'N', 'N', 11),
       (194, 33, 1, 'AYSHA', 'N', 'N', 'N', 12),
       (195, 9, 1, 'RIF Trust Investments LLC', 'N', 'N', 'N', 1),
       (196, 9, 1, 'Greenlight Management Consultancy', 'N', 'N', 'N', 2),
       (197, 9, 1, 'Yeni Bir Hayat Ltd', 'N', 'N', 'N', 3),
       (199, 11, 1, 'Second Citizenship Consultants', 'N', 'N', 'N', 3),
       (200, 8, 1, 'REACH IMMIGRATION', 'N', 'N', 'N', 12),
       (201, 8, 1, 'MIGRATE WORLD', 'N', 'N', 'N', 13),
       (202, 33, 1, 'CIC', 'N', 'N', 'N', 13),
       (203, 8, 1, 'GCP IMMIGRATION', 'N', 'N', 'N', 14),
       (204, 8, 1, 'CANAPEX IMMIGRATION CONSULTING CORP.', 'N', 'N', 'N', 15),
       (205, 24, 1, 'GCP Immigration', 'N', 'N', 'N', 7),
       (206, 33, 1, 'JUSTIN', 'N', 'N', 'N', 14),
       (207, 8, 1, 'H&S SOLICITORS', 'N', 'N', 'N', 16),
       (208, 33, 1, 'JEMELA', 'N', 'N', 'N', 15),
       (209, 15, 1, 'Oceanus Strategic Limited', 'N', 'N', 'N', 20),
       (210, 33, 1, 'LARA', 'N', 'N', 'N', 16),
       (211, 2, 1, 'Shernelle F', 'N', 'N', 'N', 28),
       (212, 28, 1, 'AAA Associates', 'N', 'N', 'N', 1),
       (213, 8, 1, 'AAA Associates', 'N', 'N', 'N', 17),
       (214, 8, 1, 'George John', 'N', 'N', 'N', 18),
       (215, 43, 1, 'Worldwide Investments Services Inc.', 'Y', 'N', 'N', 0),
       (216, 33, 1, 'RIF JOSEPH', 'N', 'N', 'N', 17),
       (217, 13, 1, 'james@jameszhao.uk', 'N', 'N', 'N', 1),
       (218, 13, 1, 'renxijing@globevisa.com.cn', 'N', 'N', 'N', 2),
       (220, 12, 1, 'YARA', 'N', 'N', 'N', 1),
       (221, 12, 1, 'Bassem derbi', 'N', 'N', 'N', 2),
       (222, 41, 1, 'GRANIX LEGAL Inc.', 'N', 'N', 'N', 14),
       (223, 2, 1, 'Vernetta L', 'N', 'N', 'N', 34),
       (224, 2, 1, 'Kethlyn F', 'N', 'N', 'N', 35),
       (225, 2, 1, 'Vern L', 'N', 'N', 'N', 36),
       (226, 8, 1, 'Zohreh', 'N', 'N', 'N', 19),
       (227, 33, 1, 'STEPH', 'N', 'N', 'N', 18),
       (228, 24, 1, 'Citizenship & Corporate Services', 'N', 'N', 'N', 8),
       (229, 9, 1, 'Global Visa', 'N', 'N', 'N', 4),
       (230, 8, 1, 'CANADIAN MANAGEMENT CONSULTANTS', 'N', 'N', 'N', 20),
       (231, 8, 1, 'Respect Services', 'N', 'N', 'N', 21),
       (232, 12, 1, 'caribbean citizens', 'N', 'N', 'N', 3),
       (233, 35, 1, 'Middle East Immigration', 'N', 'N', 'N', 2),
       (234, 8, 1, 'ACIC Inc', 'N', 'N', 'N', 22),
       (235, 8, 1, 'WWICS', 'N', 'N', 'N', 23),
       (236, 8, 1, 'La Vida', 'N', 'N', 'N', 24),
       (237, 2, 1, 'DD - Sterling', 'N', 'N', 'N', 37),
       (238, 44, 1, 'PASSPRO IMMIGRATION SERVICES', 'Y', 'N', 'N', 0),
       (239, 45, 1, 'AAA Associates', 'Y', 'N', 'N', 0),
       (240, 8, 1, 'LAW FIRM HANJOONG', 'N', 'N', 'N', 25),
       (241, 46, 1, 'Granix Legal Inc.', 'Y', 'N', 'N', 0),
       (242, 2, 1, 'Dynelle L', 'N', 'N', 'N', 38),
       (243, 19, 1, 'Secondpass Global', 'N', 'N', 'N', 2),
       (244, 19, 1, 'CI - Dominica', 'N', 'N', 'N', 0),
       (245, 19, 1, 'IRC Invest', 'N', 'N', 'N', 3),
       (246, 18, 1, 'REACH Immigration', 'N', 'N', 'N', 1);

-- --------------------------------------------------------

--
-- Table structure for table `divisions_groups`
--

CREATE TABLE `divisions_groups`
(
    `division_group_id`              int(11) UNSIGNED NOT NULL,
    `company_id`                     bigint(20)                             DEFAULT NULL,
    `division_group_salutation`      char(255)                              DEFAULT NULL,
    `division_group_first_name`      char(255)                              DEFAULT NULL,
    `division_group_last_name`       char(255)                              DEFAULT NULL,
    `division_group_position`        char(255)                              DEFAULT NULL,
    `division_group_company`         char(255)                              DEFAULT NULL,
    `division_group_address1`        char(255)                              DEFAULT NULL,
    `division_group_address2`        char(255)                              DEFAULT NULL,
    `division_group_city`            char(255)                              DEFAULT NULL,
    `division_group_state`           char(255)                              DEFAULT NULL,
    `division_group_country`         char(255)                              DEFAULT NULL,
    `division_group_postal_code`     char(255)                              DEFAULT NULL,
    `division_group_phone_main`      char(255)                              DEFAULT NULL,
    `division_group_phone_secondary` char(255)                              DEFAULT NULL,
    `division_group_email_primary`   char(255)                              DEFAULT NULL,
    `division_group_email_other`     char(255)                              DEFAULT NULL,
    `division_group_fax`             char(255)                              DEFAULT NULL,
    `division_group_notes`           text,
    `division_group_is_system`       enum ('Y','N')                         DEFAULT 'N',
    `division_group_status`          enum ('active','inactive','suspended') DEFAULT 'active'
) ENGINE = InnoDB
  DEFAULT CHARSET = utf8 COMMENT ='List of offices/divisions groups.';

--
-- Dumping data for table `divisions_groups`
--

INSERT INTO `divisions_groups` (`division_group_id`, `company_id`, `division_group_salutation`,
                                `division_group_first_name`, `division_group_last_name`, `division_group_position`,
                                `division_group_company`, `division_group_address1`, `division_group_address2`,
                                `division_group_city`, `division_group_state`, `division_group_country`,
                                `division_group_postal_code`, `division_group_phone_main`,
                                `division_group_phone_secondary`, `division_group_email_primary`,
                                `division_group_email_other`, `division_group_fax`, `division_group_notes`,
                                `division_group_is_system`, `division_group_status`)
VALUES (1, 0, NULL, NULL, NULL, NULL, 'Main', NULL, NULL, NULL, NULL, NULL, NULL, NULL, NULL, NULL, NULL, NULL, NULL,
        'Y', 'active'),
       (2, 1, NULL, NULL, NULL, NULL, 'Main', NULL, NULL, NULL, NULL, NULL, NULL, NULL, NULL, NULL, NULL, NULL, NULL,
        'Y', 'active'),
       (3, 1, 'mr', 'john', 'smith', NULL, 'Agent 1', NULL, NULL, NULL, NULL, NULL, NULL, NULL, NULL, NULL, NULL, NULL,
        NULL, 'N', 'active'),
       (4, 1, 'mr', 'John', 'Smith', NULL, 'Agent2', NULL, NULL, NULL, NULL, NULL, NULL, NULL, NULL, NULL, NULL, NULL,
        NULL, 'N', 'active'),
       (5, 1, 'ms', NULL, NULL, NULL, 'Agent X', NULL, NULL, NULL, NULL, NULL, NULL, NULL, NULL, NULL, NULL, NULL, NULL,
        'N', 'active'),
       (6, 1, 'mr', NULL, NULL, NULL, NULL, NULL, NULL, NULL, NULL, NULL, NULL, NULL, NULL, NULL, NULL, NULL, NULL, 'N',
        'inactive'),
       (7, 1, NULL, NULL, NULL, NULL, 'AAA Investor Immigration LTD', NULL, NULL, NULL, NULL, NULL, NULL, NULL, NULL,
        NULL, NULL, NULL, NULL, 'N', 'active'),
       (8, 1, NULL, NULL, NULL, NULL, 'ALICK C LAWRENCE CHAMBERS/THE NESTMANN GROUP LTD', NULL, NULL, NULL, NULL, NULL,
        NULL, NULL, NULL, NULL, NULL, NULL, NULL, 'N', 'active'),
       (9, 1, NULL, NULL, NULL, NULL, 'APEX CAPITAL PARTNERS', NULL, NULL, NULL, NULL, NULL, NULL, NULL, NULL, NULL,
        NULL, NULL, NULL, 'N', 'active'),
       (10, 1, NULL, NULL, NULL, NULL, 'ARTON CAPITAL', NULL, NULL, NULL, NULL, NULL, NULL, NULL, NULL, NULL, NULL,
        NULL, NULL, 'N', 'active'),
       (11, 1, NULL, NULL, NULL, NULL, 'BAYAT LAW GROUP INC', NULL, NULL, NULL, NULL, NULL, NULL, NULL, NULL, NULL,
        NULL, NULL, NULL, 'N', 'active'),
       (12, 1, NULL, NULL, NULL, NULL, 'BELNOR ASSOCIATES INC', NULL, NULL, NULL, NULL, NULL, NULL, NULL, NULL, NULL,
        NULL, NULL, NULL, 'N', 'active'),
       (13, 1, NULL, NULL, NULL, NULL, 'CARIBBEAN CITIZENSHIP INC', NULL, NULL, NULL, NULL, NULL, NULL, NULL, NULL,
        NULL, NULL, NULL, NULL, 'N', 'active'),
       (14, 1, NULL, NULL, NULL, NULL, 'CARIBBEAN COMMERCIAL & IP LAW PRACTITIONERS LLP', NULL, NULL, NULL, NULL, NULL,
        NULL, NULL, NULL, NULL, NULL, NULL, NULL, 'N', 'active'),
       (15, 1, NULL, NULL, NULL, NULL, 'CARIBBEAN CONSULTING SERVICES LTD', NULL, NULL, NULL, NULL, NULL, NULL, NULL,
        NULL, NULL, NULL, NULL, NULL, 'N', 'active'),
       (16, 1, NULL, NULL, NULL, NULL, 'CARIBBEAN CONSULTING SERVICES LTD MDM Consultancy & Marketing', NULL, NULL,
        NULL, NULL, NULL, NULL, NULL, NULL, NULL, NULL, NULL, NULL, 'N', 'active'),
       (17, 1, NULL, NULL, NULL, NULL, 'CARIBBEANSINO CONSULTING SERVICES LTD', NULL, NULL, NULL, NULL, NULL, NULL,
        NULL, NULL, NULL, NULL, NULL, NULL, 'N', 'active'),
       (18, 1, NULL, NULL, NULL, NULL, 'CCP INC', NULL, NULL, NULL, NULL, NULL, NULL, NULL, NULL, NULL, NULL, NULL,
        NULL, 'N', 'active'),
       (19, 1, NULL, NULL, NULL, NULL, 'CITIZENSHIP INVEST LTD', NULL, NULL, NULL, NULL, NULL, NULL, NULL, NULL, NULL,
        NULL, NULL, NULL, 'N', 'active'),
       (20, 1, NULL, NULL, NULL, NULL, 'CTRUSTGLOBAL LTD', NULL, NULL, NULL, NULL, NULL, NULL, NULL, NULL, NULL, NULL,
        NULL, NULL, 'N', 'active'),
       (21, 1, NULL, NULL, NULL, NULL, 'DE FREITAS, DE FREITAS & JOHNSON CHAMBERS', NULL, NULL, NULL, NULL, NULL, NULL,
        NULL, NULL, NULL, NULL, NULL, NULL, 'N', 'active'),
       (22, 1, NULL, NULL, NULL, NULL, 'DESIGN MANAGEMENT LTD', NULL, NULL, NULL, NULL, NULL, NULL, NULL, NULL, NULL,
        NULL, NULL, NULL, 'N', 'active'),
       (23, 1, NULL, NULL, NULL, NULL, 'DOMINICAINTERNATIONAL INVESTMENT CORPORATION LIMITED', NULL, NULL, NULL, NULL,
        NULL, NULL, NULL, NULL, NULL, NULL, NULL, NULL, 'N', 'active'),
       (24, 1, NULL, NULL, NULL, NULL, 'DUNCAN G. STOWE', NULL, NULL, NULL, NULL, NULL, NULL, NULL, NULL, NULL, NULL,
        NULL, NULL, 'N', 'active'),
       (25, 1, NULL, NULL, NULL, NULL, 'GLOBAL CITIZENSHIP PROGRAMS LTD', NULL, NULL, NULL, NULL, NULL, NULL, NULL,
        NULL, NULL, NULL, NULL, NULL, 'N', 'active'),
       (26, 1, NULL, NULL, NULL, NULL, 'GUIDE CONSULTANTS INC', NULL, NULL, NULL, NULL, NULL, NULL, NULL, NULL, NULL,
        NULL, NULL, NULL, 'N', 'active'),
       (27, 1, NULL, NULL, NULL, NULL, 'HARVEY LAW GROUP', NULL, NULL, NULL, NULL, NULL, NULL, NULL, NULL, NULL, NULL,
        NULL, NULL, 'N', 'active'),
       (28, 1, NULL, NULL, NULL, NULL, 'IMT INC', NULL, NULL, NULL, NULL, NULL, NULL, NULL, NULL, NULL, NULL, NULL,
        NULL, 'N', 'active'),
       (29, 1, NULL, NULL, NULL, NULL, 'Deleted', NULL, NULL, NULL, NULL, NULL, NULL, NULL, NULL, NULL, NULL, NULL,
        NULL, 'N', 'inactive'),
       (30, 1, NULL, NULL, NULL, NULL, 'LENNOX LAWRENCE IBR', NULL, NULL, NULL, NULL, NULL, NULL, NULL, NULL, NULL,
        NULL, NULL, NULL, 'N', 'active'),
       (31, 1, NULL, NULL, NULL, NULL, 'LENNOX LAWRENCE Alfred Management & Business Consultancy', NULL, NULL, NULL,
        NULL, NULL, NULL, NULL, NULL, NULL, NULL, NULL, NULL, 'N', 'inactive'),
       (32, 1, NULL, NULL, NULL, NULL, 'MODERN AGRICULTURAL VENTURES INC', NULL, NULL, NULL, NULL, NULL, NULL, NULL,
        NULL, NULL, NULL, NULL, NULL, 'N', 'active'),
       (33, 1, NULL, NULL, NULL, NULL, 'MONTREAL MANAGEMENT CONSULTANTS EST LTD', NULL, NULL, NULL, NULL, NULL, NULL,
        NULL, NULL, NULL, NULL, NULL, NULL, 'N', 'active'),
       (34, 1, NULL, NULL, NULL, NULL, 'NL CITIZENSHIP LTD', NULL, NULL, NULL, NULL, NULL, NULL, NULL, NULL, NULL, NULL,
        NULL, NULL, 'N', 'active'),
       (35, 1, NULL, NULL, NULL, NULL, 'PARADISE CITIZENS', NULL, NULL, NULL, NULL, NULL, NULL, NULL, NULL, NULL, NULL,
        NULL, NULL, 'N', 'active'),
       (36, 1, NULL, NULL, NULL, NULL, 'SAVORY AND PARTNERS', NULL, NULL, NULL, NULL, NULL, NULL, NULL, NULL, NULL,
        NULL, NULL, NULL, 'N', 'active'),
       (37, 1, NULL, NULL, NULL, NULL, 'SECOND CITIZENSHIP LTD', NULL, NULL, NULL, NULL, NULL, NULL, NULL, NULL, NULL,
        NULL, NULL, NULL, 'N', 'active'),
       (38, 1, NULL, NULL, NULL, NULL, 'SUNSTONE INCORPORATED - TRANQUILITY BEACH DOMINICA', NULL, NULL, NULL, NULL,
        NULL, NULL, NULL, NULL, NULL, NULL, NULL, NULL, 'N', 'active'),
       (39, 1, NULL, NULL, NULL, NULL, 'VERLYN LIZ-ANN FAUSTIN', NULL, NULL, NULL, NULL, NULL, NULL, NULL, NULL, NULL,
        NULL, NULL, NULL, 'N', 'active'),
       (40, 1, NULL, NULL, NULL, NULL, 'WHITCO INC', NULL, NULL, NULL, NULL, NULL, NULL, NULL, NULL, NULL, NULL, NULL,
        NULL, 'N', 'active'),
       (41, 1, NULL, NULL, NULL, NULL, 'Saree Investments', NULL, NULL, NULL, NULL, NULL, NULL, NULL, NULL, NULL, NULL,
        NULL, NULL, 'N', 'active'),
       (42, 1, NULL, NULL, NULL, NULL, 'AAA Associates', NULL, NULL, NULL, NULL, NULL, NULL, NULL, NULL, NULL, NULL,
        NULL, NULL, 'N', 'active'),
       (43, 1, NULL, NULL, NULL, NULL, 'Worldwide Investments Services Inc.', NULL, NULL, NULL, NULL, NULL, NULL, NULL,
        NULL, NULL, NULL, NULL, NULL, 'N', 'active'),
       (44, 1, NULL, NULL, NULL, NULL, 'PASSPRO IMMIGRATION SERVICES', NULL, NULL, NULL, NULL, NULL, NULL, NULL, NULL,
        NULL, NULL, NULL, NULL, 'N', 'active'),
       (45, 1, NULL, NULL, NULL, NULL, 'AAA Associates', NULL, NULL, NULL, NULL, NULL, NULL, NULL, NULL, NULL, NULL,
        NULL, NULL, 'N', 'active'),
       (46, 1, NULL, NULL, NULL, NULL, 'Granix Legal Inc.', NULL, NULL, NULL, NULL, NULL, NULL, NULL, NULL, NULL, NULL,
        NULL, NULL, 'N', 'active');

-- --------------------------------------------------------

--
-- Table structure for table `eml_accounts`
--

CREATE TABLE `eml_accounts`
(
    `id`                  int(11) UNSIGNED      NOT NULL,
    `member_id`           bigint(20)            NOT NULL,
    `is_default`          enum ('Y','N')        NOT NULL DEFAULT 'N',
    `email`               varchar(255)          NOT NULL,
    `friendly_name`       varchar(255)                   DEFAULT NULL,
    `auto_check`          enum ('Y','N')        NOT NULL DEFAULT 'N',
    `auto_check_every`    int(11)               NOT NULL DEFAULT '0',
    `signature`           text,
    `inc_enabled`         enum ('Y','N')        NOT NULL DEFAULT 'Y',
    `inc_type`            enum ('pop3','imap')  NOT NULL DEFAULT 'pop3',
    `inc_login`           varchar(128)                   DEFAULT NULL,
    `inc_password`        text,
    `inc_host`            varchar(255)                   DEFAULT NULL,
    `inc_port`            varchar(6)                     DEFAULT NULL,
    `inc_ssl`             enum ('','ssl','tls')          DEFAULT '',
    `inc_leave_messages`  enum ('Y','N')        NOT NULL DEFAULT 'Y',
    `inc_only_headers`    enum ('Y','N')        NOT NULL DEFAULT 'N',
    `inc_fetch_from_date` int(11)               NOT NULL DEFAULT '0',
    `out_use_own`         enum ('Y','N')        NOT NULL DEFAULT 'N',
    `out_auth_required`   enum ('Y','N')        NOT NULL DEFAULT 'Y',
    `out_login`           varchar(128)                   DEFAULT NULL,
    `out_password`        text,
    `out_host`            varchar(255)                   DEFAULT NULL,
    `out_port`            varchar(6)                     DEFAULT NULL,
    `out_ssl`             enum ('','ssl','tls') NOT NULL DEFAULT '',
    `out_save_sent`       enum ('Y','N')        NOT NULL DEFAULT 'N',
    `last_manual_check`   int(11)               NOT NULL DEFAULT '0',
    `last_mass_mail`      int(11)               NOT NULL DEFAULT '0',
    `per_page`            int(3) UNSIGNED       NOT NULL DEFAULT '25',
    `timezone`            varchar(255)          NOT NULL DEFAULT 'America/New_York',
    `last_rabbit_push`    int(11) UNSIGNED               DEFAULT NULL,
    `last_rabbit_pull`    int(11) UNSIGNED               DEFAULT NULL,
    `is_checking`         int(1) UNSIGNED                DEFAULT '0',
    `checking_status`     varchar(255)                   DEFAULT NULL,
    `delimiter`           varchar(1)                     DEFAULT NULL
) ENGINE = InnoDB
  DEFAULT CHARSET = utf8 COMMENT ='List of email accounts related to specific user are saved here.';

-- --------------------------------------------------------

--
-- Table structure for table `eml_attachments`
--

CREATE TABLE `eml_attachments`
(
    `id`                 bigint(20)          NOT NULL,
    `id_message`         bigint(20)          NOT NULL,
    `path`               text,
    `original_file_name` varchar(255)                 DEFAULT NULL,
    `size`               int(11)                      DEFAULT NULL,
    `part_info`          text                NOT NULL,
    `is_downloaded`      tinyint(1) UNSIGNED NOT NULL DEFAULT '1'
) ENGINE = InnoDB
  DEFAULT CHARSET = utf8 COMMENT ='Email attachment records which are related to email messages are saved here.';

-- --------------------------------------------------------

--
-- Table structure for table `eml_cron`
--

CREATE TABLE `eml_cron`
(
    `id`             int(11) UNSIGNED NOT NULL,
    `accounts_count` int(11) UNSIGNED NOT NULL,
    `start`          int(11) UNSIGNED NOT NULL
) ENGINE = InnoDB
  DEFAULT CHARSET = utf8 COMMENT ='Email cron that is started contains count of all accounts that must be processed and start date is saved here.';

-- --------------------------------------------------------

--
-- Table structure for table `eml_cron_accounts`
--

CREATE TABLE `eml_cron_accounts`
(
    `id`         int(11) UNSIGNED NOT NULL,
    `cron_id`    int(11) UNSIGNED DEFAULT NULL,
    `account_id` int(11) UNSIGNED DEFAULT NULL,
    `start`      int(11) UNSIGNED DEFAULT NULL,
    `end`        int(11) UNSIGNED DEFAULT NULL,
    `status`     text
) ENGINE = InnoDB
  DEFAULT CHARSET = utf8 COMMENT ='List of email accounts that must be processed by cron is saved here.';

-- --------------------------------------------------------

--
-- Table structure for table `eml_deleted_messages`
--

CREATE TABLE `eml_deleted_messages`
(
    `id_account` int(11) UNSIGNED NOT NULL,
    `uid`        varchar(255)     NOT NULL
) ENGINE = InnoDB
  DEFAULT CHARSET = utf8 COMMENT ='List of deleted email messages is saved here. This is required to prevent to download already deleted emails.';

-- --------------------------------------------------------

--
-- Table structure for table `eml_folders`
--

CREATE TABLE `eml_folders`
(
    `id`                int(11) UNSIGNED    NOT NULL,
    `id_parent`         int(11) UNSIGNED             DEFAULT '0',
    `level`             int(11)                      DEFAULT '0',
    `order`             int(11)                      DEFAULT NULL,
    `id_account`        int(11) UNSIGNED    NOT NULL,
    `id_folder`         varchar(128)                 DEFAULT '0',
    `label`             varchar(255)        NOT NULL,
    `full_path`         text,
    `selectable`        tinyint(1) UNSIGNED NOT NULL DEFAULT '1',
    `id_mapping_folder` int(11) UNSIGNED             DEFAULT '0',
    `visible`           tinyint(1) UNSIGNED NOT NULL DEFAULT '1'
) ENGINE = InnoDB
  DEFAULT CHARSET = utf8 COMMENT ='List of folders related to specific email account is saved here.';

-- --------------------------------------------------------

--
-- Table structure for table `eml_messages`
--

CREATE TABLE `eml_messages`
(
    `id`              bigint(20)          NOT NULL,
    `uid`             varchar(255)        NOT NULL,
    `id_account`      int(11) UNSIGNED    NOT NULL,
    `id_folder`       int(11) UNSIGNED    NOT NULL,
    `from`            text,
    `to`              text,
    `cc`              text,
    `bcc`             text,
    `subject`         varchar(255)                 DEFAULT NULL,
    `sent_date`       int(11)                      DEFAULT NULL,
    `has_attachments` tinyint(1) UNSIGNED          DEFAULT '0',
    `size`            bigint(20) UNSIGNED          DEFAULT NULL,
    `seen`            tinyint(1) UNSIGNED          DEFAULT '0',
    `priority`        tinyint(4)                   DEFAULT '3',
    `x_spam`          tinyint(1) UNSIGNED          DEFAULT '0',
    `replied`         tinyint(1) UNSIGNED          DEFAULT '0',
    `forwarded`       tinyint(1) UNSIGNED          DEFAULT '0',
    `flag`            tinyint(1) UNSIGNED NOT NULL DEFAULT '0',
    `body_html`       longtext,
    `is_downloaded`   tinyint(1) UNSIGNED          DEFAULT '1'
) ENGINE = InnoDB
  DEFAULT CHARSET = utf8 COMMENT ='List of emails that relate to specific email account and specific folder is saved here.';

-- --------------------------------------------------------

--
-- Table structure for table `eml_sample_server_settings`
--

CREATE TABLE `eml_sample_server_settings`
(
    `id`   int(11) UNSIGNED            NOT NULL,
    `name` varchar(255)                         DEFAULT NULL,
    `type` enum ('pop3','imap','smtp') NOT NULL DEFAULT 'pop3',
    `host` varchar(255)                         DEFAULT NULL,
    `port` varchar(6)                           DEFAULT NULL,
    `ssl`  enum ('','ssl','tls')                DEFAULT ''
) ENGINE = InnoDB
  DEFAULT CHARSET = utf8 COMMENT ='List of settings of default email servers (e.g. google, yahoo, etc.).';

--
-- Dumping data for table `eml_sample_server_settings`
--

INSERT INTO `eml_sample_server_settings` (`id`, `name`, `type`, `host`, `port`, `ssl`)
VALUES (1, 'Google', 'pop3', 'pop.gmail.com', '995', 'ssl'),
       (2, 'Google', 'imap', 'imap.gmail.com', '993', 'ssl'),
       (3, 'Google SSL required', 'smtp', 'smtp.gmail.com', '465', 'ssl'),
       (4, 'Google TLS required', 'smtp', 'smtp.gmail.com', '587', 'tls'),
       (5, 'Yahoo', 'pop3', 'pop.mail.yahoo.com', '995', 'ssl'),
       (6, 'Yahoo', 'imap', 'imap.mail.yahoo.com', '993', 'ssl'),
       (7, 'Yahoo SSL required', 'smtp', 'smtp.mail.yahoo.com', '465', 'ssl'),
       (8, 'Yahoo TLS required', 'smtp', 'smtp.mail.yahoo.com', '587', 'tls'),
       (9, 'Yahoo Mail Plus', 'pop3', 'plus.pop.mail.yahoo.com', '995', 'ssl'),
       (10, 'Yahoo Mail Plus', 'imap', 'plus.imap.mail.yahoo.com', '993', 'ssl'),
       (11, 'Yahoo Mail Plus', 'smtp', 'plus.smtp.mail.yahoo.com', '465', 'ssl'),
       (12, 'Yahoo Mail UK', 'pop3', 'pop.mail.yahoo.co.uk', '995', 'ssl'),
       (13, 'Yahoo Mail UK', 'imap', 'imap.mail.yahoo.co.uk', '993', 'ssl'),
       (14, 'Yahoo Mail UK', 'smtp', 'smtp.mail.yahoo.co.uk', '465', 'ssl'),
       (15, 'Yahoo Mail AU/NZ', 'pop3', 'pop.mail.yahoo.com.au', '995', 'ssl'),
       (16, 'Yahoo Mail AU/NZ', 'imap', 'imap.mail.yahoo.au', '993', 'ssl'),
       (17, 'Yahoo Mail AU/NZ', 'smtp', 'smtp.mail.yahoo.au', '465', 'ssl'),
       (18, 'AT&T', 'pop3', 'pop.att.yahoo.com', '995', 'ssl'),
       (19, 'AT&T', 'imap', 'imap.att.yahoo.com', '993', 'ssl'),
       (20, 'AT&T', 'smtp', 'smtp.att.yahoo.com', '465', 'ssl'),
       (21, 'NTL @ntlworld.com', 'pop3', 'pop.ntlworld.com', '995', 'ssl'),
       (22, 'NTL @ntlworld.com', 'imap', 'imap.ntlworld.com', '993', 'ssl'),
       (23, 'NTL @ntlworld.com', 'smtp', 'smtp.ntlworld.com', '465', 'ssl'),
       (24, 'BT Connect', 'pop3', 'pop3.btconnect.com', '110', ''),
       (25, 'BT Connect', 'imap', 'imap4.btconnect.com', '143', ''),
       (26, 'BT Connect', 'smtp', 'smtp.btconnect.com', '25', ''),
       (27, 'O2 Deutschland', 'imap', 'imap.o2online.de', '143', ''),
       (28, 'O2 Deutschland', 'smtp', 'mail.o2online.de', '25', ''),
       (29, '1&1 (1and1)', 'imap', 'imap.1and1.com', '993', 'ssl'),
       (30, '1&1 (1and1)', 'smtp', 'smtp.1and1.com', '587', 'tls'),
       (31, 'Verizon', 'imap', 'incoming.verizon.net', '143', ''),
       (32, 'Verizon', 'smtp', 'outgoing.verizon.net', '587', ''),
       (33, 'Zoho Mail', 'imap', 'imap.zoho.com', '993', 'ssl'),
       (34, 'Zoho Mail', 'smtp', 'smtp.zoho.com', '465', 'ssl'),
       (35, 'Mail.com', 'imap', 'imap.mail.com', '993', 'ssl'),
       (36, 'Mail.com', 'smtp', 'smtp.mail.com', '465', 'ssl'),
       (37, 'GMX.com', 'imap', 'imap.gmx.com', '993', 'ssl'),
       (38, 'GMX.com', 'smtp', 'smtp.gmx.com', '465', 'ssl'),
       (39, 'Outlook.com', 'pop3', 'pop-mail.outlook.com', '995', 'ssl'),
       (40, 'Outlook.com', 'imap', 'imap-mail.outlook.com', '993', 'ssl'),
       (41, 'Outlook.com', 'smtp', 'smtp-mail.outlook.com', '587', 'tls'),
       (42, 'AOL', 'pop3', 'pop.aol.com', '110', ''),
       (43, 'AOL', 'imap', 'imap.aol.com', '143', ''),
       (44, 'AOL', 'smtp', 'smtp.aol.com', '587', ''),
       (45, 'iCloud', 'imap', 'imap.mail.me.com', '993', 'ssl'),
       (46, 'iCloud', 'smtp', 'smtp.mail.me.com', '587', 'tls'),
       (47, 'Office365.com', 'pop3', 'outlook.office365.com', '995', 'ssl'),
       (48, 'Office365.com', 'imap', 'outlook.office365.com', '993', 'ssl'),
       (49, 'Office365.com', 'smtp', 'smtp.office365.com', '587', 'tls'),
       (50, 'Hotmail', 'pop3', 'pop3.live.com', '995', 'ssl'),
       (51, 'Hotmail', 'imap', 'imap-mail.outlook.com', '993', 'ssl'),
       (52, 'Hotmail', 'smtp', 'smtp.live.com', '587', 'tls');

-- --------------------------------------------------------

--
-- Table structure for table `faq`
--

CREATE TABLE `faq`
(
    `faq_id`         int(11) UNSIGNED NOT NULL,
    `faq_section_id` int(11) UNSIGNED          DEFAULT NULL,
    `question`       text,
    `answer`         longtext,
    `order`          int(3) UNSIGNED           DEFAULT NULL,
    `client_view`    enum ('Y','N')   NOT NULL DEFAULT 'Y'
) ENGINE = InnoDB
  DEFAULT CHARSET = utf8 COMMENT ='List of FAQ messages that are showed in the FAQ section.';

-- --------------------------------------------------------

--
-- Table structure for table `faq_sections`
--

CREATE TABLE `faq_sections`
(
    `faq_section_id`    int(11) UNSIGNED NOT NULL,
    `parent_section_id` int(11) UNSIGNED DEFAULT NULL,
    `section_name`      varchar(255)     DEFAULT NULL,
    `order`             int(3) UNSIGNED  DEFAULT NULL,
    `client_view`       enum ('Y','N')   DEFAULT 'N'
) ENGINE = InnoDB
  DEFAULT CHARSET = utf8 COMMENT ='List of FAQ sections that are showed on the FAQ page.';

-- --------------------------------------------------------

--
-- Table structure for table `field_types`
--

CREATE TABLE `field_types`
(
    `field_type_id`                    int(11) UNSIGNED             NOT NULL,
    `field_type_text_id`               varchar(255)                          DEFAULT NULL,
    `field_type_text_aliases`          varchar(255)                          DEFAULT NULL,
    `field_type_label`                 varchar(255)                          DEFAULT NULL,
    `field_type_can_be_used_in_search` enum ('Y','N')               NOT NULL DEFAULT 'N',
    `field_type_can_be_encrypted`      enum ('Y','N')               NOT NULL DEFAULT 'N',
    `field_type_with_max_length`       enum ('Y','N')               NOT NULL DEFAULT 'N',
    `field_type_with_options`          enum ('Y','N')               NOT NULL DEFAULT 'N',
    `field_type_with_default_value`    enum ('Y','N')               NOT NULL DEFAULT 'N',
    `field_type_with_custom_height`    enum ('Y','N')               NOT NULL DEFAULT 'N',
    `field_type_use_for`               enum ('case','all','others') NOT NULL DEFAULT 'all'
) ENGINE = InnoDB
  DEFAULT CHARSET = utf8 COMMENT ='Contains client and case field types.';

--
-- Dumping data for table `field_types`
--

INSERT INTO `field_types` (`field_type_id`, `field_type_text_id`, `field_type_text_aliases`, `field_type_label`,
                           `field_type_can_be_used_in_search`, `field_type_can_be_encrypted`,
                           `field_type_with_max_length`, `field_type_with_options`, `field_type_with_default_value`,
                           `field_type_with_custom_height`, `field_type_use_for`)
VALUES (1, 'text', NULL, 'Text', 'Y', 'Y', 'Y', 'N', 'Y', 'N', 'all'),
       (2, 'password', NULL, 'Password', 'N', 'N', 'Y', 'N', 'N', 'N', 'all'),
       (3, 'combo', 'select, combobox', 'Select box', 'Y', 'N', 'N', 'Y', 'N', 'N', 'all'),
       (4, 'country', NULL, 'Country', 'Y', 'N', 'N', 'N', 'N', 'N', 'all'),
       (5, 'number', NULL, 'Number', 'Y', 'Y', 'Y', 'N', 'Y', 'N', 'all'),
       (6, 'radio', NULL, 'Radio buttons', 'N', 'N', 'N', 'Y', 'N', 'N', 'all'),
       (7, 'checkbox', NULL, 'Checkbox', 'N', 'N', 'N', 'N', 'N', 'N', 'all'),
       (8, 'date', NULL, 'Date picker', 'Y', 'Y', 'N', 'N', 'Y', 'N', 'all'),
       (9, 'email', NULL, 'Email', 'Y', 'Y', 'N', 'N', 'N', 'N', 'all'),
       (10, 'phone', 'fax', 'Phone/Fax', 'Y', 'Y', 'N', 'N', 'Y', 'N', 'all'),
       (11, 'memo', NULL, 'Memo', 'Y', 'Y', 'N', 'N', 'N', 'Y', 'all'),
       (12, 'agents', 'agent_id, agent', 'Agents', 'Y', 'N', 'N', 'N', 'Y', 'N', 'all'),
       (13, 'office', 'division', '%office_label%', 'Y', 'N', 'N', 'Y', 'N', 'N', 'all'),
       (14, 'assigned_to', 'assigned', 'Assigned to', 'Y', 'N', 'N', 'N', 'N', 'N', 'all'),
       (15, 'date_repeatable', 'rdate', 'Repeatable Date picker', 'Y', 'Y', 'N', 'N', 'Y', 'N', 'all'),
       (16, 'photo', 'image', 'Photo', 'N', 'N', 'N', 'Y', 'N', 'N', 'all'),
       (17, 'file', NULL, 'File', 'N', 'N', 'N', 'Y', 'N', 'N', 'all'),
       (18, 'employee', NULL, 'Employee', 'N', 'N', 'N', 'N', 'N', 'N', 'case'),
       (19, 'employer_contacts', NULL, 'Employer Contacts', 'N', 'N', 'N', 'N', 'N', 'N', 'case'),
       (20, 'employer_engagements', NULL, 'Employer Engagements', 'N', 'N', 'N', 'N', 'N', 'N', 'case'),
       (21, 'employer_legal_entities', NULL, 'Employer Legal Entities', 'N', 'N', 'N', 'N', 'N', 'N', 'case'),
       (22, 'employer_locations', NULL, 'Employer Locations', 'N', 'N', 'N', 'N', 'N', 'N', 'case'),
       (23, 'employer_third_party_representatives', NULL, 'Employer Third Party Representatives', 'N', 'N', 'N', 'N',
        'N', 'N', 'case'),
       (24, 'office_multi', NULL, '%office_label% (multiple)', 'N', 'N', 'N', 'Y', 'N', 'N', 'others'),
       (25, 'contact_sales_agent', NULL, 'Sales Agent', 'N', 'N', 'N', 'N', 'N', 'N', 'case'),
       (26, 'immigration_office', 'visa_office', 'Immigration Offices', 'N', 'N', 'N', 'N', 'N', 'N', 'case'),
       (27, 'staff_responsible_rma', NULL, 'Authorized Representative', 'N', 'N', 'N', 'N', 'N', 'N', 'case'),
       (28, 'active_users', NULL, 'Active Users', 'N', 'N', 'N', 'N', 'N', 'N', 'case'),
       (29, 'employer_case_link', NULL, 'Employer Sponsorship Case', 'N', 'N', 'N', 'N', 'N', 'N', 'case'),
       (30, 'categories', NULL, 'Subclasses', 'N', 'N', 'N', 'N', 'N', 'N', 'case'),
       (31, 'list_of_occupations', NULL, 'List of Occupations', 'N', 'N', 'N', 'N', 'N', 'N', 'case'),
       (32, 'related_case_selection', NULL, 'Related Case Selection', 'N', 'N', 'N', 'N', 'N', 'N', 'case'),
       (33, 'office_change_date_time', NULL, '%office_label% change date/time', 'N', 'Y', 'N', 'N', 'N', 'N', 'others'),
       (34, 'multiple_text_fields', NULL, 'Multiple Text Fields', 'N', 'N', 'N', 'N', 'N', 'N', 'all'),
       (35, 'auto_calculated', NULL, 'Auto calculated field', 'N', 'N', 'N', 'Y', 'N', 'N', 'all'),
       (36, 'html_editor', NULL, 'HTML Editor', 'Y', 'Y', 'N', 'N', 'N', 'Y', 'all'),
       (37, 'kskeydid', NULL, 'KSKEYdId', 'Y', 'Y', 'N', 'N', 'N', 'N', 'case'),
       (38, 'case_internal_id', NULL, 'Case Internal Id', 'Y', 'Y', 'N', 'N', 'N', 'N', 'case'),
       (39, 'applicant_internal_id', NULL, 'Applicant Internal Id', 'Y', 'Y', 'N', 'N', 'N', 'N', 'all'),
       (40, 'multiple_combo', NULL, 'Multiple Select Box', 'N', 'N', 'N', 'Y', 'N', 'N', 'all'),
       (41, 'bcpnp_nomination_certificate_number', NULL, 'BC PNP Nomination Certificate Number', 'Y', 'Y', 'N', 'N',
        'N', 'N', 'case'),
       (43, 'authorized_agents', NULL, 'Authorized Agent', 'Y', 'Y', 'N', 'N', 'N', 'N', 'case'),
       (44, 'hyperlink', NULL, 'Hyperlink', 'Y', 'N', 'N', 'N', 'Y', 'N', 'all');

-- --------------------------------------------------------

--
-- Table structure for table `file_number_reservations`
--

CREATE TABLE `file_number_reservations`
(
    `id`          int(11) UNSIGNED NOT NULL,
    `company_id`  bigint(20)       NOT NULL,
    `file_number` varchar(32)      NOT NULL,
    `reserved_on` int(11)          NOT NULL,
    `increment`   int(11) DEFAULT NULL
) ENGINE = InnoDB
  DEFAULT CHARSET = utf8 COMMENT ='Contains company reserved file numbers (case reference numbers).';

-- --------------------------------------------------------

--
-- Table structure for table `folder_access`
--

CREATE TABLE `folder_access`
(
    `folder_id` int(11) UNSIGNED DEFAULT NULL,
    `role_id`   int(11)          DEFAULT NULL,
    `access`    enum ('R','RW')  DEFAULT NULL
) ENGINE = InnoDB
  DEFAULT CHARSET = utf8 COMMENT ='Access rights to specific client folders for specific roles are saved here.';

--
-- Dumping data for table `folder_access`
--

INSERT INTO `folder_access` (`folder_id`, `role_id`, `access`)
VALUES (7178, 4817, 'RW'),
       (7170, 4821, 'R'),
       (7179, 4821, 'R'),
       (7178, 4821, 'R'),
       (7177, 4821, 'RW'),
       (7176, 4821, 'R'),
       (7175, 4821, 'RW'),
       (7174, 4821, 'RW'),
       (7173, 4821, 'R'),
       (7170, 4816, 'RW'),
       (7179, 4816, 'RW'),
       (7178, 4816, 'RW'),
       (7177, 4816, 'RW'),
       (7176, 4816, 'RW'),
       (7175, 4816, 'RW'),
       (7174, 4816, 'RW'),
       (7173, 4816, 'RW'),
       (7170, 4819, 'RW'),
       (7179, 4819, 'RW'),
       (7178, 4819, 'RW'),
       (7173, 4819, 'RW'),
       (7177, 4819, 'RW'),
       (7176, 4819, 'RW'),
       (7175, 4819, 'RW'),
       (7174, 4819, 'RW'),
       (7179, 4820, 'R'),
       (7178, 4820, 'RW'),
       (7172, 4816, 'RW'),
       (7171, 4816, 'RW'),
       (7178, 4812, 'RW'),
       (7170, 4812, 'RW'),
       (7173, 4812, 'RW'),
       (7176, 4812, 'RW'),
       (7179, 4812, 'RW'),
       (7178, 4813, 'RW'),
       (7170, 4813, 'RW'),
       (7173, 4813, 'RW'),
       (7176, 4813, 'RW'),
       (7179, 4813, 'R'),
       (7172, 4812, 'RW'),
       (7171, 4812, 'RW'),
       (7171, 4813, 'RW'),
       (7178, 4822, 'RW'),
       (7172, 4821, 'R'),
       (7171, 4821, 'RW'),
       (7172, 4819, 'RW'),
       (7171, 4819, 'RW'),
       (7172, 4813, 'R'),
       (7172, 4820, 'R'),
       (7170, 4820, 'R'),
       (7173, 4820, 'R'),
       (7171, 4820, 'RW'),
       (7176, 4820, 'R'),
       (7191, 4821, 'RW'),
       (7183, 4821, 'R'),
       (7189, 4821, 'R'),
       (7181, 4821, 'R'),
       (7184, 4821, 'R'),
       (7182, 4821, 'RW'),
       (7187, 4821, 'RW'),
       (7190, 4821, 'R'),
       (7183, 4820, 'R'),
       (7189, 4820, 'RW'),
       (7181, 4820, 'R'),
       (7184, 4820, 'R'),
       (7182, 4820, 'RW'),
       (7187, 4820, 'R'),
       (7190, 4820, 'R'),
       (7191, 4819, 'R'),
       (7183, 4819, 'RW'),
       (7189, 4819, 'RW'),
       (7181, 4819, 'RW'),
       (7184, 4819, 'RW'),
       (7182, 4819, 'RW'),
       (7187, 4819, 'RW'),
       (7190, 4819, 'RW'),
       (7190, 4817, 'R'),
       (7191, 4816, 'RW'),
       (7183, 4816, 'RW'),
       (7189, 4816, 'RW'),
       (7181, 4816, 'RW'),
       (7184, 4816, 'RW'),
       (7182, 4816, 'RW'),
       (7187, 4816, 'RW'),
       (7190, 4816, 'RW'),
       (7183, 4813, 'R'),
       (7189, 4813, 'RW'),
       (7181, 4813, 'RW'),
       (7184, 4813, 'RW'),
       (7182, 4813, 'RW'),
       (7187, 4813, 'RW'),
       (7190, 4813, 'R'),
       (7191, 4812, 'RW'),
       (7183, 4812, 'RW'),
       (7189, 4812, 'RW'),
       (7181, 4812, 'RW'),
       (7184, 4812, 'RW'),
       (7182, 4812, 'RW'),
       (7187, 4812, 'RW'),
       (7190, 4812, 'RW'),
       (7189, 4822, 'RW'),
       (7189, 4817, 'RW'),
       (7180, 4816, 'RW'),
       (7200, 4919, 'RW'),
       (7200, 4918, 'RW'),
       (7202, 4925, 'RW'),
       (7194, 4925, 'RW'),
       (7200, 4925, 'RW'),
       (7192, 4925, 'RW'),
       (7195, 4925, 'RW'),
       (7193, 4925, 'RW'),
       (7198, 4925, 'RW'),
       (7208, 4925, 'RW'),
       (7205, 4925, 'RW'),
       (7209, 4925, 'RW'),
       (7214, 4925, 'RW'),
       (7215, 4925, 'RW'),
       (7206, 4925, 'RW'),
       (7212, 4925, 'RW'),
       (7204, 4925, 'RW'),
       (7216, 4925, 'RW'),
       (7210, 4925, 'RW'),
       (7213, 4925, 'RW'),
       (7203, 4925, 'RW'),
       (7207, 4925, 'RW'),
       (7217, 4925, 'RW'),
       (7211, 4925, 'RW'),
       (7208, 4919, 'RW'),
       (7205, 4919, 'RW'),
       (7209, 4919, 'RW'),
       (7214, 4919, 'RW'),
       (7202, 4919, 'RW'),
       (7215, 4919, 'RW'),
       (7206, 4919, 'RW'),
       (7212, 4919, 'RW'),
       (7204, 4919, 'RW'),
       (7216, 4919, 'RW'),
       (7193, 4919, 'RW'),
       (7210, 4919, 'RW'),
       (7213, 4919, 'RW'),
       (7203, 4919, 'RW'),
       (7195, 4919, 'RW'),
       (7194, 4919, 'RW'),
       (7207, 4919, 'RW'),
       (7217, 4919, 'RW'),
       (7211, 4919, 'RW'),
       (7208, 4926, 'RW'),
       (7205, 4926, 'RW'),
       (7209, 4926, 'RW'),
       (7214, 4926, 'RW'),
       (7202, 4926, 'RW'),
       (7215, 4926, 'RW'),
       (7200, 4926, 'RW'),
       (7206, 4926, 'RW'),
       (7212, 4926, 'RW'),
       (7204, 4926, 'RW'),
       (7216, 4926, 'RW'),
       (7193, 4926, 'RW'),
       (7210, 4926, 'RW'),
       (7213, 4926, 'RW'),
       (7203, 4926, 'RW'),
       (7195, 4926, 'RW'),
       (7194, 4926, 'RW'),
       (7207, 4926, 'RW'),
       (7217, 4926, 'RW'),
       (7211, 4926, 'RW'),
       (7208, 4927, 'RW'),
       (7205, 4927, 'RW'),
       (7209, 4927, 'RW'),
       (7214, 4927, 'RW'),
       (7202, 4927, 'RW'),
       (7215, 4927, 'RW'),
       (7200, 4927, 'RW'),
       (7206, 4927, 'RW'),
       (7212, 4927, 'RW'),
       (7204, 4927, 'RW'),
       (7216, 4927, 'RW'),
       (7193, 4927, 'RW'),
       (7210, 4927, 'RW'),
       (7213, 4927, 'RW'),
       (7203, 4927, 'RW'),
       (7195, 4927, 'RW'),
       (7194, 4927, 'RW'),
       (7207, 4927, 'RW'),
       (7217, 4927, 'RW'),
       (7211, 4927, 'RW'),
       (7208, 4928, 'R'),
       (7205, 4928, 'R'),
       (7192, 4928, 'R'),
       (7209, 4928, 'R'),
       (7214, 4928, 'R'),
       (7202, 4928, 'R'),
       (7215, 4928, 'R'),
       (7200, 4928, 'R'),
       (7206, 4928, 'R'),
       (7212, 4928, 'R'),
       (7204, 4928, 'R'),
       (7216, 4928, 'R'),
       (7193, 4928, 'R'),
       (7210, 4928, 'R'),
       (7213, 4928, 'R'),
       (7203, 4928, 'R'),
       (7195, 4928, 'R'),
       (7194, 4928, 'R'),
       (7207, 4928, 'R'),
       (7217, 4928, 'R'),
       (7211, 4928, 'R'),
       (7208, 4929, 'RW'),
       (7205, 4929, 'RW'),
       (7192, 4929, 'RW'),
       (7209, 4929, 'RW'),
       (7214, 4929, 'RW'),
       (7202, 4929, 'RW'),
       (7215, 4929, 'RW'),
       (7200, 4929, 'RW'),
       (7206, 4929, 'RW'),
       (7212, 4929, 'RW'),
       (7204, 4929, 'RW'),
       (7216, 4929, 'RW'),
       (7193, 4929, 'RW'),
       (7210, 4929, 'RW'),
       (7213, 4929, 'RW'),
       (7203, 4929, 'RW'),
       (7195, 4929, 'RW'),
       (7194, 4929, 'RW'),
       (7207, 4929, 'RW'),
       (7217, 4929, 'RW'),
       (7211, 4929, 'RW'),
       (7192, 4930, 'R'),
       (7200, 4930, 'R'),
       (7193, 4930, 'R'),
       (7195, 4930, 'R'),
       (7194, 4930, 'R'),
       (7208, 4931, 'R'),
       (7205, 4931, 'R'),
       (7192, 4931, 'R'),
       (7209, 4931, 'R'),
       (7214, 4931, 'R'),
       (7202, 4931, 'R'),
       (7215, 4931, 'R'),
       (7200, 4931, 'R'),
       (7206, 4931, 'R'),
       (7212, 4931, 'R'),
       (7204, 4931, 'R'),
       (7216, 4931, 'R'),
       (7193, 4931, 'R'),
       (7210, 4931, 'R'),
       (7213, 4931, 'R'),
       (7203, 4931, 'R'),
       (7195, 4931, 'R'),
       (7194, 4931, 'R'),
       (7207, 4931, 'R'),
       (7217, 4931, 'R'),
       (7211, 4931, 'R'),
       (7208, 4933, 'RW'),
       (7205, 4933, 'RW'),
       (7192, 4933, 'RW'),
       (7209, 4933, 'RW'),
       (7214, 4933, 'RW'),
       (7202, 4933, 'RW'),
       (7215, 4933, 'RW'),
       (7200, 4933, 'RW'),
       (7206, 4933, 'RW'),
       (7212, 4933, 'RW'),
       (7204, 4933, 'RW'),
       (7216, 4933, 'RW'),
       (7193, 4933, 'RW'),
       (7210, 4933, 'RW'),
       (7213, 4933, 'RW'),
       (7203, 4933, 'RW'),
       (7195, 4933, 'RW'),
       (7194, 4933, 'RW'),
       (7207, 4933, 'RW'),
       (7217, 4933, 'RW'),
       (7211, 4933, 'RW'),
       (7208, 4934, 'R'),
       (7205, 4934, 'R'),
       (7209, 4934, 'R'),
       (7214, 4934, 'R'),
       (7202, 4934, 'R'),
       (7215, 4934, 'R'),
       (7200, 4934, 'R'),
       (7206, 4934, 'R'),
       (7212, 4934, 'R'),
       (7204, 4934, 'R'),
       (7216, 4934, 'R'),
       (7193, 4934, 'R'),
       (7210, 4934, 'R'),
       (7213, 4934, 'R'),
       (7203, 4934, 'R'),
       (7195, 4934, 'R'),
       (7194, 4934, 'R'),
       (7207, 4934, 'R'),
       (7217, 4934, 'R'),
       (7211, 4934, 'R'),
       (7208, 4930, 'R'),
       (7205, 4930, 'R'),
       (7209, 4930, 'R'),
       (7214, 4930, 'R'),
       (7202, 4930, 'R'),
       (7215, 4930, 'R'),
       (7206, 4930, 'R'),
       (7212, 4930, 'R'),
       (7204, 4930, 'R'),
       (7216, 4930, 'R'),
       (7210, 4930, 'R'),
       (7213, 4930, 'R'),
       (7203, 4930, 'R'),
       (7207, 4930, 'R'),
       (7217, 4930, 'R'),
       (7211, 4930, 'R'),
       (7218, 4925, 'RW'),
       (7218, 4928, 'R'),
       (7218, 4929, 'RW'),
       (7218, 4930, 'R'),
       (7218, 4931, 'R'),
       (7218, 4933, 'RW'),
       (7218, 4934, 'R'),
       (7218, 4926, 'RW'),
       (7218, 4927, 'RW'),
       (7208, 4935, 'RW'),
       (7205, 4935, 'RW'),
       (7209, 4935, 'RW'),
       (7214, 4935, 'RW'),
       (7202, 4935, 'RW'),
       (7215, 4935, 'RW'),
       (7200, 4935, 'RW'),
       (7206, 4935, 'RW'),
       (7212, 4935, 'RW'),
       (7204, 4935, 'RW'),
       (7216, 4935, 'RW'),
       (7193, 4935, 'RW'),
       (7210, 4935, 'RW'),
       (7213, 4935, 'RW'),
       (7203, 4935, 'RW'),
       (7195, 4935, 'RW'),
       (7194, 4935, 'RW'),
       (7207, 4935, 'RW'),
       (7217, 4935, 'RW'),
       (7211, 4935, 'RW'),
       (7218, 4935, 'RW'),
       (7219, 4934, 'RW'),
       (7219, 4925, 'RW'),
       (7219, 4929, 'RW'),
       (7219, 4930, 'RW'),
       (7219, 4931, 'R'),
       (7219, 4933, 'RW'),
       (7208, 4936, 'R'),
       (7205, 4936, 'R'),
       (7192, 4936, 'R'),
       (7219, 4936, 'R'),
       (7209, 4936, 'R'),
       (7214, 4936, 'R'),
       (7202, 4936, 'R'),
       (7215, 4936, 'R'),
       (7200, 4936, 'R'),
       (7206, 4936, 'R'),
       (7212, 4936, 'R'),
       (7204, 4936, 'R'),
       (7216, 4936, 'R'),
       (7193, 4936, 'R'),
       (7210, 4936, 'R'),
       (7213, 4936, 'R'),
       (7203, 4936, 'R'),
       (7195, 4936, 'R'),
       (7194, 4936, 'R'),
       (7207, 4936, 'R'),
       (7217, 4936, 'R'),
       (7211, 4936, 'R'),
       (7198, 4936, 'R'),
       (7218, 4936, 'R'),
       (7201, 4936, 'R'),
       (7220, 4925, 'RW'),
       (7220, 4928, 'R'),
       (7220, 4929, 'RW'),
       (7220, 4930, 'R'),
       (7220, 4933, 'RW'),
       (7220, 4934, 'R'),
       (7220, 4926, 'RW'),
       (7220, 4927, 'RW'),
       (7220, 4935, 'RW'),
       (7208, 4937, 'R'),
       (7205, 4937, 'R'),
       (7192, 4937, 'R'),
       (7219, 4937, 'R'),
       (7209, 4937, 'R'),
       (7214, 4937, 'R'),
       (7202, 4937, 'R'),
       (7215, 4937, 'R'),
       (7200, 4937, 'R'),
       (7206, 4937, 'R'),
       (7212, 4937, 'R'),
       (7204, 4937, 'R'),
       (7216, 4937, 'R'),
       (7193, 4937, 'R'),
       (7210, 4937, 'R'),
       (7213, 4937, 'R'),
       (7203, 4937, 'R'),
       (7195, 4937, 'R'),
       (7194, 4937, 'R'),
       (7207, 4937, 'R'),
       (7217, 4937, 'R'),
       (7211, 4937, 'R'),
       (7218, 4937, 'R'),
       (7221, 4931, 'R'),
       (7221, 4930, 'R'),
       (7221, 4929, 'RW'),
       (7192, 4926, 'R'),
       (7192, 4927, 'R'),
       (7192, 4935, 'R'),
       (7220, 4938, 'R'),
       (7208, 4938, 'R'),
       (7205, 4938, 'R'),
       (7192, 4938, 'R'),
       (7219, 4938, 'RW'),
       (7209, 4938, 'R'),
       (7214, 4938, 'R'),
       (7202, 4938, 'R'),
       (7215, 4938, 'R'),
       (7200, 4938, 'R'),
       (7206, 4938, 'R'),
       (7212, 4938, 'R'),
       (7204, 4938, 'R'),
       (7216, 4938, 'R'),
       (7193, 4938, 'R'),
       (7210, 4938, 'R'),
       (7213, 4938, 'R'),
       (7203, 4938, 'R'),
       (7195, 4938, 'R'),
       (7194, 4938, 'R'),
       (7207, 4938, 'R'),
       (7217, 4938, 'R'),
       (7221, 4938, 'R'),
       (7211, 4938, 'R'),
       (7218, 4938, 'R');

-- --------------------------------------------------------

--
-- Table structure for table `FormAssigned`
--

CREATE TABLE `FormAssigned`
(
    `FormAssignedId` int(10) UNSIGNED NOT NULL,
    `ClientMemberId` bigint(20)       NOT NULL,
    `FamilyMemberId` enum ('main_applicant','sponsor','employer','spouse','parent1','parent2','parent3','parent4','sibling1','sibling2','sibling3','sibling4','sibling5','child1','child2','child3','child4','child5','child6','child7','child8','child9','child10','other1','other2') DEFAULT 'main_applicant',
    `FormVersionId`  int(10) UNSIGNED NOT NULL,
    `UseRevision`    enum ('Y','N')   NOT NULL                                                                                                                                                                                                                                         DEFAULT 'N',
    `AssignDate`     datetime         NOT NULL,
    `AssignBy`       bigint(20)       NOT NULL,
    `CompletedDate`  datetime                                                                                                                                                                                                                                                          DEFAULT NULL,
    `FinalizedDate`  datetime                                                                                                                                                                                                                                                          DEFAULT NULL,
    `UpdatedBy`      bigint(20)                                                                                                                                                                                                                                                        DEFAULT NULL,
    `Status`         tinyint(1)       NOT NULL                                                                                                                                                                                                                                         DEFAULT '0',
    `AssignAlias`    varchar(255)                                                                                                                                                                                                                                                      DEFAULT NULL,
    `LastUpdateDate` datetime                                                                                                                                                                                                                                                          DEFAULT NULL
) ENGINE = InnoDB
  DEFAULT CHARSET = utf8 COMMENT ='List of assigned pdf forms to the case.';

-- --------------------------------------------------------

--
-- Table structure for table `FormFolder`
--

CREATE TABLE `FormFolder`
(
    `FolderId`   int(10) UNSIGNED NOT NULL,
    `ParentId`   int(10) UNSIGNED NOT NULL,
    `FolderName` varchar(255)     NOT NULL
) ENGINE = InnoDB
  DEFAULT CHARSET = utf8 COMMENT ='List of folders that are used to group pdf forms is saved here.';

--
-- Dumping data for table `FormFolder`
--

INSERT INTO `FormFolder` (`FolderId`, `ParentId`, `FolderName`)
VALUES (1, 0, 'Dominica Forms');

-- --------------------------------------------------------

--
-- Table structure for table `FormLanding`
--

CREATE TABLE `FormLanding`
(
    `FolderId` int(11) UNSIGNED NOT NULL,
    `ParentId` int(11) UNSIGNED DEFAULT NULL,
    `Name`     varchar(255)     NOT NULL
) ENGINE = InnoDB
  DEFAULT CHARSET = utf8 COMMENT ='List of folders, that are used for landing pages.';

--
-- Dumping data for table `FormLanding`
--

INSERT INTO `FormLanding` (`FolderId`, `ParentId`, `Name`)
VALUES (1, 0, 'Dominica');

-- --------------------------------------------------------

--
-- Table structure for table `FormMap`
--

CREATE TABLE `FormMap`
(
    `FormMapId`               int(10) UNSIGNED NOT NULL,
    `FromFamilyMemberId`      enum ('main_applicant','sponsor','employer','spouse','parent1','parent2','parent3','parent4','sibling1','sibling2','sibling3','sibling4','sibling5','child1','child2','child3','child4','child5','child6','child7','child8','child9','child10','other1','other2') DEFAULT 'main_applicant',
    `FromSynFieldId`          int(10) UNSIGNED NOT NULL,
    `ToFamilyMemberId`        enum ('main_applicant','sponsor','employer','spouse','parent1','parent2','parent3','parent4','sibling1','sibling2','sibling3','sibling4','sibling5','child1','child2','child3','child4','child5','child6','child7','child8','child9','child10','other1','other2') DEFAULT 'main_applicant',
    `ToSynFieldId`            int(10) UNSIGNED NOT NULL,
    `ToProfileFamilyMemberId` enum ('main_applicant','sponsor','employer','spouse','parent1','parent2','parent3','parent4','sibling1','sibling2','sibling3','sibling4','sibling5','child1','child2','child3','child4','child5','child6','child7','child8','child9','child10','other1','other2') DEFAULT 'main_applicant',
    `ToProfileFieldId`        varchar(255)     NOT NULL,
    `form_map_type`           varchar(255)                                                                                                                                                                                                                                                      DEFAULT NULL,
    `parent_member_type`      int(2) UNSIGNED  NOT NULL                                                                                                                                                                                                                                         DEFAULT '3'
) ENGINE = InnoDB
  DEFAULT CHARSET = utf8 COMMENT ='Mapping between pdf fields and client fields.';

--
-- Dumping data for table `FormMap`
--

INSERT INTO `FormMap` (`FormMapId`, `FromFamilyMemberId`, `FromSynFieldId`, `ToFamilyMemberId`, `ToSynFieldId`,
                       `ToProfileFamilyMemberId`, `ToProfileFieldId`, `form_map_type`, `parent_member_type`)
VALUES (1, 'main_applicant', 1, 'spouse', 14, 'main_applicant', 'lName', NULL, 8),
       (2, 'main_applicant', 14, 'spouse', 1, 'spouse', 'lName', NULL, 8),
       (3, 'spouse', 1, 'main_applicant', 14, 'spouse', 'lName', NULL, 8),
       (4, 'spouse', 14, 'main_applicant', 1, 'main_applicant', 'lName', NULL, 8),
       (5, 'main_applicant', 20, 'child1', 1, 'child1', 'lName', NULL, 8),
       (6, 'child1', 1, 'main_applicant', 20, 'child1', 'lName', NULL, 8),
       (7, 'main_applicant', 26, 'child2', 1, 'child2', 'lName', NULL, 8),
       (8, 'child2', 1, 'main_applicant', 26, 'child2', 'lName', NULL, 8),
       (9, 'main_applicant', 32, 'child3', 1, 'child3', 'lName', NULL, 8),
       (10, 'child3', 1, 'main_applicant', 32, 'child3', 'lName', NULL, 8),
       (11, 'main_applicant', 38, 'child4', 1, 'child4', 'lName', NULL, 8),
       (12, 'child4', 1, 'main_applicant', 38, 'child4', 'lName', NULL, 8),
       (13, 'main_applicant', 44, 'child5', 1, 'child5', 'lName', NULL, 8),
       (14, 'child5', 1, 'main_applicant', 44, 'child5', 'lName', NULL, 8),
       (15, 'main_applicant', 50, 'child6', 1, 'child6', 'lName', NULL, 8),
       (16, 'child6', 1, 'main_applicant', 50, 'child6', 'lName', NULL, 8),
       (17, 'main_applicant', 20, 'spouse', 20, 'child1', 'lName', NULL, 8),
       (18, 'spouse', 20, 'main_applicant', 20, 'child1', 'lName', NULL, 8),
       (19, 'main_applicant', 26, 'spouse', 26, 'child2', 'lName', NULL, 8),
       (20, 'spouse', 26, 'main_applicant', 26, 'child2', 'lName', NULL, 8),
       (21, 'main_applicant', 32, 'spouse', 32, 'child3', 'lName', NULL, 8),
       (22, 'spouse', 32, 'main_applicant', 32, 'child3', 'lName', NULL, 8),
       (23, 'main_applicant', 38, 'spouse', 38, 'child4', 'lName', NULL, 8),
       (24, 'spouse', 38, 'main_applicant', 38, 'child4', 'lName', NULL, 8),
       (25, 'main_applicant', 44, 'spouse', 44, 'child5', 'lName', NULL, 8),
       (26, 'spouse', 44, 'main_applicant', 44, 'child5', 'lName', NULL, 8),
       (27, 'main_applicant', 50, 'spouse', 50, 'child6', 'lName', NULL, 8),
       (28, 'spouse', 50, 'main_applicant', 50, 'child6', 'lName', NULL, 8),
       (29, 'spouse', 20, 'child1', 1, 'child1', 'lName', NULL, 8),
       (30, 'child1', 1, 'spouse', 20, 'child1', 'lName', NULL, 8),
       (31, 'spouse', 26, 'child2', 1, 'child2', 'lName', NULL, 8),
       (32, 'child2', 1, 'spouse', 26, 'child2', 'lName', NULL, 8),
       (33, 'spouse', 32, 'child3', 1, 'child3', 'lName', NULL, 8),
       (34, 'child3', 1, 'spouse', 32, 'child3', 'lName', NULL, 8),
       (35, 'spouse', 38, 'child4', 1, 'child4', 'lName', NULL, 8),
       (36, 'child4', 1, 'spouse', 38, 'child4', 'lName', NULL, 8),
       (37, 'spouse', 44, 'child5', 1, 'child5', 'lName', NULL, 8),
       (38, 'child5', 1, 'spouse', 44, 'child5', 'lName', NULL, 8),
       (39, 'spouse', 50, 'child6', 1, 'child6', 'lName', NULL, 8),
       (40, 'child6', 1, 'spouse', 50, 'child6', 'lName', NULL, 8),
       (41, 'sibling1', 1, 'main_applicant', 56, 'sibling1', 'lName', NULL, 8),
       (42, 'main_applicant', 56, 'sibling1', 1, 'sibling1', 'lName', NULL, 8),
       (43, 'sibling2', 1, 'main_applicant', 62, 'sibling2', 'lName', NULL, 8),
       (44, 'main_applicant', 62, 'sibling2', 1, 'sibling2', 'lName', NULL, 8),
       (45, 'sibling3', 1, 'main_applicant', 68, 'sibling3', 'lName', NULL, 8),
       (46, 'main_applicant', 68, 'sibling3', 1, 'sibling3', 'lName', NULL, 8),
       (47, 'sibling4', 1, 'main_applicant', 74, 'sibling4', 'lName', NULL, 8),
       (48, 'main_applicant', 74, 'sibling4', 1, 'sibling4', 'lName', NULL, 8),
       (49, 'sibling5', 1, 'main_applicant', 80, 'sibling5', 'lName', NULL, 8),
       (50, 'main_applicant', 80, 'sibling5', 1, 'sibling5', 'lName', NULL, 8),
       (51, 'parent1', 1, 'main_applicant', 86, 'parent1', 'lName', NULL, 8),
       (52, 'main_applicant', 86, 'parent1', 1, 'parent1', 'lName', NULL, 8),
       (53, 'parent2', 1, 'main_applicant', 92, 'parent2', 'lName', NULL, 8),
       (54, 'main_applicant', 92, 'parent2', 1, 'parent2', 'lName', NULL, 8),
       (55, 'parent3', 1, 'main_applicant', 98, 'parent3', 'lName', NULL, 8),
       (56, 'main_applicant', 98, 'parent3', 1, 'parent3', 'lName', NULL, 8),
       (57, 'parent4', 1, 'main_applicant', 104, 'parent4', 'lName', NULL, 8),
       (58, 'main_applicant', 104, 'parent4', 1, 'parent4', 'lName', NULL, 8),
       (59, 'other1', 1, 'main_applicant', 110, 'other1', 'lName', NULL, 8),
       (60, 'main_applicant', 110, 'other1', 1, 'other1', 'lName', NULL, 8),
       (61, 'other2', 1, 'main_applicant', 116, 'other2', 'lName', NULL, 8),
       (62, 'main_applicant', 116, 'other2', 1, 'other2', 'lName', NULL, 8),
       (63, 'main_applicant', 2, 'spouse', 15, 'main_applicant', 'fName', NULL, 3),
       (64, 'spouse', 2, 'main_applicant', 15, 'spouse', 'fName', NULL, 3),
       (65, 'main_applicant', 15, 'spouse', 2, 'spouse', 'fName', NULL, 3),
       (66, 'spouse', 15, 'main_applicant', 2, 'main_applicant', 'fName', NULL, 3),
       (67, 'main_applicant', 21, 'child1', 2, 'child1', 'fName', NULL, 3),
       (68, 'child1', 2, 'main_applicant', 21, 'child1', 'fName', NULL, 3),
       (69, 'main_applicant', 27, 'child2', 2, 'child2', 'fName', NULL, 3),
       (70, 'child2', 2, 'main_applicant', 27, 'child2', 'fName', NULL, 3),
       (71, 'main_applicant', 33, 'child3', 2, 'child3', 'fName', NULL, 3),
       (72, 'child3', 2, 'main_applicant', 33, 'child3', 'fName', NULL, 3),
       (73, 'main_applicant', 39, 'child4', 2, 'child4', 'fName', NULL, 3),
       (74, 'child4', 2, 'main_applicant', 39, 'child4', 'fName', NULL, 3),
       (75, 'main_applicant', 45, 'child5', 2, 'child5', 'fName', NULL, 3),
       (76, 'child5', 2, 'main_applicant', 45, 'child5', 'fName', NULL, 3),
       (77, 'main_applicant', 51, 'child6', 2, 'child6', 'fName', NULL, 3),
       (78, 'child6', 2, 'main_applicant', 51, 'child6', 'fName', NULL, 3),
       (79, 'main_applicant', 21, 'spouse', 21, 'child1', 'fName', NULL, 3),
       (80, 'spouse', 21, 'main_applicant', 21, 'child1', 'fName', NULL, 3),
       (81, 'main_applicant', 27, 'spouse', 27, 'child2', 'fName', NULL, 3),
       (82, 'spouse', 27, 'main_applicant', 27, 'child2', 'fName', NULL, 3),
       (83, 'main_applicant', 33, 'spouse', 33, 'child3', 'fName', NULL, 3),
       (84, 'spouse', 33, 'main_applicant', 33, 'child3', 'fName', NULL, 3),
       (85, 'main_applicant', 39, 'spouse', 39, 'child4', 'fName', NULL, 3),
       (86, 'spouse', 39, 'main_applicant', 39, 'child4', 'fName', NULL, 3),
       (87, 'main_applicant', 45, 'spouse', 45, 'child5', 'fName', NULL, 3),
       (88, 'spouse', 45, 'main_applicant', 45, 'child5', 'fName', NULL, 3),
       (89, 'main_applicant', 51, 'spouse', 51, 'child5', 'fName', NULL, 3),
       (90, 'spouse', 51, 'main_applicant', 51, 'child5', 'fName', NULL, 3),
       (91, 'spouse', 21, 'child1', 2, 'child1', 'fName', NULL, 3),
       (92, 'child1', 2, 'spouse', 21, 'child1', 'fName', NULL, 3),
       (93, 'spouse', 27, 'child2', 2, 'child2', 'fName', NULL, 3),
       (94, 'child2', 2, 'spouse', 27, 'child2', 'fName', NULL, 3),
       (95, 'spouse', 33, 'child3', 2, 'child3', 'fName', NULL, 3),
       (96, 'child3', 2, 'spouse', 33, 'child3', 'fName', NULL, 3),
       (97, 'spouse', 39, 'child4', 2, 'child4', 'fName', NULL, 3),
       (98, 'child4', 2, 'spouse', 39, 'child4', 'fName', NULL, 3),
       (99, 'spouse', 45, 'child5', 2, 'child5', 'fName', NULL, 3),
       (100, 'child5', 2, 'spouse', 45, 'child5', 'fName', NULL, 3),
       (101, 'spouse', 51, 'child6', 2, 'child6', 'fName', NULL, 3),
       (102, 'child6', 2, 'spouse', 51, 'child6', 'fName', NULL, 3),
       (103, 'sibling1', 2, 'main_applicant', 57, 'sibling1', 'fName', NULL, 3),
       (104, 'main_applicant', 57, 'sibling1', 2, 'sibling1', 'fName', NULL, 3),
       (105, 'sibling2', 2, 'main_applicant', 63, 'sibling2', 'fName', NULL, 3),
       (106, 'main_applicant', 63, 'sibling2', 2, 'sibling2', 'fName', NULL, 3),
       (107, 'sibling3', 2, 'main_applicant', 69, 'sibling3', 'fName', NULL, 3),
       (108, 'main_applicant', 69, 'sibling3', 2, 'sibling3', 'fName', NULL, 3),
       (109, 'sibling4', 2, 'main_applicant', 75, 'sibling4', 'fName', NULL, 3),
       (110, 'main_applicant', 75, 'sibling4', 2, 'sibling4', 'fName', NULL, 3),
       (111, 'sibling5', 2, 'main_applicant', 81, 'sibling5', 'fName', NULL, 3),
       (112, 'main_applicant', 81, 'sibling5', 2, 'sibling5', 'fName', NULL, 3),
       (113, 'parent1', 2, 'main_applicant', 87, 'parent1', 'fName', NULL, 3),
       (114, 'main_applicant', 87, 'parent1', 2, 'parent1', 'fName', NULL, 3),
       (115, 'parent2', 2, 'main_applicant', 93, 'parent2', 'fName', NULL, 3),
       (116, 'main_applicant', 93, 'parent2', 2, 'parent2', 'fName', NULL, 3),
       (117, 'parent3', 2, 'main_applicant', 99, 'parent3', 'fName', NULL, 3),
       (118, 'main_applicant', 99, 'parent3', 2, 'parent3', 'fName', NULL, 3),
       (119, 'parent4', 2, 'main_applicant', 105, 'parent4', 'fName', NULL, 3),
       (120, 'main_applicant', 105, 'parent4', 2, 'parent4', 'fName', NULL, 3),
       (121, 'other1', 2, 'main_applicant', 111, 'other1', 'fName', NULL, 3),
       (122, 'main_applicant', 111, 'other1', 2, 'other1', 'fName', NULL, 3),
       (123, 'other2', 2, 'main_applicant', 117, 'other2', 'fName', NULL, 3),
       (124, 'main_applicant', 117, 'other2', 2, 'other2', 'fName', NULL, 3),
       (125, 'main_applicant', 4, 'spouse', 16, 'main_applicant', 'DOB', NULL, 3),
       (126, 'spouse', 4, 'main_applicant', 16, 'spouse', 'DOB', NULL, 3),
       (127, 'main_applicant', 16, 'spouse', 4, 'spouse', 'DOB', NULL, 3),
       (128, 'spouse', 16, 'main_applicant', 4, 'main_applicant', 'DOB', NULL, 3),
       (129, 'child1', 4, 'main_applicant', 22, 'child1', 'DOB', NULL, 3),
       (130, 'child1', 4, 'spouse', 22, 'child1', 'DOB', NULL, 3),
       (131, 'child2', 4, 'main_applicant', 28, 'child2', 'DOB', NULL, 3),
       (132, 'child2', 4, 'spouse', 28, 'child2', 'DOB', NULL, 3),
       (133, 'child3', 4, 'main_applicant', 34, 'child3', 'DOB', NULL, 3),
       (134, 'child3', 4, 'spouse', 34, 'child3', 'DOB', NULL, 3),
       (135, 'child4', 4, 'main_applicant', 40, 'child4', 'DOB', NULL, 3),
       (136, 'child4', 4, 'spouse', 40, 'child4', 'DOB', NULL, 3),
       (137, 'child5', 4, 'main_applicant', 46, 'child5', 'DOB', NULL, 3),
       (138, 'child5', 4, 'spouse', 46, 'child5', 'DOB', NULL, 3),
       (139, 'child6', 4, 'main_applicant', 52, 'child6', 'DOB', NULL, 3),
       (140, 'child6', 4, 'spouse', 52, 'child6', 'DOB', NULL, 3),
       (141, 'main_applicant', 22, 'spouse', 22, 'child1', 'DOB', NULL, 3),
       (142, 'main_applicant', 22, 'child1', 4, 'child1', 'DOB', NULL, 3),
       (143, 'spouse', 22, 'main_applicant', 22, 'child1', 'DOB', NULL, 3),
       (144, 'spouse', 22, 'child1', 4, 'child1', 'DOB', NULL, 3),
       (145, 'main_applicant', 28, 'spouse', 28, 'child2', 'DOB', NULL, 3),
       (146, 'main_applicant', 28, 'child2', 4, 'child2', 'DOB', NULL, 3),
       (147, 'spouse', 28, 'main_applicant', 28, 'child2', 'DOB', NULL, 3),
       (148, 'spouse', 28, 'child2', 4, 'child2', 'DOB', NULL, 3),
       (149, 'main_applicant', 34, 'spouse', 34, 'child3', 'DOB', NULL, 3),
       (150, 'main_applicant', 34, 'child3', 4, 'child3', 'DOB', NULL, 3),
       (151, 'spouse', 34, 'main_applicant', 34, 'child3', 'DOB', NULL, 3),
       (152, 'spouse', 34, 'child3', 4, 'child3', 'DOB', NULL, 3),
       (153, 'main_applicant', 40, 'spouse', 40, 'child4', 'DOB', NULL, 3),
       (154, 'main_applicant', 40, 'child4', 4, 'child4', 'DOB', NULL, 3),
       (155, 'spouse', 40, 'main_applicant', 40, 'child4', 'DOB', NULL, 3),
       (156, 'spouse', 40, 'child4', 4, 'child4', 'DOB', NULL, 3),
       (157, 'main_applicant', 46, 'spouse', 46, 'child5', 'DOB', NULL, 3),
       (158, 'main_applicant', 46, 'child5', 4, 'child5', 'DOB', NULL, 3),
       (159, 'spouse', 46, 'main_applicant', 46, 'child5', 'DOB', NULL, 3),
       (160, 'spouse', 46, 'child5', 4, 'child5', 'DOB', NULL, 3),
       (161, 'main_applicant', 52, 'spouse', 52, 'child6', 'DOB', NULL, 3),
       (162, 'main_applicant', 52, 'child6', 4, 'child6', 'DOB', NULL, 3),
       (163, 'spouse', 52, 'main_applicant', 52, 'child6', 'DOB', NULL, 3),
       (164, 'spouse', 52, 'child6', 4, 'child6', 'DOB', NULL, 3),
       (165, 'sibling1', 4, 'main_applicant', 58, 'sibling1', 'DOB', NULL, 3),
       (166, 'main_applicant', 58, 'sibling1', 4, 'sibling1', 'DOB', NULL, 3),
       (167, 'sibling2', 4, 'main_applicant', 64, 'sibling2', 'DOB', NULL, 3),
       (168, 'main_applicant', 64, 'sibling2', 4, 'sibling2', 'DOB', NULL, 3),
       (169, 'sibling3', 4, 'main_applicant', 70, 'sibling3', 'DOB', NULL, 3),
       (170, 'main_applicant', 70, 'sibling3', 4, 'sibling3', 'DOB', NULL, 3),
       (171, 'sibling4', 4, 'main_applicant', 76, 'sibling4', 'DOB', NULL, 3),
       (172, 'main_applicant', 76, 'sibling4', 4, 'sibling4', 'DOB', NULL, 3),
       (173, 'sibling5', 4, 'main_applicant', 82, 'sibling5', 'DOB', NULL, 3),
       (174, 'main_applicant', 82, 'sibling5', 4, 'sibling5', 'DOB', NULL, 3),
       (175, 'parent1', 4, 'main_applicant', 88, 'parent1', 'DOB', NULL, 3),
       (176, 'main_applicant', 88, 'parent1', 4, 'parent1', 'DOB', NULL, 3),
       (177, 'parent2', 4, 'main_applicant', 94, 'parent2', 'DOB', NULL, 3),
       (178, 'main_applicant', 94, 'parent2', 4, 'parent2', 'DOB', NULL, 3),
       (179, 'parent3', 4, 'main_applicant', 100, 'parent3', 'DOB', NULL, 3),
       (180, 'main_applicant', 100, 'parent3', 4, 'parent3', 'DOB', NULL, 3),
       (181, 'parent4', 4, 'main_applicant', 106, 'parent4', 'DOB', NULL, 3),
       (182, 'main_applicant', 106, 'parent4', 4, 'parent4', 'DOB', NULL, 3),
       (183, 'other1', 4, 'main_applicant', 112, 'other1', 'DOB', NULL, 3),
       (184, 'main_applicant', 112, 'other1', 4, 'other1', 'DOB', NULL, 3),
       (185, 'other2', 4, 'main_applicant', 118, 'other2', 'DOB', NULL, 3),
       (186, 'main_applicant', 118, 'other2', 4, 'other2', 'DOB', NULL, 3),
       (187, 'main_applicant', 13, 'spouse', 18, 'main_applicant', 'passport_expiry_date', NULL, 3),
       (188, 'spouse', 13, 'main_applicant', 18, 'spouse', 'passport_date', NULL, 3),
       (189, 'main_applicant', 18, 'spouse', 13, 'spouse', 'passport_date', NULL, 3),
       (190, 'spouse', 18, 'main_applicant', 13, 'main_applicant', 'passport_expiry_date', NULL, 3),
       (191, 'child1', 13, 'main_applicant', 24, 'child1', 'passport_date', NULL, 3),
       (192, 'child1', 13, 'spouse', 24, 'child1', 'passport_date', NULL, 3),
       (193, 'child2', 13, 'main_applicant', 30, 'child2', 'passport_date', NULL, 3),
       (194, 'child2', 13, 'spouse', 30, 'child2', 'passport_date', NULL, 3),
       (195, 'child3', 13, 'main_applicant', 36, 'child3', 'passport_date', NULL, 3),
       (196, 'child3', 13, 'spouse', 36, 'child3', 'passport_date', NULL, 3),
       (197, 'child4', 13, 'main_applicant', 42, 'child4', 'passport_date', NULL, 3),
       (198, 'child4', 13, 'spouse', 42, 'child4', 'passport_date', NULL, 3),
       (199, 'child5', 13, 'main_applicant', 48, 'child5', 'passport_date', NULL, 3),
       (200, 'child5', 13, 'spouse', 48, 'child5', 'passport_date', NULL, 3),
       (201, 'child6', 13, 'main_applicant', 54, 'child6', 'passport_date', NULL, 3),
       (202, 'child6', 13, 'spouse', 54, 'child6', 'passport_date', NULL, 3),
       (203, 'main_applicant', 24, 'spouse', 24, 'child1', 'passport_date', NULL, 3),
       (204, 'main_applicant', 24, 'child1', 13, 'child1', 'passport_date', NULL, 3),
       (205, 'spouse', 24, 'main_applicant', 24, 'child1', 'passport_date', NULL, 3),
       (206, 'spouse', 24, 'child1', 13, 'child1', 'passport_date', NULL, 3),
       (207, 'main_applicant', 30, 'spouse', 30, 'child2', 'passport_date', NULL, 3),
       (208, 'main_applicant', 30, 'child2', 13, 'child2', 'passport_date', NULL, 3),
       (209, 'spouse', 30, 'main_applicant', 30, 'child2', 'passport_date', NULL, 3),
       (210, 'spouse', 30, 'child2', 13, 'child2', 'passport_date', NULL, 3),
       (211, 'main_applicant', 36, 'spouse', 36, 'child3', 'passport_date', NULL, 3),
       (212, 'main_applicant', 36, 'child3', 13, 'child3', 'passport_date', NULL, 3),
       (213, 'spouse', 36, 'main_applicant', 36, 'child3', 'passport_date', NULL, 3),
       (214, 'spouse', 36, 'child3', 13, 'child3', 'passport_date', NULL, 3),
       (215, 'main_applicant', 42, 'spouse', 42, 'child4', 'passport_date', NULL, 3),
       (216, 'main_applicant', 42, 'child4', 13, 'child4', 'passport_date', NULL, 3),
       (217, 'spouse', 42, 'main_applicant', 42, 'child4', 'passport_date', NULL, 3),
       (218, 'spouse', 42, 'child4', 13, 'child4', 'passport_date', NULL, 3),
       (219, 'main_applicant', 48, 'spouse', 48, 'child5', 'passport_date', NULL, 3),
       (220, 'main_applicant', 48, 'child5', 13, 'child5', 'passport_date', NULL, 3),
       (221, 'spouse', 48, 'main_applicant', 48, 'child5', 'passport_date', NULL, 3),
       (222, 'spouse', 48, 'child5', 13, 'child5', 'passport_date', NULL, 3),
       (223, 'main_applicant', 54, 'spouse', 54, 'child6', 'passport_date', NULL, 3),
       (224, 'main_applicant', 54, 'child6', 13, 'child6', 'passport_date', NULL, 3),
       (225, 'spouse', 54, 'main_applicant', 54, 'child6', 'passport_date', NULL, 3),
       (226, 'spouse', 54, 'child6', 13, 'child6', 'passport_date', NULL, 3),
       (227, 'sibling1', 13, 'main_applicant', 60, 'sibling1', 'passport_date', NULL, 3),
       (228, 'main_applicant', 60, 'sibling1', 13, 'sibling1', 'passport_date', NULL, 3),
       (229, 'sibling2', 13, 'main_applicant', 66, 'sibling2', 'passport_date', NULL, 3),
       (230, 'main_applicant', 66, 'sibling2', 13, 'sibling2', 'passport_date', NULL, 3),
       (231, 'sibling3', 13, 'main_applicant', 72, 'sibling3', 'passport_date', NULL, 3),
       (232, 'main_applicant', 72, 'sibling3', 13, 'sibling3', 'passport_date', NULL, 3),
       (233, 'sibling4', 13, 'main_applicant', 78, 'sibling4', 'passport_date', NULL, 3),
       (234, 'main_applicant', 78, 'sibling4', 13, 'sibling4', 'passport_date', NULL, 3),
       (235, 'sibling5', 13, 'main_applicant', 84, 'sibling5', 'passport_date', NULL, 3),
       (236, 'main_applicant', 84, 'sibling5', 13, 'sibling5', 'passport_date', NULL, 3),
       (237, 'parent1', 13, 'main_applicant', 90, 'parent1', 'passport_date', NULL, 3),
       (238, 'main_applicant', 90, 'parent1', 13, 'parent1', 'passport_date', NULL, 3),
       (239, 'parent2', 13, 'main_applicant', 96, 'parent2', 'passport_date', NULL, 3),
       (240, 'main_applicant', 96, 'parent2', 13, 'parent2', 'passport_date', NULL, 3),
       (241, 'parent3', 13, 'main_applicant', 102, 'parent3', 'passport_date', NULL, 3),
       (242, 'main_applicant', 102, 'parent3', 13, 'parent3', 'passport_date', NULL, 3),
       (243, 'parent4', 13, 'main_applicant', 108, 'parent4', 'passport_date', NULL, 3),
       (244, 'main_applicant', 108, 'parent4', 13, 'parent4', 'passport_date', NULL, 3),
       (245, 'other1', 13, 'main_applicant', 114, 'other1', 'passport_date', NULL, 3),
       (246, 'main_applicant', 114, 'other1', 13, 'other1', 'passport_date', NULL, 3),
       (247, 'other2', 13, 'main_applicant', 120, 'other2', 'passport_date', NULL, 3),
       (248, 'main_applicant', 120, 'other2', 13, 'other2', 'passport_date', NULL, 3),
       (249, 'main_applicant', 123, 'spouse', 17, 'main_applicant', 'migrating', NULL, 3),
       (250, 'spouse', 123, 'main_applicant', 17, 'spouse', 'migrating', NULL, 3),
       (251, 'main_applicant', 17, 'spouse', 123, 'spouse', 'migrating', NULL, 3),
       (252, 'spouse', 17, 'main_applicant', 123, 'main_applicant', 'migrating', NULL, 3),
       (253, 'main_applicant', 23, 'spouse', 23, 'child1', 'migrating', NULL, 3),
       (254, 'spouse', 23, 'main_applicant', 23, 'child1', 'migrating', NULL, 3),
       (255, 'main_applicant', 29, 'spouse', 29, 'child2', 'migrating', NULL, 3),
       (256, 'spouse', 29, 'main_applicant', 29, 'child2', 'migrating', NULL, 3),
       (257, 'main_applicant', 35, 'spouse', 35, 'child3', 'migrating', NULL, 3),
       (258, 'spouse', 35, 'main_applicant', 35, 'child3', 'migrating', NULL, 3),
       (259, 'main_applicant', 41, 'spouse', 41, 'child4', 'migrating', NULL, 3),
       (260, 'spouse', 41, 'main_applicant', 41, 'child4', 'migrating', NULL, 3),
       (261, 'main_applicant', 47, 'spouse', 47, 'child5', 'migrating', NULL, 3),
       (262, 'spouse', 47, 'main_applicant', 47, 'child5', 'migrating', NULL, 3),
       (263, 'main_applicant', 53, 'spouse', 53, 'child6', 'migrating', NULL, 3),
       (264, 'spouse', 53, 'main_applicant', 53, 'child6', 'migrating', NULL, 3),
       (265, 'main_applicant', 59, 'spouse', 59, 'sibling1', 'migrating', NULL, 3),
       (266, 'spouse', 59, 'main_applicant', 59, 'sibling1', 'migrating', NULL, 3),
       (267, 'main_applicant', 65, 'spouse', 65, 'sibling2', 'migrating', NULL, 3),
       (268, 'spouse', 65, 'main_applicant', 65, 'sibling2', 'migrating', NULL, 3),
       (269, 'main_applicant', 71, 'spouse', 71, 'sibling3', 'migrating', NULL, 3),
       (270, 'spouse', 71, 'main_applicant', 71, 'sibling3', 'migrating', NULL, 3),
       (271, 'main_applicant', 77, 'spouse', 77, 'sibling4', 'migrating', NULL, 3),
       (272, 'spouse', 77, 'main_applicant', 77, 'sibling4', 'migrating', NULL, 3),
       (273, 'main_applicant', 83, 'spouse', 83, 'sibling5', 'migrating', NULL, 3),
       (274, 'spouse', 83, 'main_applicant', 83, 'sibling5', 'migrating', NULL, 3),
       (275, 'main_applicant', 89, 'spouse', 89, 'parent1', 'migrating', NULL, 3),
       (276, 'spouse', 89, 'main_applicant', 89, 'parent1', 'migrating', NULL, 3),
       (277, 'main_applicant', 95, 'spouse', 95, 'parent2', 'migrating', NULL, 3),
       (278, 'spouse', 95, 'main_applicant', 95, 'parent2', 'migrating', NULL, 3),
       (279, 'main_applicant', 101, 'spouse', 101, 'parent3', 'migrating', NULL, 3),
       (280, 'spouse', 101, 'main_applicant', 101, 'parent3', 'migrating', NULL, 3),
       (281, 'main_applicant', 107, 'spouse', 107, 'parent4', 'migrating', NULL, 3),
       (282, 'spouse', 107, 'main_applicant', 107, 'parent4', 'migrating', NULL, 3),
       (283, 'main_applicant', 113, 'spouse', 113, 'other1', 'migrating', NULL, 3),
       (284, 'spouse', 113, 'main_applicant', 113, 'other1', 'migrating', NULL, 3),
       (285, 'main_applicant', 119, 'spouse', 119, 'other2', 'migrating', NULL, 3),
       (286, 'spouse', 119, 'main_applicant', 119, 'other2', 'migrating', NULL, 3),
       (287, 'main_applicant', 122, 'spouse', 19, 'main_applicant', 'medical_expiration_date', NULL, 3),
       (288, 'spouse', 122, 'main_applicant', 19, 'spouse', 'medical_expiration_date', NULL, 3),
       (289, 'main_applicant', 19, 'spouse', 122, 'spouse', 'medical_expiration_date', NULL, 3),
       (290, 'spouse', 19, 'main_applicant', 122, 'main_applicant', 'medical_expiration_date', NULL, 3),
       (291, 'main_applicant', 25, 'spouse', 25, 'child1', 'medical_expiration_date', NULL, 3),
       (292, 'spouse', 25, 'main_applicant', 25, 'child1', 'medical_expiration_date', NULL, 3),
       (293, 'main_applicant', 31, 'spouse', 31, 'child2', 'medical_expiration_date', NULL, 3),
       (294, 'spouse', 31, 'main_applicant', 31, 'child2', 'medical_expiration_date', NULL, 3),
       (295, 'main_applicant', 37, 'spouse', 37, 'child3', 'medical_expiration_date', NULL, 3),
       (296, 'spouse', 37, 'main_applicant', 37, 'child3', 'medical_expiration_date', NULL, 3),
       (297, 'main_applicant', 43, 'spouse', 43, 'child4', 'medical_expiration_date', NULL, 3),
       (298, 'spouse', 43, 'main_applicant', 43, 'child4', 'medical_expiration_date', NULL, 3),
       (299, 'main_applicant', 49, 'spouse', 49, 'child5', 'medical_expiration_date', NULL, 3),
       (300, 'spouse', 49, 'main_applicant', 49, 'child5', 'medical_expiration_date', NULL, 3),
       (301, 'main_applicant', 55, 'spouse', 55, 'child6', 'medical_expiration_date', NULL, 3),
       (302, 'spouse', 55, 'main_applicant', 55, 'child6', 'medical_expiration_date', NULL, 3),
       (303, 'main_applicant', 61, 'spouse', 61, 'sibling1', 'medical_expiration_date', NULL, 3),
       (304, 'spouse', 61, 'main_applicant', 61, 'sibling1', 'medical_expiration_date', NULL, 3),
       (305, 'main_applicant', 67, 'spouse', 67, 'sibling2', 'medical_expiration_date', NULL, 3),
       (306, 'spouse', 67, 'main_applicant', 67, 'sibling2', 'medical_expiration_date', NULL, 3),
       (307, 'main_applicant', 73, 'spouse', 73, 'sibling3', 'medical_expiration_date', NULL, 3),
       (308, 'spouse', 73, 'main_applicant', 73, 'sibling3', 'medical_expiration_date', NULL, 3),
       (309, 'main_applicant', 79, 'spouse', 79, 'sibling4', 'medical_expiration_date', NULL, 3),
       (310, 'spouse', 79, 'main_applicant', 79, 'sibling4', 'medical_expiration_date', NULL, 3),
       (311, 'main_applicant', 85, 'spouse', 85, 'sibling5', 'medical_expiration_date', NULL, 3),
       (312, 'spouse', 85, 'main_applicant', 85, 'sibling5', 'medical_expiration_date', NULL, 3),
       (313, 'main_applicant', 91, 'spouse', 91, 'parent1', 'medical_expiration_date', NULL, 3),
       (314, 'spouse', 91, 'main_applicant', 91, 'parent1', 'medical_expiration_date', NULL, 3),
       (315, 'main_applicant', 97, 'spouse', 97, 'parent2', 'medical_expiration_date', NULL, 3),
       (316, 'spouse', 97, 'main_applicant', 97, 'parent2', 'medical_expiration_date', NULL, 3),
       (317, 'main_applicant', 103, 'spouse', 103, 'parent3', 'medical_expiration_date', NULL, 3),
       (318, 'spouse', 103, 'main_applicant', 103, 'parent3', 'medical_expiration_date', NULL, 3),
       (319, 'main_applicant', 109, 'spouse', 109, 'parent4', 'medical_expiration_date', NULL, 3),
       (320, 'spouse', 109, 'main_applicant', 109, 'parent4', 'medical_expiration_date', NULL, 3),
       (321, 'main_applicant', 115, 'spouse', 115, 'other1', 'medical_expiration_date', NULL, 3),
       (322, 'spouse', 115, 'main_applicant', 115, 'other1', 'medical_expiration_date', NULL, 3),
       (323, 'main_applicant', 121, 'spouse', 121, 'other2', 'medical_expiration_date', NULL, 3),
       (324, 'spouse', 121, 'main_applicant', 121, 'other2', 'medical_expiration_date', NULL, 3),
       (325, 'main_applicant', 3, 'main_applicant', 3, 'main_applicant', 'sex', NULL, 3),
       (326, 'main_applicant', 5, 'main_applicant', 5, 'main_applicant', 'country_of_birth', NULL, 3),
       (327, 'main_applicant', 6, 'main_applicant', 6, 'main_applicant', 'relationship_status', NULL, 3),
       (328, 'main_applicant', 7, 'main_applicant', 7, 'main_applicant', 'country_of_residence', NULL, 3),
       (329, 'main_applicant', 8, 'main_applicant', 8, 'main_applicant', 'passport_number', NULL, 3),
       (330, 'main_applicant', 9, 'main_applicant', 9, 'main_applicant', 'country_of_passport', NULL, 3),
       (331, 'main_applicant', 10, 'main_applicant', 10, 'main_applicant', 'nationality', NULL, 3),
       (332, 'main_applicant', 11, 'main_applicant', 11, 'main_applicant', 'passport_issuing_authority', NULL, 3),
       (333, 'main_applicant', 12, 'main_applicant', 12, 'main_applicant', 'passport_issue_date', NULL, 3),
       (334, 'main_applicant', 124, 'main_applicant', 124, 'main_applicant', 'other_names', NULL, 3),
       (335, 'main_applicant', 125, 'main_applicant', 125, 'main_applicant', 'current_visa', NULL, 3),
       (336, 'main_applicant', 126, 'main_applicant', 126, 'main_applicant', 'visa_expiry_date', NULL, 3),
       (337, 'main_applicant', 127, 'main_applicant', 127, 'main_applicant', 'address_1', NULL, 8),
       (338, 'main_applicant', 128, 'main_applicant', 128, 'main_applicant', 'address_2', NULL, 8),
       (339, 'main_applicant', 129, 'main_applicant', 129, 'main_applicant', 'city', NULL, 8),
       (340, 'main_applicant', 130, 'main_applicant', 130, 'main_applicant', 'state', NULL, 8),
       (341, 'main_applicant', 131, 'main_applicant', 131, 'main_applicant', 'zip_code', NULL, 8),
       (342, 'main_applicant', 132, 'main_applicant', 132, 'main_applicant', 'country', 'country', 8),
       (343, 'main_applicant', 133, 'main_applicant', 133, 'main_applicant', 'phone_main', NULL, 8),
       (344, 'main_applicant', 134, 'main_applicant', 134, 'main_applicant', 'phone_secondary', NULL, 3),
       (345, 'main_applicant', 135, 'main_applicant', 135, 'main_applicant', 'email', NULL, 3),
       (346, 'main_applicant', 136, 'main_applicant', 136, 'main_applicant', 'email_1', NULL, 3),
       (347, 'main_applicant', 137, 'main_applicant', 137, 'main_applicant', 'registered_migrant_agent_family_name',
        NULL, 3),
       (348, 'main_applicant', 138, 'main_applicant', 138, 'main_applicant', 'registered_migrant_agent_given_name',
        NULL, 3),
       (349, 'main_applicant', 139, 'main_applicant', 139, 'main_applicant', 'registered_migrant_agent_marn', NULL, 3),
       (350, 'main_applicant', 140, 'main_applicant', 140, 'main_applicant', 'dependant1_family_name', NULL, 3),
       (351, 'main_applicant', 141, 'main_applicant', 141, 'main_applicant', 'dependant2_family_name', NULL, 3),
       (352, 'main_applicant', 142, 'main_applicant', 142, 'main_applicant', 'dependant3_family_name', NULL, 3),
       (353, 'main_applicant', 143, 'main_applicant', 143, 'main_applicant', 'dependant4_family_name', NULL, 3),
       (354, 'main_applicant', 144, 'main_applicant', 144, 'main_applicant', 'dependant5_family_name', NULL, 3),
       (355, 'main_applicant', 145, 'main_applicant', 145, 'main_applicant', 'dependant1_given_name', NULL, 3),
       (356, 'main_applicant', 146, 'main_applicant', 146, 'main_applicant', 'dependant2_given_name', NULL, 3),
       (357, 'main_applicant', 147, 'main_applicant', 147, 'main_applicant', 'dependant3_given_name', NULL, 3),
       (358, 'main_applicant', 148, 'main_applicant', 148, 'main_applicant', 'dependant4_given_name', NULL, 3),
       (359, 'main_applicant', 149, 'main_applicant', 149, 'main_applicant', 'dependant5_given_name', NULL, 3),
       (360, 'main_applicant', 150, 'main_applicant', 150, 'main_applicant', 'visa_subclass', NULL, 3),
       (361, 'main_applicant', 151, 'main_applicant', 151, 'main_applicant', 'current_visa', NULL, 3),
       (362, 'main_applicant', 372, 'spouse', 372, NULL, '', NULL, 3),
       (363, 'spouse', 372, 'main_applicant', 372, NULL, '', NULL, 3),
       (364, 'main_applicant', 375, 'spouse', 375, NULL, '', NULL, 3),
       (365, 'spouse', 375, 'main_applicant', 375, NULL, '', NULL, 3),
       (366, 'main_applicant', 376, 'spouse', 376, NULL, '', NULL, 3),
       (367, 'spouse', 376, 'main_applicant', 376, NULL, '', NULL, 3),
       (368, 'main_applicant', 373, 'spouse', 373, NULL, '', NULL, 3),
       (369, 'spouse', 373, 'main_applicant', 373, NULL, '', NULL, 3),
       (370, 'main_applicant', 374, 'spouse', 374, NULL, '', NULL, 3),
       (371, 'spouse', 374, 'main_applicant', 374, NULL, '', NULL, 3),
       (372, 'main_applicant', 616, 'spouse', 616, NULL, '', NULL, 3),
       (373, 'spouse', 616, 'main_applicant', 616, NULL, '', NULL, 3),
       (374, 'main_applicant', 617, 'spouse', 617, NULL, '', NULL, 3),
       (375, 'spouse', 617, 'main_applicant', 617, NULL, '', NULL, 3),
       (376, 'main_applicant', 618, 'spouse', 618, NULL, '', NULL, 3),
       (377, 'spouse', 618, 'main_applicant', 618, NULL, '', NULL, 3),
       (378, 'main_applicant', 619, 'spouse', 619, NULL, '', NULL, 3),
       (379, 'spouse', 619, 'main_applicant', 619, NULL, '', NULL, 3),
       (380, 'main_applicant', 620, 'spouse', 620, NULL, '', NULL, 3),
       (381, 'spouse', 620, 'main_applicant', 620, NULL, '', NULL, 3),
       (382, 'main_applicant', 621, 'spouse', 621, NULL, '', NULL, 3),
       (383, 'spouse', 621, 'main_applicant', 621, NULL, '', NULL, 3),
       (384, 'main_applicant', 622, 'spouse', 622, NULL, '', NULL, 3),
       (385, 'spouse', 622, 'main_applicant', 622, NULL, '', NULL, 3),
       (386, 'main_applicant', 623, 'spouse', 623, NULL, '', NULL, 3),
       (387, 'spouse', 623, 'main_applicant', 623, NULL, '', NULL, 3),
       (388, 'main_applicant', 624, 'spouse', 624, NULL, '', NULL, 3),
       (389, 'spouse', 624, 'main_applicant', 624, NULL, '', NULL, 3),
       (390, 'main_applicant', 625, 'spouse', 625, NULL, '', NULL, 3),
       (391, 'spouse', 625, 'main_applicant', 625, NULL, '', NULL, 3),
       (392, 'main_applicant', 885, 'spouse', 885, '', '', NULL, 3),
       (393, 'spouse', 885, 'main_applicant', 885, '', '', NULL, 3),
       (394, 'main_applicant', 6, 'spouse', 6, '', '', NULL, 3),
       (395, 'spouse', 6, 'main_applicant', 6, '', '', NULL, 3),
       (396, 'main_applicant', 860, 'spouse', 860, '', '', NULL, 3),
       (397, 'spouse', 860, 'main_applicant', 860, '', '', NULL, 3),
       (398, 'main_applicant', 882, 'spouse', 882, '', '', NULL, 3),
       (399, 'spouse', 882, 'main_applicant', 882, '', '', NULL, 3),
       (400, 'main_applicant', 915, 'spouse', 915, '', '', NULL, 3),
       (401, 'spouse', 915, 'main_applicant', 915, '', '', NULL, 3),
       (402, 'main_applicant', 955, 'spouse', 955, '', '', NULL, 3),
       (403, 'spouse', 955, 'main_applicant', 955, '', '', NULL, 3),
       (404, 'main_applicant', 954, 'spouse', 954, '', '', NULL, 3),
       (405, 'spouse', 954, 'main_applicant', 954, '', '', NULL, 3),
       (406, 'main_applicant', 953, 'spouse', 953, '', '', NULL, 3),
       (407, 'spouse', 953, 'main_applicant', 953, '', '', NULL, 3),
       (408, 'main_applicant', 952, 'spouse', 952, '', '', NULL, 3),
       (409, 'spouse', 952, 'main_applicant', 952, '', '', NULL, 3),
       (410, 'main_applicant', 951, 'spouse', 951, '', '', NULL, 3),
       (411, 'spouse', 951, 'main_applicant', 951, '', '', NULL, 3),
       (412, 'main_applicant', 950, 'spouse', 950, '', '', NULL, 3),
       (413, 'spouse', 950, 'main_applicant', 950, '', '', NULL, 3),
       (414, 'main_applicant', 949, 'spouse', 949, '', '', NULL, 3),
       (415, 'spouse', 949, 'main_applicant', 949, '', '', NULL, 3),
       (416, 'main_applicant', 948, 'spouse', 948, '', '', NULL, 3),
       (417, 'spouse', 948, 'main_applicant', 948, '', '', NULL, 3),
       (418, 'main_applicant', 947, 'spouse', 947, '', '', NULL, 3),
       (419, 'spouse', 947, 'main_applicant', 947, '', '', NULL, 3),
       (420, 'main_applicant', 946, 'spouse', 946, '', '', NULL, 3),
       (421, 'spouse', 946, 'main_applicant', 946, '', '', NULL, 3),
       (422, 'main_applicant', 945, 'spouse', 945, '', '', NULL, 3),
       (423, 'spouse', 945, 'main_applicant', 945, '', '', NULL, 3),
       (424, 'main_applicant', 944, 'spouse', 944, '', '', NULL, 3),
       (425, 'spouse', 944, 'main_applicant', 944, '', '', NULL, 3),
       (426, 'main_applicant', 943, 'spouse', 943, '', '', NULL, 3),
       (427, 'spouse', 943, 'main_applicant', 943, '', '', NULL, 3),
       (428, 'main_applicant', 942, 'spouse', 942, '', '', NULL, 3),
       (429, 'spouse', 942, 'main_applicant', 942, '', '', NULL, 3),
       (430, 'main_applicant', 941, 'spouse', 941, '', '', NULL, 3),
       (431, 'spouse', 941, 'main_applicant', 941, '', '', NULL, 3),
       (432, 'main_applicant', 940, 'spouse', 940, '', '', NULL, 3),
       (433, 'spouse', 940, 'main_applicant', 940, '', '', NULL, 3),
       (434, 'main_applicant', 939, 'spouse', 939, '', '', NULL, 3),
       (435, 'spouse', 939, 'main_applicant', 939, '', '', NULL, 3),
       (436, 'main_applicant', 938, 'spouse', 938, '', '', NULL, 3),
       (437, 'spouse', 938, 'main_applicant', 938, '', '', NULL, 3),
       (438, 'main_applicant', 937, 'spouse', 937, '', '', NULL, 3),
       (439, 'spouse', 937, 'main_applicant', 937, '', '', NULL, 3),
       (440, 'main_applicant', 936, 'spouse', 936, '', '', NULL, 3),
       (441, 'spouse', 936, 'main_applicant', 936, '', '', NULL, 3),
       (442, 'main_applicant', 935, 'spouse', 935, '', '', NULL, 3),
       (443, 'spouse', 935, 'main_applicant', 935, '', '', NULL, 3),
       (444, 'main_applicant', 934, 'spouse', 934, '', '', NULL, 3),
       (445, 'spouse', 934, 'main_applicant', 934, '', '', NULL, 3),
       (446, 'main_applicant', 933, 'spouse', 933, '', '', NULL, 3),
       (447, 'spouse', 933, 'main_applicant', 933, '', '', NULL, 3),
       (448, 'main_applicant', 932, 'spouse', 932, '', '', NULL, 3),
       (449, 'spouse', 932, 'main_applicant', 932, '', '', NULL, 3),
       (450, 'main_applicant', 931, 'spouse', 931, '', '', NULL, 3),
       (451, 'spouse', 931, 'main_applicant', 931, '', '', NULL, 3),
       (452, 'main_applicant', 930, 'spouse', 930, '', '', NULL, 3),
       (453, 'spouse', 930, 'main_applicant', 930, '', '', NULL, 3),
       (454, 'main_applicant', 929, 'spouse', 929, '', '', NULL, 3),
       (455, 'spouse', 929, 'main_applicant', 929, '', '', NULL, 3),
       (456, 'main_applicant', 928, 'spouse', 928, '', '', NULL, 3),
       (457, 'spouse', 928, 'main_applicant', 928, '', '', NULL, 3),
       (458, 'main_applicant', 927, 'spouse', 927, '', '', NULL, 3),
       (459, 'spouse', 927, 'main_applicant', 927, '', '', NULL, 3),
       (460, 'main_applicant', 926, 'spouse', 926, '', '', NULL, 3),
       (461, 'spouse', 926, 'main_applicant', 926, '', '', NULL, 3),
       (462, 'main_applicant', 925, 'spouse', 925, '', '', NULL, 3),
       (463, 'spouse', 925, 'main_applicant', 925, '', '', NULL, 3),
       (464, 'main_applicant', 924, 'spouse', 924, '', '', NULL, 3),
       (465, 'spouse', 924, 'main_applicant', 924, '', '', NULL, 3),
       (466, 'main_applicant', 923, 'spouse', 923, '', '', NULL, 3),
       (467, 'spouse', 923, 'main_applicant', 923, '', '', NULL, 3),
       (468, 'main_applicant', 922, 'spouse', 922, '', '', NULL, 3),
       (469, 'spouse', 922, 'main_applicant', 922, '', '', NULL, 3),
       (470, 'main_applicant', 921, 'spouse', 921, '', '', NULL, 3),
       (471, 'spouse', 921, 'main_applicant', 921, '', '', NULL, 3),
       (472, 'main_applicant', 920, 'spouse', 920, '', '', NULL, 3),
       (473, 'spouse', 920, 'main_applicant', 920, '', '', NULL, 3),
       (474, 'main_applicant', 919, 'spouse', 919, '', '', NULL, 3),
       (475, 'spouse', 919, 'main_applicant', 919, '', '', NULL, 3),
       (476, 'main_applicant', 918, 'spouse', 918, '', '', NULL, 3),
       (477, 'spouse', 918, 'main_applicant', 918, '', '', NULL, 3),
       (478, 'main_applicant', 917, 'spouse', 917, '', '', NULL, 3),
       (479, 'spouse', 917, 'main_applicant', 917, '', '', NULL, 3),
       (480, 'main_applicant', 916, 'spouse', 916, '', '', NULL, 3),
       (481, 'spouse', 916, 'main_applicant', 916, '', '', NULL, 3),
       (482, 'main_applicant', 915, 'spouse', 915, '', '', NULL, 3),
       (483, 'spouse', 915, 'main_applicant', 915, '', '', NULL, 3),
       (484, 'main_applicant', 914, 'spouse', 914, '', '', NULL, 3),
       (485, 'spouse', 914, 'main_applicant', 914, '', '', NULL, 3),
       (486, 'main_applicant', 913, 'spouse', 913, '', '', NULL, 3),
       (487, 'spouse', 913, 'main_applicant', 913, '', '', NULL, 3),
       (488, 'main_applicant', 912, 'spouse', 912, '', '', NULL, 3),
       (489, 'spouse', 912, 'main_applicant', 912, '', '', NULL, 3),
       (490, 'main_applicant', 911, 'spouse', 911, '', '', NULL, 3),
       (491, 'spouse', 911, 'main_applicant', 911, '', '', NULL, 3),
       (492, 'main_applicant', 910, 'spouse', 910, '', '', NULL, 3),
       (493, 'spouse', 910, 'main_applicant', 910, '', '', NULL, 3),
       (494, 'main_applicant', 909, 'spouse', 909, '', '', NULL, 3),
       (495, 'spouse', 909, 'main_applicant', 909, '', '', NULL, 3),
       (496, 'main_applicant', 908, 'spouse', 908, '', '', NULL, 3),
       (497, 'spouse', 908, 'main_applicant', 908, '', '', NULL, 3),
       (498, 'main_applicant', 907, 'spouse', 907, '', '', NULL, 3),
       (499, 'spouse', 907, 'main_applicant', 907, '', '', NULL, 3),
       (500, 'main_applicant', 906, 'spouse', 906, '', '', NULL, 3),
       (501, 'spouse', 906, 'main_applicant', 906, '', '', NULL, 3),
       (502, 'main_applicant', 905, 'spouse', 905, '', '', NULL, 3),
       (503, 'spouse', 905, 'main_applicant', 905, '', '', NULL, 3),
       (504, 'main_applicant', 904, 'spouse', 904, '', '', NULL, 3),
       (505, 'spouse', 904, 'main_applicant', 904, '', '', NULL, 3),
       (506, 'main_applicant', 903, 'spouse', 903, '', '', NULL, 3),
       (507, 'spouse', 903, 'main_applicant', 903, '', '', NULL, 3),
       (508, 'main_applicant', 902, 'spouse', 902, '', '', NULL, 3),
       (509, 'spouse', 902, 'main_applicant', 902, '', '', NULL, 3),
       (510, 'main_applicant', 901, 'spouse', 901, '', '', NULL, 3),
       (511, 'spouse', 901, 'main_applicant', 901, '', '', NULL, 3),
       (512, 'main_applicant', 900, 'spouse', 900, '', '', NULL, 3),
       (513, 'spouse', 900, 'main_applicant', 900, '', '', NULL, 3),
       (514, 'main_applicant', 899, 'spouse', 899, '', '', NULL, 3),
       (515, 'spouse', 899, 'main_applicant', 899, '', '', NULL, 3),
       (516, 'main_applicant', 898, 'spouse', 898, '', '', NULL, 3),
       (517, 'spouse', 898, 'main_applicant', 898, '', '', NULL, 3),
       (518, 'main_applicant', 894, 'spouse', 894, '', '', NULL, 3),
       (519, 'spouse', 894, 'main_applicant', 894, '', '', NULL, 3),
       (520, 'main_applicant', 893, 'spouse', 893, '', '', NULL, 3),
       (521, 'spouse', 893, 'main_applicant', 893, '', '', NULL, 3),
       (522, 'main_applicant', 892, 'spouse', 892, '', '', NULL, 3),
       (523, 'spouse', 892, 'main_applicant', 892, '', '', NULL, 3),
       (524, 'main_applicant', 890, 'spouse', 890, '', '', NULL, 3),
       (525, 'spouse', 890, 'main_applicant', 890, '', '', NULL, 3),
       (526, 'main_applicant', 889, 'spouse', 889, '', '', NULL, 3),
       (527, 'spouse', 889, 'main_applicant', 889, '', '', NULL, 3),
       (528, 'main_applicant', 888, 'spouse', 888, '', '', NULL, 3),
       (529, 'spouse', 888, 'main_applicant', 888, '', '', NULL, 3),
       (530, 'main_applicant', 884, 'spouse', 884, '', '', NULL, 3),
       (531, 'spouse', 884, 'main_applicant', 884, '', '', NULL, 3),
       (532, 'main_applicant', 882, 'spouse', 882, '', '', NULL, 3),
       (533, 'spouse', 882, 'main_applicant', 882, '', '', NULL, 3),
       (534, 'main_applicant', 881, 'spouse', 881, '', '', NULL, 3),
       (535, 'spouse', 881, 'main_applicant', 881, '', '', NULL, 3),
       (536, 'main_applicant', 880, 'spouse', 880, '', '', NULL, 3),
       (537, 'spouse', 880, 'main_applicant', 880, '', '', NULL, 3),
       (538, 'main_applicant', 879, 'spouse', 879, '', '', NULL, 3),
       (539, 'spouse', 879, 'main_applicant', 879, '', '', NULL, 3),
       (540, 'main_applicant', 878, 'spouse', 878, '', '', NULL, 3),
       (541, 'spouse', 878, 'main_applicant', 878, '', '', NULL, 3),
       (542, 'main_applicant', 877, 'spouse', 877, '', '', NULL, 3),
       (543, 'spouse', 877, 'main_applicant', 877, '', '', NULL, 3),
       (544, 'main_applicant', 876, 'spouse', 876, '', '', NULL, 3),
       (545, 'spouse', 876, 'main_applicant', 876, '', '', NULL, 3),
       (546, 'main_applicant', 875, 'spouse', 875, '', '', NULL, 3),
       (547, 'spouse', 875, 'main_applicant', 875, '', '', NULL, 3),
       (548, 'main_applicant', 874, 'spouse', 874, '', '', NULL, 3),
       (549, 'spouse', 874, 'main_applicant', 874, '', '', NULL, 3),
       (550, 'main_applicant', 872, 'spouse', 872, '', '', NULL, 3),
       (551, 'spouse', 872, 'main_applicant', 872, '', '', NULL, 3),
       (552, 'main_applicant', 871, 'spouse', 871, '', '', NULL, 3),
       (553, 'spouse', 871, 'main_applicant', 871, '', '', NULL, 3),
       (554, 'main_applicant', 870, 'spouse', 870, '', '', NULL, 3),
       (555, 'spouse', 870, 'main_applicant', 870, '', '', NULL, 3),
       (556, 'main_applicant', 868, 'spouse', 868, '', '', NULL, 3),
       (557, 'spouse', 868, 'main_applicant', 868, '', '', NULL, 3),
       (558, 'main_applicant', 866, 'spouse', 866, '', '', NULL, 3),
       (559, 'spouse', 866, 'main_applicant', 866, '', '', NULL, 3),
       (560, 'main_applicant', 865, 'spouse', 865, '', '', NULL, 3),
       (561, 'spouse', 865, 'main_applicant', 865, '', '', NULL, 3),
       (562, 'main_applicant', 864, 'spouse', 864, '', '', NULL, 3),
       (563, 'spouse', 864, 'main_applicant', 864, '', '', NULL, 3),
       (564, 'main_applicant', 863, 'spouse', 863, '', '', NULL, 3),
       (565, 'spouse', 863, 'main_applicant', 863, '', '', NULL, 3),
       (566, 'main_applicant', 862, 'spouse', 862, '', '', NULL, 3),
       (567, 'spouse', 862, 'main_applicant', 862, '', '', NULL, 3),
       (568, 'main_applicant', 861, 'spouse', 861, '', '', NULL, 3),
       (569, 'spouse', 861, 'main_applicant', 861, '', '', NULL, 3),
       (570, 'main_applicant', 860, 'spouse', 860, '', '', NULL, 3),
       (571, 'spouse', 860, 'main_applicant', 860, '', '', NULL, 3),
       (572, 'main_applicant', 859, 'spouse', 859, '', '', NULL, 3),
       (573, 'spouse', 859, 'main_applicant', 859, '', '', NULL, 3),
       (574, 'main_applicant', 858, 'spouse', 858, '', '', NULL, 3),
       (575, 'spouse', 858, 'main_applicant', 858, '', '', NULL, 3),
       (576, 'main_applicant', 857, 'spouse', 857, '', '', NULL, 3),
       (577, 'spouse', 857, 'main_applicant', 857, '', '', NULL, 3),
       (578, 'main_applicant', 856, 'spouse', 856, '', '', NULL, 3),
       (579, 'spouse', 856, 'main_applicant', 856, '', '', NULL, 3),
       (580, 'main_applicant', 855, 'spouse', 855, '', '', NULL, 3),
       (581, 'spouse', 855, 'main_applicant', 855, '', '', NULL, 3),
       (582, 'main_applicant', 854, 'spouse', 854, '', '', NULL, 3),
       (583, 'spouse', 854, 'main_applicant', 854, '', '', NULL, 3),
       (584, 'main_applicant', 853, 'spouse', 853, '', '', NULL, 3),
       (585, 'spouse', 853, 'main_applicant', 853, '', '', NULL, 3),
       (586, 'main_applicant', 852, 'spouse', 852, '', '', NULL, 3),
       (587, 'spouse', 852, 'main_applicant', 852, '', '', NULL, 3),
       (588, 'main_applicant', 867, 'spouse', 867, '', '', NULL, 3),
       (589, 'spouse', 867, 'main_applicant', 867, '', '', NULL, 3),
       (590, 'main_applicant', 1034, 'main_applicant', 1034, 'main_applicant', 'lName', NULL, 7),
       (591, 'main_applicant', 1035, 'main_applicant', 1035, 'main_applicant', 'trading_name', NULL, 7),
       (592, 'main_applicant', 1036, 'main_applicant', 1036, 'main_applicant', 'australian_business_number', NULL, 7),
       (593, 'main_applicant', 1037, 'main_applicant', 1037, 'main_applicant', 'australian_company_number', NULL, 7),
       (594, 'main_applicant', 1038, 'main_applicant', 1038, 'main_applicant', 'australian_registered_body_number',
        NULL, 7),
       (595, 'main_applicant', 1039, 'main_applicant', 1039, 'main_applicant', 'australian_securities_exchange_code',
        NULL, 7),
       (596, 'main_applicant', 1040, 'main_applicant', 1040, 'main_applicant', 'operational_since', NULL, 7),
       (597, 'main_applicant', 1041, 'main_applicant', 1041, 'main_applicant', 'industry_type', NULL, 7),
       (598, 'main_applicant', 1042, 'main_applicant', 1042, 'main_applicant', 'emailAddress', NULL, 7),
       (599, 'main_applicant', 1043, 'main_applicant', 1043, 'main_applicant', 'nomination_occupation', NULL, 7),
       (600, 'main_applicant', 1044, 'main_applicant', 1044, 'main_applicant', 'fax_w', NULL, 7),
       (601, 'main_applicant', 1045, 'main_applicant', 1045, 'main_applicant', 'address_1', NULL, 7),
       (602, 'main_applicant', 1046, 'main_applicant', 1046, 'main_applicant', 'address_2', NULL, 7),
       (603, 'main_applicant', 1047, 'main_applicant', 1047, 'main_applicant', 'city', NULL, 7),
       (604, 'main_applicant', 1048, 'main_applicant', 1048, 'main_applicant', 'state', NULL, 7),
       (605, 'main_applicant', 1049, 'main_applicant', 1049, 'main_applicant', 'zip_code', NULL, 7),
       (606, 'main_applicant', 1050, 'main_applicant', 1050, 'main_applicant', 'country', NULL, 7),
       (607, 'main_applicant', 1051, 'main_applicant', 1051, 'main_applicant', 'phone_main', NULL, 7),
       (608, 'main_applicant', 135, 'main_applicant', 135, 'main_applicant', 'emailAddress', NULL, 8),
       (609, 'main_applicant', 1093, 'main_applicant', 1093, 'main_applicant', 'english_test_scores', NULL, 7),
       (610, 'main_applicant', 1094, 'main_applicant', 1094, 'main_applicant', 'date_of_english_test', NULL, 7),
       (611, 'main_applicant', 5, 'main_applicant', 5, 'main_applicant', 'country_of_birth', NULL, 3),
       (612, 'main_applicant', 509, 'main_applicant', 509, 'main_applicant', 'country_of_residence', NULL, 3),
       (613, 'main_applicant', 634, 'main_applicant', 634, 'main_applicant', 'country_of_citizenship', NULL, 3),
       (614, 'main_applicant', 708, 'main_applicant', 708, 'main_applicant', 'passport_issuing_country', NULL, 3),
       (615, 'main_applicant', 670, 'main_applicant', 670, 'main_applicant', 'passport_issue_date', NULL, 3),
       (616, 'main_applicant', 682, 'main_applicant', 682, 'main_applicant', 'passport_expiry_date', NULL, 3),
       (617, 'main_applicant', 1095, 'main_applicant', 1095, 'main_applicant', 'email_1', NULL, 3),
       (618, 'main_applicant', 358, 'main_applicant', 358, 'main_applicant', 'passport_number', NULL, 3),
       (619, 'child7', 13, 'main_applicant', 1119, 'child7', 'passport_date', NULL, 3),
       (620, 'child7', 13, 'spouse', 1119, 'child7', 'passport_date', NULL, 3),
       (621, 'child8', 13, 'main_applicant', 1120, 'child8', 'passport_date', NULL, 3),
       (622, 'child8', 13, 'spouse', 1120, 'child8', 'passport_date', NULL, 3),
       (623, 'child9', 13, 'main_applicant', 1121, 'child9', 'passport_date', NULL, 3),
       (624, 'child9', 13, 'spouse', 1121, 'child9', 'passport_date', NULL, 3),
       (625, 'child10', 13, 'main_applicant', 1122, 'child10', 'passport_date', NULL, 3),
       (626, 'child10', 13, 'spouse', 1122, 'child10', 'passport_date', NULL, 3),
       (627, 'child9', 1, 'main_applicant', 1123, 'child9', 'lName', NULL, 8),
       (628, 'child9', 1, 'spouse', 1123, 'child9', 'lName', NULL, 8),
       (629, 'child10', 1, 'main_applicant', 1124, 'child10', 'lName', NULL, 8),
       (630, 'child10', 1, 'spouse', 1124, 'child10', 'lName', NULL, 8),
       (631, 'child9', 2, 'main_applicant', 1125, 'child9', 'fName', NULL, 3),
       (632, 'child9', 2, 'spouse', 1125, 'child9', 'fName', NULL, 3),
       (633, 'child10', 2, 'main_applicant', 1126, 'child10', 'fName', NULL, 3),
       (634, 'child10', 2, 'spouse', 1126, 'child10', 'fName', NULL, 3),
       (635, 'child7', 1, 'main_applicant', 392, 'child7', 'lName', NULL, 8),
       (636, 'child7', 1, 'spouse', 392, 'child7', 'lName', NULL, 8),
       (637, 'child7', 2, 'main_applicant', 381, 'child7', 'fName', NULL, 3),
       (638, 'child7', 2, 'spouse', 381, 'child7', 'fName', NULL, 3),
       (639, 'child7', 4, 'main_applicant', 425, 'child7', 'DOB', NULL, 3),
       (640, 'child7', 4, 'spouse', 425, 'child7', 'DOB', NULL, 3),
       (641, 'child8', 1, 'main_applicant', 391, 'child8', 'lName', NULL, 8),
       (642, 'child8', 1, 'spouse', 391, 'child8', 'lName', NULL, 8),
       (643, 'child8', 2, 'main_applicant', 380, 'child8', 'fName', NULL, 3),
       (644, 'child8', 2, 'spouse', 380, 'child8', 'fName', NULL, 3),
       (645, 'child8', 4, 'main_applicant', 426, 'child8', 'DOB', NULL, 3),
       (646, 'child8', 4, 'spouse', 426, 'child8', 'DOB', NULL, 3),
       (647, 'child9', 4, 'main_applicant', 709, 'child9', 'DOB', NULL, 3),
       (648, 'child9', 4, 'spouse', 709, 'child9', 'DOB', NULL, 3),
       (649, 'child10', 4, 'main_applicant', 684, 'child10', 'DOB', NULL, 3),
       (650, 'child10', 4, 'spouse', 684, 'child10', 'DOB', NULL, 3);

-- --------------------------------------------------------

--
-- Table structure for table `FormProcessed`
--

CREATE TABLE `FormProcessed`
(
    `form_processed_id` int(11) UNSIGNED NOT NULL,
    `template_id`       int(11) UNSIGNED     DEFAULT NULL,
    `version`           enum ('FULL','LAST') DEFAULT 'FULL',
    `content`           longtext
) ENGINE = InnoDB
  DEFAULT CHARSET = utf8 COMMENT ='List of landing pages that are used as templates.';

--
-- Dumping data for table `FormProcessed`
--

INSERT INTO `FormProcessed` (`form_processed_id`, `template_id`, `version`, `content`)
VALUES (1, 1, 'FULL',
        '<span><input type=\"checkbox\" id=\"pform6\" class=\"pform\" style=\"vertical-align:middle;\" />&nbsp;D1 Application for Citizenship By Investment Form</span><div><span><input type=\"checkbox\" id=\"pform7\" class=\"pform\" style=\"vertical-align:middle;\" />&nbsp;D2 Fingerprint and Photos Verification Form</span></div><div><span><input type=\"checkbox\" id=\"pform8\" class=\"pform\" style=\"vertical-align:middle;\" />&nbsp;D3 Medical Questionnaire</span></div><div><span><input type=\"checkbox\" id=\"pform9\" class=\"pform\" style=\"vertical-align:middle;\" />&nbsp;D4 Investment Agreement</span></div><div><span><input type=\"checkbox\" id=\"pform10\" class=\"pform\" style=\"vertical-align:middle;\" />&nbsp;Form 12 - Particulars of Applicant</span></div>'),
       (2, 1, 'LAST',
        '<span><input type=\"checkbox\" id=\"pform6\" class=\"pform\" style=\"vertical-align:middle;\" />&nbsp;D1 Application for Citizenship By Investment Form</span><div><span><input type=\"checkbox\" id=\"pform7\" class=\"pform\" style=\"vertical-align:middle;\" />&nbsp;D2 Fingerprint and Photos Verification Form</span></div><div><span><input type=\"checkbox\" id=\"pform8\" class=\"pform\" style=\"vertical-align:middle;\" />&nbsp;D3 Medical Questionnaire</span></div><div><span><input type=\"checkbox\" id=\"pform9\" class=\"pform\" style=\"vertical-align:middle;\" />&nbsp;D4 Investment Agreement</span></div><div><span><input type=\"checkbox\" id=\"pform10\" class=\"pform\" style=\"vertical-align:middle;\" />&nbsp;Form 12 - Particulars of Applicant</span></div>'),
       (3, 2, 'FULL',
        '<span><input type=\"checkbox\" id=\"pform6\" class=\"pform\" style=\"vertical-align:middle;\" />&nbsp;D1 Application for Citizenship By Investment Form</span><div><span><input type=\"checkbox\" id=\"pform7\" class=\"pform\" style=\"vertical-align:middle;\" />&nbsp;D2 Fingerprint and Photos Verification Form</span></div><div><span><input type=\"checkbox\" id=\"pform8\" class=\"pform\" style=\"vertical-align:middle;\" />&nbsp;D3 Medical Questionnaire</span></div><div><span><input type=\"checkbox\" id=\"pform9\" class=\"pform\" style=\"vertical-align:middle;\" />&nbsp;D4 Investment Agreement</span></div><div><span><input type=\"checkbox\" id=\"pform10\" class=\"pform\" style=\"vertical-align:middle;\" />&nbsp;Form 12 - Particulars of Applicant</span></div>'),
       (4, 2, 'LAST',
        '<span><input type=\"checkbox\" id=\"pform6\" class=\"pform\" style=\"vertical-align:middle;\" />&nbsp;D1 Application for Citizenship By Investment Form</span><div><span><input type=\"checkbox\" id=\"pform7\" class=\"pform\" style=\"vertical-align:middle;\" />&nbsp;D2 Fingerprint and Photos Verification Form</span></div><div><span><input type=\"checkbox\" id=\"pform8\" class=\"pform\" style=\"vertical-align:middle;\" />&nbsp;D3 Medical Questionnaire</span></div><div><span><input type=\"checkbox\" id=\"pform9\" class=\"pform\" style=\"vertical-align:middle;\" />&nbsp;D4 Investment Agreement</span></div><div><span><input type=\"checkbox\" id=\"pform10\" class=\"pform\" style=\"vertical-align:middle;\" />&nbsp;Form 12 - Particulars of Applicant</span></div>');

-- --------------------------------------------------------

--
-- Table structure for table `FormRevision`
--

CREATE TABLE `FormRevision`
(
    `FormRevisionId`     int(10) UNSIGNED NOT NULL,
    `FormAssignedId`     int(10) UNSIGNED NOT NULL,
    `FormRevisionNumber` int(3) UNSIGNED  NOT NULL,
    `UploadedBy`         bigint(20)       NOT NULL,
    `UploadedOn`         datetime         NOT NULL
) ENGINE = InnoDB
  DEFAULT CHARSET = utf8 COMMENT ='Each assigned form can use different form revisions.';

-- --------------------------------------------------------

--
-- Table structure for table `FormSynField`
--

CREATE TABLE `FormSynField`
(
    `SynFieldId` int(10) UNSIGNED NOT NULL,
    `FieldName`  varchar(255)     NOT NULL
) ENGINE = InnoDB
  DEFAULT CHARSET = utf8 COMMENT ='List of sync fields that can be used in pdf forms is saved here.';

--
-- Dumping data for table `FormSynField`
--

INSERT INTO `FormSynField` (`SynFieldId`, `FieldName`)
VALUES (1, 'syncA_family_name'),
       (2, 'syncA_given_name'),
       (3, 'syncA_sex'),
       (4, 'syncA_DOB'),
       (5, 'syncA_POB_country'),
       (6, 'syncA_marital_status'),
       (7, 'syncA_current_country_of_residence'),
       (8, 'syncA_passport_number_1'),
       (9, 'syncA_pass_country_1'),
       (10, 'syncA_country_of_citizenship_1'),
       (11, 'syncA_passport_country_of_issue_1'),
       (12, 'syncA_pass_issue_date_1'),
       (13, 'syncA_pass_expiry_date_1'),
       (14, 'syncA_family_name_s'),
       (15, 'syncA_given_name_s'),
       (16, 'syncA_DOB_s'),
       (17, 'syncA_will_accompany_you_to_Australia_s'),
       (18, 'syncA_pass_expiry_date1_s'),
       (19, 'syncA_medical_expiration_date_s'),
       (20, 'syncA_family_name_c1'),
       (21, 'syncA_given_name_c1'),
       (22, 'syncA_DOB_c1'),
       (23, 'syncA_will_accompany_you_to_Australia_c1'),
       (24, 'syncA_pass_expiry_date1_c1'),
       (25, 'syncA_medical_expiration_date_c1'),
       (26, 'syncA_family_name_c2'),
       (27, 'syncA_given_name_c2'),
       (28, 'syncA_DOB_c2'),
       (29, 'syncA_will_accompany_you_to_Australia_c2'),
       (30, 'syncA_pass_expiry_date1_c2'),
       (31, 'syncA_medical_expiration_date_c2'),
       (32, 'syncA_family_name_c3'),
       (33, 'syncA_given_name_c3'),
       (34, 'syncA_DOB_c3'),
       (35, 'syncA_will_accompany_you_to_Australia_c3'),
       (36, 'syncA_pass_expiry_date1_c3'),
       (37, 'syncA_medical_expiration_date_c3'),
       (38, 'syncA_family_name_c4'),
       (39, 'syncA_given_name_c4'),
       (40, 'syncA_DOB_c4'),
       (41, 'syncA_will_accompany_you_to_Australia_c4'),
       (42, 'syncA_pass_expiry_date1_c4'),
       (43, 'syncA_medical_expiration_date_c4'),
       (44, 'syncA_family_name_c5'),
       (45, 'syncA_given_name_c5'),
       (46, 'syncA_DOB_c5'),
       (47, 'syncA_will_accompany_you_to_Australia_c5'),
       (48, 'syncA_pass_expiry_date1_c5'),
       (49, 'syncA_medical_expiration_date_c5'),
       (50, 'syncA_family_name_c6'),
       (51, 'syncA_given_name_c6'),
       (52, 'syncA_DOB_c6'),
       (53, 'syncA_will_accompany_you_to_Australia_c6'),
       (54, 'syncA_pass_expiry_date1_c6'),
       (55, 'syncA_medical_expiration_date_c6'),
       (56, 'syncA_family_name_sb1'),
       (57, 'syncA_given_name_sb1'),
       (58, 'syncA_DOB_sb1'),
       (59, 'syncA_will_accompany_you_to_Australia_sb1'),
       (60, 'syncA_pass_expiry_date1_sb1'),
       (61, 'syncA_medical_expiration_date_sb1'),
       (62, 'syncA_family_name_sb2'),
       (63, 'syncA_given_name_sb2'),
       (64, 'syncA_DOB_sb2'),
       (65, 'syncA_will_accompany_you_to_Australia_sb2'),
       (66, 'syncA_pass_expiry_date1_sb2'),
       (67, 'syncA_medical_expiration_date_sb2'),
       (68, 'syncA_family_name_sb3'),
       (69, 'syncA_given_name_sb3'),
       (70, 'syncA_DOB_sb3'),
       (71, 'syncA_will_accompany_you_to_Australia_sb3'),
       (72, 'syncA_pass_expiry_date1_sb3'),
       (73, 'syncA_medical_expiration_date_sb3'),
       (74, 'syncA_family_name_sb4'),
       (75, 'syncA_given_name_sb4'),
       (76, 'syncA_DOB_sb4'),
       (77, 'syncA_will_accompany_you_to_Australia_sb4'),
       (78, 'syncA_pass_expiry_date1_sb4'),
       (79, 'syncA_medical_expiration_date_sb4'),
       (80, 'syncA_family_name_sb5'),
       (81, 'syncA_given_name_sb5'),
       (82, 'syncA_DOB_sb5'),
       (83, 'syncA_will_accompany_you_to_Australia_sb5'),
       (84, 'syncA_pass_expiry_date1_sb5'),
       (85, 'syncA_medical_expiration_date_sb5'),
       (86, 'syncA_family_name_p1'),
       (87, 'syncA_given_name_p1'),
       (88, 'syncA_DOB_p1'),
       (89, 'syncA_will_accompany_you_to_Australia_p1'),
       (90, 'syncA_pass_expiry_date1_p1'),
       (91, 'syncA_medical_expiration_date_p1'),
       (92, 'syncA_family_name_p2'),
       (93, 'syncA_given_name_p2'),
       (94, 'syncA_DOB_p2'),
       (95, 'syncA_will_accompany_you_to_Australia_p2'),
       (96, 'syncA_pass_expiry_date1_p2'),
       (97, 'syncA_medical_expiration_date_p2'),
       (98, 'syncA_family_name_p3'),
       (99, 'syncA_given_name_p3'),
       (100, 'syncA_DOB_p3'),
       (101, 'syncA_will_accompany_you_to_Australia_p3'),
       (102, 'syncA_pass_expiry_date1_p3'),
       (103, 'syncA_medical_expiration_date_p3'),
       (104, 'syncA_family_name_p4'),
       (105, 'syncA_given_name_p4'),
       (106, 'syncA_DOB_p4'),
       (107, 'syncA_will_accompany_you_to_Australia_p4'),
       (108, 'syncA_pass_expiry_date1_p4'),
       (109, 'syncA_medical_expiration_date_p4'),
       (110, 'syncA_family_name_f1'),
       (111, 'syncA_given_name_f1'),
       (112, 'syncA_DOB_f1'),
       (113, 'syncA_will_accompany_you_to_Australia_f1'),
       (114, 'syncA_pass_expiry_date1_f1'),
       (115, 'syncA_medical_expiration_date_f1'),
       (116, 'syncA_family_name_f2'),
       (117, 'syncA_given_name_f2'),
       (118, 'syncA_DOB_f2'),
       (119, 'syncA_will_accompany_you_to_Australia_f2'),
       (120, 'syncA_pass_expiry_date1_f2'),
       (121, 'syncA_medical_expiration_date_f2'),
       (122, 'syncA_medical_expiration_date'),
       (123, 'syncA_migrating'),
       (124, 'syncA_other_names'),
       (125, 'syncA_current_visa'),
       (126, 'syncA_visa_expiry_date'),
       (127, 'syncA_address_line_1'),
       (128, 'syncA_address_line_2'),
       (129, 'syncA_address_suburb'),
       (130, 'syncA_address_state'),
       (131, 'syncA_address_pcode'),
       (132, 'syncA_address_country'),
       (133, 'syncA_phone_mobile'),
       (134, 'syncA_phone_home'),
       (135, 'syncA_email'),
       (136, 'syncA_email_other'),
       (137, 'syncA_family_name_mag'),
       (138, 'syncA_given_name_mag'),
       (139, 'syncA_MARN_mag'),
       (140, 'syncA_family_name_accom_dependant1'),
       (141, 'syncA_family_name_accom_dependant2'),
       (142, 'syncA_family_name_accom_dependant3'),
       (143, 'syncA_family_name_accom_dependant4'),
       (144, 'syncA_family_name_accom_dependant5'),
       (145, 'syncA_given_name_accom_dependant1'),
       (146, 'syncA_given_name_accom_dependant2'),
       (147, 'syncA_given_name_accom_dependant3'),
       (148, 'syncA_given_name_accom_dependant4'),
       (149, 'syncA_given_name_accom_dependant5'),
       (150, 'syncA_visa_subclass'),
       (151, 'syncA_current_visa'),
       (152, 'syncA_relationship_to_you_p1'),
       (153, 'syncA_country_of_citizenship_2'),
       (154, 'syncA_country_of_citizenship_3'),
       (155, 'syncA_relationship_to_you_p4'),
       (156, 'syncA_relationship_to_you_p2'),
       (157, 'syncA_relationship_to_you_p3'),
       (158, 'syncA_POB_city_s'),
       (159, 'syncA_other_names_p4'),
       (160, 'syncA_other_names_p3'),
       (161, 'syncA_other_names_p2'),
       (162, 'syncA_other_names_p1'),
       (163, 'syncA_POB_province_sb5'),
       (164, 'syncA_POB_province_sb4'),
       (165, 'syncA_POB_province_sb3'),
       (166, 'syncA_name_type_1'),
       (167, 'syncA_POB_province_sb2'),
       (168, 'syncA_POB_province_sb1'),
       (169, 'syncA_Chinese_CC_Number_s'),
       (170, 'syncA_passport_number_3'),
       (171, 'syncA_passport_number_2'),
       (172, 'syncA_POB_city_f1'),
       (173, 'syncA_POB_city_f2'),
       (174, 'syncA_Russian_Descent'),
       (175, 'syncA_country_of_residence_s'),
       (176, 'syncA_POB_province_p3'),
       (177, 'syncA_POB_province_p2'),
       (178, 'syncA_POB_province_p4'),
       (179, 'syncA_POB_province_p1'),
       (180, 'syncA_Arabic_Descent'),
       (181, 'syncA_sex_p1'),
       (182, 'syncA_sex_p2'),
       (183, 'syncA_sex_p3'),
       (184, 'syncA_sex_p4'),
       (185, 'syncA_Chinese_CC_Number'),
       (186, 'syncA_POB_country_s'),
       (187, 'syncA_POB_suburb'),
       (188, 'syncA_sex_f2'),
       (189, 'syncA_sex_f1'),
       (190, 'syncA_pass_country_3'),
       (191, 'syncA_pass_country_2'),
       (192, 'syncA_POB_province_c6'),
       (193, 'syncA_POB_province_c5'),
       (194, 'syncA_POB_city_p1'),
       (195, 'syncA_POB_province_c4'),
       (196, 'syncA_POB_city'),
       (197, 'syncA_POB_city_p2'),
       (198, 'syncA_POB_province_c3'),
       (199, 'syncA_POB_city_p3'),
       (200, 'syncA_POB_province_c2'),
       (201, 'syncA_POB_city_p4'),
       (202, 'syncA_POB_province_c1'),
       (203, 'syncA_sex_c3'),
       (204, 'syncA_sex_c4'),
       (205, 'syncA_sex_c1'),
       (206, 'syncA_sex_c2'),
       (207, 'syncA_sex_c5'),
       (208, 'syncA_sex_c6'),
       (209, 'syncA_country_of_residence_p3'),
       (210, 'syncA_country_of_residence_p4'),
       (211, 'syncA_country_of_residence_p1'),
       (212, 'syncA_country_of_residence_p2'),
       (213, 'syncA_POB_country_c3'),
       (214, 'syncA_POB_country_c4'),
       (215, 'syncA_POB_country_c1'),
       (216, 'syncA_POB_country_c2'),
       (217, 'syncA_POB_country_c6'),
       (218, 'syncA_POB_country_c5'),
       (219, 'syncA_ID_number_shown_2'),
       (220, 'syncA_ID_number_shown_1'),
       (221, 'syncA_ID_number_shown_4'),
       (222, 'syncA_ID_number_shown_3'),
       (223, 'syncA_ID_number_shown_5'),
       (224, 'syncA_POB_country_f1'),
       (225, 'syncA_POB_country_f2'),
       (226, 'syncA_POB_province_f1'),
       (227, 'syncA_POB_province_f2'),
       (228, 'syncA_country_of_residence_c5'),
       (229, 'syncA_country_of_residence_c4'),
       (230, 'syncA_country_of_residence_c6'),
       (231, 'syncA_Chinese_CC_Number_f1'),
       (232, 'syncA_Chinese_CC_Number_f2'),
       (233, 'syncA_country_of_residence_c1'),
       (234, 'syncA_country_of_residence_c2'),
       (235, 'syncA_country_of_residence_c3'),
       (236, 'syncA_POB_province_s'),
       (237, 'syncA_pass_issue_date_3'),
       (238, 'syncA_pass_issue_date_2'),
       (239, 'syncA_pass_expiry_date_3'),
       (240, 'syncA_pass_expiry_date_2'),
       (241, 'syncA_ID_document_type_2'),
       (242, 'syncA_ID_document_type_3'),
       (243, 'syncA_ID_document_type_1'),
       (244, 'syncA_passport_country_of_issue_3'),
       (245, 'syncA_passport_country_of_issue_2'),
       (246, 'syncA_ID_document_type_4'),
       (247, 'syncA_ID_document_type_5'),
       (248, 'syncA_POB_city_sb1'),
       (249, 'syncA_POB_city_sb2'),
       (250, 'syncA_POB_city_sb3'),
       (251, 'syncA_POB_city_sb4'),
       (252, 'syncA_POB_city_sb5'),
       (253, 'syncA_country_of_residence_f1'),
       (254, 'syncA_country_of_residence_f2'),
       (255, 'syncA_sex_s'),
       (256, 'syncA_sex_sb3'),
       (257, 'syncA_sex_sb4'),
       (258, 'syncA_sex_sb1'),
       (259, 'syncA_sex_sb2'),
       (260, 'syncA_sex_sb5'),
       (261, 'syncA_relationship_to_you_c5'),
       (262, 'syncA_POB_country_sb5'),
       (263, 'syncA_relationship_to_you_c6'),
       (264, 'syncA_Chinese_CC_Number_c5'),
       (265, 'syncA_country_of_residence_sb1'),
       (266, 'syncA_Chinese_CC_Number_c6'),
       (267, 'syncA_POB_country_sb4'),
       (268, 'syncA_country_of_residence_sb2'),
       (269, 'syncA_Chinese_CC_Number_c3'),
       (270, 'syncA_relationship_to_you_c3'),
       (271, 'syncA_country_of_residence_sb3'),
       (272, 'syncA_POB_country_sb3'),
       (273, 'syncA_Chinese_CC_Number_c4'),
       (274, 'syncA_relationship_to_you_c4'),
       (275, 'syncA_country_of_residence_sb4'),
       (276, 'syncA_POB_country_sb2'),
       (277, 'syncA_relationship_to_you_c1'),
       (278, 'syncA_Chinese_CC_Number_c1'),
       (279, 'syncA_country_of_residence_sb5'),
       (280, 'syncA_POB_country_sb1'),
       (281, 'syncA_relationship_to_you_c2'),
       (282, 'syncA_Chinese_CC_Number_c2'),
       (283, 'syncA_POB_country_p1'),
       (284, 'syncA_relationship_to_you_s'),
       (285, 'syncA_relationship_to_you_f2'),
       (286, 'syncA_relationship_to_you_f1'),
       (287, 'syncA_POB_country_p2'),
       (288, 'syncA_POB_country_p3'),
       (289, 'syncA_POB_country_p4'),
       (290, 'syncA_ID_document_coi_1'),
       (291, 'syncA_ID_document_coi_2'),
       (292, 'syncA_ID_document_coi_5'),
       (293, 'syncA_ID_document_coi_3'),
       (294, 'syncA_ID_document_coi_4'),
       (295, 'syncA_other_names_s'),
       (296, 'syncA_other_names_f2'),
       (297, 'syncA_other_names_f1'),
       (298, 'syncA_Chinese_CC_Number_p4'),
       (299, 'syncA_Chinese_CC_Number_p2'),
       (300, 'syncA_Chinese_CC_Number_p3'),
       (301, 'syncA_Chinese_CC_Number_p1'),
       (302, 'syncA_other_name_giv_1'),
       (303, 'syncA_other_names_sb4'),
       (304, 'syncA_other_names_sb5'),
       (305, 'syncA_other_names_sb2'),
       (306, 'syncA_other_names_sb3'),
       (307, 'syncA_other_names_sb1'),
       (308, 'syncA_relationship_to_you_sb4'),
       (309, 'syncA_POB_city_c3'),
       (310, 'syncA_relationship_to_you_sb3'),
       (311, 'syncA_POB_city_c2'),
       (312, 'syncA_relationship_to_you_sb2'),
       (313, 'syncA_POB_state'),
       (314, 'syncA_POB_city_c1'),
       (315, 'syncA_POB_city_c6'),
       (316, 'syncA_relationship_to_you_sb5'),
       (317, 'syncA_POB_city_c4'),
       (318, 'syncA_POB_city_c5'),
       (319, 'syncA_Chinese_CC_Number_sb5'),
       (320, 'syncA_other_names_c2'),
       (321, 'syncA_other_names_c3'),
       (322, 'syncA_other_names_c1'),
       (323, 'syncA_Chinese_CC_Number_sb1'),
       (324, 'syncA_Chinese_CC_Number_sb2'),
       (325, 'syncA_Chinese_CC_Number_sb3'),
       (326, 'syncA_Chinese_CC_Number_sb4'),
       (327, 'syncA_other_names_c6'),
       (328, 'syncA_other_names_c5'),
       (329, 'syncA_other_names_c4'),
       (330, 'syncA_other_name_fam_1'),
       (331, 'syncA_name_type_2'),
       (332, 'syncA_name_type_3'),
       (333, 'syncA_other_name_giv_2'),
       (334, 'syncA_other_name_giv_3'),
       (335, 'syncA_other_name_fam_3'),
       (336, 'syncA_other_name_fam_2'),
       (337, 'syncA_address2_mag'),
       (338, 'syncA_fax_cc_mag'),
       (339, 'syncA_address_cntry_mag'),
       (340, 'syncA_office_cc_mag'),
       (341, 'syncA_email_mag'),
       (342, 'syncA_address1_mag'),
       (343, 'syncA_organisation_name_mag'),
       (344, 'syncA_office_ac_mag'),
       (345, 'syncA_DOB_mag'),
       (346, 'syncA_fax_ac_mag'),
       (347, 'syncA_mobile_number_mag'),
       (348, 'syncA_address_pc_mag'),
       (349, 'syncA_fax_number_mag'),
       (350, 'syncA_office_phone_number_mag'),
       (351, 'syncA_native_language'),
       (352, 'syncA_ID_document_type_6'),
       (353, 'syncA_other_name_giv'),
       (354, 'syncA_ID_document_coi_6'),
       (355, 'syncA_ID_number_shown_6'),
       (356, 'syncA_address_line_3'),
       (357, 'syncA_pass_cntry_1'),
       (358, 'syncA_passport_number'),
       (359, 'syncA_occupation_s'),
       (360, 'syncA_address1_s'),
       (361, 'syncA_address_pc_s'),
       (362, 'syncA_will_accompany_you_to_Australia_c8'),
       (363, 'syncA_will_accompany_you_to_Australia_c7'),
       (364, 'syncA_address_pc'),
       (365, 'syncA_relationship_to_you_c7'),
       (366, 'syncA_country_of_residence_sb6'),
       (367, 'syncA_country_of_residence_sb7'),
       (368, 'syncA_country_of_residence_sb8'),
       (369, 'syncA_relationship_to_you_c9'),
       (370, 'syncA_address_cntry'),
       (371, 'syncA_address_cntry_s'),
       (372, 'syncA_marital_status_c1'),
       (373, 'syncA_marital_status_c4'),
       (374, 'syncA_marital_status_c5'),
       (375, 'syncA_marital_status_c2'),
       (376, 'syncA_marital_status_c3'),
       (377, 'syncA_marital_status_c8'),
       (378, 'syncA_marital_status_c6'),
       (379, 'syncA_marital_status_c7'),
       (380, 'syncA_given_name_c8'),
       (381, 'syncA_given_name_c7'),
       (382, 'syncA_marital_status_sb3'),
       (383, 'syncA_marital_status_sb2'),
       (384, 'syncA_marital_status_sb1'),
       (385, 'syncA_marital_status_sb7'),
       (386, 'syncA_marital_status_sb6'),
       (387, 'syncA_marital_status_sb5'),
       (388, 'syncA_marital_status_sb4'),
       (389, 'syncA_cntry_of_citizenship'),
       (390, 'syncA_address2_s'),
       (391, 'syncA_family_name_c8'),
       (392, 'syncA_family_name_c7'),
       (393, 'syncA_sex_c7'),
       (394, 'syncA_sex_c8'),
       (395, 'syncA_family_name_sb6'),
       (396, 'syncA_family_name_sb7'),
       (397, 'syncA_family_name_sb8'),
       (398, 'syncA_DOB_sb7'),
       (399, 'syncA_DOB_sb6'),
       (400, 'syncA_DOB_sb8'),
       (401, 'syncA_will_accompany_you_to_AU_sb1'),
       (402, 'syncA_will_accompany_you_to_AU_sb2'),
       (403, 'syncA_will_accompany_you_to_AU_sb3'),
       (404, 'syncA_will_accompany_you_to_AU_sb4'),
       (405, 'syncA_will_accompany_you_to_AU_sb5'),
       (406, 'syncA_will_accompany_you_to_AU_sb6'),
       (407, 'syncA_will_accompany_you_to_AU_sb7'),
       (408, 'syncA_will_accompany_you_to_AU_sb8'),
       (409, 'syncA_country_of_residence_c7'),
       (410, 'syncA_country_of_residence_c8'),
       (411, 'syncA_status_in_country_of_residence_s'),
       (412, 'syncA_sex_sb7'),
       (413, 'syncA_sex_sb8'),
       (414, 'syncA_sex_sb6'),
       (415, 'syncA_given_name_sb8'),
       (416, 'syncA_given_name_sb7'),
       (417, 'syncA_given_name_sb6'),
       (418, 'syncA_marital_status_sb8'),
       (419, 'syncA_address2'),
       (420, 'syncA_address1'),
       (421, 'syncA_relationship_to_you_sb1'),
       (422, 'syncA_relationship_to_you_sb7'),
       (423, 'syncA_relationship_to_you_sb8'),
       (424, 'syncA_relationship_to_you_sb6'),
       (425, 'syncA_DOB_c7'),
       (426, 'syncA_DOB_c8'),
       (427, 'syncA_address_pc_2'),
       (428, 'syncA_POB_country_2'),
       (429, 'syncA_level_of_education'),
       (430, 'syncA_passport_expiry_date_2'),
       (431, 'syncA_family_name_2'),
       (432, 'syncA_address1_2'),
       (433, 'syncA_given_name_2'),
       (434, 'syncA_POB_city_2'),
       (435, 'syncA_passport_issue_date_2'),
       (436, 'syncA_sex_2'),
       (437, 'syncA_address2_2'),
       (438, 'syncA_passport_country_2'),
       (439, 'syncA_ID_Number_shown_2'),
       (440, 'syncA_DOB_2'),
       (441, 'syncA_address_cntry_2'),
       (442, 'syncA_marital_status_2'),
       (443, 'syncA_country_of_residence_2'),
       (444, 'syncA_other_names_2'),
       (445, 'syncA_ID_document_coi_c1'),
       (446, 'syncA_ID_document_coi_c3'),
       (447, 'syncA_ID_document_coi_c2'),
       (448, 'syncA_ID_document_coi_c5'),
       (449, 'syncA_ID_document_coi_c4'),
       (450, 'syncA_ID_document_coi_c6'),
       (451, 'syncA_other_name_fam'),
       (452, 'syncA_DOB_dep1'),
       (453, 'syncA_DOB_dep4'),
       (454, 'syncA_DOB_dep5'),
       (455, 'syncA_DOB_dep2'),
       (456, 'syncA_ID_Number_shown_c1'),
       (457, 'syncA_DOB_dep3'),
       (458, 'syncA_ID_Number_shown_c2'),
       (459, 'syncA_ID_Number_shown_c3'),
       (460, 'syncA_ID_Number_shown_c4'),
       (461, 'syncA_DOB_dep6'),
       (462, 'syncA_ID_Number_shown_c5'),
       (463, 'syncA_ID_Number_shown_c6'),
       (464, 'syncA_ID_document_coi_dep6'),
       (465, 'syncA_ID_document_coi_dep4'),
       (466, 'syncA_ID_document_coi_dep5'),
       (467, 'syncA_ID_document_coi_dep1'),
       (468, 'syncA_ID_document_coi_dep3'),
       (469, 'syncA_ID_document_coi_dep2'),
       (470, 'syncA_pass_expiry_date3_s'),
       (471, 'syncA_other_name_fm7'),
       (472, 'syncA_other_name_fm5'),
       (473, 'syncA_other_name_fm6'),
       (474, 'syncA_other_name_fm3'),
       (475, 'syncA_other_name_fm4'),
       (476, 'syncA_other_name_fm2'),
       (477, 'syncA_other_name_fm1'),
       (478, 'syncA_relationship_to_you_dep2'),
       (479, 'syncA_country_of_residence_dep1'),
       (480, 'syncA_relationship_to_you_dep1'),
       (481, 'syncA_relationship_to_you_dep4'),
       (482, 'syncA_country_of_residence_dep2'),
       (483, 'syncA_relationship_to_you_dep3'),
       (484, 'syncA_country_of_residence_dep3'),
       (485, 'syncA_country_of_residence_dep4'),
       (486, 'syncA_relationship_to_you_dep6'),
       (487, 'syncA_relationship_to_you_dep5'),
       (488, 'syncA_country_of_residence_dep5'),
       (489, 'syncA_country_of_residence_dep6'),
       (490, 'syncA_passport_number_dep3'),
       (491, 'syncA_passport_number_dep4'),
       (492, 'syncA_passport_number_dep1'),
       (493, 'syncA_passport_number_dep2'),
       (494, 'syncA_country_of_citizenship_c4'),
       (495, 'syncA_country_of_citizenship_c5'),
       (496, 'syncA_country_of_citizenship_c2'),
       (497, 'syncA_country_of_citizenship_c3'),
       (498, 'syncA_country_of_citizenship_c6'),
       (499, 'syncA_passport_number_dep5'),
       (500, 'syncA_passport_number_dep6'),
       (501, 'syncA_country_of_citizenship_c1'),
       (502, 'syncA_other_relationship_to_you_fm3'),
       (503, 'syncA_other_relationship_to_you_fm2'),
       (504, 'syncA_other_relationship_to_you_fm1'),
       (505, 'syncA_other_relationship_to_you_fm7'),
       (506, 'syncA_other_relationship_to_you_fm6'),
       (507, 'syncA_other_relationship_to_you_fm5'),
       (508, 'syncA_other_relationship_to_you_fm4'),
       (509, 'syncA_country_of_residence'),
       (510, 'syncA_other_country_of_residence_fm7'),
       (511, 'syncA_other_country_of_residence_fm4'),
       (512, 'syncA_other_country_of_residence_fm3'),
       (513, 'syncA_other_country_of_residence_fm6'),
       (514, 'syncA_other_country_of_residence_fm5'),
       (515, 'syncA_other_country_of_residence_fm2'),
       (516, 'syncA_other_country_of_residence_fm1'),
       (517, 'syncA_other_DOB_fm7'),
       (518, 'syncA_ID_Number_shown_dep1'),
       (519, 'syncA_ID_Number_shown_dep2'),
       (520, 'syncA_ID_Number_shown_dep3'),
       (521, 'syncA_ID_Number_shown_dep4'),
       (522, 'syncA_ID_Number_shown_dep5'),
       (523, 'syncA_passport_issue_date_dep1'),
       (524, 'syncA_passport_issue_date_dep3'),
       (525, 'syncA_given_name_dep1'),
       (526, 'syncA_passport_issue_date_dep2'),
       (527, 'syncA_given_name_dep2'),
       (528, 'syncA_passport_issue_date_dep5'),
       (529, 'syncA_passport_issue_date_dep4'),
       (530, 'syncA_given_name_dep3'),
       (531, 'syncA_given_name_dep4'),
       (532, 'syncA_given_name_dep5'),
       (533, 'syncA_passport_issue_date_dep6'),
       (534, 'syncA_ID_Number_shown_dep6'),
       (535, 'syncA_other_DOB_fm4'),
       (536, 'syncA_other_DOB_fm3'),
       (537, 'syncA_other_DOB_fm6'),
       (538, 'syncA_other_DOB_fm5'),
       (539, 'syncA_other_DOB_fm2'),
       (540, 'syncA_other_DOB_fm1'),
       (541, 'syncA_given_name_dep6'),
       (542, 'syncA_other_given_name'),
       (543, 'syncA_passport_country_of_issue_dep6'),
       (544, 'syncA_passport_country_of_issue_dep2'),
       (545, 'syncA_passport_country_of_issue_dep3'),
       (546, 'syncA_passport_country_of_issue_dep4'),
       (547, 'syncA_passport_country_of_issue_dep5'),
       (548, 'syncA_passport_country_of_issue_dep1'),
       (549, 'syncA_family_name_dep1'),
       (550, 'syncA_family_name_dep2'),
       (551, 'syncA_family_name_dep3'),
       (552, 'syncA_family_name_dep4'),
       (553, 'syncA_family_name_dep5'),
       (554, 'syncA_family_name_dep6'),
       (555, 'syncA_sex_dep6'),
       (556, 'syncA_sex_dep5'),
       (557, 'syncA_sex_dep2'),
       (558, 'syncA_sex_dep1'),
       (559, 'syncA_sex_dep4'),
       (560, 'syncA_sex_dep3'),
       (561, 'syncA_passport_country_of_issue_c6'),
       (562, 'syncA_passport_country_of_issue_c4'),
       (563, 'syncA_passport_country_of_issue_c5'),
       (564, 'syncA_passport_country_of_issue_c2'),
       (565, 'syncA_passport_country_of_issue_c3'),
       (566, 'syncA_occupation'),
       (567, 'syncA_POB_country_dep2'),
       (568, 'syncA_POB_country_dep1'),
       (569, 'syncA_POB_country_dep4'),
       (570, 'syncA_POB_country_dep3'),
       (571, 'syncA_POB_country_dep6'),
       (572, 'syncA_POB_country_dep5'),
       (573, 'syncA_passport_expiry_date_dep2'),
       (574, 'syncA_passport_expiry_date_dep3'),
       (575, 'syncA_passport_expiry_date_dep4'),
       (576, 'syncA_passport_expiry_date_dep5'),
       (577, 'syncA_passport_expiry_date_dep1'),
       (578, 'syncA_passport_expiry_date_dep6'),
       (579, 'syncA_passport_country_of_issue_c1'),
       (580, 'syncA_passport_issue_date_c3'),
       (581, 'syncA_passport_issue_date_c2'),
       (582, 'syncA_passport_issue_date_c1'),
       (583, 'syncA_passport_issue_date_c6'),
       (584, 'syncA_passport_issue_date_c5'),
       (585, 'syncA_passport_issue_date_c4'),
       (586, 'syncA_ID_Number_shown_s'),
       (587, 'syncA_country_of_citizenship_dep6'),
       (588, 'syncA_country_of_citizenship_dep4'),
       (589, 'syncA_country_of_citizenship_dep5'),
       (590, 'syncA_country_of_citizenship_dep2'),
       (591, 'syncA_country_of_citizenship_dep3'),
       (592, 'syncA_country_of_citizenship_dep1'),
       (593, 'syncA_passport_number_c4'),
       (594, 'syncA_passport_number_c3'),
       (595, 'syncA_passport_number_c2'),
       (596, 'syncA_passport_number_c1'),
       (597, 'syncA_passport_number_c6'),
       (598, 'syncA_passport_number_c5'),
       (599, 'syncA_other_marital_status_fm2'),
       (600, 'syncA_other_marital_status_fm1'),
       (601, 'syncA_other_marital_status_fm4'),
       (602, 'syncA_other_marital_status_fm3'),
       (603, 'syncA_other_marital_status_fm6'),
       (604, 'syncA_other_marital_status_fm5'),
       (605, 'syncA_other_marital_status_fm7'),
       (606, 'syncA_pass_expiry_date2_s'),
       (607, 'syncA_address3_s'),
       (608, 'syncA_passport_expiry_date_c6'),
       (609, 'syncA_passport_expiry_date_c5'),
       (610, 'syncA_passport_expiry_date_c4'),
       (611, 'syncA_passport_expiry_date_c3'),
       (612, 'syncA_passport_expiry_date_c2'),
       (613, 'syncA_passport_expiry_date_c1'),
       (614, 'syncA_address3'),
       (615, 'syncA_ID_document_coi_s'),
       (616, 'syncA_address_c1'),
       (617, 'syncA_address_c2'),
       (618, 'syncA_address_c3'),
       (619, 'syncA_address_c4'),
       (620, 'syncA_address_c5'),
       (621, 'syncA_imm5406_email_c1'),
       (622, 'syncA_imm5406_email_c2'),
       (623, 'syncA_imm5406_email_c3'),
       (624, 'syncA_imm5406_email_c4'),
       (625, 'syncA_imm5406_email_c5'),
       (626, 'syncA_credit_card_name'),
       (627, 'syncA_POB_province'),
       (628, 'syncA_ID_document_type'),
       (629, 'syncA_ID_number_shown'),
       (630, 'syncA_ID_document_poi'),
       (631, 'syncA_ID_document_doe'),
       (632, 'syncA_ID_document_doi'),
       (633, 'syncA_ID_document_coi'),
       (634, 'syncA_country_of_citizenship'),
       (635, 'syncA_country_of_citizenship_s'),
       (636, 'syncA_trading_name_b'),
       (637, 'syncA_sponsor_sex'),
       (638, 'syncA_sponsor_family_name'),
       (639, 'syncA_ARBN_b'),
       (640, 'syncA_country_of_citinzenship'),
       (641, 'syncA_address_cntry_b'),
       (642, 'syncA_sponsor_DOB'),
       (643, 'syncA_address_pc_b'),
       (644, 'syncA_address1_b'),
       (645, 'syncA_ABN_b'),
       (646, 'syncA_sponsor_given_name'),
       (647, 'syncA_entity_name_b'),
       (648, 'syncA_ACN_b'),
       (649, 'syncA_sex_c12'),
       (650, 'syncA_sex_c13'),
       (651, 'syncA_sex_c10'),
       (652, 'syncA_sex_c11'),
       (653, 'syncA_sex_c16'),
       (654, 'syncA_sex_c17'),
       (655, 'syncA_sex_c14'),
       (656, 'syncA_sex_c15'),
       (657, 'syncA_passport_number_s'),
       (658, 'syncA_DOB_sb11'),
       (659, 'syncA_DOB_sb10'),
       (660, 'syncA_country_of_residence_c15'),
       (661, 'syncA_country_of_residence_c16'),
       (662, 'syncA_country_of_residence_c17'),
       (663, 'syncA_country_of_residence_c10'),
       (664, 'syncA_country_of_residence_c12'),
       (665, 'syncA_country_of_residence_c13'),
       (666, 'syncA_country_of_residence_c14'),
       (667, 'syncA_passport_country_of_issue_s'),
       (668, 'syncA_other_names_sb11'),
       (669, 'syncA_other_names_sb10'),
       (670, 'syncA_passport_issue_date'),
       (671, 'syncA_ID_Number_shown'),
       (672, 'syncA_other_names_sb8'),
       (673, 'syncA_other_names_sb9'),
       (674, 'syncA_other_names_sb6'),
       (675, 'syncA_other_names_sb7'),
       (676, 'syncA_country_of_residence_sb10'),
       (677, 'syncA_country_of_residence_sb11'),
       (678, 'syncA_other_names_c9'),
       (679, 'syncA_other_names_c8'),
       (680, 'syncA_other_names_c7'),
       (681, 'syncA_passport_expiry_date_s'),
       (682, 'syncA_passport_expiry_date'),
       (683, 'syncA_DOB_c17'),
       (684, 'syncA_DOB_c10'),
       (685, 'syncA_DOB_c11'),
       (686, 'syncA_DOB_c12'),
       (687, 'syncA_DOB_c13'),
       (688, 'syncA_DOB_c14'),
       (689, 'syncA_DOB_c15'),
       (690, 'syncA_DOB_c16'),
       (691, 'syncA_other_names_c13'),
       (692, 'syncA_other_names_c14'),
       (693, 'syncA_other_names_c11'),
       (694, 'syncA_other_names_c12'),
       (695, 'syncA_other_names_c10'),
       (696, 'syncA_other_names_c17'),
       (697, 'syncA_other_names_c15'),
       (698, 'syncA_other_names_c16'),
       (699, 'syncA_sex_c9'),
       (700, 'syncA_DOB_sb9'),
       (701, 'syncA_passport_issue_date_s'),
       (702, 'syncA_native_language_s'),
       (703, 'syncA_country_of_residence_c9'),
       (704, 'syncA_sex_sb9'),
       (705, 'syncA_will_accompany_you_to_AU_s'),
       (706, 'syncA_sex_sb11'),
       (707, 'syncA_sex_sb10'),
       (708, 'syncA_passport_country_of_issue'),
       (709, 'syncA_DOB_c9'),
       (710, 'syncA_nationality'),
       (711, 'syncA_ID_given_name_shown'),
       (712, 'syncA_address4'),
       (713, 'syncA_ID_family_name_shown'),
       (714, 'syncA_marital_status_c17'),
       (715, 'syncA_country_of_residence_c11'),
       (716, 'syncA_country_of_residence_sb9'),
       (717, 'syncA_marital_status_c9'),
       (718, 'syncA_marital_status_sb10'),
       (719, 'syncA_marital_status_sb11'),
       (720, 'syncA_will_accompany_you_to_AU_c3'),
       (721, 'syncA_will_accompany_you_to_AU_c2'),
       (722, 'syncA_will_accompany_you_to_AU_c1'),
       (723, 'syncA_will_accompany_you_to_AU_c6'),
       (724, 'syncA_will_accompany_you_to_AU_c4'),
       (725, 'syncA_will_accompany_you_to_AU_c5'),
       (726, 'syncA_marital_status_sb9'),
       (727, 'syncA_marital_status_c12'),
       (728, 'syncA_marital_status_c11'),
       (729, 'syncA_marital_status_c10'),
       (730, 'syncA_marital_status_c16'),
       (731, 'syncA_marital_status_c15'),
       (732, 'syncA_marital_status_c14'),
       (733, 'syncA_marital_status_c13'),
       (734, 'syncA_address2_b'),
       (735, 'syncA_fax_ac_b'),
       (736, 'syncA_name_giv_b'),
       (737, 'syncA_ASX_b'),
       (738, 'syncA_email_b'),
       (739, 'syncA_industry_type_b'),
       (740, 'syncA_name_fam_b'),
       (741, 'syncA_address_town_b'),
       (742, 'syncA_ac_b'),
       (743, 'syncA_fax_b'),
       (744, 'syncA_address_state_b'),
       (745, 'syncA_operational_since_b'),
       (746, 'syncA_ph_no_b'),
       (747, 'syncA_level_of_education_3_s'),
       (748, 'syncA_ID_number_shown_s'),
       (749, 'syncA_level_of_education_5_s'),
       (750, 'syncA_migrate'),
       (751, 'syncA_occupation_7_s'),
       (752, 'syncA_occupation_2'),
       (753, 'syncA_occupation_1'),
       (754, 'syncA_occupation_8'),
       (755, 'syncA_level_of_education_1_s'),
       (756, 'syncA_occupation_7'),
       (757, 'syncA_occupation_4'),
       (758, 'syncA_occupation_3'),
       (759, 'syncA_occupation_6'),
       (760, 'syncA_occupation_5'),
       (761, 'syncA_occupation_5_s'),
       (762, 'syncA_occupation_1_s'),
       (763, 'syncA_passport_country'),
       (764, 'syncA_occupation_3_s'),
       (765, 'syncA_cntry_of_residence'),
       (766, 'syncA_level_of_education_2_s'),
       (767, 'syncA_level_of_education_4_s'),
       (768, 'syncA_level_of_education_4'),
       (769, 'syncA_level_of_education_3'),
       (770, 'syncA_level_of_education_5'),
       (771, 'syncA_level_of_education_2'),
       (772, 'syncA_level_of_education_1'),
       (773, 'syncA_occupation_6_s'),
       (774, 'syncA_occupation_4_s'),
       (775, 'syncA_occupation_2_s'),
       (776, 'syncA_passport_country_s'),
       (777, 'syncA_address2_c1'),
       (778, 'syncA_address2_c2'),
       (779, 'syncA_address2_c5'),
       (780, 'syncA_address2_c6'),
       (781, 'syncA_address2_c3'),
       (782, 'syncA_address2_c4'),
       (783, 'syncA_passport_country_c6'),
       (784, 'syncA_passport_country_c5'),
       (785, 'syncA_passport_country_c4'),
       (786, 'syncA_passport_country_c3'),
       (787, 'syncA_passport_country_c2'),
       (788, 'syncA_passport_country_c1'),
       (789, 'syncA_address1_c2'),
       (790, 'syncA_address1_c3'),
       (791, 'syncA_address1_c4'),
       (792, 'syncA_address1_c5'),
       (793, 'syncA_address1_c6'),
       (794, 'syncA_address1_c1'),
       (795, 'syncA_address_cntry_c6'),
       (796, 'syncA_address_cntry_c4'),
       (797, 'syncA_address_cntry_c5'),
       (798, 'syncA_address_cntry_c2'),
       (799, 'syncA_address_cntry_c3'),
       (800, 'syncA_address_cntry_c1'),
       (801, 'syncA_address_pc_c2'),
       (802, 'syncA_address_pc_c3'),
       (803, 'syncA_address_pc_c4'),
       (804, 'syncA_address_pc_c5'),
       (805, 'syncA_address_pc_c6'),
       (806, 'syncA_passport_expiry_country'),
       (807, 'syncA_passport_name'),
       (808, 'syncA_pass_type'),
       (809, 'syncA_address2_b2'),
       (810, 'syncA_address1_b2'),
       (811, 'syncA_address_cntry_b2'),
       (812, 'syncA_passport_country_of_residence'),
       (813, 'syncA_address_pc_b2'),
       (814, 'syncA_sponsor_POB_country'),
       (815, 'syncA_sponsor_POB_city'),
       (816, 'syncA_office_ph_no_mag'),
       (817, 'syncA_adresss_pc'),
       (818, 'syncA_status_in_country_of_residence_sb11'),
       (819, 'syncA_status_in_country_of_residence_sb10'),
       (820, 'syncA_status_in_country_of_residence_sb9'),
       (821, 'syncA_status_in_country_of_residence_sb8'),
       (822, 'syncA_status_in_country_of_residence_sb7'),
       (823, 'syncA_status_in_country_of_residence_sb6'),
       (824, 'syncA_status_in_country_of_residence_sb5'),
       (825, 'syncA_status_in_country_of_residence_sb4'),
       (826, 'syncA_status_in_country_of_residence_sb3'),
       (827, 'syncA_status_in_country_of_residence_sb2'),
       (828, 'syncA_status_in_country_of_residence_sb1'),
       (829, 'syncA_relationship_to_you_sb10'),
       (830, 'syncA_relationship_to_you_sb11'),
       (831, 'syncA_adresss2'),
       (832, 'syncA_adresss1'),
       (833, 'syncA_POB_country_sb8'),
       (834, 'syncA_POB_country_sb7'),
       (835, 'syncA_POB_country_sb6'),
       (836, 'syncA_POB_country_sb9'),
       (837, 'syncA_family_name_sb10'),
       (838, 'syncA_family_name_sb11'),
       (839, 'syncA_family_name_sb9'),
       (840, 'syncA_POB_country_c7'),
       (841, 'syncA_POB_country_sb11'),
       (842, 'syncA_POB_country_sb10'),
       (843, 'syncA_status_in_country_of_residence_c7'),
       (844, 'syncA_status_in_country_of_residence_c5'),
       (845, 'syncA_status_in_country_of_residence_c6'),
       (846, 'syncA_status_in_country_of_residence_c3'),
       (847, 'syncA_status_in_country_of_residence_c4'),
       (848, 'syncA_status_in_country_of_residence_c1'),
       (849, 'syncA_status_in_country_of_residence_c2'),
       (850, 'syncA_adresss_cntry'),
       (851, 'syncA_relationship_to_you_sb9'),
       (852, 'syncA_ap_res_dcg'),
       (853, 'syncA_47sp_ap_prev_marriage_child'),
       (854, 'syncA_47sp_ap_prev_dob'),
       (855, 'syncA_ap_ch_smug'),
       (856, 'syncA_ap_res_citiz'),
       (857, 'syncA_47sp_ap_prev_dom'),
       (858, 'syncA_47sp_ap_fiance_prev_defacto_child'),
       (859, 'syncA_ap_ch_crime_ala'),
       (860, 'syncA_47sp_ap_place_married'),
       (861, 'syncA_47sp_ap_previous_defacto_name'),
       (862, 'syncA_47sp_ap_previous_spouse_name'),
       (863, 'syncA_47sp_ap_prev_defacto_dor_end'),
       (864, 'syncA_ap_ch_crime'),
       (865, 'syncA_47sp_ap_prev_defacto_child'),
       (866, 'syncA_47sp_ap_prev_defacto'),
       (867, 'syncA_F40_sp_undr_18'),
       (868, 'syncA_ap_res_doa'),
       (869, 'syncA_passport_poi_s'),
       (870, 'syncA_ap_ch_dep'),
       (871, 'syncA_ap_rel_par'),
       (872, 'syncA_47sp_ap_meet_place'),
       (873, 'syncA_as_after_ac_s'),
       (874, 'syncA_47sp_ap_other_marriage'),
       (875, 'syncA_47sp_ap_prev_spouse_dom_end'),
       (876, 'syncA_47sp_ap_prev_dom_end'),
       (877, 'syncA_ap_rel_child'),
       (878, 'syncA_ap_rel_defact'),
       (879, 'syncA_47sp_ap_prev_spouse_dob'),
       (880, 'syncA_ap_home_type_dtl'),
       (881, 'syncA_47sp_ap_prev_spouse_dom'),
       (882, 'syncA_drb'),
       (883, 'syncA_as_office_ph_no_2_s'),
       (884, 'syncA_47sp_ap_fiance_previous_defacto_name'),
       (885, 'syncA_dom'),
       (886, 'syncA_as_office_cc_s'),
       (887, 'syncA_as_email_s'),
       (888, 'syncA_prev_sponsored_partner_times'),
       (889, 'syncA_ap_dwell'),
       (890, 'syncA_sp_house_dtl'),
       (891, 'syncA_as_after_ph_no_2_s'),
       (892, 'syncA_ap_dwell_type'),
       (893, 'syncA_ap_ch_dtls'),
       (894, 'syncA_47sp_ap_fiance_prev_defacto'),
       (895, 'syncA_as_after_cc_s'),
       (896, 'syncA_as_office_ac_s'),
       (897, 'syncA_47sp_ap_prev_defacto_dor'),
       (898, 'syncA_sp_cntry_dt_fr_4'),
       (899, 'syncA_sp_cntry_dt_fr_5'),
       (900, 'syncA_sp_cntry_dt_fr_6'),
       (901, 'syncA_sp_cntry_dt_fr_7'),
       (902, 'syncA_sp_cntry_dt_fr_8'),
       (903, 'syncA_sp_cntry_dt_fr_1'),
       (904, 'syncA_sp_cntry_dt_fr_2'),
       (905, 'syncA_sp_cntry_dt_fr_3'),
       (906, 'syncA_ap_ch_excl'),
       (907, 'syncA_ap_ch_war'),
       (908, 'syncA_ap_ch_security_risk'),
       (909, 'syncA_47sp_ap_fiance_prev_defacto_dor_end'),
       (910, 'syncA_47sp_ap_prev_defacto_dob'),
       (911, 'syncA_47sp_ap_fiance_other'),
       (912, 'syncA_47sp_ap_meet_date'),
       (913, 'syncA_47sp_ap_previous_marriage_end'),
       (914, 'syncA_ap_rel_sib'),
       (915, 'syncA_doim'),
       (916, 'syncA_sp_cntry_add_7'),
       (917, 'syncA_sp_cntry_add_6'),
       (918, 'syncA_sp_cntry_add_8'),
       (919, 'syncA_ap_rel_other'),
       (920, 'syncA_sp_cntry_dt_to_8'),
       (921, 'syncA_sp_cntry_dt_to_7'),
       (922, 'syncA_sp_cntry_dt_to_6'),
       (923, 'syncA_sp_cntry_dt_to_5'),
       (924, 'syncA_sp_cntry_dt_to_4'),
       (925, 'syncA_sp_cntry_dt_to_3'),
       (926, 'syncA_sp_cntry_dt_to_2'),
       (927, 'syncA_sp_cntry_dt_to_1'),
       (928, 'syncA_ap_live_no'),
       (929, 'syncA_47sp_ap_fiance_prev_spouse_divorce'),
       (930, 'syncA_ap_ch_mil'),
       (931, 'syncA_sp_rel_sp_dtl'),
       (932, 'syncA_sp_cntry_add_1'),
       (933, 'syncA_sp_cntry_add_3'),
       (934, 'syncA_sp_cntry_add_2'),
       (935, 'syncA_sp_cntry_add_5'),
       (936, 'syncA_sp_cntry_add_4'),
       (937, 'syncA_sp_cntry_lived_7'),
       (938, 'syncA_sp_cntry_lived_8'),
       (939, 'syncA_ap_bedrm_no'),
       (940, 'syncA_sp_cntry_lived_1'),
       (941, 'syncA_sp_cntry_lived_2'),
       (942, 'syncA_sp_cntry_lived_3'),
       (943, 'syncA_sp_cntry_lived_4'),
       (944, 'syncA_sp_cntry_lived_5'),
       (945, 'syncA_sp_cntry_lived_6'),
       (946, 'syncA_47sp_ap_fiance_prev_spouse_name'),
       (947, 'syncA_prev_sponsored_partner'),
       (948, 'syncA_ap_ch_left_b4_dep'),
       (949, 'syncA_47sp_ap_fiance_prev_defacto_dor'),
       (950, 'syncA_ap_ch_acq'),
       (951, 'syncA_47sp_ap_fiance_prev_defacto_dob'),
       (952, 'syncA_ap_rel_sp'),
       (953, 'syncA_ap_res_length'),
       (954, 'syncA_ap_ch_pending'),
       (955, 'syncA_47sp_ap_prev_spouse_child'),
       (956, 'syncA_entitiy_name_b'),
       (957, 'syncA_address3_b'),
       (958, 'syncA_address4_b'),
       (959, 'syncA_name_type'),
       (960, 'syncA_address'),
       (961, 'syncA_Employer_Contact_Name'),
       (962, 'syncA_dob'),
       (963, 'syncA_OB_c1'),
       (964, 'syncA_ID_number_shown_c1'),
       (965, 'syncA_native_language_c1'),
       (966, 'syncA_address_pc_c1'),
       (1034, 'syncA_entity_name'),
       (1035, 'syncA_trading_name'),
       (1036, 'syncA_australian_business_number'),
       (1037, 'syncA_australian_company_number'),
       (1038, 'syncA_australian_registered_body_number'),
       (1039, 'syncA_australian_securities_exchange_code'),
       (1040, 'syncA_operational_since'),
       (1041, 'syncA_industry_type'),
       (1042, 'syncA_business_email'),
       (1043, 'syncA_nomination_occupation'),
       (1044, 'syncA_business_fax_number'),
       (1045, 'syncA_business_address_1'),
       (1046, 'syncA_business_address_2'),
       (1047, 'syncA_business_town'),
       (1048, 'syncA_business_state'),
       (1049, 'syncA_business_postcode'),
       (1050, 'syncA_business_country'),
       (1051, 'syncA_business_phone_number'),
       (1093, 'syncA_english_test_scores'),
       (1094, 'syncA_date_of_english_test'),
       (1095, 'DM_4_email'),
       (1096, 'syncA_address1_e'),
       (1097, 'syncA_family_name_f'),
       (1098, 'syncA_family_name_m'),
       (1099, 'syncA_POB_s'),
       (1100, 'syncA_POB_m'),
       (1101, 'syncA_POB_f'),
       (1102, 'syncA_full_name'),
       (1103, 'syncA_industry_type_e'),
       (1104, 'syncA_colour_of_eyes'),
       (1105, 'syncA_ph_no_e'),
       (1106, 'syncA_country_of_citizenship_m'),
       (1107, 'syncA_country_of_citizenship_f'),
       (1108, 'syncA_47sp_ap_prev_dob_1'),
       (1109, 'syncA_DOB_f'),
       (1110, 'syncA_DOB_m'),
       (1111, 'syncA_47sp_ap_previous_spouse_name_1'),
       (1112, 'syncA_fax_e'),
       (1113, 'syncA_nationality_s'),
       (1114, 'syncA_occupation_m'),
       (1115, 'syncA_occupation_f'),
       (1116, 'syncA_given_name_m'),
       (1117, 'syncA_given_name_f'),
       (1118, 'syncA_entity_name_e'),
       (1119, 'syncA_pass_expiry_date1_c7'),
       (1120, 'syncA_pass_expiry_date1_c8'),
       (1121, 'syncA_pass_expiry_date1_c9'),
       (1122, 'syncA_pass_expiry_date1_c10'),
       (1123, 'syncA_family_name_c9'),
       (1124, 'syncA_family_name_c10'),
       (1125, 'syncA_given_name_c9'),
       (1126, 'syncA_given_name_c10');

-- --------------------------------------------------------

--
-- Table structure for table `FormTemplates`
--

CREATE TABLE `FormTemplates`
(
    `template_id` int(11) UNSIGNED NOT NULL,
    `folder_id`   int(11) UNSIGNED DEFAULT NULL,
    `name`        varchar(255)     DEFAULT '',
    `body`        longtext
) ENGINE = InnoDB
  DEFAULT CHARSET = utf8 COMMENT ='List of templates that can be showed in specific folder.';

--
-- Dumping data for table `FormTemplates`
--

INSERT INTO `FormTemplates` (`template_id`, `folder_id`, `name`, `body`)
VALUES (1, 0, 'CBIU - Dominica',
        '&lt;%form6 - D1 Application for Citizenship By Investment Form%&gt;<div>&lt;%form7 - D2 Fingerprint and Photos Verification Form%&gt;</div><div>&lt;%form8 - D3 Medical Questionnaire%&gt;</div><div>&lt;%form9 - D4 Investment Agreement%&gt;</div><div>&lt;%form10 - Form 12 - Particulars of Applicant%&gt;</div>'),
       (2, 1, 'CBIU',
        '&lt;%form6 - D1 Application for Citizenship By Investment Form%&gt;<div>&lt;%form7 - D2 Fingerprint and Photos Verification Form%&gt;</div><div>&lt;%form8 - D3 Medical Questionnaire%&gt;</div><div>&lt;%form9 - D4 Investment Agreement%&gt;</div><div>&lt;%form10 - Form 12 - Particulars of Applicant%&gt;</div>');

-- --------------------------------------------------------

--
-- Table structure for table `FormUpload`
--

CREATE TABLE `FormUpload`
(
    `FormId`   int(10) UNSIGNED NOT NULL,
    `FolderId` int(10) UNSIGNED NOT NULL
) ENGINE = InnoDB
  DEFAULT CHARSET = utf8 COMMENT ='Mapping between pdf forms and their folders, where they will be showed.';

--
-- Dumping data for table `FormUpload`
--

INSERT INTO `FormUpload` (`FormId`, `FolderId`)
VALUES (6, 1),
       (7, 1),
       (8, 1),
       (9, 1),
       (10, 1);

-- --------------------------------------------------------

--
-- Table structure for table `FormVersion`
--

CREATE TABLE `FormVersion`
(
    `FormVersionId` int(10) UNSIGNED NOT NULL,
    `FormId`        int(10) UNSIGNED NOT NULL,
    `FormType`      enum ('','bar')  NOT NULL DEFAULT '',
    `VersionDate`   datetime         NOT NULL,
    `FilePath`      varchar(255)     NOT NULL,
    `Size`          varchar(45)      NOT NULL,
    `UploadedDate`  datetime         NOT NULL,
    `UploadedBy`    bigint(20)       NOT NULL,
    `FileName`      varchar(255)     NOT NULL,
    `Note1`         varchar(255)     NOT NULL,
    `Note2`         varchar(255)     NOT NULL
) ENGINE = InnoDB
  DEFAULT CHARSET = utf8 COMMENT ='List of pdf forms versions. Each form can have different version. All of them are saved here.';

--
-- Dumping data for table `FormVersion`
--

INSERT INTO `FormVersion` (`FormVersionId`, `FormId`, `FormType`, `VersionDate`, `FilePath`, `Size`, `UploadedDate`,
                           `UploadedBy`, `FileName`, `Note1`, `Note2`)
VALUES (6, 6, '', '2017-06-27 00:00:00', '2017-09-10 14-13-35.pdf', '441kb', '2017-09-10 14:13:35', 1,
        'D1 Application for Citizenship By Investment Form', '', ''),
       (7, 7, '', '2017-06-27 00:00:00', '2017-09-11 14-12-35.pdf', '106kb', '2017-09-11 14:12:35', 1,
        'D2 Fingerprint and Photos Verification Form', '', ''),
       (8, 8, '', '2017-06-27 00:00:00', '2017-09-08 09-36-47.pdf', '207kb', '2017-09-08 09:36:47', 1,
        'D3 Medical Questionnaire', '', ''),
       (9, 9, '', '2017-06-27 00:00:00', '2017-09-08 09-37-08.pdf', '108kb', '2017-09-08 09:37:08', 1,
        'D4 Investment Agreement', '', ''),
       (10, 10, '', '2017-06-27 00:00:00', '2017-09-08 09-37-27.pdf', '975kb', '2017-09-08 09:37:27', 1,
        'Form 12 - Particulars of Applicant', '', '');

-- --------------------------------------------------------

--
-- Table structure for table `form_default`
--

CREATE TABLE `form_default`
(
    `form_default_id` int(10) UNSIGNED NOT NULL,
    `company_id`      bigint(20)       NOT NULL,
    `form_version_id` int(10) UNSIGNED NOT NULL,
    `updated_by`      bigint(20) DEFAULT NULL,
    `updated_on`      datetime   DEFAULT NULL
) ENGINE = InnoDB
  DEFAULT CHARSET = utf8 COMMENT ='Each form version can be marked as default. This is a place where these defaults are defined.';

-- --------------------------------------------------------

--
-- Table structure for table `hst_companies`
--

CREATE TABLE `hst_companies`
(
    `province_id`    int(11) UNSIGNED                      NOT NULL,
    `province`       char(255)                                      DEFAULT NULL,
    `rate`           double(13, 4) UNSIGNED                         DEFAULT NULL,
    `tax_label`      char(255)                                      DEFAULT 'GST',
    `tax_type`       enum ('exempt','included','excluded') NOT NULL DEFAULT 'excluded',
    `is_system`      enum ('Y','N')                        NOT NULL DEFAULT 'N',
    `province_order` tinyint(3)                            NOT NULL DEFAULT '2'
) ENGINE = InnoDB
  DEFAULT CHARSET = utf8 COMMENT ='List of GST/HST taxes that are used during taxes calculations by companies (e.g. in T/A).';

--
-- Dumping data for table `hst_companies`
--

INSERT INTO `hst_companies` (`province_id`, `province`, `rate`, `tax_label`, `tax_type`, `is_system`, `province_order`)
VALUES (0, 'GST Exempt', 0.0000, 'GST', 'exempt', 'Y', 0),
       (15, 'GST (10%) Included', 10.0000, 'GST', 'included', 'Y', 1),
       (16, 'Add', 10.0000, 'GST', 'excluded', 'N', 2);

-- --------------------------------------------------------

--
-- Table structure for table `hst_officio`
--

CREATE TABLE `hst_officio`
(
    `province_id`    int(11) UNSIGNED                      NOT NULL,
    `province`       char(255)                                      DEFAULT NULL,
    `rate`           double(13, 4) UNSIGNED                         DEFAULT NULL,
    `tax_label`      char(255)                                      DEFAULT 'GST',
    `tax_type`       enum ('exempt','included','excluded') NOT NULL DEFAULT 'excluded',
    `is_system`      enum ('Y','N')                        NOT NULL DEFAULT 'N',
    `province_order` tinyint(3)                            NOT NULL DEFAULT '2'
) ENGINE = InnoDB
  DEFAULT CHARSET = utf8 COMMENT ='List of GST/HST taxes that are used during taxes calculations (when try to charge companies);';

--
-- Dumping data for table `hst_officio`
--

INSERT INTO `hst_officio` (`province_id`, `province`, `rate`, `tax_label`, `tax_type`, `is_system`, `province_order`)
VALUES (0, 'GST Exempt', 0.0000, 'GST', 'exempt', 'Y', 0),
       (15, 'GST (10%) Included', 10.0000, 'GST', 'included', 'Y', 1),
       (16, 'Add', 10.0000, 'GST', 'excluded', 'N', 2);

-- --------------------------------------------------------

--
-- Table structure for table `letterheads`
--

CREATE TABLE `letterheads`
(
    `letterhead_id`   int(11)    NOT NULL,
    `company_id`      bigint(20) NOT NULL,
    `name`            varchar(50)          DEFAULT NULL,
    `create_date`     date                 DEFAULT NULL,
    `type`            enum ('a4','letter') DEFAULT NULL,
    `created_by`      bigint(20) NOT NULL,
    `same_subsequent` int(1)               DEFAULT '1'
) ENGINE = InnoDB
  DEFAULT CHARSET = utf8 COMMENT ='List of letteheads that can be used as templates.';

-- --------------------------------------------------------

--
-- Table structure for table `letterheads_files`
--

CREATE TABLE `letterheads_files`
(
    `letterhead_file_id` int(11)     NOT NULL,
    `letterhead_id`      int(11)     NOT NULL,
    `file_name`          varchar(50) NOT NULL,
    `size`               varchar(45) DEFAULT NULL,
    `margin_left`        int(11)     DEFAULT NULL,
    `margin_top`         int(11)     DEFAULT NULL,
    `margin_right`       int(11)     DEFAULT NULL,
    `margin_bottom`      int(11)     DEFAULT NULL,
    `number`             int(11)     DEFAULT NULL
) ENGINE = InnoDB
  DEFAULT CHARSET = utf8 COMMENT ='List of lettehead files that can be used as templates.';

-- --------------------------------------------------------

--
-- Table structure for table `members`
--

CREATE TABLE `members`
(
    `member_id`                   bigint(20)      NOT NULL,
    `company_id`                  bigint(20)               DEFAULT NULL,
    `division_group_id`           int(11) UNSIGNED         DEFAULT NULL,
    `userType`                    int(2) UNSIGNED NOT NULL,
    `username`                    varchar(50)              DEFAULT NULL,
    `password`                    varchar(200)             DEFAULT NULL,
    `emailAddress`                varchar(255)             DEFAULT NULL,
    `fName`                       varchar(255)             DEFAULT NULL,
    `lName`                       varchar(255)    NOT NULL DEFAULT '',
    `regTime`                     int(11)                  DEFAULT NULL,
    `lastLogin`                   int(11)                  DEFAULT NULL,
    `status`                      tinyint(1)      NOT NULL DEFAULT '0',
    `login_enabled`               enum ('Y','N')  NOT NULL DEFAULT 'N',
    `login_temporary_disabled_on` datetime                 DEFAULT NULL,
    `disabled_timestamp`          int(11)         NOT NULL DEFAULT '0',
    `password_change_date`        int(11)                  DEFAULT NULL,
    `last_access`                 int(11)                  DEFAULT NULL,
    `logged_in`                   enum ('Y','N')           DEFAULT NULL
) ENGINE = InnoDB
  DEFAULT CHARSET = utf8 COMMENT ='Main table that contains all kind of users and clients.';

--
-- Dumping data for table `members`
--

INSERT INTO `members` (`member_id`, `company_id`, `division_group_id`, `userType`, `username`, `password`,
                       `emailAddress`, `fName`, `lName`, `regTime`, `lastLogin`, `status`, `login_enabled`,
                       `login_temporary_disabled_on`, `disabled_timestamp`, `password_change_date`, `last_access`,
                       `logged_in`)
VALUES (1, 0, 1, 1, 'superadmin', 'eNortjI2slLS35FgekLKd_H-RZpScuntJkKTd_vxL1-iUmIR0bbpwK1OJWtcMCX-D4k,',
        'superadmin@uniques.ca', 'Super', 'Admin', 1246366677, 1568068171, 1, 'Y', NULL, 0, 1506378425, 1568068266,
        'Y'),
       (2, 1, 2, 2, 'admin', 'eNortjI2slKalxCoJj5r7eGg0yxNCQxqnU7ie1f5rgoXv5x7POG93WYFJWtcMC0uD6A,',
        'georges@uniques.ca', 'Admin', 'Admin', 1498004436, 1568068155, 1, 'Y', NULL, 0, 1568068131, 1568068171, 'Y');

-- --------------------------------------------------------

--
-- Table structure for table `members_divisions`
--

CREATE TABLE `members_divisions`
(
    `member_id`   bigint(20)                                                 DEFAULT NULL,
    `division_id` int(11) UNSIGNED NOT NULL,
    `type`        enum ('access_to','responsible_for','pull_from','push_to') DEFAULT 'access_to'
) ENGINE = InnoDB
  DEFAULT CHARSET = utf8 COMMENT ='List of assigned offices/divisions to users/clients.';

--
-- Dumping data for table `members_divisions`
--

INSERT INTO `members_divisions` (`member_id`, `division_id`, `type`)
VALUES (2, 40, 'access_to'),
       (2, 45, 'access_to'),
       (2, 49, 'access_to'),
       (2, 52, 'access_to'),
       (2, 53, 'access_to'),
       (2, 54, 'access_to'),
       (2, 55, 'access_to'),
       (2, 56, 'access_to'),
       (2, 57, 'access_to'),
       (2, 58, 'access_to'),
       (2, 59, 'access_to'),
       (2, 60, 'access_to'),
       (2, 61, 'access_to'),
       (2, 62, 'access_to'),
       (2, 63, 'access_to'),
       (2, 64, 'access_to'),
       (2, 65, 'access_to'),
       (2, 66, 'access_to'),
       (2, 67, 'access_to'),
       (2, 68, 'access_to'),
       (2, 69, 'access_to'),
       (2, 70, 'access_to'),
       (2, 107, 'access_to'),
       (2, 108, 'access_to'),
       (2, 109, 'access_to'),
       (2, 110, 'access_to'),
       (2, 159, 'access_to'),
       (2, 160, 'access_to'),
       (2, 211, 'access_to'),
       (2, 223, 'access_to'),
       (2, 224, 'access_to'),
       (2, 225, 'access_to'),
       (2, 237, 'access_to'),
       (2, 242, 'access_to');

-- --------------------------------------------------------

--
-- Table structure for table `members_last_access`
--

CREATE TABLE `members_last_access`
(
    `member_id`      bigint(20) NOT NULL,
    `view_member_id` bigint(20) NOT NULL,
    `access_date`    datetime DEFAULT NULL
) ENGINE = InnoDB
  DEFAULT CHARSET = utf8 COMMENT ='List of last accessed cases by users.';

-- --------------------------------------------------------

--
-- Table structure for table `members_last_passwords`
--

CREATE TABLE `members_last_passwords`
(
    `member_id` bigint(20)       NOT NULL,
    `password`  varchar(200)     NOT NULL,
    `timestamp` int(11) UNSIGNED NOT NULL
) ENGINE = InnoDB
  DEFAULT CHARSET = utf8 COMMENT ='List of last passwords used by users/clients. We save them here and check if new passwords are not the same as X last passwords.';

--
-- Dumping data for table `members_last_passwords`
--

INSERT INTO `members_last_passwords` (`member_id`, `password`, `timestamp`)
VALUES (2, 'eNortjI2slJafWGDexZnaYuR6xrHP8lLf8jvVWG8umZP9UUD9SyPZ84GStZcMFeIEPY,', 1568068131);

-- --------------------------------------------------------

--
-- Table structure for table `members_password_retrievals`
--

CREATE TABLE `members_password_retrievals`
(
    `id`         int(11) UNSIGNED NOT NULL,
    `member_id`  bigint(20)       NOT NULL,
    `hash`       varchar(40)      NOT NULL,
    `expiration` int(11)          NOT NULL COMMENT 'datetime when hash will be expired'
) ENGINE = InnoDB
  DEFAULT CHARSET = utf8 COMMENT ='Used during passwords restoring mechanism.';

-- --------------------------------------------------------

--
-- Table structure for table `members_pua`
--

CREATE TABLE `members_pua`
(
    `pua_id`                                               int(11) UNSIGNED                                                      NOT NULL,
    `member_id`                                            bigint(20)                                                            NOT NULL,
    `pua_type`                                             enum ('designated_person','business_contact') COLLATE utf8_unicode_ci NOT NULL,
    `pua_designated_person_type`                           enum ('responsible_person','authorized_representative') COLLATE utf8_unicode_ci DEFAULT NULL,
    `pua_designated_person_form`                           varchar(255) COLLATE utf8_unicode_ci                                            DEFAULT NULL,
    `pua_designated_person_full_name`                      varchar(255) COLLATE utf8_unicode_ci                                            DEFAULT NULL,
    `pua_designated_person_given_name`                     varchar(255) COLLATE utf8_unicode_ci                                            DEFAULT NULL,
    `pua_designated_person_family_name`                    varchar(255) COLLATE utf8_unicode_ci                                            DEFAULT NULL,
    `pua_designated_person_primary_address`                varchar(255) COLLATE utf8_unicode_ci                                            DEFAULT NULL,
    `pua_designated_person_secondary_address`              varchar(255) COLLATE utf8_unicode_ci                                            DEFAULT NULL,
    `pua_designated_person_phone`                          varchar(255) COLLATE utf8_unicode_ci                                            DEFAULT NULL,
    `pua_designated_person_email`                          varchar(255) COLLATE utf8_unicode_ci                                            DEFAULT NULL,
    `pua_designated_person_primary_rcic_full_name`         varchar(255) COLLATE utf8_unicode_ci                                            DEFAULT NULL,
    `pua_designated_person_primary_rcic_given_name`        varchar(255) COLLATE utf8_unicode_ci                                            DEFAULT NULL,
    `pua_designated_person_primary_rcic_family_name`       varchar(255) COLLATE utf8_unicode_ci                                            DEFAULT NULL,
    `pua_designated_person_primary_rcic_primary_address`   varchar(255) COLLATE utf8_unicode_ci                                            DEFAULT NULL,
    `pua_designated_person_primary_rcic_secondary_address` varchar(255) COLLATE utf8_unicode_ci                                            DEFAULT NULL,
    `pua_designated_person_primary_rcic_phone`             varchar(255) COLLATE utf8_unicode_ci                                            DEFAULT NULL,
    `pua_designated_person_primary_rcic_email`             varchar(255) COLLATE utf8_unicode_ci                                            DEFAULT NULL,
    `pua_business_contact_name`                            varchar(255) COLLATE utf8_unicode_ci                                            DEFAULT NULL,
    `pua_business_contact_or_service`                      varchar(255) COLLATE utf8_unicode_ci                                            DEFAULT NULL,
    `pua_business_contact_phone`                           varchar(255) COLLATE utf8_unicode_ci                                            DEFAULT NULL,
    `pua_business_contact_email`                           varchar(255) COLLATE utf8_unicode_ci                                            DEFAULT NULL,
    `pua_business_contact_username`                        varchar(255) COLLATE utf8_unicode_ci                                            DEFAULT NULL,
    `pua_business_contact_password`                        varchar(255) COLLATE utf8_unicode_ci                                            DEFAULT NULL,
    `pua_business_contact_instructions`                    text COLLATE utf8_unicode_ci,
    `pua_created_by`                                       bigint(20)                                                                      DEFAULT NULL,
    `pua_created_on`                                       datetime                                                              NOT NULL,
    `pua_updated_by`                                       bigint(20)                                                                      DEFAULT NULL,
    `pua_updated_on`                                       datetime                                                                        DEFAULT NULL
) ENGINE = InnoDB
  DEFAULT CHARSET = utf8
  COLLATE = utf8_unicode_ci COMMENT ='Members Planned or Unplanned Absence (i.e. death)';

-- --------------------------------------------------------

--
-- Table structure for table `members_queues`
--

CREATE TABLE `members_queues`
(
    `member_id`                    bigint(20)          NOT NULL,
    `queue_member_allowed_queues`  text,
    `queue_member_selected_queues` text,
    `queue_columns`                text,
    `queue_show_active_cases`      tinyint(1) UNSIGNED NOT NULL DEFAULT '1'
) ENGINE = InnoDB
  DEFAULT CHARSET = utf8 COMMENT ='Settings for users related to Queue tab (Offices selected in combo, default columns).';

--
-- Dumping data for table `members_queues`
--

INSERT INTO `members_queues` (`member_id`, `queue_member_allowed_queues`, `queue_member_selected_queues`,
                              `queue_columns`, `queue_show_active_cases`)
VALUES (2, NULL, 'a:1:{i:0;s:2:\"40\";}',
        'a:12:{i:0;s:22:\"individual_family_name\";i:1;s:22:\"individual_given_names\";i:2;s:17:\"individual_office\";i:3;s:16:\"case_file_status\";i:4;s:31:\"individual_country_of_residence\";i:5;s:18:\"case_date_received\";i:6;s:15:\"case_auth_agent\";i:7;s:25:\"case_cbiu_investment_type\";i:8;s:33:\"individual_country_of_citizenship\";i:9;s:21:\"case_date_sent_for_dd\";i:10;s:14:\"case_DD_status\";i:11;s:21:\"case_requesting_queue\";}',
        1);

-- --------------------------------------------------------

--
-- Table structure for table `members_relations`
--

CREATE TABLE `members_relations`
(
    `parent_member_id`   bigint(20) NOT NULL,
    `child_member_id`    bigint(20) NOT NULL,
    `applicant_group_id` int(11) UNSIGNED    DEFAULT NULL,
    `row`                tinyint(2) UNSIGNED DEFAULT NULL
) ENGINE = InnoDB
  DEFAULT CHARSET = utf8 COMMENT ='Relations between clients and their cases (e.g. IA -> case, Individual Contact -> IA).';

-- --------------------------------------------------------

--
-- Table structure for table `members_roles`
--

CREATE TABLE `members_roles`
(
    `member_id` bigint(20) NOT NULL,
    `role_id`   int(11)    NOT NULL DEFAULT '0'
) ENGINE = InnoDB
  DEFAULT CHARSET = utf8 COMMENT ='List of roles assigned to user/client.';

--
-- Dumping data for table `members_roles`
--

INSERT INTO `members_roles` (`member_id`, `role_id`)
VALUES (1, 5),
       (2, 4925);

-- --------------------------------------------------------

--
-- Table structure for table `members_ta`
--

CREATE TABLE `members_ta`
(
    `members_ta_id`       int(11)       NOT NULL,
    `member_id`           bigint(20)             DEFAULT NULL,
    `company_ta_id`       int(11)                DEFAULT NULL,
    `order`               tinyint(3) UNSIGNED    DEFAULT '0',
    `outstanding_balance` double(12, 2) NOT NULL DEFAULT '0.00',
    `sub_total`           double(12, 2) NOT NULL DEFAULT '0.00',
    `sub_total_cleared`   double(12, 2) NOT NULL DEFAULT '0.00'
) ENGINE = InnoDB
  DEFAULT CHARSET = utf8 COMMENT ='Trust accounts are assigned to cases here.';

-- --------------------------------------------------------

--
-- Table structure for table `members_types`
--

CREATE TABLE `members_types`
(
    `member_type_id`                 int(2) UNSIGNED NOT NULL,
    `member_type_name`               varchar(30)     NOT NULL DEFAULT '',
    `member_type_case_template_name` varchar(30)     NOT NULL DEFAULT '',
    `member_type_visible`            enum ('Y','N')  NOT NULL DEFAULT 'Y'
) ENGINE = InnoDB
  DEFAULT CHARSET = utf8 COMMENT ='List of all supported users/clients.';

--
-- Dumping data for table `members_types`
--

INSERT INTO `members_types` (`member_type_id`, `member_type_name`, `member_type_case_template_name`,
                             `member_type_visible`)
VALUES (1, 'superadmin', '', 'N'),
       (2, 'admin', '', 'N'),
       (3, 'case', '', 'N'),
       (4, 'user', '', 'N'),
       (5, 'agent', '', 'N'),
       (6, 'crm_user', '', 'N'),
       (7, 'employer', 'Employer Clients', 'Y'),
       (8, 'individual', 'Individual Clients', 'Y'),
       (9, 'internal_contact', 'Internal Contact', 'N'),
       (10, 'contact', 'Contact', 'Y');

-- --------------------------------------------------------

--
-- Table structure for table `members_vevo_mapping`
--

CREATE TABLE `members_vevo_mapping`
(
    `from_member_id` bigint(20) NOT NULL,
    `to_member_id`   bigint(20) NOT NULL
) ENGINE = InnoDB
  DEFAULT CHARSET = utf8 COMMENT ='Contains vevo mapping list for the VEVO feature in the Clients.';

-- --------------------------------------------------------

--
-- Table structure for table `news`
--

CREATE TABLE `news`
(
    `news_id`     int(11) UNSIGNED NOT NULL,
    `title`       tinytext,
    `content`     longtext,
    `create_date` date DEFAULT NULL
) ENGINE = InnoDB
  DEFAULT CHARSET = utf8 COMMENT ='List of news that are showed in the News section on the home page.';

-- --------------------------------------------------------

--
-- Table structure for table `packages`
--

CREATE TABLE `packages`
(
    `package_id`          int(11)      NOT NULL,
    `package_name`        varchar(100) NOT NULL,
    `package_description` varchar(255) NOT NULL,
    `required`            int(1)       NOT NULL DEFAULT '0',
    `status`              int(1)       NOT NULL DEFAULT '1'
) ENGINE = InnoDB
  DEFAULT CHARSET = utf8 COMMENT ='List of all supported packages that can be assigned to companies.';

--
-- Dumping data for table `packages`
--

INSERT INTO `packages` (`package_id`, `package_name`, `package_description`, `required`, `status`)
VALUES (1, 'Package 1', 'This is the main package. It contains main functionality.', 1, 1),
       (2, 'Package 2', 'This is an additional package. Client Login, Client Account and Accounting Sub tab.', 0, 1),
       (3, 'Package 3', 'This is an additional package. Email, Calendar &amp; My Document', 0, 1),
       (4, 'Package 4', 'This is an additional package. Prospects.', 0, 1);

-- --------------------------------------------------------

--
-- Table structure for table `packages_details`
--

CREATE TABLE `packages_details`
(
    `package_detail_id`          int(11)      NOT NULL,
    `package_id`                 int(11)      NOT NULL,
    `rule_id`                    int(11)      NOT NULL,
    `package_detail_description` varchar(255) NOT NULL,
    `visible`                    tinyint(1)   NOT NULL DEFAULT '0'
) ENGINE = InnoDB
  DEFAULT CHARSET = utf8 COMMENT ='Mapping between acl rules (specific part/functionality of the web site) and packages where they are allowed.';

--
-- Dumping data for table `packages_details`
--

INSERT INTO `packages_details` (`package_detail_id`, `package_id`, `rule_id`, `package_detail_description`, `visible`)
VALUES (1, 1, 4, 'Admininstartion section', 0),
       (3, 1, 6, 'Home', 0),
       (4, 1, 1000, 'Change Password', 0),
       (5, 1, 1010, 'Manage Roles', 1),
       (6, 1, 1011, 'Add New Roles', 0),
       (7, 1, 1012, 'View Roles Details', 0),
       (8, 1, 1013, 'Delete Roles', 0),
       (9, 1, 1030, 'Manage Users', 1),
       (10, 1, 1031, 'Add Users', 0),
       (11, 1, 1032, 'View Users Details', 0),
       (12, 1, 1033, 'Delete Users', 0),
       (13, 1, 1050, 'Manage Cases fields/groups/layouts', 1),
       (14, 1, 1040, 'Manage Company Details', 1),
       (15, 1, 1042, 'Edit Company', 0),
       (16, 1, 10, 'Manage Clients', 1),
       (18, 1, 30, 'Notes and Activities', 1),
       (19, 1, 60, 'Client Documents', 1),
       (20, 1, 180, 'Templates', 1),
       (21, 1, 130, 'Links', 1),
       (22, 1, 140, 'Forms', 1),
       (23, 1, 141, 'Enable Assign Forms', 1),
       (24, 1, 142, 'Can Finalize a Form', 1),
       (25, 1, 143, 'Can Lock and Unlock Forms', 1),
       (26, 1, 170, 'Announcements', 1),
       (27, 1, 1060, 'Administer Forms', 1),
       (28, 1, 110, 'Client Account', 1),
       (29, 1, 101, 'Client Account History', 0),
       (30, 1, 102, 'Client Account Import', 0),
       (31, 1, 103, 'Client Account Assign', 0),
       (32, 1, 104, 'Client Account Edit', 0),
       (33, 1, 105, 'Client Account Settings', 0),
       (34, 1, 70, 'Client\'s Accounting', 1),
       (37, 2, 1120, 'Automatic Tasks', 1),
       (38, 1, 61, 'Client Documents Settings', 1),
       (39, 1, 150, 'Calendar', 1),
       (40, 1, 160, 'Mail', 1),
       (41, 1, 100, 'My Documents', 1),
       (42, 1, 1080, 'Shared Templates', 1),
       (43, 1, 1090, 'Default Searches', 1),
       (44, 1, 31, 'Add Notes', 1),
       (45, 1, 32, 'Edit Notes', 1),
       (46, 1, 33, 'Delete Notes', 1),
       (47, 1, 144, 'Can Complete a Form', 1),
       (48, 1, 190, 'Help', 1),
       (49, 1, 11, 'New/Save Profile', 1),
       (50, 1, 12, 'Delete Profile', 1),
       (51, 1, 13, 'New Client', 1),
       (52, 1, 5, 'Staff tabs', 0),
       (53, 1, 191, 'F.A.Q.', 1),
       (54, 1, 7, 'Notes on Homepage', 1),
       (55, 1, 200, 'Prospects', 1),
       (56, 2, 1190, 'Manage Company Prospects', 1),
       (57, 2, 1290, 'Default Forms', 1),
       (58, 1, 1310, 'Import Clients', 1),
       (59, 1, 210, 'My Tasks', 1),
       (60, 1, 25, 'Tasks', 1),
       (61, 1, 175, 'Immigration News', 1),
       (62, 3, 80, 'Client\'s TimeTracker', 1),
       (63, 3, 81, 'Client\'s TimeTracker - Popup Dialog', 1),
       (64, 3, 82, 'Client\'s TimeTracker - Show Time Log', 1),
       (65, 3, 83, 'Client\'s TimeTracker - Time Log Add', 1),
       (66, 3, 84, 'Client\'s TimeTracker - Time Log Edit', 1),
       (67, 3, 85, 'Client\'s TimeTracker - Time Log Delete', 1),
       (72, 1, 1051, 'Manage Individuals fields/groups/layouts', 1),
       (73, 1, 1052, 'Manage Employers fields/groups/layouts', 1),
       (74, 1, 1053, 'Manage Contacts fields/groups/layouts', 1),
       (75, 1, 400, 'Manage Contacts', 1),
       (76, 1, 401, 'Edit Contact', 1),
       (77, 1, 402, 'Delete Contact', 1),
       (78, 1, 403, 'New Contact', 1),
       (79, 1, 21, 'Individual Client Login', 1),
       (80, 2, 20, 'Employer Client Login', 1),
       (81, 1, 1410, 'Access Logs', 1),
       (82, 1, 1411, 'Delete Access Logs', 1),
       (83, 2, 220, 'ABN/ACN Check', 1),
       (84, 1, 1061, 'Manage Landing Pages', 1),
       (85, 3, 1041, 'Add Company', 0),
       (86, 1, 192, 'F.A.Q.', 1),
       (87, 3, 300, 'Company Websites', 1),
       (88, 3, 1020, 'Manage Super Admin Users', 0),
       (89, 3, 1021, 'Add New Super Admin User', 0),
       (90, 3, 1022, 'Edit Super Admin User', 0),
       (91, 3, 1023, 'Delete Super Admin User', 0),
       (92, 3, 1043, 'Delete Company', 0),
       (93, 3, 1044, 'Manage Company As Admin', 0),
       (94, 3, 1420, 'Manage Company Packages', 0),
       (95, 3, 1046, 'Change Company Status', 0),
       (96, 3, 1047, 'View Companies List', 0),
       (97, 1, 1070, 'Announcements', 0),
       (98, 3, 1100, 'Manage Templates', 0),
       (99, 3, 1130, 'System', 1),
       (100, 3, 1140, 'Manage Help', 0),
       (101, 3, 1150, 'Manage Prospects', 0),
       (102, 3, 1160, 'Signup', 1),
       (103, 3, 1170, 'Mail Server Settings', 0),
       (104, 3, 1180, 'Last Logged In Info', 0),
       (105, 3, 1200, 'Manage GST/HST', 0),
       (106, 3, 1210, 'Manage CMI', 0),
       (107, 3, 1220, 'Trial users pricing', 0),
       (108, 3, 1230, 'Manage PT Invoices', 0),
       (109, 3, 1240, 'Manage pricing', 0),
       (110, 3, 1250, 'Bad debts log', 0),
       (111, 3, 1260, 'Automated billing log', 0),
       (112, 3, 1270, 'Manage PT Error codes', 0),
       (113, 3, 1280, 'Accounts', 0),
       (114, 3, 1300, 'Statistics', 0),
       (115, 3, 1320, 'Prospects Matching', 0),
       (116, 3, 1330, 'Manage RSS feed', 0),
       (117, 3, 1350, 'Advanced Search', 0),
       (118, 3, 1360, 'Quick Search', 0),
       (119, 1, 1370, 'Allow Export', 0),
       (120, 3, 1380, 'Manage system variables', 0),
       (121, 3, 1400, 'Company Website', 1),
       (122, 3, 2000, 'CRM Manage', 0),
       (123, 3, 2001, 'Manage Users', 0),
       (124, 3, 2002, 'Define CRM users', 0),
       (125, 3, 2003, 'Define CRM roles', 0),
       (126, 3, 2010, 'Settings', 0),
       (127, 3, 2011, 'Change own password', 1),
       (128, 3, 2100, 'Companies', 1),
       (129, 3, 2101, 'New company', 0),
       (130, 3, 2102, 'Edit company', 0),
       (131, 3, 2103, 'Delete company', 0),
       (132, 3, 2200, 'Prospects', 0),
       (133, 3, 2201, 'New prospect', 0),
       (134, 3, 2202, 'Edit prospect', 0),
       (135, 3, 2203, 'Delete prospect', 0),
       (136, 3, 2204, 'Contacts', 1),
       (137, 1, 1048, 'Company Email', 0),
       (138, 3, 1390, 'View Superadmin Tab', 0),
       (139, 1, 1049, 'Edit Company Extra Details', 1),
       (140, 3, 1421, 'Manage Company Packages Extra Details', 0),
       (141, 1, 1034, 'Edit Users', 1),
       (142, 1, 1014, 'Edit Roles', 1),
       (145, 3, 1430, 'Send Mass Email', 0),
       (146, 1, 1035, 'Change Users Password', 1),
       (147, 4, 1440, 'Manage Company Tickets', 1),
       (148, 4, 1441, 'Add Company Tickets', 1),
       (149, 4, 1442, 'Manage Company Tickets Status', 1),
       (151, 1, 1311, 'Import Client Notes', 1),
       (152, 1, 2210, 'Letterheads', 1),
       (153, 1, 106, 'New Letter on Letterhead', 1),
       (154, 1, 90, 'Advanced search - run', 1),
       (155, 1, 91, 'Advanced search - export', 1),
       (156, 1, 92, 'Advanced search - print', 1),
       (157, 1, 181, 'Manage templates', 1),
       (158, 1, 95, 'Queue - run', 1),
       (159, 1, 96, 'Queue - export', 1),
       (160, 1, 97, 'Queue - print', 1),
       (161, 1, 98, 'Queue - push to office/queue', 1),
       (162, 1, 99, 'Queue - change file status', 1),
       (163, 1, 500, 'User Profile', 1),
       (164, 4, 1450, 'Manage Zoho settings', 0),
       (165, 1, 1054, 'Manage Internal Contacts fields/groups/layouts', 1),
       (166, 3, 2211, 'Manage Super Admin Roles', 0),
       (167, 3, 2212, 'Add New Super Admin Role', 1),
       (168, 3, 2213, 'Edit Super Admin Role', 1),
       (169, 3, 2214, 'Delete Super Admin Role', 1),
       (170, 1, 2215, 'Delete Clients Tasks', 1),
       (171, 1, 2216, 'Delete Tasks', 1),
       (172, 1, 201, 'Prospects Tasks', 1),
       (173, 1, 2217, 'Delete Prospects Tasks', 1),
       (175, 1, 1370, 'Company export', 1),
       (176, 1, 2218, 'Client\'s Accounting - General: Change Currency or Client Account', 1),
       (177, 1, 2219, 'Client\'s Accounting - General: Email Case Accounting', 1),
       (178, 1, 2220, 'Client\'s Accounting - General: Generate Reports', 1),
       (179, 1, 2221, 'Client\'s Accounting - General: Print', 1),
       (180, 1, 2222, 'Client\'s Accounting - Financial Transactions: Add Fees Due', 1),
       (181, 1, 2223, 'Client\'s Accounting - Financial Transactions: Add Fees Received', 1),
       (182, 1, 2224, 'Client\'s Accounting - Financial Transactions: Generate Invoice', 1),
       (183, 1, 2225, 'Client\'s Accounting - Financial Transactions: Generate Receipt', 1),
       (184, 1, 2226, 'Client\'s Accounting - Financial Transactions: Error Correction', 1),
       (185, 1, 2227, 'Define Authorised Agents', 1),
       (186, 1, 2228, 'Define %office_label%', 1),
       (187, 1, 2229, 'Define Case Reference Number Settings', 1),
       (188, 1, 2230, 'Change Assigned Staff', 1),
       (189, 1, 2231, 'Change Visa Subclass', 1),
       (190, 1, 2232, 'BC PNP Import', 1),
       (191, 1, 2233, 'Manage Default Mail Servers', 1),
       (192, 1, 2234, 'Delete Company Invoices', 1),
       (193, 1, 2235, 'Generate CON', 1),
       (194, 1, 1005, 'PUA Planning', 1),
       (195, 1, 2236, 'Client Documents Checklist', 1),
       (196, 1, 2237, 'Upload Documents', 1),
       (197, 1, 2238, 'Delete Documents', 1),
       (198, 1, 2239, 'Download Documents', 1),
       (199, 1, 2240, 'Set Tags', 1),
       (200, 1, 2241, 'Reassign File', 1),
       (201, 1, 2242, 'Business Hours', 1),
       (202, 1, 2243, 'View Workdays', 1),
       (203, 1, 2244, 'Update Workdays', 1),
       (204, 1, 2245, 'View Holidays', 1),
       (205, 1, 2246, 'Add Holidays', 1),
       (206, 1, 2247, 'Edit Holidays', 1),
       (207, 1, 2248, 'Delete Holidays', 1),
       (208, 1, 2249, 'Business Hours', 1),
       (209, 1, 2250, 'View Workdays', 1),
       (210, 1, 2251, 'Update Workdays', 1),
       (211, 1, 2252, 'View Holidays', 1),
       (212, 1, 2253, 'Add Holidays', 1),
       (213, 1, 2254, 'Edit Holidays', 1),
       (214, 1, 2255, 'Delete Holidays', 1),
       (215, 1, 2256, 'Contacts Advanced search', 1),
       (216, 1, 2257, 'Export', 1),
       (217, 1, 2258, 'Print', 1),
       (218, 1, 2259, 'Analytics', 1),
       (219, 1, 2260, 'Add', 1),
       (220, 1, 2261, 'Edit', 1),
       (221, 1, 2262, 'Delete', 1),
       (222, 1, 2263, 'Export', 1),
       (223, 1, 2264, 'Print', 1),
       (224, 1, 2265, 'Analytics', 1),
       (225, 1, 2266, 'Add', 1),
       (226, 1, 2267, 'Edit', 1),
       (227, 1, 2268, 'Delete', 1),
       (228, 1, 2269, 'Export', 1),
       (229, 1, 2270, 'Print', 1),
       (230, 1, 2271, 'Default Analytics', 1),
       (231, 1, 2272, 'Marketplace Profiles', 1),
       (232, 1, 2273, 'New Prospect', 1),
       (233, 1, 2274, 'Change/Save Profile', 1),
       (234, 1, 2275, 'Delete Prospect', 1),
       (235, 1, 2276, 'Convert to client', 1),
       (236, 1, 2277, 'Advanced search', 1),
       (237, 1, 2278, 'Export', 1),
       (238, 1, 2279, 'Print', 1),
       (239, 1, 2280, 'Prospect Notes', 1),
       (240, 1, 2281, 'Add Notes', 1),
       (241, 1, 2282, 'Edit Notes', 1),
       (242, 1, 2283, 'Delete Notes', 1),
       (243, 1, 2284, 'Prospect Documents', 1),
       (244, 3, 2285, 'Marketplace', 1),
       (245, 3, 2286, 'Convert to client', 1),
       (246, 3, 2287, 'Advanced search', 1),
       (247, 3, 2288, 'Export', 1),
       (248, 3, 2289, 'Print', 1),
       (249, 3, 2290, 'Prospect Notes', 1),
       (250, 3, 2291, 'Add Notes', 1),
       (251, 3, 2292, 'Edit Notes', 1),
       (252, 3, 2293, 'Delete Notes', 1),
       (253, 3, 2294, 'Prospect Documents', 1),
       (254, 1, 2295, 'Add Clients Tasks', 1),
       (255, 1, 2296, 'Add Tasks', 1),
       (256, 1, 2297, 'Add Prospects Tasks', 1);

-- --------------------------------------------------------

--
-- Table structure for table `pricing_categories`
--

CREATE TABLE `pricing_categories`
(
    `pricing_category_id`       int(11) UNSIGNED          NOT NULL,
    `name`                      varchar(255)              NOT NULL,
    `expiry_date`               date                               DEFAULT NULL,
    `key_string`                varchar(255)                       DEFAULT NULL,
    `default_subscription_term` enum ('annual','monthly') NOT NULL DEFAULT 'annual',
    `replacing_general`         enum ('Y','N')            NOT NULL DEFAULT 'N'
) ENGINE = InnoDB
  DEFAULT CHARSET = utf8 COMMENT ='Contains general and promotional pricing categories.';

--
-- Dumping data for table `pricing_categories`
--

INSERT INTO `pricing_categories` (`pricing_category_id`, `name`, `expiry_date`, `key_string`,
                                  `default_subscription_term`, `replacing_general`)
VALUES (1, 'General', NULL, '', 'annual', 'N'),
       (2, 'Promotion 1', '2016-12-30', 'Dec2016', 'annual', 'N');

-- --------------------------------------------------------

--
-- Table structure for table `pricing_category_details`
--

CREATE TABLE `pricing_category_details`
(
    `pricing_category_detail_id` int(11) UNSIGNED NOT NULL,
    `pricing_category_id`        int(11) UNSIGNED          DEFAULT NULL,
    `subscription_id`            varchar(255)     NOT NULL,
    `price_storage_1_gb_annual`  double           NOT NULL,
    `price_storage_1_gb_monthly` double           NOT NULL,
    `price_license_user_annual`  double           NOT NULL,
    `price_license_user_monthly` double           NOT NULL,
    `price_package_2_years`      double           NOT NULL,
    `price_package_monthly`      double           NOT NULL,
    `price_package_yearly`       double           NOT NULL,
    `users_add_over_limit`       int(11)          NOT NULL,
    `user_included`              int(11)          NOT NULL,
    `free_storage`               int(11)          NOT NULL,
    `free_clients`               int(11) UNSIGNED NOT NULL DEFAULT '0'
) ENGINE = InnoDB
  DEFAULT CHARSET = utf8 COMMENT ='Contains general and promotional pricing categories details.';

--
-- Dumping data for table `pricing_category_details`
--

INSERT INTO `pricing_category_details` (`pricing_category_detail_id`, `pricing_category_id`, `subscription_id`,
                                        `price_storage_1_gb_annual`, `price_storage_1_gb_monthly`,
                                        `price_license_user_annual`, `price_license_user_monthly`,
                                        `price_package_2_years`, `price_package_monthly`, `price_package_yearly`,
                                        `users_add_over_limit`, `user_included`, `free_storage`, `free_clients`)
VALUES (1, 1, 'lite', 5, 0.5, 699, 69, 1275, 69, 699, 0, 1, 2, 0),
       (2, 1, 'pro', 5, 0.5, 699, 69, 1799, 99, 999, 1, 1, 10, 0),
       (3, 1, 'ultimate', 5, 0.5, 999, 99, 2380, 129, 1299, 1, 1, 50, 0),
       (4, 2, 'lite', 5, 0.5, 399, 39, 1275, 69, 699, 0, 1, 2, 0),
       (5, 2, 'pro', 5, 0.5, 399, 39, 1799, 99, 999, 1, 2, 10, 0),
       (6, 2, 'ultimate', 5, 0.5, 399, 39, 2380, 129, 1299, 1, 3, 50, 0),
       (7, 1, 'starter', 5, 0.5, 699, 69, 1275, 69, 699, 0, 1, 2, 10),
       (8, 2, 'starter', 5, 0.5, 399, 39, 1275, 69, 699, 0, 1, 2, 10);

-- --------------------------------------------------------

--
-- Table structure for table `prospects`
--

CREATE TABLE `prospects`
(
    `prospect_id`                int(11) UNSIGNED NOT NULL,
    `company_id`                 bigint(20)                            DEFAULT NULL,
    `salutation`                 varchar(255)                          DEFAULT NULL,
    `name`                       varchar(255)                          DEFAULT NULL,
    `last_name`                  varchar(255)                          DEFAULT NULL,
    `company`                    varchar(255)                          DEFAULT NULL,
    `company_abn`                varchar(255)                          DEFAULT NULL,
    `email`                      varchar(255)                          DEFAULT NULL,
    `phone_w`                    varchar(255)                          DEFAULT NULL,
    `phone_m`                    varchar(255)                          DEFAULT NULL,
    `source`                     varchar(255)                          DEFAULT NULL,
    `key`                        varchar(255)                          DEFAULT NULL,
    `key_status`                 enum ('Active','Used Once','Disable') DEFAULT 'Active',
    `address`                    tinytext,
    `city`                       varchar(255)                          DEFAULT NULL,
    `state`                      varchar(255)                          DEFAULT NULL,
    `country`                    varchar(3)                            DEFAULT NULL,
    `zip`                        varchar(50)                           DEFAULT NULL,
    `package_type`               varchar(255)                          DEFAULT NULL,
    `support`                    enum ('Y','N')                        DEFAULT NULL,
    `payment_term`               varchar(255)                          DEFAULT NULL,
    `paymentech_profile_id`      varchar(255)                          DEFAULT NULL,
    `paymentech_mode_of_payment` enum ('Visa','Mastercard')            DEFAULT NULL,
    `status`                     enum ('Active','Closed')              DEFAULT 'Active',
    `notes`                      tinytext,
    `sign_in_date`               date                                  DEFAULT NULL,
    `subscription_fee`           double(11, 2) UNSIGNED                DEFAULT NULL,
    `support_fee`                double(11, 2) UNSIGNED                DEFAULT NULL,
    `free_users`                 int(11) UNSIGNED                      DEFAULT NULL,
    `free_clients`               int(11) UNSIGNED                      DEFAULT '0',
    `extra_users`                int(11) UNSIGNED                      DEFAULT NULL,
    `free_storage`               int(11) UNSIGNED                      DEFAULT NULL,
    `pricing_category_id`        int(11) UNSIGNED                      DEFAULT NULL
) ENGINE = InnoDB
  DEFAULT CHARSET = utf8 COMMENT ='List of prospects is saved here. Prospect is a record that is converted to company after the more detailed registration.';

-- --------------------------------------------------------

--
-- Table structure for table `reconciliation_log`
--

CREATE TABLE `reconciliation_log`
(
    `reconciliation_id`   int(11) UNSIGNED         NOT NULL,
    `reconciliation_type` enum ('general','iccrc') NOT NULL DEFAULT 'general',
    `ta_id`               int(11) UNSIGNED                  DEFAULT NULL,
    `author_id`           int(11) UNSIGNED                  DEFAULT NULL,
    `recon_date`          date                              DEFAULT NULL,
    `create_date`         date                              DEFAULT NULL
) ENGINE = InnoDB
  DEFAULT CHARSET = utf8 COMMENT ='Trust account can be reconciliated, date is saved here. We allow to do this only once per month.';

-- --------------------------------------------------------

--
-- Table structure for table `rss_black_list`
--

CREATE TABLE `rss_black_list`
(
    `id`     int(11) NOT NULL,
    `domain` varchar(128) DEFAULT NULL
) ENGINE = InnoDB
  DEFAULT CHARSET = utf8 COMMENT ='List of urls that will be ignored/not showed during rss links parsing.';

--
-- Dumping data for table `rss_black_list`
--

INSERT INTO `rss_black_list` (`id`, `domain`)
VALUES (1, 'cicnews.com'),
       (2, 'cicsnews.com'),
       (3, 'dailymarkets.com'),
       (4, 'marketwire.com'),
       (5, 'workpermit.com'),
       (6, 'nationalpost.com'),
       (7, 'tricitynews.com'),
       (8, 'Inquirer.net'),
       (9, 'newswire.ca'),
       (10, 'business-standard.com'),
       (11, 'imao.us'),
       (12, 'marxist.com');

-- --------------------------------------------------------

--
-- Table structure for table `schema_version`
--

CREATE TABLE `schema_version`
(
    `version`    bigint(20) NOT NULL,
    `start_time` timestamp  NOT NULL DEFAULT CURRENT_TIMESTAMP,
    `end_time`   timestamp  NOT NULL DEFAULT CURRENT_TIMESTAMP
) ENGINE = InnoDB
  DEFAULT CHARSET = utf8;

--
-- Dumping data for table `schema_version`
--

INSERT INTO `schema_version` (`version`, `start_time`, `end_time`)
VALUES (20151229151811, '2017-06-20 16:11:31', '2017-06-20 16:11:31'),
       (20160111131954, '2017-06-20 16:11:31', '2017-06-20 16:11:31'),
       (20160118121213, '2017-06-20 16:11:31', '2017-06-20 16:11:31'),
       (20160120120621, '2017-06-20 16:11:31', '2017-06-20 16:11:31'),
       (20160125140121, '2017-06-20 16:11:31', '2017-06-20 16:11:31'),
       (20160126121235, '2017-06-20 16:11:31', '2017-06-20 16:11:31'),
       (20160210152511, '2017-06-20 16:11:31', '2017-06-20 16:11:31'),
       (20160215161236, '2017-06-20 16:11:31', '2017-06-20 16:11:31'),
       (20160217125130, '2017-06-20 16:11:31', '2017-06-20 16:11:31'),
       (20160217144523, '2017-06-20 16:11:31', '2017-06-20 16:11:31'),
       (20160219153130, '2017-06-20 16:11:31', '2017-06-20 16:11:32'),
       (20160225104837, '2017-06-20 16:11:32', '2017-06-20 16:11:32'),
       (20160303155202, '2017-06-20 16:11:32', '2017-06-20 16:11:32'),
       (20160310161245, '2017-06-20 16:11:32', '2017-06-20 16:11:32'),
       (20160322113017, '2017-06-20 16:11:32', '2017-06-20 16:11:33'),
       (20160322113028, '2017-06-20 16:11:33', '2017-06-20 16:11:33'),
       (20160325083134, '2017-06-20 16:11:33', '2017-06-20 16:11:33'),
       (20160405162107, '2017-06-20 16:11:33', '2017-06-20 16:11:33'),
       (20160428131110, '2017-06-20 16:11:33', '2017-06-20 16:11:33'),
       (20160513121235, '2017-06-20 16:11:33', '2017-06-20 16:11:33'),
       (20160516124632, '2017-06-20 16:11:33', '2017-06-20 16:11:33'),
       (20160520145621, '2017-06-20 16:11:33', '2017-06-20 16:11:33'),
       (20160616170523, '2017-06-20 16:11:33', '2017-06-20 16:11:33'),
       (20160713141423, '2017-06-20 16:11:33', '2017-06-20 16:11:33'),
       (20160915124932, '2017-06-20 16:11:33', '2017-06-20 16:11:33'),
       (20160919124932, '2017-06-20 16:11:33', '2017-06-20 16:11:33'),
       (20160919125449, '2017-06-20 16:11:33', '2017-06-20 16:11:33'),
       (20161003564430, '2017-06-20 16:11:33', '2017-06-20 16:11:33'),
       (20161005436539, '2017-06-20 16:11:33', '2017-06-20 16:11:33'),
       (20161014150214, '2017-06-20 16:11:33', '2017-06-20 16:11:33'),
       (20161019172301, '2017-06-20 16:11:33', '2017-06-20 16:11:33'),
       (20161024124302, '2017-06-20 16:11:33', '2017-06-20 16:11:33'),
       (20161116162105, '2017-06-20 16:11:33', '2017-06-20 16:11:33'),
       (20161116204937, '2017-06-20 16:11:33', '2017-06-20 16:11:33'),
       (20161122122047, '2017-06-20 16:11:33', '2017-06-20 16:11:34'),
       (20161122144546, '2017-06-20 16:11:34', '2017-06-20 16:11:34'),
       (20161201130216, '2017-06-20 16:11:34', '2017-06-20 16:11:34'),
       (20161206125501, '2017-06-20 16:11:34', '2017-06-20 16:11:34'),
       (20161221180601, '2017-06-20 16:11:34', '2017-06-20 16:11:34'),
       (20161221180602, '2017-06-20 16:11:34', '2017-06-20 16:11:34'),
       (20161221180603, '2017-06-20 16:11:34', '2017-06-20 16:11:34'),
       (20161221180604, '2017-06-20 16:11:34', '2017-06-20 16:11:34'),
       (20161221180605, '2017-06-20 16:11:34', '2017-06-20 16:11:34'),
       (20170116151707, '2017-06-20 16:11:34', '2017-06-20 16:11:34'),
       (20170123164834, '2017-06-20 16:11:34', '2017-06-20 16:11:34'),
       (20170209121419, '2017-06-20 16:11:34', '2017-06-20 16:11:34'),
       (20170214161505, '2017-06-20 16:11:34', '2017-06-20 16:11:34'),
       (20170227100001, '2017-06-20 16:11:34', '2017-06-20 16:11:34'),
       (20170227121834, '2017-06-20 16:11:34', '2017-06-20 16:11:34'),
       (20170302171157, '2017-06-20 16:11:34', '2017-06-20 16:11:34'),
       (20170303120000, '2017-06-20 16:11:34', '2017-06-20 16:11:34'),
       (20170307145011, '2017-06-20 16:11:34', '2017-06-20 16:11:34'),
       (20170309124326, '2017-06-20 16:11:34', '2017-06-20 16:11:34'),
       (20170309153042, '2017-06-20 16:11:34', '2017-06-20 16:11:34'),
       (20170314182500, '2017-06-20 16:11:34', '2017-06-20 16:11:34'),
       (20170321140000, '2017-06-20 16:11:35', '2017-06-20 16:11:35'),
       (20170324150000, '2017-06-20 16:11:35', '2017-06-20 16:11:35'),
       (20170331124015, '2017-06-20 16:11:35', '2017-06-20 16:11:35'),
       (20170403154000, '2017-06-20 16:11:35', '2017-06-20 16:11:35'),
       (20170403173819, '2017-06-20 16:11:35', '2017-06-20 16:11:35'),
       (20170403181532, '2017-06-20 16:11:35', '2017-06-20 16:11:35'),
       (20170413153811, '2017-06-20 16:11:35', '2017-06-20 16:11:35'),
       (20170509122200, '2017-06-20 16:11:35', '2017-06-20 16:11:35'),
       (20170511093615, '2017-06-20 16:11:35', '2017-06-20 16:11:35'),
       (20170512141500, '2017-06-20 16:11:35', '2017-06-20 16:11:35'),
       (20170526161525, '2017-06-20 16:11:35', '2017-06-20 16:11:35'),
       (20170526164301, '2017-06-20 16:11:35', '2017-06-20 16:11:35'),
       (20170606124105, '2017-07-19 05:34:40', '2017-07-19 05:34:40'),
       (20170609131741, '2017-06-20 16:11:35', '2017-06-20 16:11:36'),
       (20170612030000, '2017-06-20 16:11:36', '2017-06-20 16:11:36'),
       (20170612180009, '2017-06-20 16:11:36', '2017-06-20 16:11:36'),
       (20170613130441, '2017-06-20 16:11:36', '2017-06-20 16:11:36'),
       (20170613150000, '2017-06-20 16:11:36', '2017-06-20 16:11:36'),
       (20170613153401, '2017-06-20 16:11:36', '2017-06-20 16:11:36'),
       (20170615160000, '2017-06-20 16:11:36', '2017-06-20 16:11:36'),
       (20170621150001, '2017-06-23 13:09:26', '2017-06-23 13:09:26'),
       (20170622120000, '2017-06-23 13:09:26', '2017-06-23 13:09:26'),
       (20170623113915, '2017-06-26 14:22:04', '2017-06-26 14:22:04'),
       (20170623140001, '2017-06-23 13:09:26', '2017-06-23 13:09:26'),
       (20170629110000, '2017-06-29 16:12:31', '2017-06-29 16:12:31'),
       (20170630151500, '2017-06-30 15:42:00', '2017-06-30 15:42:00'),
       (20170704124000, '2017-07-05 10:00:51', '2017-07-05 10:00:51'),
       (20170706115000, '2017-07-06 09:05:24', '2017-07-06 09:05:24'),
       (20170707070707, '2017-07-10 12:02:22', '2017-07-10 12:02:22'),
       (20170711113610, '2017-07-19 05:34:40', '2017-07-19 05:34:40'),
       (20170711161302, '2017-07-19 05:34:40', '2017-07-19 05:34:40'),
       (20170713101715, '2017-07-19 05:34:40', '2017-07-19 05:34:40'),
       (20170713121500, '2017-07-13 11:13:56', '2017-07-13 11:13:56'),
       (20170713141920, '2017-07-20 11:14:06', '2017-07-20 11:14:06'),
       (20170714143825, '2017-07-20 11:14:06', '2017-07-20 11:14:06'),
       (20170719111400, '2017-07-31 17:01:13', '2017-07-31 17:01:13'),
       (20170719172700, '2017-07-31 17:01:13', '2017-07-31 17:01:13'),
       (20170720084030, '2017-07-31 17:01:13', '2017-07-31 17:01:13'),
       (20170725162915, '2017-07-31 17:01:13', '2017-07-31 17:01:13'),
       (20170801113420, '2017-08-03 12:30:45', '2017-08-03 12:30:45'),
       (20170807160230, '2017-09-05 11:47:46', '2017-09-05 11:47:46'),
       (20170808153535, '2017-09-05 11:47:46', '2017-09-05 11:47:46'),
       (20170810153737, '2017-09-05 11:47:46', '2017-09-05 11:47:46'),
       (20170811133838, '2017-09-05 11:47:46', '2017-09-05 11:47:46'),
       (20170811171707, '2017-09-05 11:47:46', '2017-09-05 11:47:46'),
       (20170818133208, '2017-09-05 11:47:46', '2017-09-05 11:47:46'),
       (20170818141930, '2017-09-05 11:47:46', '2017-09-05 11:47:46'),
       (20170823144900, '2017-09-05 11:47:46', '2017-09-05 11:47:47'),
       (20170831120000, '2017-09-05 11:47:47', '2017-09-05 11:47:47'),
       (20170901164801, '2017-09-12 17:47:36', '2017-09-12 17:47:36'),
       (20170907115802, '2017-09-12 17:47:36', '2017-09-12 17:47:36'),
       (20170918120456, '2017-09-26 17:17:53', '2017-09-26 17:17:54'),
       (20170929115332, '2017-10-06 16:39:17', '2017-10-06 16:39:17'),
       (20170929150000, '2017-10-06 16:39:17', '2017-10-06 16:39:17'),
       (20170929171035, '2017-10-06 16:39:17', '2017-10-06 16:39:17'),
       (20171010132701, '2017-10-13 18:39:07', '2017-10-13 18:39:07'),
       (20171018121212, '2017-11-17 16:13:21', '2017-11-17 16:13:22'),
       (20171103083910, '2017-11-17 16:13:22', '2017-11-17 16:13:22'),
       (20171116120000, '2018-12-18 17:58:26', '2018-12-18 17:58:26'),
       (20171116174215, '2017-12-21 16:38:18', '2017-12-21 16:38:18'),
       (20171120165905, '2017-11-20 16:39:06', '2017-11-20 16:39:06'),
       (20171127120000, '2017-12-21 16:38:18', '2017-12-21 16:38:18'),
       (20171129160451, '2017-12-21 16:38:18', '2017-12-21 16:38:18'),
       (20171129172606, '2018-12-18 17:58:26', '2018-12-18 17:58:26'),
       (20171130120000, '2018-12-18 17:58:26', '2018-12-18 17:58:26'),
       (20171201150000, '2018-12-18 17:58:26', '2018-12-18 17:58:26'),
       (20171201181010, '2018-12-18 17:58:26', '2018-12-18 17:58:26'),
       (20171206165605, '2017-12-21 16:38:18', '2017-12-21 16:38:19'),
       (20171207100000, '2017-12-21 16:38:19', '2017-12-21 16:38:19'),
       (20171222150111, '2018-01-23 15:52:15', '2018-01-23 15:52:15'),
       (20180125183250, '2018-02-16 11:35:45', '2018-02-16 11:35:45'),
       (20180206164550, '2018-02-16 11:35:45', '2018-02-16 11:35:45'),
       (20180207160430, '2018-02-16 11:35:45', '2018-02-16 11:35:45'),
       (20180220160430, '2018-02-20 06:57:32', '2018-02-20 06:57:32'),
       (20180301153042, '2018-05-02 13:15:44', '2018-05-02 13:15:44'),
       (20180410120000, '2018-05-04 10:10:06', '2018-05-04 10:10:07'),
       (20180411150000, '2018-12-18 17:58:26', '2018-12-18 17:58:26'),
       (20180428175154, '2018-05-10 09:19:26', '2018-05-10 09:19:26'),
       (20180502181930, '2018-05-02 13:15:44', '2018-05-02 13:15:44'),
       (20180514141402, '2018-12-18 17:58:26', '2018-12-18 17:58:27'),
       (20180517165000, '2018-06-07 05:18:51', '2018-06-07 05:18:51'),
       (20180604153007, '2018-06-07 05:18:51', '2018-06-07 05:18:51'),
       (20180613115000, '2018-12-18 17:58:27', '2018-12-18 17:58:27'),
       (20180618151515, '2018-12-18 17:58:27', '2018-12-18 17:58:27'),
       (20180619134302, '2018-12-18 17:58:27', '2018-12-18 17:58:35'),
       (20180626171954, '2018-12-18 17:58:35', '2018-12-18 17:58:35'),
       (20180628170000, '2018-12-18 17:58:35', '2018-12-18 17:58:35'),
       (20180628180000, '2018-12-18 17:58:35', '2018-12-18 17:58:35'),
       (20180706121212, '2018-12-18 17:58:35', '2018-12-18 17:58:36'),
       (20181001141414, '2018-12-18 17:58:36', '2018-12-18 17:58:36'),
       (20181026121314, '2018-12-18 17:58:36', '2018-12-18 17:58:36'),
       (20181120202020, '2018-12-18 17:58:36', '2018-12-18 17:58:36'),
       (20181126122820, '2018-12-18 17:58:36', '2018-12-18 17:58:36'),
       (20181128171205, '2018-12-18 17:58:36', '2018-12-18 17:58:36'),
       (20181206170503, '2018-12-18 17:58:36', '2018-12-18 17:58:36'),
       (20190108160000, '2019-01-08 10:17:06', '2019-01-08 10:17:06'),
       (20190109103000, '2019-01-09 06:16:38', '2019-01-09 06:16:38'),
       (20190111115400, '2019-01-11 04:15:10', '2019-01-11 04:15:10'),
       (20190114113500, '2019-01-15 14:06:54', '2019-01-15 14:06:54'),
       (20190116112300, '2019-01-16 08:39:12', '2019-01-16 08:39:12'),
       (20190116161616, '2019-09-09 14:17:45', '2019-09-09 14:17:45'),
       (20190124000001, '2019-09-09 14:17:45', '2019-09-09 14:17:45'),
       (20190124000002, '2019-09-09 14:17:45', '2019-09-09 14:17:45'),
       (20190124000003, '2019-09-09 14:17:45', '2019-09-09 14:17:46'),
       (20190124000004, '2019-09-09 14:17:46', '2019-09-09 14:17:46'),
       (20190124000005, '2019-09-09 14:17:46', '2019-09-09 14:17:46'),
       (20190124000006, '2019-09-09 14:17:46', '2019-09-09 14:17:46'),
       (20190124000007, '2019-09-09 14:17:46', '2019-09-09 14:17:46'),
       (20190124000008, '2019-09-09 14:17:46', '2019-09-09 14:17:46'),
       (20190124000009, '2019-09-09 14:17:46', '2019-09-09 14:17:46'),
       (20190124000010, '2019-09-09 14:17:46', '2019-09-09 14:17:46'),
       (20190124000011, '2019-09-09 14:17:46', '2019-09-09 14:17:46'),
       (20190124000012, '2019-09-09 14:17:47', '2019-09-09 14:17:47'),
       (20190124000013, '2019-09-09 14:17:47', '2019-09-09 14:17:47'),
       (20190124000014, '2019-09-09 14:17:47', '2019-09-09 14:17:47'),
       (20190124000015, '2019-09-09 14:17:47', '2019-09-09 14:17:48'),
       (20190124000016, '2019-09-09 14:17:48', '2019-09-09 14:17:49'),
       (20190124000017, '2019-09-09 14:17:49', '2019-09-09 14:17:49'),
       (20190124000018, '2019-09-09 14:17:49', '2019-09-09 14:17:50'),
       (20190124000019, '2019-09-09 14:17:50', '2019-09-09 14:17:50'),
       (20190124000020, '2019-09-09 14:17:50', '2019-09-09 14:17:51'),
       (20190124000021, '2019-09-09 14:17:51', '2019-09-09 14:17:51'),
       (20190124000022, '2019-09-09 14:17:51', '2019-09-09 14:17:52'),
       (20190124000023, '2019-09-09 14:17:52', '2019-09-09 14:17:52'),
       (20190124000024, '2019-09-09 14:17:52', '2019-09-09 14:17:52'),
       (20190124000025, '2019-09-09 14:17:52', '2019-09-09 14:17:53'),
       (20190124000026, '2019-09-09 14:17:53', '2019-09-09 14:17:53'),
       (20190124000027, '2019-09-09 14:17:53', '2019-09-09 14:17:54'),
       (20190212121200, '2019-02-14 04:56:17', '2019-02-14 04:56:17'),
       (20190216161616, '2019-09-09 14:17:54', '2019-09-09 14:17:54'),
       (20190417171717, '2019-09-09 14:17:54', '2019-09-09 14:17:57'),
       (20190423232323, '2019-09-09 14:17:57', '2019-09-09 14:17:57'),
       (20190502155600, '2019-09-09 14:17:57', '2019-09-09 14:17:57'),
       (20190506125700, '2019-09-09 14:17:57', '2019-09-09 14:17:58'),
       (20190605101010, '2019-09-09 14:17:58', '2019-09-09 14:17:58'),
       (20190612154433, '2019-09-09 14:17:58', '2019-09-09 14:17:58'),
       (20190712162020, '2019-09-09 14:27:44', '2019-09-09 14:27:44'),
       (20190903152300, '2019-09-09 14:27:44', '2019-09-09 14:27:44'),
       (201709014131203, '2019-09-09 14:27:44', '2019-09-09 14:27:44');

-- --------------------------------------------------------

--
-- Table structure for table `searches`
--

CREATE TABLE `searches`
(
    `search_id`   int(11)                     NOT NULL,
    `search_type` enum ('clients','contacts') NOT NULL DEFAULT 'clients',
    `author_id`   bigint(20)                           DEFAULT NULL,
    `company_id`  bigint(20)                           DEFAULT NULL,
    `title`       char(255)                            DEFAULT NULL,
    `query`       text,
    `columns`     text
) ENGINE = InnoDB
  DEFAULT CHARSET = utf8 COMMENT ='List of advanced searches. Each user can have own customized searches.';

--
-- Dumping data for table `searches`
--

INSERT INTO `searches` (`search_id`, `search_type`, `author_id`, `company_id`, `title`, `query`, `columns`)
VALUES (10775, 'clients', 1, 0, 'All 457 Nominations',
        '{\"max_rows_count\":\"1\",\"field_type_1\":\"categories\",\"operator_1\":\"and\",\"field_client_type_1\":\"case\",\"field_1\":\"visa_subclass\",\"filter_1\":\"is\",\"option_1\":177,\"active-clients\":\"1\"}',
        '[\"individual_family_name\",\"individual_given_names\",\"case_file_number\",\"case_file_status\"]'),
       (10776, 'clients', 1, 0, 'All 457 SBS Applications',
        '{\"max_rows_count\":\"1\",\"field_type_1\":\"categories\",\"operator_1\":\"and\",\"field_client_type_1\":\"case\",\"field_1\":\"visa_subclass\",\"filter_1\":\"is\",\"option_1\":178,\"active-clients\":\"1\"}',
        '[\"individual_family_name\",\"individual_given_names\",\"case_file_number\",\"case_file_status\"]'),
       (10777, 'clients', 1, 0, 'All 457 Visa Applications',
        '{\"max_rows_count\":\"1\",\"field_type_1\":\"categories\",\"operator_1\":\"and\",\"field_client_type_1\":\"case\",\"field_1\":\"visa_subclass\",\"filter_1\":\"is\",\"option_1\":179,\"active-clients\":\"1\"}',
        '[\"individual_family_name\",\"individual_given_names\",\"case_file_number\",\"case_file_status\"]'),
       (10778, 'clients', 1, 0, 'All Active Cases',
        '{\"max_rows_count\":\"1\",\"field_type_1\":\"checkbox\",\"operator_1\":\"and\",\"field_client_type_1\":\"case\",\"field_1\":\"Client_file_status\",\"filter_1\":\"is_not_empty\",\"active-clients\":\"1\"}',
        '[\"individual_family_name\",\"individual_given_names\",\"case_file_number\",\"case_file_status\"]'),
       (10779, 'clients', 1, 0, 'Cases signed in last 30 days',
        '{\"max_rows_count\":\"1\",\"field_type_1\":\"date\",\"operator_1\":\"and\",\"field_client_type_1\":\"case\",\"field_1\":\"date_client_signed\",\"filter_1\":\"is_in_the_previous\",\"date_next_num_1\":\"30\",\"date_next_period_1\":\"D\",\"active-clients\":\"1\"}',
        '[\"individual_family_name\",\"individual_given_names\",\"case_file_number\",\"case_file_status\"]'),
       (10780, 'clients', 1, 0, 'Clients who owe money',
        '{\"max_rows_count\":\"1\",\"field_type_1\":\"special\",\"operator_1\":\"and\",\"field_client_type_1\":\"case\",\"field_1\":\"ob_total\",\"undefined\":\"&amp;\",\"active-clients\":\"1\"}',
        '[\"individual_family_name\",\"individual_given_names\",\"case_file_number\",\"case_file_status\"]'),
       (10781, 'clients', 1, 0, 'Clients with money in Client AC',
        '{\"max_rows_count\":\"1\",\"field_type_1\":\"special\",\"operator_1\":\"and\",\"field_client_type_1\":\"case\",\"field_1\":\"ta_total\",\"active-clients\":\"\"}',
        '[\"individual_family_name\",\"individual_given_names\",\"case_file_number\",\"case_file_status\"]'),
       (10782, 'clients', 1, 0, 'Missing Documents',
        '{\"max_rows_count\":\"1\",\"field_type_1\":\"memo\",\"operator_1\":\"and\",\"field_client_type_1\":\"case\",\"field_1\":\"miss_docs_description\",\"filter_1\":\"is_not_empty\",\"active-clients\":\"\"}',
        '[\"individual_family_name\",\"individual_given_names\",\"case_file_number\",\"case_file_status\"]'),
       (10783, 'clients', 1, 0, 'Passport Expires in 2 months',
        '{\"max_rows_count\":\"1\",\"field_type_1\":\"date\",\"operator_1\":\"and\",\"field_client_type_1\":\"individual\",\"field_1\":\"passport_expiry_date\",\"filter_1\":\"is_in_the_next\",\"date_next_num_1\":\"60\",\"date_next_period_1\":\"D\",\"active-clients\":\"\"}',
        '[\"individual_family_name\",\"individual_given_names\",\"case_file_number\",\"case_file_status\"]'),
       (10784, 'clients', 1, 0, 'Visa Application in last 30 days Report',
        '{\"max_rows_count\":\"1\",\"field_type_1\":\"date\",\"operator_1\":\"and\",\"field_client_type_1\":\"case\",\"field_1\":\"visa_application_date\",\"filter_1\":\"is_in_the_previous\",\"date_next_num_1\":\"30\",\"date_next_period_1\":\"D\",\"active-clients\":\"1\"}',
        '[\"individual_family_name\",\"individual_given_names\",\"case_file_number\",\"case_file_status\"]'),
       (10785, 'clients', 1, 0, 'Visa Applied in last 7 days',
        '{\"max_rows_count\":\"1\",\"field_type_1\":\"date\",\"operator_1\":\"and\",\"field_client_type_1\":\"case\",\"field_1\":\"visa_application_date\",\"filter_1\":\"is_in_the_previous\",\"date_next_num_1\":\"7\",\"date_next_period_1\":\"D\",\"active-clients\":\"\"}',
        '[\"individual_DOB\",\"individual_family_name\",\"individual_given_names\",\"case_archive_reference_number\"]'),
       (10786, 'clients', 1, 0, 'Visa Applied in last three months without any result',
        '{\"max_rows_count\":\"3\",\"field_type_1\":\"date\",\"operator_1\":\"and\",\"field_client_type_1\":\"case\",\"field_1\":\"visa_application_date\",\"filter_1\":\"is_in_the_previous\",\"date_next_num_1\":\"3\",\"date_next_period_1\":\"M\",\"field_type_2\":\"date\",\"operator_2\":\"and\",\"field_client_type_2\":\"case\",\"field_2\":\"visa_outcome_date\",\"filter_2\":\"is_empty\",\"active-clients\":\"\"}',
        '[\"individual_current_visa\",\"individual_family_name\",\"individual_given_names\",\"individual_visa_expiry_date\",\"case_file_number\",\"case_registered_migrant_agent\",\"case_visa_subclass\"]'),
       (10787, 'clients', 1, 0, 'Visa Expiry Report 30 Days',
        '{\"max_rows_count\":\"1\",\"field_type_1\":\"date\",\"operator_1\":\"and\",\"field_client_type_1\":\"individual\",\"field_1\":\"visa_expiry_date\",\"filter_1\":\"is_in_the_next\",\"date_next_num_1\":\"30\",\"date_next_period_1\":\"D\",\"active-clients\":\"1\"}',
        '[\"individual_family_name\",\"individual_given_names\",\"case_file_number\",\"case_file_status\"]'),
       (10788, 'clients', 1, 0, 'Visa Expiry Report 60 Days',
        '{\"max_rows_count\":\"1\",\"field_type_1\":\"date\",\"operator_1\":\"and\",\"field_client_type_1\":\"individual\",\"field_1\":\"visa_expiry_date\",\"filter_1\":\"is_in_the_next\",\"date_next_num_1\":\"60\",\"date_next_period_1\":\"D\",\"active-clients\":\"1\"}',
        '[\"individual_family_name\",\"individual_given_names\",\"case_file_number\",\"case_file_status\"]'),
       (10789, 'clients', 1, 0, 'Visa Expiry Report 7 days',
        '{\"max_rows_count\":\"1\",\"field_type_1\":\"date\",\"operator_1\":\"and\",\"field_client_type_1\":\"individual\",\"field_1\":\"visa_expiry_date\",\"filter_1\":\"is_in_the_next\",\"date_next_num_1\":\"7\",\"date_next_period_1\":\"D\",\"active-clients\":\"\"}',
        '[\"individual_current_visa\",\"individual_DOB\",\"individual_family_name\",\"individual_given_names\",\"individual_visa_expiry_date\",\"case_file_number\"]');

-- --------------------------------------------------------

--
-- Table structure for table `states`
--

CREATE TABLE `states`
(
    `state_id`    int(11) UNSIGNED NOT NULL,
    `country_id`  int(11)          NOT NULL,
    `state_name`  varchar(250)     NOT NULL,
    `state_order` int(11)          NOT NULL DEFAULT '0'
) ENGINE = InnoDB
  DEFAULT CHARSET = utf8 COMMENT ='List of states. Only CA and AU are supported for now. taxes are calculated in relation to the company''s state.';

--
-- Dumping data for table `states`
--

INSERT INTO `states` (`state_id`, `country_id`, `state_name`, `state_order`)
VALUES (1, 38, 'Alberta', 0),
       (2, 38, 'British Columbia', 1),
       (3, 38, 'Manitoba', 2),
       (4, 38, 'New Brunswick', 3),
       (5, 38, 'Newfoundland and Labrador', 4),
       (6, 38, 'Northwest Territories', 5),
       (7, 38, 'Nova Scotia', 6),
       (8, 38, 'Nunavut', 7),
       (9, 38, 'Ontario', 8),
       (10, 38, 'Prince Edward Island', 9),
       (11, 38, 'Quebec', 10),
       (12, 38, 'Saskatchewan', 11),
       (13, 38, 'Yukon', 12),
       (14, 13, 'Queensland', 0),
       (15, 13, 'New South Wales', 1),
       (16, 13, 'Victoria', 2),
       (17, 13, 'Australian Capital Territory', 3),
       (18, 13, 'South Australia', 4),
       (19, 13, 'Western Australia', 5),
       (20, 13, 'Northern Territory', 6),
       (21, 13, 'Tasmania', 7);

-- --------------------------------------------------------

--
-- Table structure for table `subscriptions`
--

CREATE TABLE `subscriptions`
(
    `subscription_id`     varchar(255)   NOT NULL,
    `subscription_name`   varchar(255)            DEFAULT NULL,
    `subscription_hidden` enum ('Y','N') NOT NULL DEFAULT 'N',
    `subscription_order`  tinyint(3) UNSIGNED     DEFAULT NULL
) ENGINE = InnoDB
  DEFAULT CHARSET = utf8 COMMENT ='Contains list of all supported subscriptions that can be assigned to companies.';

--
-- Dumping data for table `subscriptions`
--

INSERT INTO `subscriptions` (`subscription_id`, `subscription_name`, `subscription_hidden`, `subscription_order`)
VALUES ('lite', 'Solo', 'N', 1),
       ('pro', 'Professional', 'N', 2),
       ('pro13', 'Professional (with Pack 1 and 3)', 'Y', 3),
       ('ultimate', 'Ultimate', 'N', 4),
       ('ultimate_plus', 'Ultimate Plus', 'Y', 5),
       ('starter', 'Starter', 'Y', 0);

-- --------------------------------------------------------

--
-- Table structure for table `subscriptions_packages`
--

CREATE TABLE `subscriptions_packages`
(
    `subscription_id` varchar(255) NOT NULL,
    `package_id`      int(11)      NOT NULL
) ENGINE = InnoDB
  DEFAULT CHARSET = utf8 COMMENT ='Contains matching between subscriptions and packages.';

--
-- Dumping data for table `subscriptions_packages`
--

INSERT INTO `subscriptions_packages` (`subscription_id`, `package_id`)
VALUES ('lite', 1),
       ('pro', 1),
       ('pro', 2),
       ('pro13', 1),
       ('pro13', 3),
       ('ultimate', 1),
       ('ultimate', 2),
       ('ultimate', 3),
       ('ultimate_plus', 1),
       ('ultimate_plus', 2),
       ('ultimate_plus', 3),
       ('ultimate_plus', 4),
       ('starter', 1);

-- --------------------------------------------------------

--
-- Table structure for table `superadmin_searches`
--

CREATE TABLE `superadmin_searches`
(
    `search_id`    int(11) NOT NULL,
    `search_title` char(255) DEFAULT NULL,
    `search_query` text
) ENGINE = InnoDB
  DEFAULT CHARSET = utf8 COMMENT ='Searches that are used by superadmin users (to filter companies).';

--
-- Dumping data for table `superadmin_searches`
--

INSERT INTO `superadmin_searches` (`search_id`, `search_title`, `search_query`)
VALUES (4, 'This month Subscriptions',
        '{\"max_rows_count\":\"2\",\"operator_1\":\"and\",\"field_1\":\"company_next_billing_date\",\"filter_1\":\"is_in_this_month\",\"date_from_1\":\"2050-10-01T00:00:00\",\"date_to_1\":\"\",\"text_1\":\"\",\"field_type_1\":\"short_date\",\"operator_2\":\"and\",\"field_2\":\"company_account_trial\",\"filter_2\":\"no\",\"date_from_2\":\"\",\"date_to_2\":\"\",\"text_2\":\"\",\"field_type_2\":\"yes_no\"}'),
       (6, 'This month Annual Subscriptions',
        '{\"max_rows_count\":\"3\",\"operator_1\":\"and\",\"field_1\":\"company_next_billing_date\",\"filter_1\":\"is_in_this_month\",\"date_from_1\":\"2060-01-01T00:00:00\",\"date_to_1\":\"\",\"text_1\":\"\",\"field_type_1\":\"short_date\",\"operator_2\":\"and\",\"field_2\":\"company_billing_frequency\",\"filter_2\":2,\"date_from_2\":\"\",\"date_to_2\":\"\",\"text_2\":\"\",\"field_type_2\":\"billing_frequency\"}'),
       (7, 'This month Biannual Subscription',
        '{\"max_rows_count\":\"2\",\"operator_1\":\"and\",\"field_1\":\"company_next_billing_date\",\"filter_1\":\"is_in_this_month\",\"date_from_1\":\"2059-12-31T00:00:00\",\"date_to_1\":\"\",\"text_1\":\"\",\"field_type_1\":\"short_date\",\"operator_2\":\"and\",\"field_2\":\"company_billing_frequency\",\"filter_2\":3,\"date_from_2\":\"\",\"date_to_2\":\"\",\"text_2\":\"\",\"field_type_2\":\"billing_frequency\"}'),
       (8, 'This month subs until 15th',
        '{\"max_rows_count\":\"2\",\"operator_1\":\"and\",\"field_1\":\"company_next_billing_date\",\"filter_1\":\"is_between_today_and_date\",\"date_from_1\":\"2013-03-16T00:00:00\",\"date_to_1\":\"\",\"text_1\":\"\",\"field_type_1\":\"short_date\",\"operator_2\":\"and\",\"field_2\":\"company_account_trial\",\"filter_2\":\"no\",\"date_from_2\":\"\",\"date_to_2\":\"\",\"text_2\":\"\",\"field_type_2\":\"yes_no\"}'),
       (9, 'September Sign ups',
        '{\"max_rows_count\":\"1\",\"operator_1\":\"and\",\"field_1\":\"company_setup_on\",\"filter_1\":\"is_between_2_dates\",\"date_from_1\":\"2015-09-01T00:00:00\",\"date_to_1\":\"2015-09-30T00:00:00\",\"text_1\":\"\",\"field_type_1\":\"date\"}');

-- --------------------------------------------------------

--
-- Table structure for table `superadmin_smtp`
--

CREATE TABLE `superadmin_smtp`
(
    `smtp_id`       int(11) UNSIGNED      NOT NULL,
    `smtp_on`       enum ('Y','N')  DEFAULT 'N',
    `smtp_server`   char(255)       DEFAULT NULL,
    `smtp_port`     int(4) UNSIGNED DEFAULT NULL,
    `smtp_username` char(255)       DEFAULT NULL,
    `smtp_password` text,
    `smtp_use_ssl`  enum ('','ssl','tls') NOT NULL
) ENGINE = InnoDB
  DEFAULT CHARSET = utf8 COMMENT ='SMTP settings are used as default during emails sending.';

--
-- Dumping data for table `superadmin_smtp`
--

INSERT INTO `superadmin_smtp` (`smtp_id`, `smtp_on`, `smtp_server`, `smtp_port`, `smtp_username`, `smtp_password`,
                               `smtp_use_ssl`)
VALUES (1, 'N', 'officio.ca', 25, NULL, NULL, ''),
       (2, 'N', 'officio.ca', 25, NULL, NULL, '');

-- --------------------------------------------------------

--
-- Table structure for table `system_templates`
--

CREATE TABLE `system_templates`
(
    `system_template_id` int(11) UNSIGNED                     NOT NULL,
    `type`               enum ('system','mass_email','other') NOT NULL DEFAULT 'other',
    `title`              varchar(255)                                  DEFAULT NULL,
    `subject`            varchar(255)                                  DEFAULT NULL,
    `from`               varchar(255)                                  DEFAULT NULL,
    `to`                 varchar(255)                                  DEFAULT NULL,
    `cc`                 varchar(255)                                  DEFAULT NULL,
    `bcc`                varchar(255)                                  DEFAULT NULL,
    `template`           text,
    `create_date`        date                                          DEFAULT NULL
) ENGINE = InnoDB
  DEFAULT CHARSET = utf8 COMMENT ='Email and Invoice templates are used during superadmin actions (e.g. during company charging).';

--
-- Dumping data for table `system_templates`
--

INSERT INTO `system_templates` (`system_template_id`, `type`, `title`, `subject`, `from`, `to`, `cc`, `bcc`, `template`,
                                `create_date`)
VALUES (1, 'system', 'First Invoice', 'Sign up Invoice for {prospects: package}', 'support@officio.com.au',
        '{prospects: email}', '', 'support@officio.com.au',
        '<table style=\"width: 81.28%; height: 197px;\" border=\"1\" cellpadding=\"5\" cellspacing=\"0\">\n<tbody>\n<tr>\n<td>BILL TO</td></tr>\n<tr>\n<td>{prospects: salutation} {prospects: name} {prospects: last name}<br>{prospects: company}<br>{prospects: address}<br>{prospects: city} {prospects: province/state}{prospects: postal code/zip} <br>{prospects: country}</td></tr></tbody></table><br><br><br>\n<table style=\"width: 70%;\" border=\"1\" cellpadding=\"5\" cellspacing=\"0\">\n<tbody>\n<tr>\n<td align=\"center\">INVOICE NO.</td>\n<td align=\"center\">DATE</td>\n<td align=\"center\">TERMS</td></tr>\n<tr>\n<td align=\"left\">{invoice: number}</td>\n<td align=\"center\">{invoice: date}</td>\n<td><br></td></tr></tbody></table><br><br>\n<table border=\"1\" cellpadding=\"5\" cellspacing=\"0\">\n<tbody>\n<tr>\n<td align=\"center\" width=\"50%\">DESCRIPTION</td>\n<td align=\"center\" width=\"20%\">RATE</td>\n<td align=\"center\" width=\"15%\">QTY</td>\n<td align=\"center\" width=\"15%\">AMOUNT</td></tr>\n<tr>\n<td width=\"50%\">{prospects: package}<br></td>\n<td align=\"center\" width=\"20%\"><br></td>\n<td align=\"center\" width=\"15%\"><br></td>\n<td align=\"right\" width=\"15%\">${invoice: subscription fee}</td></tr>\n<tr>\n<td width=\"50%\">Support and Training</td>\n<td align=\"center\" width=\"20%\"><br></td>\n<td align=\"center\" width=\"15%\"><br></td>\n<td align=\"right\" width=\"15%\">${invoice: support fee}</td></tr>\n<tr>\n<td width=\"50%\">Additional Users</td>\n<td align=\"center\" width=\"20%\">${invoice: price per user}/user</td>\n<td align=\"center\" width=\"15%\">{invoice: additional users}</td>\n<td align=\"right\" width=\"15%\">${invoice: additional users fee}</td></tr>\n<tr>\n<td width=\"50%\">Additional Storage</td>\n<td align=\"center\" width=\"20%\">${invoice: price per storage}/1Gb</td>\n<td align=\"center\" width=\"15%\">{invoice: additional storage}</td>\n<td align=\"right\" width=\"15%\">${invoice: additional storage charges}</td></tr>\n<tr>\n<td colspan=\"3\" width=\"85%\"><br></td>\n<td align=\"right\" width=\"15%\"><b>${invoice: subtotal}</b></td></tr>\n<tr>\n<td colspan=\"4\" width=\"100%\"><br></td></tr>\n<tr>\n<td colspan=\"3\" align=\"left\" width=\"85%\"><br></td>\n<td align=\"right\" width=\"15%\">${invoice: gst/hst fee}</td></tr>\n<tr>\n<td colspan=\"4\" width=\"100%\"><br></td></tr>\n<tr>\n<td colspan=\"3\" align=\"right\" width=\"85%\"><b>TOTAL</b></td>\n<td align=\"right\" width=\"15%\"><b>${invoice: total}</b></td></tr></tbody></table><br>\n<div>\n<center><b>Thank you for using our services. Please do not hesitate to contact us, if we can be of further assistance in the future.</b></center></div>',
        '2010-07-14'),
       (2, 'system', 'Recurring Invoice',
        '{billing frequency} recurring subscription invoice for {subscription description}', '', '', '', '',
        '<br>\n<table style=\"width: 89.07%; height: 123px;\" border=\"1\" cellpadding=\"5\" cellspacing=\"0\">\n<tbody>\n<tr>\n<td>BILL TO</td></tr>\n<tr>\n<td>{admin first name} {admin last name}<br>{company name}<br>{company address}<br>{company city} {company province/state} {company postal code/zip}<br>{company country}</td></tr></tbody></table><br><br><br>\n<table style=\"width: 70%;\" border=\"1\" cellpadding=\"5\" cellspacing=\"0\">\n<tbody>\n<tr>\n<td align=\"middle\">INVOICE NO.</td>\n<td align=\"middle\">DATE</td>\n<td align=\"middle\">TERMS</td></tr>\n<tr>\n<td align=\"left\">{invoice: number}</td>\n<td align=\"middle\">{invoice: date}</td>\n<td><br></td></tr></tbody></table>\n<br><br><br><div>&nbsp;<br><br><br></div>\n<table style=\"width: 100%;\" border=\"1\" cellpadding=\"5\" cellspacing=\"0\">\n<tbody>\n<tr>\n<td align=\"middle\" width=\"50%\">DESCRIPTION</td>\n<td align=\"middle\" width=\"20%\">RATE</td>\n<td align=\"middle\" width=\"15%\">QTY</td>\n<td align=\"middle\" width=\"15%\">AMOUNT</td></tr>\n<tr>\n<td width=\"50%\">{subscription description}<br></td>\n<td align=\"middle\" width=\"20%\"><br></td>\n<td align=\"middle\" width=\"15%\"><br></td>\n<td align=\"right\" width=\"15%\">${invoice: subscription fee}</td></tr>\n<tr>\n<td width=\"50%\">Additional Users</td>\n<td align=\"middle\" width=\"20%\">${invoice: price per user}/user</td>\n<td align=\"middle\" width=\"15%\">{invoice: additional users}</td>\n<td align=\"right\" width=\"15%\">${invoice: additional users fee}</td></tr>\n<tr>\n<td width=\"50%\">Additional Storage</td>\n<td align=\"middle\" width=\"20%\">${invoice: price per storage} / 1Gb</td>\n<td align=\"middle\" width=\"15%\">{invoice: additional storage}</td>\n<td align=\"right\" width=\"15%\">${invoice: additional storage charges}</td></tr>\n<tr>\n<td colspan=\"3\" width=\"85%\"><br></td>\n<td align=\"right\" width=\"15%\"><b>${invoice: subtotal}</b></td></tr>\n<tr>\n<td colspan=\"4\" width=\"100%\"><br></td></tr>\n<tr>\n<td colspan=\"3\" align=\"left\" width=\"85%\"><br></td>\n<td align=\"right\" width=\"15%\">${invoice: gst/hst fee}</td></tr>\n<tr>\n<td colspan=\"4\" width=\"100%\"><br></td></tr>\n<tr>\n<td colspan=\"3\" align=\"right\" width=\"85%\"><b>TOTAL</b></td>\n<td align=\"right\" width=\"15%\"><b>${invoice: total}</b></td></tr></tbody></table><br>\n<div>\n<center><b>Thank you for using our services. Please do not hesitate to contact us, if we can be of further assistance in the future.</b></center></div>',
        '2010-07-14'),
       (3, 'system', 'Reply to Request a Demo', 'Officio request for demo', 'support@officio.com.au',
        '{prospects: email}', 'support@officio.com.au', 'bateni@officio.com.au',
        '<p><font size=\"2\" style=\"font-family: arial; font-size: 12px;\">Dear {prospects: salutation} {prospects: last name};<br><br>Thank you for your interest in Officio, the ultimate in Migration Practice Management software.<br><br></font><font size=\"2\"><font face=\"arial\"><span style=\"font-size: 12px;\">To learn more about Officio, please&nbsp;</span>suggest<span style=\"font-size: 12px;\">&nbsp;a suitable time when we can arrange for an online demo.</span></font></font></p><p style=\"font-family: arial; font-size: 12px;\"><span style=\"font-size: small;\">If we can be of any further assistance, please do not hesitate to contact us.<br></span><span style=\"font-size: small;\"><br>Best regards,<br></span><span style=\"font-size: small;\">Officio Team</span></p>\n<p><font size=\"2\"><font face=\"arial\">_______________________________________ </font><br><br><font face=\"arial\">Officio Australia</font><br><font face=\"arial\">T:+61 7 3040 8008&nbsp;</font><br><font face=\"arial\"><span style=\"font-size: 12px;\">Level 7, 199 George Street, Brisbane, QLD, 4000</span></font><br><font face=\"arial\"><span style=\"font-size: 12px;\"><a href=\"http://www.officio.com.au\">www.officio.com.au</a><a href=\"http://www.uniques.ca\" rel=\"nofollow\" target=\"_blank\"></a></span></font></font></p>',
        '2011-04-15'),
       (4, 'system', 'Support Email', 'Officio Support {support email counter}', '{support request: email}',
        'support@officio.com.au', '', 'bateni@officio.com.au',
        '<font face=\"arial\">Dear {support request: name},<br><br>Thank you for your inquiry.<br><br><br><br><br>If we can be of further assistance, please do not hesitate to contact us.<br><br>Best regards,<br>Officio Support Team<br><br>----------------------------------------------------------------------------------<br><br>Name: {support request: name}<br>Company: {support request: company}<br>Tel: {support request: phone}<br>Email: {support request: email}<br>Your Request:<br><br>{support request: request}</font><br>',
        '2010-05-26'),
       (5, 'system', 'Signup Completed', 'Welcome to Officio. Your online office.', 'support@officio.com.au',
        '{prospects: email}', 'support@officio.com.au', 'bateni@officio.com.au',
        '<p><font face=\"arial\" size=\"2\">Dear {prospects: salutation} {prospects: last name};<br><br>Thank you for signing up with Officio, the ultimate in migration practice management software.<br><br>Before using Officio, you need to setup your account. If you have not already set up your account, please click on the following link:<a style=\"font-family: arial; font-size: 12px;\"><br><br>http://secure.officio.com.au/companywizard</a><a href=\"http://secure.officio.com.au/companywizard?key=%7Bprospects:%20reg.%20key%7D\" style=\"font-family: arial; font-size: 12px;\">?key={prospects: reg. key}</a><br><br><span style=\"font-size: 12px;\">This link takes you thru a simple step-by-step wizard to customize the software to your requirements. Once the setup is complete, you can start using Officio immediately.</span><br><br><span style=\"font-size: 12px;\">If we can be of any further assistance, please do not hesitate to contact us by replying to this email.</span><br><br><span style=\"font-size: 12px;\">Regards,</span><br><span style=\"font-size: 12px;\">Officio Support Team</span><br><span style=\"font-size: 12px;\">---------------------------------------------------</span><br><span style=\"font-size: 12px;\">Officio Pty Ltd.</span><br><span style=\"font-size: 12px;\">T:&nbsp;</span>+61 7 3040 8008<span style=\"font-size: 12px;\">&nbsp;</span><br><span style=\"font-size: 12px;\">Level 7, 199 George Street, Brisbane, QLD, 4000</span><br><span style=\"font-size: 12px;\">www.officio.com.au</span></font><br></p>',
        '2011-04-15'),
       (7, 'other', 'follow up 1', 'follow up to your last demo request', 'support@officio.com.au',
        '{prospects: email}', '', '',
        'Dear {prospects: name} {prospects: last name};<br><br>I hope you have had a chance to review our demo video.&nbsp;&nbsp; If you have any questions or require more information about a specific requirement you have, please reply to this email with your questions.<br><br>Regards<br>Officio Sales Team<br>',
        '2009-12-27'),
       (8, 'system', 'New user notification on Company Creation', 'Your Officio account information',
        'support@officio.com.au', '{user: email}', '', 'support@officio.com.au',
        '<font face=\"arial\" size=\"2\">Dear {user: first name},</font>\n<div><font face=\"arial\" size=\"2\"><br>Welcome to Officio.com.au, the ultimate in Migration Practice Management software.<br><br>1. You have been added to Officio by your company Admin.&nbsp;You can login to Officio by clicking on the following link:</font></div>\n<div><font face=\"arial\" size=\"2\"><br><a href=\"http://secure.officio.com.au\">http://secure.officio.com.au</a> <br><br></font></div>\n\n<div><div><font face=\"arial\" size=\"2\">The followings are your login details:</font></div>\n<div><font face=\"arial\" size=\"2\"><br></font></div>\n<div><font face=\"arial\" size=\"2\">Username:&nbsp; <b>{user: username}</b></font><font face=\"arial\" size=\"2\"><br>Password: &nbsp; &nbsp;<b>{user: password}</b></font><font face=\"arial\" size=\"2\"><br><br></font>\n<div><font face=\"arial\" size=\"2\">For the security of your data, please ensure to always log out from Officio when you finish work.<br><br>2. To learn more about Officio, please ensure to visit the help, where you can access tutorials for various sections of the program. This helps you get familiar with the program more quickly. Please ensure to configure your email and calendar to start using these components as well.<br><br></font><font face=\"arial\" size=\"2\"><br><br>We hope you enjoy your experience with Officio.</font><font face=\"arial\" size=\"2\"> If we can do anything to enhance your experience with Officio, please do not hesitate to let us know.<br><br>Regards,</font><font face=\"arial\" size=\"2\"><br>Officio Support Team</font></div></div>\n<div><font face=\"arial\"><br></font></div>\n<div><font face=\"arial\"><br></font></div></div>',
        '2011-04-15'),
       (9, 'system', 'Forgotten Email', 'Your login details to Officio', 'support@dominica.cbiu.online',
        '{user: email}', '', '',
        '<div><font face=\"arial\"><span style=\"FONT-SIZE: small\">Dear {user: first name} {user: last name};</span></font></div>\n<div><font face=\"arial\"><span style=\"FONT-SIZE: small\"><br></span></font></div>\n<div><font face=\"arial\"><span style=\"FONT-SIZE: small\">As per your request, please find below your login details:</span></font></div>\n<div><font face=\"arial\"><span style=\"FONT-SIZE: small\"><br></span></font></div>\n<div><font face=\"arial\"><span style=\"FONT-SIZE: small\">User ID: <b>{user: username}</b></span></font></div>\n<div><font face=\"arial\"><span style=\"FONT-SIZE: small\">Link to reset password: <b><a href=\"https://dominica.cbiu.online/auth/recovery/hash/{user: password hash}\">click here</a></b></span></font></div>\n<div><font face=\"arial\"><span style=\"FONT-SIZE: small\"><br></span></font></div>\n<div><font face=\"arial\"><span style=\"FONT-SIZE: small\">For the security of your data, please ensure to always logout from Officio when you finish work.</span></font></div>\n<div><font face=\"arial\"><span style=\"FONT-SIZE: small\"><br></span></font></div>\n<div><font face=\"arial\"><span style=\"FONT-SIZE: small\">Regards,</span></font></div>\n<div><font face=\"arial\"><span style=\"FONT-SIZE: small\">CBIU Online Portal Support</span></font></div>\n<div><font face=\"arial\"><span style=\"FONT-SIZE: small\"><br></span></font></div><br>',
        '2011-04-15'),
       (10, 'system', 'Special CC Charge', '{special cc charge: notes}', '', '', '', '',
        '&nbsp; \n<table style=\"width: 451px; height: 137px;\" border=\"1\" cellpadding=\"5\" cellspacing=\"0\">\n<tbody>\n<tr>\n<td>BILL TO</td></tr>\n<tr>\n<td>{admin first name} {admin last name}<br>{company name}<br>{company address}<br>{company city} {company province/state} {company postal code/zip}<br>{company country}</td></tr></tbody></table><br><br><br>\n<table border=\"1\" cellpadding=\"5\" cellspacing=\"0\">\n<tbody>\n<tr>\n<td align=\"center\">INVOICE NO.</td>\n<td align=\"center\">DATE</td>\n<td align=\"center\">TERMS</td></tr>\n<tr>\n<td align=\"left\">{invoice: number}</td>\n<td align=\"center\">{invoice: date}</td>\n<td><br></td></tr></tbody></table><br><br><br><br><br><br><br>\n<table border=\"1\" cellpadding=\"5\" cellspacing=\"0\">\n<tbody>\n<tr>\n<td align=\"center\" width=\"50%\">DESCRIPTION</td>\n<td align=\"center\" width=\"20%\">RATE</td>\n<td align=\"center\" width=\"15%\">QTY</td>\n<td align=\"center\" width=\"15%\">AMOUNT</td></tr>\n<tr>\n<td width=\"50%\">{subscription description}<br></td>\n<td align=\"center\" width=\"20%\"><br></td>\n<td align=\"center\" width=\"15%\"><br></td>\n<td align=\"right\" width=\"15%\">${invoice: subscription fee}</td></tr>\n<tr>\n<td width=\"50%\">Support and Training</td>\n<td align=\"center\" width=\"20%\"><br></td>\n<td align=\"center\" width=\"15%\"><br></td>\n<td align=\"right\" width=\"15%\">${invoice: support fee}</td></tr>\n<tr>\n<td width=\"50%\">Additional Users</td>\n<td align=\"center\" width=\"20%\">${invoice: price per user}/user</td>\n<td align=\"center\" width=\"15%\">{invoice: additional users}</td>\n<td align=\"right\" width=\"15%\">${invoice: additional users fee}</td></tr>\n<tr>\n<td width=\"50%\">Additional Storage</td>\n<td align=\"center\" width=\"20%\">${invoice: price per storage}/1Gb</td>\n<td align=\"center\" width=\"15%\">{invoice: additional storage}</td>\n<td align=\"right\" width=\"15%\">${invoice: additional storage charges}</td></tr>\n<tr>\n<td colspan=\"3\" width=\"85%\"><br></td>\n<td align=\"right\" width=\"15%\"><b>${invoice: subtotal}</b></td></tr>\n<tr>\n<td colspan=\"4\" width=\"100%\"><br></td></tr>\n<tr>\n<td colspan=\"3\" align=\"left\" width=\"85%\">GST<br></td>\n<td align=\"right\" width=\"15%\">${invoice: gst/hst fee}</td></tr>\n<tr>\n<td colspan=\"4\" width=\"100%\"><br></td></tr>\n<tr>\n<td colspan=\"3\" align=\"right\" width=\"85%\"><b>TOTAL</b></td>\n<td align=\"right\" width=\"15%\">${special cc charge: amount}</td></tr></tbody></table><br>\n<p></p>\n<center><b>Thank you for using our services. Please do not hesitate to contact us, if we can be of further assistance in the future.</b></center>\n<p></p>',
        '2010-07-14'),
       (11, 'system', 'Credit Card Processing Error', 'Officio Billing - Please update your credit card information',
        'support@officio.com.au', 'support@officio.com.au', '', 'shahram@officio.com.au',
        '<font face=\"arial\" size=\"2\">Dear </font><font face=\"arial\" size=\"2\">{admin first name} {admin last name};<br><br>Our automated billing system has encountered the following error in processing your credit card:<br></font><font size=\"2\"><font face=\"arial\"><br><b>{error message}</b></font><br></font><font face=\"arial\" size=\"2\"><br>To update your credit card details, please take the following steps:<br><br>- Login to Officio, <br>- On the top-right corner of the screen, click on <b>Admin</b><br>- On the left, click on <b>Company Details</b><br>- Click on <b>Account Details</b><br>- Click on <b>Update Credit Card on File</b><br>- Update your credit card information and click on Save<br><br>We will be automatically notified of this change, and your account will be reinstated automatically.<br><br>If we can be of any further assistance, please do not hesitate to contact us by replying to this email.<br><br>Best regards,<br>Officio Billing Team<br></font><font size=\"2\"><span style=\"FONT-FAMILY: arial\"><br>_______________________________________ </span><br style=\"FONT-FAMILY: arial\"><br style=\"FONT-FAMILY: arial\">Officio Pty Ltd.<br>T: +61 7 3212-2266 F: +61 7 3212-2211<br>Level 7, 199 George Street, Brisbane, QLD, 4000<br>www.officio.com.au</font><br><br>',
        '2010-05-28'),
       (12, 'system', 'Credit card on file was updated by admin',
        'Admin of {company name} updated their credit card on file', 'support@officio.com.au',
        'Support@officio.com.au', '', 'shahram@officio.com.au',
        '<br>The following company has updated their credit card information on file.&nbsp;&nbsp; Please check their account and process any invoice that is outstanding.<br><br>Their detail:<br>Company Name: {company name}<br>Company City: {company city}<br>Company Phone 1: {company phone 1}<br>Company Phone 2: {company phone 2}<br>Admin:{admin first name} {admin last name}<br>Admin email: {admin email}',
        '2010-05-28'),
       (13, 'system', 'Notes or Special Invoice', '{special cc charge: notes}', '', '', '', '',
        '<br>\n<table border=\"1\" cellpadding=\"5\" cellspacing=\"0\" height=\"157\" width=\"260\">\n<tbody>\n<tr>\n<td>BILL TO</td></tr>\n<tr>\n<td>{admin first name} {admin last name}<br>{company name}<br>{company address}<br>{company city} {company province/state} {company postal code/zip}<br>{company country}</td></tr></tbody></table><br><br><br>\n<table style=\"width: 70%;\" align=\"right\" border=\"1\" cellpadding=\"5\" cellspacing=\"0\">\n<tbody>\n<tr>\n<td align=\"center\">INVOICE NO.</td>\n<td align=\"center\">DATE</td>\n<td align=\"center\">TERMS</td></tr>\n<tr>\n<td align=\"left\">{invoice: number}</td>\n<td align=\"center\">{invoice: date}</td>\n<td><br></td></tr></tbody></table><br><br><br>\n<table style=\"width: 100%;\" border=\"1\" cellpadding=\"5\" cellspacing=\"0\">\n<tbody>\n<tr>\n<td align=\"center\" width=\"50%\">DESCRIPTION</td>\n<td align=\"center\" width=\"20%\">RATE</td>\n<td align=\"center\" width=\"15%\">QTY</td>\n<td align=\"center\" width=\"15%\">AMOUNT</td></tr>\n<tr>\n<td width=\"50%\">{subscription description}<br></td>\n<td align=\"center\" width=\"20%\"><br></td>\n<td align=\"center\" width=\"15%\"><br></td>\n<td align=\"right\" width=\"15%\">$ {invoice: subscription fee}</td></tr>\n<tr>\n<td width=\"50%\">Additional Users</td>\n<td align=\"center\" width=\"20%\">${invoice: price per user}/user</td>\n<td align=\"center\" width=\"15%\">{invoice: additional users}</td>\n<td align=\"right\" width=\"15%\">${invoice: additional users fee}</td></tr>\n<tr>\n<td width=\"50%\">Additional Storage</td>\n<td align=\"center\" width=\"20%\">${invoice: price per storage}/ 1Gb</td>\n<td align=\"center\" width=\"15%\">{invoice: additional storage}</td>\n<td align=\"right\" width=\"15%\">${invoice: additional storage charges}</td></tr>\n<tr>\n<td colspan=\"3\" width=\"85%\"><br></td>\n<td align=\"right\" width=\"15%\"><b>${invoice: subtotal}</b></td></tr>\n<tr>\n<td colspan=\"4\" width=\"100%\"><br></td></tr>\n<tr>\n<td colspan=\"3\" align=\"left\" width=\"85%\">GST ()</td>\n<td align=\"right\" width=\"15%\">${invoice: gst/hst fee}</td></tr>\n<tr>\n<td colspan=\"4\" width=\"100%\"><br></td></tr>\n<tr>\n<td colspan=\"3\" align=\"right\" width=\"85%\"><b>TOTAL</b></td>\n<td align=\"right\" width=\"15%\"><strong>${special cc charge: amount}</strong></td></tr></tbody></table><br>\n<div>\n<center><b>Thank you for using our services. Please do not hesitate to contact us, if we can be of further assistance in the future.</b></center></div>\n<p></p>',
        '2010-07-14'),
       (14, 'system', 'Subscription Invoice', 'Invoice for {company package} - {billing frequency} Subscription',
        'support@officio.com.au', '{company email}', '', 'support@officio.com.au',
        '<table>\n    <tbody><tr>\n        <td>\n            <img src=\"{settings: images path}/default/officio_logo_with_bg.png\" alt=\"logo\" height=\"94\" width=\"600\">\n        </td>\n    </tr>\n\n    <tr>\n\n    <td>\n      <table align=\"center\" bgcolor=\"#b3bcbf\" border=\"0\" cellpadding=\"6\" cellspacing=\"1\" width=\"600\">\n        <tbody>\n          <tr>\n            <td bgcolor=\"#ffffff\">\n              <table border=\"0\" cellpadding=\"5\" cellspacing=\"0\" width=\"100%\">\n                <tbody>\n                  <tr>\n                    <td style=\"font: 11px Arial,Helvetica,sans-serif; text-align: left;\" bgcolor=\"#f0f0f0\">\n\n                        <table border=\"0\" cellpadding=\"5\" width=\"100%\">\n                          <tbody>\n                            <tr>\n                              <td>\n                                  <div style=\"font: 11px Arial,Helvetica,sans-serif;\">Dear {admin first name} {admin last name},<br><br>Thank you for your order. Here are your order details:</div>\n                              </td>\n                            </tr>\n                          </tbody>\n                        </table>\n\n                      <table border=\"1\" cellpadding=\"6\" width=\"100%\">\n                        <tbody>\n                          <tr>\n                            <td bgcolor=\"#ffffff\">\n                              <table border=\"0\" cellpadding=\"0\" cellspacing=\"0\" width=\"100%\">\n                                <tbody>\n                                  <tr>\n                                    <td style=\"font: 11px Arial,Helvetica,sans-serif;\" nowrap=\"nowrap\"><span style=\"color: #4F8CBC; font-weight: bold;\">{company package} - {billing frequency} Subscription</span><br>\n                                        <strong>Licensee Name:</strong>&nbsp;&nbsp;{company name}\n                                    </td>\n                                  </tr>\n                                </tbody>\n                              </table>\n                            </td>\n                          </tr>\n                        </tbody>\n                      </table>\n\n                      <br>\n\n                      <table bgcolor=\"#f0f0f0\" border=\"0\" cellpadding=\"0\" cellspacing=\"0\" width=\"100%\">\n                        <tbody>\n                          <tr>\n                            <td colspan=\"4\" style=\"font: 11px Arial,Helvetica,sans-serif;\" bgcolor=\"#e3e2e2\" nowrap=\"nowrap\">\n                              <span style=\"font: 11px Arial,Helvetica,sans-serif; font-weight: bold;\">Your order summary:</span><br>\n                              <table border=\"0\" cellpadding=\"5\" cellspacing=\"0\" width=\"100%\">\n                                <tbody>\n                                    <tr>\n                                        <td style=\"font: 11px Arial,Helvetica,sans-serif; font-weight: bold;\" width=\"20%\">Invoice #:</td>\n                                        <td style=\"font: 11px Arial,Helvetica,sans-serif;\">{invoice: number}</td>\n                                    </tr>\n                                    <tr>\n                                        <td style=\"font: 11px Arial,Helvetica,sans-serif; font-weight: bold;\">Date:</td>\n                                        <td style=\"font: 11px Arial,Helvetica,sans-serif;\">{invoice: date}</td>\n                                    </tr>\n                                    <tr>\n                                        <td style=\"font: 11px Arial,Helvetica,sans-serif; font-weight: bold;\">Next billing date:</td>\n                                        <td style=\"font: 11px Arial,Helvetica,sans-serif;\">{next billing date}</td>\n                                    </tr>\n                                </tbody>\n                              </table>\n                            </td>\n                          </tr>\n                        </tbody>\n                      </table>\n                        \n                      <br>\n\n                        <table style=\"background: url(&quot;{settings: images path}/default/officio_watermark.png&quot;) no-repeat center;\" bgcolor=\"#f0f0f0\" border=\"0\" cellpadding=\"3\" cellspacing=\"0\" width=\"100%\">\n                            <tbody><tr>\n                                  <td style=\"font: 11px Arial,Helvetica,sans-serif;\" width=\"40%\"><strong>Description</strong></td>\n                                  <td style=\"font: 11px Arial,Helvetica,sans-serif;\" align=\"center\" width=\"20%\"><strong>Qty</strong></td>\n                                  <td style=\"font: 11px Arial,Helvetica,sans-serif;\" align=\"center\" width=\"20%\"><strong>Unit Price</strong></td>\n                                  <td style=\"font: 11px Arial,Helvetica,sans-serif;\" align=\"right\" width=\"20%\"><strong>Amount</strong></td>\n                            </tr>\n                            <tr>\n                                  <td style=\"font: 11px Arial,Helvetica,sans-serif;\"><span style=\"font-weight: bold;\">{company package} - {billing frequency} Subscription</span>\n                                      <br>Includes:<br>\n                                        - {invoice: free storage} Gb of space<br>\n                                        - {invoice: free users} user license(s)\n                                  </td>\n                                  <td style=\"font: 11px Arial,Helvetica,sans-serif;\" align=\"center\">{invoice: quantity}</td>\n                                  <td style=\"font: 11px Arial,Helvetica,sans-serif;\" align=\"center\">{invoice: currency} {invoice: subscription fee}</td>\n                                  <td style=\"font: 11px Arial,Helvetica,sans-serif;\" align=\"right\">{invoice: currency} {invoice: subscription fee}</td>\n                            </tr>\n                            <tr {invoice:=\"\" hide=\"\" if=\"\" empty=\"\" discount}=\"\">\n                                  <td style=\"font: 11px Arial,Helvetica,sans-serif;\">Discount</td>\n                                  <td style=\"font: 11px Arial,Helvetica,sans-serif;\" align=\"center\">&nbsp;</td>\n                                  <td style=\"font: 11px Arial,Helvetica,sans-serif;\" align=\"center\">&nbsp;</td>\n                                  <td style=\"font: 11px Arial,Helvetica,sans-serif;\" align=\"right\">{invoice: currency} -{invoice: discount}</td>\n                            </tr>\n                            <tr>\n                                <td style=\"font: 11px Arial,Helvetica,sans-serif; font-weight: bold;\">Additional user license(s)</td>\n                                <td style=\"font: 11px Arial,Helvetica,sans-serif;\" align=\"center\">{invoice: additional users}</td>\n                                <td style=\"font: 11px Arial,Helvetica,sans-serif;\" align=\"center\">{invoice: currency} {invoice: price per user}</td>\n                                <td style=\"font: 11px Arial,Helvetica,sans-serif;\" align=\"right\">{invoice: currency} {invoice: additional users fee}</td>\n                            </tr>\n                            <tr><td colspan=\"4\"><hr></td></tr>\n                            <tr>\n                                  <td style=\"font: 11px Arial,Helvetica,sans-serif;\">&nbsp;</td>\n                                  <td style=\"font: 11px Arial,Helvetica,sans-serif;\" align=\"center\">&nbsp;</td>\n                                  <td style=\"font: 11px Arial,Helvetica,sans-serif;\" align=\"right\">Sub Total</td>\n                                  <td style=\"font: 11px Arial,Helvetica,sans-serif;\" align=\"right\">{invoice: currency} {invoice: subtotal}</td>\n                            </tr>\n                            <tr>\n                                  <td colspan=\"3\" style=\"font: 11px Arial,Helvetica,sans-serif;\" align=\"right\">GST ()</td>\n                                  <td style=\"font: 11px Arial,Helvetica,sans-serif;\" align=\"right\">{invoice: currency} {invoice: gst/hst fee}</td>\n                            </tr>\n                            <tr>\n                                  <td style=\"font: 11px Arial,Helvetica,sans-serif;\">&nbsp;</td>\n                                  <td style=\"font: 11px Arial,Helvetica,sans-serif;\" align=\"center\">&nbsp;</td>\n                                  <td style=\"font: 11px Arial,Helvetica,sans-serif; font-weight: bold;\" align=\"right\">Total</td>\n                                  <td style=\"font: 11px Arial,Helvetica,sans-serif;\" align=\"right\">{invoice: currency} {invoice: total}</td>\n                            </tr>\n                            <tr>\n                                  <td style=\"font: 11px Arial,Helvetica,sans-serif;\">&nbsp;</td>\n                                  <td style=\"font: 11px Arial,Helvetica,sans-serif;\" align=\"center\">&nbsp;</td>\n                                  <td style=\"font: 11px Arial,Helvetica,sans-serif; font-weight: bold;\" align=\"right\">Paid</td>\n                                  <td style=\"font: 11px Arial,Helvetica,sans-serif;\" align=\"right\">{invoice: currency} -{invoice: amount paid}</td>\n                            </tr>\n                            <tr>\n                              <td colspan=\"4\" height=\"38\" nowrap=\"nowrap\">\n                                <table border=\"0\" width=\"100%\">\n                                    <tbody><tr>\n                                      <td style=\"font: 11px Arial,Helvetica,sans-serif;\" nowrap=\"nowrap\" width=\"18%\"><strong>Payment method:</strong></td>\n                                      <td style=\"font: 11px Arial,Helvetica,sans-serif;\" width=\"82%\">{invoice: payment method}</td>\n                                    </tr>\n                                </tbody></table>\n                              </td>\n                            </tr>\n                        </tbody></table>\n\n                        <table border=\"0\" cellpadding=\"5\" width=\"100%\">\n                          <tbody>\n                            <tr>\n                              <td style=\"font: 11px Arial,Helvetica,sans-serif;\">\n                                  <p><strong>A couple of quick notes and reminders:</strong></p>\n                                  <ul>\n                                    <li><strong>Payment:</strong> Your credit card&nbsp; has been debited with {invoice: currency} {invoice: amount paid}, your card statement will list \"Officio Pty Ltd\".</li>\n                                    <li><strong>My account:</strong> You can always access your invoices by logging into Officio, and going to Admin | Company Details | Company Invoices. </li>\n                                  </ul>\n                                  <p>Thank you for your order. If we can do anything to enhance your experience with Officio, please do not hesitate to let us know.</p>\n                                  <br><br>\n                                  <p>Best regards,</p>\n                                  <p><strong>The Officio Team</strong></p>\n                                  <p><br></p>\n                              </td>\n                            </tr>\n                          </tbody>\n                        </table>\n\n                        <p>\n                    </p></td>\n                  </tr>\n                </tbody>\n              </table>\n            </td>\n          </tr>\n        </tbody>\n      </table>\n    </td>\n  </tr>\n</tbody></table>',
        '2011-03-17'),
       (15, 'system', 'Renew Invoice', 'Invoice for {company package} - {billing frequency} Renew',
        'support@officio.com.au', '{company email}', '', 'support@officio.com.au',
        '<table>\n    <tbody><tr>\n        <td>\n            <img src=\"{settings: images path}/default/officio_logo_with_bg.png\" alt=\"logo\" height=\"94\" width=\"600\">\n        </td>\n    </tr>\n\n    <tr>\n\n    <td>\n      <table align=\"center\" bgcolor=\"#b3bcbf\" border=\"0\" cellpadding=\"6\" cellspacing=\"1\" width=\"600\">\n        <tbody>\n          <tr>\n            <td bgcolor=\"#ffffff\">\n              <table border=\"0\" cellpadding=\"5\" cellspacing=\"0\" width=\"100%\">\n                <tbody>\n                  <tr>\n                    <td style=\"font: 11px Arial,Helvetica,sans-serif; text-align: left;\" bgcolor=\"#f0f0f0\">\n\n                        <table border=\"0\" cellpadding=\"5\" width=\"100%\">\n                          <tbody>\n                            <tr>\n                              <td>\n                                  <div style=\"font: 11px Arial,Helvetica,sans-serif;\">Dear {admin first name} {admin last name},<br><br>Thank you for your order. Here are your order details:</div>\n                              </td>\n                            </tr>\n                          </tbody>\n                        </table>\n\n                      <table border=\"1\" cellpadding=\"6\" width=\"100%\">\n                        <tbody>\n                          <tr>\n                            <td bgcolor=\"#ffffff\">\n                              <table border=\"0\" cellpadding=\"0\" cellspacing=\"0\" width=\"100%\">\n                                <tbody>\n                                  <tr>\n                                    <td style=\"font: 11px Arial,Helvetica,sans-serif;\" nowrap=\"nowrap\"><span style=\"color: #4F8CBC; font-weight: bold;\">{company package} - {billing frequency} Subscription</span><br>\n                                        <strong>Licensee Name:</strong>&nbsp;&nbsp;{company name}\n                                    </td>\n                                  </tr>\n                                </tbody>\n                              </table>\n                            </td>\n                          </tr>\n                        </tbody>\n                      </table>\n\n                      <br>\n\n                      <table bgcolor=\"#f0f0f0\" border=\"0\" cellpadding=\"0\" cellspacing=\"0\" width=\"100%\">\n                        <tbody>\n                          <tr>\n                            <td colspan=\"4\" style=\"font: 11px Arial,Helvetica,sans-serif;\" bgcolor=\"#e3e2e2\" nowrap=\"nowrap\">\n                              <span style=\"font: 11px Arial,Helvetica,sans-serif; font-weight: bold;\">Your order summary:</span><br>\n                              <table border=\"0\" cellpadding=\"5\" cellspacing=\"0\" width=\"100%\">\n                                <tbody>\n                                    <tr>\n                                        <td style=\"font: 11px Arial,Helvetica,sans-serif; font-weight: bold;\" width=\"20%\">Invoice #:</td>\n                                        <td style=\"font: 11px Arial,Helvetica,sans-serif;\">{invoice: number}</td>\n                                    </tr>\n                                    <tr>\n                                        <td style=\"font: 11px Arial,Helvetica,sans-serif; font-weight: bold;\">Date:</td>\n                                        <td style=\"font: 11px Arial,Helvetica,sans-serif;\">{invoice: date}</td>\n                                    </tr>\n                                    <tr>\n                                        <td style=\"font: 11px Arial,Helvetica,sans-serif; font-weight: bold;\">Next billing date:</td>\n                                        <td style=\"font: 11px Arial,Helvetica,sans-serif;\">{next billing date}</td>\n                                    </tr>\n                                </tbody>\n                              </table>\n                            </td>\n                          </tr>\n                        </tbody>\n                      </table>\n                        \n                      <br>\n\n                        <table style=\"background: url(&quot;{settings: images path}/default/officio_watermark.png&quot;) no-repeat center;\" bgcolor=\"#f0f0f0\" border=\"0\" cellpadding=\"3\" cellspacing=\"0\" width=\"100%\">\n                            <tbody><tr>\n                                  <td style=\"font: 11px Arial,Helvetica,sans-serif;\" width=\"40%\"><strong>Description</strong></td>\n                                  <td style=\"font: 11px Arial,Helvetica,sans-serif;\" align=\"center\" width=\"20%\"><strong>Qty</strong></td>\n                                  <td style=\"font: 11px Arial,Helvetica,sans-serif;\" align=\"center\" width=\"20%\"><strong>Unit Price</strong></td>\n                                  <td style=\"font: 11px Arial,Helvetica,sans-serif;\" align=\"right\" width=\"20%\"><strong>Amount</strong></td>\n                            </tr>\n                            <tr>\n                                  <td style=\"font: 11px Arial,Helvetica,sans-serif;\"><span style=\"font-weight: bold;\">{company package} - {billing frequency} Subscription</span>\n                                      <br>Includes:<br>\n                                        - {invoice: free storage} Gb of space<br>\n                                        - {invoice: free users} user license(s)\n                                  </td>\n                                  <td style=\"font: 11px Arial,Helvetica,sans-serif;\" align=\"center\">{invoice: quantity}</td>\n                                  <td style=\"font: 11px Arial,Helvetica,sans-serif;\" align=\"center\">{invoice: currency} {invoice: subscription fee}</td>\n                                  <td style=\"font: 11px Arial,Helvetica,sans-serif;\" align=\"right\">{invoice: currency} {invoice: subscription fee}</td>\n                            </tr>\n                            <tr {invoice:=\"\" hide=\"\" if=\"\" empty=\"\" discount}=\"\">\n                                  <td style=\"font: 11px Arial,Helvetica,sans-serif;\">Discount</td>\n                                  <td style=\"font: 11px Arial,Helvetica,sans-serif;\" align=\"center\">&nbsp;</td>\n                                  <td style=\"font: 11px Arial,Helvetica,sans-serif;\" align=\"center\">&nbsp;</td>\n                                  <td style=\"font: 11px Arial,Helvetica,sans-serif;\" align=\"right\">{invoice: currency} -{invoice: discount}</td>\n                            </tr>\n                            <tr>\n                                <td style=\"font: 11px Arial,Helvetica,sans-serif; font-weight: bold;\">Additional user license(s)</td>\n                                <td style=\"font: 11px Arial,Helvetica,sans-serif;\" align=\"center\">{invoice: additional users}</td>\n                                <td style=\"font: 11px Arial,Helvetica,sans-serif;\" align=\"center\">{invoice: currency} {invoice: price per user}</td>\n                                <td style=\"font: 11px Arial,Helvetica,sans-serif;\" align=\"right\">{invoice: currency} {invoice: additional users fee}</td>\n                            </tr>\n                            <tr><td colspan=\"4\"><hr></td></tr>\n                            <tr>\n                                  <td style=\"font: 11px Arial,Helvetica,sans-serif;\">&nbsp;</td>\n                                  <td style=\"font: 11px Arial,Helvetica,sans-serif;\" align=\"center\">&nbsp;</td>\n                                  <td style=\"font: 11px Arial,Helvetica,sans-serif;\" align=\"right\">Sub Total</td>\n                                  <td style=\"font: 11px Arial,Helvetica,sans-serif;\" align=\"right\">{invoice: currency} {invoice: subtotal}</td>\n                            </tr>\n                            <tr>\n                                  <td colspan=\"3\" style=\"font: 11px Arial,Helvetica,sans-serif;\" align=\"right\">GST ()</td>\n                                  <td style=\"font: 11px Arial,Helvetica,sans-serif;\" align=\"right\">{invoice: currency} {invoice: gst/hst fee}</td>\n                            </tr>\n                            <tr>\n                                  <td style=\"font: 11px Arial,Helvetica,sans-serif;\">&nbsp;</td>\n                                  <td style=\"font: 11px Arial,Helvetica,sans-serif;\" align=\"center\">&nbsp;</td>\n                                  <td style=\"font: 11px Arial,Helvetica,sans-serif; font-weight: bold;\" align=\"right\">Total</td>\n                                  <td style=\"font: 11px Arial,Helvetica,sans-serif;\" align=\"right\">{invoice: currency} {invoice: total}</td>\n                            </tr>\n                            <tr>\n                                  <td style=\"font: 11px Arial,Helvetica,sans-serif;\">&nbsp;</td>\n                                  <td style=\"font: 11px Arial,Helvetica,sans-serif;\" align=\"center\">&nbsp;</td>\n                                  <td style=\"font: 11px Arial,Helvetica,sans-serif; font-weight: bold;\" align=\"right\">Paid</td>\n                                  <td style=\"font: 11px Arial,Helvetica,sans-serif;\" align=\"right\">{invoice: currency} -{invoice: amount paid}</td>\n                            </tr>\n                            <tr>\n                              <td colspan=\"4\" height=\"38\" nowrap=\"nowrap\">\n                                <table border=\"0\" width=\"100%\">\n                                    <tbody><tr>\n                                      <td style=\"font: 11px Arial,Helvetica,sans-serif;\" nowrap=\"nowrap\" width=\"18%\"><strong>Payment method:</strong></td>\n                                      <td style=\"font: 11px Arial,Helvetica,sans-serif;\" width=\"82%\">{invoice: payment method}</td>\n                                    </tr>\n                                </tbody></table>\n                              </td>\n                            </tr>\n                        </tbody></table>\n\n                        <table border=\"0\" cellpadding=\"5\" width=\"100%\">\n                          <tbody>\n                            <tr>\n                              <td style=\"font: 11px Arial,Helvetica,sans-serif;\">\n                                  <p><strong>A couple of quick notes and reminders:</strong></p>\n                                  <ul>\n                                    <li><strong>Payment:</strong> Your credit card&nbsp; has been debited with {invoice: currency} {invoice: amount paid}, your card statement will list \"Officio PTY Ltd.\".</li>\n                                    <li><strong>My account:</strong> You can always access your invoices by logging into Officio, and going to Admin | Company Details | Company Invoices. </li>\n                                  </ul>\n                                  <p>Thank you for your order. If we can do anything to enhance your experience with Officio, please do not hesitate to let us know.</p>\n                                  <br><br>\n                                  <p>Best regards,</p>\n                                  <p><strong>The Officio Team</strong></p>\n                                  <p><br></p>\n                              </td>\n                            </tr>\n                          </tbody>\n                        </table>\n\n                        <p>\n                    </p></td>\n                  </tr>\n                </tbody>\n              </table>\n            </td>\n          </tr>\n        </tbody>\n      </table>\n    </td>\n  </tr>\n</tbody></table>',
        '2011-03-17'),
       (18, 'mass_email', 'Scheduled Maintenance', 'Scheduled Maintenance', 'Officio Support \"support@uniques.ca\"',
        '', '', '',
        '<font face=\"arial\"><br>Dear {user: first name},<br><br>We will be conducting a scheduled maintenance on one of Officio\'s servers on Saturday, Feb. 2nd, 2013, starting at 00:05AM AST. D</font><font face=\"arial\"><font face=\"arial\">uring this time service will not be available to you.<br></font><br>While our intent is to minimize the downtime, the server should be back online by 9:00AM AST on Saturday.&nbsp; <br><br>Officio is growing very quickly, thanks to users like you.&nbsp; This scheduled maintenance is part one of a 2-step process to expand our servers capacities.<br><br>Apart from working on infrastructure, we will be releasing a new upgrade that includes:<br>- Improved and faster performing Document-Management<br>- Time-Management Module<br>- Task-Management Module<br><br>We will be sending you additional emails with instructions on how to use these new features.<br><br>We apologize for any inconvenience this may cause. I trust you will like the new improvements.<br><br>If we can be of any further assistance, please do not hesitate to contact us.<br><br>do not hesitate to contact us.<br><br></font><font size=\"2\">Best regards,<br>Officio Team<br></font>\n<p style=\"font-family: arial;\"><font size=\"2\">_______________________________________ <br><br>Officio Pty Ltd.<br>T: +61 7 3212-2266 F: +61 7 3212-2211<br>Level 7, 199 George Street, Brisbane, QLD, 4000<br>www.officio.com.au</font></p><p><font face=\"arial\"><br></font></p><font face=\"arial\"><br><br></font>',
        '2011-11-17'),
       (19, 'mass_email', 'Officio Update 2013', 'Officio Update 2013', 'support@officio.com.au', '', '',
        'shahram@officio.com.au',
        '<p></p><p><font color=\"#000000\"><font face=\"arial\"><br>Dear {user: first name},<br><br>I\'m excited to announce the release of Officio-2013. This version includes the following key features:<br><br>- Immigration News section<br>- Time Management<br></font></font><span style=\"font-family: arial;\">- Task Management<br></span><span style=\"font-family: arial;\">- Improved Document Management<br></span><span style=\"font-family: arial;\"><br>To learn more, please watch the following 10-minute video:<br></span><span style=\"font-family: arial;\"></span></p><p><span style=\"font-family: arial;\">&lt;link&gt;</span></p><p><span style=\"font-family: arial;\"></span><span style=\"font-family: arial;\"><br>These features are available to you at no extra cost. I hope you\'ll find them useful in your day-to-day operation.</span><span style=\"font-family: arial;\"><br><br>If we can be of any further assistance, please do not hesitate to contact us.<br></span><span style=\"font-family: arial;\"><br>Best regards,<br></span><span style=\"font-family: arial;\">Officio Team<br></span></p><p><font color=\"#000000\"><font face=\"arial\">_______________________________________<br><br>Officio Pty Ltd.<br>T: +61 7 3212-2266&nbsp;&nbsp;&nbsp; F: +61 7 3212-2211<br>Level 7, 199 George Street, Brisbane, QLD, 4000<br>www.officio.com.au</font></font></p><p></p>',
        '2013-02-04'),
       (21, 'mass_email', 'Scheduled Maintenance 2', 'Scheduled Maintenance',
        'Officio Support \"support@officio.com.au\"', '', '', '',
        '<font face=\"arial\"><br>Dear {user: first name},<br><br>We will be performing a software upgrade on one of Officio\'s servers on Saturday, April 6th, 2013, starting at 01:00AM AST. D</font><font face=\"arial\"><font face=\"arial\">uring this time service will not be available to you.<br></font><br>While our intent is to minimize the downtime, the server should be back online by 9:00AM AST on Saturday. <br><br>We apologize for any inconvenience this may cause. I trust you will like the new improvements.<br><br></font><font face=\"arial\"><font face=\"arial\">Officio is growing very quickly, thanks to users like you. </font>If you have any suggestions or improving ideas, please do not hesitate to contact us.<br><br>Best regards, <br>Officio Team<br>_______________________________________  <br><br>Officio Pty Ltd.<br>T: +61 7 3212-2266&nbsp;&nbsp;&nbsp; F: +61 7 3212-2211<br>Level 7, 199 George Street, Brisbane, QLD, 4000<br>www.officio.com.au<a href=\"http://www.officio.ca\"></a></font><p><font face=\"arial\"><br></font></p><font face=\"arial\"><br><br></font>',
        '2013-04-04'),
       (22, 'system', 'Password Changed', 'Officio - Password Changed', 'support@officio.com.au', '{user: email}', '',
        '', '<font face=\"arial\" size=\"2\">Dear {user: first name},</font>\n<div>Your password was changed.</div>',
        '2014-04-25'),
       (23, 'system', 'User account locked', 'Officio - User account locked', 'support@officio.com.au',
        'support@officio.com.au', '', 'bateni@officio.com.au', '<div>User account locked: {user: username}.</div>',
        '2014-04-26');
INSERT INTO `system_templates` (`system_template_id`, `type`, `title`, `subject`, `from`, `to`, `cc`, `bcc`, `template`,
                                `create_date`)
VALUES (24, 'system', 'Certificate of Naturalisation (for PDF generation)',
        'Certificate of Naturalisation (for PDF generation)', '', '', '', '',
        '<table border=\"0\" cellpadding=\"3\" align=\"left\" width=\"100%\">\n                 <tr>\n                  <td width=\"75%\" style=\"font-weight: bold;\">COMMONWEALTH OF DOMINICA CITIZENSHIP ACT (Ch.1:10)</td>\n                  <td width=\"25%\" align=\"right\" style=\"font-weight: bold;\">SECTION 8</td>\n                 </tr>\n                </table>\n                <h1 align=\"center\">CERTIFICATE OF NATURALISATION</h1>\n                <p style=\"text-indent: 30px;\">WHEREAS <i><b>{main_applicant_name}</b></i> has applied to the Minister responsible for citizenship in the Government of Dominica for a certificate of naturalisation, alleging with respect to {self_name} the particulars set out below, and has satisfied the Minister that the conditions laid down in the Constitution and in the Citizenship Act Chapter 1:10 for the grant of a certificate of naturalisation are fulfilled:</p>\n                <p style=\"text-indent: 30px;\">Now, THEREFORE, the Minister, in exercise of the powers conferred upon him by the said Constitution and Act, grants to the said <i><b>{main_applicant_name_2}</b></i> this Certificate of Naturalisation, and declares that upon taking the oath or affirmation of allegiance in the manner required by the Act shall be a citizen of Dominica as from the date of this certificate.</p>\n                <p style=\"text-indent: 30px;\">In witness whereof I have hereto subscribed my name this ____ day of _________, ______.</p>\n                <p></p>\n                <p></p>\n                <p></p>\n                <table border=\"0\" cellpadding=\"3\" align=\"left\" width=\"100%\">\n                 <tr>\n                  <td width=\"65%\"></td>\n                  <td width=\"35%\" style=\"font-size: 8px; font-style: italic;\"><br />MINISTER FOR JUSTICE, IMMIGRATION <br />AND NATIONAL SECURITY</td>\n                 </tr>\n                </table>\n                <p></p>\n                <p align=\"center\" style=\"font-weight: bold; font-size: 10px;\">Particulars relating to applicant</p>\n                <table border=\"0\" cellpadding=\"0\" align=\"left\" width=\"100%\" style=\"font-size: 10px;\">\n                 <tr>\n                  <td width=\"32%\"></td>\n                  <td width=\"25%\">FULL NAME:</td>\n                  <td width=\"43%\">{main_applicant_name_3}</td>\n                 </tr>\n                 <tr><td colspan=\"3\"></td></tr>\n                 <tr>\n                  <td width=\"32%\"></td>\n                  <td width=\"25%\">ADDRESS:</td>\n                  <td width=\"43%\">{address}</td>\n                 </tr>\n                 <tr><td colspan=\"3\"></td></tr>\n                 <tr>\n                  <td width=\"32%\"></td>\n                  <td width=\"25%\">PROFESSION/<br />OCCUPATION:</td>\n                  <td width=\"43%\">{occupation}</td>\n                 </tr>\n                 <tr><td colspan=\"3\"></td></tr>\n                 <tr>\n                  <td width=\"32%\"></td>\n                  <td width=\"25%\">PLACE OF BIRTH:</td>\n                  <td width=\"43%\">{place_of_birth}</td>\n                 </tr>\n                 <tr><td colspan=\"3\"></td></tr>\n                 <tr>\n                  <td width=\"32%\"></td>\n                  <td width=\"25%\">DATE OF BIRTH:</td>\n                  <td width=\"43%\">{date_of_birth}</td>\n                 </tr>\n                 <tr><td colspan=\"3\"></td></tr>\n                 <tr>\n                  <td width=\"32%\"></td>\n                  <td width=\"25%\">SINGLE/MARRIED, etc.:</td>\n                  <td width=\"43%\">{marital_status}</td>\n                 </tr>\n                 <tr><td colspan=\"3\"></td></tr>\n                 <tr>\n                  <td width=\"32%\"></td>\n                  <td width=\"25%\">NAME OF SPOUSE:</td>\n                  <td width=\"43%\">{name_of_spouse}</td>\n                 </tr>\n                </table>',
        '2018-02-16'),
       (25, 'system', 'Upgrade to OfficioSolo', 'Upgrade to Solo', 'support@officio.com.au', '{company email}', '',
        'support@officio.com.au',
        '<table>     <tr>         <td>             <img src=\"{settings: images path}/default/officio_logo_with_bg.png\" alt=\"logo\" width=\"600\" height=\"94\" />         </td>     </tr>      <tr>      <td>       <table width=\"600\" align=\"center\" bgcolor=\"#b3bcbf\" border=\"0\" cellpadding=\"6\" cellspacing=\"1\">         <tbody>           <tr>             <td bgcolor=\"#ffffff\">               <table width=\"100%\" border=\"0\" cellpadding=\"5\" cellspacing=\"0\">                 <tbody>                   <tr>                     <td style=\"font: 11px Arial,Helvetica,sans-serif; text-align: left;\" bgcolor=\"#f0f0f0\">                          <table width=\"100%\" border=\"0\" cellpadding=\"5\">                           <tbody>                             <tr>                               <td>                                   <div style=\"font: 11px Arial,Helvetica,sans-serif;\">Dear {admin first name} {admin last name},<br><br>Thank you for your order. Here are your order details:</div>                               </td>                             </tr>                           </tbody>                         </table>                        <table width=\"100%\" border=\"1\" cellpadding=\"6\">                         <tbody>                           <tr>                             <td bgcolor=\"#ffffff\">                               <table width=\"100%\" border=\"0\" cellpadding=\"0\" cellspacing=\"0\">                                 <tbody>                                   <tr>                                     <td style=\"font: 11px Arial,Helvetica,sans-serif;\" nowrap=\"nowrap\"><span style=\"color: #4F8CBC; font-weight: bold;\">Upgrade to Solo - Prorated</span><br>                                         <strong>Licensee Name:</strong>&nbsp;&nbsp;{company name}                                     </td>                                   </tr>                                 </tbody>                               </table>                             </td>                           </tr>                         </tbody>                       </table>                        <br>                        <table width=\"100%\" bgcolor=\"#f0f0f0\" border=\"0\" cellpadding=\"0\" cellspacing=\"0\">                         <tbody>                           <tr>                             <td colspan=\"4\" style=\"font: 11px Arial,Helvetica,sans-serif;\" bgcolor=\"#e3e2e2\" nowrap=\"nowrap\">                               <span style=\"font: 11px Arial,Helvetica,sans-serif; font-weight: bold;\">Your order summary:</span><br>                               <table width=\"100%\" border=\"0\" cellpadding=\"5\" cellspacing=\"0\">                                 <tbody>                                     <tr>                                         <td style=\"font: 11px Arial,Helvetica,sans-serif; font-weight: bold;\" width=\"20%\">Invoice #:</td>                                         <td style=\"font: 11px Arial,Helvetica,sans-serif;\">{invoice: number}</td>                                     </tr>                                     <tr>                                         <td style=\"font: 11px Arial,Helvetica,sans-serif; font-weight: bold;\">Date:</td>                                         <td style=\"font: 11px Arial,Helvetica,sans-serif;\">{invoice: date}</td>                                     </tr>                                     <tr>                                         <td style=\"font: 11px Arial,Helvetica,sans-serif; font-weight: bold;\">Next billing date:</td>                                         <td style=\"font: 11px Arial,Helvetica,sans-serif;\">{next billing date}</td>                                     </tr>                                 </tbody>                               </table>                             </td>                           </tr>                         </tbody>                       </table>                                               <br>                          <table width=\"100%\" bgcolor=\"#f0f0f0\" border=\"0\" cellpadding=\"3\" cellspacing=\"0\" style=\'background: url(\"{settings: images path}/default/officio_watermark.png\") no-repeat center;\'>                             <tr>                                   <td style=\"font: 11px Arial,Helvetica,sans-serif;\" width=\"40%\"><strong>Description</strong></td>                                   <td style=\"font: 11px Arial,Helvetica,sans-serif;\" align=\"center\" width=\"20%\"><strong>Qty</strong></td>                                   <td style=\"font: 11px Arial,Helvetica,sans-serif;\" align=\"center\" width=\"20%\"><strong>Unit Price</strong></td>                                   <td style=\"font: 11px Arial,Helvetica,sans-serif;\" align=\"right\" width=\"20%\"><strong>Amount</strong></td>                             </tr>                             <tr>                                   <td style=\"font: 11px Arial,Helvetica,sans-serif;\"><span style=\"font-weight: bold;\">Upgrade to Solo - Prorated</span>                                       <br/>Includes:<br>                                         - {invoice: free storage} Gb of space<br>                                         - {invoice: free users} user license(s)                                   </td>                                   <td style=\"font: 11px Arial,Helvetica,sans-serif;\" align=\"center\">{invoice: quantity}</td>                                   <td style=\"font: 11px Arial,Helvetica,sans-serif;\" align=\"center\">{invoice: currency} {invoice: subscription fee}</td>                                   <td style=\"font: 11px Arial,Helvetica,sans-serif;\" align=\"right\">{invoice: currency} {invoice: subscription fee}</td>                             </tr>                             <tr {invoice: hide if empty discount}>                                   <td style=\"font: 11px Arial,Helvetica,sans-serif;\">Discount</td>                                   <td style=\"font: 11px Arial,Helvetica,sans-serif;\" align=\"center\">&nbsp;</td>                                   <td style=\"font: 11px Arial,Helvetica,sans-serif;\" align=\"center\">&nbsp;</td>                                   <td style=\"font: 11px Arial,Helvetica,sans-serif;\" align=\"right\">{invoice: currency} -{invoice: discount}</td>                             </tr>                             <tr>                                 <td style=\"font: 11px Arial,Helvetica,sans-serif; font-weight: bold;\">Additional user license(s)</td>                                 <td style=\"font: 11px Arial,Helvetica,sans-serif;\" align=\"center\">{invoice: additional users}</td>                                 <td style=\"font: 11px Arial,Helvetica,sans-serif;\" align=\"center\">{invoice: currency} {invoice: price per user}</td>                                 <td style=\"font: 11px Arial,Helvetica,sans-serif;\" align=\"right\">{invoice: currency} {invoice: additional users fee}</td>                             </tr>                             <tr><td colspan=\"4\"><hr></td></tr>                             <tr>                                   <td style=\"font: 11px Arial,Helvetica,sans-serif;\">&nbsp;</td>                                   <td style=\"font: 11px Arial,Helvetica,sans-serif;\" align=\"center\">&nbsp;</td>                                   <td style=\"font: 11px Arial,Helvetica,sans-serif;\" align=\"right\">Sub Total</td>                                   <td style=\"font: 11px Arial,Helvetica,sans-serif;\" align=\"right\">{invoice: currency} {invoice: subtotal}</td>                             </tr>                             <tr>                                   <td colspan=\"3\" style=\"font: 11px Arial,Helvetica,sans-serif;\" align=\"right\">GST</td>                                   <td style=\"font: 11px Arial,Helvetica,sans-serif;\" align=\"right\">{invoice: currency} {invoice: gst/hst fee}</td>                             </tr>                             <tr>                                   <td style=\"font: 11px Arial,Helvetica,sans-serif;\">&nbsp;</td>                                   <td style=\"font: 11px Arial,Helvetica,sans-serif;\" align=\"center\">&nbsp;</td>                                   <td style=\"font: 11px Arial,Helvetica,sans-serif; font-weight: bold;\" align=\"right\">Total</td>                                   <td style=\"font: 11px Arial,Helvetica,sans-serif;\" align=\"right\">{invoice: currency} {invoice: total}</td>                             </tr>                             <tr>                                   <td style=\"font: 11px Arial,Helvetica,sans-serif;\">&nbsp;</td>                                   <td style=\"font: 11px Arial,Helvetica,sans-serif;\" align=\"center\">&nbsp;</td>                                   <td style=\"font: 11px Arial,Helvetica,sans-serif; font-weight: bold;\" align=\"right\">Paid</td>                                   <td style=\"font: 11px Arial,Helvetica,sans-serif;\" align=\"right\">{invoice: currency} -{invoice: amount paid}</td>                             </tr>                             <tr>                               <td colspan=\"4\" nowrap=\"nowrap\" height=\"38\">                                 <table width=\"100%\" border=\"0\">                                     <tr>                                       <td style=\"font: 11px Arial,Helvetica,sans-serif;\" width=\"18%\" nowrap=\"nowrap\"><strong>Payment method:</strong></td>                                       <td style=\"font: 11px Arial,Helvetica,sans-serif;\" width=\"82%\">{invoice: payment method}</td>                                     </tr>                                 </table>                               </td>                             </tr>                         </table>                          <table width=\"100%\" border=\"0\" cellpadding=\"5\">                           <tbody>                             <tr>                               <td style=\"font: 11px Arial,Helvetica,sans-serif;\">                                   <p><strong>A couple of quick notes and reminders:</strong></p>                                   <ul>                                     <li><strong>Payment:</strong> Your credit card&nbsp; has been debited with {invoice: currency} {invoice: amount paid}, your card statement will list &quot;UNIQUES SOFTWARE&quot;.</li>                                     <li><strong>My account:</strong> You can always access your invoices by logging into Officio, and going to Admin | Company Details | Company Invoices. </li>                                   </ul>                                   <p>Thank you for your order. If we can do anything to enhance your experience with Officio, please do not hesitate to let us know.</p></td>                             </tr>                           </tbody>                         </table>                          <p>                     </td>                   </tr>                 </tbody>               </table>             </td>           </tr>         </tbody>       </table>     </td>   </tr> </table>',
        '2018-12-18'),
       (26, 'system', 'Certificate of Naturalisation (for HTML preview)',
        'Certificate of Naturalisation (for HTML preview)', NULL, NULL, NULL, NULL,
        '<div style=\"font-size: 17px; border: 1px solid #ccc; padding: 10px 10px 40px 10px; margin: 5px 5px 30px 5px; background-color: white;\">\n                <div style=\"float: right; margin: 10px 0;\"><input type=\"text\" name=\"con_number_{page_number}\" size=\"30\" value=\"{con_number}\" /></div>\n                <table border=\"0\" cellpadding=\"3\" width=\"100%\">\n                    <tr>\n                        <td width=\"75%\" style=\"font-weight: bold;\">COMMONWEALTH OF DOMINICA CITIZENSHIP ACT (Ch.1:10)</td>\n                        <td width=\"25%\" align=\"right\" style=\"font-weight: bold;\">SECTION 8</td>\n                    </tr>\n                </table>\n                <h1 align=\"center\" style=\"font-size: 22px; margin: 20px\">CERTIFICATE OF NATURALISATION</h1>\n                <p style=\"text-indent: 30px; padding-bottom: 15px;\">\n                    WHEREAS <i><b><input type=\"text\" name=\"main_applicant_name_{page_number}\" size=\"30\" value=\"{main_applicant_name}\"/></b></i> has applied to the Minister responsible for citizenship in the Government of Dominica for a certificate of naturalisation, alleging with respect to <input type=\"text\" name=\"self_name_{page_number}\" size=\"30\" value=\"{self_name}\"/> the particulars set out below, and has satisfied the Minister that\n                    the conditions laid down in the Constitution and in the Citizenship Act Chapter 1:10 for the grant of a certificate of naturalisation are fulfilled:\n                </p>\n                <p style=\"text-indent: 30px; padding-bottom: 15px;\">\n                    Now, THEREFORE, the Minister, in exercise of the powers conferred upon him by the said Constitution and Act, grants to the said <i><b><input type=\"text\" name=\"main_applicant_name_2_{page_number}\" size=\"30\" value=\"{main_applicant_name_2}\"/></b></i> this Certificate of Naturalisation, and declares that upon taking the oath or affirmation of allegiance in the manner required by the Act shall be a citizen of Dominica as from the\n                    date of this certificate.\n                </p>\n                <p style=\"text-indent: 30px; padding-bottom: 75px;\">In witness whereof I have hereto subscribed my name this ____ day of _________, ______.</p>\n            \n                <table border=\"0\" cellpadding=\"3\" width=\"100%\">\n                    <tr>\n                        <td width=\"65%\"></td>\n                        <td width=\"35%\" style=\"font-style: italic; font-size: smaller;\">.....................................................................<br/>MINISTER FOR JUSTICE, IMMIGRATION <br/>AND NATIONAL SECURITY</td>\n                    </tr>\n                </table>\n            \n                <p align=\"center\" style=\"font-weight: bold; padding: 40px 0 10px;\">Particulars relating to applicant</p>\n            \n                <table border=\"0\" cellpadding=\"2\" width=\"100%\">\n                    <tr>\n                        <td width=\"37%\" rowspan=\"7\" style=\"text-align: center\">{photo}<input type=\"hidden\" name=\"photo_path_{page_number}\" value=\"{photo_path}\"/></td>\n                        <td width=\"30%\" height=\"30px\"><label for=\"main_applicant_name_3_{page_number}\">FULL NAME:</label></td>\n                        <td width=\"33%\" height=\"30px\"><textarea id=\"main_applicant_name_3_{page_number}\" name=\"main_applicant_name_3_{page_number}\" cols=\"37\" rows=\"2\">{main_applicant_name_3}</textarea></td>\n                    </tr>\n                    <tr>\n                        <td width=\"30%\" height=\"70px\"><label for=\"address_{page_number}\">ADDRESS:</label></td>\n                        <td width=\"33%\" height=\"70px\"><textarea id=\"address_{page_number}\" name=\"address_{page_number}\" cols=\"37\" rows=\"5\">{address}</textarea></td>\n                    </tr>\n                    <tr>\n                        <td width=\"30%\" height=\"30px\"><label for=\"occupation_{page_number}\">PROFESSION/<br/>OCCUPATION:</label></td>\n                        <td width=\"33%\" height=\"30px\"><textarea id=\"occupation_{page_number}\" name=\"occupation_{page_number}\" cols=\"37\" rows=\"2\">{occupation}</textarea></td>\n                    </tr>\n                    <tr>\n                        <td width=\"30%\"><label for=\"place_of_birth_{page_number}\">PLACE OF BIRTH:</label></td>\n                        <td width=\"33%\"><input type=\"text\" id=\"place_of_birth_{page_number}\" name=\"place_of_birth_{page_number}\" value=\"{place_of_birth}\" size=\"37\"/></td>\n                    </tr>\n                    <tr>\n                        <td width=\"30%\"><label for=\"date_of_birth_{page_number}\">DATE OF BIRTH:</label></td>\n                        <td width=\"33%\"><input type=\"text\" id=\"date_of_birth_{page_number}\" name=\"date_of_birth_{page_number}\" value=\"{date_of_birth}\" size=\"37\"/></td>\n                    </tr>\n                    <tr>\n                        <td width=\"30%\"><label for=\"marital_status_{page_number}\">SINGLE/MARRIED, etc.:</label></td>\n                        <td width=\"33%\"><input type=\"text\" id=\"marital_status_{page_number}\" name=\"marital_status_{page_number}\" value=\"{marital_status}\" size=\"37\"/></td>\n                    </tr>\n                    <tr>\n                        <td width=\"30%\" height=\"30px\"><label for=\"name_of_spouse_{page_number}\">NAME OF SPOUSE:</label></td>\n                        <td width=\"33%\" height=\"30px\"><textarea id=\"name_of_spouse_{page_number}\" name=\"name_of_spouse_{page_number}\" cols=\"37\" rows=\"2\">{name_of_spouse}</textarea></td>\n                    </tr>\n                </table>\n            </div>',
        '2019-01-15'),
       (27, 'system', 'Marketplace Prospect to Client Fee', 'Marketplace prospect to client conversion',
        'support@officio.com.au', '', '', 'support@officio.com.au',
        '<table border=\"1\" cellpadding=\"5\" cellspacing=\"0\">\r\n    <tbody>\r\n    <tr>\r\n        <td>BILL TO</td>\r\n    </tr>\r\n    <tr>\r\n        <td>{admin first name} {admin last name}<br>{company name}<br>{company address}<br>{company city} {company province/state} {company postal code/zip}<br>{company country}\r\n        </td>\r\n    </tr>\r\n    </tbody>\r\n</table><br><br><br>\r\n<table border=\"1\" cellpadding=\"5\" cellspacing=\"0\">\r\n    <tbody>\r\n    <tr>\r\n        <td align=\"middle\">INVOICE NO.</td>\r\n        <td align=\"middle\">DATE</td>\r\n        <td align=\"middle\">TERMS</td>\r\n    </tr>\r\n    <tr>\r\n        <td align=\"left\">{invoice: number}</td>\r\n        <td align=\"middle\">{invoice: date}</td>\r\n        <td><br></td>\r\n    </tr>\r\n    </tbody>\r\n</table><br><br>\r\n<table border=\"1\" cellpadding=\"5\" cellspacing=\"0\">\r\n    <tbody>\r\n    <tr>\r\n        <td align=\"middle\" width=\"50%\">DESCRIPTION</td>\r\n        <td align=\"middle\" width=\"20%\">RATE</td>\r\n        <td align=\"middle\" width=\"15%\">QTY</td>\r\n        <td align=\"middle\" width=\"15%\">AMOUNT</td>\r\n    </tr>\r\n    <tr>\r\n        <td width=\"50%\">Fee for the Marketplace prospect lead<br></td>\r\n        <td align=\"middle\" width=\"20%\">${company prospect: conversion rate}</td>\r\n        <td align=\"middle\" width=\"15%\">{company prospect: conversion quantity}</td>\r\n        <td align=\"right\" width=\"15%\">${invoice: subtotal}</td>\r\n    </tr>\r\n    <tr>\r\n        <td colspan=\"3\" width=\"85%\"><br></td>\r\n        <td align=\"right\" width=\"15%\"><b>${invoice: subtotal}</b></td>\r\n    </tr>\r\n    <tr>\r\n        <td colspan=\"4\" width=\"100%\"><br></td>\r\n    </tr>\r\n    <tr>\r\n        <td colspan=\"3\" align=\"left\" width=\"85%\">GST/HST (Registration No. 896191244)</td>\r\n        <td align=\"right\" width=\"15%\">${invoice: gst/hst fee}</td>\r\n    </tr>\r\n    <tr>\r\n        <td colspan=\"4\" width=\"100%\"><br></td>\r\n    </tr>\r\n    <tr>\r\n        <td colspan=\"3\" align=\"right\" width=\"85%\"><b>TOTAL</b></td>\r\n        <td align=\"right\" width=\"15%\"><b>${invoice: total}</b></td>\r\n    </tr>\r\n    </tbody>\r\n</table><br>\r\n<p></p>\r\n<center>\r\n    <b>Thank you for using our services. Please do not hesitate to contact us, if we can be of further assistance in the future.</b>\r\n</center>\r\n<p></p>',
        '2019-09-09');

-- --------------------------------------------------------

--
-- Table structure for table `templates`
--

CREATE TABLE `templates`
(
    `template_id`     int(11) UNSIGNED NOT NULL,
    `member_id`       bigint(20)       NOT NULL,
    `folder_id`       int(11) UNSIGNED                                                               DEFAULT NULL,
    `order`           int(11) UNSIGNED                                                               DEFAULT '0',
    `templates_for`   enum ('Invoice','Payment','General','Password','Request','Prospect','Welcome') DEFAULT 'General',
    `templates_type`  enum ('Email','Letter')                                                        DEFAULT 'Email',
    `name`            char(255)                                                                      DEFAULT NULL,
    `subject`         char(255)                                                                      DEFAULT NULL,
    `from`            char(255)                                                                      DEFAULT NULL,
    `cc`              char(255)                                                                      DEFAULT NULL,
    `bcc`             char(255)                                                                      DEFAULT NULL,
    `message`         longtext,
    `create_date`     date                                                                           DEFAULT NULL,
    `default`         enum ('Y','N')                                                                 DEFAULT 'N',
    `attachments_pdf` tinyint(1)                                                                     DEFAULT '0'
) ENGINE = InnoDB
  DEFAULT CHARSET = utf8 COMMENT ='List of templates that can be used in different situations by company users.';

--
-- Dumping data for table `templates`
--

INSERT INTO `templates` (`template_id`, `member_id`, `folder_id`, `order`, `templates_for`, `templates_type`, `name`,
                         `subject`, `from`, `cc`, `bcc`, `message`, `create_date`, `default`, `attachments_pdf`)
VALUES (9287, 1, 7174, 0, 'General', 'Email', 'Default Template', 'RE: Email Received', '', '', '',
        '<font face=\"tahoma, arial, helvetica, sans-serif\" size=\"2\">Dear &lt;%given_names%&gt; &lt;%family_name%&gt;;</font><br><br><font face=\"tahoma, arial, helvetica, sans-serif\" size=\"2\">\nThank you for your email, we endeavour&nbsp;</font><font face=\"tahoma, arial, helvetica, sans-serif\" size=\"2\">to reply as soon as possible.</font><br><br><br><br><font face=\"tahoma, arial, helvetica, sans-serif\" size=\"2\">\nRegards,</font><br><font face=\"tahoma, arial, helvetica, sans-serif\" size=\"2\">\n&lt;%current_user_email_signature%&gt;</font>',
        '2014-06-05', 'Y', 0),
       (9288, 1, 7174, 74, 'Prospect', 'Email', 'Prospect Acknowledgement', 'RE: Query', '', '', '',
        'Dear &lt;%prospect_first_name%&gt; &lt;%prospect_last_name%&gt;<p>Thank you for your query. We aim to respond to your query within &lt;&lt;Number of Business Days.&gt;&gt;</p><p>Meanwhile,please feel free to contact us on &lt;%company_phone_1%&gt; or Email us on &lt;%company_email%&gt;</p><p>Regards,</p><p></p><p>&lt;%current_user_email_signature%&gt;</p>',
        '2014-06-05', 'N', 0),
       (9289, 1, 7174, 74, 'General', 'Email', 'Client Service Agreement', 'RE: Client Service Agreement', '', '', '',
        'Dear &lt;%given_names%&gt; &lt;%family_name%&gt;;<p>Thank you for considering &lt;%company_name%&gt;\'s services for your query. Please find attached a Client Service Agreement for your consideration. Also attached is a Consumer Guide on working with your migration agent.</p><p>You may contact us on &lt;%company_phone_1%&gt; or email us on &lt;%company_email%&gt; if you have any questions with regards to the attached client service agreement. Otherwise, please sign the agreement and return to us.</p><p>We look forward to working with you.</p><p>Regards,</p><p>&lt;%current_user_email_signature%&gt;</p>',
        '2014-06-05', 'N', 0),
       (9290, 1, 7174, 74, 'Welcome', 'Email', 'Welcome', 'Re: Welcome', '', '', '',
        'Dear &lt;%given_names%&gt; &lt;%family_name%&gt;;<div><br><p>I would like to welcome you to &lt;%company_name%&gt;.</p><p>Please note that your client ID is: &lt;%file_number%&gt;. Please use this reference number in all communications with us.</p><p>We are thrilled to have you as our client and are looking forwards to working with you. Your &lt;%visa_subclass%&gt; matter will be handled by &lt;%registered_migrant_agent%&gt; and &lt;%processing%&gt;.</p><p>You will receive further communications from us very soon. Meanwhile, please feel free to contact us on &lt;%company_phone_1%&gt; or Email us on &lt;%company_email%&gt; if you have any questions.</p><p>Once again, thank you for choosing our services.</p><p>Regards,</p><p>&lt;%current_user_email_signature%&gt;</p><p></p></div>',
        '2014-06-05', 'N', 0),
       (9291, 1, 7174, 74, 'General', 'Email', 'User ID and Password Notification',
        'RE: Your Client Portal Information', '', '', '',
        'Dear &lt;%given_names%&gt; &lt;%family_name%&gt;;<p></p><p>Welcome to &lt;%company_name%&gt;\'s Client Portal.</p><p><br>We have created an account on our Client Portal for you. This portal allows you to view your profile, upload your documents, fill out your forms and get the latest updates on your file.</p><p></p><p>You can access this portal by clicking on the following link:</p><p></p><p><a href=\"http://secure.officio.com.au\">http://secure.officio.com.au</a><br><br>Your log in details are as follows:<br><br>User name:- <b>&lt;%username%&gt;</b><br>Password:- <b>&lt;%password%&gt;</b></p><p>Please keep this information secured, and ensure that you log out from this portal after each visit.</p><p></p><p>Regards,</p><p>&lt;%current_user_email_signature%&gt;</p>',
        '2014-06-05', 'N', 0),
       (9292, 1, 7174, 74, 'General', 'Email', 'Document Checklist', 'RE: Documents Request', '', '', '',
        'Dear &lt;%given_names%&gt; &lt;%family_name%&gt;<p>Please find attached Documents Checklist for your &lt;%visa_subclass%&gt; matter.</p><p>You may upload your documents using your Client Portal User ID and Password. You can access client portal through this link: <a href=\"http://secure.officio.com.au\">http://secure.officio.com.au</a>&nbsp;</p><p>Alternatively, you may email your documents to &lt;%company_email%&gt; or post them to &lt;%company_address%&gt; &lt;%company_city%&gt; &lt;%company_zip%&gt; &lt;%company_state%&gt; &lt;%company_country%&gt;</p><p>If you choose to upload or email your documents, please ensure they are fill colour scans, or certified copies of your originals. If you post your documents, please ensure that these are certified copies of your originals. Please do not send any original documents by post unless you have been specifically asked to do so. Please quote your Case Reference Number &lt;%file_number%&gt; if you email or post your documents.</p><p>Please feel free to contact us on &lt;%company_phone_1%&gt; or Email us on &lt;%company_email%&gt; if you have any questions.</p><p>Regards,</p><p>&lt;%current_user_email_signature%&gt;</p>',
        '2014-06-05', 'N', 0),
       (9293, 1, 7174, 74, 'Payment', 'Email', 'Receipt of Payment AUD', 'RE: Receipt of Payment', '', '', '',
        'Dear &lt;%given_names%&gt; &lt;%family_name%&gt;;<p>We acknowledge receipt of $&lt;%assign_deposit_amount%&gt;.</p><p>This amount will be kept in our Client Account and towards services completed. The following is a summary of your Client Account.</p><p>&lt;%aud_curr_trustac_summary_table%&gt;</p><p>Balance in Client Account: &lt;%trust_ac_balance_aud%&gt;</p><p>Thank you for your payment.</p><p>Regards,</p><p>&lt;%current_user_email_signature%&gt;</p>',
        '2014-06-05', 'N', 0),
       (9294, 1, 7174, 74, 'General', 'Email', 'Form 929 Change of Address', 'RE: Change of Address Form 929', '', '',
        '',
        'Dear &lt;%given_names%&gt; &lt;%family_name%&gt;;<p>Thank you for notifying us of your new address. Please find attached Form 929 to be signed by you.</p><p>Please upload your signed form on your Client Portal. To access client portal, click: <a href=\"http://secure.officio.com.au\">http://secure.officio.com.au</a></p><p>Alternatively, you may return the signed form by &lt;%company_email%&gt; or by post on &lt;%company_address%&gt; &lt;%company_city%&gt; &lt;%company_state%&gt; &lt;%company_zip%&gt; &lt;%company_country%&gt;.</p><p>Please feel free to contact us on &lt;%company_phone_1%&gt; or by Email &lt;%company_email%&gt;</p><p>Regards,</p><p>&lt;%current_user_email_signature%&gt;</p>',
        '2014-06-05', 'N', 0),
       (9295, 1, 7174, 74, 'General', 'Email', 'Form 929 Change of Passport', 'RE: Form 929 Change of Passport', '', '',
        '',
        'Dear &lt;%given_names%&gt; &lt;%family_name%&gt;;<p>Thank you for notifying us of your new Passport Details. Please find attached Form 929 to be signed by you.</p><p>Please upload a colour scan of your new passport biopage (picture page) to your client portal along with the signed form 929. To access your client portal, click: <a href=\"http://secure.officio.com.au\">http://secure.officio.com.au</a></p><p>You can also email us a colour scan of your passport and the form on &lt;%current_user_email%&gt;. Alternatively, you can post a certified copy of your new passport and signed form to your office address mentioned below.</p><p>Regards,</p><p>&lt;%current_user_email_signature%&gt;</p>',
        '2014-06-05', 'N', 0),
       (9296, 1, 7174, 74, 'General', 'Email', 'Form 956 Agent Appointment', 'RE: Form 956', '', '', '',
        'Dear &lt;%given_names%&gt; &lt;%family_name%&gt;<p>Your appointed Registered Migration Agent for your &lt;%visa_subclass%&gt;&gt; matter is &lt;%registered_migrant_agent%&gt;.</p><p>Please find attached Form 956 to be signed by you. Please check the contents to ensure they are correct, and sign the form.</p><p>Please upload the signed form on your client portal. You can access the client portal by clicking on: <a href=\"http://secure.officio.com.au\">http://secure.officio.com.au</a></p><p>Alternatively, you may return signed form either by email it to &lt;%company_email%&gt; or by Post &lt;%company_address%&gt; &lt;%company_city%&gt; &lt;%company_state%&gt; &lt;%company_zip%&gt; &lt;%company_country%&gt;.</p><p>Please feel free to contact us on &lt;%company_phone_1%&gt; or by Email &lt;%company_email%&gt;</p><p>Regards,</p><p>&lt;%current_user_email_signature%&gt;</p>',
        '2014-06-05', 'N', 0),
       (9297, 1, 7174, 74, 'General', 'Email', 'Form 1022', 'RE: Form 1022', 'support@officio.com.au', '', '',
        'Dear &lt;%given_names%&gt; &lt;%family_name%&gt;;<p>Thank you for notifying changes in your circumstances.Please find attached Form 1022 to be signed by you and your dependents (if included in this application).</p><p>Please upload the signed form to your online client portal. To access your client portal click:&nbsp;<a href=\"http://secure.officio.com.au\">http://secure.officio.com.au</a></p><p>Alternatively, you may return the signed form by emailing it to &lt;%registered_migrant_agent%&gt; or by post &lt;%company_address%&gt; &lt;%company_city%&gt; &lt;%company_state%&gt; &lt;%company_zip%&gt; &lt;%company_country%&gt;</p><p>Please feel free to contact us on &lt;%company_phone_1%&gt; or by Email &lt;%company_email%&gt;</p><p>Regards,</p><p>&lt;%current_user_email_signature%&gt;</p>',
        '2014-06-05', 'N', 0),
       (9298, 1, 7174, 74, 'General', 'Email', 'Form 1005', 'RE: Bridging Visa A - Form 1005', '', '', '',
        'Dear &lt;%given_names%&gt; &lt;%family_name%&gt;;<p>Thank you for notifying us of your intentions to reinstate your Bridging Visa A. Please find attached Form 1005 to be signed by you and your dependents (if included in this application).</p><p>Please upload the signed form to your online client portal. To access the client portal, click:&nbsp;<a href=\"http://secure.officio.com.au\">http://secure.officio.com.au</a></p><p>Alternatively, you may return signed form either by emailing it to &lt;%registered_migrant_agent%&gt; or by Post &lt;%company_address%&gt; &lt;%company_city%&gt; &lt;%company_state%&gt; &lt;%company_zip%&gt; &lt;%company_country%&gt;.</p><p>You may also choose to take completed and signed form to your nearest Department of Immigration office.</p><p>Please feel free to contact us on &lt;%company_phone_1%&gt; or by Email &lt;%company_email%&gt;</p><p>Regards,</p><p>&lt;%current_user_email_signature%&gt;</p>',
        '2014-06-05', 'N', 0),
       (9299, 1, 7174, 74, 'General', 'Email', 'Form 1006', 'RE: Bridging Visa B - Form 1006', '', '', '',
        'Dear &lt;%given_names%&gt; &lt;%family_name%&gt;;<p>Thank you for notifying us of your intention to obtain a Bridging Visa B. Please find attached Form 1006 to be signed by you and your dependents (if included in this application).</p><p>Please upload the signed form to your online client portal. To access client portal, click:&nbsp;<a href=\"http://secure.officio.com.au\">http://secure.officio.com.au</a></p><p>Alternatively, you may return the signed form either by emailing it to &lt;%registered_migrant_agent%&gt; or by Post &lt;%company_address%&gt; &lt;%company_city%&gt; &lt;%company_state%&gt; &lt;%company_zip%&gt; &lt;%company_country%&gt;.</p><p>You may also choose to take completed and signed form to your nearest Department of Immigration office along with visa application fee.</p><p>Please feel free to contact us on &lt;%company_phone_1%&gt; or by Email &lt;%company_email%&gt;</p><p>Regards,</p><p>&lt;%current_user_email_signature%&gt;</p>',
        '2014-06-05', 'N', 0),
       (9300, 1, 7174, 74, 'General', 'Email', 'Medical Date (Booking)', 'RE: Your Health Assessment Details', '', '',
        '',
        'Dear &lt;%given_names%&gt; &lt;%family_name%&gt;;<p>We have booked your Medicals. Following are the details:</p><p>Medical Date: &lt;%medical_date%&gt;</p><p>X-Ray Date: &lt;%medical_xray_date%&gt;</p><p>Medical Reference Number: &lt;%medical_reference_number%&gt;</p><p>TRN: &lt;%medical_TRN%&gt;</p><p>HAP ID: &lt;%HAP_ID%&gt;</p><p>Location: &lt;%medical_exam_location%&gt;</p><p>Please contact us on &lt;%company_phone_1%&gt; or &lt;%company_email%&gt; if you have any questions.</p><p><br></p><p>Regards,</p><p>&lt;%current_user_email_signature%&gt;</p>',
        '2014-06-05', 'N', 0),
       (9301, 1, 7174, 74, 'General', 'Email', 'Police Clearance (Character)', 'RE: Your Police Clearance 1', '', '',
        '',
        'Dear &lt;%given_names%&gt; &lt;%family_name%&gt;,<p>We have applied for your police clearance for &lt;%1_country_of_PCC%&gt; on &lt;%1_PCC_application_date%&gt;.</p><p>Your Reference Number for this application is &lt;%1_PCC_reference_number%&gt;</p><p>Regards,</p><p>&lt;%current_user_email_signature%&gt;</p>',
        '2014-06-05', 'N', 0),
       (9302, 1, 7174, 74, 'General', 'Email', 'General Follow Up', 'RE: Follow Up', '', '', '',
        'Dear &lt;%given_names%&gt; &lt;%family_name%&gt;;<div><br><p>This email is to follow up from our recent conversation.</p><p>Please respond to us as soon as possible either by calling on &lt;%company_phone_1%&gt; or by emailing us on &lt;%company_email%&gt;.</p><p><br></p><p>Regards,</p><p>&lt;%current_user_email_signature%&gt;</p></div>',
        '2014-06-05', 'N', 0),
       (9303, 1, 7174, 74, 'General', 'Email', 'Draft Application', 'RE: Your Draft Application', '', '', '',
        'Dear &lt;%given_names%&gt; &lt;%family_name%&gt;;<p><br></p><p>We have completed drafting the application for your &lt;%visa_subclass%&gt; matter.</p><p>Please log in to your client portal Click:&nbsp;<a href=\"http://secure.officio.com.au\">http://secure.officio.com.au</a>&nbsp;to access the draft of your application.</p><p>It is important that you review the information on your application. Please correct any information on this form if you believe it is not correct or complete, and inform us of any changes. Please confirm by email if the draft of application is correct.</p><p>Remember to save the form after you have updated any fields. If you are not able to make changes to the form online, you can also print and hand-write your changes on the form. Once completed, you may upload the scanned copy of your draft application to your client portal.</p><p>Please feel free to contact us on &lt;%company_phone_1%&gt; or by email on &lt;%company_email%&gt; if you have any difficulties.</p><p><br></p><p>Regards,</p><p>&lt;%current_user_email_signature%&gt;</p>',
        '2014-06-05', 'N', 0),
       (9304, 1, 7174, 74, 'General', 'Email', 'Letter to Department of Immigration - Application Letter',
        'RE: Applicaction', '', '', '',
        'To,<p>&lt;%immigration_office%&gt;</p><p>Date: &lt;%today_date%&gt;</p><p>Subject: &lt;%visa_subclass%&gt; Application for Client: &lt;%given_names%&gt; &lt;%family_name%&gt;; Date of Birth: &lt;%DOB%&gt;.</p><p><br></p><p>Dear Sir/Madam,</p><p><br></p><p>Please find herewith &lt;%visa_subclass%&gt; application of our client: &lt;%given_names%&gt; &lt;%family_name%&gt;; Date of Birth: &lt;%DOB%&gt;.</p><p>Following documents are attached:</p><p><font color=\"#ff0000\"><b>&lt;&lt;Insert list of Documents Here&gt;&gt;</b></font></p><p>Please feel free to contact us if you require any further information for this application.</p><p>our contact details:</p><p>&lt;%company_name%&gt;</p><p>&lt;%company_address%&gt; &lt;%company_city%&gt;</p><p>&lt;%company_state%&gt; - &lt;%company_zip%&gt;, &lt;%company_country%&gt;</p><p>Telephone: &lt;%company_phone_1%&gt;</p><p>Fax: &lt;%company_fax%&gt;</p><p>Email: &lt;%company_email%&gt;</p><p><br></p><p>Thanks and Regards,</p><p>&lt;%registered_migrant_agent%&gt;</p>',
        '2014-06-05', 'N', 0),
       (9305, 1, 7174, 0, 'General', 'Email', 'Declaration of Other Names',
        'RE: Declaration of Other Names - Statutory Declaration', '', '', '',
        'Commonwealth of Australia<p align=\"center\">STATUTORY DECLARATION</p><p align=\"center\"><i>StatutoryDeclarations Act 1959</i></p><table border=\"0\" cellspacing=\"0\" cellpadding=\"0\" width=\"100%\"><tbody><tr><td width=\"14%\" valign=\"top\"><p></p><p><i>1 Insert the name, address and occupation of person making the declaration</i></p></td><td width=\"85%\" valign=\"top\"><p></p><p>I,<sup>1</sup></p><p><sup>&lt;%given_names%&gt; &lt;%family_name%&gt; Date of Birth: &nbsp;&lt;%DOB%&gt; residing at &lt;%address_1%&gt; &lt;%address_2%&gt; &lt;%city%&gt; &lt;%state%&gt; &lt;%zip_code%&gt; &lt;%country%&gt;;</sup></p><p></p><p></p><p></p><p>make the following declaration under the<i>Statutory Declarations Act1959:</i><b></b></p></td></tr><tr><td width=\"14%\" valign=\"top\"><p></p><p><i>2 Set out matter declared to in numbered paragraphs</i></p></td><td width=\"85%\" valign=\"top\"><p></p><p><sup>2</sup></p><p><font size=\"2\">I am also known by the following names:</font></p><p><font size=\"2\"><br></font></p><p><font size=\"2\">1. &lt;%other_names%&gt;</font></p><p><sup><br></sup></p><p></p><p></p><p></p><p></p><p></p><p></p><p></p><p></p><p></p><p></p><p></p><p></p><p></p><p></p><p></p><p></p><p></p><p></p><p></p><p></p><p></p><p></p><p></p><p></p><p></p><p></p><p></p><p></p><p></p><p></p><p>I understand that a person who intentionally makes a false statement in a statutory declaration is guilty of an offence under section 11 of the<i>Statutory Declarations Act 1959</i>,<i></i>and I believe that the statements in this declaration are true in every particular.</p><p></p></td></tr><tr><td width=\"14%\" valign=\"top\"><p><i>3 Signature of person making the declaration</i></p></td><td width=\"85%\" valign=\"top\"><p><sup>3</sup></p><p></p><p><sup></sup></p></td></tr><tr><td width=\"14%\" valign=\"top\"><p><i>4 Place</i></p><p><i>5 Day</i></p><p><i>6 Month</i><i>and year</i></p></td><td width=\"85%\" valign=\"top\"><p>Declared at<sup>4</sup>on<sup>5</sup>of<sup>6</sup></p><p></p><p>Before me,</p><p><sup></sup></p></td></tr><tr><td width=\"14%\" valign=\"top\"><p><i>7 Signature of person before whom the declaration is made (see over)</i></p><p><i></i></p></td><td width=\"85%\" valign=\"top\"><p><sup>7</sup></p><p></p><p><sup></sup></p></td></tr><tr><td width=\"14%\" valign=\"top\"><p><i>8 Full name, qualification and address of person before whom the declaration is made (in printed letters)</i></p></td><td width=\"85%\" valign=\"top\"><p><sup>8</sup></p><p></p><p></p><p></p><p><sup></sup></p></td></tr></tbody></table><p><i>Note 1</i>Aperson who intentionally makes a false statement in a statutory declaration isguilty of an offence, the punishment for which is imprisonment for a term of 4years see section 11 of the<i>StatutoryDeclarations Act 1959</i>.</p><p><i>Note 2</i>Chapter2 of the<i>Criminal Code</i>applies to alloffences against the<i>StatutoryDeclarations Act 1959</i> see section 5A of the<i>Statutory Declarations Act 1959</i>.</p><p><b>A statutory declaration under the<i>Statutory Declarations Act 1959</i>may be made before</b></p><p>(1) a person who is currently licensed or registered under a law to practise in one of thefollowing occupations:</p><p>Chiropractor Dentist Legalpractitioner</p><p>Medical practitioner Nurse Optometrist</p><p>Patent attorney Pharmacist Physiotherapist</p><p>Psychologist Trademarks attorney Veterinarysurgeon</p><p>(2) a person who is enrolled on the roll of the Supreme Court of a State or Territory, orthe High Court of Australia, as a legal practitioner (however described); or</p><p>(3) a person who is in the following list:</p><p>Agent of the Australian Postal Corporation who isin charge of an office supplying postal services to the public</p><p>Australian Consular Officer or AustralianDiplomatic Officer (within the meaning of the<i>Consular Fees Act 1955</i>)</p><p>Bailiff</p><p>Bank officer with 5 or more continuous years ofservice</p><p>Building society officer with 5 or more years ofcontinuous service</p><p>Chief executive officer of a Commonwealth court</p><p>Clerk of a court</p><p>Commissioner for Affidavits</p><p>Commissioner for Declarations</p><p>Credit union officer with 5 or more years ofcontinuous service</p><p>Employee of the Australian Trade Commission who is:</p><p>(a) in a country or place outside Australia; and</p><p>(b) authorised under paragraph 3 (d) of the<i>ConsularFees Act 1955</i>; and</p><p>(c) exercising his or her function in that place</p><p>Employee of the Commonwealth who is:</p><p>(a) in a country or place outside Australia; and</p><p>(b) authorised under paragraph 3 (c) of the<i>ConsularFees Act 1955</i>; and</p><p>(c) exercising his or her function in that place</p><p>Fellow of the National Tax Accountants Association</p><p>Finance company officer with 5 or more years ofcontinuous service</p><p>Holder of a statutory office not specified inanother item in this list</p><p>Judge of a court</p><p>Justice of the Peace</p><p>Magistrate</p><p>Marriage celebrant registered under Subdivision Cof Division 1 of Part IV of the<i>Marriage Act 1961</i></p><p>Master of a court</p><p>Member of Chartered Secretaries Australia</p><p>Member of Engineers Australia, other than at thegrade of student</p><p>Member of the Association of Taxation andManagement Accountants</p><p>Member of the Australasian Institute of Miningand Metallurgy</p><p>Member of the Australian Defence Force who is:</p><p>(a) an officer; or</p><p>(b) a non-commissioned officer within the meaningof the<i>Defence Force Discipline Act 1982</i>with 5 or more years ofcontinuous service; or</p><p>(c) a warrant officer within the meaning of thatAct</p><p>Member of the Institute of Chartered Accountants inAustralia, the Australian Society of Certified Practising Accountants or theNational Institute of Accountants</p><p>Member of:</p><p>(a) the Parliament of the Commonwealth; or</p><p>(b) the Parliament of a State; or</p><p>(c) a Territory legislature; or</p><p>(d) a local government authority of a State orTerritory</p><p>Minister of religion registered under Subdivision Aof Division 1 of Part IV of the<i>Marriage Act 1961</i></p><p>Notary public</p><p>Permanent employee of the Australian PostalCorporation with 5 or more years of continuous service who is employed in anoffice supplying postal services to the public</p><p>Permanent employee of:</p><p>(a) the Commonwealth or a Commonwealth authority;or</p><p>(b) a State or Territory or a State or Territoryauthority; or</p><p>(c) a local government authority;</p><p>with 5 or more years of continuous service who isnot specified in another item in this list</p><p>Person before whom a statutory declaration may bemade under the law of the State or Territory in which the declaration is made</p><p>Police officer</p><p>Registrar, or Deputy Registrar, of a court</p><p>Senior Executive Service employee of:</p><p>(a) the Commonwealth or a Commonwealth authority;or</p><p>(b) a State or Territory or a State or Territoryauthority</p><p>Sheriff</p><p>Sheriffs officer</p><p>Teacher employed on a full-time basis at a schoolor tertiary education institution</p>',
        '2014-06-05', 'N', 0),
       (9306, 1, 7174, 74, 'General', 'Email', 'File Closed', 'Re: File Closed', '', '', '',
        'Dear &lt;%given_names%&gt; &lt;%family_name%&gt;;<p>This is to notify you that your file for &lt;%visa_subclass%&gt; matter is now closed. You will receive a statement of services from us soon.</p><p>Any original documents submitted will be returned to you to your last known address. We request you to notify us if you have changed your current address from: &lt;%address_1%&gt; &lt;%address_2%&gt; &lt;%city%&gt; &lt;%state%&gt; &lt;%zip_code%&gt; &lt;%country%&gt;.</p><p>Your client portal access will be disabled.</p><p><br></p><p>Regards,</p><p>&lt;%current_user_email_signature%&gt;</p>',
        '2014-06-05', 'N', 0),
       (9307, 1, 7174, 74, 'General', 'Email', 'Documents Request', 'RE: Documents Request', '', '', '',
        'Dear &lt;%given_names%&gt; &lt;%family_name%&gt;;<p>The Department of Immigration has started processing your application and your case officer has requested the following documents:</p><p>&lt;%miss_docs_description%&gt;</p><p>We request you to upload these documents to your client portal as soon as possible.</p><p>Alternatively, you may email these documents to your Registered Migration Agent on &lt;%company_email%&gt;. You may also post these documents to - &lt;%company_address%&gt; &lt;%company_city%&gt; &lt;%company_state%&gt; &lt;%company_zip%&gt; &lt;%company_country%&gt;.</p><p>Please note that the last day to submit these documents to your case officer is &lt;&lt;Insert Date&gt;&gt;.</p><p>You may contact us on &lt;%company_phone_1%&gt; or email us on &lt;%company_email%&gt; if you have any questions.</p><p><br></p><p>Regards,</p><p>&lt;%current_user_email_signature%&gt;</p>',
        '2014-06-05', 'N', 0),
       (9308, 1, 7174, 74, 'General', 'Email', 'Letter to the Department - Post Lodgement',
        'RE: Letter to the Department of Immigration', '', '', '',
        'To,<p>&lt;%immigration_office%&gt;</p><p>Date: &lt;%today_date%&gt;</p><p><br></p><p>Subject: &lt;%visa_subclass%&gt; Application: File Number: &lt;%file_number%&gt;; TRN: &lt;%visa_application_TRN%&gt;; File Number: &lt;%visa_application_file_number%&gt;; &lt;%given_names%&gt; &lt;%family_name%&gt; Date of Birth: &lt;%DOB%&gt;</p><p><br></p><p>Dear Sir/Madam,</p><p>Please find attached Documents as requested for this client:</p><p>&lt;%miss_docs_description%&gt;</p><p>Please feel free to contact us on &lt;%company_phone_1%&gt; or by sending an email to &lt;%company_email%&gt; if you require any further documents or information to finalise our client\'s application.</p><p><br></p><p>Regards,</p><p>&lt;%current_user_email_signature%&gt;</p>',
        '2014-06-05', 'N', 0),
       (9309, 1, 7174, 74, 'General', 'Email', 'Statement of Service', 'RE: Statement of Services', '', '', '',
        'Dear &lt;%given_names%&gt; &lt;%family_name%&gt;;<p><br></p><p>Please find below Statement of Services with regards to your &lt;%visa_subclass%&gt; matter.</p><p>&lt;%aud_curr_fin_transaction_table%&gt;</p><p>Please feel free to contact us if you have any questions,</p><p><br></p><p>Regards,</p><p>&lt;%current_user_email_signature%&gt;</p>',
        '2014-06-05', 'N', 0),
       (9310, 1, 7174, 74, 'General', 'Email', 'Withdrawal Template Client Request', 'RE: Withdrawal of Application',
        '', '', '',
        'From: &lt;%given_names%&gt; &lt;%family_name%&gt;<br>Date: &lt;%today_date%&gt;<p>Subject: Withdrawal of &lt;%visa_subclass%&gt; Application</p><p><br></p><p>I, &lt;%given_names%&gt; &lt;%family_name%&gt;; Date of Birth &lt;%DOB%&gt; residing at &lt;%address_1%&gt; &lt;%address_2%&gt; &lt;%city%&gt; &lt;%state%&gt; &lt;%zip_code%&gt; &lt;%country%&gt;; would like to withdraw my &lt;%visa_subclass%&gt; Application.</p><p><br></p><p>Below are the details of my application:</p><p><br></p><p>Date of Application: &lt;%visa_application_date%&gt;</p><p>File Number: &lt;%visa_application_file_number%&gt;</p><p>TRN: &lt;%visa_application_TRN%&gt;</p><p>Visa Subclass: &lt;%visa_subclass%&gt;</p><p><br></p><p>Dependents Included in the Application (If Any):</p><p><br></p><p>I understand that no further action will be taken once the application has been withdrawn. I also, understand that I may not be eligible for any refund.</p><p><br></p><p>Yours Sincerely,</p><p>&lt;%given_names%&gt; &lt;%family_name%&gt;</p><p><br></p>',
        '2014-06-05', 'N', 0),
       (9311, 1, 7174, 74, 'General', 'Email', 'Withdrawal of Application Agent Request',
        'RE: Withdrawal of Application', '', '', '',
        'To,<p>The Department of Immigration and Border Protection,</p><p>&lt;%immigration_office%&gt;</p><p>Date: &lt;%today_date%&gt;</p><p>Subject: Withdrawal of &lt;%visa_subclass%&gt; Application of our Client: &lt;%given_names%&gt; &lt;%family_name%&gt;; Date of Birth: &lt;%DOB%&gt;; File Number &lt;%visa_application_file_number%&gt;; TRN &lt;%visa_application_TRN%&gt;; Application ID &lt;%visa_application_ID%&gt;.</p><p><br></p><p>Dear Sir/Madam,</p><p><br></p><p>Our above mentioned client has instructed us to withdraw their &lt;%visa_subclass%&gt; Application.</p><p><br></p><p>Dependents included in the Application:</p><p><br></p><p><b>Details of Application:</b></p><p>Date of Application: &lt;%visa_application_date%&gt;</p><p>TRN: &lt;%visa_application_TRN%&gt;</p><p>File Number: &lt;%visa_application_file_number%&gt;</p><p>Application ID: &lt;%visa_application_ID%&gt;</p><p>Visa Subclass: &lt;%visa_subclass%&gt;</p><p><br></p><p>Please see attached authorisation from client to withdraw this application.</p><p><br></p><p>Please feel free to contact us if you have any questions:</p><p><br></p><p>Regards,</p><p>&lt;%current_user_email_signature%&gt;</p>',
        '2014-06-05', 'N', 0),
       (9312, 1, 7174, 74, 'General', 'Email', 'Confirmation of Withdrawal',
        'RE: Confirmation of Withdrawal of Application', '', '', '',
        '<font face=\"tahoma, arial, helvetica, sans-serif\">Dear &lt;%given_names%&gt; &lt;%family_name%&gt;;</font><p>We refer to our conversation with regards to withdrawal of your &lt;%visa_subclass%&gt; Application. You have advised us that you would like to withdraw the above application which is under assessment as of today.</p><p>Please note that no further action will be taken on this application following its withdrawal. Please confirm this in writing so that we can communicate accordingly with the Department of Immigration.</p><p style=\"font-family: tahoma, arial, helvetica, sans-serif; font-size: 12px;\">Please feel free to contact us should you have any questions.</p><p>Regards,</p><p style=\"font-family: tahoma, arial, helvetica, sans-serif; font-size: 12px;\">&lt;%current_user_email_signature%&gt;</p>',
        '2014-06-05', 'N', 0),
       (9313, 1, 7174, 74, 'General', 'Email', 'Notification of Grant', 'RE: Notification of Grant', '', '', '',
        'Dear &lt;%given_names%&gt; &lt;%family_name%&gt;;<p>We are pleased to inform you that your &lt;%visa_subclass%&gt; Application has been approved.</p><p>Your Visa Approval Date is: &lt;%visa_outcome_date%&gt;</p><p>Your Visa Expiry Date is: &lt;%visa_expiry_date%&gt;</p><p>Your Visa Grant Number is: &lt;%visa_number%&gt;</p><p>Please log in to your client portal to find a copy of your approval letter. To access your client portal click: <a href=\"http://secure.officio.com.au\">http://secure.officio.com.au</a></p><p>We have attached a copy of the approval letter with this email. It contains important information including the validity and conditions of your visa.</p><p>Congratulations, and please feel free to contact us if you have any questions.</p><p><br></p><p>Regards,</p><p>&lt;%current_user_email_signature%&gt;</p>',
        '2014-06-05', 'N', 0),
       (9314, 1, 7174, 74, 'General', 'Email', 'Notification of Refusal of Application', 'RE: Notification of Refusal',
        '', '', '',
        'Dear &lt;%given_names%&gt; &lt;%family_name%&gt;;<p>We regretfully inform you that your &lt;%visa_subclass%&gt; application has been refused.</p><p>Please log in to your client portal to access a copy of your Refusal Notification. To access your client portal click: <a href=\"http://secure.officio.com.au\">http://secure.officio.com.au</a></p><p>A copy of the Notification is attached to this email.</p><p>Please note that you may have review rights with respect to this decision. Please contact us as soon as possible if you would like to discuss your review rights.</p><p>Regards,</p><p>&lt;%current_user_email_signature%&gt;</p>',
        '2014-06-05', 'N', 0),
       (9315, 1, 7174, 74, 'General', 'Email', 'Receipt of Documents', 'RE: Receipt of Documents', '', '', '',
        'Dear &lt;%given_names%&gt; &lt;%family_name%&gt;;<p>Thank you for providing requested documents.</p><p>We acknowledge receipt of the following documents:</p><p><font color=\"#ff0000\"><b>&lt;&lt;List Documents&gt;&gt;</b></font></p><p>Following Documents are still pending for your &lt;%visa_subclass%&gt; matter:</p><p>&lt;%miss_docs_description%&gt;</p><p>Please upload documents to your online Client Portal. To access your client portal, click: <a href=\"http://secure.officio.com.au\">http://secure.officio.com.au</a> Alternatively, you may choose to email these documents to &lt;%registered_migrant_agent%&gt;.</p><p>Please feel free to contact us on &lt;%company_phone_1%&gt; or by Email &lt;%company_email%&gt;</p><p>Regards,</p><p>&lt;%current_user_email_signature%&gt;</p>',
        '2014-06-05', 'N', 0),
       (9316, 1, 7174, 74, 'General', 'Email', 'Application Lodged', 'RE: Application Lodged', '', '', '',
        'Dear &lt;%given_names%&gt; &lt;%family_name%&gt;;<p></p><p>We are pleased to inform you that your &lt;%visa_subclass%&gt; application has been lodged. Please find below details of your application:</p><p></p><p>Application Date: &lt;%visa_application_date%&gt;</p><p>TRN: &lt;%visa_application_TRN%&gt;</p><p>File Number: &lt;%visa_application_file_number%&gt;</p><p>Application ID: &lt;%visa_application_ID%&gt;</p><p></p><p>You may find a copy of your application on your client portal. To access your client portal click: <a href=\"http://secure.officio.com.au\">http://secure.officio.com.au</a></p><p></p><p>We will post an update on your portal as soon as we receive any information from the Department of Immigration.</p><p></p><p>Meanwhile, please feel free to contact on&lt;%company_phone_1%&gt; or by emailing on &lt;%company_email%&gt;.</p><p></p><p>Regards,</p><p>&lt;%current_user_email_signature%&gt;</p>',
        '2014-06-05', 'N', 0),
       (9317, 1, 7174, 74, 'General', 'Email', 'Fax Template', 'RE: Fax', '', '', '',
        '<font size=\"2\">Fax</font><p></p><p></p><table border=\"1\" cellspacing=\"0\" cellpadding=\"0\" width=\"100%\"><tbody><tr><td width=\"8%\"><p>To:</p></td><td width=\"40%\"><p></p></td><td width=\"8%\"><p>From:</p></td><td width=\"41%\"><p>&lt;%company_name%&gt;</p></td></tr><tr><td width=\"8%\"><p>Fax:</p></td><td width=\"40%\"><p></p></td><td width=\"8%\"><p>Pages:</p></td><td width=\"41%\"><p></p></td></tr><tr><td width=\"8%\"><p>Phone:</p></td><td width=\"40%\"><p></p></td><td width=\"8%\"><p>Date:</p></td><td width=\"41%\"><p>&lt;%today_date%&gt;</p></td></tr><tr><td width=\"8%\"><p>Re:</p></td><td width=\"40%\"><p>&lt;%given_names%&gt; &lt;%family_name%&gt;&nbsp;</p></td><td width=\"8%\"><p>Ref:</p></td><td width=\"41%\"><p>&lt;%file_number%&gt;</p></td></tr></tbody></table><p></p><p><br></p><p><br></p><p><br></p><p></p><br><p><font size=\"2\">&lt;%current_user_email_signature%&gt;</font></p>',
        '2014-06-05', 'N', 0),
       (9318, 1, 7174, 74, 'General', 'Email', 'Form 956 Agent End Appointment', 'RE: End Of Appointment Form 956', '',
        '', '',
        'Dear &lt;%given_names%&gt; &lt;%family_name%&gt;;<p>You have instructed us to end our appointment as your Registered Migration Agent for your &lt;%visa_subclass%&gt; matter.</p><p>Please find attached Form 956 to be signed by you.</p><p>Please upload this form on your client portal. To access your client portal, click: <a href=\"http://secure.officio.com.au\">http://secure.officio.com.au</a></p><p>Alternatively, you may return signed form either by emailing it to &lt;%registered_migrant_agent%&gt; or by Post&lt;%company_address%&gt; &lt;%company_city%&gt; &lt;%company_state%&gt; &lt;%company_zip%&gt; &lt;%company_country%&gt;</p><p>Please forward your new contact details to The Department of Immigration to receive further correspondence for your matter. &lt;%agent%&gt; will not be able to correspond with regards to the above mentioned matter you once this form is submitted.</p><p>Please feel free to contact us on &lt;%company_phone_1%&gt; or by Email &lt;%company_email%&gt;</p><p>Regards,</p><p>&lt;%current_user_email_signature%&gt;</p>',
        '2014-06-05', 'N', 0),
       (9319, 1, 7174, 74, 'General', 'Email', 'Form 1023', 'RE: Form 1023', '', '', '',
        'Dear &lt;%given_names%&gt; &lt;%family_name%&gt;;<p>Please find attached Form 1023 to be signed by you and your dependents (if included in this application).</p><p>Please upload the signed form to your online client portal. To access your client portal, click: <a href=\"http://secure.officio.com.au\">http://secure.officio.com.au</a></p><p>Alternatively, you may return signed form either by email it to &lt;%registered_migrant_agent%&gt; or by Post &lt;%company_address%&gt; &lt;%company_city%&gt; &lt;%company_state%&gt; &lt;%company_zip%&gt; &lt;%company_country%&gt;.</p><p>Please feel free to contact us on &lt;%company_phone_1%&gt; or by Email &lt;%company_email%&gt;.</p><p>Regards,</p><p>&lt;%current_user_email_signature%&gt;</p>',
        '2014-06-05', 'N', 0),
       (9320, 1, 7174, 0, 'General', 'Email', 'Default Email', 'RE: Email Received', '', '', '',
        'Dear &lt;%given_names%&gt; &lt;%family_name%&gt;;<br><br>Thank you for your email.<br><br><br><br>Regards,<br>&lt;%current_user_email_signature%&gt;',
        '2014-06-05', 'N', 0),
       (9321, 1, 7174, 74, 'General', 'Email', 'Police Clearance 2', 'RE: Your Police Clearance 2', '', '', '',
        'Dear &lt;%given_names%&gt; &lt;%family_name%&gt;,<p>We have applied for your police clearance for &lt;%2_country_of_PCC%&gt; on &lt;%2_PCC_application_date%&gt;.</p><p>Your Reference Number for this application is &lt;%2_PCC_reference_number%&gt;</p><p>Regards,</p><p>&lt;%current_user_email_signature%&gt;</p><p><br></p>',
        '2014-06-05', 'N', 0),
       (9322, 1, 7174, 74, 'General', 'Email', 'Police Clearance 3', 'RE: Your Police Clearance 3', '', '', '',
        'Dear &lt;%given_names%&gt; &lt;%family_name%&gt;,<p>We have applied for your police clearance for &lt;%3_country_of_PCC%&gt; on &lt;%3_PCC_application_date%&gt;.</p><p>Your Reference Number for this application is &lt;%3_PCC_reference_number%&gt;</p><p>Regards,</p><p>&lt;%current_user_email_signature%&gt;</p><p><br></p>',
        '2014-06-05', 'N', 0),
       (9323, 1, 7174, 74, 'Payment', 'Email', 'Receipt of Payment - Non AUD', 'RE: Receipt of Payment', '', '', '',
        'Dear &lt;%given_names%&gt; &lt;%family_name%&gt;;<p>We acknowledge receipt of $&lt;%assign_deposit_amount%&gt;.</p><p>This amount will be kept in our Client/Trust Account and will be allocated towards services provided. The following is a summary of your Client Account.</p><p>&lt;%non_aud_curr_fin_transaction_table%&gt;</p><p>Balance: &lt;%trust_ac_balance_non_aud%&gt;</p><p>Thank you for your payment.</p><p>Regards,</p><p>&lt;%current_user_email_signature%&gt;</p>',
        '2014-06-05', 'N', 0),
       (9324, 1, 7174, 74, 'General', 'Email', 'Cessation of Employment', 'RE: Cessation of Employment', '', '', '',
        'Dear Sir/Madam<p></p><p><b>VisaTransaction Reference Number (TRN):</b> &lt;%visa_application_TRN%&gt;<br><b>Visa Application ID:</b> &lt;%visa_application_ID%&gt;<br><b>Name of Approved Visa Holder:</b> &lt;%given_names%&gt; &lt;%family_name%&gt;<br><b>Passport Number:</b> &lt;%passport_number%&gt;<br><b>Visa Expiry:</b> &lt;%visa_expiry_date%&gt;<br><b>Name of Sponsor:</b> &lt;%link_to_employer_case%&gt;<br><b>Sponsorship/Agreement Application ID: </b>&lt;%sponsorship_agreement_number%&gt;</p><p></p><p>We wish to advise that &lt;%given_names%&gt; has ceased work with the sponsoring employer as of &lt;%nomination_termination_date%&gt;. </p><p></p><p>&lt;%given_names%&gt; can be contacted at the following:</p><p></p><p>Residential/postal address: &lt;%address_1%&gt; &lt;%address_2%&gt; &lt;%city%&gt; &lt;%state%&gt; &lt;%zip_code%&gt; &lt;%country%&gt;</p><p>Email: &lt;%email%&gt;</p><p>Phone: &lt;%phone_main%&gt;</p><p></p><p>Please do not hesitate to contact me if you require any further information.</p><p>Regards,</p><p>&lt;%current_user_email_signature%&gt;</p>',
        '2014-06-05', 'N', 0),
       (9363, 2, 7196, 83, 'General', 'Email', 'Missing Docs', 'Missing documents for <%family_name%>, <%given_names%>',
        '', '', '',
        '<div style=\"text-align:justify\"><span style=\"font-size:14px\"><span style=\"font-family:arial,helvetica,sans-serif\"><img alt=\"\" src=\"http://dominica.gov.dm/images/gocd_coa.png\" style=\"height:44px; width:395px\" /><br />\n<br />\nDear&nbsp;Authorised Agent,<br />\n<br />\n<strong>Re: Economic Citizenship Application in favour&nbsp;</strong><strong>of</strong>&nbsp;<u><strong>&lt;%family_name%&gt;,&nbsp;&lt;%given_names%&gt;</strong></u></span></span><br />\n&nbsp;</div>\n\n<div style=\"text-align:justify\"><span style=\"font-size:14px\"><span style=\"font-family:arial,helvetica,sans-serif\">The application in favour of <u><strong>&lt;%title%&gt;&nbsp;</strong></u></span><u><strong>&lt;%family_name%&gt;, &lt;%given_names%&gt; </strong></u><span style=\"font-family:arial,helvetica,sans-serif\">&nbsp;was reviewed and the following documents were found to be missing or incomplete:<br />\n<br />\n<strong>&lt;%miss_docs_description%&gt;</strong></span></span></div>\n\n<div style=\"text-align:justify\">&nbsp;</div>\n\n<div style=\"text-align:justify\"><span style=\"font-size:14px\">Please visit the CBIU Online Portal </span><span style=\"font-size:14px\">at:</span><span style=\"font-size:14px\"> <a href=\"https://dominica.cbiu.online\">https://dominica.cbiu.online</a> to upload the missing documents. Once done, please click on <strong>Submit to CBIU</strong> to resubmit your application.&nbsp;</span></div>\n\n<div style=\"text-align:justify\">&nbsp;</div>\n\n<div style=\"text-align:justify\"><span style=\"font-size:14px\"><span style=\"font-family:arial,helvetica,sans-serif\">Grateful if the outstanding documents are submitted within 60 days&nbsp;in order to continue the application process.<br />\n<br />\nRespectfully yours,<br />\n<br />\n&lt;%current_user_fName%&gt;&nbsp;&lt;%current_user_lName%&gt;<br />\n<strong>(FOR) COORDINATOR<br />\nCITIZENSHIP BY INVESTMENT UNIT</strong></span></span></div>\n\n<div style=\"text-align:justify\">&nbsp;</div>',
        '2017-09-13', 'N', 0),
       (9364, 2, 7196, 87, 'General', 'Email', 'Completed Application',
        'Application review completed <%family_name%>, <%given_names%>', '', '', '',
        '<div style=\"text-align:justify\"><span style=\"font-size:14px\"><span style=\"font-family:arial,helvetica,sans-serif\"><img alt=\"\" src=\"http://dominica.gov.dm/images/gocd_coa.png\" style=\"height:44px; width:395px\" /><br />\n<br />\nDear&nbsp;Authorised Agent,<br />\n<br />\n<strong>Re: Economic Citizenship Application in favour&nbsp;</strong><strong>of</strong>&nbsp;<u><strong>&lt;%family_name%&gt;,&nbsp;&lt;%given_names%&gt;</strong></u></span></span><br />\n&nbsp;</div>\n\n<div style=\"text-align:justify\">\n<div style=\"text-align:justify\"><span style=\"font-size:14px\"><span style=\"font-family:arial,helvetica,sans-serif\">The application in favour of&nbsp;<u><strong>&lt;%title%&gt;&nbsp;&lt;%family_name%&gt;, &lt;%given_names%&gt;&nbsp;</strong></u>&nbsp;was reviewed&nbsp;and the application was found to be complete.</span></span><br />\n&nbsp;</div>\n\n<div style=\"text-align:justify\"><span style=\"font-size:14px\"><span style=\"font-family:arial,helvetica,sans-serif\">The Unit is now in the process of initiating a complete due diligence on the applicant. You will be informed of the status of the application upon the completion of a review by the Committee.</span></span></div>\n\n<div style=\"text-align:justify\">&nbsp;</div>\n\n<div style=\"text-align:justify\"><span style=\"font-size:14px\"><span style=\"font-family:arial,helvetica,sans-serif\">Our records show that we have not yet received the Due Diligence fee. To pay this&nbsp;fee, please visit the CBIU Online Portal at: <a href=\"https://dominica.cbiu.online\">https://dominica.cbiu.online</a>&nbsp;and click on <strong>Pay by Credit Card </strong>inside your client&#39;s Accounting folder. You can make a single or incremental payments towards the outstanding balance. Once the payment is made, please inform us by email, so the application process resumes.&nbsp;</span></span></div>\n</div>\n\n<div style=\"text-align:justify\"><br />\n<span style=\"font-size:14px\"><span style=\"font-family:arial,helvetica,sans-serif\">Respectfully yours,<br />\n<br />\n&lt;%current_user_fName%&gt;&nbsp;&lt;%current_user_lName%&gt;<br />\n<strong>(FOR) COORDINATOR<br />\nCITIZENSHIP BY INVESTMENT UNIT</strong></span></span></div>\n\n<div style=\"text-align:justify\">&nbsp;</div>',
        '2017-09-13', 'N', 0),
       (9365, 2, 7196, 90, 'General', 'Email', 'Comfort', 'Application completed <%family_name%>, <%given_names%>', '',
        '', '',
        '<div style=\"text-align:justify\"><span style=\"font-family:arial,helvetica,sans-serif\"><span style=\"font-size:14px\"><img alt=\"\" src=\"http://dominica.gov.dm/images/gocd_coa.png\" style=\"height:44px; width:395px\" /><br />\n<br />\nDear&nbsp;Authorised Agent,<br />\n<br />\n<strong>Re: Economic Citizenship Application in favour&nbsp;</strong><strong>of</strong>&nbsp;<u><strong>&lt;%family_name%&gt;,&nbsp;&lt;%given_names%&gt;</strong></u></span></span><br />\n&nbsp;</div>\n\n<div style=\"text-align:justify\">\n<div style=\"text-align:justify\"><span style=\"font-family:arial,helvetica,sans-serif\"><span style=\"font-size:14px\">We write to inform you that the application in favour of&nbsp;<u><strong>&lt;%title%&gt;&nbsp;&lt;%family_name%&gt;, &lt;%given_names%&gt;</strong></u>&nbsp;was successful.<br />\n<br />\nAs your client is applying under the &lt;%cbiu_investment_type%&gt; Option an amount of US$----------- in addition to US$------------------ naturalization and stamp fees must be deposited into the following account:</span></span>\n\n<div>&nbsp;</div>\n\n<div><span style=\"font-family:arial,helvetica,sans-serif\"><span style=\"font-size:14px\">Account No. 115003026</span></span></div>\n\n<div><span style=\"font-family:arial,helvetica,sans-serif\"><span style=\"font-size:14px\">Government of Dominica </span></span></div>\n\n<div><span style=\"font-family:arial,helvetica,sans-serif\"><span style=\"font-size:14px\">Economic Citizenship Account</span></span></div>\n\n<div><span style=\"font-family:arial,helvetica,sans-serif\"><span style=\"font-size:14px\">National Bank of Dominica</span></span></div>\n\n<div><span style=\"font-family:arial,helvetica,sans-serif\"><span style=\"font-size:14px\">64 Hillsborough Street</span></span></div>\n\n<div><span style=\"font-family:arial,helvetica,sans-serif\"><span style=\"font-size:14px\">Roseau</span></span></div>\n\n<div><span style=\"font-family:arial,helvetica,sans-serif\"><span style=\"font-size:14px\">Commonwealth of Dominica</span></span></div>\n\n<div><span style=\"font-family:arial,helvetica,sans-serif\"><span style=\"font-size:14px\">Swift No. NCDMDMDM</span></span></div>\n\n<div>&nbsp;</div>\n\n<div><span style=\"font-family:arial,helvetica,sans-serif\"><span style=\"font-size:14px\">As soon as we have received evidence that the required amount has been deposited at the National Bank of Dominica, and that all relevant fees have been paid, we will finalize the application process.</span></span></div>\n\n<div>&nbsp;</div>\n\n<div><span style=\"font-family:arial,helvetica,sans-serif\"><span style=\"font-size:14px\">Respectfully yours,<br />\n<br />\n&lt;%current_user_fName%&gt;&nbsp;&lt;%current_user_lName%&gt;<br />\n<strong>(FOR) COORDINATOR<br />\nCITIZENSHIP BY INVESTMENT UNIT</strong></span></span></div>\n</div>\n</div>\n\n<div style=\"text-align:justify\">&nbsp;</div>',
        '2017-09-13', 'N', 0),
       (9366, 2, 7196, 92, 'General', 'Email', 'Comfort MMCE', 'Application completed <%family_name%>, <%given_names%>',
        '', '', '',
        '<div style=\"text-align:justify\"><span style=\"font-family:arial,helvetica,sans-serif\"><span style=\"font-size:14px\"><img alt=\"\" src=\"http://dominica.gov.dm/images/gocd_coa.png\" style=\"height:44px; width:395px\" /><br />\n<br />\nDear&nbsp;Authorised Agent,<br />\n<br />\n<strong>Re: Economic Citizenship Application in favour&nbsp;</strong><strong>of</strong>&nbsp;<u><strong>&lt;%family_name%&gt;,&nbsp;&lt;%given_names%&gt;</strong></u></span></span><br />\n&nbsp;</div>\n\n<div style=\"text-align:justify\">\n<div style=\"text-align:justify\"><span style=\"font-family:arial,helvetica,sans-serif\"><span style=\"font-size:14px\">We write to inform you that the application in favour of&nbsp;<u><strong>&lt;%title%&gt;&nbsp;&lt;%family_name%&gt;, &lt;%given_names%&gt;</strong></u>&nbsp;was successful.<br />\n<br />\nAs your client is applying under the &lt;%cbiu_investment_type%&gt; Option an amount of US$----------- in addition to US$------------------ naturalization and stamp fees must be deposited into the following account:</span></span>\n\n<div>&nbsp;</div>\n\n<div>\n<div><span style=\"font-family:arial,helvetica,sans-serif\"><span style=\"font-size:14px\">Account No. 615000464</span></span></div>\n\n<div><span style=\"font-family:arial,helvetica,sans-serif\"><span style=\"font-size:14px\">Government of Dominica And Montreal Management Consulting EST. Ltd.</span></span></div>\n\n<div><span style=\"font-family:arial,helvetica,sans-serif\"><span style=\"font-size:14px\">(MMCE) Housing Development Project</span></span></div>\n\n<div><span style=\"font-family:arial,helvetica,sans-serif\"><span style=\"font-size:14px\">National Bank of Dominica Ltd.</span></span></div>\n\n<div><span style=\"font-family:arial,helvetica,sans-serif\"><span style=\"font-size:14px\">64 Hillsborough Street</span></span></div>\n\n<div><span style=\"font-family:arial,helvetica,sans-serif\"><span style=\"font-size:14px\">Roseau, St George</span></span></div>\n\n<div><span style=\"font-family:arial,helvetica,sans-serif\"><span style=\"font-size:14px\">DOMINICA W.I</span></span></div>\n\n<div style=\"text-align:justify\"><span style=\"font-family:arial,helvetica,sans-serif\"><span style=\"font-size:14px\">NCDMDMDM</span></span></div>\n</div>\n\n<div>&nbsp;</div>\n\n<div><span style=\"font-family:arial,helvetica,sans-serif\"><span style=\"font-size:14px\">As soon as we have received evidence that the required amount has been deposited at the National Bank of Dominica, and that all relevant fees have been paid, we will finalize the application process.</span></span></div>\n\n<div>&nbsp;</div>\n\n<div><span style=\"font-family:arial,helvetica,sans-serif\"><span style=\"font-size:14px\">Respectfully yours,<br />\n<br />\n&lt;%current_user_fName%&gt;&nbsp;&lt;%current_user_lName%&gt;<br />\n<strong>(FOR) COORDINATOR<br />\nCITIZENSHIP BY INVESTMENT UNIT</strong></span></span></div>\n</div>\n</div>\n\n<div style=\"text-align:justify\">&nbsp;</div>',
        '2017-09-13', 'N', 0);
INSERT INTO `templates` (`template_id`, `member_id`, `folder_id`, `order`, `templates_for`, `templates_type`, `name`,
                         `subject`, `from`, `cc`, `bcc`, `message`, `create_date`, `default`, `attachments_pdf`)
VALUES (9367, 2, 7196, 96, 'General', 'Email', 'Blank', 'CBI Application for <%family_name%>, <%given_names%>', '', '',
        '',
        '<div style=\"text-align:justify\"><span style=\"font-size:14px\"><span style=\"font-family:arial,helvetica,sans-serif\"><img alt=\"\" src=\"http://dominica.gov.dm/images/gocd_coa.png\" style=\"height:44px; width:395px\" /><br />\n<br />\nDear&nbsp;Authorised Agent,<br />\n<br />\n<strong>Re: Economic Citizenship Application in </strong></span></span><span style=\"font-family:arial,helvetica,sans-serif\"><strong><span style=\"font-size:14px\">favour</span></strong></span><span style=\"font-size:14px\"><span style=\"font-family:arial,helvetica,sans-serif\"><strong>&nbsp;of</strong>&nbsp;<u><strong>&lt;%family_name%&gt;,&nbsp;&lt;%given_names%&gt;</strong></u></span></span><br />\n<br />\n<br />\n<br />\n<span style=\"font-size:14px\"><span style=\"font-family:arial,helvetica,sans-serif\">Respectfully yours,<br />\n<br />\n&lt;%current_user_fName%&gt;&nbsp;&lt;%current_user_lName%&gt;<br />\n<strong>(FOR) COORDINATOR<br />\nCITIZENSHIP BY INVESTMENT UNIT</strong></span></span></div>\n\n<div style=\"text-align:justify\">&nbsp;</div>',
        '2017-09-13', 'Y', 0),
       (9368, 2, 7197, 2, 'General', 'Email', 'Appliction is being sent to DD, waiting payment',
        'Due Diligence fee is required for <%family_name%>, <%given_names%>', 'support@dominica.cbiu.online', '', '',
        '<div style=\"text-align:justify\"><span style=\"font-size:14px\"><span style=\"font-family:arial,helvetica,sans-serif\"><img alt=\"\" src=\"http://dominica.gov.dm/images/gocd_coa.png\" style=\"height:44px; width:395px\" /><br />\n<br />\nDear&nbsp;Authorised Agent,<br />\n<br />\n<strong>Re: Economic Citizenship Application in favour&nbsp;</strong><strong>of</strong>&nbsp;<u><strong>&lt;%family_name%&gt;,&nbsp;&lt;%given_names%&gt;</strong></u></span></span><br />\n&nbsp;</div>\n\n<div style=\"text-align:justify\">\n<div style=\"text-align:justify\"><span style=\"font-size:14px\"><span style=\"font-family:arial,helvetica,sans-serif\">The application in favour of&nbsp;<u><strong>&lt;%title%&gt;&nbsp;&lt;%family_name%&gt;, &lt;%given_names%&gt;&nbsp;</strong></u>&nbsp;was reviewed&nbsp;and the </span></span><span style=\"font-size:14px\"><span style=\"font-family:arial,helvetica,sans-serif\">Unit is now in the process of initiating a complete due diligence on the applicant. You will be informed of the status of the application upon the completion of a review by the Committee.</span></span></div>\n\n<div style=\"text-align:justify\">&nbsp;</div>\n\n<div style=\"text-align:justify\"><span style=\"font-size:14px\"><span style=\"font-family:arial,helvetica,sans-serif\">Our records show that we have not yet received the Due Diligence fee. To pay this&nbsp;fee, please visit the CBIU Online Portal at: <a href=\"https://dominica.cbiu.online\">https://dominica.cbiu.online</a>&nbsp;and click on <strong>Pay by Credit Card </strong>inside your client&#39;s Accounting folder. You can make a single or incremental payments towards the outstanding balance. Once the payment is made, please inform us by email, so the application process resumes.&nbsp;</span></span></div>\n</div>\n\n<div style=\"text-align:justify\"><br />\n<span style=\"font-size:14px\"><span style=\"font-family:arial,helvetica,sans-serif\">Respectfully yours,<br />\n<br />\n<br />\n<strong>(FOR) EMMANUEL NANTHAN,&nbsp;</strong></span></span><span style=\"font-size:14px\"><span style=\"font-family:arial,helvetica,sans-serif\"><strong>COORDINATOR<br />\nCITIZENSHIP BY INVESTMENT UNIT</strong></span></span></div>\n\n<div style=\"text-align:justify\">&nbsp;</div>',
        '2017-09-27', 'N', 0),
       (9369, 2, 7197, 0, 'General', 'Email', 'Invitation', 'Invitation', 'enanthan@cwdom.dm', '', '',
        '<div style=\"text-align:justify\">&nbsp;</div>\n\n<div style=\"text-align:justify\">\n<div style=\"text-align:center\"><img alt=\"\" src=\"https://dominica.cbiu.online/cbiu_logo2.png\" /></div>\n\n<div style=\"text-align:center\"><span style=\"font-size:16px\">The Prime Minister of the&nbsp;<br />\nCommonwealth of Dominica,&nbsp;<br />\n<strong>His Excellency The Honorable&nbsp;<br />\nDr Roosevelt Skerrit,&nbsp;</strong><br />\nrequests the honor of your presence at the Invitation.</span><br />\n<span style=\"font-size:20px\"><strong>Hurricane Maria Relief,&nbsp;<br />\nResilience &amp; Rebuilding&nbsp;<br />\nAfternoon</strong></span><br />\n<br />\n<span style=\"font-size:16px\">Date: November 10. Time: 3 p.m.&nbsp;<br />\nVenue: West Side Lawn,&nbsp;<br />\nKempinski Palm Jumeirah, Dubai&nbsp;<br />\nDress Code: Smart Casual</span></div>\n\n<div style=\"text-align:center\">&nbsp;</div>\n\n<div style=\"text-align:center\"><span style=\"font-size:16px\">Please RSVP&nbsp;by sending an email to: opminfo@dominica.gov.dm&nbsp;&nbsp;</span></div>\n\n<div>\n<div style=\"text-align:center\">&nbsp;</div>\n\n<div dir=\"ltr\">\n<div>&nbsp;</div>\n\n<div>&nbsp;</div>\n</div>\n</div>\n\n<div>&nbsp;</div>\n</div>',
        '2017-10-03', 'N', 0),
       (9370, 2, 7197, 1, 'General', 'Email', 'Appliction was sent to DD, balance of payment is required',
        'Balance of Due Diligence fee is required for <%family_name%>, <%given_names%>', 'support@dominica.cbiu.online',
        '', '',
        '<div style=\"text-align:justify\"><span style=\"font-size:14px\"><span style=\"font-family:arial,helvetica,sans-serif\"><img alt=\"\" src=\"http://dominica.gov.dm/images/gocd_coa.png\" style=\"height:44px; width:395px\" /><br />\n<br />\nDear&nbsp;Authorised Agent,<br />\n<br />\n<strong>Re: Economic Citizenship Application in favour&nbsp;</strong><strong>of</strong>&nbsp;<u><strong>&lt;%family_name%&gt;,&nbsp;&lt;%given_names%&gt;</strong></u></span></span><br />\n&nbsp;</div>\n\n<div style=\"text-align:justify\">\n<div style=\"text-align:justify\"><span style=\"font-size:14px\"><span style=\"font-family:arial,helvetica,sans-serif\">The Unit has initiated the complete due diligence for the application in favour of&nbsp;<u><strong>&lt;%title%&gt;&nbsp;&lt;%family_name%&gt;, &lt;%given_names%&gt;.</strong></u>&nbsp; </span></span><br />\n&nbsp;</div>\n\n<div style=\"text-align:justify\"><span style=\"font-size:14px\"><span style=\"font-family:arial,helvetica,sans-serif\">Our records show that the Due Diligence fee has not been paid in full. To pay the balance, kindly visit the CBIU Online Portal at: <a href=\"https://dominica.cbiu.online\">https://dominica.cbiu.online</a>&nbsp;and click on <strong>Pay by Credit Card </strong>inside your client&#39;s Accounting folder. You can make a single or incremental payments towards the outstanding balance. Once the payment is made, please inform us by email, so the application process resumes.&nbsp;</span></span></div>\n</div>\n\n<div style=\"text-align:justify\"><br />\n<span style=\"font-size:14px\"><span style=\"font-family:arial,helvetica,sans-serif\">Respectfully yours,<br />\n<br />\n<br />\n<strong>(FOR) EMMANUEL NANTHAN,&nbsp;</strong></span></span><span style=\"font-size:14px\"><span style=\"font-family:arial,helvetica,sans-serif\"><strong>COORDINATOR<br />\nCITIZENSHIP BY INVESTMENT UNIT</strong></span></span></div>\n\n<div style=\"text-align:justify\">&nbsp;</div>',
        '2017-10-03', 'N', 0),
       (9371, 2, 7196, 102, 'General', 'Email', 'DD-SRM - Application was pushed to your queue',
        'New application was added to your queue <%family_name%>, <%given_names%>', 'support@dominica.cbiu.online', '',
        'bateni@uniques.ca',
        '<div>Dear Nick,</div>\n\n<div>&nbsp;</div>\n\n<div>The application for <strong>&lt;%family_name%&gt;, &lt;%given_names%&gt;</strong>&nbsp;was&nbsp;added to your queue.</div>\n\n<div>&nbsp;</div>\n\n<div>Once your review is complete, please</div>\n\n<div>1. Upload your&nbsp;reports to <strong>DD Reports</strong> folder. (<a href=\"https://drive.google.com/file/d/0B2oX1Sf47TbHRW9MNnJZOW9LeEk/view?usp=drivesdk\">https://drive.google.com/file/d/0B2oX1Sf47TbHRW9MNnJZOW9LeEk/view?usp=drivesdk</a>)</div>\n\n<div>2. Push your&nbsp;application to <strong>DD Complete</strong> queue. (<a href=\"https://drive.google.com/file/d/0B2oX1Sf47TbHYndqX0s2empiWEE/view?usp=drivesdk\">https://drive.google.com/file/d/0B2oX1Sf47TbHYndqX0s2empiWEE/view?usp=drivesdk</a>)</div>\n\n<div><br />\nYou can access the CBIU&nbsp;Online Portal, by going to: &nbsp;<a href=\"https://dominica.cbiu.online\">https://dominica.cbiu.online</a></div>\n\n<div>&nbsp;</div>\n\n<div>If you need any technical assistance with the Portal, please contact: <a href=\"mailto:support@dominica.cbiu.online\">support@dominica.cbiu.online</a></div>\n\n<div>&nbsp;</div>\n\n<div>Dominica CBIU Online Portal</div>\n\n<div>Support Team</div>\n\n<div>&nbsp;</div>\n\n<div>&nbsp;</div>',
        '2017-10-12', 'N', 0),
       (9372, 2, 7196, 105, 'General', 'Email', 'DD-Thompson Reuters - Application was pushed to your queue',
        'New application was added to your queue <%family_name%>, <%given_names%>', 'support@dominica.cbiu.online', '',
        'bateni@uniques.ca',
        '<div>Dear Mike,</div>\n\n<div>&nbsp;</div>\n\n<div>The application for <strong>&lt;%family_name%&gt;, &lt;%given_names%&gt;</strong>&nbsp;was&nbsp;added to your queue.</div>\n\n<div>&nbsp;</div>\n\n<div>Once your review is complete, please</div>\n\n<div>1. Upload your&nbsp;reports to <strong>DD Reports</strong> folder. (<a href=\"https://drive.google.com/file/d/0B2oX1Sf47TbHRW9MNnJZOW9LeEk/view?usp=drivesdk\">https://drive.google.com/file/d/0B2oX1Sf47TbHRW9MNnJZOW9LeEk/view?usp=drivesdk</a>)</div>\n\n<div>2. Push your&nbsp;application to <strong>DD Complete</strong> queue. (<a href=\"https://drive.google.com/file/d/0B2oX1Sf47TbHYndqX0s2empiWEE/view?usp=drivesdk\">https://drive.google.com/file/d/0B2oX1Sf47TbHYndqX0s2empiWEE/view?usp=drivesdk</a>)</div>\n\n<div><br />\nYou can access the CBIU&nbsp;Online Portal, by going to: &nbsp;<a href=\"https://dominica.cbiu.online\">https://dominica.cbiu.online</a></div>\n\n<div>&nbsp;</div>\n\n<div>If you need any technical assistance with the Portal, please contact: <a href=\"mailto:support@dominica.cbiu.online\">support@dominica.cbiu.online</a></div>\n\n<div>&nbsp;</div>\n\n<div>Dominica CBIU Online Portal</div>\n\n<div>Support Team</div>\n\n<div>&nbsp;</div>\n\n<div>&nbsp;</div>',
        '2017-10-22', 'N', 0),
       (9373, 2, 7196, 108, 'General', 'Email', 'DD-Exiger - Application was pushed to your queue',
        'New application was added to your queue <%family_name%>, <%given_names%>', 'support@dominica.cbiu.online', '',
        'bateni@uniques.ca',
        '<div>Dear Andreu,</div>\n\n<div>&nbsp;</div>\n\n<div>The application for <strong>&lt;%family_name%&gt;, &lt;%given_names%&gt;</strong>&nbsp;was&nbsp;added to your queue.</div>\n\n<div>&nbsp;</div>\n\n<div>Once your review is complete, please</div>\n\n<div>1. Upload your&nbsp;reports to <strong>DD Reports</strong> folder. (<a href=\"https://drive.google.com/file/d/0B2oX1Sf47TbHRW9MNnJZOW9LeEk/view?usp=drivesdk\">https://drive.google.com/file/d/0B2oX1Sf47TbHRW9MNnJZOW9LeEk/view?usp=drivesdk</a>)</div>\n\n<div>2. Push your&nbsp;application to <strong>DD Complete</strong> queue. (<a href=\"https://drive.google.com/file/d/0B2oX1Sf47TbHYndqX0s2empiWEE/view?usp=drivesdk\">https://drive.google.com/file/d/0B2oX1Sf47TbHYndqX0s2empiWEE/view?usp=drivesdk</a>)</div>\n\n<div><br />\nYou can access the CBIU&nbsp;Online Portal, by going to: &nbsp;<a href=\"https://dominica.cbiu.online\">https://dominica.cbiu.online</a></div>\n\n<div>&nbsp;</div>\n\n<div>If you need any technical assistance with the Portal, please contact: <a href=\"mailto:support@dominica.cbiu.online\">support@dominica.cbiu.online</a></div>\n\n<div>&nbsp;</div>\n\n<div>Dominica CBIU Online Portal</div>\n\n<div>Support Team</div>\n\n<div>&nbsp;</div>\n\n<div>&nbsp;</div>',
        '2017-10-22', 'N', 0),
       (9374, 2, 7196, 110, 'General', 'Email', 'DD-Bishop - Application was pushed to your queue',
        'New application was added to your queue <%family_name%>, <%given_names%>', 'support@dominica.cbiu.online', '',
        'bateni@uniques.ca',
        '<div>Dear Alejandra,</div>\n\n<div>&nbsp;</div>\n\n<div>The application for <strong>&lt;%family_name%&gt;, &lt;%given_names%&gt;</strong>&nbsp;was&nbsp;added to your queue.</div>\n\n<div>&nbsp;</div>\n\n<div>Once your review is complete, please</div>\n\n<div>1. Upload your&nbsp;reports to <strong>DD Reports</strong> folder. (<a href=\"https://drive.google.com/file/d/0B2oX1Sf47TbHRW9MNnJZOW9LeEk/view?usp=drivesdk\">https://drive.google.com/file/d/0B2oX1Sf47TbHRW9MNnJZOW9LeEk/view?usp=drivesdk</a>)</div>\n\n<div>2. Push your&nbsp;application to <strong>DD Complete</strong> queue. (<a href=\"https://drive.google.com/file/d/0B2oX1Sf47TbHYndqX0s2empiWEE/view?usp=drivesdk\">https://drive.google.com/file/d/0B2oX1Sf47TbHYndqX0s2empiWEE/view?usp=drivesdk</a>)</div>\n\n<div><br />\nYou can access the CBIU&nbsp;Online Portal, by going to: &nbsp;<a href=\"https://dominica.cbiu.online\">https://dominica.cbiu.online</a></div>\n\n<div>&nbsp;</div>\n\n<div>If you need any technical assistance with the Portal, please contact: <a href=\"mailto:support@dominica.cbiu.online\">support@dominica.cbiu.online</a></div>\n\n<div>&nbsp;</div>\n\n<div>Dominica CBIU Online Portal</div>\n\n<div>Support Team</div>\n\n<div>&nbsp;</div>\n\n<div>&nbsp;</div>',
        '2017-10-22', 'N', 0),
       (9376, 2, 7196, 9, 'General', 'Letter', 'Comfort (used as attachment)', '', '', '', '', '', '2018-09-25', 'N',
        0),
       (9377, 2, 7196, 117, 'General', 'Email', 'Comfort with attachment',
        'Comfort letter is attached for <%family_name%>, <%given_names%>', '', '', '',
        '<div>\n<div style=\"text-align:justify\"><span style=\"font-size:14px\"><span style=\"font-family:arial,helvetica,sans-serif\"><img alt=\"\" src=\"http://dominica.gov.dm/images/gocd_coa.png\" style=\"height:44px; width:395px\" /><br />\n<br />\nDear&nbsp;Authorised Agent,<br />\n<br />\n<strong>Re: Economic Citizenship Application in&nbsp;</strong></span></span><span style=\"font-family:arial,helvetica,sans-serif\"><strong><span style=\"font-size:14px\">favour</span></strong></span><span style=\"font-size:14px\"><span style=\"font-family:arial,helvetica,sans-serif\"><strong>&nbsp;of</strong>&nbsp;<u><strong>&lt;%family_name%&gt;,&nbsp;&lt;%given_names%&gt;</strong></u></span></span><br />\n<br />\nPlease find attached the Comfort letter.<br />\n<br />\n<span style=\"font-size:14px\"><span style=\"font-family:arial,helvetica,sans-serif\">Respectfully yours,<br />\n<br />\n&lt;%current_user_fName%&gt;&nbsp;&lt;%current_user_lName%&gt;<br />\n<strong>(FOR) COORDINATOR<br />\nCITIZENSHIP BY INVESTMENT UNIT</strong></span></span></div>\n\n<div>&nbsp;</div>\n</div>',
        '2018-09-25', 'N', 1);

-- --------------------------------------------------------

--
-- Table structure for table `template_attachments`
--

CREATE TABLE `template_attachments`
(
    `email_template_id`  int(11) UNSIGNED NOT NULL,
    `letter_template_id` int(11) UNSIGNED NOT NULL
) ENGINE = InnoDB
  DEFAULT CHARSET = utf8 COMMENT ='Contains links between email templates and attached to them letter templates.';

-- --------------------------------------------------------

--
-- Table structure for table `tickets`
--

CREATE TABLE `tickets`
(
    `ticket_id`         int(11) UNSIGNED                       NOT NULL,
    `company_id`        bigint(20)                                      DEFAULT NULL,
    `company_member_id` bigint(20)                                      DEFAULT NULL,
    `author_id`         bigint(20)                                      DEFAULT NULL,
    `ticket`            text,
    `contacted_by`      enum ('phone','email','chat','system') NOT NULL DEFAULT 'phone',
    `status`            enum ('resolved','not_resolved')       NOT NULL DEFAULT 'not_resolved',
    `create_date`       datetime                                        DEFAULT NULL
) ENGINE = InnoDB
  DEFAULT CHARSET = utf8 COMMENT ='List of tickets that are used as notes for companies (for superadmin section only).';

--
-- Dumping data for table `tickets`
--

INSERT INTO `tickets` (`ticket_id`, `company_id`, `company_member_id`, `author_id`, `ticket`, `contacted_by`, `status`,
                       `create_date`)
VALUES (33, 1, 2, 1,
        'emailAddress of user with username \"admin\" was changed from \"enanthan@cwdom.dm\" to \"georges@uniques.ca\"',
        'system', 'resolved', '2019-09-09 15:28:51'),
       (34, 1, 2, 1, 'password of user with username \"admin\" was changed', 'system', 'resolved',
        '2019-09-09 15:28:51');

-- --------------------------------------------------------

--
-- Table structure for table `time_tracker`
--

CREATE TABLE `time_tracker`
(
    `track_id`                  bigint(20)     NOT NULL,
    `track_member_id`           bigint(20)              DEFAULT NULL,
    `track_company_id`          bigint(20)              DEFAULT NULL,
    `track_posted_on`           date           NOT NULL,
    `track_posted_by_member_id` bigint(20)     NOT NULL,
    `track_time_billed`         int(11)        NOT NULL COMMENT 'in min',
    `track_time_actual`         int(11)        NOT NULL COMMENT 'in min',
    `track_round_up`            tinyint(4)     NOT NULL DEFAULT '0',
    `track_rate`                double(12, 2)  NOT NULL,
    `track_total`               double(12, 2)  NOT NULL,
    `track_comment`             text           NOT NULL,
    `track_billed`              enum ('Y','N') NOT NULL DEFAULT 'N'
) ENGINE = InnoDB
  DEFAULT CHARSET = utf8 COMMENT ='List of records that are used in time tracker module.';

-- --------------------------------------------------------

--
-- Table structure for table `users`
--

CREATE TABLE `users`
(
    `user_id`                    bigint(20)     NOT NULL,
    `member_id`                  bigint(20)              DEFAULT NULL,
    `notes`                      text,
    `activationCode`             varchar(50)    NOT NULL DEFAULT '',
    `city`                       varchar(255)   NOT NULL DEFAULT '',
    `state`                      varchar(255)   NOT NULL DEFAULT '',
    `country`                    int(11)                 DEFAULT NULL,
    `homePhone`                  varchar(30)    NOT NULL DEFAULT '',
    `workPhone`                  varchar(30)    NOT NULL DEFAULT '',
    `mobilePhone`                varchar(30)    NOT NULL DEFAULT '',
    `fax`                        varchar(50)    NOT NULL DEFAULT '',
    `zip`                        varchar(10)    NOT NULL DEFAULT '',
    `address`                    text           NOT NULL,
    `timeZone`                   int(2)         NOT NULL DEFAULT '0',
    `code`                       varchar(255)            DEFAULT NULL,
    `user_is_rma`                enum ('Y','N') NOT NULL DEFAULT 'N',
    `user_migration_number`      varchar(15)             DEFAULT NULL,
    `time_tracker_enable`        enum ('Y','N') NOT NULL DEFAULT 'N',
    `time_tracker_disable_popup` enum ('Y','N') NOT NULL DEFAULT 'N',
    `time_tracker_rate`          float UNSIGNED          DEFAULT NULL,
    `time_tracker_round_up`      tinyint(4)     NOT NULL DEFAULT '0',
    `queue_show_in_left_panel`   enum ('Y','N') NOT NULL DEFAULT 'Y',
    `vevo_login`                 varchar(255)            DEFAULT NULL,
    `vevo_password`              text
) ENGINE = InnoDB
  DEFAULT CHARSET = utf8 COMMENT ='Users related info is saved here.';

--
-- Dumping data for table `users`
--

INSERT INTO `users` (`user_id`, `member_id`, `notes`, `activationCode`, `city`, `state`, `country`, `homePhone`,
                     `workPhone`, `mobilePhone`, `fax`, `zip`, `address`, `timeZone`, `code`, `user_is_rma`,
                     `user_migration_number`, `time_tracker_enable`, `time_tracker_disable_popup`, `time_tracker_rate`,
                     `time_tracker_round_up`, `queue_show_in_left_panel`, `vevo_login`, `vevo_password`)
VALUES (1, 2, '', '', '', '', NULL, '', '', '', '', '', '', 0, NULL, 'Y', '', 'N', 'N', NULL, 0, 'Y', '', '');

-- --------------------------------------------------------

--
-- Table structure for table `usertypes`
--

CREATE TABLE `usertypes`
(
    `usertype_id`   int(11)     NOT NULL,
    `role_type`     varchar(50) NOT NULL,
    `usertype_name` varchar(50) NOT NULL DEFAULT ''
) ENGINE = InnoDB
  DEFAULT CHARSET = utf8 COMMENT ='List of supported user types. Used to identify which type of role it is.';

--
-- Dumping data for table `usertypes`
--

INSERT INTO `usertypes` (`usertype_id`, `role_type`, `usertype_name`)
VALUES (1, 'superadmin', 'Super Admin'),
       (2, 'admin', 'Company Admin'),
       (3, 'client', 'Client'),
       (4, 'user', 'Company Staff');

-- --------------------------------------------------------

--
-- Table structure for table `user_smtp`
--

CREATE TABLE `user_smtp`
(
    `smtp_id`             int(11) UNSIGNED      NOT NULL,
    `member_id`           bigint(20)      DEFAULT NULL,
    `email_signature`     text,
    `email_friendly_name` char(255)       DEFAULT NULL,
    `smtp_use_own`        enum ('Y','N')  DEFAULT 'N',
    `smtp_host`           char(255)       DEFAULT NULL,
    `smtp_port`           int(4) UNSIGNED DEFAULT NULL,
    `smtp_username`       char(255)       DEFAULT NULL,
    `smtp_password`       text,
    `smtp_use_ssl`        enum ('','ssl','tls') NOT NULL
) ENGINE = InnoDB
  DEFAULT CHARSET = utf8 COMMENT ='Contains user SMTP settings.';

-- --------------------------------------------------------

--
-- Table structure for table `u_assigned_deposits`
--

CREATE TABLE `u_assigned_deposits`
(
    `deposit_id`             int(11) NOT NULL,
    `author_id`              bigint(20)          DEFAULT NULL,
    `company_ta_id`          int(11) NOT NULL,
    `trust_account_id`       int(11)             DEFAULT NULL,
    `template_id`            int(11) UNSIGNED    DEFAULT NULL,
    `deposit`                double(12, 2)       DEFAULT '0.00',
    `member_id`              bigint(20)          DEFAULT NULL,
    `special_transaction`    tinytext,
    `special_transaction_id` tinyint(3) UNSIGNED DEFAULT NULL,
    `date_of_event`          datetime            DEFAULT NULL,
    `description`            tinytext,
    `notes`                  varchar(255)        DEFAULT NULL,
    `receipt_number`         bigint(20) UNSIGNED DEFAULT NULL
) ENGINE = InnoDB
  DEFAULT CHARSET = utf8 COMMENT ='Contains mapping between deposit records from trust account and specific case.';

-- --------------------------------------------------------

--
-- Table structure for table `u_assigned_withdrawals`
--

CREATE TABLE `u_assigned_withdrawals`
(
    `withdrawal_id`              int(11) NOT NULL,
    `author_id`                  bigint(20)          DEFAULT NULL,
    `member_id`                  bigint(20)          DEFAULT NULL,
    `company_ta_id`              int(11) NOT NULL,
    `trust_account_id`           int(11)             DEFAULT NULL,
    `withdrawal`                 double(12, 2)       DEFAULT '0.00',
    `invoice_id`                 int(11)             DEFAULT NULL,
    `special_transaction`        tinytext,
    `special_transaction_id`     tinyint(3) UNSIGNED DEFAULT NULL,
    `returned_payment_member_id` bigint(20)          DEFAULT NULL,
    `destination_account_id`     int(11)             DEFAULT NULL,
    `destination_account_other`  tinytext,
    `date_of_event`              datetime            DEFAULT NULL,
    `notes`                      varchar(255)        DEFAULT NULL
) ENGINE = InnoDB
  DEFAULT CHARSET = utf8 COMMENT ='Contains mapping between withdrawal records from trust account and specific case.';

-- --------------------------------------------------------

--
-- Table structure for table `u_deposit_types`
--

CREATE TABLE `u_deposit_types`
(
    `dtl_id`      int(11)    NOT NULL,
    `company_id`  bigint(20) NOT NULL,
    `author_id`   bigint(20)          DEFAULT NULL,
    `name`        tinytext,
    `unique_name` varchar(255)        DEFAULT NULL,
    `amount`      double(8, 2)        DEFAULT '0.00',
    `order`       tinyint(3) UNSIGNED DEFAULT '0',
    `locked`      enum ('Y','N')      DEFAULT 'N'
) ENGINE = InnoDB
  DEFAULT CHARSET = utf8 COMMENT ='List of supported deposit types for deposit records (unique for each company).';

--
-- Dumping data for table `u_deposit_types`
--

INSERT INTO `u_deposit_types` (`dtl_id`, `company_id`, `author_id`, `name`, `unique_name`, `amount`, `order`, `locked`)
VALUES (2573, 0, 1, 'Interest Credit', NULL, 0.00, 0, 'N'),
       (2574, 0, 1, 'Bank Error', 'bank_error', 0.00, 0, 'Y'),
       (2575, 0, 1, 'Interest Earned', 'interest', 0.00, 1, 'Y'),
       (2576, 1, 2, 'Interest Credit', NULL, 0.00, 0, 'N'),
       (2577, 1, 2, 'Bank Error', 'bank_error', 0.00, 0, 'Y'),
       (2578, 1, 2, 'Interest Earned', 'interest', 0.00, 1, 'Y');

-- --------------------------------------------------------

--
-- Table structure for table `u_destination_types`
--

CREATE TABLE `u_destination_types`
(
    `destination_account_id` int(11)    NOT NULL,
    `company_id`             bigint(20) NOT NULL,
    `author_id`              bigint(20)          DEFAULT NULL,
    `name`                   tinytext,
    `order`                  tinyint(3) UNSIGNED DEFAULT '0'
) ENGINE = InnoDB
  DEFAULT CHARSET = utf8 COMMENT ='List of supported destination types for withdrawal records (unique for each company).';

-- --------------------------------------------------------

--
-- Table structure for table `u_folders`
--

CREATE TABLE `u_folders`
(
    `folder_id`   int(11) UNSIGNED                                  NOT NULL,
    `parent_id`   int(11) UNSIGNED                                           DEFAULT NULL,
    `company_id`  bigint(20)                                                 DEFAULT NULL,
    `author_id`   bigint(20)                                                 DEFAULT NULL,
    `folder_name` char(255)                                                  DEFAULT NULL,
    `upd_date`    datetime                                                   DEFAULT NULL,
    `type`        enum ('D','C','F','T','ST','CD','SD','SDR','STR') NOT NULL DEFAULT 'D' COMMENT 'D=dir, C=correspondence, F=submisions(forms), T=templates, ST=Shared Templates CD=Client Documents, SD=Shared Workspace, SDR=Root Shared Workspace,STR=Root Shared Templates'
) ENGINE = InnoDB
  DEFAULT CHARSET = utf8 COMMENT ='List of folders that are showed in My Docs and Client''s Docs tabs.';

--
-- Dumping data for table `u_folders`
--

INSERT INTO `u_folders` (`folder_id`, `parent_id`, `company_id`, `author_id`, `folder_name`, `upd_date`, `type`)
VALUES (7170, 0, NULL, 1, 'Correspondence', '2014-06-05 03:15:41', 'C'),
       (7171, 0, NULL, 1, 'Miscellaneous', '2014-06-05 03:15:41', 'CD'),
       (7172, 0, NULL, 1, 'Applications', '2014-06-05 03:15:41', 'CD'),
       (7173, 0, NULL, 1, 'Documents', '2014-06-05 03:15:41', 'CD'),
       (7174, 0, NULL, 1, 'Shared Templates', '2014-06-05 03:15:41', 'STR'),
       (7175, 0, NULL, 1, 'My Templates', '2014-06-05 03:15:41', 'T'),
       (7176, 0, NULL, 1, 'Shared Workspace', '2014-06-05 03:15:41', 'SDR'),
       (7177, 0, NULL, 1, 'My Documents', '2014-06-05 03:15:41', 'D'),
       (7178, 0, NULL, 1, 'Client Uploaded Documents', '2014-06-05 03:15:41', 'CD'),
       (7179, 0, NULL, 1, 'Submissions', '2014-06-05 03:15:41', 'F'),
       (7180, 0, NULL, 1, 'Accounting', '2014-06-05 03:15:41', 'CD'),
       (7181, 0, 0, 1, 'Correspondence', '2014-06-05 03:15:41', 'C'),
       (7182, 0, 0, 1, 'Miscellaneous', '2014-06-05 03:15:41', 'CD'),
       (7183, 0, 0, 1, 'Applications', '2014-06-05 03:15:41', 'CD'),
       (7184, 0, 0, 1, 'Documents', '2014-06-05 03:15:41', 'CD'),
       (7185, 0, 0, 1, 'Shared Templates', '2014-06-05 03:15:41', 'STR'),
       (7186, 0, 0, 1, 'My Templates', '2014-06-05 03:15:41', 'T'),
       (7187, 0, 0, 1, 'Shared Workspace', '2014-06-05 03:15:41', 'SDR'),
       (7188, 0, 0, 1, 'My Documents', '2014-06-05 03:15:41', 'D'),
       (7189, 0, 0, 1, 'Client Uploaded Documents', '2014-06-05 03:15:41', 'CD'),
       (7190, 0, 0, 1, 'Submissions', '2014-06-05 03:15:41', 'F'),
       (7191, 0, 0, 1, 'Accounting', '2014-06-05 03:15:41', 'CD'),
       (7192, 0, 1, 2, 'Correspondence', '2017-06-20 17:20:36', 'C'),
       (7193, 0, 1, 2, 'Miscellaneous', '2017-06-20 17:20:36', 'CD'),
       (7194, 0, 1, 2, 'Professional reference', '2017-07-01 00:39:13', 'CD'),
       (7195, 0, 1, 2, 'Police record', '2017-07-01 00:46:02', 'CD'),
       (7196, 0, 1, 2, 'Shared Templates', '2017-06-20 17:20:36', 'STR'),
       (7197, 0, 1, 2, 'My Templates', '2017-06-20 17:20:36', 'T'),
       (7198, 0, 1, 2, 'Shared Workspace', '2017-06-20 17:20:36', 'SDR'),
       (7199, 0, 1, 2, 'My Documents', '2017-06-20 17:20:36', 'D'),
       (7200, 0, 1, 2, 'Letter of employment or Financial statements', '2017-07-01 00:39:38', 'CD'),
       (7201, 0, 1, 2, 'Submissions', '2017-06-20 17:20:36', 'F'),
       (7202, 0, 1, 2, 'Form12 (notarized copies)', '2017-07-01 00:45:27', 'CD'),
       (7203, 0, 1, 2, 'Passport photos', '2017-07-01 00:40:49', 'CD'),
       (7204, 0, 1, 2, 'Marriage Certificate or Dissolution of Marriage Certificate', '2017-07-01 00:41:14', 'CD'),
       (7205, 0, 1, 2, 'Birth Certificate', '2017-07-01 00:41:39', 'CD'),
       (7206, 0, 1, 2, 'Letter of recommendation from the head of the school', '2017-07-01 00:41:58', 'CD'),
       (7207, 0, 1, 2, 'Proof of payment of relevant fees', '2017-07-01 00:42:16', 'CD'),
       (7208, 0, 1, 2, 'Affidavit of source of funds', '2017-07-01 00:42:25', 'CD'),
       (7209, 0, 1, 2, 'Detailed business background reports or resume', '2017-07-01 00:42:43', 'CD'),
       (7210, 0, 1, 2, 'Notarized copies of university or college diplomas', '2017-07-01 00:43:00', 'CD'),
       (7211, 0, 1, 2, 'Sales and Purchase Agreement (real estate option only)', '2017-07-01 00:43:21', 'CD'),
       (7212, 0, 1, 2, 'Letter to the Minister', '2017-07-01 00:43:34', 'CD'),
       (7213, 0, 1, 2, 'Passport', '2017-07-01 00:43:44', 'CD'),
       (7214, 0, 1, 2, 'Drivers licence', '2017-07-01 00:43:57', 'CD'),
       (7215, 0, 1, 2, 'Identity document or card', '2017-07-01 00:44:24', 'CD'),
       (7216, 0, 1, 2, 'Military service and discharge documents', '2017-07-01 00:44:37', 'CD'),
       (7217, 0, 1, 2, 'Proof of residential address (lease agreement or utility bill)', '2017-07-01 00:44:52', 'CD'),
       (7218, 0, 1, 2, 'Signed forms', '2017-08-07 14:03:21', 'CD'),
       (7219, 0, 1, 2, 'DD Reports', '2017-10-02 14:22:55', 'CD'),
       (7220, 0, 1, 2, 'Additional Documents', '2017-12-07 01:13:50', 'CD'),
       (7221, 0, 1, 2, 'Risk matrix', '2018-06-26 00:18:17', 'CD');

-- --------------------------------------------------------

--
-- Table structure for table `u_import_transactions`
--

CREATE TABLE `u_import_transactions`
(
    `import_transaction_id` int(11) NOT NULL,
    `company_ta_id`         int(11) NOT NULL,
    `author_id`             bigint(20) DEFAULT NULL,
    `dt_start`              date       DEFAULT NULL,
    `dt_end`                date       DEFAULT NULL,
    `bankid`                int(11)    DEFAULT NULL,
    `import_datetime`       datetime   DEFAULT NULL,
    `records`               int(4)     DEFAULT NULL,
    `filename`              char(255)  DEFAULT NULL
) ENGINE = InnoDB
  DEFAULT CHARSET = utf8 COMMENT ='This is a log of records that were imported to trust account.';

-- --------------------------------------------------------

--
-- Table structure for table `u_invoice`
--

CREATE TABLE `u_invoice`
(
    `invoice_id`                  int(11)        NOT NULL,
    `member_id`                   bigint(20)              DEFAULT NULL,
    `company_ta_id`               int(11)        NOT NULL,
    `author_id`                   bigint(20)              DEFAULT NULL,
    `invoice_num`                 varchar(255)   NOT NULL,
    `cheque_num`                  varchar(255)   NOT NULL,
    `amount`                      double(12, 2)  NOT NULL,
    `fee`                         double(12, 2)  NOT NULL,
    `tax`                         double(12, 2)  NOT NULL,
    `description`                 tinytext       NOT NULL,
    `transfer_from_company_ta_id` int(11)                 DEFAULT NULL,
    `transfer_from_amount`        double(12, 2)           DEFAULT NULL,
    `destination_account_id`      int(11)                 DEFAULT NULL,
    `destination_account_other`   tinytext,
    `date_of_invoice`             date           NOT NULL,
    `date_of_creation`            datetime       NOT NULL,
    `notes`                       varchar(255)            DEFAULT NULL,
    `received`                    enum ('Y','N') NOT NULL DEFAULT 'Y',
    `type`                        varchar(255)   NOT NULL DEFAULT 'invoice'
) ENGINE = InnoDB
  DEFAULT CHARSET = utf8 COMMENT ='Contains mapping between invoice records from trust account and specific case.';

-- --------------------------------------------------------

--
-- Table structure for table `u_links`
--

CREATE TABLE `u_links`
(
    `link_id`   int(11) NOT NULL,
    `title`     char(255)  DEFAULT NULL,
    `url`       text,
    `member_id` bigint(20) DEFAULT NULL
) ENGINE = InnoDB
  DEFAULT CHARSET = utf8 COMMENT ='List of links that are saved for each user, are showed in the Links section on the home page.';

-- --------------------------------------------------------

--
-- Table structure for table `u_log`
--

CREATE TABLE `u_log`
(
    `log_id`           int(11) NOT NULL,
    `trust_account_id` int(11) NOT NULL,
    `action_id`        int(10) NOT NULL COMMENT '1 - assign, 2 - import_transaction, 3 - send_receipt_of_payment, 4 - update_transaction, 5 - unassign, 6 - reconcile',
    `author_id`        bigint(20) DEFAULT NULL,
    `date_of_event`    datetime   DEFAULT NULL
) ENGINE = InnoDB
  DEFAULT CHARSET = utf8 COMMENT ='This is log of actions that were applied to specific trust account records. E.g. reconcile, assign, etc.';

-- --------------------------------------------------------

--
-- Table structure for table `u_notes`
--

CREATE TABLE `u_notes`
(
    `note_id`            int(11) UNSIGNED         NOT NULL,
    `member_id`          bigint(20)                        DEFAULT NULL,
    `company_id`         bigint(20)                        DEFAULT NULL,
    `author_id`          int(11) UNSIGNED                  DEFAULT NULL,
    `note`               text,
    `create_date`        datetime                          DEFAULT NULL,
    `visible_to_clients` enum ('Y','N')           NOT NULL DEFAULT 'N',
    `rtl`                enum ('Y','N')           NOT NULL DEFAULT 'N',
    `note_color`         tinyint(1)               NOT NULL DEFAULT '0',
    `type`               enum ('general','draft') NOT NULL DEFAULT 'general'
) ENGINE = InnoDB
  DEFAULT CHARSET = utf8 COMMENT ='Contains notes records that are showed in Client''s Notes tab.';

-- --------------------------------------------------------

--
-- Table structure for table `u_payment`
--

CREATE TABLE `u_payment`
(
    `payment_id`          int(11)        NOT NULL,
    `payment_schedule_id` int(11)                 DEFAULT NULL,
    `member_id`           bigint(20)              DEFAULT NULL,
    `author_id`           bigint(20)              DEFAULT NULL,
    `company_ta_id`       int(11)        NOT NULL,
    `transaction_id`      tinytext,
    `invoice_number`      int(11)                 DEFAULT NULL,
    `invoice_id`          int(11)                 DEFAULT NULL,
    `trust_account_id`    int(11)                 DEFAULT NULL,
    `deposit`             double(12, 2)           DEFAULT '0.00',
    `withdrawal`          double(12, 2)           DEFAULT '0.00',
    `description`         tinytext,
    `payment_made_by`     tinytext,
    `date_of_event`       datetime                DEFAULT NULL,
    `gst`                 float(13, 4)            DEFAULT NULL,
    `gst_province_id`     int(11) UNSIGNED        DEFAULT NULL,
    `gst_tax_label`       char(255)               DEFAULT '',
    `notes`               varchar(255)            DEFAULT NULL,
    `company_agent`       enum ('Y','N') NOT NULL DEFAULT 'N'
) ENGINE = InnoDB
  DEFAULT CHARSET = utf8 COMMENT ='Payment records are created when payment schedule records are due.';

-- --------------------------------------------------------

--
-- Table structure for table `u_payment_invoices`
--

CREATE TABLE `u_payment_invoices`
(
    `u_payment_invoice_id`   int(11) UNSIGNED   NOT NULL,
    `member_id`              bigint(20)         NOT NULL,
    `company_ta_id`          int(11)            NOT NULL,
    `amount`                 double(11, 2)      NOT NULL,
    `message`                text,
    `tranpage_approval_code` varchar(12)                 DEFAULT NULL,
    `invoice_date`           datetime           NOT NULL,
    `status`                 enum ('C','F','Q') NOT NULL DEFAULT 'Q' COMMENT 'C - complete, F - failed, Q - queued'
) ENGINE = InnoDB
  DEFAULT CHARSET = utf8 COMMENT ='TranPage invoices will be saved here';

-- --------------------------------------------------------

--
-- Table structure for table `u_payment_schedule`
--

CREATE TABLE `u_payment_schedule`
(
    `payment_schedule_id`         int(11)       NOT NULL,
    `member_id`                   bigint(20)       DEFAULT NULL,
    `description`                 tinytext,
    `amount`                      double(12, 2) NOT NULL,
    `based_on_date`               date             DEFAULT NULL,
    `based_on_profile_date_field` int(11) UNSIGNED DEFAULT NULL,
    `based_on_account`            int(3)           DEFAULT NULL,
    `status`                      tinyint(3)       DEFAULT '0',
    `gst`                         float(13, 4)     DEFAULT '0.0000',
    `gst_province_id`             int(11) UNSIGNED DEFAULT NULL,
    `gst_tax_label`               char(255)        DEFAULT '',
    `template_id`                 int(11) UNSIGNED DEFAULT NULL
) ENGINE = InnoDB
  DEFAULT CHARSET = utf8 COMMENT ='Records that are showed in payment schedule in Accounting tab for each case.';

-- --------------------------------------------------------

--
-- Table structure for table `u_payment_templates`
--

CREATE TABLE `u_payment_templates`
(
    `saved_payment_template_id` int(11) UNSIGNED NOT NULL,
    `company_id`                bigint(20)       NOT NULL,
    `name`                      varchar(255) DEFAULT NULL,
    `payments`                  text,
    `created_date`              date         DEFAULT NULL
) ENGINE = InnoDB
  DEFAULT CHARSET = utf8 COMMENT ='List of templates that can be used to quickly generate records in payment schedule grid.';

-- --------------------------------------------------------

--
-- Table structure for table `u_sms`
--

CREATE TABLE `u_sms`
(
    `id`       int(10)      NOT NULL,
    `number`   varchar(20)  NOT NULL,
    `message`  varchar(200) NOT NULL,
    `email`    varchar(200) NOT NULL,
    `attempts` tinyint(1)   NOT NULL DEFAULT '0'
) ENGINE = InnoDB
  DEFAULT CHARSET = utf8 COMMENT ='Contains list of sms records that must be processed (sent to phone number).';

-- --------------------------------------------------------

--
-- Table structure for table `u_tasks`
--

CREATE TABLE `u_tasks`
(
    `task_id`        int(11) UNSIGNED           NOT NULL,
    `member_id`      bigint(20)                          DEFAULT NULL,
    `company_id`     bigint(20)                          DEFAULT NULL,
    `client_type`    enum ('client','prospect') NOT NULL DEFAULT 'client',
    `task`           text,
    `type`           enum ('S','C','B','P')              DEFAULT 'S',
    `number`         int(11) UNSIGNED                    DEFAULT NULL,
    `days`           enum ('CALENDAR','BUSINESS')        DEFAULT 'CALENDAR',
    `ba`             enum ('BEFORE','AFTER')             DEFAULT 'AFTER',
    `prof`           int(11) UNSIGNED                    DEFAULT NULL,
    `due_on`         date                                DEFAULT NULL,
    `create_date`    datetime                            DEFAULT NULL,
    `author_id`      bigint(20)                          DEFAULT NULL,
    `notify_client`  enum ('Y','N')                      DEFAULT 'N',
    `is_due`         enum ('Y','N')             NOT NULL DEFAULT 'N',
    `completed`      enum ('Y','N')             NOT NULL DEFAULT 'N',
    `sms_processed`  tinyint(4)                 NOT NULL DEFAULT '0',
    `deadline`       date                                DEFAULT NULL,
    `flag`           tinyint(4)                          DEFAULT '0',
    `auto_task_type` tinyint(4)                          DEFAULT NULL COMMENT 'null - not auto-task, 1 - Payment is due, 2 - Client mark a form as Complete, 3 - Client uploads Documents , 10 - Based on a date in the "Client''s Profile", 11 - Based on File Status on Profile Info',
    `from`           char(255)                           DEFAULT NULL,
    `cc`             char(255)                           DEFAULT NULL
) ENGINE = InnoDB
  DEFAULT CHARSET = utf8 COMMENT ='List of tasks that are showed in My Tasks and Client''s Tasks tabs.';

-- --------------------------------------------------------

--
-- Table structure for table `u_tasks_assigned_to`
--

CREATE TABLE `u_tasks_assigned_to`
(
    `id`        int(11) UNSIGNED NOT NULL,
    `task_id`   int(11) UNSIGNED NOT NULL,
    `member_id` bigint(20)                DEFAULT NULL,
    `to_cc`     enum ('to','cc') NOT NULL DEFAULT 'to'
) ENGINE = InnoDB
  DEFAULT CHARSET = utf8 COMMENT ='Relation between task and this task''s owner.';

-- --------------------------------------------------------

--
-- Table structure for table `u_tasks_messages`
--

CREATE TABLE `u_tasks_messages`
(
    `id`            int(10) UNSIGNED NOT NULL,
    `task_id`       int(11) UNSIGNED NOT NULL,
    `member_id`     bigint(20)                DEFAULT NULL,
    `message`       text             NOT NULL,
    `timestamp`     int(10)          NOT NULL,
    `officio_said`  tinyint(4)       NOT NULL DEFAULT '0',
    `from_template` tinyint(1)       NOT NULL DEFAULT '0'
) ENGINE = InnoDB
  DEFAULT CHARSET = utf8 COMMENT ='Messages that are related to tasks.';

-- --------------------------------------------------------

--
-- Table structure for table `u_tasks_priority`
--

CREATE TABLE `u_tasks_priority`
(
    `id`        int(10)                                           NOT NULL,
    `task_id`   int(11) UNSIGNED                                  NOT NULL,
    `member_id` bigint(20)                                        NOT NULL,
    `priority`  enum ('low','regular','medium','high','critical') NOT NULL
) ENGINE = InnoDB
  DEFAULT CHARSET = utf8 COMMENT ='List of priorities in relation to the task and its owner/relating person.';

-- --------------------------------------------------------

--
-- Table structure for table `u_tasks_read`
--

CREATE TABLE `u_tasks_read`
(
    `id`        int(10)          NOT NULL,
    `task_id`   int(11) UNSIGNED NOT NULL,
    `member_id` bigint(20)       NOT NULL
) ENGINE = InnoDB
  DEFAULT CHARSET = utf8 COMMENT ='Indicates which tasks were read and by whom.';

-- --------------------------------------------------------

--
-- Table structure for table `u_trust_account`
--

CREATE TABLE `u_trust_account`
(
    `trust_account_id` int(11) NOT NULL,
    `company_ta_id`    int(11) NOT NULL,
    `import_id`        int(11)       DEFAULT NULL,
    `fit`              char(40)      DEFAULT NULL,
    `date_from_bank`   date          DEFAULT NULL,
    `description`      tinytext,
    `deposit`          double(12, 2) DEFAULT NULL,
    `withdrawal`       double(12, 2) DEFAULT NULL,
    `balance`          double(12, 2) DEFAULT NULL,
    `notes`            tinytext,
    `payment_made_by`  tinytext,
    `purpose`          tinytext
) ENGINE = InnoDB
  DEFAULT CHARSET = utf8 COMMENT ='Records that are showed in trust account section.';

-- --------------------------------------------------------

--
-- Table structure for table `u_variable`
--

CREATE TABLE `u_variable`
(
    `name`  varchar(255) NOT NULL DEFAULT '',
    `value` longtext     NOT NULL
) ENGINE = InnoDB
  DEFAULT CHARSET = utf8 COMMENT ='Site related specific settings. Some of them can be changed by superadmin. E.g. packages prices.';

--
-- Dumping data for table `u_variable`
--

INSERT INTO `u_variable` (`name`, `value`)
VALUES ('cutting_of_service_days', '32'),
       ('dateFormatFull', 'd M Y'),
       ('dateFormatShort', 'd/m/Y'),
       ('datePickerFormat', 'dd/mm/yy'),
       ('datetimeFormatFull', 'd/M/Y'),
       ('dateZendFormatFull', 'dd MMM yyyy'),
       ('description_antigua_development_fund_contribution', 'NDF Contribution'),
       ('description_antigua_due_diligence_fee', 'Due Diligence Fee'),
       ('description_antigua_passport_fee', 'Passport Fee'),
       ('description_antigua_processing_fee', 'Processing Fee'),
       ('description_antigua_real_estate_contribution', 'Real Estate Contribution'),
       ('description_antigua_system_access_fee', 'System Access Fee'),
       ('description_dm_certificate_of_naturalization_fee', 'Certificate of Naturalisation Fee'),
       ('description_dm_due_diligence_fee', 'Due Diligence Fee'),
       ('description_dm_expedited_passport_issue_fee', 'Expedited Passport Issue Fee'),
       ('description_dm_government_fund_fee', 'Government Fund'),
       ('description_dm_processing_fee', 'Processing Fee Balance'),
       ('description_dm_real_estate_fee', 'Real Estate'),
       ('description_dm_system_access_fee', 'Processing Fee'),
       ('free_storage_lite', '2'),
       ('free_storage_pro', '10'),
       ('free_storage_ultimate', '50'),
       ('GST', '5.00'),
       ('last_charge_failed_show_days', '6'),
       ('noc_url_details', 'http://www5.hrsdc.gc.ca/NOC/English/NOC/2011/Profile.aspx?val=0&val1=XXXX'),
       ('noc_url_education_job_requirements',
        'http://www.workingincanada.gc.ca/report-eng.do?area=25565&lang=eng&noc=XXXX&action=final&backurl=http%3A%2F&ln=n&s=3#report_tabs_container2'),
       ('noc_url_jobs',
        'http://www.workingincanada.gc.ca/report-eng.do?area=25565&lang=eng&noc=XXXX&action=final&backurl=http%3A%2F&ln=n&s=0#report_tabs_container2'),
       ('noc_url_outlook',
        'http://www.workingincanada.gc.ca/report-eng.do?area=25565&lang=eng&noc=XXXX&action=final&backurl=http%3A%2F&ln=n&s=2#report_tabs_container2'),
       ('noc_url_prevailing',
        'http://www.workingincanada.gc.ca/report-eng.do?area=25565&lang=eng&noc=XXXX&action=final&backurl=http%3A%2F&ln=n&s=1#wages'),
       ('price_antigua_due_diligence_fee_dependent_12_to_17', '2000.00'),
       ('price_antigua_due_diligence_fee_dependent_18_and_over', '4000.00'),
       ('price_antigua_due_diligence_fee_dependent_parent_over_65', '4000.00'),
       ('price_antigua_due_diligence_fee_main_applicant', '7500.00'),
       ('price_antigua_due_diligence_fee_spouse', '7500.00'),
       ('price_antigua_national_development_fund_contribution_main_applicant', '100000.00'),
       ('price_antigua_national_development_fund_contribution_more_than_4_persons', '125000.00'),
       ('price_antigua_national_development_fund_contribution_up_to_4_persons', '100000.00'),
       ('price_antigua_national_development_fund_fee_additional_dependent', '15000.00'),
       ('price_antigua_national_development_fund_fee_main_applicant', '25000.00'),
       ('price_antigua_national_development_fund_fee_up_to_4_persons', '25000.00'),
       ('price_antigua_passport_fee', '300.00'),
       ('price_antigua_real_estate_contribution_main_applicant', '400000.00'),
       ('price_antigua_real_estate_contribution_more_than_4_persons', '400000.00'),
       ('price_antigua_real_estate_contribution_up_to_4_persons', '400000.00'),
       ('price_antigua_real_estate_fee_additional_dependent', '15000.00'),
       ('price_antigua_real_estate_fee_main_applicant', '50000.00'),
       ('price_antigua_real_estate_fee_up_to_4_persons', '50000.00'),
       ('price_antigua_system_access_fee', '1000.00'),
       ('price_dm_certificate_of_naturalization_fee', '250.00'),
       ('price_dm_due_diligence_fee_dependent', '4000.00'),
       ('price_dm_due_diligence_fee_main_applicant', '7500.00'),
       ('price_dm_due_diligence_fee_spouse', '4000.00'),
       ('price_dm_expedited_passport_issue_fee', '1200.00'),
       ('price_dm_government_fund_fee_additional_dependent', '50000.00'),
       ('price_dm_government_fund_fee_main_and_spouse', '175000.00'),
       ('price_dm_government_fund_fee_single_applicant', '100000.00'),
       ('price_dm_government_fund_fee_up_to_4_persons', '200000.00'),
       ('price_dm_government_fund_fee_up_to_5_persons', '200000.00'),
       ('price_dm_processing_fee', '0'),
       ('price_dm_real_estate_fee_additional_dependent_over_18_years', '0'),
       ('price_dm_real_estate_fee_additional_dependent_under_18_years', '0'),
       ('price_dm_real_estate_fee_single_applicant', '25000.00'),
       ('price_dm_real_estate_fee_up_to_4_persons', '35000.00'),
       ('price_dm_real_estate_fee_up_to_6_persons', '50000.00'),
       ('price_dm_system_access_fee', '1000.00'),
       ('price_lite_license_user_annual', '699.00'),
       ('price_lite_license_user_monthly', '69.00'),
       ('price_lite_package_2_years', '1275.00'),
       ('price_lite_package_monthly', '69.00'),
       ('price_lite_package_yearly', '799.00'),
       ('price_marketplace_prospect_convert', '100.00'),
       ('price_pro_license_user_annual', '699.00'),
       ('price_pro_license_user_monthly', '69.00'),
       ('price_pro_package_2_years', '1799.00'),
       ('price_pro_package_monthly', '99.00'),
       ('price_pro_package_yearly', '1199.00'),
       ('price_storage_1_gb_annual', '20.00'),
       ('price_storage_1_gb_monthly', '2.00'),
       ('price_training', '125.00'),
       ('price_ultimate_license_user_annual', '999.00'),
       ('price_ultimate_license_user_monthly', '99.00'),
       ('price_ultimate_package_2_years', '2380.00'),
       ('price_ultimate_package_monthly', '129.00'),
       ('price_ultimate_package_yearly', '1499.00'),
       ('support_request_count', '101241'),
       ('trial_after_exp_discount_label',
        'Subscribe now and receive <span style=\"color: rgb(255, 0, 0);\">30%</span> off the regular pricing.'),
       ('trial_after_exp_fee_annual', '699.00'),
       ('trial_after_exp_fee_annual_discount', '0.00'),
       ('trial_after_exp_fee_monthly', '69.00'),
       ('trial_after_exp_fee_monthly_discount', '0.00'),
       ('trial_after_exp_free_users', '3'),
       ('trial_after_exp_license_annual', '999.00'),
       ('trial_after_exp_license_monthly', '99.00'),
       ('trial_before_exp_discount_label',
        'Subscribe now and receive <span style=\"color: rgb(255, 0, 0);\">30%</span> off the regular pricing.'),
       ('trial_before_exp_fee_annual', '699.00'),
       ('trial_before_exp_fee_annual_discount', '0.00'),
       ('trial_before_exp_fee_monthly', '69.00'),
       ('trial_before_exp_fee_monthly_discount', '0.00'),
       ('trial_before_exp_free_users', '3'),
       ('trial_before_exp_license_annual', '999.00'),
       ('trial_before_exp_license_monthly', '99.00'),
       ('users_add_over_limit_lite', ''),
       ('users_add_over_limit_pro', '1'),
       ('users_add_over_limit_ultimate', '1'),
       ('user_included_lite', '1'),
       ('user_included_pro', '1'),
       ('user_included_ultimate', '1');

-- --------------------------------------------------------

--
-- Table structure for table `u_withdrawal_types`
--

CREATE TABLE `u_withdrawal_types`
(
    `wtl_id`      int(11)    NOT NULL,
    `company_id`  bigint(20) NOT NULL,
    `author_id`   bigint(20)          DEFAULT NULL,
    `name`        tinytext,
    `order`       tinyint(3) UNSIGNED DEFAULT '0',
    `locked`      enum ('Y','N')      DEFAULT 'N',
    `unique_name` enum ('Y','N')      DEFAULT 'N',
    `amount`      double(8, 2)        DEFAULT '0.00'
) ENGINE = InnoDB
  DEFAULT CHARSET = utf8 COMMENT ='List of supported withdrawal types for withdrawal records (unique for each company).';

--
-- Dumping data for table `u_withdrawal_types`
--

INSERT INTO `u_withdrawal_types` (`wtl_id`, `company_id`, `author_id`, `name`, `order`, `locked`, `unique_name`,
                                  `amount`)
VALUES (2561, 0, 1, 'Bank Account Service Charge', 1, 'N', 'N', 0.00),
       (2562, 0, 1, 'Banking Fees', 0, '', '', 0.00),
       (2563, 1, 2, 'Bank Account Service Charge', 1, 'N', 'N', 0.00),
       (2564, 1, 2, 'Banking Fees', 0, '', '', 0.00);

-- --------------------------------------------------------

--
-- Stand-in structure for view `view_active_users`
-- (See below for the actual view)
--
CREATE TABLE `view_active_users`
(
    `company_id`         bigint(20),
    `active_users_count` bigint(21)
);

-- --------------------------------------------------------

--
-- Stand-in structure for view `view_clients_count`
-- (See below for the actual view)
--
CREATE TABLE `view_clients_count`
(
    `company_id`    bigint(20),
    `clients_count` bigint(21)
);

-- --------------------------------------------------------

--
-- Stand-in structure for view `view_last_mail_used`
-- (See below for the actual view)
--
CREATE TABLE `view_last_mail_used`
(
    `company_id`        bigint(20),
    `last_manual_check` int(11),
    `last_mass_mail`    int(11)
);

-- --------------------------------------------------------

--
-- Stand-in structure for view `view_last_ta_uploaded`
-- (See below for the actual view)
--
CREATE TABLE `view_last_ta_uploaded`
(
    `company_id`            bigint(20),
    `last_ta_uploaded_date` datetime
);

-- --------------------------------------------------------

--
-- Table structure for table `zoho_keys`
--

CREATE TABLE `zoho_keys`
(
    `zoho_key`        varchar(255)                NOT NULL DEFAULT '',
    `zoho_key_status` enum ('enabled','disabled') NOT NULL DEFAULT 'enabled'
) ENGINE = InnoDB
  DEFAULT CHARSET = utf8 COMMENT ='List of Zoho API keys that are used during communicating with Zoho service. Allows enable/disable specific keys that can be used in GUI.';

--
-- Dumping data for table `zoho_keys`
--

INSERT INTO `zoho_keys` (`zoho_key`, `zoho_key_status`)
VALUES ('51e994c53ffb597111a81a63dcaef0bd', 'enabled');

-- --------------------------------------------------------

--
-- Structure for view `view_active_users`
--
DROP TABLE IF EXISTS `view_active_users`;

CREATE VIEW `view_active_users` AS
select `c`.`company_id` AS `company_id`, count(`m`.`member_id`) AS `active_users_count`
from (`company` `c`
         left join `members` `m` on ((`m`.`company_id` = `c`.`company_id`)))
where ((`m`.`userType` in (2, 4)) and (`m`.`status` = 1))
group by `c`.`company_id`;

-- --------------------------------------------------------

--
-- Structure for view `view_clients_count`
--
DROP TABLE IF EXISTS `view_clients_count`;

CREATE VIEW `view_clients_count` AS
select `c`.`company_id` AS `company_id`, count(`m`.`member_id`) AS `clients_count`
from (`company` `c`
         left join `members` `m` on ((`m`.`company_id` = `c`.`company_id`)))
where (`m`.`userType` = 3)
group by `c`.`company_id`;

-- --------------------------------------------------------

--
-- Structure for view `view_last_mail_used`
--
DROP TABLE IF EXISTS `view_last_mail_used`;

CREATE VIEW `view_last_mail_used` AS
select `c`.`company_id`             AS `company_id`,
       max(`a`.`last_manual_check`) AS `last_manual_check`,
       max(`a`.`last_mass_mail`)    AS `last_mass_mail`
from ((`company` `c` left join `members` `m` on ((`m`.`company_id` = `c`.`company_id`)))
         left join `eml_accounts` `a` on ((`m`.`member_id` = `a`.`member_id`)))
group by `c`.`company_id`;

-- --------------------------------------------------------

--
-- Structure for view `view_last_ta_uploaded`
--
DROP TABLE IF EXISTS `view_last_ta_uploaded`;

CREATE VIEW `view_last_ta_uploaded` AS
select `c`.`company_id` AS `company_id`, max(`i`.`import_datetime`) AS `last_ta_uploaded_date`
from ((`company` `c` left join `company_ta` `ta` on ((`c`.`company_id` = `ta`.`company_id`)))
         left join `u_import_transactions` `i` on ((`i`.`company_ta_id` = `ta`.`company_ta_id`)))
group by `c`.`company_id`;

--
-- Indexes for dumped tables
--

--
-- Indexes for table `access_logs`
--
ALTER TABLE `access_logs`
    ADD PRIMARY KEY (`log_id`),
    ADD KEY `FK_access_logs_company` (`log_company_id`),
    ADD KEY `FK_access_logs_members` (`log_created_by`),
    ADD KEY `FK_access_logs_members_2` (`log_action_applied_to`);

--
-- Indexes for table `acl_modules`
--
ALTER TABLE `acl_modules`
    ADD PRIMARY KEY (`module_id`);

--
-- Indexes for table `acl_roles`
--
ALTER TABLE `acl_roles`
    ADD PRIMARY KEY (`role_parent_id`),
    ADD KEY `role_id` (`role_id`),
    ADD KEY `FK_acl_roles_company` (`company_id`),
    ADD KEY `FK_roles_divisions_groups` (`division_group_id`);

--
-- Indexes for table `acl_role_access`
--
ALTER TABLE `acl_role_access`
    ADD PRIMARY KEY (`role_id`, `rule_id`),
    ADD KEY `FK_acl_role_access_1` (`rule_id`);

--
-- Indexes for table `acl_rules`
--
ALTER TABLE `acl_rules`
    ADD PRIMARY KEY (`rule_id`);

--
-- Indexes for table `acl_rule_details`
--
ALTER TABLE `acl_rule_details`
    ADD PRIMARY KEY (`rule_id`, `module_id`, `resource_id`, `resource_privilege`);

--
-- Indexes for table `admin_navigation`
--
ALTER TABLE `admin_navigation`
    ADD PRIMARY KEY (`navigation_id`);

--
-- Indexes for table `admin_navigation_sections`
--
ALTER TABLE `admin_navigation_sections`
    ADD PRIMARY KEY (`section_id`);

--
-- Indexes for table `analytics`
--
ALTER TABLE `analytics`
    ADD PRIMARY KEY (`analytics_id`),
    ADD KEY `FK_analytics_company` (`company_id`);

--
-- Indexes for table `applicant_form_blocks`
--
ALTER TABLE `applicant_form_blocks`
    ADD PRIMARY KEY (`applicant_block_id`),
    ADD KEY `FK_applicant_form_blocks_1` (`member_type_id`),
    ADD KEY `FK_applicant_form_blocks_2` (`company_id`),
    ADD KEY `FK_applicant_form_blocks_3` (`applicant_type_id`);

--
-- Indexes for table `applicant_form_data`
--
ALTER TABLE `applicant_form_data`
    ADD KEY `FK_applicant_form_data_1` (`applicant_id`),
    ADD KEY `FK_applicant_form_data_2` (`applicant_field_id`);

--
-- Indexes for table `applicant_form_default`
--
ALTER TABLE `applicant_form_default`
    ADD PRIMARY KEY (`applicant_form_default_id`),
    ADD KEY `FK_applicant_form_default_1` (`applicant_field_id`);

--
-- Indexes for table `applicant_form_fields`
--
ALTER TABLE `applicant_form_fields`
    ADD PRIMARY KEY (`applicant_field_id`),
    ADD KEY `FK_applicant_form_fields_1` (`member_type_id`),
    ADD KEY `FK_applicant_form_fields_2` (`company_id`);

--
-- Indexes for table `applicant_form_fields_access`
--
ALTER TABLE `applicant_form_fields_access`
    ADD PRIMARY KEY (`role_id`, `applicant_group_id`, `applicant_field_id`),
    ADD KEY `FK_applicant_form_fields_access_2` (`applicant_group_id`),
    ADD KEY `FK_applicant_form_fields_access_3` (`applicant_field_id`);

--
-- Indexes for table `applicant_form_fields_access_default`
--
ALTER TABLE `applicant_form_fields_access_default`
    ADD KEY `FK_applicant_form_fields_access_default_acl_roles` (`role_id`),
    ADD KEY `FK_applicant_form_fields_access_default_applicant_form_fields` (`applicant_field_id`);

--
-- Indexes for table `applicant_form_groups`
--
ALTER TABLE `applicant_form_groups`
    ADD PRIMARY KEY (`applicant_group_id`),
    ADD KEY `FK_applicant_form_groups_1` (`applicant_block_id`),
    ADD KEY `FK_applicant_form_groups_2` (`company_id`);

--
-- Indexes for table `applicant_form_order`
--
ALTER TABLE `applicant_form_order`
    ADD PRIMARY KEY (`applicant_group_id`, `applicant_field_id`),
    ADD KEY `FK_applicant_form_order_2` (`applicant_field_id`);

--
-- Indexes for table `applicant_types`
--
ALTER TABLE `applicant_types`
    ADD PRIMARY KEY (`applicant_type_id`),
    ADD KEY `FK_client_types_company` (`company_id`),
    ADD KEY `FK_applicant_types_2` (`member_type_id`);

--
-- Indexes for table `automated_billing_blacklist`
--
ALTER TABLE `automated_billing_blacklist`
    ADD PRIMARY KEY (`pt_error_id`);

--
-- Indexes for table `automated_billing_log`
--
ALTER TABLE `automated_billing_log`
    ADD PRIMARY KEY (`log_id`),
    ADD KEY `FK_automated_billing_log_automated_billing_log_sessions` (`log_session_id`);

--
-- Indexes for table `automated_billing_log_sessions`
--
ALTER TABLE `automated_billing_log_sessions`
    ADD PRIMARY KEY (`log_session_id`),
    ADD KEY `log_session_date` (`log_session_date`);

--
-- Indexes for table `automatic_reminders`
--
ALTER TABLE `automatic_reminders`
    ADD PRIMARY KEY (`automatic_reminder_id`),
    ADD KEY `FK_automatic_reminders_company` (`company_id`);

--
-- Indexes for table `automatic_reminders_processed`
--
ALTER TABLE `automatic_reminders_processed`
    ADD PRIMARY KEY (`automatic_reminders_processed_id`),
    ADD KEY `FK_automatic_reminders_processed_automatic_reminders` (`automatic_reminder_id`),
    ADD KEY `FK_automatic_reminders_processed_members` (`member_id`);

--
-- Indexes for table `automatic_reminder_actions`
--
ALTER TABLE `automatic_reminder_actions`
    ADD PRIMARY KEY (`automatic_reminder_action_id`),
    ADD KEY `FK_automatic_reminder_actions_automatic_reminders` (`automatic_reminder_id`),
    ADD KEY `FK_automatic_reminder_actions_automatic_reminder_action_types` (`automatic_reminder_action_type_id`),
    ADD KEY `FK_automatic_reminder_actions_company` (`company_id`);

--
-- Indexes for table `automatic_reminder_action_types`
--
ALTER TABLE `automatic_reminder_action_types`
    ADD PRIMARY KEY (`automatic_reminder_action_type_id`);

--
-- Indexes for table `automatic_reminder_conditions`
--
ALTER TABLE `automatic_reminder_conditions`
    ADD PRIMARY KEY (`automatic_reminder_condition_id`),
    ADD KEY `FK_automatic_reminder_conditions_automatic_reminders` (`automatic_reminder_id`),
    ADD KEY `FK_automatic_reminder_conditions_company` (`company_id`),
    ADD KEY `FK_automatic_reminder_conditions_condition_types` (`automatic_reminder_condition_type_id`);

--
-- Indexes for table `automatic_reminder_condition_types`
--
ALTER TABLE `automatic_reminder_condition_types`
    ADD PRIMARY KEY (`automatic_reminder_condition_type_id`);

--
-- Indexes for table `automatic_reminder_schedule`
--
ALTER TABLE `automatic_reminder_schedule`
    ADD PRIMARY KEY (`automatic_reminder_schedule_id`),
    ADD KEY `FK_automatic_reminder_schedule_automatic_reminders` (`automatic_reminder_id`),
    ADD KEY `FK_automatic_reminder_schedule_trigger_types` (`automatic_reminder_trigger_type_id`);

--
-- Indexes for table `automatic_reminder_triggers`
--
ALTER TABLE `automatic_reminder_triggers`
    ADD PRIMARY KEY (`automatic_reminder_trigger_id`),
    ADD KEY `FK_automatic_reminder_triggers_automatic_reminders` (`automatic_reminder_id`),
    ADD KEY `FK_automatic_reminder_triggers_company` (`company_id`),
    ADD KEY `FK_automatic_reminder_triggers_automatic_reminder_trigger_types` (`automatic_reminder_trigger_type_id`);

--
-- Indexes for table `automatic_reminder_trigger_types`
--
ALTER TABLE `automatic_reminder_trigger_types`
    ADD PRIMARY KEY (`automatic_reminder_trigger_type_id`);

--
-- Indexes for table `business_hours_holidays`
--
ALTER TABLE `business_hours_holidays`
    ADD KEY `FK_business_hours_holidays_id` (`holiday_id`),
    ADD KEY `FK_business_hours_holidays_members` (`member_id`),
    ADD KEY `FK_business_hours_holidays_company` (`company_id`);

--
-- Indexes for table `business_hours_workdays`
--
ALTER TABLE `business_hours_workdays`
    ADD KEY `FK_business_hours_time_members` (`member_id`),
    ADD KEY `FK_business_hours_time_company` (`company_id`);

--
-- Indexes for table `clients`
--
ALTER TABLE `clients`
    ADD PRIMARY KEY (`client_id`),
    ADD KEY `FK_clients_1` (`member_id`),
    ADD KEY `FK_clients_client_types` (`client_type_id`),
    ADD KEY `FK_clients_applicant_types` (`applicant_type_id`),
    ADD KEY `fileNumber` (`fileNumber`),
    ADD KEY `FK_clients_members` (`modified_by`);

--
-- Indexes for table `clients_import`
--
ALTER TABLE `clients_import`
    ADD PRIMARY KEY (`id`),
    ADD KEY `FK1_company_id_to_clients_import` (`company_id`),
    ADD KEY `FK2_creator_id_to_members` (`creator_id`);

--
-- Indexes for table `client_form_data`
--
ALTER TABLE `client_form_data`
    ADD KEY `FK_client_form_data_1` (`field_id`),
    ADD KEY `FK_client_form_data_2` (`member_id`);

--
-- Indexes for table `client_form_default`
--
ALTER TABLE `client_form_default`
    ADD PRIMARY KEY (`form_default_id`),
    ADD KEY `FK_client_form_default_1` (`field_id`);

--
-- Indexes for table `client_form_dependents`
--
ALTER TABLE `client_form_dependents`
    ADD PRIMARY KEY (`dependent_id`),
    ADD KEY `FK_client_form_dependents_1` (`member_id`);

--
-- Indexes for table `client_form_dependents_required_files`
--
ALTER TABLE `client_form_dependents_required_files`
    ADD KEY `required_file_id` (`required_file_id`),
    ADD KEY `FK_client_form_dependents_required_files_company` (`company_id`);

--
-- Indexes for table `client_form_dependents_uploaded_files`
--
ALTER TABLE `client_form_dependents_uploaded_files`
    ADD KEY `uploaded_file_id` (`uploaded_file_id`),
    ADD KEY `FK_client_form_dependents_uploaded_files_client_form_dependents` (`dependent_id`),
    ADD KEY `FK_client_form_dependents_uploaded_files_client_required_files` (`required_file_id`),
    ADD KEY `FK_client_form_dependents_uploaded_files_members` (`member_id`);

--
-- Indexes for table `client_form_dependents_uploaded_file_tags`
--
ALTER TABLE `client_form_dependents_uploaded_file_tags`
    ADD KEY `FK_client_form_dependents_uploaded_file_tags` (`uploaded_file_id`),
    ADD KEY `FK_client_form_dependents_uploaded_file_tags_company` (`company_id`);

--
-- Indexes for table `client_form_dependents_visa_survey`
--
ALTER TABLE `client_form_dependents_visa_survey`
    ADD KEY `visa_survey_id` (`visa_survey_id`),
    ADD KEY `FK_client_form_dependents_visa_survey_dependents` (`dependent_id`),
    ADD KEY `FK_client_form_dependents_visa_survey_members` (`member_id`),
    ADD KEY `FK_client_form_dependents_visa_survey_country_master` (`visa_country_id`);

--
-- Indexes for table `client_form_fields`
--
ALTER TABLE `client_form_fields`
    ADD PRIMARY KEY (`field_id`),
    ADD KEY `FK_client_form_fields_company` (`company_id`),
    ADD KEY `FK_client_form_fields_field_types` (`type`);

--
-- Indexes for table `client_form_fields_access_default`
--
ALTER TABLE `client_form_fields_access_default`
    ADD KEY `FK_client_form_fields_access_default_acl_roles` (`role_id`),
    ADD KEY `FK_client_form_fields_access_default_applicant_form_fields` (`client_field_id`);

--
-- Indexes for table `client_form_field_access`
--
ALTER TABLE `client_form_field_access`
    ADD PRIMARY KEY (`access_id`),
    ADD KEY `FK_client_form_field_access_1` (`field_id`),
    ADD KEY `FK_client_form_field_access_client_types` (`client_type_id`),
    ADD KEY `FK_client_form_field_access_acl_roles` (`role_id`);

--
-- Indexes for table `client_form_groups`
--
ALTER TABLE `client_form_groups`
    ADD PRIMARY KEY (`group_id`),
    ADD KEY `FK_client_form_groups_company` (`company_id`),
    ADD KEY `FK_client_form_groups_client_types` (`client_type_id`);

--
-- Indexes for table `client_form_group_access`
--
ALTER TABLE `client_form_group_access`
    ADD PRIMARY KEY (`access_id`),
    ADD KEY `FK_client_form_group_access_1` (`group_id`),
    ADD KEY `FK_client_form_group_access_acl_roles` (`role_id`);

--
-- Indexes for table `client_form_order`
--
ALTER TABLE `client_form_order`
    ADD PRIMARY KEY (`order_id`),
    ADD KEY `FK_client_form_order_1` (`group_id`),
    ADD KEY `FK_client_form_order_2` (`field_id`);

--
-- Indexes for table `client_types`
--
ALTER TABLE `client_types`
    ADD PRIMARY KEY (`client_type_id`),
    ADD KEY `FK_client_types_company` (`company_id`),
    ADD KEY `FK_client_types_templates` (`email_template_id`);

--
-- Indexes for table `client_types_forms`
--
ALTER TABLE `client_types_forms`
    ADD KEY `FK_client_types_forms_client_types` (`client_type_id`),
    ADD KEY `FK_client_types_forms_formversion` (`form_version_id`);

--
-- Indexes for table `client_types_kinds`
--
ALTER TABLE `client_types_kinds`
    ADD KEY `FK_client_types_kinds_client_types` (`client_type_id`),
    ADD KEY `FK_client_types_kinds_client_types_2` (`member_type_id`);

--
-- Indexes for table `company`
--
ALTER TABLE `company`
    ADD PRIMARY KEY (`company_id`),
    ADD KEY `FK_company_members` (`admin_id`),
    ADD KEY `FK_company_country_master` (`country`);

--
-- Indexes for table `company_cmi`
--
ALTER TABLE `company_cmi`
    ADD PRIMARY KEY (`cmi_id`, `regulator_id`),
    ADD KEY `FK_company_cmi_company` (`company_id`);

--
-- Indexes for table `company_default_options`
--
ALTER TABLE `company_default_options`
    ADD PRIMARY KEY (`default_option_id`),
    ADD KEY `FK_company_default_options` (`company_id`);

--
-- Indexes for table `company_details`
--
ALTER TABLE `company_details`
    ADD PRIMARY KEY (`company_id`),
    ADD KEY `FK_company_details_pricing_categories` (`pricing_category_id`),
    ADD KEY `FK_company_details_subscriptions` (`subscription`);

--
-- Indexes for table `company_invoice`
--
ALTER TABLE `company_invoice`
    ADD PRIMARY KEY (`company_invoice_id`),
    ADD KEY `company_id` (`company_id`),
    ADD KEY `FK_company_invoice_prospects` (`prospect_id`);

--
-- Indexes for table `company_marketplace_profiles`
--
ALTER TABLE `company_marketplace_profiles`
    ADD UNIQUE KEY `company_id_marketplace_profile_id` (`company_id`, `marketplace_profile_id`),
    ADD KEY `FK_company_marketplace_profiles_company` (`company_id`);

--
-- Indexes for table `company_packages`
--
ALTER TABLE `company_packages`
    ADD PRIMARY KEY (`company_id`, `package_id`);

--
-- Indexes for table `company_prospects`
--
ALTER TABLE `company_prospects`
    ADD PRIMARY KEY (`prospect_id`),
    ADD KEY `FK_company_prospects_company` (`company_id`),
    ADD KEY `FK_company_prospects_company_default_options` (`visa`),
    ADD KEY `qualified` (`qualified`),
    ADD KEY `status` (`status`),
    ADD KEY `FK_company_prospects_members` (`agent_id`);

--
-- Indexes for table `company_prospects_activities`
--
ALTER TABLE `company_prospects_activities`
    ADD KEY `FK_company_prospects_activities_company` (`company_id`),
    ADD KEY `FK_company_prospects_activities_company_prospects` (`prospect_id`),
    ADD KEY `FK_company_prospects_activities_members` (`member_id`);

--
-- Indexes for table `company_prospects_categories`
--
ALTER TABLE `company_prospects_categories`
    ADD PRIMARY KEY (`prospect_category_id`);

--
-- Indexes for table `company_prospects_converted`
--
ALTER TABLE `company_prospects_converted`
    ADD UNIQUE KEY `prospect_id_member_id_company_invoice_id` (`prospect_id`, `member_id`, `company_invoice_id`),
    ADD KEY `FK_company_prospects_converted_invoice` (`company_invoice_id`),
    ADD KEY `FK_company_prospects_converted_prospects` (`prospect_id`),
    ADD KEY `FK_company_prospects_converted_members` (`member_id`);

--
-- Indexes for table `company_prospects_data`
--
ALTER TABLE `company_prospects_data`
    ADD PRIMARY KEY (`prospect_id`, `q_field_id`),
    ADD KEY `FK_company_prospects_data_q_fields` (`q_field_id`);

--
-- Indexes for table `company_prospects_data_categories`
--
ALTER TABLE `company_prospects_data_categories`
    ADD PRIMARY KEY (`prospect_id`, `prospect_category_id`),
    ADD KEY `FK_company_prospects_categories2` (`prospect_category_id`);

--
-- Indexes for table `company_prospects_divisions`
--
ALTER TABLE `company_prospects_divisions`
    ADD KEY `FK_company_prospects_divisions_1` (`prospect_id`),
    ADD KEY `FK_company_prospects_divisions_2` (`office_id`),
    ADD KEY `prospect_id_office_id` (`prospect_id`, `office_id`);

--
-- Indexes for table `company_prospects_invited`
--
ALTER TABLE `company_prospects_invited`
    ADD UNIQUE KEY `company_id_prospect_id` (`company_id`, `prospect_id`),
    ADD KEY `FK_company_prospects_invited_company_prospects` (`prospect_id`);

--
-- Indexes for table `company_prospects_job`
--
ALTER TABLE `company_prospects_job`
    ADD PRIMARY KEY (`qf_job_id`),
    ADD KEY `FK_company_prospects_job_company_prospects` (`prospect_id`);

--
-- Indexes for table `company_prospects_notes`
--
ALTER TABLE `company_prospects_notes`
    ADD PRIMARY KEY (`note_id`),
    ADD KEY `FK_company_prospects_notes_company_prospects` (`prospect_id`),
    ADD KEY `FK_company_prospects_notes_company` (`company_id`);

--
-- Indexes for table `company_prospects_selected_categories`
--
ALTER TABLE `company_prospects_selected_categories`
    ADD PRIMARY KEY (`company_id`, `prospect_category_id`),
    ADD KEY `FK_company_prospects_2` (`prospect_category_id`);

--
-- Indexes for table `company_prospects_settings`
--
ALTER TABLE `company_prospects_settings`
    ADD UNIQUE KEY `company_id_prospect_id` (`company_id`, `prospect_id`),
    ADD KEY `FK_company_prospects_settings_company_prospects` (`prospect_id`);

--
-- Indexes for table `company_prospects_templates`
--
ALTER TABLE `company_prospects_templates`
    ADD PRIMARY KEY (`prospect_template_id`),
    ADD KEY `FK_company_prospects_templates_company` (`company_id`),
    ADD KEY `FK_company_prospects_templates_members` (`author_id`);

--
-- Indexes for table `company_questionnaires`
--
ALTER TABLE `company_questionnaires`
    ADD PRIMARY KEY (`q_id`, `company_id`),
    ADD KEY `FK_company_questionnaires_1` (`company_id`),
    ADD KEY `FK_company_questionnaires_2` (`q_created_by`),
    ADD KEY `FK_company_questionnaires_3` (`q_updated_by`),
    ADD KEY `FK_company_questionnaires_divisions` (`q_office_id`),
    ADD KEY `FK_company_questionnaires_members` (`q_agent_id`);

--
-- Indexes for table `company_questionnaires_category_template`
--
ALTER TABLE `company_questionnaires_category_template`
    ADD PRIMARY KEY (`q_id`, `prospect_category_id`, `prospect_template_id`),
    ADD KEY `FK_company_questionnaires_category_template_2` (`prospect_category_id`),
    ADD KEY `FK_company_questionnaires_category_template_3` (`prospect_template_id`);

--
-- Indexes for table `company_questionnaires_fields`
--
ALTER TABLE `company_questionnaires_fields`
    ADD PRIMARY KEY (`q_field_id`, `q_section_id`),
    ADD KEY `FK_company_questionnaires_fields_1` (`q_section_id`);

--
-- Indexes for table `company_questionnaires_fields_custom_options`
--
ALTER TABLE `company_questionnaires_fields_custom_options`
    ADD PRIMARY KEY (`q_field_custom_option_id`, `q_id`, `q_field_id`),
    ADD KEY `FK_company_questionnaires_fields_custom_options_1` (`q_id`),
    ADD KEY `FK_company_questionnaires_fields_custom_options_2` (`q_field_id`);

--
-- Indexes for table `company_questionnaires_fields_options`
--
ALTER TABLE `company_questionnaires_fields_options`
    ADD PRIMARY KEY (`q_field_option_id`, `q_field_id`),
    ADD KEY `FK_company_questionnaires_fields_options_1` (`q_field_id`);

--
-- Indexes for table `company_questionnaires_fields_options_templates`
--
ALTER TABLE `company_questionnaires_fields_options_templates`
    ADD PRIMARY KEY (`q_field_option_id`, `q_id`),
    ADD KEY `FK_company_questionnaires_fields_options_templates_1` (`q_id`);

--
-- Indexes for table `company_questionnaires_fields_templates`
--
ALTER TABLE `company_questionnaires_fields_templates`
    ADD PRIMARY KEY (`q_field_id`, `q_id`),
    ADD KEY `FK_company_questionnaires_fields_templates_1` (`q_id`);

--
-- Indexes for table `company_questionnaires_sections`
--
ALTER TABLE `company_questionnaires_sections`
    ADD PRIMARY KEY (`q_section_id`);

--
-- Indexes for table `company_questionnaires_sections_templates`
--
ALTER TABLE `company_questionnaires_sections_templates`
    ADD PRIMARY KEY (`q_section_id`, `q_id`),
    ADD KEY `FK_company_questionnaires_sections_templates_1` (`q_id`);

--
-- Indexes for table `company_ta`
--
ALTER TABLE `company_ta`
    ADD PRIMARY KEY (`company_ta_id`),
    ADD KEY `FK_company_ta_company` (`company_id`);

--
-- Indexes for table `company_ta_divisions`
--
ALTER TABLE `company_ta_divisions`
    ADD KEY `FK_u_trust_account_divisions_divisions` (`division_id`),
    ADD KEY `FK_company_ta_divisions_company_ta` (`company_ta_id`);

--
-- Indexes for table `company_trial`
--
ALTER TABLE `company_trial`
    ADD KEY `FK_company_trial_company` (`company_id`);

--
-- Indexes for table `company_types`
--
ALTER TABLE `company_types`
    ADD PRIMARY KEY (`company_type_id`),
    ADD KEY `company_type_name` (`company_type_name`);

--
-- Indexes for table `company_websites`
--
ALTER TABLE `company_websites`
    ADD PRIMARY KEY (`id`),
    ADD UNIQUE KEY `entrance_name` (`entrance_name`),
    ADD KEY `FK_company_websites_company` (`company_id`),
    ADD KEY `FK_company_websites_company_websites_templates` (`template_id`);

--
-- Indexes for table `company_websites_templates`
--
ALTER TABLE `company_websites_templates`
    ADD PRIMARY KEY (`id`);

--
-- Indexes for table `country_master`
--
ALTER TABLE `country_master`
    ADD PRIMARY KEY (`countries_id`),
    ADD KEY `IDX_COUNTRIES_NAME` (`countries_name`);

--
-- Indexes for table `default_searches`
--
ALTER TABLE `default_searches`
    ADD KEY `FK_default_searches_members` (`member_id`);

--
-- Indexes for table `divisions`
--
ALTER TABLE `divisions`
    ADD PRIMARY KEY (`division_id`),
    ADD KEY `FK_divisions_company` (`company_id`),
    ADD KEY `FK_divisions_divisions_groups` (`division_group_id`);

--
-- Indexes for table `divisions_groups`
--
ALTER TABLE `divisions_groups`
    ADD PRIMARY KEY (`division_group_id`),
    ADD KEY `FK_divisions_company` (`company_id`);

--
-- Indexes for table `eml_accounts`
--
ALTER TABLE `eml_accounts`
    ADD PRIMARY KEY (`id`),
    ADD KEY `FK_eml_accounts_members` (`member_id`);

--
-- Indexes for table `eml_attachments`
--
ALTER TABLE `eml_attachments`
    ADD PRIMARY KEY (`id`),
    ADD KEY `msg_id` (`id_message`);

--
-- Indexes for table `eml_cron`
--
ALTER TABLE `eml_cron`
    ADD PRIMARY KEY (`id`);

--
-- Indexes for table `eml_cron_accounts`
--
ALTER TABLE `eml_cron_accounts`
    ADD PRIMARY KEY (`id`),
    ADD KEY `account_id` (`account_id`),
    ADD KEY `FK_eml_cron_accounts_eml_cron` (`cron_id`);

--
-- Indexes for table `eml_deleted_messages`
--
ALTER TABLE `eml_deleted_messages`
    ADD KEY `id_account` (`id_account`),
    ADD KEY `uid` (`uid`);

--
-- Indexes for table `eml_folders`
--
ALTER TABLE `eml_folders`
    ADD PRIMARY KEY (`id`),
    ADD KEY `FK_eml_folders_eml_accounts` (`id_account`);

--
-- Indexes for table `eml_messages`
--
ALTER TABLE `eml_messages`
    ADD PRIMARY KEY (`id`),
    ADD KEY `fldr_id` (`id_folder`),
    ADD KEY `acc_id` (`id_account`);

--
-- Indexes for table `eml_sample_server_settings`
--
ALTER TABLE `eml_sample_server_settings`
    ADD PRIMARY KEY (`id`);

--
-- Indexes for table `faq`
--
ALTER TABLE `faq`
    ADD PRIMARY KEY (`faq_id`),
    ADD KEY `FK_faq_faq_sections` (`faq_section_id`);

--
-- Indexes for table `faq_sections`
--
ALTER TABLE `faq_sections`
    ADD PRIMARY KEY (`faq_section_id`),
    ADD KEY `FK_faq_sections_faq_sections` (`parent_section_id`);

--
-- Indexes for table `field_types`
--
ALTER TABLE `field_types`
    ADD PRIMARY KEY (`field_type_id`);

--
-- Indexes for table `file_number_reservations`
--
ALTER TABLE `file_number_reservations`
    ADD PRIMARY KEY (`id`),
    ADD UNIQUE KEY `file_number` (`company_id`, `file_number`);

--
-- Indexes for table `folder_access`
--
ALTER TABLE `folder_access`
    ADD KEY `FK_folder_access_u_folders` (`folder_id`),
    ADD KEY `FK_folder_access_acl_roles` (`role_id`);

--
-- Indexes for table `FormAssigned`
--
ALTER TABLE `FormAssigned`
    ADD PRIMARY KEY (`FormAssignedId`),
    ADD KEY `FK_FormAssigned_members` (`ClientMemberId`),
    ADD KEY `FK_FormAssigned_FormVersion` (`FormVersionId`);

--
-- Indexes for table `FormFolder`
--
ALTER TABLE `FormFolder`
    ADD PRIMARY KEY (`FolderId`);

--
-- Indexes for table `FormLanding`
--
ALTER TABLE `FormLanding`
    ADD PRIMARY KEY (`FolderId`);

--
-- Indexes for table `FormMap`
--
ALTER TABLE `FormMap`
    ADD PRIMARY KEY (`FormMapId`),
    ADD KEY `FK_FormMap_FormSynField` (`FromSynFieldId`),
    ADD KEY `FK_FormMap_FormSynField_2` (`ToSynFieldId`),
    ADD KEY `FK_formMap_members_types` (`parent_member_type`);

--
-- Indexes for table `FormProcessed`
--
ALTER TABLE `FormProcessed`
    ADD PRIMARY KEY (`form_processed_id`),
    ADD KEY `FK_FormProcessed_FormTemplates` (`template_id`);

--
-- Indexes for table `FormRevision`
--
ALTER TABLE `FormRevision`
    ADD PRIMARY KEY (`FormRevisionId`),
    ADD KEY `FK_FormRevision_FormAssigned` (`FormAssignedId`),
    ADD KEY `FK_FormRevision_members` (`UploadedBy`);

--
-- Indexes for table `FormSynField`
--
ALTER TABLE `FormSynField`
    ADD PRIMARY KEY (`SynFieldId`);

--
-- Indexes for table `FormTemplates`
--
ALTER TABLE `FormTemplates`
    ADD PRIMARY KEY (`template_id`);

--
-- Indexes for table `FormUpload`
--
ALTER TABLE `FormUpload`
    ADD PRIMARY KEY (`FormId`),
    ADD KEY `FK_FormUpload_FormFolder` (`FolderId`);

--
-- Indexes for table `FormVersion`
--
ALTER TABLE `FormVersion`
    ADD PRIMARY KEY (`FormVersionId`);

--
-- Indexes for table `form_default`
--
ALTER TABLE `form_default`
    ADD PRIMARY KEY (`form_default_id`),
    ADD KEY `FK_form_default_company` (`company_id`),
    ADD KEY `FK_form_default_members` (`updated_by`),
    ADD KEY `FK_form_default_FormVersion` (`form_version_id`);

--
-- Indexes for table `hst_companies`
--
ALTER TABLE `hst_companies`
    ADD PRIMARY KEY (`province_id`);

--
-- Indexes for table `hst_officio`
--
ALTER TABLE `hst_officio`
    ADD PRIMARY KEY (`province_id`);

--
-- Indexes for table `letterheads`
--
ALTER TABLE `letterheads`
    ADD PRIMARY KEY (`letterhead_id`),
    ADD KEY `FK_company_id` (`company_id`),
    ADD KEY `FK_created_by` (`created_by`);

--
-- Indexes for table `letterheads_files`
--
ALTER TABLE `letterheads_files`
    ADD PRIMARY KEY (`letterhead_file_id`),
    ADD KEY `FK_letterhead_id` (`letterhead_id`);

--
-- Indexes for table `members`
--
ALTER TABLE `members`
    ADD PRIMARY KEY (`member_id`),
    ADD KEY `FK_members_company` (`company_id`),
    ADD KEY `FK_members_members_types` (`userType`),
    ADD KEY `FK_members_divisions_groups` (`division_group_id`);

--
-- Indexes for table `members_divisions`
--
ALTER TABLE `members_divisions`
    ADD UNIQUE KEY `member_id_division_id_type` (`member_id`, `division_id`, `type`),
    ADD KEY `FK_members_divisions_1` (`member_id`),
    ADD KEY `FK_members_divisions_divisions` (`division_id`);

--
-- Indexes for table `members_last_access`
--
ALTER TABLE `members_last_access`
    ADD PRIMARY KEY (`member_id`, `view_member_id`),
    ADD KEY `FK_members_last_access_members` (`view_member_id`);

--
-- Indexes for table `members_last_passwords`
--
ALTER TABLE `members_last_passwords`
    ADD KEY `FK_members_last_passwords_members` (`member_id`);

--
-- Indexes for table `members_password_retrievals`
--
ALTER TABLE `members_password_retrievals`
    ADD PRIMARY KEY (`id`),
    ADD KEY `FK_passwd_retr_members` (`member_id`);

--
-- Indexes for table `members_pua`
--
ALTER TABLE `members_pua`
    ADD PRIMARY KEY (`pua_id`),
    ADD KEY `FK_members_pua_members` (`member_id`),
    ADD KEY `FK_members_pua_members_2` (`pua_created_by`),
    ADD KEY `FK_members_pua_members_3` (`pua_updated_by`);

--
-- Indexes for table `members_queues`
--
ALTER TABLE `members_queues`
    ADD KEY `FK_members_queues_members` (`member_id`);

--
-- Indexes for table `members_relations`
--
ALTER TABLE `members_relations`
    ADD KEY `FK_members_relations_2` (`child_member_id`),
    ADD KEY `FK_members_relations_3` (`applicant_group_id`),
    ADD KEY `FK_members_relations` (`parent_member_id`);

--
-- Indexes for table `members_roles`
--
ALTER TABLE `members_roles`
    ADD KEY `FK_members_roles_members` (`member_id`),
    ADD KEY `FK_members_roles_acl_roles` (`role_id`);

--
-- Indexes for table `members_ta`
--
ALTER TABLE `members_ta`
    ADD PRIMARY KEY (`members_ta_id`),
    ADD KEY `FK_members_ta_members` (`member_id`),
    ADD KEY `FK_members_ta_company_ta` (`company_ta_id`);

--
-- Indexes for table `members_types`
--
ALTER TABLE `members_types`
    ADD PRIMARY KEY (`member_type_id`),
    ADD KEY `members_types` (`member_type_id`);

--
-- Indexes for table `members_vevo_mapping`
--
ALTER TABLE `members_vevo_mapping`
    ADD KEY `FK_members_vevo_mapping_members` (`from_member_id`),
    ADD KEY `FK_members_vevo_mapping_members_2` (`to_member_id`);

--
-- Indexes for table `news`
--
ALTER TABLE `news`
    ADD PRIMARY KEY (`news_id`);

--
-- Indexes for table `packages`
--
ALTER TABLE `packages`
    ADD PRIMARY KEY (`package_id`);

--
-- Indexes for table `packages_details`
--
ALTER TABLE `packages_details`
    ADD PRIMARY KEY (`package_detail_id`),
    ADD KEY `FK_packages_details_packages` (`package_id`),
    ADD KEY `FK_packages_details_acl_rules` (`rule_id`);

--
-- Indexes for table `pricing_categories`
--
ALTER TABLE `pricing_categories`
    ADD KEY `pricing_category_id` (`pricing_category_id`);

--
-- Indexes for table `pricing_category_details`
--
ALTER TABLE `pricing_category_details`
    ADD PRIMARY KEY (`pricing_category_detail_id`),
    ADD KEY `FK_pricing_category_details_pricing_categories` (`pricing_category_id`),
    ADD KEY `FK_pricing_category_details_subscriptions` (`subscription_id`);

--
-- Indexes for table `prospects`
--
ALTER TABLE `prospects`
    ADD PRIMARY KEY (`prospect_id`),
    ADD KEY `FK_prospects_company` (`company_id`),
    ADD KEY `FK_prospects_pricing_categories` (`pricing_category_id`),
    ADD KEY `FK_prospects_subscriptions` (`package_type`);

--
-- Indexes for table `reconciliation_log`
--
ALTER TABLE `reconciliation_log`
    ADD PRIMARY KEY (`reconciliation_id`);

--
-- Indexes for table `rss_black_list`
--
ALTER TABLE `rss_black_list`
    ADD PRIMARY KEY (`id`);

--
-- Indexes for table `schema_version`
--
ALTER TABLE `schema_version`
    ADD PRIMARY KEY (`version`);

--
-- Indexes for table `searches`
--
ALTER TABLE `searches`
    ADD PRIMARY KEY (`search_id`),
    ADD KEY `FK_searches_company` (`company_id`),
    ADD KEY `FK_searches_members` (`author_id`);

--
-- Indexes for table `states`
--
ALTER TABLE `states`
    ADD PRIMARY KEY (`state_id`),
    ADD KEY `FK_states_country_master` (`country_id`);

--
-- Indexes for table `subscriptions`
--
ALTER TABLE `subscriptions`
    ADD KEY `subscription_id` (`subscription_id`);

--
-- Indexes for table `subscriptions_packages`
--
ALTER TABLE `subscriptions_packages`
    ADD KEY `FK_subscriptions_packages_subscriptions` (`subscription_id`),
    ADD KEY `FK_subscriptions_packages_packages` (`package_id`);

--
-- Indexes for table `superadmin_searches`
--
ALTER TABLE `superadmin_searches`
    ADD PRIMARY KEY (`search_id`);

--
-- Indexes for table `superadmin_smtp`
--
ALTER TABLE `superadmin_smtp`
    ADD PRIMARY KEY (`smtp_id`);

--
-- Indexes for table `system_templates`
--
ALTER TABLE `system_templates`
    ADD PRIMARY KEY (`system_template_id`);

--
-- Indexes for table `templates`
--
ALTER TABLE `templates`
    ADD PRIMARY KEY (`template_id`),
    ADD KEY `FK_templates_members` (`member_id`),
    ADD KEY `FK_templates_u_folders` (`folder_id`);

--
-- Indexes for table `template_attachments`
--
ALTER TABLE `template_attachments`
    ADD KEY `FK_template_attachments_email_templates` (`email_template_id`),
    ADD KEY `FK_template_attachments_letter_templates` (`letter_template_id`);

--
-- Indexes for table `tickets`
--
ALTER TABLE `tickets`
    ADD PRIMARY KEY (`ticket_id`),
    ADD KEY `FK_tickets_author` (`author_id`),
    ADD KEY `FK_tickets_company_member` (`company_member_id`),
    ADD KEY `FK_tickets_company` (`company_id`);

--
-- Indexes for table `time_tracker`
--
ALTER TABLE `time_tracker`
    ADD PRIMARY KEY (`track_id`),
    ADD KEY `FK_clients_time_tracker_members` (`track_member_id`),
    ADD KEY `FK_time_tracker_company` (`track_company_id`);

--
-- Indexes for table `users`
--
ALTER TABLE `users`
    ADD PRIMARY KEY (`user_id`),
    ADD KEY `FK_users_members` (`member_id`),
    ADD KEY `FK_users_country_master` (`country`);

--
-- Indexes for table `usertypes`
--
ALTER TABLE `usertypes`
    ADD PRIMARY KEY (`usertype_id`);

--
-- Indexes for table `user_smtp`
--
ALTER TABLE `user_smtp`
    ADD PRIMARY KEY (`smtp_id`),
    ADD KEY `FK_user_smtp_1` (`member_id`);

--
-- Indexes for table `u_assigned_deposits`
--
ALTER TABLE `u_assigned_deposits`
    ADD PRIMARY KEY (`deposit_id`),
    ADD KEY `FK_u_assigned_deposits_members` (`author_id`),
    ADD KEY `FK_u_assigned_deposits_company_ta` (`company_ta_id`),
    ADD KEY `FK_u_assigned_deposits_u_trust_account` (`trust_account_id`),
    ADD KEY `FK_u_assigned_deposits_members_2` (`member_id`),
    ADD KEY `FK_u_assigned_deposits_templates` (`template_id`);

--
-- Indexes for table `u_assigned_withdrawals`
--
ALTER TABLE `u_assigned_withdrawals`
    ADD PRIMARY KEY (`withdrawal_id`),
    ADD KEY `company_ta_id` (`company_ta_id`),
    ADD KEY `trust_account_id` (`trust_account_id`),
    ADD KEY `invoice_id` (`invoice_id`),
    ADD KEY `returned_payment_member_id` (`returned_payment_member_id`),
    ADD KEY `FK_u_assigned_withdrawals_members` (`author_id`),
    ADD KEY `FK_u_member_id` (`member_id`);

--
-- Indexes for table `u_deposit_types`
--
ALTER TABLE `u_deposit_types`
    ADD PRIMARY KEY (`dtl_id`),
    ADD KEY `FK_u_deposit_types_company` (`company_id`),
    ADD KEY `FK_u_deposit_types_members` (`author_id`);

--
-- Indexes for table `u_destination_types`
--
ALTER TABLE `u_destination_types`
    ADD PRIMARY KEY (`destination_account_id`),
    ADD KEY `FK_u_destination_types_company` (`company_id`),
    ADD KEY `FK_u_destination_types_members` (`author_id`);

--
-- Indexes for table `u_folders`
--
ALTER TABLE `u_folders`
    ADD PRIMARY KEY (`folder_id`),
    ADD KEY `FK_u_folders_company` (`company_id`),
    ADD KEY `FK_u_folders_members` (`author_id`);

--
-- Indexes for table `u_import_transactions`
--
ALTER TABLE `u_import_transactions`
    ADD PRIMARY KEY (`import_transaction_id`),
    ADD KEY `FK_u_import_transactions_company_ta` (`company_ta_id`),
    ADD KEY `FK_u_import_transactions_members` (`author_id`);

--
-- Indexes for table `u_invoice`
--
ALTER TABLE `u_invoice`
    ADD PRIMARY KEY (`invoice_id`),
    ADD KEY `FK_u_invoice_members` (`member_id`),
    ADD KEY `FK_u_invoice_company_ta` (`company_ta_id`),
    ADD KEY `FK_u_invoice_members1` (`author_id`);

--
-- Indexes for table `u_links`
--
ALTER TABLE `u_links`
    ADD PRIMARY KEY (`link_id`),
    ADD KEY `FK_u_links_members` (`member_id`);

--
-- Indexes for table `u_log`
--
ALTER TABLE `u_log`
    ADD PRIMARY KEY (`log_id`),
    ADD KEY `FK_u_log_u_trust_account` (`trust_account_id`),
    ADD KEY `FK_u_log_members` (`author_id`);

--
-- Indexes for table `u_notes`
--
ALTER TABLE `u_notes`
    ADD PRIMARY KEY (`note_id`),
    ADD KEY `FK_u_notes_members` (`member_id`),
    ADD KEY `FK_u_notes_company` (`company_id`);

--
-- Indexes for table `u_payment`
--
ALTER TABLE `u_payment`
    ADD PRIMARY KEY (`payment_id`),
    ADD KEY `company_ta_id` (`company_ta_id`),
    ADD KEY `trust_account_id` (`trust_account_id`),
    ADD KEY `FK_u_payment_members` (`member_id`),
    ADD KEY `FK_u_payment_u_payment_schedule` (`payment_schedule_id`),
    ADD KEY `FK_author_id_u_payment` (`author_id`),
    ADD KEY `FK_u_invoice_id` (`invoice_id`);

--
-- Indexes for table `u_payment_invoices`
--
ALTER TABLE `u_payment_invoices`
    ADD PRIMARY KEY (`u_payment_invoice_id`),
    ADD KEY `FK_u_payment_invoices_members` (`member_id`),
    ADD KEY `FK_u_payment_invoices_company_ta` (`company_ta_id`);

--
-- Indexes for table `u_payment_schedule`
--
ALTER TABLE `u_payment_schedule`
    ADD PRIMARY KEY (`payment_schedule_id`),
    ADD KEY `FK_u_payment_schedule_members` (`member_id`),
    ADD KEY `FK_u_template_id` (`template_id`);

--
-- Indexes for table `u_payment_templates`
--
ALTER TABLE `u_payment_templates`
    ADD PRIMARY KEY (`saved_payment_template_id`),
    ADD KEY `FK_u_payment_templates_company` (`company_id`);

--
-- Indexes for table `u_sms`
--
ALTER TABLE `u_sms`
    ADD PRIMARY KEY (`id`);

--
-- Indexes for table `u_tasks`
--
ALTER TABLE `u_tasks`
    ADD PRIMARY KEY (`task_id`),
    ADD KEY `FK_u_tasks_company` (`company_id`),
    ADD KEY `FK_u_tasks_members` (`author_id`);

--
-- Indexes for table `u_tasks_assigned_to`
--
ALTER TABLE `u_tasks_assigned_to`
    ADD PRIMARY KEY (`id`),
    ADD KEY `FK_u_tasks_assigned_to_u_tasks` (`task_id`),
    ADD KEY `FK_u_tasks_assigned_to_members` (`member_id`);

--
-- Indexes for table `u_tasks_messages`
--
ALTER TABLE `u_tasks_messages`
    ADD PRIMARY KEY (`id`),
    ADD KEY `FK_u_tasks_messages_u_tasks` (`task_id`),
    ADD KEY `FK_u_tasks_messages_members` (`member_id`);

--
-- Indexes for table `u_tasks_priority`
--
ALTER TABLE `u_tasks_priority`
    ADD PRIMARY KEY (`id`),
    ADD KEY `FK_u_tasks_priority_u_tasks` (`task_id`),
    ADD KEY `FK_u_tasks_priority_members` (`member_id`);

--
-- Indexes for table `u_tasks_read`
--
ALTER TABLE `u_tasks_read`
    ADD PRIMARY KEY (`id`),
    ADD KEY `FK__u_tasks` (`task_id`),
    ADD KEY `FK__members` (`member_id`);

--
-- Indexes for table `u_trust_account`
--
ALTER TABLE `u_trust_account`
    ADD PRIMARY KEY (`trust_account_id`),
    ADD KEY `FK_u_trust_account_company_ta` (`company_ta_id`);

--
-- Indexes for table `u_variable`
--
ALTER TABLE `u_variable`
    ADD PRIMARY KEY (`name`);

--
-- Indexes for table `u_withdrawal_types`
--
ALTER TABLE `u_withdrawal_types`
    ADD PRIMARY KEY (`wtl_id`),
    ADD KEY `FK_u_withdrawal_types_company` (`company_id`),
    ADD KEY `FK_u_withdrawal_types_members` (`author_id`);

--
-- Indexes for table `zoho_keys`
--
ALTER TABLE `zoho_keys`
    ADD PRIMARY KEY (`zoho_key`);

--
-- AUTO_INCREMENT for dumped tables
--

--
-- AUTO_INCREMENT for table `access_logs`
--
ALTER TABLE `access_logs`
    MODIFY `log_id` bigint(20) UNSIGNED NOT NULL AUTO_INCREMENT,
    AUTO_INCREMENT = 149722;
--
-- AUTO_INCREMENT for table `acl_roles`
--
ALTER TABLE `acl_roles`
    MODIFY `role_id` int(11) NOT NULL AUTO_INCREMENT,
    AUTO_INCREMENT = 4939;
--
-- AUTO_INCREMENT for table `acl_rules`
--
ALTER TABLE `acl_rules`
    MODIFY `rule_id` int(11) NOT NULL AUTO_INCREMENT,
    AUTO_INCREMENT = 2298;
--
-- AUTO_INCREMENT for table `admin_navigation`
--
ALTER TABLE `admin_navigation`
    MODIFY `navigation_id` int(11) NOT NULL AUTO_INCREMENT,
    AUTO_INCREMENT = 61;
--
-- AUTO_INCREMENT for table `admin_navigation_sections`
--
ALTER TABLE `admin_navigation_sections`
    MODIFY `section_id` int(11) NOT NULL AUTO_INCREMENT,
    AUTO_INCREMENT = 5;
--
-- AUTO_INCREMENT for table `analytics`
--
ALTER TABLE `analytics`
    MODIFY `analytics_id` int(11) NOT NULL AUTO_INCREMENT,
    AUTO_INCREMENT = 8;
--
-- AUTO_INCREMENT for table `applicant_form_blocks`
--
ALTER TABLE `applicant_form_blocks`
    MODIFY `applicant_block_id` int(11) UNSIGNED NOT NULL AUTO_INCREMENT,
    AUTO_INCREMENT = 1108;
--
-- AUTO_INCREMENT for table `applicant_form_default`
--
ALTER TABLE `applicant_form_default`
    MODIFY `applicant_form_default_id` int(11) UNSIGNED NOT NULL AUTO_INCREMENT,
    AUTO_INCREMENT = 511;
--
-- AUTO_INCREMENT for table `applicant_form_fields`
--
ALTER TABLE `applicant_form_fields`
    MODIFY `applicant_field_id` int(11) UNSIGNED NOT NULL AUTO_INCREMENT,
    AUTO_INCREMENT = 4627;
--
-- AUTO_INCREMENT for table `applicant_form_groups`
--
ALTER TABLE `applicant_form_groups`
    MODIFY `applicant_group_id` int(11) UNSIGNED NOT NULL AUTO_INCREMENT,
    AUTO_INCREMENT = 2488;
--
-- AUTO_INCREMENT for table `applicant_types`
--
ALTER TABLE `applicant_types`
    MODIFY `applicant_type_id` int(11) UNSIGNED NOT NULL AUTO_INCREMENT,
    AUTO_INCREMENT = 35;
--
-- AUTO_INCREMENT for table `automated_billing_blacklist`
--
ALTER TABLE `automated_billing_blacklist`
    MODIFY `pt_error_id` int(11) UNSIGNED NOT NULL AUTO_INCREMENT,
    AUTO_INCREMENT = 11;
--
-- AUTO_INCREMENT for table `automated_billing_log`
--
ALTER TABLE `automated_billing_log`
    MODIFY `log_id` int(11) UNSIGNED NOT NULL AUTO_INCREMENT;
--
-- AUTO_INCREMENT for table `automated_billing_log_sessions`
--
ALTER TABLE `automated_billing_log_sessions`
    MODIFY `log_session_id` int(11) UNSIGNED NOT NULL AUTO_INCREMENT;
--
-- AUTO_INCREMENT for table `automatic_reminders`
--
ALTER TABLE `automatic_reminders`
    MODIFY `automatic_reminder_id` int(11) UNSIGNED NOT NULL AUTO_INCREMENT,
    AUTO_INCREMENT = 4295;
--
-- AUTO_INCREMENT for table `automatic_reminders_processed`
--
ALTER TABLE `automatic_reminders_processed`
    MODIFY `automatic_reminders_processed_id` int(11) UNSIGNED NOT NULL AUTO_INCREMENT;
--
-- AUTO_INCREMENT for table `automatic_reminder_actions`
--
ALTER TABLE `automatic_reminder_actions`
    MODIFY `automatic_reminder_action_id` int(11) UNSIGNED NOT NULL AUTO_INCREMENT,
    AUTO_INCREMENT = 49;
--
-- AUTO_INCREMENT for table `automatic_reminder_action_types`
--
ALTER TABLE `automatic_reminder_action_types`
    MODIFY `automatic_reminder_action_type_id` int(11) UNSIGNED NOT NULL AUTO_INCREMENT,
    AUTO_INCREMENT = 4;
--
-- AUTO_INCREMENT for table `automatic_reminder_conditions`
--
ALTER TABLE `automatic_reminder_conditions`
    MODIFY `automatic_reminder_condition_id` int(11) UNSIGNED NOT NULL AUTO_INCREMENT,
    AUTO_INCREMENT = 84;
--
-- AUTO_INCREMENT for table `automatic_reminder_condition_types`
--
ALTER TABLE `automatic_reminder_condition_types`
    MODIFY `automatic_reminder_condition_type_id` int(11) UNSIGNED NOT NULL AUTO_INCREMENT,
    AUTO_INCREMENT = 8;
--
-- AUTO_INCREMENT for table `automatic_reminder_schedule`
--
ALTER TABLE `automatic_reminder_schedule`
    MODIFY `automatic_reminder_schedule_id` bigint(20) UNSIGNED NOT NULL AUTO_INCREMENT;
--
-- AUTO_INCREMENT for table `automatic_reminder_triggers`
--
ALTER TABLE `automatic_reminder_triggers`
    MODIFY `automatic_reminder_trigger_id` int(11) UNSIGNED NOT NULL AUTO_INCREMENT,
    AUTO_INCREMENT = 77;
--
-- AUTO_INCREMENT for table `automatic_reminder_trigger_types`
--
ALTER TABLE `automatic_reminder_trigger_types`
    MODIFY `automatic_reminder_trigger_type_id` int(11) UNSIGNED NOT NULL AUTO_INCREMENT,
    AUTO_INCREMENT = 11;
--
-- AUTO_INCREMENT for table `business_hours_holidays`
--
ALTER TABLE `business_hours_holidays`
    MODIFY `holiday_id` bigint(20) UNSIGNED NOT NULL AUTO_INCREMENT;
--
-- AUTO_INCREMENT for table `clients`
--
ALTER TABLE `clients`
    MODIFY `client_id` bigint(20) NOT NULL AUTO_INCREMENT,
    AUTO_INCREMENT = 14192;
--
-- AUTO_INCREMENT for table `clients_import`
--
ALTER TABLE `clients_import`
    MODIFY `id` int(10) UNSIGNED NOT NULL AUTO_INCREMENT;
--
-- AUTO_INCREMENT for table `client_form_default`
--
ALTER TABLE `client_form_default`
    MODIFY `form_default_id` int(11) UNSIGNED NOT NULL AUTO_INCREMENT,
    AUTO_INCREMENT = 148954;
--
-- AUTO_INCREMENT for table `client_form_dependents`
--
ALTER TABLE `client_form_dependents`
    MODIFY `dependent_id` bigint(20) UNSIGNED NOT NULL AUTO_INCREMENT,
    AUTO_INCREMENT = 10862;
--
-- AUTO_INCREMENT for table `client_form_dependents_required_files`
--
ALTER TABLE `client_form_dependents_required_files`
    MODIFY `required_file_id` bigint(20) UNSIGNED NOT NULL AUTO_INCREMENT,
    AUTO_INCREMENT = 73;
--
-- AUTO_INCREMENT for table `client_form_dependents_uploaded_files`
--
ALTER TABLE `client_form_dependents_uploaded_files`
    MODIFY `uploaded_file_id` bigint(20) UNSIGNED NOT NULL AUTO_INCREMENT;
--
-- AUTO_INCREMENT for table `client_form_dependents_visa_survey`
--
ALTER TABLE `client_form_dependents_visa_survey`
    MODIFY `visa_survey_id` bigint(20) UNSIGNED NOT NULL AUTO_INCREMENT;
--
-- AUTO_INCREMENT for table `client_form_fields`
--
ALTER TABLE `client_form_fields`
    MODIFY `field_id` int(11) UNSIGNED NOT NULL AUTO_INCREMENT,
    AUTO_INCREMENT = 67921;
--
-- AUTO_INCREMENT for table `client_form_field_access`
--
ALTER TABLE `client_form_field_access`
    MODIFY `access_id` int(11) UNSIGNED NOT NULL AUTO_INCREMENT,
    AUTO_INCREMENT = 821567;
--
-- AUTO_INCREMENT for table `client_form_groups`
--
ALTER TABLE `client_form_groups`
    MODIFY `group_id` int(11) UNSIGNED NOT NULL AUTO_INCREMENT,
    AUTO_INCREMENT = 9711;
--
-- AUTO_INCREMENT for table `client_form_group_access`
--
ALTER TABLE `client_form_group_access`
    MODIFY `access_id` int(11) UNSIGNED NOT NULL AUTO_INCREMENT,
    AUTO_INCREMENT = 46380;
--
-- AUTO_INCREMENT for table `client_form_order`
--
ALTER TABLE `client_form_order`
    MODIFY `order_id` int(11) UNSIGNED NOT NULL AUTO_INCREMENT,
    AUTO_INCREMENT = 140861;
--
-- AUTO_INCREMENT for table `client_types`
--
ALTER TABLE `client_types`
    MODIFY `client_type_id` int(11) UNSIGNED NOT NULL AUTO_INCREMENT,
    AUTO_INCREMENT = 1063;
--
-- AUTO_INCREMENT for table `company`
--
ALTER TABLE `company`
    MODIFY `company_id` bigint(20) NOT NULL AUTO_INCREMENT,
    AUTO_INCREMENT = 2;
--
-- AUTO_INCREMENT for table `company_default_options`
--
ALTER TABLE `company_default_options`
    MODIFY `default_option_id` int(11) UNSIGNED NOT NULL AUTO_INCREMENT,
    AUTO_INCREMENT = 352;
--
-- AUTO_INCREMENT for table `company_invoice`
--
ALTER TABLE `company_invoice`
    MODIFY `company_invoice_id` int(11) UNSIGNED NOT NULL AUTO_INCREMENT;
--
-- AUTO_INCREMENT for table `company_prospects`
--
ALTER TABLE `company_prospects`
    MODIFY `prospect_id` bigint(20) NOT NULL AUTO_INCREMENT;
--
-- AUTO_INCREMENT for table `company_prospects_categories`
--
ALTER TABLE `company_prospects_categories`
    MODIFY `prospect_category_id` int(11) UNSIGNED NOT NULL AUTO_INCREMENT,
    AUTO_INCREMENT = 2;
--
-- AUTO_INCREMENT for table `company_prospects_job`
--
ALTER TABLE `company_prospects_job`
    MODIFY `qf_job_id` bigint(20) NOT NULL AUTO_INCREMENT;
--
-- AUTO_INCREMENT for table `company_prospects_notes`
--
ALTER TABLE `company_prospects_notes`
    MODIFY `note_id` bigint(20) UNSIGNED NOT NULL AUTO_INCREMENT;
--
-- AUTO_INCREMENT for table `company_prospects_templates`
--
ALTER TABLE `company_prospects_templates`
    MODIFY `prospect_template_id` int(11) UNSIGNED NOT NULL AUTO_INCREMENT,
    AUTO_INCREMENT = 2255;
--
-- AUTO_INCREMENT for table `company_questionnaires`
--
ALTER TABLE `company_questionnaires`
    MODIFY `q_id` int(11) UNSIGNED NOT NULL AUTO_INCREMENT,
    AUTO_INCREMENT = 3;
--
-- AUTO_INCREMENT for table `company_questionnaires_fields`
--
ALTER TABLE `company_questionnaires_fields`
    MODIFY `q_field_id` int(11) UNSIGNED NOT NULL AUTO_INCREMENT,
    AUTO_INCREMENT = 127;
--
-- AUTO_INCREMENT for table `company_questionnaires_fields_custom_options`
--
ALTER TABLE `company_questionnaires_fields_custom_options`
    MODIFY `q_field_custom_option_id` int(11) UNSIGNED NOT NULL AUTO_INCREMENT,
    AUTO_INCREMENT = 17;
--
-- AUTO_INCREMENT for table `company_questionnaires_fields_options`
--
ALTER TABLE `company_questionnaires_fields_options`
    MODIFY `q_field_option_id` int(11) UNSIGNED NOT NULL AUTO_INCREMENT,
    AUTO_INCREMENT = 397;
--
-- AUTO_INCREMENT for table `company_questionnaires_sections`
--
ALTER TABLE `company_questionnaires_sections`
    MODIFY `q_section_id` int(11) UNSIGNED NOT NULL AUTO_INCREMENT,
    AUTO_INCREMENT = 14;
--
-- AUTO_INCREMENT for table `company_ta`
--
ALTER TABLE `company_ta`
    MODIFY `company_ta_id` int(11) NOT NULL AUTO_INCREMENT,
    AUTO_INCREMENT = 2;
--
-- AUTO_INCREMENT for table `company_types`
--
ALTER TABLE `company_types`
    MODIFY `company_type_id` int(10) NOT NULL AUTO_INCREMENT,
    AUTO_INCREMENT = 8;
--
-- AUTO_INCREMENT for table `company_websites`
--
ALTER TABLE `company_websites`
    MODIFY `id` smallint(5) UNSIGNED NOT NULL AUTO_INCREMENT,
    AUTO_INCREMENT = 10;
--
-- AUTO_INCREMENT for table `company_websites_templates`
--
ALTER TABLE `company_websites_templates`
    MODIFY `id` tinyint(3) UNSIGNED NOT NULL AUTO_INCREMENT,
    AUTO_INCREMENT = 6;
--
-- AUTO_INCREMENT for table `country_master`
--
ALTER TABLE `country_master`
    MODIFY `countries_id` int(11) NOT NULL AUTO_INCREMENT,
    AUTO_INCREMENT = 763;
--
-- AUTO_INCREMENT for table `divisions`
--
ALTER TABLE `divisions`
    MODIFY `division_id` int(11) UNSIGNED NOT NULL AUTO_INCREMENT,
    AUTO_INCREMENT = 247;
--
-- AUTO_INCREMENT for table `divisions_groups`
--
ALTER TABLE `divisions_groups`
    MODIFY `division_group_id` int(11) UNSIGNED NOT NULL AUTO_INCREMENT,
    AUTO_INCREMENT = 47;
--
-- AUTO_INCREMENT for table `eml_accounts`
--
ALTER TABLE `eml_accounts`
    MODIFY `id` int(11) UNSIGNED NOT NULL AUTO_INCREMENT,
    AUTO_INCREMENT = 289;
--
-- AUTO_INCREMENT for table `eml_attachments`
--
ALTER TABLE `eml_attachments`
    MODIFY `id` bigint(20) NOT NULL AUTO_INCREMENT,
    AUTO_INCREMENT = 13;
--
-- AUTO_INCREMENT for table `eml_cron`
--
ALTER TABLE `eml_cron`
    MODIFY `id` int(11) UNSIGNED NOT NULL AUTO_INCREMENT;
--
-- AUTO_INCREMENT for table `eml_cron_accounts`
--
ALTER TABLE `eml_cron_accounts`
    MODIFY `id` int(11) UNSIGNED NOT NULL AUTO_INCREMENT;
--
-- AUTO_INCREMENT for table `eml_folders`
--
ALTER TABLE `eml_folders`
    MODIFY `id` int(11) UNSIGNED NOT NULL AUTO_INCREMENT,
    AUTO_INCREMENT = 1153;
--
-- AUTO_INCREMENT for table `eml_messages`
--
ALTER TABLE `eml_messages`
    MODIFY `id` bigint(20) NOT NULL AUTO_INCREMENT,
    AUTO_INCREMENT = 4887;
--
-- AUTO_INCREMENT for table `eml_sample_server_settings`
--
ALTER TABLE `eml_sample_server_settings`
    MODIFY `id` int(11) UNSIGNED NOT NULL AUTO_INCREMENT,
    AUTO_INCREMENT = 53;
--
-- AUTO_INCREMENT for table `faq`
--
ALTER TABLE `faq`
    MODIFY `faq_id` int(11) UNSIGNED NOT NULL AUTO_INCREMENT;
--
-- AUTO_INCREMENT for table `faq_sections`
--
ALTER TABLE `faq_sections`
    MODIFY `faq_section_id` int(11) UNSIGNED NOT NULL AUTO_INCREMENT;
--
-- AUTO_INCREMENT for table `field_types`
--
ALTER TABLE `field_types`
    MODIFY `field_type_id` int(11) UNSIGNED NOT NULL AUTO_INCREMENT,
    AUTO_INCREMENT = 45;
--
-- AUTO_INCREMENT for table `file_number_reservations`
--
ALTER TABLE `file_number_reservations`
    MODIFY `id` int(11) UNSIGNED NOT NULL AUTO_INCREMENT,
    AUTO_INCREMENT = 4;
--
-- AUTO_INCREMENT for table `FormAssigned`
--
ALTER TABLE `FormAssigned`
    MODIFY `FormAssignedId` int(10) UNSIGNED NOT NULL AUTO_INCREMENT,
    AUTO_INCREMENT = 23846;
--
-- AUTO_INCREMENT for table `FormFolder`
--
ALTER TABLE `FormFolder`
    MODIFY `FolderId` int(10) UNSIGNED NOT NULL AUTO_INCREMENT,
    AUTO_INCREMENT = 2;
--
-- AUTO_INCREMENT for table `FormLanding`
--
ALTER TABLE `FormLanding`
    MODIFY `FolderId` int(11) UNSIGNED NOT NULL AUTO_INCREMENT,
    AUTO_INCREMENT = 2;
--
-- AUTO_INCREMENT for table `FormMap`
--
ALTER TABLE `FormMap`
    MODIFY `FormMapId` int(10) UNSIGNED NOT NULL AUTO_INCREMENT,
    AUTO_INCREMENT = 651;
--
-- AUTO_INCREMENT for table `FormProcessed`
--
ALTER TABLE `FormProcessed`
    MODIFY `form_processed_id` int(11) UNSIGNED NOT NULL AUTO_INCREMENT,
    AUTO_INCREMENT = 5;
--
-- AUTO_INCREMENT for table `FormRevision`
--
ALTER TABLE `FormRevision`
    MODIFY `FormRevisionId` int(10) UNSIGNED NOT NULL AUTO_INCREMENT;
--
-- AUTO_INCREMENT for table `FormSynField`
--
ALTER TABLE `FormSynField`
    MODIFY `SynFieldId` int(10) UNSIGNED NOT NULL AUTO_INCREMENT,
    AUTO_INCREMENT = 1127;
--
-- AUTO_INCREMENT for table `FormTemplates`
--
ALTER TABLE `FormTemplates`
    MODIFY `template_id` int(11) UNSIGNED NOT NULL AUTO_INCREMENT,
    AUTO_INCREMENT = 3;
--
-- AUTO_INCREMENT for table `FormUpload`
--
ALTER TABLE `FormUpload`
    MODIFY `FormId` int(10) UNSIGNED NOT NULL AUTO_INCREMENT,
    AUTO_INCREMENT = 11;
--
-- AUTO_INCREMENT for table `FormVersion`
--
ALTER TABLE `FormVersion`
    MODIFY `FormVersionId` int(10) UNSIGNED NOT NULL AUTO_INCREMENT,
    AUTO_INCREMENT = 11;
--
-- AUTO_INCREMENT for table `form_default`
--
ALTER TABLE `form_default`
    MODIFY `form_default_id` int(10) UNSIGNED NOT NULL AUTO_INCREMENT;
--
-- AUTO_INCREMENT for table `hst_companies`
--
ALTER TABLE `hst_companies`
    MODIFY `province_id` int(11) UNSIGNED NOT NULL AUTO_INCREMENT,
    AUTO_INCREMENT = 17;
--
-- AUTO_INCREMENT for table `hst_officio`
--
ALTER TABLE `hst_officio`
    MODIFY `province_id` int(11) UNSIGNED NOT NULL AUTO_INCREMENT,
    AUTO_INCREMENT = 17;
--
-- AUTO_INCREMENT for table `letterheads`
--
ALTER TABLE `letterheads`
    MODIFY `letterhead_id` int(11) NOT NULL AUTO_INCREMENT;
--
-- AUTO_INCREMENT for table `letterheads_files`
--
ALTER TABLE `letterheads_files`
    MODIFY `letterhead_file_id` int(11) NOT NULL AUTO_INCREMENT;
--
-- AUTO_INCREMENT for table `members`
--
ALTER TABLE `members`
    MODIFY `member_id` bigint(20) NOT NULL AUTO_INCREMENT,
    AUTO_INCREMENT = 14481;
--
-- AUTO_INCREMENT for table `members_password_retrievals`
--
ALTER TABLE `members_password_retrievals`
    MODIFY `id` int(11) UNSIGNED NOT NULL AUTO_INCREMENT,
    AUTO_INCREMENT = 90;
--
-- AUTO_INCREMENT for table `members_pua`
--
ALTER TABLE `members_pua`
    MODIFY `pua_id` int(11) UNSIGNED NOT NULL AUTO_INCREMENT;
--
-- AUTO_INCREMENT for table `members_ta`
--
ALTER TABLE `members_ta`
    MODIFY `members_ta_id` int(11) NOT NULL AUTO_INCREMENT,
    AUTO_INCREMENT = 4752;
--
-- AUTO_INCREMENT for table `members_types`
--
ALTER TABLE `members_types`
    MODIFY `member_type_id` int(2) UNSIGNED NOT NULL AUTO_INCREMENT,
    AUTO_INCREMENT = 11;
--
-- AUTO_INCREMENT for table `news`
--
ALTER TABLE `news`
    MODIFY `news_id` int(11) UNSIGNED NOT NULL AUTO_INCREMENT;
--
-- AUTO_INCREMENT for table `packages`
--
ALTER TABLE `packages`
    MODIFY `package_id` int(11) NOT NULL AUTO_INCREMENT,
    AUTO_INCREMENT = 5;
--
-- AUTO_INCREMENT for table `packages_details`
--
ALTER TABLE `packages_details`
    MODIFY `package_detail_id` int(11) NOT NULL AUTO_INCREMENT,
    AUTO_INCREMENT = 257;
--
-- AUTO_INCREMENT for table `pricing_categories`
--
ALTER TABLE `pricing_categories`
    MODIFY `pricing_category_id` int(11) UNSIGNED NOT NULL AUTO_INCREMENT,
    AUTO_INCREMENT = 3;
--
-- AUTO_INCREMENT for table `pricing_category_details`
--
ALTER TABLE `pricing_category_details`
    MODIFY `pricing_category_detail_id` int(11) UNSIGNED NOT NULL AUTO_INCREMENT,
    AUTO_INCREMENT = 10;
--
-- AUTO_INCREMENT for table `prospects`
--
ALTER TABLE `prospects`
    MODIFY `prospect_id` int(11) UNSIGNED NOT NULL AUTO_INCREMENT;
--
-- AUTO_INCREMENT for table `reconciliation_log`
--
ALTER TABLE `reconciliation_log`
    MODIFY `reconciliation_id` int(11) UNSIGNED NOT NULL AUTO_INCREMENT;
--
-- AUTO_INCREMENT for table `rss_black_list`
--
ALTER TABLE `rss_black_list`
    MODIFY `id` int(11) NOT NULL AUTO_INCREMENT,
    AUTO_INCREMENT = 13;
--
-- AUTO_INCREMENT for table `searches`
--
ALTER TABLE `searches`
    MODIFY `search_id` int(11) NOT NULL AUTO_INCREMENT,
    AUTO_INCREMENT = 10795;
--
-- AUTO_INCREMENT for table `states`
--
ALTER TABLE `states`
    MODIFY `state_id` int(11) UNSIGNED NOT NULL AUTO_INCREMENT,
    AUTO_INCREMENT = 22;
--
-- AUTO_INCREMENT for table `superadmin_searches`
--
ALTER TABLE `superadmin_searches`
    MODIFY `search_id` int(11) NOT NULL AUTO_INCREMENT,
    AUTO_INCREMENT = 10;
--
-- AUTO_INCREMENT for table `superadmin_smtp`
--
ALTER TABLE `superadmin_smtp`
    MODIFY `smtp_id` int(11) UNSIGNED NOT NULL AUTO_INCREMENT,
    AUTO_INCREMENT = 3;
--
-- AUTO_INCREMENT for table `system_templates`
--
ALTER TABLE `system_templates`
    MODIFY `system_template_id` int(11) UNSIGNED NOT NULL AUTO_INCREMENT,
    AUTO_INCREMENT = 28;
--
-- AUTO_INCREMENT for table `templates`
--
ALTER TABLE `templates`
    MODIFY `template_id` int(11) UNSIGNED NOT NULL AUTO_INCREMENT,
    AUTO_INCREMENT = 9378;
--
-- AUTO_INCREMENT for table `tickets`
--
ALTER TABLE `tickets`
    MODIFY `ticket_id` int(11) UNSIGNED NOT NULL AUTO_INCREMENT,
    AUTO_INCREMENT = 35;
--
-- AUTO_INCREMENT for table `time_tracker`
--
ALTER TABLE `time_tracker`
    MODIFY `track_id` bigint(20) NOT NULL AUTO_INCREMENT;
--
-- AUTO_INCREMENT for table `users`
--
ALTER TABLE `users`
    MODIFY `user_id` bigint(20) NOT NULL AUTO_INCREMENT,
    AUTO_INCREMENT = 289;
--
-- AUTO_INCREMENT for table `usertypes`
--
ALTER TABLE `usertypes`
    MODIFY `usertype_id` int(11) NOT NULL AUTO_INCREMENT,
    AUTO_INCREMENT = 5;
--
-- AUTO_INCREMENT for table `user_smtp`
--
ALTER TABLE `user_smtp`
    MODIFY `smtp_id` int(11) UNSIGNED NOT NULL AUTO_INCREMENT;
--
-- AUTO_INCREMENT for table `u_assigned_deposits`
--
ALTER TABLE `u_assigned_deposits`
    MODIFY `deposit_id` int(11) NOT NULL AUTO_INCREMENT;
--
-- AUTO_INCREMENT for table `u_assigned_withdrawals`
--
ALTER TABLE `u_assigned_withdrawals`
    MODIFY `withdrawal_id` int(11) NOT NULL AUTO_INCREMENT;
--
-- AUTO_INCREMENT for table `u_deposit_types`
--
ALTER TABLE `u_deposit_types`
    MODIFY `dtl_id` int(11) NOT NULL AUTO_INCREMENT,
    AUTO_INCREMENT = 2579;
--
-- AUTO_INCREMENT for table `u_destination_types`
--
ALTER TABLE `u_destination_types`
    MODIFY `destination_account_id` int(11) NOT NULL AUTO_INCREMENT;
--
-- AUTO_INCREMENT for table `u_folders`
--
ALTER TABLE `u_folders`
    MODIFY `folder_id` int(11) UNSIGNED NOT NULL AUTO_INCREMENT,
    AUTO_INCREMENT = 7222;
--
-- AUTO_INCREMENT for table `u_import_transactions`
--
ALTER TABLE `u_import_transactions`
    MODIFY `import_transaction_id` int(11) NOT NULL AUTO_INCREMENT;
--
-- AUTO_INCREMENT for table `u_invoice`
--
ALTER TABLE `u_invoice`
    MODIFY `invoice_id` int(11) NOT NULL AUTO_INCREMENT;
--
-- AUTO_INCREMENT for table `u_links`
--
ALTER TABLE `u_links`
    MODIFY `link_id` int(11) NOT NULL AUTO_INCREMENT,
    AUTO_INCREMENT = 12;
--
-- AUTO_INCREMENT for table `u_log`
--
ALTER TABLE `u_log`
    MODIFY `log_id` int(11) NOT NULL AUTO_INCREMENT;
--
-- AUTO_INCREMENT for table `u_notes`
--
ALTER TABLE `u_notes`
    MODIFY `note_id` int(11) UNSIGNED NOT NULL AUTO_INCREMENT,
    AUTO_INCREMENT = 50902;
--
-- AUTO_INCREMENT for table `u_payment`
--
ALTER TABLE `u_payment`
    MODIFY `payment_id` int(11) NOT NULL AUTO_INCREMENT,
    AUTO_INCREMENT = 49947;
--
-- AUTO_INCREMENT for table `u_payment_invoices`
--
ALTER TABLE `u_payment_invoices`
    MODIFY `u_payment_invoice_id` int(11) UNSIGNED NOT NULL AUTO_INCREMENT,
    AUTO_INCREMENT = 1244;
--
-- AUTO_INCREMENT for table `u_payment_schedule`
--
ALTER TABLE `u_payment_schedule`
    MODIFY `payment_schedule_id` int(11) NOT NULL AUTO_INCREMENT;
--
-- AUTO_INCREMENT for table `u_payment_templates`
--
ALTER TABLE `u_payment_templates`
    MODIFY `saved_payment_template_id` int(11) UNSIGNED NOT NULL AUTO_INCREMENT;
--
-- AUTO_INCREMENT for table `u_sms`
--
ALTER TABLE `u_sms`
    MODIFY `id` int(10) NOT NULL AUTO_INCREMENT;
--
-- AUTO_INCREMENT for table `u_tasks`
--
ALTER TABLE `u_tasks`
    MODIFY `task_id` int(11) UNSIGNED NOT NULL AUTO_INCREMENT,
    AUTO_INCREMENT = 7;
--
-- AUTO_INCREMENT for table `u_tasks_assigned_to`
--
ALTER TABLE `u_tasks_assigned_to`
    MODIFY `id` int(11) UNSIGNED NOT NULL AUTO_INCREMENT,
    AUTO_INCREMENT = 8;
--
-- AUTO_INCREMENT for table `u_tasks_messages`
--
ALTER TABLE `u_tasks_messages`
    MODIFY `id` int(10) UNSIGNED NOT NULL AUTO_INCREMENT,
    AUTO_INCREMENT = 14;
--
-- AUTO_INCREMENT for table `u_tasks_priority`
--
ALTER TABLE `u_tasks_priority`
    MODIFY `id` int(10) NOT NULL AUTO_INCREMENT;
--
-- AUTO_INCREMENT for table `u_tasks_read`
--
ALTER TABLE `u_tasks_read`
    MODIFY `id` int(10) NOT NULL AUTO_INCREMENT,
    AUTO_INCREMENT = 7;
--
-- AUTO_INCREMENT for table `u_trust_account`
--
ALTER TABLE `u_trust_account`
    MODIFY `trust_account_id` int(11) NOT NULL AUTO_INCREMENT;
--
-- AUTO_INCREMENT for table `u_withdrawal_types`
--
ALTER TABLE `u_withdrawal_types`
    MODIFY `wtl_id` int(11) NOT NULL AUTO_INCREMENT,
    AUTO_INCREMENT = 2565;
--
-- Constraints for dumped tables
--

--
-- Constraints for table `access_logs`
--
ALTER TABLE `access_logs`
    ADD CONSTRAINT `FK_access_logs_company` FOREIGN KEY (`log_company_id`) REFERENCES `company` (`company_id`) ON DELETE CASCADE ON UPDATE CASCADE,
    ADD CONSTRAINT `FK_access_logs_members` FOREIGN KEY (`log_created_by`) REFERENCES `members` (`member_id`) ON DELETE CASCADE ON UPDATE CASCADE,
    ADD CONSTRAINT `FK_access_logs_members_2` FOREIGN KEY (`log_action_applied_to`) REFERENCES `members` (`member_id`) ON DELETE CASCADE ON UPDATE CASCADE;

--
-- Constraints for table `acl_roles`
--
ALTER TABLE `acl_roles`
    ADD CONSTRAINT `FK_acl_roles_company` FOREIGN KEY (`company_id`) REFERENCES `company` (`company_id`) ON DELETE CASCADE ON UPDATE CASCADE,
    ADD CONSTRAINT `FK_roles_divisions_groups` FOREIGN KEY (`division_group_id`) REFERENCES `divisions_groups` (`division_group_id`) ON DELETE CASCADE ON UPDATE CASCADE;

--
-- Constraints for table `acl_role_access`
--
ALTER TABLE `acl_role_access`
    ADD CONSTRAINT `FK_acl_role_access_1` FOREIGN KEY (`rule_id`) REFERENCES `acl_rules` (`rule_id`) ON DELETE CASCADE ON UPDATE CASCADE,
    ADD CONSTRAINT `FK_acl_role_access_acl_roles` FOREIGN KEY (`role_id`) REFERENCES `acl_roles` (`role_parent_id`) ON DELETE CASCADE ON UPDATE CASCADE;

--
-- Constraints for table `acl_rule_details`
--
ALTER TABLE `acl_rule_details`
    ADD CONSTRAINT `FK_acl_rule_details_1` FOREIGN KEY (`rule_id`) REFERENCES `acl_rules` (`rule_id`) ON DELETE CASCADE ON UPDATE CASCADE;

--
-- Constraints for table `analytics`
--
ALTER TABLE `analytics`
    ADD CONSTRAINT `FK_analytics_company` FOREIGN KEY (`company_id`) REFERENCES `company` (`company_id`) ON DELETE CASCADE ON UPDATE CASCADE;

--
-- Constraints for table `applicant_form_blocks`
--
ALTER TABLE `applicant_form_blocks`
    ADD CONSTRAINT `FK_applicant_form_blocks_1` FOREIGN KEY (`member_type_id`) REFERENCES `members_types` (`member_type_id`) ON DELETE CASCADE ON UPDATE CASCADE,
    ADD CONSTRAINT `FK_applicant_form_blocks_2` FOREIGN KEY (`company_id`) REFERENCES `company` (`company_id`) ON DELETE CASCADE ON UPDATE CASCADE,
    ADD CONSTRAINT `FK_applicant_form_blocks_3` FOREIGN KEY (`applicant_type_id`) REFERENCES `applicant_types` (`applicant_type_id`) ON DELETE CASCADE ON UPDATE CASCADE;

--
-- Constraints for table `applicant_form_data`
--
ALTER TABLE `applicant_form_data`
    ADD CONSTRAINT `FK_applicant_form_data_1` FOREIGN KEY (`applicant_id`) REFERENCES `members` (`member_id`) ON DELETE CASCADE ON UPDATE CASCADE,
    ADD CONSTRAINT `FK_applicant_form_data_2` FOREIGN KEY (`applicant_field_id`) REFERENCES `applicant_form_fields` (`applicant_field_id`) ON DELETE CASCADE ON UPDATE CASCADE;

--
-- Constraints for table `applicant_form_default`
--
ALTER TABLE `applicant_form_default`
    ADD CONSTRAINT `FK_applicant_form_default_1` FOREIGN KEY (`applicant_field_id`) REFERENCES `applicant_form_fields` (`applicant_field_id`) ON DELETE CASCADE ON UPDATE CASCADE;

--
-- Constraints for table `applicant_form_fields`
--
ALTER TABLE `applicant_form_fields`
    ADD CONSTRAINT `FK_applicant_form_fields_1` FOREIGN KEY (`member_type_id`) REFERENCES `members_types` (`member_type_id`) ON DELETE CASCADE ON UPDATE CASCADE,
    ADD CONSTRAINT `FK_applicant_form_fields_2` FOREIGN KEY (`company_id`) REFERENCES `company` (`company_id`) ON DELETE CASCADE ON UPDATE CASCADE;

--
-- Constraints for table `applicant_form_fields_access`
--
ALTER TABLE `applicant_form_fields_access`
    ADD CONSTRAINT `FK_applicant_form_fields_access_1` FOREIGN KEY (`role_id`) REFERENCES `acl_roles` (`role_id`) ON DELETE CASCADE ON UPDATE CASCADE,
    ADD CONSTRAINT `FK_applicant_form_fields_access_2` FOREIGN KEY (`applicant_group_id`) REFERENCES `applicant_form_groups` (`applicant_group_id`) ON DELETE CASCADE ON UPDATE CASCADE,
    ADD CONSTRAINT `FK_applicant_form_fields_access_3` FOREIGN KEY (`applicant_field_id`) REFERENCES `applicant_form_fields` (`applicant_field_id`) ON DELETE CASCADE ON UPDATE CASCADE;

--
-- Constraints for table `applicant_form_fields_access_default`
--
ALTER TABLE `applicant_form_fields_access_default`
    ADD CONSTRAINT `FK_applicant_form_fields_access_default_acl_roles` FOREIGN KEY (`role_id`) REFERENCES `acl_roles` (`role_id`) ON DELETE CASCADE ON UPDATE CASCADE,
    ADD CONSTRAINT `FK_applicant_form_fields_access_default_applicant_form_fields` FOREIGN KEY (`applicant_field_id`) REFERENCES `applicant_form_fields` (`applicant_field_id`) ON DELETE CASCADE ON UPDATE CASCADE;

--
-- Constraints for table `applicant_form_groups`
--
ALTER TABLE `applicant_form_groups`
    ADD CONSTRAINT `FK_applicant_form_groups_1` FOREIGN KEY (`applicant_block_id`) REFERENCES `applicant_form_blocks` (`applicant_block_id`) ON DELETE CASCADE ON UPDATE CASCADE,
    ADD CONSTRAINT `FK_applicant_form_groups_2` FOREIGN KEY (`company_id`) REFERENCES `company` (`company_id`) ON DELETE CASCADE ON UPDATE CASCADE;

--
-- Constraints for table `applicant_form_order`
--
ALTER TABLE `applicant_form_order`
    ADD CONSTRAINT `FK_applicant_form_order_1` FOREIGN KEY (`applicant_group_id`) REFERENCES `applicant_form_groups` (`applicant_group_id`) ON DELETE CASCADE ON UPDATE CASCADE,
    ADD CONSTRAINT `FK_applicant_form_order_2` FOREIGN KEY (`applicant_field_id`) REFERENCES `applicant_form_fields` (`applicant_field_id`) ON DELETE CASCADE ON UPDATE CASCADE;

--
-- Constraints for table `applicant_types`
--
ALTER TABLE `applicant_types`
    ADD CONSTRAINT `FK_applicant_types_1` FOREIGN KEY (`company_id`) REFERENCES `company` (`company_id`) ON DELETE CASCADE ON UPDATE CASCADE,
    ADD CONSTRAINT `FK_applicant_types_2` FOREIGN KEY (`member_type_id`) REFERENCES `members_types` (`member_type_id`) ON DELETE CASCADE ON UPDATE CASCADE;

--
-- Constraints for table `automated_billing_log`
--
ALTER TABLE `automated_billing_log`
    ADD CONSTRAINT `FK_automated_billing_log_automated_billing_log_sessions` FOREIGN KEY (`log_session_id`) REFERENCES `automated_billing_log_sessions` (`log_session_id`) ON DELETE NO ACTION ON UPDATE NO ACTION;

--
-- Constraints for table `automatic_reminders`
--
ALTER TABLE `automatic_reminders`
    ADD CONSTRAINT `FK_automatic_reminders_company` FOREIGN KEY (`company_id`) REFERENCES `company` (`company_id`) ON DELETE CASCADE ON UPDATE CASCADE;

--
-- Constraints for table `automatic_reminders_processed`
--
ALTER TABLE `automatic_reminders_processed`
    ADD CONSTRAINT `FK_automatic_reminders_processed_automatic_reminders` FOREIGN KEY (`automatic_reminder_id`) REFERENCES `automatic_reminders` (`automatic_reminder_id`) ON DELETE CASCADE ON UPDATE CASCADE,
    ADD CONSTRAINT `FK_automatic_reminders_processed_members` FOREIGN KEY (`member_id`) REFERENCES `members` (`member_id`) ON DELETE CASCADE ON UPDATE CASCADE;

--
-- Constraints for table `automatic_reminder_actions`
--
ALTER TABLE `automatic_reminder_actions`
    ADD CONSTRAINT `FK_automatic_reminder_actions_automatic_reminder_action_types` FOREIGN KEY (`automatic_reminder_action_type_id`) REFERENCES `automatic_reminder_action_types` (`automatic_reminder_action_type_id`) ON DELETE CASCADE ON UPDATE CASCADE,
    ADD CONSTRAINT `FK_automatic_reminder_actions_automatic_reminders` FOREIGN KEY (`automatic_reminder_id`) REFERENCES `automatic_reminders` (`automatic_reminder_id`) ON DELETE CASCADE ON UPDATE CASCADE,
    ADD CONSTRAINT `FK_automatic_reminder_actions_company` FOREIGN KEY (`company_id`) REFERENCES `company` (`company_id`) ON DELETE CASCADE ON UPDATE CASCADE;

--
-- Constraints for table `automatic_reminder_conditions`
--
ALTER TABLE `automatic_reminder_conditions`
    ADD CONSTRAINT `FK_automatic_reminder_conditions_automatic_reminders` FOREIGN KEY (`automatic_reminder_id`) REFERENCES `automatic_reminders` (`automatic_reminder_id`) ON DELETE CASCADE ON UPDATE CASCADE,
    ADD CONSTRAINT `FK_automatic_reminder_conditions_company` FOREIGN KEY (`company_id`) REFERENCES `company` (`company_id`) ON DELETE CASCADE ON UPDATE CASCADE,
    ADD CONSTRAINT `FK_automatic_reminder_conditions_condition_types` FOREIGN KEY (`automatic_reminder_condition_type_id`) REFERENCES `automatic_reminder_condition_types` (`automatic_reminder_condition_type_id`) ON DELETE CASCADE ON UPDATE CASCADE;

--
-- Constraints for table `automatic_reminder_schedule`
--
ALTER TABLE `automatic_reminder_schedule`
    ADD CONSTRAINT `FK_automatic_reminder_schedule_automatic_reminders` FOREIGN KEY (`automatic_reminder_id`) REFERENCES `automatic_reminders` (`automatic_reminder_id`) ON DELETE CASCADE ON UPDATE CASCADE,
    ADD CONSTRAINT `FK_automatic_reminder_schedule_trigger_types` FOREIGN KEY (`automatic_reminder_trigger_type_id`) REFERENCES `automatic_reminder_trigger_types` (`automatic_reminder_trigger_type_id`) ON DELETE CASCADE ON UPDATE CASCADE;

--
-- Constraints for table `automatic_reminder_triggers`
--
ALTER TABLE `automatic_reminder_triggers`
    ADD CONSTRAINT `FK_automatic_reminder_triggers_automatic_reminder_trigger_types` FOREIGN KEY (`automatic_reminder_trigger_type_id`) REFERENCES `automatic_reminder_trigger_types` (`automatic_reminder_trigger_type_id`) ON DELETE CASCADE ON UPDATE CASCADE,
    ADD CONSTRAINT `FK_automatic_reminder_triggers_automatic_reminders` FOREIGN KEY (`automatic_reminder_id`) REFERENCES `automatic_reminders` (`automatic_reminder_id`) ON DELETE CASCADE ON UPDATE CASCADE,
    ADD CONSTRAINT `FK_automatic_reminder_triggers_company` FOREIGN KEY (`company_id`) REFERENCES `company` (`company_id`) ON DELETE CASCADE ON UPDATE CASCADE;

--
-- Constraints for table `business_hours_holidays`
--
ALTER TABLE `business_hours_holidays`
    ADD CONSTRAINT `FK_business_hours_holidays_company` FOREIGN KEY (`company_id`) REFERENCES `company` (`company_id`) ON DELETE CASCADE ON UPDATE CASCADE,
    ADD CONSTRAINT `FK_business_hours_holidays_members` FOREIGN KEY (`member_id`) REFERENCES `members` (`member_id`) ON DELETE CASCADE ON UPDATE CASCADE;

--
-- Constraints for table `business_hours_workdays`
--
ALTER TABLE `business_hours_workdays`
    ADD CONSTRAINT `FK_business_hours_time_company` FOREIGN KEY (`company_id`) REFERENCES `company` (`company_id`) ON DELETE CASCADE ON UPDATE CASCADE,
    ADD CONSTRAINT `FK_business_hours_time_members` FOREIGN KEY (`member_id`) REFERENCES `members` (`member_id`) ON DELETE CASCADE ON UPDATE CASCADE;

--
-- Constraints for table `clients`
--
ALTER TABLE `clients`
    ADD CONSTRAINT `FK_clients_1` FOREIGN KEY (`member_id`) REFERENCES `members` (`member_id`) ON DELETE CASCADE ON UPDATE CASCADE,
    ADD CONSTRAINT `FK_clients_applicant_types` FOREIGN KEY (`applicant_type_id`) REFERENCES `applicant_types` (`applicant_type_id`) ON DELETE CASCADE ON UPDATE CASCADE,
    ADD CONSTRAINT `FK_clients_client_types` FOREIGN KEY (`client_type_id`) REFERENCES `client_types` (`client_type_id`) ON DELETE CASCADE ON UPDATE CASCADE,
    ADD CONSTRAINT `FK_clients_members` FOREIGN KEY (`modified_by`) REFERENCES `members` (`member_id`) ON DELETE SET NULL ON UPDATE CASCADE;

--
-- Constraints for table `clients_import`
--
ALTER TABLE `clients_import`
    ADD CONSTRAINT `FK1_company_id_to_clients_import` FOREIGN KEY (`company_id`) REFERENCES `company` (`company_id`) ON DELETE CASCADE ON UPDATE CASCADE,
    ADD CONSTRAINT `FK2_creator_id_to_members` FOREIGN KEY (`creator_id`) REFERENCES `members` (`member_id`) ON DELETE SET NULL ON UPDATE CASCADE;

--
-- Constraints for table `client_form_data`
--
ALTER TABLE `client_form_data`
    ADD CONSTRAINT `FK_client_form_data_1` FOREIGN KEY (`field_id`) REFERENCES `client_form_fields` (`field_id`) ON DELETE CASCADE ON UPDATE CASCADE,
    ADD CONSTRAINT `FK_client_form_data_2` FOREIGN KEY (`member_id`) REFERENCES `members` (`member_id`) ON DELETE CASCADE ON UPDATE CASCADE;

--
-- Constraints for table `client_form_default`
--
ALTER TABLE `client_form_default`
    ADD CONSTRAINT `FK_client_form_default_1` FOREIGN KEY (`field_id`) REFERENCES `client_form_fields` (`field_id`) ON DELETE CASCADE ON UPDATE CASCADE;

--
-- Constraints for table `client_form_dependents`
--
ALTER TABLE `client_form_dependents`
    ADD CONSTRAINT `FK_client_form_dependents_1` FOREIGN KEY (`member_id`) REFERENCES `members` (`member_id`) ON DELETE CASCADE ON UPDATE CASCADE;

--
-- Constraints for table `client_form_dependents_required_files`
--
ALTER TABLE `client_form_dependents_required_files`
    ADD CONSTRAINT `FK_client_form_dependents_required_files_company` FOREIGN KEY (`company_id`) REFERENCES `company` (`company_id`) ON DELETE CASCADE ON UPDATE CASCADE;

--
-- Constraints for table `client_form_dependents_uploaded_files`
--
ALTER TABLE `client_form_dependents_uploaded_files`
    ADD CONSTRAINT `FK_client_form_dependents_uploaded_files_client_form_dependents` FOREIGN KEY (`dependent_id`) REFERENCES `client_form_dependents` (`dependent_id`) ON DELETE CASCADE ON UPDATE CASCADE,
    ADD CONSTRAINT `FK_client_form_dependents_uploaded_files_client_required_files` FOREIGN KEY (`required_file_id`) REFERENCES `client_form_dependents_required_files` (`required_file_id`) ON DELETE CASCADE ON UPDATE CASCADE,
    ADD CONSTRAINT `FK_client_form_dependents_uploaded_files_members` FOREIGN KEY (`member_id`) REFERENCES `members` (`member_id`) ON DELETE CASCADE ON UPDATE CASCADE;

--
-- Constraints for table `client_form_dependents_uploaded_file_tags`
--
ALTER TABLE `client_form_dependents_uploaded_file_tags`
    ADD CONSTRAINT `FK_client_form_dependents_uploaded_file_tags` FOREIGN KEY (`uploaded_file_id`) REFERENCES `client_form_dependents_uploaded_files` (`uploaded_file_id`) ON DELETE CASCADE ON UPDATE CASCADE,
    ADD CONSTRAINT `FK_client_form_dependents_uploaded_file_tags_company` FOREIGN KEY (`company_id`) REFERENCES `company` (`company_id`) ON DELETE CASCADE ON UPDATE CASCADE;

--
-- Constraints for table `client_form_dependents_visa_survey`
--
ALTER TABLE `client_form_dependents_visa_survey`
    ADD CONSTRAINT `FK_client_form_dependents_visa_survey_dependents` FOREIGN KEY (`dependent_id`) REFERENCES `client_form_dependents` (`dependent_id`) ON DELETE CASCADE ON UPDATE CASCADE,
    ADD CONSTRAINT `FK_client_form_dependents_visa_survey_members` FOREIGN KEY (`member_id`) REFERENCES `members` (`member_id`) ON DELETE CASCADE ON UPDATE CASCADE;

--
-- Constraints for table `client_form_fields`
--
ALTER TABLE `client_form_fields`
    ADD CONSTRAINT `FK_client_form_fields_company` FOREIGN KEY (`company_id`) REFERENCES `company` (`company_id`) ON DELETE CASCADE ON UPDATE CASCADE,
    ADD CONSTRAINT `FK_client_form_fields_field_types` FOREIGN KEY (`type`) REFERENCES `field_types` (`field_type_id`) ON DELETE CASCADE ON UPDATE CASCADE;

--
-- Constraints for table `client_form_fields_access_default`
--
ALTER TABLE `client_form_fields_access_default`
    ADD CONSTRAINT `FK_client_form_fields_access_default_acl_roles` FOREIGN KEY (`role_id`) REFERENCES `acl_roles` (`role_id`) ON DELETE CASCADE ON UPDATE CASCADE,
    ADD CONSTRAINT `FK_client_form_fields_access_default_client_form_fields` FOREIGN KEY (`client_field_id`) REFERENCES `client_form_fields` (`field_id`) ON DELETE CASCADE ON UPDATE CASCADE;

--
-- Constraints for table `client_form_field_access`
--
ALTER TABLE `client_form_field_access`
    ADD CONSTRAINT `FK_client_form_field_access_1` FOREIGN KEY (`field_id`) REFERENCES `client_form_fields` (`field_id`) ON DELETE CASCADE ON UPDATE CASCADE,
    ADD CONSTRAINT `FK_client_form_field_access_acl_roles` FOREIGN KEY (`role_id`) REFERENCES `acl_roles` (`role_id`) ON DELETE CASCADE ON UPDATE CASCADE,
    ADD CONSTRAINT `FK_client_form_field_access_client_types` FOREIGN KEY (`client_type_id`) REFERENCES `client_types` (`client_type_id`) ON DELETE NO ACTION ON UPDATE NO ACTION;

--
-- Constraints for table `client_form_groups`
--
ALTER TABLE `client_form_groups`
    ADD CONSTRAINT `FK_client_form_groups_client_types` FOREIGN KEY (`client_type_id`) REFERENCES `client_types` (`client_type_id`) ON DELETE CASCADE ON UPDATE CASCADE,
    ADD CONSTRAINT `FK_client_form_groups_company` FOREIGN KEY (`company_id`) REFERENCES `company` (`company_id`) ON DELETE CASCADE ON UPDATE CASCADE;

--
-- Constraints for table `client_form_group_access`
--
ALTER TABLE `client_form_group_access`
    ADD CONSTRAINT `FK_client_form_group_access_1` FOREIGN KEY (`group_id`) REFERENCES `client_form_groups` (`group_id`) ON DELETE CASCADE ON UPDATE CASCADE,
    ADD CONSTRAINT `FK_client_form_group_access_acl_roles` FOREIGN KEY (`role_id`) REFERENCES `acl_roles` (`role_id`) ON DELETE CASCADE ON UPDATE CASCADE;

--
-- Constraints for table `client_form_order`
--
ALTER TABLE `client_form_order`
    ADD CONSTRAINT `FK_client_form_order_1` FOREIGN KEY (`group_id`) REFERENCES `client_form_groups` (`group_id`) ON DELETE CASCADE ON UPDATE CASCADE,
    ADD CONSTRAINT `FK_client_form_order_2` FOREIGN KEY (`field_id`) REFERENCES `client_form_fields` (`field_id`) ON DELETE CASCADE ON UPDATE CASCADE;

--
-- Constraints for table `client_types`
--
ALTER TABLE `client_types`
    ADD CONSTRAINT `FK_client_types_company` FOREIGN KEY (`company_id`) REFERENCES `company` (`company_id`) ON DELETE CASCADE ON UPDATE CASCADE,
    ADD CONSTRAINT `FK_client_types_templates` FOREIGN KEY (`email_template_id`) REFERENCES `templates` (`template_id`) ON DELETE SET NULL ON UPDATE CASCADE;

--
-- Constraints for table `client_types_forms`
--
ALTER TABLE `client_types_forms`
    ADD CONSTRAINT `FK_client_types_forms_client_types` FOREIGN KEY (`client_type_id`) REFERENCES `client_types` (`client_type_id`) ON DELETE CASCADE ON UPDATE CASCADE,
    ADD CONSTRAINT `FK_client_types_forms_formversion` FOREIGN KEY (`form_version_id`) REFERENCES `FormVersion` (`FormVersionId`) ON DELETE CASCADE ON UPDATE CASCADE;

--
-- Constraints for table `client_types_kinds`
--
ALTER TABLE `client_types_kinds`
    ADD CONSTRAINT `FK_client_types_kinds_client_types` FOREIGN KEY (`client_type_id`) REFERENCES `client_types` (`client_type_id`) ON DELETE CASCADE ON UPDATE CASCADE,
    ADD CONSTRAINT `FK_client_types_kinds_client_types_2` FOREIGN KEY (`member_type_id`) REFERENCES `members_types` (`member_type_id`) ON DELETE CASCADE ON UPDATE CASCADE;

--
-- Constraints for table `company`
--
ALTER TABLE `company`
    ADD CONSTRAINT `FK_company_country_master` FOREIGN KEY (`country`) REFERENCES `country_master` (`countries_id`) ON DELETE SET NULL ON UPDATE CASCADE,
    ADD CONSTRAINT `FK_company_members` FOREIGN KEY (`admin_id`) REFERENCES `members` (`member_id`) ON DELETE SET NULL ON UPDATE CASCADE;

--
-- Constraints for table `company_cmi`
--
ALTER TABLE `company_cmi`
    ADD CONSTRAINT `FK_company_cmi_company` FOREIGN KEY (`company_id`) REFERENCES `company` (`company_id`) ON DELETE CASCADE ON UPDATE CASCADE;

--
-- Constraints for table `company_default_options`
--
ALTER TABLE `company_default_options`
    ADD CONSTRAINT `FK_company_default_options` FOREIGN KEY (`company_id`) REFERENCES `company` (`company_id`) ON DELETE CASCADE ON UPDATE CASCADE;

--
-- Constraints for table `company_details`
--
ALTER TABLE `company_details`
    ADD CONSTRAINT `FK_company_details_company` FOREIGN KEY (`company_id`) REFERENCES `company` (`company_id`) ON DELETE CASCADE ON UPDATE CASCADE,
    ADD CONSTRAINT `FK_company_details_pricing_categories` FOREIGN KEY (`pricing_category_id`) REFERENCES `pricing_categories` (`pricing_category_id`) ON DELETE SET NULL ON UPDATE SET NULL,
    ADD CONSTRAINT `FK_company_details_subscriptions` FOREIGN KEY (`subscription`) REFERENCES `subscriptions` (`subscription_id`) ON DELETE SET NULL ON UPDATE CASCADE;

--
-- Constraints for table `company_invoice`
--
ALTER TABLE `company_invoice`
    ADD CONSTRAINT `FK_company_invoice_company` FOREIGN KEY (`company_id`) REFERENCES `company` (`company_id`) ON DELETE CASCADE ON UPDATE CASCADE,
    ADD CONSTRAINT `FK_company_invoice_prospects` FOREIGN KEY (`prospect_id`) REFERENCES `prospects` (`prospect_id`) ON DELETE SET NULL ON UPDATE CASCADE;

--
-- Constraints for table `company_marketplace_profiles`
--
ALTER TABLE `company_marketplace_profiles`
    ADD CONSTRAINT `FK_company_marketplace_profiles_company` FOREIGN KEY (`company_id`) REFERENCES `company` (`company_id`) ON DELETE CASCADE ON UPDATE CASCADE;

--
-- Constraints for table `company_packages`
--
ALTER TABLE `company_packages`
    ADD CONSTRAINT `FK_company_packages_company` FOREIGN KEY (`company_id`) REFERENCES `company` (`company_id`) ON DELETE CASCADE ON UPDATE CASCADE;

--
-- Constraints for table `company_prospects`
--
ALTER TABLE `company_prospects`
    ADD CONSTRAINT `FK_company_prospects_company` FOREIGN KEY (`company_id`) REFERENCES `company` (`company_id`) ON DELETE CASCADE ON UPDATE CASCADE,
    ADD CONSTRAINT `FK_company_prospects_company_default_options` FOREIGN KEY (`visa`) REFERENCES `company_default_options` (`default_option_id`) ON DELETE SET NULL ON UPDATE SET NULL,
    ADD CONSTRAINT `FK_company_prospects_members` FOREIGN KEY (`agent_id`) REFERENCES `members` (`member_id`) ON DELETE SET NULL ON UPDATE CASCADE;

--
-- Constraints for table `company_prospects_activities`
--
ALTER TABLE `company_prospects_activities`
    ADD CONSTRAINT `FK_company_prospects_activities_company` FOREIGN KEY (`company_id`) REFERENCES `company` (`company_id`) ON DELETE CASCADE ON UPDATE CASCADE,
    ADD CONSTRAINT `FK_company_prospects_activities_company_prospects` FOREIGN KEY (`prospect_id`) REFERENCES `company_prospects` (`prospect_id`) ON DELETE CASCADE ON UPDATE CASCADE,
    ADD CONSTRAINT `FK_company_prospects_activities_members` FOREIGN KEY (`member_id`) REFERENCES `members` (`member_id`) ON DELETE CASCADE ON UPDATE CASCADE;

--
-- Constraints for table `company_prospects_converted`
--
ALTER TABLE `company_prospects_converted`
    ADD CONSTRAINT `FK_company_prospects_converted_invoice` FOREIGN KEY (`company_invoice_id`) REFERENCES `company_invoice` (`company_invoice_id`) ON DELETE SET NULL ON UPDATE CASCADE,
    ADD CONSTRAINT `FK_company_prospects_converted_members` FOREIGN KEY (`member_id`) REFERENCES `members` (`member_id`) ON DELETE CASCADE ON UPDATE CASCADE,
    ADD CONSTRAINT `FK_company_prospects_converted_prospects` FOREIGN KEY (`prospect_id`) REFERENCES `company_prospects` (`prospect_id`) ON DELETE CASCADE ON UPDATE CASCADE;

--
-- Constraints for table `company_prospects_data`
--
ALTER TABLE `company_prospects_data`
    ADD CONSTRAINT `FK_company_prospects_data_company_prospects` FOREIGN KEY (`prospect_id`) REFERENCES `company_prospects` (`prospect_id`) ON DELETE CASCADE ON UPDATE CASCADE,
    ADD CONSTRAINT `FK_company_prospects_data_q_fields` FOREIGN KEY (`q_field_id`) REFERENCES `company_questionnaires_fields` (`q_field_id`) ON DELETE CASCADE ON UPDATE CASCADE;

--
-- Constraints for table `company_prospects_data_categories`
--
ALTER TABLE `company_prospects_data_categories`
    ADD CONSTRAINT `FK_company_prospects_categories2` FOREIGN KEY (`prospect_category_id`) REFERENCES `company_prospects_categories` (`prospect_category_id`) ON DELETE CASCADE ON UPDATE CASCADE,
    ADD CONSTRAINT `FK_company_prospects_categories_1` FOREIGN KEY (`prospect_id`) REFERENCES `company_prospects` (`prospect_id`) ON DELETE CASCADE ON UPDATE CASCADE;

--
-- Constraints for table `company_prospects_divisions`
--
ALTER TABLE `company_prospects_divisions`
    ADD CONSTRAINT `FK_company_prospects_divisions_divisions` FOREIGN KEY (`office_id`) REFERENCES `divisions` (`division_id`) ON DELETE CASCADE ON UPDATE CASCADE,
    ADD CONSTRAINT `FK_company_prospects_divisions_prospects` FOREIGN KEY (`prospect_id`) REFERENCES `company_prospects` (`prospect_id`) ON DELETE CASCADE ON UPDATE CASCADE;

--
-- Constraints for table `company_prospects_invited`
--
ALTER TABLE `company_prospects_invited`
    ADD CONSTRAINT `FK_company_prospects_invited_company` FOREIGN KEY (`company_id`) REFERENCES `company` (`company_id`) ON DELETE CASCADE ON UPDATE CASCADE,
    ADD CONSTRAINT `FK_company_prospects_invited_company_prospects` FOREIGN KEY (`prospect_id`) REFERENCES `company_prospects` (`prospect_id`) ON DELETE CASCADE ON UPDATE CASCADE;

--
-- Constraints for table `company_prospects_job`
--
ALTER TABLE `company_prospects_job`
    ADD CONSTRAINT `FK_company_prospects_job_company_prospects` FOREIGN KEY (`prospect_id`) REFERENCES `company_prospects` (`prospect_id`) ON DELETE CASCADE ON UPDATE CASCADE;

--
-- Constraints for table `company_prospects_notes`
--
ALTER TABLE `company_prospects_notes`
    ADD CONSTRAINT `FK_company_prospects_notes_company` FOREIGN KEY (`company_id`) REFERENCES `company` (`company_id`) ON DELETE CASCADE,
    ADD CONSTRAINT `FK_company_prospects_notes_company_prospects` FOREIGN KEY (`prospect_id`) REFERENCES `company_prospects` (`prospect_id`) ON DELETE CASCADE ON UPDATE CASCADE;

--
-- Constraints for table `company_prospects_selected_categories`
--
ALTER TABLE `company_prospects_selected_categories`
    ADD CONSTRAINT `FK_company_prospects_1` FOREIGN KEY (`company_id`) REFERENCES `company` (`company_id`) ON DELETE CASCADE ON UPDATE CASCADE,
    ADD CONSTRAINT `FK_company_prospects_2` FOREIGN KEY (`prospect_category_id`) REFERENCES `company_prospects_categories` (`prospect_category_id`) ON DELETE CASCADE ON UPDATE CASCADE;

--
-- Constraints for table `company_prospects_settings`
--
ALTER TABLE `company_prospects_settings`
    ADD CONSTRAINT `FK_company_prospects_settings_company` FOREIGN KEY (`company_id`) REFERENCES `company` (`company_id`) ON DELETE CASCADE ON UPDATE CASCADE,
    ADD CONSTRAINT `FK_company_prospects_settings_company_prospects` FOREIGN KEY (`prospect_id`) REFERENCES `company_prospects` (`prospect_id`) ON DELETE CASCADE ON UPDATE CASCADE;

--
-- Constraints for table `company_prospects_templates`
--
ALTER TABLE `company_prospects_templates`
    ADD CONSTRAINT `FK_company_prospects_templates_company` FOREIGN KEY (`company_id`) REFERENCES `company` (`company_id`) ON DELETE CASCADE ON UPDATE CASCADE,
    ADD CONSTRAINT `FK_company_prospects_templates_members` FOREIGN KEY (`author_id`) REFERENCES `members` (`member_id`) ON DELETE SET NULL ON UPDATE CASCADE;

--
-- Constraints for table `company_questionnaires`
--
ALTER TABLE `company_questionnaires`
    ADD CONSTRAINT `FK_company_questionnaires_1` FOREIGN KEY (`company_id`) REFERENCES `company` (`company_id`) ON DELETE CASCADE ON UPDATE CASCADE,
    ADD CONSTRAINT `FK_company_questionnaires_2` FOREIGN KEY (`q_created_by`) REFERENCES `members` (`member_id`) ON DELETE CASCADE ON UPDATE CASCADE,
    ADD CONSTRAINT `FK_company_questionnaires_3` FOREIGN KEY (`q_updated_by`) REFERENCES `members` (`member_id`) ON DELETE SET NULL ON UPDATE CASCADE,
    ADD CONSTRAINT `FK_company_questionnaires_divisions` FOREIGN KEY (`q_office_id`) REFERENCES `divisions` (`division_id`) ON DELETE SET NULL ON UPDATE CASCADE,
    ADD CONSTRAINT `FK_company_questionnaires_members` FOREIGN KEY (`q_agent_id`) REFERENCES `members` (`member_id`) ON DELETE SET NULL ON UPDATE CASCADE;

--
-- Constraints for table `company_questionnaires_category_template`
--
ALTER TABLE `company_questionnaires_category_template`
    ADD CONSTRAINT `FK_company_questionnaires_category_template_1` FOREIGN KEY (`q_id`) REFERENCES `company_questionnaires` (`q_id`) ON DELETE CASCADE ON UPDATE CASCADE,
    ADD CONSTRAINT `FK_company_questionnaires_category_template_2` FOREIGN KEY (`prospect_category_id`) REFERENCES `company_prospects_categories` (`prospect_category_id`) ON DELETE CASCADE ON UPDATE CASCADE,
    ADD CONSTRAINT `FK_company_questionnaires_category_template_3` FOREIGN KEY (`prospect_template_id`) REFERENCES `company_prospects_templates` (`prospect_template_id`) ON DELETE CASCADE ON UPDATE CASCADE;

--
-- Constraints for table `company_questionnaires_fields`
--
ALTER TABLE `company_questionnaires_fields`
    ADD CONSTRAINT `FK_company_questionnaires_fields_1` FOREIGN KEY (`q_section_id`) REFERENCES `company_questionnaires_sections` (`q_section_id`) ON DELETE CASCADE ON UPDATE CASCADE;

--
-- Constraints for table `company_questionnaires_fields_custom_options`
--
ALTER TABLE `company_questionnaires_fields_custom_options`
    ADD CONSTRAINT `FK_company_questionnaires_fields_custom_options_1` FOREIGN KEY (`q_id`) REFERENCES `company_questionnaires` (`q_id`) ON DELETE CASCADE ON UPDATE CASCADE,
    ADD CONSTRAINT `FK_company_questionnaires_fields_custom_options_2` FOREIGN KEY (`q_field_id`) REFERENCES `company_questionnaires_fields` (`q_field_id`) ON DELETE CASCADE ON UPDATE CASCADE;

--
-- Constraints for table `company_questionnaires_fields_options`
--
ALTER TABLE `company_questionnaires_fields_options`
    ADD CONSTRAINT `FK_company_questionnaires_fields_options_1` FOREIGN KEY (`q_field_id`) REFERENCES `company_questionnaires_fields` (`q_field_id`) ON DELETE CASCADE ON UPDATE CASCADE;

--
-- Constraints for table `company_questionnaires_fields_options_templates`
--
ALTER TABLE `company_questionnaires_fields_options_templates`
    ADD CONSTRAINT `FK_company_questionnaires_fields_options_templates_1` FOREIGN KEY (`q_id`) REFERENCES `company_questionnaires` (`q_id`) ON DELETE CASCADE ON UPDATE CASCADE,
    ADD CONSTRAINT `FK_company_questionnaires_fields_options_templates_2` FOREIGN KEY (`q_field_option_id`) REFERENCES `company_questionnaires_fields_options` (`q_field_option_id`) ON DELETE CASCADE ON UPDATE CASCADE;

--
-- Constraints for table `company_questionnaires_fields_templates`
--
ALTER TABLE `company_questionnaires_fields_templates`
    ADD CONSTRAINT `FK_company_questionnaires_fields_templates_1` FOREIGN KEY (`q_id`) REFERENCES `company_questionnaires` (`q_id`) ON DELETE CASCADE ON UPDATE CASCADE,
    ADD CONSTRAINT `FK_company_questionnaires_fields_templates_2` FOREIGN KEY (`q_field_id`) REFERENCES `company_questionnaires_fields` (`q_field_id`) ON DELETE CASCADE ON UPDATE CASCADE;

--
-- Constraints for table `company_questionnaires_sections_templates`
--
ALTER TABLE `company_questionnaires_sections_templates`
    ADD CONSTRAINT `FK_company_questionnaires_sections_templates_1` FOREIGN KEY (`q_id`) REFERENCES `company_questionnaires` (`q_id`) ON DELETE CASCADE ON UPDATE CASCADE,
    ADD CONSTRAINT `FK_company_questionnaires_sections_templates_2` FOREIGN KEY (`q_section_id`) REFERENCES `company_questionnaires_sections` (`q_section_id`) ON DELETE CASCADE ON UPDATE CASCADE;

--
-- Constraints for table `company_ta`
--
ALTER TABLE `company_ta`
    ADD CONSTRAINT `FK_company_ta_company` FOREIGN KEY (`company_id`) REFERENCES `company` (`company_id`) ON DELETE CASCADE ON UPDATE CASCADE;

--
-- Constraints for table `company_ta_divisions`
--
ALTER TABLE `company_ta_divisions`
    ADD CONSTRAINT `FK_company_ta_divisions_company_ta` FOREIGN KEY (`company_ta_id`) REFERENCES `company_ta` (`company_ta_id`) ON DELETE CASCADE ON UPDATE CASCADE,
    ADD CONSTRAINT `FK_u_trust_account_divisions_divisions` FOREIGN KEY (`division_id`) REFERENCES `divisions` (`division_id`) ON DELETE CASCADE ON UPDATE CASCADE;

--
-- Constraints for table `company_trial`
--
ALTER TABLE `company_trial`
    ADD CONSTRAINT `FK_company_trial_company` FOREIGN KEY (`company_id`) REFERENCES `company` (`company_id`) ON DELETE CASCADE ON UPDATE CASCADE;

--
-- Constraints for table `company_websites`
--
ALTER TABLE `company_websites`
    ADD CONSTRAINT `FK_company_websites_company` FOREIGN KEY (`company_id`) REFERENCES `company` (`company_id`) ON DELETE CASCADE ON UPDATE NO ACTION,
    ADD CONSTRAINT `FK_company_websites_company_websites_templates` FOREIGN KEY (`template_id`) REFERENCES `company_websites_templates` (`id`) ON DELETE CASCADE ON UPDATE NO ACTION;

--
-- Constraints for table `default_searches`
--
ALTER TABLE `default_searches`
    ADD CONSTRAINT `FK_default_searches_members` FOREIGN KEY (`member_id`) REFERENCES `members` (`member_id`) ON DELETE CASCADE ON UPDATE CASCADE;

--
-- Constraints for table `divisions`
--
ALTER TABLE `divisions`
    ADD CONSTRAINT `FK_divisions_company` FOREIGN KEY (`company_id`) REFERENCES `company` (`company_id`) ON DELETE CASCADE ON UPDATE CASCADE,
    ADD CONSTRAINT `FK_divisions_divisions_groups` FOREIGN KEY (`division_group_id`) REFERENCES `divisions_groups` (`division_group_id`) ON DELETE CASCADE ON UPDATE CASCADE;

--
-- Constraints for table `divisions_groups`
--
ALTER TABLE `divisions_groups`
    ADD CONSTRAINT `FK_divisions_groups_company` FOREIGN KEY (`company_id`) REFERENCES `company` (`company_id`) ON DELETE CASCADE ON UPDATE CASCADE;

--
-- Constraints for table `eml_accounts`
--
ALTER TABLE `eml_accounts`
    ADD CONSTRAINT `FK_eml_accounts_members` FOREIGN KEY (`member_id`) REFERENCES `members` (`member_id`) ON DELETE CASCADE ON UPDATE CASCADE;

--
-- Constraints for table `eml_attachments`
--
ALTER TABLE `eml_attachments`
    ADD CONSTRAINT `FK_eml_attachments` FOREIGN KEY (`id_message`) REFERENCES `eml_messages` (`id`) ON DELETE CASCADE ON UPDATE CASCADE;

--
-- Constraints for table `eml_cron_accounts`
--
ALTER TABLE `eml_cron_accounts`
    ADD CONSTRAINT `FK_eml_cron_accounts_eml_accounts` FOREIGN KEY (`account_id`) REFERENCES `eml_accounts` (`id`) ON DELETE CASCADE ON UPDATE CASCADE,
    ADD CONSTRAINT `FK_eml_cron_accounts_eml_cron` FOREIGN KEY (`cron_id`) REFERENCES `eml_cron` (`id`) ON DELETE CASCADE ON UPDATE CASCADE;

--
-- Constraints for table `eml_deleted_messages`
--
ALTER TABLE `eml_deleted_messages`
    ADD CONSTRAINT `FK_eml_deleted_messages_eml_accounts` FOREIGN KEY (`id_account`) REFERENCES `eml_accounts` (`id`) ON DELETE CASCADE ON UPDATE CASCADE;

--
-- Constraints for table `eml_folders`
--
ALTER TABLE `eml_folders`
    ADD CONSTRAINT `FK_eml_folders_eml_accounts` FOREIGN KEY (`id_account`) REFERENCES `eml_accounts` (`id`) ON DELETE CASCADE ON UPDATE CASCADE;

--
-- Constraints for table `eml_messages`
--
ALTER TABLE `eml_messages`
    ADD CONSTRAINT `FK_eml_messages_eml_accounts` FOREIGN KEY (`id_account`) REFERENCES `eml_accounts` (`id`) ON DELETE CASCADE ON UPDATE CASCADE,
    ADD CONSTRAINT `FK_eml_messages_eml_folders` FOREIGN KEY (`id_folder`) REFERENCES `eml_folders` (`id`) ON DELETE CASCADE ON UPDATE CASCADE;

--
-- Constraints for table `faq`
--
ALTER TABLE `faq`
    ADD CONSTRAINT `FK_faq_faq_sections` FOREIGN KEY (`faq_section_id`) REFERENCES `faq_sections` (`faq_section_id`) ON DELETE SET NULL ON UPDATE CASCADE;

--
-- Constraints for table `faq_sections`
--
ALTER TABLE `faq_sections`
    ADD CONSTRAINT `FK_faq_sections_faq_sections` FOREIGN KEY (`parent_section_id`) REFERENCES `faq_sections` (`faq_section_id`) ON DELETE NO ACTION ON UPDATE NO ACTION;

--
-- Constraints for table `file_number_reservations`
--
ALTER TABLE `file_number_reservations`
    ADD CONSTRAINT `FK_file_number_reservations_company` FOREIGN KEY (`company_id`) REFERENCES `company` (`company_id`) ON DELETE CASCADE ON UPDATE CASCADE;

--
-- Constraints for table `folder_access`
--
ALTER TABLE `folder_access`
    ADD CONSTRAINT `FK_folder_access_acl_roles` FOREIGN KEY (`role_id`) REFERENCES `acl_roles` (`role_id`) ON DELETE CASCADE ON UPDATE CASCADE,
    ADD CONSTRAINT `FK_folder_access_u_folders` FOREIGN KEY (`folder_id`) REFERENCES `u_folders` (`folder_id`) ON DELETE CASCADE ON UPDATE CASCADE;

--
-- Constraints for table `FormAssigned`
--
ALTER TABLE `FormAssigned`
    ADD CONSTRAINT `FK_FormAssigned_FormVersion` FOREIGN KEY (`FormVersionId`) REFERENCES `FormVersion` (`FormVersionId`) ON DELETE CASCADE ON UPDATE CASCADE,
    ADD CONSTRAINT `FK_FormAssigned_members` FOREIGN KEY (`ClientMemberId`) REFERENCES `members` (`member_id`) ON DELETE CASCADE ON UPDATE CASCADE;

--
-- Constraints for table `FormMap`
--
ALTER TABLE `FormMap`
    ADD CONSTRAINT `FK_FormMap_FormSynField` FOREIGN KEY (`FromSynFieldId`) REFERENCES `FormSynField` (`SynFieldId`) ON DELETE CASCADE ON UPDATE CASCADE,
    ADD CONSTRAINT `FK_FormMap_FormSynField_2` FOREIGN KEY (`ToSynFieldId`) REFERENCES `FormSynField` (`SynFieldId`) ON DELETE CASCADE ON UPDATE CASCADE,
    ADD CONSTRAINT `FK_formMap_members_types` FOREIGN KEY (`parent_member_type`) REFERENCES `members_types` (`member_type_id`) ON DELETE CASCADE ON UPDATE CASCADE;

--
-- Constraints for table `FormProcessed`
--
ALTER TABLE `FormProcessed`
    ADD CONSTRAINT `FK_FormProcessed_FormTemplates` FOREIGN KEY (`template_id`) REFERENCES `FormTemplates` (`template_id`) ON DELETE CASCADE ON UPDATE CASCADE;

--
-- Constraints for table `FormRevision`
--
ALTER TABLE `FormRevision`
    ADD CONSTRAINT `FK_FormRevision_FormAssigned` FOREIGN KEY (`FormAssignedId`) REFERENCES `FormAssigned` (`FormAssignedId`) ON DELETE CASCADE ON UPDATE CASCADE;

--
-- Constraints for table `FormUpload`
--
ALTER TABLE `FormUpload`
    ADD CONSTRAINT `FK_FormUpload_FormFolder` FOREIGN KEY (`FolderId`) REFERENCES `FormFolder` (`FolderId`) ON DELETE CASCADE ON UPDATE CASCADE;

--
-- Constraints for table `form_default`
--
ALTER TABLE `form_default`
    ADD CONSTRAINT `FK_form_default_FormVersion` FOREIGN KEY (`form_version_id`) REFERENCES `FormVersion` (`FormVersionId`) ON DELETE CASCADE ON UPDATE CASCADE,
    ADD CONSTRAINT `FK_form_default_company` FOREIGN KEY (`company_id`) REFERENCES `company` (`company_id`) ON DELETE CASCADE ON UPDATE CASCADE,
    ADD CONSTRAINT `FK_form_default_members` FOREIGN KEY (`updated_by`) REFERENCES `members` (`member_id`) ON DELETE SET NULL ON UPDATE CASCADE;

--
-- Constraints for table `letterheads`
--
ALTER TABLE `letterheads`
    ADD CONSTRAINT `FK_company_id` FOREIGN KEY (`company_id`) REFERENCES `company` (`company_id`) ON DELETE CASCADE ON UPDATE CASCADE,
    ADD CONSTRAINT `FK_created_by` FOREIGN KEY (`created_by`) REFERENCES `members` (`member_id`) ON DELETE CASCADE ON UPDATE CASCADE;

--
-- Constraints for table `letterheads_files`
--
ALTER TABLE `letterheads_files`
    ADD CONSTRAINT `FK_letterhead_id` FOREIGN KEY (`letterhead_id`) REFERENCES `letterheads` (`letterhead_id`) ON DELETE CASCADE ON UPDATE CASCADE;

--
-- Constraints for table `members`
--
ALTER TABLE `members`
    ADD CONSTRAINT `FK_members_company` FOREIGN KEY (`company_id`) REFERENCES `company` (`company_id`) ON DELETE CASCADE ON UPDATE CASCADE,
    ADD CONSTRAINT `FK_members_divisions_groups` FOREIGN KEY (`division_group_id`) REFERENCES `divisions_groups` (`division_group_id`) ON DELETE CASCADE ON UPDATE CASCADE,
    ADD CONSTRAINT `FK_members_members_types` FOREIGN KEY (`userType`) REFERENCES `members_types` (`member_type_id`) ON DELETE CASCADE ON UPDATE CASCADE;

--
-- Constraints for table `members_divisions`
--
ALTER TABLE `members_divisions`
    ADD CONSTRAINT `FK_members_divisions_divisions` FOREIGN KEY (`division_id`) REFERENCES `divisions` (`division_id`) ON DELETE CASCADE ON UPDATE CASCADE,
    ADD CONSTRAINT `FK_members_divisions_members` FOREIGN KEY (`member_id`) REFERENCES `members` (`member_id`) ON DELETE CASCADE ON UPDATE CASCADE;

--
-- Constraints for table `members_last_access`
--
ALTER TABLE `members_last_access`
    ADD CONSTRAINT `FK_members_last_access_1` FOREIGN KEY (`member_id`) REFERENCES `members` (`member_id`) ON DELETE CASCADE ON UPDATE CASCADE,
    ADD CONSTRAINT `FK_members_last_access_members` FOREIGN KEY (`view_member_id`) REFERENCES `members` (`member_id`) ON DELETE CASCADE ON UPDATE CASCADE;

--
-- Constraints for table `members_last_passwords`
--
ALTER TABLE `members_last_passwords`
    ADD CONSTRAINT `FK_members_last_passwords_members` FOREIGN KEY (`member_id`) REFERENCES `members` (`member_id`) ON DELETE CASCADE ON UPDATE CASCADE;

--
-- Constraints for table `members_password_retrievals`
--
ALTER TABLE `members_password_retrievals`
    ADD CONSTRAINT `FK_passwd_retr_members` FOREIGN KEY (`member_id`) REFERENCES `members` (`member_id`) ON DELETE CASCADE ON UPDATE CASCADE;

--
-- Constraints for table `members_pua`
--
ALTER TABLE `members_pua`
    ADD CONSTRAINT `FK_members_pua_members` FOREIGN KEY (`member_id`) REFERENCES `members` (`member_id`) ON DELETE CASCADE ON UPDATE CASCADE,
    ADD CONSTRAINT `FK_members_pua_members_2` FOREIGN KEY (`pua_created_by`) REFERENCES `members` (`member_id`) ON DELETE SET NULL ON UPDATE SET NULL,
    ADD CONSTRAINT `FK_members_pua_members_3` FOREIGN KEY (`pua_updated_by`) REFERENCES `members` (`member_id`) ON DELETE SET NULL ON UPDATE SET NULL;

--
-- Constraints for table `members_queues`
--
ALTER TABLE `members_queues`
    ADD CONSTRAINT `FK_members_queues_members` FOREIGN KEY (`member_id`) REFERENCES `members` (`member_id`) ON DELETE CASCADE ON UPDATE CASCADE;

--
-- Constraints for table `members_relations`
--
ALTER TABLE `members_relations`
    ADD CONSTRAINT `FK_members_relations_1` FOREIGN KEY (`parent_member_id`) REFERENCES `members` (`member_id`) ON DELETE CASCADE ON UPDATE CASCADE,
    ADD CONSTRAINT `FK_members_relations_2` FOREIGN KEY (`child_member_id`) REFERENCES `members` (`member_id`) ON DELETE CASCADE ON UPDATE CASCADE,
    ADD CONSTRAINT `FK_members_relations_3` FOREIGN KEY (`applicant_group_id`) REFERENCES `applicant_form_groups` (`applicant_group_id`) ON DELETE CASCADE ON UPDATE CASCADE;

--
-- Constraints for table `members_roles`
--
ALTER TABLE `members_roles`
    ADD CONSTRAINT `FK_members_roles_acl_roles` FOREIGN KEY (`role_id`) REFERENCES `acl_roles` (`role_id`) ON DELETE CASCADE ON UPDATE CASCADE,
    ADD CONSTRAINT `FK_members_roles_members` FOREIGN KEY (`member_id`) REFERENCES `members` (`member_id`) ON DELETE CASCADE ON UPDATE CASCADE;

--
-- Constraints for table `members_ta`
--
ALTER TABLE `members_ta`
    ADD CONSTRAINT `FK_members_ta_company_ta` FOREIGN KEY (`company_ta_id`) REFERENCES `company_ta` (`company_ta_id`) ON DELETE CASCADE ON UPDATE CASCADE,
    ADD CONSTRAINT `FK_members_ta_members` FOREIGN KEY (`member_id`) REFERENCES `members` (`member_id`) ON DELETE CASCADE ON UPDATE CASCADE;

--
-- Constraints for table `members_vevo_mapping`
--
ALTER TABLE `members_vevo_mapping`
    ADD CONSTRAINT `FK_members_vevo_mapping_members` FOREIGN KEY (`from_member_id`) REFERENCES `members` (`member_id`) ON DELETE CASCADE ON UPDATE CASCADE,
    ADD CONSTRAINT `FK_members_vevo_mapping_members_2` FOREIGN KEY (`to_member_id`) REFERENCES `members` (`member_id`) ON DELETE CASCADE ON UPDATE CASCADE;

--
-- Constraints for table `packages_details`
--
ALTER TABLE `packages_details`
    ADD CONSTRAINT `FK_packages_details_acl_rules` FOREIGN KEY (`rule_id`) REFERENCES `acl_rules` (`rule_id`) ON DELETE CASCADE ON UPDATE CASCADE,
    ADD CONSTRAINT `FK_packages_details_packages` FOREIGN KEY (`package_id`) REFERENCES `packages` (`package_id`) ON DELETE CASCADE ON UPDATE CASCADE;

--
-- Constraints for table `pricing_category_details`
--
ALTER TABLE `pricing_category_details`
    ADD CONSTRAINT `FK_pricing_category_details_pricing_categories` FOREIGN KEY (`pricing_category_id`) REFERENCES `pricing_categories` (`pricing_category_id`) ON DELETE CASCADE ON UPDATE CASCADE,
    ADD CONSTRAINT `FK_pricing_category_details_subscriptions` FOREIGN KEY (`subscription_id`) REFERENCES `subscriptions` (`subscription_id`) ON DELETE CASCADE ON UPDATE CASCADE;

--
-- Constraints for table `prospects`
--
ALTER TABLE `prospects`
    ADD CONSTRAINT `FK_prospects_company` FOREIGN KEY (`company_id`) REFERENCES `company` (`company_id`) ON DELETE SET NULL ON UPDATE CASCADE,
    ADD CONSTRAINT `FK_prospects_pricing_categories` FOREIGN KEY (`pricing_category_id`) REFERENCES `pricing_categories` (`pricing_category_id`) ON DELETE SET NULL ON UPDATE SET NULL,
    ADD CONSTRAINT `FK_prospects_subscriptions` FOREIGN KEY (`package_type`) REFERENCES `subscriptions` (`subscription_id`) ON DELETE SET NULL ON UPDATE CASCADE;

--
-- Constraints for table `searches`
--
ALTER TABLE `searches`
    ADD CONSTRAINT `FK_searches_company` FOREIGN KEY (`company_id`) REFERENCES `company` (`company_id`) ON DELETE CASCADE ON UPDATE CASCADE,
    ADD CONSTRAINT `FK_searches_members` FOREIGN KEY (`author_id`) REFERENCES `members` (`member_id`) ON DELETE SET NULL ON UPDATE CASCADE;

--
-- Constraints for table `states`
--
ALTER TABLE `states`
    ADD CONSTRAINT `FK_states_country_master` FOREIGN KEY (`country_id`) REFERENCES `country_master` (`countries_id`) ON DELETE CASCADE ON UPDATE CASCADE;

--
-- Constraints for table `subscriptions_packages`
--
ALTER TABLE `subscriptions_packages`
    ADD CONSTRAINT `FK_subscriptions_packages_packages` FOREIGN KEY (`package_id`) REFERENCES `packages` (`package_id`) ON DELETE CASCADE ON UPDATE CASCADE,
    ADD CONSTRAINT `FK_subscriptions_packages_subscriptions` FOREIGN KEY (`subscription_id`) REFERENCES `subscriptions` (`subscription_id`) ON DELETE CASCADE ON UPDATE CASCADE;

--
-- Constraints for table `templates`
--
ALTER TABLE `templates`
    ADD CONSTRAINT `FK_templates_members` FOREIGN KEY (`member_id`) REFERENCES `members` (`member_id`) ON DELETE CASCADE ON UPDATE CASCADE,
    ADD CONSTRAINT `FK_templates_u_folders` FOREIGN KEY (`folder_id`) REFERENCES `u_folders` (`folder_id`) ON DELETE CASCADE ON UPDATE CASCADE;

--
-- Constraints for table `template_attachments`
--
ALTER TABLE `template_attachments`
    ADD CONSTRAINT `FK_template_attachments_email_templates` FOREIGN KEY (`email_template_id`) REFERENCES `templates` (`template_id`) ON DELETE CASCADE ON UPDATE CASCADE,
    ADD CONSTRAINT `FK_template_attachments_letter_templates` FOREIGN KEY (`letter_template_id`) REFERENCES `templates` (`template_id`) ON DELETE CASCADE ON UPDATE CASCADE;

--
-- Constraints for table `tickets`
--
ALTER TABLE `tickets`
    ADD CONSTRAINT `FK_tickets_author` FOREIGN KEY (`author_id`) REFERENCES `members` (`member_id`) ON DELETE CASCADE ON UPDATE CASCADE,
    ADD CONSTRAINT `FK_tickets_company` FOREIGN KEY (`company_id`) REFERENCES `company` (`company_id`) ON DELETE CASCADE ON UPDATE CASCADE,
    ADD CONSTRAINT `FK_tickets_company_member` FOREIGN KEY (`company_member_id`) REFERENCES `members` (`member_id`) ON DELETE CASCADE ON UPDATE CASCADE;

--
-- Constraints for table `time_tracker`
--
ALTER TABLE `time_tracker`
    ADD CONSTRAINT `FK_clients_time_tracker_members` FOREIGN KEY (`track_member_id`) REFERENCES `members` (`member_id`) ON DELETE CASCADE ON UPDATE CASCADE,
    ADD CONSTRAINT `FK_time_tracker_company` FOREIGN KEY (`track_company_id`) REFERENCES `company` (`company_id`) ON DELETE CASCADE ON UPDATE CASCADE;

--
-- Constraints for table `users`
--
ALTER TABLE `users`
    ADD CONSTRAINT `FK_users_country_master` FOREIGN KEY (`country`) REFERENCES `country_master` (`countries_id`) ON DELETE SET NULL ON UPDATE CASCADE,
    ADD CONSTRAINT `FK_users_members` FOREIGN KEY (`member_id`) REFERENCES `members` (`member_id`) ON DELETE CASCADE ON UPDATE CASCADE;

--
-- Constraints for table `user_smtp`
--
ALTER TABLE `user_smtp`
    ADD CONSTRAINT `FK_user_smtp_1` FOREIGN KEY (`member_id`) REFERENCES `members` (`member_id`) ON DELETE CASCADE ON UPDATE CASCADE;

--
-- Constraints for table `u_assigned_deposits`
--
ALTER TABLE `u_assigned_deposits`
    ADD CONSTRAINT `FK_u_assigned_deposits_company_ta` FOREIGN KEY (`company_ta_id`) REFERENCES `company_ta` (`company_ta_id`) ON DELETE CASCADE ON UPDATE CASCADE,
    ADD CONSTRAINT `FK_u_assigned_deposits_members` FOREIGN KEY (`author_id`) REFERENCES `members` (`member_id`) ON DELETE SET NULL ON UPDATE CASCADE,
    ADD CONSTRAINT `FK_u_assigned_deposits_members_2` FOREIGN KEY (`member_id`) REFERENCES `members` (`member_id`) ON DELETE CASCADE ON UPDATE CASCADE,
    ADD CONSTRAINT `FK_u_assigned_deposits_templates` FOREIGN KEY (`template_id`) REFERENCES `templates` (`template_id`) ON DELETE SET NULL ON UPDATE SET NULL,
    ADD CONSTRAINT `FK_u_assigned_deposits_u_trust_account` FOREIGN KEY (`trust_account_id`) REFERENCES `u_trust_account` (`trust_account_id`) ON DELETE CASCADE ON UPDATE CASCADE;

--
-- Constraints for table `u_assigned_withdrawals`
--
ALTER TABLE `u_assigned_withdrawals`
    ADD CONSTRAINT `FK_company_ta_id` FOREIGN KEY (`company_ta_id`) REFERENCES `company_ta` (`company_ta_id`) ON DELETE CASCADE ON UPDATE CASCADE,
    ADD CONSTRAINT `FK_invoice_id` FOREIGN KEY (`invoice_id`) REFERENCES `u_invoice` (`invoice_id`) ON DELETE CASCADE ON UPDATE CASCADE,
    ADD CONSTRAINT `FK_returned_payment_member_id` FOREIGN KEY (`returned_payment_member_id`) REFERENCES `members` (`member_id`) ON DELETE CASCADE ON UPDATE CASCADE,
    ADD CONSTRAINT `FK_trust_account_id` FOREIGN KEY (`trust_account_id`) REFERENCES `u_trust_account` (`trust_account_id`) ON DELETE CASCADE ON UPDATE CASCADE,
    ADD CONSTRAINT `FK_u_assigned_withdrawals_members` FOREIGN KEY (`author_id`) REFERENCES `members` (`member_id`) ON DELETE SET NULL ON UPDATE CASCADE,
    ADD CONSTRAINT `FK_u_member_id` FOREIGN KEY (`member_id`) REFERENCES `members` (`member_id`) ON DELETE CASCADE ON UPDATE CASCADE;

--
-- Constraints for table `u_deposit_types`
--
ALTER TABLE `u_deposit_types`
    ADD CONSTRAINT `FK_u_deposit_types_company` FOREIGN KEY (`company_id`) REFERENCES `company` (`company_id`) ON DELETE CASCADE ON UPDATE CASCADE,
    ADD CONSTRAINT `FK_u_deposit_types_members` FOREIGN KEY (`author_id`) REFERENCES `members` (`member_id`) ON DELETE SET NULL ON UPDATE CASCADE;

--
-- Constraints for table `u_destination_types`
--
ALTER TABLE `u_destination_types`
    ADD CONSTRAINT `FK_u_destination_types_company` FOREIGN KEY (`company_id`) REFERENCES `company` (`company_id`) ON DELETE CASCADE ON UPDATE CASCADE,
    ADD CONSTRAINT `FK_u_destination_types_members` FOREIGN KEY (`author_id`) REFERENCES `members` (`member_id`) ON DELETE SET NULL ON UPDATE CASCADE;

--
-- Constraints for table `u_folders`
--
ALTER TABLE `u_folders`
    ADD CONSTRAINT `FK_u_folders_company` FOREIGN KEY (`company_id`) REFERENCES `company` (`company_id`) ON DELETE CASCADE ON UPDATE CASCADE,
    ADD CONSTRAINT `FK_u_folders_members` FOREIGN KEY (`author_id`) REFERENCES `members` (`member_id`) ON DELETE SET NULL ON UPDATE CASCADE;

--
-- Constraints for table `u_import_transactions`
--
ALTER TABLE `u_import_transactions`
    ADD CONSTRAINT `FK_u_import_transactions_company_ta` FOREIGN KEY (`company_ta_id`) REFERENCES `company_ta` (`company_ta_id`) ON DELETE CASCADE ON UPDATE CASCADE,
    ADD CONSTRAINT `FK_u_import_transactions_members` FOREIGN KEY (`author_id`) REFERENCES `members` (`member_id`) ON DELETE SET NULL ON UPDATE CASCADE;

--
-- Constraints for table `u_invoice`
--
ALTER TABLE `u_invoice`
    ADD CONSTRAINT `FK_u_invoice_company_ta` FOREIGN KEY (`company_ta_id`) REFERENCES `company_ta` (`company_ta_id`) ON DELETE CASCADE ON UPDATE CASCADE,
    ADD CONSTRAINT `FK_u_invoice_members` FOREIGN KEY (`member_id`) REFERENCES `members` (`member_id`) ON DELETE CASCADE ON UPDATE CASCADE,
    ADD CONSTRAINT `FK_u_invoice_members1` FOREIGN KEY (`author_id`) REFERENCES `members` (`member_id`) ON DELETE SET NULL ON UPDATE CASCADE;

--
-- Constraints for table `u_links`
--
ALTER TABLE `u_links`
    ADD CONSTRAINT `FK_u_links_members` FOREIGN KEY (`member_id`) REFERENCES `members` (`member_id`) ON DELETE CASCADE ON UPDATE CASCADE;

--
-- Constraints for table `u_log`
--
ALTER TABLE `u_log`
    ADD CONSTRAINT `FK_u_log_members` FOREIGN KEY (`author_id`) REFERENCES `members` (`member_id`) ON DELETE SET NULL ON UPDATE CASCADE,
    ADD CONSTRAINT `FK_u_log_u_trust_account` FOREIGN KEY (`trust_account_id`) REFERENCES `u_trust_account` (`trust_account_id`) ON DELETE CASCADE ON UPDATE CASCADE;

--
-- Constraints for table `u_notes`
--
ALTER TABLE `u_notes`
    ADD CONSTRAINT `FK_u_notes_company` FOREIGN KEY (`company_id`) REFERENCES `company` (`company_id`) ON DELETE CASCADE ON UPDATE CASCADE,
    ADD CONSTRAINT `FK_u_notes_members` FOREIGN KEY (`member_id`) REFERENCES `members` (`member_id`) ON DELETE CASCADE ON UPDATE CASCADE;

--
-- Constraints for table `u_payment`
--
ALTER TABLE `u_payment`
    ADD CONSTRAINT `FK_author_id_u_payment` FOREIGN KEY (`author_id`) REFERENCES `members` (`member_id`) ON DELETE SET NULL ON UPDATE SET NULL,
    ADD CONSTRAINT `FK_company_ta_id_2_u_payment` FOREIGN KEY (`company_ta_id`) REFERENCES `company_ta` (`company_ta_id`) ON DELETE CASCADE ON UPDATE CASCADE,
    ADD CONSTRAINT `FK_trust_account_id_2_u_payment` FOREIGN KEY (`trust_account_id`) REFERENCES `u_trust_account` (`trust_account_id`) ON DELETE CASCADE ON UPDATE CASCADE,
    ADD CONSTRAINT `FK_u_invoice_id` FOREIGN KEY (`invoice_id`) REFERENCES `u_invoice` (`invoice_id`) ON DELETE SET NULL ON UPDATE CASCADE,
    ADD CONSTRAINT `FK_u_payment_members` FOREIGN KEY (`member_id`) REFERENCES `members` (`member_id`) ON DELETE CASCADE ON UPDATE CASCADE,
    ADD CONSTRAINT `FK_u_payment_u_payment_schedule` FOREIGN KEY (`payment_schedule_id`) REFERENCES `u_payment_schedule` (`payment_schedule_id`) ON DELETE CASCADE ON UPDATE CASCADE;

--
-- Constraints for table `u_payment_invoices`
--
ALTER TABLE `u_payment_invoices`
    ADD CONSTRAINT `FK_u_payment_invoices_company_ta` FOREIGN KEY (`company_ta_id`) REFERENCES `company_ta` (`company_ta_id`) ON DELETE CASCADE ON UPDATE CASCADE,
    ADD CONSTRAINT `FK_u_payment_invoices_members` FOREIGN KEY (`member_id`) REFERENCES `members` (`member_id`) ON DELETE CASCADE ON UPDATE CASCADE;

--
-- Constraints for table `u_payment_schedule`
--
ALTER TABLE `u_payment_schedule`
    ADD CONSTRAINT `FK_u_payment_schedule_members` FOREIGN KEY (`member_id`) REFERENCES `members` (`member_id`) ON DELETE CASCADE ON UPDATE CASCADE,
    ADD CONSTRAINT `FK_u_template_id` FOREIGN KEY (`template_id`) REFERENCES `templates` (`template_id`) ON DELETE SET NULL ON UPDATE CASCADE;

--
-- Constraints for table `u_payment_templates`
--
ALTER TABLE `u_payment_templates`
    ADD CONSTRAINT `FK_u_payment_templates_company` FOREIGN KEY (`company_id`) REFERENCES `company` (`company_id`) ON DELETE CASCADE ON UPDATE CASCADE;

--
-- Constraints for table `u_tasks`
--
ALTER TABLE `u_tasks`
    ADD CONSTRAINT `FK_u_tasks_company` FOREIGN KEY (`company_id`) REFERENCES `company` (`company_id`) ON DELETE CASCADE ON UPDATE CASCADE,
    ADD CONSTRAINT `FK_u_tasks_members` FOREIGN KEY (`author_id`) REFERENCES `members` (`member_id`) ON DELETE SET NULL ON UPDATE CASCADE;

--
-- Constraints for table `u_tasks_assigned_to`
--
ALTER TABLE `u_tasks_assigned_to`
    ADD CONSTRAINT `FK_u_tasks_assigned_to_members` FOREIGN KEY (`member_id`) REFERENCES `members` (`member_id`) ON DELETE CASCADE ON UPDATE CASCADE,
    ADD CONSTRAINT `FK_u_tasks_assigned_to_u_tasks` FOREIGN KEY (`task_id`) REFERENCES `u_tasks` (`task_id`) ON DELETE CASCADE ON UPDATE CASCADE;

--
-- Constraints for table `u_tasks_messages`
--
ALTER TABLE `u_tasks_messages`
    ADD CONSTRAINT `FK_u_tasks_messages_members` FOREIGN KEY (`member_id`) REFERENCES `members` (`member_id`) ON DELETE CASCADE ON UPDATE CASCADE,
    ADD CONSTRAINT `FK_u_tasks_messages_u_tasks` FOREIGN KEY (`task_id`) REFERENCES `u_tasks` (`task_id`) ON DELETE CASCADE ON UPDATE CASCADE;

--
-- Constraints for table `u_tasks_priority`
--
ALTER TABLE `u_tasks_priority`
    ADD CONSTRAINT `FK_u_tasks_priority_members` FOREIGN KEY (`member_id`) REFERENCES `members` (`member_id`) ON DELETE CASCADE ON UPDATE CASCADE,
    ADD CONSTRAINT `FK_u_tasks_priority_u_tasks` FOREIGN KEY (`task_id`) REFERENCES `u_tasks` (`task_id`) ON DELETE CASCADE ON UPDATE CASCADE;

--
-- Constraints for table `u_tasks_read`
--
ALTER TABLE `u_tasks_read`
    ADD CONSTRAINT `FK__members` FOREIGN KEY (`member_id`) REFERENCES `members` (`member_id`) ON DELETE CASCADE ON UPDATE CASCADE,
    ADD CONSTRAINT `FK__u_tasks` FOREIGN KEY (`task_id`) REFERENCES `u_tasks` (`task_id`) ON DELETE CASCADE ON UPDATE CASCADE;

--
-- Constraints for table `u_trust_account`
--
ALTER TABLE `u_trust_account`
    ADD CONSTRAINT `FK_u_trust_account_company_ta` FOREIGN KEY (`company_ta_id`) REFERENCES `company_ta` (`company_ta_id`) ON DELETE CASCADE ON UPDATE CASCADE;

--
-- Constraints for table `u_withdrawal_types`
--
ALTER TABLE `u_withdrawal_types`
    ADD CONSTRAINT `FK_u_withdrawal_types_company` FOREIGN KEY (`company_id`) REFERENCES `company` (`company_id`) ON DELETE CASCADE ON UPDATE CASCADE,
    ADD CONSTRAINT `FK_u_withdrawal_types_members` FOREIGN KEY (`author_id`) REFERENCES `members` (`member_id`) ON DELETE SET NULL ON UPDATE CASCADE;
SET FOREIGN_KEY_CHECKS = 1;
